assignment_id,employee_id,client_id,assignment_start_date,assignment_end_date,assignment_status,position,commute_minutes,contract_type,renewal_flag,replacement_flag,assignment_reason
ASG000001,DUD100001,CLI0283,2023-10-26,NULL,Active,Trainer,85,Six-Month,0,0,Client Request
ASG000002,DUD100002,CLI0281,2023-08-08,NULL,Active,Experienced Teacher,61,Annual,0,0,Client Request
ASG000003,DUD100003,CLI0059,2021-01-16,2021-04-30,Ended,ALT / English Teacher,101,Three-Month,0,0,Replacement
ASG000004,DUD100003,CLI0230,2021-05-12,2022-09-16,Transferred,Experienced Teacher,18,Annual,0,0,Transfer
ASG000005,DUD100004,CLI0055,2021-05-05,2022-09-28,Completed,ALT / English Teacher,74,Monthly,0,0,Client Request
ASG000006,DUD100005,CLI0058,2023-01-28,2024-01-01,Transferred,Experienced Teacher,72,Annual,0,0,Client Request
ASG000007,DUD100006,CLI0277,2023-06-08,NULL,Active,ALT / English Teacher,80,Monthly,0,0,Replacement
ASG000008,DUD100007,CLI0236,2025-08-28,2027-01-29,Completed,ALT / English Teacher,82,Monthly,0,0,Staffing Demand
ASG000009,DUD100007,CLI0288,2027-02-12,2028-07-25,Ended,ALT / English Teacher,108,Annual,0,0,Transfer
ASG000010,DUD100007,CLI0277,2028-08-20,NULL,Active,ALT / English Teacher,100,Annual,0,0,Staffing Demand
ASG000011,DUD100008,CLI0151,2025-01-03,NULL,Active,ALT / English Teacher,96,Annual,0,0,Transfer
ASG000012,DUD100009,CLI0006,2023-08-09,2024-10-14,Renewed,Experienced Teacher,86,Six-Month,0,0,Staffing Demand
ASG000013,DUD100010,CLI0245,2023-07-04,NULL,Active,Experienced Teacher,50,Three-Month,0,0,Client Request
ASG000014,DUD100011,CLI0198,2025-10-22,NULL,Active,Experienced Teacher,98,Six-Month,0,0,Client Request
ASG000015,DUD100012,CLI0167,2024-04-27,NULL,Active,ALT / English Teacher,31,Annual,0,0,Transfer
ASG000016,DUD100013,CLI0028,2022-06-19,2023-04-05,Ended,Senior Teacher,82,Six-Month,0,0,Replacement
ASG000017,DUD100013,CLI0002,2023-04-30,2023-12-24,Completed,Experienced Teacher,108,Three-Month,0,0,Replacement
ASG000018,DUD100014,CLI0258,2026-03-14,2027-04-10,Completed,ALT / English Teacher,113,Annual,0,0,Initial Assignment
ASG000019,DUD100014,CLI0291,2027-05-09,2028-07-01,Completed,Experienced Teacher,93,Three-Month,0,0,Staffing Demand
ASG000020,DUD100015,CLI0268,2021-11-13,2022-11-13,Renewed,ALT / English Teacher,77,Monthly,0,0,Client Request
ASG000021,DUD100015,CLI0039,2022-11-26,2023-12-03,Completed,ALT / English Teacher,24,Three-Month,0,0,Initial Assignment
ASG000022,DUD100016,CLI0226,2022-02-14,2022-11-13,Transferred,Experienced Teacher,77,Three-Month,0,0,Initial Assignment
ASG000023,DUD100016,CLI0279,2022-11-29,NULL,Active,ALT / English Teacher,85,Three-Month,0,0,Staffing Demand
ASG000024,DUD100017,CLI0242,2023-08-24,NULL,Active,ALT / English Teacher,57,Six-Month,0,0,Transfer
ASG000025,DUD100018,CLI0156,2025-05-26,NULL,Active,ALT / English Teacher,75,Six-Month,0,0,Staffing Demand
ASG000026,DUD100019,CLI0017,2022-08-14,2023-10-02,Renewed,ALT / English Teacher,90,Monthly,0,0,Initial Assignment
ASG000027,DUD100019,CLI0156,2023-10-03,NULL,Active,Experienced Teacher,20,Annual,0,0,Transfer
ASG000028,DUD100020,CLI0247,2022-10-26,2024-02-14,Completed,Trainer,112,Annual,0,0,Replacement
ASG000029,DUD100020,CLI0027,2024-03-12,NULL,Active,ALT / English Teacher,96,Three-Month,0,0,Client Request
ASG000030,DUD100021,CLI0045,2025-03-22,2026-07-13,Renewed,ALT / English Teacher,93,Monthly,0,0,Client Request
ASG000031,DUD100021,CLI0158,2026-08-05,NULL,Active,ALT / English Teacher,54,Annual,0,0,Initial Assignment
ASG000032,DUD100022,CLI0218,2025-04-17,2025-10-08,Ended,Senior Teacher,109,Three-Month,0,0,Replacement
ASG000033,DUD100023,CLI0102,2025-07-20,NULL,Active,ALT / English Teacher,100,Six-Month,0,0,Replacement
ASG000034,DUD100024,CLI0027,2022-04-01,NULL,Active,ALT / English Teacher,28,Monthly,0,0,Replacement
ASG000035,DUD100025,CLI0075,2022-05-23,NULL,Active,ALT / English Teacher,50,Annual,0,0,Transfer
ASG000036,DUD100026,CLI0118,2022-10-29,2023-01-29,Renewed,Trainer,20,Monthly,0,0,Replacement
ASG000037,DUD100026,CLI0006,2023-02-08,2024-02-16,Transferred,ALT / English Teacher,47,Six-Month,0,0,Client Request
ASG000038,DUD100027,CLI0243,2024-02-08,2024-08-04,Renewed,ALT / English Teacher,62,Three-Month,0,0,Initial Assignment
ASG000039,DUD100028,CLI0288,2025-10-12,2026-03-16,Renewed,ALT / English Teacher,104,Annual,0,0,Initial Assignment
ASG000040,DUD100028,CLI0056,2026-04-13,2027-05-22,Renewed,Experienced Teacher,101,Six-Month,0,0,Client Request
ASG000041,DUD100028,CLI0141,2027-06-14,NULL,Active,Senior Teacher,119,Annual,0,0,Replacement
ASG000042,DUD100029,CLI0118,2024-12-31,NULL,Active,ALT / English Teacher,44,Three-Month,0,0,Initial Assignment
ASG000043,DUD100030,CLI0159,2022-11-02,2023-07-21,Renewed,Experienced Teacher,62,Three-Month,0,0,Staffing Demand
ASG000044,DUD100030,CLI0271,2023-08-02,2024-09-17,Completed,Experienced Teacher,116,Annual,0,0,Replacement
ASG000045,DUD100031,CLI0127,2023-04-03,NULL,Active,ALT / English Teacher,34,Annual,0,0,Staffing Demand
ASG000046,DUD100032,CLI0036,2024-12-11,NULL,Active,Experienced Teacher,44,Annual,0,0,Transfer
ASG000047,DUD100033,CLI0168,2026-02-15,2027-06-26,Completed,ALT / English Teacher,87,Six-Month,0,0,Client Request
ASG000048,DUD100033,CLI0098,2027-07-11,NULL,Active,ALT / English Teacher,92,Annual,0,0,Replacement
ASG000049,DUD100034,CLI0172,2021-01-27,2021-11-14,Ended,Senior Teacher,17,Three-Month,0,0,Client Request
ASG000050,DUD100034,CLI0029,2021-11-21,2022-12-21,Renewed,Experienced Teacher,44,Monthly,0,0,Replacement
ASG000051,DUD100034,CLI0130,2022-12-29,2023-04-10,Ended,ALT / English Teacher,73,Monthly,0,0,Staffing Demand
ASG000052,DUD100035,CLI0252,2024-03-16,NULL,Active,ALT / English Teacher,113,Monthly,0,0,Transfer
ASG000053,DUD100036,CLI0277,2023-01-20,NULL,Active,ALT / English Teacher,97,Six-Month,0,0,Initial Assignment
ASG000054,DUD100037,CLI0289,2022-08-21,2024-01-26,Completed,Experienced Teacher,16,Monthly,0,0,Client Request
ASG000055,DUD100037,CLI0139,2024-01-29,2024-05-06,Completed,Experienced Teacher,56,Monthly,0,0,Replacement
ASG000056,DUD100038,CLI0035,2023-11-28,NULL,Active,ALT / English Teacher,26,Six-Month,0,0,Replacement
ASG000057,DUD100039,CLI0297,2023-10-25,NULL,Active,ALT / English Teacher,41,Monthly,0,0,Client Request
ASG000058,DUD100040,CLI0174,2023-08-29,2024-05-09,Renewed,ALT / English Teacher,75,Three-Month,0,0,Replacement
ASG000059,DUD100041,CLI0214,2022-09-01,2024-02-07,Ended,ALT / English Teacher,63,Annual,0,0,Initial Assignment
ASG000060,DUD100041,CLI0205,2024-02-17,NULL,Active,ALT / English Teacher,29,Three-Month,0,0,Staffing Demand
ASG000061,DUD100042,CLI0099,2023-04-26,2023-12-19,Completed,Experienced Teacher,51,Annual,0,0,Staffing Demand
ASG000062,DUD100042,CLI0029,2023-12-25,NULL,Active,Trainer,62,Monthly,0,0,Client Request
ASG000063,DUD100043,CLI0117,2025-04-22,NULL,Active,ALT / English Teacher,79,Annual,0,0,Staffing Demand
ASG000064,DUD100044,CLI0008,2021-12-08,NULL,Active,Senior Teacher,105,Annual,0,0,Transfer
ASG000065,DUD100045,CLI0106,2025-09-13,2027-01-18,Ended,Senior Teacher,43,Monthly,0,0,Staffing Demand
ASG000066,DUD100045,CLI0280,2027-01-27,NULL,Active,ALT / English Teacher,52,Annual,0,0,Replacement
ASG000067,DUD100046,CLI0280,2026-01-03,2026-05-07,Renewed,ALT / English Teacher,91,Annual,0,0,Initial Assignment
ASG000068,DUD100047,CLI0254,2024-06-30,NULL,Active,ALT / English Teacher,89,Annual,0,0,Client Request
ASG000069,DUD100048,CLI0027,2022-05-23,NULL,Active,Senior Teacher,67,Monthly,0,0,Transfer
ASG000070,DUD100049,CLI0290,2024-02-23,NULL,Active,ALT / English Teacher,37,Three-Month,0,0,Staffing Demand
ASG000071,DUD100050,CLI0119,2021-12-11,NULL,Active,Experienced Teacher,106,Annual,0,0,Replacement
ASG000072,DUD100051,CLI0131,2021-06-03,2022-07-02,Ended,ALT / English Teacher,67,Annual,0,0,Replacement
ASG000073,DUD100052,CLI0007,2024-01-23,NULL,Active,Experienced Teacher,58,Six-Month,0,0,Client Request
ASG000074,DUD100053,CLI0142,2022-03-13,NULL,Active,Senior Teacher,93,Six-Month,0,0,Transfer
ASG000075,DUD100054,CLI0122,2024-01-12,NULL,Active,Senior Teacher,70,Annual,0,0,Staffing Demand
ASG000076,DUD100055,CLI0142,2022-05-03,2023-09-10,Completed,ALT / English Teacher,45,Three-Month,0,0,Client Request
ASG000077,DUD100055,CLI0095,2023-09-12,2024-09-21,Transferred,ALT / English Teacher,34,Six-Month,0,0,Client Request
ASG000078,DUD100055,CLI0172,2024-10-03,NULL,Active,Experienced Teacher,112,Monthly,0,0,Initial Assignment
ASG000079,DUD100056,CLI0228,2021-01-13,2021-07-20,Renewed,Trainer,104,Annual,0,0,Transfer
ASG000080,DUD100056,CLI0097,2021-07-22,2022-04-14,Ended,ALT / English Teacher,45,Monthly,0,0,Initial Assignment
ASG000081,DUD100057,CLI0165,2021-04-11,2021-08-10,Renewed,ALT / English Teacher,77,Six-Month,0,0,Client Request
ASG000082,DUD100058,CLI0075,2024-07-06,NULL,Active,ALT / English Teacher,115,Annual,0,0,Transfer
ASG000083,DUD100059,CLI0089,2024-09-18,2026-01-13,Ended,ALT / English Teacher,67,Three-Month,0,0,Client Request
ASG000084,DUD100060,CLI0221,2025-04-22,NULL,Active,Experienced Teacher,37,Six-Month,0,0,Replacement
ASG000085,DUD100061,CLI0119,2022-10-31,2023-08-15,Completed,Experienced Teacher,61,Annual,0,0,Initial Assignment
ASG000086,DUD100061,CLI0168,2023-08-31,NULL,Active,Experienced Teacher,41,Six-Month,0,0,Initial Assignment
ASG000087,DUD100062,CLI0232,2022-01-10,NULL,Active,ALT / English Teacher,34,Monthly,0,0,Transfer
ASG000088,DUD100063,CLI0286,2023-12-07,2025-04-10,Renewed,ALT / English Teacher,28,Annual,0,0,Client Request
ASG000089,DUD100064,CLI0033,2022-08-21,NULL,Active,ALT / English Teacher,20,Annual,0,0,Initial Assignment
ASG000090,DUD100065,CLI0055,2024-05-16,2024-12-31,Renewed,ALT / English Teacher,15,Six-Month,0,0,Transfer
ASG000091,DUD100066,CLI0272,2025-03-01,2026-01-09,Completed,Experienced Teacher,20,Annual,0,0,Staffing Demand
ASG000092,DUD100066,CLI0151,2026-02-06,2026-08-16,Transferred,ALT / English Teacher,31,Six-Month,0,0,Replacement
ASG000093,DUD100066,CLI0166,2026-09-07,NULL,Active,ALT / English Teacher,111,Annual,0,0,Replacement
ASG000094,DUD100067,CLI0282,2023-05-11,2024-09-27,Renewed,ALT / English Teacher,104,Annual,0,0,Initial Assignment
ASG000095,DUD100068,CLI0129,2021-10-29,2022-08-02,Transferred,ALT / English Teacher,62,Six-Month,0,0,Transfer
ASG000096,DUD100068,CLI0225,2022-08-16,NULL,Active,Senior Teacher,70,Monthly,0,0,Transfer
ASG000097,DUD100069,CLI0135,2023-11-07,2024-09-04,Ended,ALT / English Teacher,37,Monthly,0,0,Client Request
ASG000098,DUD100069,CLI0297,2024-09-17,NULL,Active,Senior Teacher,89,Monthly,0,0,Staffing Demand
ASG000099,DUD100070,CLI0210,2026-03-06,2026-08-08,Ended,Experienced Teacher,34,Six-Month,0,0,Initial Assignment
ASG000100,DUD100070,CLI0062,2026-09-02,2027-09-12,Renewed,Senior Teacher,54,Monthly,0,0,Transfer
ASG000101,DUD100071,CLI0091,2023-08-22,NULL,Active,Senior Teacher,92,Annual,0,0,Client Request
ASG000102,DUD100072,CLI0203,2021-08-23,2022-03-31,Ended,Experienced Teacher,18,Monthly,0,0,Transfer
ASG000103,DUD100072,CLI0260,2022-04-08,2022-10-12,Ended,ALT / English Teacher,80,Annual,0,0,Staffing Demand
ASG000104,DUD100073,CLI0270,2026-01-11,NULL,Active,ALT / English Teacher,36,Monthly,0,0,Client Request
ASG000105,DUD100074,CLI0034,2024-02-17,NULL,Active,Experienced Teacher,65,Six-Month,0,0,Client Request
ASG000106,DUD100075,CLI0238,2024-10-29,NULL,Active,ALT / English Teacher,28,Annual,0,0,Replacement
ASG000107,DUD100076,CLI0157,2023-11-03,2024-08-13,Ended,ALT / English Teacher,37,Six-Month,0,0,Replacement
ASG000108,DUD100077,CLI0104,2021-06-03,NULL,Active,ALT / English Teacher,46,Six-Month,0,0,Client Request
ASG000109,DUD100078,CLI0265,2022-01-12,2023-05-19,Renewed,ALT / English Teacher,94,Annual,0,0,Replacement
ASG000110,DUD100079,CLI0152,2025-05-27,2025-12-25,Completed,ALT / English Teacher,66,Three-Month,0,0,Transfer
ASG000111,DUD100080,CLI0022,2022-05-07,NULL,Active,ALT / English Teacher,109,Monthly,0,0,Staffing Demand
ASG000112,DUD100081,CLI0276,2023-04-07,2023-10-29,Ended,ALT / English Teacher,16,Six-Month,0,0,Staffing Demand
ASG000113,DUD100081,CLI0250,2023-11-14,NULL,Active,ALT / English Teacher,96,Six-Month,0,0,Client Request
ASG000114,DUD100082,CLI0151,2022-01-29,2022-12-05,Completed,ALT / English Teacher,103,Annual,0,0,Staffing Demand
ASG000115,DUD100082,CLI0265,2022-12-27,2023-12-05,Completed,ALT / English Teacher,107,Annual,0,0,Transfer
ASG000116,DUD100083,CLI0030,2021-10-12,NULL,Active,ALT / English Teacher,64,Six-Month,0,0,Transfer
ASG000117,DUD100084,CLI0152,2022-08-02,2023-04-30,Ended,ALT / English Teacher,68,Six-Month,0,0,Initial Assignment
ASG000118,DUD100084,CLI0037,2023-05-30,NULL,Active,Experienced Teacher,21,Three-Month,0,0,Transfer
ASG000119,DUD100085,CLI0268,2025-01-15,NULL,Active,ALT / English Teacher,96,Three-Month,0,0,Staffing Demand
ASG000120,DUD100086,CLI0008,2025-02-02,NULL,Active,ALT / English Teacher,98,Monthly,0,0,Transfer
ASG000121,DUD100087,CLI0165,2021-02-20,2021-10-26,Ended,Experienced Teacher,16,Monthly,0,0,Transfer
ASG000122,DUD100087,CLI0149,2021-10-28,2022-07-11,Transferred,ALT / English Teacher,80,Monthly,0,0,Staffing Demand
ASG000123,DUD100087,CLI0059,2022-07-29,NULL,Active,ALT / English Teacher,31,Three-Month,0,0,Replacement
ASG000124,DUD100088,CLI0161,2023-04-13,NULL,Active,ALT / English Teacher,117,Annual,0,0,Staffing Demand
ASG000125,DUD100089,CLI0276,2025-08-10,2026-01-12,Completed,Experienced Teacher,108,Three-Month,0,0,Transfer
ASG000126,DUD100089,CLI0286,2026-02-02,NULL,Active,ALT / English Teacher,46,Three-Month,0,0,Staffing Demand
ASG000127,DUD100090,CLI0087,2021-09-12,2022-05-01,Renewed,Experienced Teacher,59,Monthly,0,0,Staffing Demand
ASG000128,DUD100091,CLI0145,2024-03-14,2025-01-13,Renewed,Experienced Teacher,18,Annual,0,0,Transfer
ASG000129,DUD100092,CLI0195,2024-05-19,2025-07-06,Renewed,Senior Teacher,37,Six-Month,0,0,Client Request
ASG000130,DUD100093,CLI0153,2022-02-10,NULL,Active,Trainer,109,Monthly,0,0,Staffing Demand
ASG000131,DUD100094,CLI0110,2021-04-12,2021-08-05,Ended,ALT / English Teacher,100,Annual,0,0,Replacement
ASG000132,DUD100095,CLI0014,2025-08-23,2026-10-20,Completed,ALT / English Teacher,44,Six-Month,0,0,Client Request
ASG000133,DUD100095,CLI0081,2026-11-11,2027-10-08,Renewed,Experienced Teacher,61,Monthly,0,0,Replacement
ASG000134,DUD100096,CLI0134,2022-08-27,2023-07-10,Renewed,Experienced Teacher,107,Monthly,0,0,Initial Assignment
ASG000135,DUD100096,CLI0154,2023-07-29,2023-12-18,Renewed,ALT / English Teacher,89,Three-Month,0,0,Transfer
ASG000136,DUD100096,CLI0215,2024-01-12,NULL,Active,ALT / English Teacher,41,Three-Month,0,0,Staffing Demand
ASG000137,DUD100097,CLI0083,2022-10-19,2023-05-11,Ended,Experienced Teacher,37,Annual,0,0,Initial Assignment
ASG000138,DUD100097,CLI0079,2023-05-23,2024-10-26,Ended,ALT / English Teacher,92,Monthly,0,0,Staffing Demand
ASG000139,DUD100098,CLI0071,2025-12-06,2027-05-06,Ended,ALT / English Teacher,35,Three-Month,0,0,Initial Assignment
ASG000140,DUD100098,CLI0107,2027-05-14,NULL,Active,ALT / English Teacher,60,Annual,0,0,Transfer
ASG000141,DUD100099,CLI0155,2025-02-18,2026-06-19,Ended,ALT / English Teacher,58,Monthly,0,0,Staffing Demand
ASG000142,DUD100099,CLI0087,2026-06-24,2026-10-06,Transferred,ALT / English Teacher,51,Annual,0,0,Initial Assignment
ASG000143,DUD100100,CLI0148,2025-02-19,2025-06-24,Completed,Senior Teacher,62,Six-Month,0,0,Replacement
ASG000144,DUD100101,CLI0254,2025-09-29,NULL,Active,Senior Teacher,118,Annual,0,0,Staffing Demand
ASG000145,DUD100102,CLI0211,2025-08-06,NULL,Active,ALT / English Teacher,51,Monthly,0,0,Transfer
ASG000146,DUD100103,CLI0061,2022-12-30,2023-08-08,Completed,Senior Teacher,72,Six-Month,0,0,Replacement
ASG000147,DUD100103,CLI0011,2023-08-29,2023-12-05,Ended,ALT / English Teacher,45,Six-Month,0,0,Client Request
ASG000148,DUD100104,CLI0158,2024-05-04,2025-10-25,Completed,Experienced Teacher,66,Six-Month,0,0,Initial Assignment
ASG000149,DUD100104,CLI0046,2025-11-21,2027-05-05,Ended,Senior Teacher,116,Six-Month,0,0,Staffing Demand
ASG000150,DUD100104,CLI0007,2027-06-01,2028-03-14,Transferred,Senior Teacher,114,Monthly,0,0,Replacement
ASG000151,DUD100105,CLI0023,2022-03-02,NULL,Active,Experienced Teacher,120,Monthly,0,0,Replacement
ASG000152,DUD100106,CLI0080,2024-02-18,2024-06-27,Ended,ALT / English Teacher,37,Three-Month,0,0,Staffing Demand
ASG000153,DUD100106,CLI0185,2024-07-19,2025-09-16,Renewed,Experienced Teacher,60,Six-Month,0,0,Initial Assignment
ASG000154,DUD100106,CLI0211,2025-09-30,NULL,Active,ALT / English Teacher,33,Monthly,0,0,Staffing Demand
ASG000155,DUD100107,CLI0032,2022-08-08,2023-04-05,Ended,Trainer,113,Three-Month,0,0,Transfer
ASG000156,DUD100107,CLI0083,2023-04-26,NULL,Active,ALT / English Teacher,77,Six-Month,0,0,Client Request
ASG000157,DUD100108,CLI0107,2025-05-16,2025-08-26,Completed,Senior Teacher,51,Monthly,0,0,Replacement
ASG000158,DUD100108,CLI0011,2025-09-02,2025-12-19,Transferred,ALT / English Teacher,16,Three-Month,0,0,Transfer
ASG000159,DUD100109,CLI0273,2023-04-14,2023-08-19,Transferred,Experienced Teacher,52,Annual,0,0,Initial Assignment
ASG000160,DUD100109,CLI0144,2023-09-18,2024-03-15,Renewed,ALT / English Teacher,100,Three-Month,0,0,Staffing Demand
ASG000161,DUD100110,CLI0056,2023-06-09,2024-02-08,Completed,ALT / English Teacher,91,Three-Month,0,0,Staffing Demand
ASG000162,DUD100110,CLI0101,2024-02-09,NULL,Active,ALT / English Teacher,20,Monthly,0,0,Client Request
ASG000163,DUD100111,CLI0069,2021-01-23,2021-05-30,Ended,Senior Teacher,96,Monthly,0,0,Replacement
ASG000164,DUD100111,CLI0147,2021-06-22,NULL,Active,ALT / English Teacher,94,Three-Month,0,0,Client Request
ASG000165,DUD100112,CLI0158,2021-12-24,NULL,Active,ALT / English Teacher,35,Annual,0,0,Staffing Demand
ASG000166,DUD100113,CLI0200,2025-07-18,NULL,Active,Experienced Teacher,71,Annual,0,0,Initial Assignment
ASG000167,DUD100114,CLI0038,2021-12-14,2023-03-20,Ended,ALT / English Teacher,20,Six-Month,0,0,Client Request
ASG000168,DUD100115,CLI0121,2025-03-02,2025-07-12,Ended,ALT / English Teacher,99,Monthly,0,0,Replacement
ASG000169,DUD100115,CLI0046,2025-08-08,NULL,Active,Senior Teacher,98,Six-Month,0,0,Replacement
ASG000170,DUD100116,CLI0023,2022-11-13,2023-03-14,Ended,Experienced Teacher,24,Monthly,0,0,Replacement
ASG000171,DUD100116,CLI0246,2023-04-07,NULL,Active,Senior Teacher,97,Annual,0,0,Transfer
ASG000172,DUD100117,CLI0242,2021-01-10,2022-06-12,Completed,ALT / English Teacher,113,Annual,0,0,Transfer
ASG000173,DUD100118,CLI0115,2021-08-12,NULL,Active,ALT / English Teacher,39,Three-Month,0,0,Client Request
ASG000174,DUD100119,CLI0200,2021-05-28,2022-03-18,Ended,ALT / English Teacher,78,Three-Month,0,0,Client Request
ASG000175,DUD100119,CLI0020,2022-03-23,2023-01-07,Renewed,ALT / English Teacher,92,Three-Month,0,0,Initial Assignment
ASG000176,DUD100119,CLI0271,2023-02-04,NULL,Active,ALT / English Teacher,80,Annual,0,0,Staffing Demand
ASG000177,DUD100120,CLI0078,2025-05-21,2025-10-27,Completed,Experienced Teacher,75,Annual,0,0,Replacement
ASG000178,DUD100120,CLI0092,2025-11-16,2026-07-30,Transferred,Experienced Teacher,83,Annual,0,0,Staffing Demand
ASG000179,DUD100121,CLI0278,2025-01-14,NULL,Active,ALT / English Teacher,104,Six-Month,0,0,Client Request
ASG000180,DUD100122,CLI0150,2023-12-30,NULL,Active,ALT / English Teacher,106,Annual,0,0,Transfer
ASG000181,DUD100123,CLI0223,2021-05-25,2022-01-30,Completed,ALT / English Teacher,34,Three-Month,0,0,Initial Assignment
ASG000182,DUD100123,CLI0268,2022-02-28,NULL,Active,Experienced Teacher,99,Monthly,0,0,Replacement
ASG000183,DUD100124,CLI0125,2024-07-04,2025-03-15,Transferred,Experienced Teacher,33,Six-Month,0,0,Staffing Demand
ASG000184,DUD100125,CLI0246,2023-09-20,2024-03-28,Ended,ALT / English Teacher,58,Annual,0,0,Replacement
ASG000185,DUD100125,CLI0212,2024-04-24,NULL,Active,Experienced Teacher,27,Six-Month,0,0,Replacement
ASG000186,DUD100126,CLI0140,2025-02-27,2025-08-01,Ended,ALT / English Teacher,45,Six-Month,0,0,Transfer
ASG000187,DUD100127,CLI0171,2023-10-04,2024-03-10,Completed,ALT / English Teacher,29,Annual,0,0,Transfer
ASG000188,DUD100128,CLI0297,2024-01-31,NULL,Active,Experienced Teacher,63,Three-Month,0,0,Staffing Demand
ASG000189,DUD100129,CLI0297,2023-08-20,NULL,Active,Experienced Teacher,116,Six-Month,0,0,Client Request
ASG000190,DUD100130,CLI0021,2026-03-11,2027-05-26,Transferred,ALT / English Teacher,116,Three-Month,0,0,Transfer
ASG000191,DUD100131,CLI0061,2023-03-14,NULL,Active,Trainer,48,Annual,0,0,Transfer
ASG000192,DUD100132,CLI0128,2025-06-22,NULL,Active,Experienced Teacher,41,Six-Month,0,0,Replacement
ASG000193,DUD100133,CLI0066,2022-12-13,NULL,Active,ALT / English Teacher,116,Three-Month,0,0,Staffing Demand
ASG000194,DUD100134,CLI0149,2021-07-01,2022-02-12,Ended,Senior Teacher,42,Three-Month,0,0,Initial Assignment
ASG000195,DUD100134,CLI0163,2022-02-16,2023-03-28,Ended,ALT / English Teacher,111,Six-Month,0,0,Client Request
ASG000196,DUD100134,CLI0169,2023-04-25,NULL,Active,Senior Teacher,62,Monthly,0,0,Transfer
ASG000197,DUD100135,CLI0257,2021-10-28,2022-11-06,Transferred,Experienced Teacher,52,Annual,0,0,Replacement
ASG000198,DUD100135,CLI0016,2022-11-20,NULL,Active,ALT / English Teacher,46,Annual,0,0,Transfer
ASG000199,DUD100136,CLI0175,2025-11-13,2026-05-18,Ended,ALT / English Teacher,19,Annual,0,0,Staffing Demand
ASG000200,DUD100136,CLI0244,2026-05-23,2027-08-02,Transferred,ALT / English Teacher,117,Monthly,0,0,Initial Assignment
ASG000201,DUD100137,CLI0006,2025-01-01,2025-09-08,Completed,ALT / English Teacher,69,Monthly,0,0,Initial Assignment
ASG000202,DUD100138,CLI0187,2022-12-01,NULL,Active,Experienced Teacher,97,Monthly,0,0,Initial Assignment
ASG000203,DUD100139,CLI0246,2023-06-05,2024-08-06,Completed,ALT / English Teacher,108,Three-Month,0,0,Staffing Demand
ASG000204,DUD100140,CLI0216,2021-07-09,2022-01-23,Ended,Experienced Teacher,63,Three-Month,0,0,Replacement
ASG000205,DUD100140,CLI0079,2022-01-27,2023-04-04,Transferred,Experienced Teacher,30,Annual,0,0,Replacement
ASG000206,DUD100141,CLI0157,2022-11-23,NULL,Active,Experienced Teacher,31,Six-Month,0,0,Transfer
ASG000207,DUD100142,CLI0171,2025-10-12,NULL,Active,Senior Teacher,109,Three-Month,0,0,Transfer
ASG000208,DUD100143,CLI0039,2021-04-13,NULL,Active,ALT / English Teacher,50,Three-Month,0,0,Transfer
ASG000209,DUD100144,CLI0025,2024-02-19,2025-01-19,Transferred,Experienced Teacher,109,Monthly,0,0,Client Request
ASG000210,DUD100144,CLI0011,2025-01-21,2025-10-04,Renewed,ALT / English Teacher,64,Monthly,0,0,Staffing Demand
ASG000211,DUD100144,CLI0077,2025-10-29,NULL,Active,ALT / English Teacher,88,Annual,0,0,Client Request
ASG000212,DUD100145,CLI0144,2022-08-29,2023-03-20,Renewed,Experienced Teacher,38,Annual,0,0,Client Request
ASG000213,DUD100145,CLI0033,2023-03-31,NULL,Active,ALT / English Teacher,90,Monthly,0,0,Client Request
ASG000214,DUD100146,CLI0257,2021-04-03,NULL,Active,Experienced Teacher,98,Six-Month,0,0,Client Request
ASG000215,DUD100147,CLI0001,2024-08-05,2025-01-26,Renewed,Experienced Teacher,20,Monthly,0,0,Transfer
ASG000216,DUD100148,CLI0268,2021-11-15,2023-03-16,Ended,ALT / English Teacher,66,Annual,0,0,Client Request
ASG000217,DUD100148,CLI0023,2023-03-22,2024-07-31,Completed,Experienced Teacher,63,Six-Month,0,0,Staffing Demand
ASG000218,DUD100149,CLI0174,2021-03-12,2022-09-01,Completed,Senior Teacher,101,Monthly,0,0,Transfer
ASG000219,DUD100149,CLI0097,2022-09-29,2023-05-19,Transferred,ALT / English Teacher,82,Three-Month,0,0,Staffing Demand
ASG000220,DUD100150,CLI0208,2023-06-28,2024-10-26,Ended,Experienced Teacher,116,Six-Month,0,0,Staffing Demand
ASG000221,DUD100150,CLI0015,2024-10-30,2026-02-22,Ended,Experienced Teacher,38,Three-Month,0,0,Initial Assignment
ASG000222,DUD100150,CLI0075,2026-02-28,NULL,Active,ALT / English Teacher,113,Three-Month,0,0,Client Request
ASG000223,DUD100151,CLI0152,2023-05-12,2023-09-26,Ended,ALT / English Teacher,66,Annual,0,0,Initial Assignment
ASG000224,DUD100152,CLI0231,2022-11-25,NULL,Active,Senior Teacher,117,Six-Month,0,0,Replacement
ASG000225,DUD100153,CLI0201,2024-04-02,2025-06-16,Ended,ALT / English Teacher,80,Three-Month,0,0,Client Request
ASG000226,DUD100153,CLI0297,2025-07-16,2026-07-16,Transferred,ALT / English Teacher,41,Annual,0,0,Staffing Demand
ASG000227,DUD100153,CLI0124,2026-08-06,NULL,Active,ALT / English Teacher,108,Monthly,0,0,Staffing Demand
ASG000228,DUD100154,CLI0092,2021-01-23,2022-05-10,Transferred,Senior Teacher,95,Three-Month,0,0,Transfer
ASG000229,DUD100154,CLI0191,2022-05-17,NULL,Active,ALT / English Teacher,47,Three-Month,0,0,Replacement
ASG000230,DUD100155,CLI0157,2024-07-12,2025-07-15,Ended,Experienced Teacher,98,Annual,0,0,Transfer
ASG000231,DUD100156,CLI0057,2022-10-18,2023-01-21,Renewed,ALT / English Teacher,37,Six-Month,0,0,Replacement
ASG000232,DUD100156,CLI0153,2023-02-01,2023-07-31,Renewed,Senior Teacher,119,Six-Month,0,0,Staffing Demand
ASG000233,DUD100156,CLI0214,2023-08-05,NULL,Active,Senior Teacher,66,Annual,0,0,Replacement
ASG000234,DUD100157,CLI0075,2021-10-06,2022-06-11,Ended,Senior Teacher,81,Annual,0,0,Replacement
ASG000235,DUD100158,CLI0253,2023-03-25,2024-08-24,Transferred,Experienced Teacher,32,Monthly,0,0,Replacement
ASG000236,DUD100158,CLI0110,2024-09-05,2025-05-01,Renewed,Experienced Teacher,95,Six-Month,0,0,Initial Assignment
ASG000237,DUD100158,CLI0004,2025-05-22,NULL,Active,ALT / English Teacher,72,Six-Month,0,0,Replacement
ASG000238,DUD100159,CLI0033,2021-04-05,2021-11-25,Completed,ALT / English Teacher,33,Six-Month,0,0,Client Request
ASG000239,DUD100159,CLI0047,2021-12-13,NULL,Active,ALT / English Teacher,37,Monthly,0,0,Replacement
ASG000240,DUD100160,CLI0048,2021-10-22,2022-03-13,Ended,ALT / English Teacher,98,Six-Month,0,0,Replacement
ASG000241,DUD100160,CLI0261,2022-04-03,NULL,Active,ALT / English Teacher,55,Three-Month,0,0,Replacement
ASG000242,DUD100161,CLI0112,2021-05-06,2021-12-07,Completed,Experienced Teacher,51,Three-Month,0,0,Staffing Demand
ASG000243,DUD100161,CLI0135,2021-12-26,2022-11-15,Renewed,Senior Teacher,43,Monthly,0,0,Transfer
ASG000244,DUD100162,CLI0126,2023-11-15,2024-02-19,Completed,ALT / English Teacher,109,Six-Month,0,0,Transfer
ASG000245,DUD100163,CLI0199,2021-08-04,NULL,Active,ALT / English Teacher,59,Monthly,0,0,Replacement
ASG000246,DUD100164,CLI0069,2024-12-30,2025-08-31,Transferred,ALT / English Teacher,105,Annual,0,0,Client Request
ASG000247,DUD100164,CLI0023,2025-09-07,2026-10-28,Transferred,Senior Teacher,81,Six-Month,0,0,Staffing Demand
ASG000248,DUD100164,CLI0043,2026-11-18,NULL,Active,Trainer,82,Three-Month,0,0,Transfer
ASG000249,DUD100165,CLI0014,2023-01-15,2023-10-03,Renewed,ALT / English Teacher,102,Six-Month,0,0,Initial Assignment
ASG000250,DUD100166,CLI0286,2025-07-19,2026-05-27,Renewed,ALT / English Teacher,80,Three-Month,0,0,Initial Assignment
ASG000251,DUD100166,CLI0267,2026-06-26,NULL,Active,ALT / English Teacher,23,Three-Month,0,0,Initial Assignment
ASG000252,DUD100167,CLI0054,2022-12-26,NULL,Active,Trainer,101,Three-Month,0,0,Transfer
ASG000253,DUD100168,CLI0185,2021-09-04,2023-02-13,Ended,ALT / English Teacher,23,Three-Month,0,0,Client Request
ASG000254,DUD100168,CLI0044,2023-02-19,NULL,Active,Experienced Teacher,55,Three-Month,0,0,Transfer
ASG000255,DUD100169,CLI0271,2024-12-16,2026-05-14,Ended,ALT / English Teacher,79,Three-Month,0,0,Transfer
ASG000256,DUD100170,CLI0061,2024-03-15,2025-08-31,Completed,Experienced Teacher,22,Monthly,0,0,Staffing Demand
ASG000257,DUD100171,CLI0031,2021-04-04,NULL,Active,ALT / English Teacher,113,Annual,0,0,Staffing Demand
ASG000258,DUD100172,CLI0072,2025-07-27,NULL,Active,Senior Teacher,29,Monthly,0,0,Initial Assignment
ASG000259,DUD100173,CLI0013,2024-06-25,NULL,Active,ALT / English Teacher,20,Annual,0,0,Transfer
ASG000260,DUD100174,CLI0241,2021-11-12,NULL,Active,ALT / English Teacher,30,Three-Month,0,0,Initial Assignment
ASG000261,DUD100175,CLI0065,2025-05-15,NULL,Active,Experienced Teacher,44,Annual,0,0,Replacement
ASG000262,DUD100176,CLI0148,2023-08-07,2024-05-26,Transferred,Senior Teacher,72,Monthly,0,0,Transfer
ASG000263,DUD100176,CLI0110,2024-05-31,2025-11-07,Ended,Experienced Teacher,63,Six-Month,0,0,Staffing Demand
ASG000264,DUD100176,CLI0056,2025-11-30,NULL,Active,ALT / English Teacher,39,Monthly,0,0,Replacement
ASG000265,DUD100177,CLI0111,2022-04-25,2023-05-20,Ended,Experienced Teacher,78,Monthly,0,0,Initial Assignment
ASG000266,DUD100177,CLI0151,2023-06-09,NULL,Active,ALT / English Teacher,84,Monthly,0,0,Client Request
ASG000267,DUD100178,CLI0270,2024-05-01,2024-09-03,Renewed,Trainer,100,Monthly,0,0,Replacement
ASG000268,DUD100179,CLI0160,2025-03-07,2025-11-13,Renewed,Experienced Teacher,104,Six-Month,0,0,Initial Assignment
ASG000269,DUD100179,CLI0124,2025-12-05,2027-05-15,Ended,Experienced Teacher,104,Three-Month,0,0,Transfer
ASG000270,DUD100180,CLI0168,2022-01-15,NULL,Active,Experienced Teacher,74,Monthly,0,0,Replacement
ASG000271,DUD100181,CLI0261,2025-11-25,2027-05-11,Transferred,ALT / English Teacher,67,Three-Month,0,0,Staffing Demand
ASG000272,DUD100181,CLI0287,2027-05-19,NULL,Active,ALT / English Teacher,119,Six-Month,0,0,Staffing Demand
ASG000273,DUD100182,CLI0193,2023-06-28,NULL,Active,ALT / English Teacher,74,Annual,0,0,Replacement
ASG000274,DUD100183,CLI0192,2025-06-20,NULL,Active,ALT / English Teacher,30,Three-Month,0,0,Client Request
ASG000275,DUD100184,CLI0003,2025-10-14,2027-02-17,Ended,Senior Teacher,120,Three-Month,0,0,Staffing Demand
ASG000276,DUD100184,CLI0250,2027-03-04,NULL,Active,Senior Teacher,89,Annual,0,0,Transfer
ASG000277,DUD100185,CLI0064,2022-07-05,NULL,Active,Senior Teacher,35,Annual,0,0,Transfer
ASG000278,DUD100186,CLI0045,2024-08-17,2025-09-02,Ended,Senior Teacher,113,Three-Month,0,0,Client Request
ASG000279,DUD100186,CLI0262,2025-09-04,2026-02-07,Renewed,ALT / English Teacher,83,Six-Month,0,0,Initial Assignment
ASG000280,DUD100186,CLI0088,2026-02-23,NULL,Active,Trainer,60,Six-Month,0,0,Client Request
ASG000281,DUD100187,CLI0082,2024-07-07,2025-03-31,Renewed,ALT / English Teacher,18,Three-Month,0,0,Transfer
ASG000282,DUD100187,CLI0278,2025-04-09,NULL,Active,Experienced Teacher,51,Annual,0,0,Initial Assignment
ASG000283,DUD100188,CLI0028,2022-05-09,2023-06-16,Completed,Experienced Teacher,95,Annual,0,0,Initial Assignment
ASG000284,DUD100188,CLI0154,2023-07-10,NULL,Active,Experienced Teacher,49,Three-Month,0,0,Staffing Demand
ASG000285,DUD100189,CLI0291,2025-01-06,2026-03-11,Ended,Senior Teacher,110,Three-Month,0,0,Replacement
ASG000286,DUD100189,CLI0124,2026-03-22,2027-08-15,Renewed,Senior Teacher,67,Annual,0,0,Replacement
ASG000287,DUD100190,CLI0290,2024-09-21,NULL,Active,ALT / English Teacher,97,Six-Month,0,0,Initial Assignment
ASG000288,DUD100191,CLI0197,2025-03-23,NULL,Active,ALT / English Teacher,41,Three-Month,0,0,Client Request
ASG000289,DUD100192,CLI0126,2025-10-04,NULL,Active,Senior Teacher,47,Monthly,0,0,Staffing Demand
ASG000290,DUD100193,CLI0192,2025-04-17,2025-09-18,Ended,ALT / English Teacher,104,Annual,0,0,Staffing Demand
ASG000291,DUD100194,CLI0077,2025-01-06,NULL,Active,ALT / English Teacher,52,Six-Month,0,0,Staffing Demand
ASG000292,DUD100195,CLI0147,2025-03-22,2025-07-24,Renewed,Senior Teacher,118,Annual,0,0,Client Request
ASG000293,DUD100196,CLI0104,2021-12-14,2022-11-19,Ended,Senior Teacher,116,Annual,0,0,Initial Assignment
ASG000294,DUD100196,CLI0014,2022-12-09,2024-02-19,Completed,Experienced Teacher,41,Monthly,0,0,Staffing Demand
ASG000295,DUD100196,CLI0186,2024-03-04,NULL,Active,Senior Teacher,106,Three-Month,0,0,Staffing Demand
ASG000296,DUD100197,CLI0241,2023-10-07,2024-01-14,Renewed,ALT / English Teacher,84,Six-Month,0,0,Staffing Demand
ASG000297,DUD100197,CLI0050,2024-02-04,2024-09-08,Transferred,Senior Teacher,98,Monthly,0,0,Initial Assignment
ASG000298,DUD100198,CLI0244,2023-06-30,2024-08-09,Completed,ALT / English Teacher,109,Annual,0,0,Client Request
ASG000299,DUD100198,CLI0056,2024-08-22,2024-12-31,Renewed,Experienced Teacher,76,Monthly,0,0,Replacement
ASG000300,DUD100198,CLI0104,2025-01-05,2026-06-24,Transferred,ALT / English Teacher,46,Monthly,0,0,Initial Assignment
ASG000301,DUD100199,CLI0080,2024-09-14,NULL,Active,Senior Teacher,105,Three-Month,0,0,Staffing Demand
ASG000302,DUD100200,CLI0261,2023-06-11,NULL,Active,ALT / English Teacher,101,Three-Month,0,0,Replacement
ASG000303,DUD100201,CLI0169,2023-08-16,2024-09-25,Renewed,Experienced Teacher,102,Three-Month,0,0,Initial Assignment
ASG000304,DUD100202,CLI0114,2023-11-22,NULL,Active,ALT / English Teacher,108,Annual,0,0,Replacement
ASG000305,DUD100203,CLI0015,2022-10-04,NULL,Active,ALT / English Teacher,45,Three-Month,0,0,Client Request
ASG000306,DUD100204,CLI0104,2024-12-08,NULL,Active,ALT / English Teacher,24,Three-Month,0,0,Transfer
ASG000307,DUD100205,CLI0028,2021-09-11,NULL,Active,ALT / English Teacher,63,Six-Month,0,0,Client Request
ASG000308,DUD100206,CLI0298,2022-11-11,2023-05-28,Renewed,ALT / English Teacher,44,Annual,0,0,Initial Assignment
ASG000309,DUD100206,CLI0209,2023-05-30,NULL,Active,Senior Teacher,99,Monthly,0,0,Replacement
ASG000310,DUD100207,CLI0033,2022-05-06,2023-02-13,Completed,Experienced Teacher,87,Monthly,0,0,Client Request
ASG000311,DUD100207,CLI0203,2023-02-27,NULL,Active,ALT / English Teacher,115,Monthly,0,0,Initial Assignment
ASG000312,DUD100208,CLI0140,2022-11-21,2023-09-14,Ended,Experienced Teacher,120,Six-Month,0,0,Client Request
ASG000313,DUD100208,CLI0061,2023-10-03,2024-07-04,Renewed,ALT / English Teacher,63,Three-Month,0,0,Replacement
ASG000314,DUD100209,CLI0030,2024-07-10,NULL,Active,Experienced Teacher,40,Three-Month,0,0,Replacement
ASG000315,DUD100210,CLI0066,2022-12-10,2023-11-08,Ended,Experienced Teacher,85,Three-Month,0,0,Transfer
ASG000316,DUD100211,CLI0276,2021-02-16,NULL,Active,ALT / English Teacher,19,Six-Month,0,0,Replacement
ASG000317,DUD100212,CLI0232,2025-07-29,2026-01-06,Renewed,ALT / English Teacher,110,Six-Month,0,0,Staffing Demand
ASG000318,DUD100212,CLI0236,2026-01-28,2026-06-10,Transferred,Experienced Teacher,33,Monthly,0,0,Client Request
ASG000319,DUD100212,CLI0162,2026-07-04,NULL,Active,Experienced Teacher,48,Monthly,0,0,Initial Assignment
ASG000320,DUD100213,CLI0022,2023-07-18,NULL,Active,Senior Teacher,83,Monthly,0,0,Staffing Demand
ASG000321,DUD100214,CLI0033,2023-11-05,NULL,Active,ALT / English Teacher,27,Three-Month,0,0,Replacement
ASG000322,DUD100215,CLI0083,2021-07-19,NULL,Active,Senior Teacher,59,Annual,0,0,Transfer
ASG000323,DUD100216,CLI0154,2025-02-16,NULL,Active,Experienced Teacher,107,Annual,0,0,Transfer
ASG000324,DUD100217,CLI0265,2023-08-22,NULL,Active,ALT / English Teacher,60,Three-Month,0,0,Replacement
ASG000325,DUD100218,CLI0198,2025-03-24,2026-04-15,Completed,Experienced Teacher,79,Monthly,0,0,Transfer
ASG000326,DUD100218,CLI0275,2026-05-03,2026-09-17,Ended,ALT / English Teacher,63,Six-Month,0,0,Client Request
ASG000327,DUD100218,CLI0099,2026-09-21,NULL,Active,ALT / English Teacher,15,Monthly,0,0,Transfer
ASG000328,DUD100219,CLI0051,2022-04-27,2023-01-16,Ended,Trainer,46,Three-Month,0,0,Transfer
ASG000329,DUD100219,CLI0014,2023-02-07,NULL,Active,Experienced Teacher,75,Six-Month,0,0,Staffing Demand
ASG000330,DUD100220,CLI0278,2023-09-24,2025-01-07,Renewed,ALT / English Teacher,78,Annual,0,0,Transfer
ASG000331,DUD100221,CLI0130,2025-01-24,2025-11-14,Renewed,Senior Teacher,104,Three-Month,0,0,Transfer
ASG000332,DUD100221,CLI0151,2025-12-05,2026-08-19,Transferred,Experienced Teacher,62,Three-Month,0,0,Replacement
ASG000333,DUD100222,CLI0183,2023-02-01,NULL,Active,Experienced Teacher,50,Three-Month,0,0,Initial Assignment
ASG000334,DUD100223,CLI0209,2021-12-18,2022-09-11,Ended,Senior Teacher,57,Six-Month,0,0,Transfer
ASG000335,DUD100223,CLI0093,2022-09-30,2024-01-03,Transferred,Experienced Teacher,82,Six-Month,0,0,Transfer
ASG000336,DUD100224,CLI0029,2024-04-18,NULL,Active,Senior Teacher,110,Annual,0,0,Transfer
ASG000337,DUD100225,CLI0126,2024-09-02,2025-03-09,Ended,Experienced Teacher,105,Monthly,0,0,Replacement
ASG000338,DUD100225,CLI0196,2025-04-07,NULL,Active,ALT / English Teacher,83,Six-Month,0,0,Transfer
ASG000339,DUD100226,CLI0276,2025-08-11,2026-07-13,Transferred,Experienced Teacher,63,Annual,0,0,Client Request
ASG000340,DUD100226,CLI0243,2026-08-06,2026-12-04,Completed,Senior Teacher,31,Monthly,0,0,Replacement
ASG000341,DUD100226,CLI0097,2027-01-02,2027-12-14,Renewed,ALT / English Teacher,28,Three-Month,0,0,Transfer
ASG000342,DUD100227,CLI0154,2023-05-13,2024-04-16,Completed,ALT / English Teacher,48,Monthly,0,0,Staffing Demand
ASG000343,DUD100227,CLI0221,2024-04-20,2025-06-08,Transferred,ALT / English Teacher,88,Monthly,0,0,Initial Assignment
ASG000344,DUD100228,CLI0178,2022-01-17,NULL,Active,ALT / English Teacher,104,Six-Month,0,0,Replacement
ASG000345,DUD100229,CLI0158,2024-08-29,NULL,Active,ALT / English Teacher,79,Three-Month,0,0,Initial Assignment
ASG000346,DUD100230,CLI0066,2025-01-13,2025-06-03,Ended,ALT / English Teacher,44,Six-Month,0,0,Initial Assignment
ASG000347,DUD100230,CLI0151,2025-06-08,2026-10-24,Transferred,Experienced Teacher,36,Annual,0,0,Transfer
ASG000348,DUD100230,CLI0235,2026-11-14,NULL,Active,ALT / English Teacher,54,Six-Month,0,0,Replacement
ASG000349,DUD100231,CLI0158,2022-04-20,2022-09-19,Ended,Senior Teacher,36,Six-Month,0,0,Staffing Demand
ASG000350,DUD100231,CLI0051,2022-10-16,NULL,Active,ALT / English Teacher,85,Annual,0,0,Transfer
ASG000351,DUD100232,CLI0056,2025-05-26,NULL,Active,ALT / English Teacher,30,Monthly,0,0,Initial Assignment
ASG000352,DUD100233,CLI0140,2022-04-06,NULL,Active,Experienced Teacher,112,Annual,0,0,Client Request
ASG000353,DUD100234,CLI0203,2022-06-06,NULL,Active,ALT / English Teacher,56,Annual,0,0,Staffing Demand
ASG000354,DUD100235,CLI0140,2024-09-17,NULL,Active,Experienced Teacher,47,Monthly,0,0,Staffing Demand
ASG000355,DUD100236,CLI0113,2022-07-17,2023-05-31,Transferred,ALT / English Teacher,37,Annual,0,0,Transfer
ASG000356,DUD100236,CLI0132,2023-06-16,2024-03-13,Transferred,ALT / English Teacher,54,Monthly,0,0,Client Request
ASG000357,DUD100237,CLI0006,2025-04-30,2025-10-01,Transferred,Experienced Teacher,48,Six-Month,0,0,Transfer
ASG000358,DUD100237,CLI0257,2025-10-02,2026-08-21,Renewed,Experienced Teacher,37,Annual,0,0,Initial Assignment
ASG000359,DUD100237,CLI0134,2026-09-03,2027-09-28,Transferred,ALT / English Teacher,119,Monthly,0,0,Replacement
ASG000360,DUD100238,CLI0034,2022-03-16,2023-07-27,Ended,ALT / English Teacher,98,Three-Month,0,0,Client Request
ASG000361,DUD100238,CLI0154,2023-07-28,NULL,Active,ALT / English Teacher,108,Three-Month,0,0,Transfer
ASG000362,DUD100239,CLI0137,2022-12-07,2023-10-26,Renewed,ALT / English Teacher,58,Monthly,0,0,Staffing Demand
ASG000363,DUD100239,CLI0108,2023-11-04,2024-11-06,Renewed,ALT / English Teacher,83,Annual,0,0,Staffing Demand
ASG000364,DUD100239,CLI0174,2024-12-01,NULL,Active,ALT / English Teacher,29,Six-Month,0,0,Initial Assignment
ASG000365,DUD100240,CLI0139,2021-09-09,2022-03-11,Transferred,ALT / English Teacher,105,Annual,0,0,Client Request
ASG000366,DUD100240,CLI0020,2022-03-24,NULL,Active,Experienced Teacher,34,Three-Month,0,0,Transfer
ASG000367,DUD100241,CLI0113,2022-08-09,NULL,Active,Trainer,91,Three-Month,0,0,Client Request
ASG000368,DUD100242,CLI0113,2025-12-21,NULL,Active,ALT / English Teacher,47,Monthly,0,0,Staffing Demand
ASG000369,DUD100243,CLI0107,2022-05-19,NULL,Active,ALT / English Teacher,62,Annual,0,0,Client Request
ASG000370,DUD100244,CLI0074,2024-02-14,NULL,Active,Senior Teacher,106,Six-Month,0,0,Staffing Demand
ASG000371,DUD100245,CLI0082,2023-04-08,2024-03-13,Transferred,Experienced Teacher,109,Monthly,0,0,Client Request
ASG000372,DUD100245,CLI0268,2024-03-14,2024-11-08,Renewed,ALT / English Teacher,30,Six-Month,0,0,Replacement
ASG000373,DUD100245,CLI0256,2024-11-09,NULL,Active,ALT / English Teacher,101,Annual,0,0,Replacement
ASG000374,DUD100246,CLI0261,2025-06-03,NULL,Active,Senior Teacher,49,Three-Month,0,0,Transfer
ASG000375,DUD100247,CLI0160,2023-04-28,NULL,Active,Trainer,40,Six-Month,0,0,Transfer
ASG000376,DUD100248,CLI0212,2025-09-07,2026-05-09,Ended,ALT / English Teacher,61,Monthly,0,0,Initial Assignment
ASG000377,DUD100248,CLI0230,2026-05-30,2026-09-05,Renewed,ALT / English Teacher,89,Six-Month,0,0,Staffing Demand
ASG000378,DUD100248,CLI0107,2026-10-03,2027-04-20,Transferred,Experienced Teacher,59,Monthly,0,0,Transfer
ASG000379,DUD100249,CLI0089,2025-05-28,2026-09-26,Completed,ALT / English Teacher,40,Monthly,0,0,Transfer
ASG000380,DUD100249,CLI0200,2026-10-23,2028-01-04,Transferred,ALT / English Teacher,81,Six-Month,0,0,Transfer
ASG000381,DUD100250,CLI0051,2021-03-26,2021-08-12,Ended,ALT / English Teacher,41,Three-Month,0,0,Replacement
ASG000382,DUD100250,CLI0058,2021-09-04,NULL,Active,ALT / English Teacher,101,Monthly,0,0,Staffing Demand
ASG000383,DUD100251,CLI0293,2021-10-07,2022-04-03,Ended,ALT / English Teacher,40,Monthly,0,0,Staffing Demand
ASG000384,DUD100251,CLI0138,2022-04-18,2022-12-24,Transferred,ALT / English Teacher,83,Monthly,0,0,Replacement
ASG000385,DUD100251,CLI0116,2022-12-25,2023-04-08,Completed,Senior Teacher,45,Three-Month,0,0,Staffing Demand
ASG000386,DUD100252,CLI0001,2023-12-02,NULL,Active,Senior Teacher,76,Monthly,0,0,Client Request
ASG000387,DUD100253,CLI0285,2022-11-25,2023-08-07,Transferred,ALT / English Teacher,120,Annual,0,0,Replacement
ASG000388,DUD100254,CLI0152,2023-04-28,2024-07-14,Renewed,ALT / English Teacher,96,Monthly,0,0,Initial Assignment
ASG000389,DUD100254,CLI0017,2024-08-07,NULL,Active,Senior Teacher,55,Three-Month,0,0,Staffing Demand
ASG000390,DUD100255,CLI0001,2021-02-16,2022-05-12,Ended,ALT / English Teacher,38,Three-Month,0,0,Staffing Demand
ASG000391,DUD100255,CLI0134,2022-05-21,NULL,Active,Experienced Teacher,53,Three-Month,0,0,Initial Assignment
ASG000392,DUD100256,CLI0294,2025-06-17,2026-01-19,Transferred,ALT / English Teacher,108,Six-Month,0,0,Staffing Demand
ASG000393,DUD100256,CLI0274,2026-02-07,2026-08-28,Ended,Senior Teacher,52,Three-Month,0,0,Replacement
ASG000394,DUD100256,CLI0163,2026-09-22,2027-01-03,Renewed,Experienced Teacher,106,Annual,0,0,Staffing Demand
ASG000395,DUD100257,CLI0291,2021-08-31,NULL,Active,ALT / English Teacher,70,Six-Month,0,0,Staffing Demand
ASG000396,DUD100258,CLI0052,2022-11-10,NULL,Active,ALT / English Teacher,76,Six-Month,0,0,Client Request
ASG000397,DUD100259,CLI0240,2021-07-29,2022-07-14,Renewed,ALT / English Teacher,87,Monthly,0,0,Staffing Demand
ASG000398,DUD100259,CLI0156,2022-07-29,2023-03-22,Transferred,Experienced Teacher,36,Monthly,0,0,Replacement
ASG000399,DUD100259,CLI0271,2023-04-09,2024-08-19,Completed,ALT / English Teacher,110,Monthly,0,0,Staffing Demand
ASG000400,DUD100260,CLI0155,2021-08-07,2022-02-01,Completed,ALT / English Teacher,16,Monthly,0,0,Initial Assignment
ASG000401,DUD100260,CLI0113,2022-02-20,NULL,Active,ALT / English Teacher,58,Monthly,0,0,Staffing Demand
ASG000402,DUD100261,CLI0047,2023-12-09,2024-11-15,Transferred,Senior Teacher,97,Monthly,0,0,Transfer
ASG000403,DUD100261,CLI0267,2024-12-14,2025-06-23,Renewed,ALT / English Teacher,95,Six-Month,0,0,Transfer
ASG000404,DUD100262,CLI0004,2025-12-15,2026-10-05,Ended,ALT / English Teacher,97,Annual,0,0,Client Request
ASG000405,DUD100262,CLI0082,2026-10-07,NULL,Active,ALT / English Teacher,70,Six-Month,0,0,Staffing Demand
ASG000406,DUD100263,CLI0138,2026-03-16,2027-06-10,Ended,ALT / English Teacher,93,Monthly,0,0,Replacement
ASG000407,DUD100263,CLI0264,2027-06-29,2028-09-08,Completed,ALT / English Teacher,60,Annual,0,0,Replacement
ASG000408,DUD100263,CLI0220,2028-09-10,2029-07-31,Ended,Experienced Teacher,109,Monthly,0,0,Staffing Demand
ASG000409,DUD100264,CLI0118,2021-07-10,2022-02-24,Completed,Experienced Teacher,76,Monthly,0,0,Replacement
ASG000410,DUD100264,CLI0161,2022-03-23,2022-12-17,Transferred,ALT / English Teacher,110,Monthly,0,0,Replacement
ASG000411,DUD100265,CLI0297,2023-06-29,2023-10-04,Transferred,ALT / English Teacher,109,Six-Month,0,0,Initial Assignment
ASG000412,DUD100265,CLI0134,2023-11-02,NULL,Active,ALT / English Teacher,23,Three-Month,0,0,Initial Assignment
ASG000413,DUD100266,CLI0284,2023-08-30,2024-04-18,Renewed,Experienced Teacher,55,Three-Month,0,0,Transfer
ASG000414,DUD100266,CLI0197,2024-04-30,2025-04-19,Ended,ALT / English Teacher,114,Monthly,0,0,Initial Assignment
ASG000415,DUD100267,CLI0005,2022-03-15,NULL,Active,ALT / English Teacher,67,Annual,0,0,Replacement
ASG000416,DUD100268,CLI0144,2024-06-29,2025-06-02,Ended,ALT / English Teacher,20,Six-Month,0,0,Transfer
ASG000417,DUD100268,CLI0159,2025-06-23,2026-03-28,Transferred,ALT / English Teacher,120,Monthly,0,0,Initial Assignment
ASG000418,DUD100268,CLI0192,2026-04-26,NULL,Active,Senior Teacher,72,Six-Month,0,0,Client Request
ASG000419,DUD100269,CLI0008,2023-11-07,2024-03-24,Transferred,ALT / English Teacher,24,Monthly,0,0,Client Request
ASG000420,DUD100269,CLI0285,2024-04-05,NULL,Active,Senior Teacher,62,Three-Month,0,0,Initial Assignment
ASG000421,DUD100270,CLI0058,2021-08-15,2022-11-14,Completed,ALT / English Teacher,90,Three-Month,0,0,Client Request
ASG000422,DUD100271,CLI0264,2022-02-19,NULL,Active,Experienced Teacher,77,Three-Month,0,0,Staffing Demand
ASG000423,DUD100272,CLI0299,2023-01-25,2023-12-13,Transferred,ALT / English Teacher,103,Monthly,0,0,Replacement
ASG000424,DUD100273,CLI0260,2025-07-17,2026-03-27,Completed,Experienced Teacher,56,Annual,0,0,Staffing Demand
ASG000425,DUD100273,CLI0123,2026-04-23,NULL,Active,ALT / English Teacher,94,Monthly,0,0,Transfer
ASG000426,DUD100274,CLI0010,2024-10-13,2025-05-09,Transferred,ALT / English Teacher,59,Six-Month,0,0,Transfer
ASG000427,DUD100274,CLI0028,2025-06-08,NULL,Active,Experienced Teacher,90,Annual,0,0,Replacement
ASG000428,DUD100275,CLI0036,2024-09-10,2025-12-13,Completed,Senior Teacher,94,Three-Month,0,0,Replacement
ASG000429,DUD100275,CLI0005,2026-01-04,2027-02-18,Renewed,Experienced Teacher,83,Annual,0,0,Client Request
ASG000430,DUD100275,CLI0106,2027-03-02,NULL,Active,ALT / English Teacher,95,Three-Month,0,0,Client Request
ASG000431,DUD100276,CLI0246,2025-12-01,2027-03-05,Transferred,ALT / English Teacher,47,Three-Month,0,0,Transfer
ASG000432,DUD100276,CLI0114,2027-03-14,NULL,Active,Experienced Teacher,71,Six-Month,0,0,Staffing Demand
ASG000433,DUD100277,CLI0280,2025-01-27,2026-03-26,Completed,ALT / English Teacher,82,Annual,0,0,Client Request
ASG000434,DUD100278,CLI0153,2023-12-10,2025-05-09,Ended,ALT / English Teacher,65,Annual,0,0,Transfer
ASG000435,DUD100279,CLI0229,2025-07-27,2025-12-16,Renewed,ALT / English Teacher,74,Six-Month,0,0,Client Request
ASG000436,DUD100279,CLI0102,2025-12-25,NULL,Active,ALT / English Teacher,57,Annual,0,0,Staffing Demand
ASG000437,DUD100280,CLI0090,2022-04-08,2022-08-21,Ended,Experienced Teacher,25,Monthly,0,0,Staffing Demand
ASG000438,DUD100280,CLI0129,2022-09-14,2023-08-18,Transferred,Experienced Teacher,54,Annual,0,0,Initial Assignment
ASG000439,DUD100281,CLI0045,2023-05-24,NULL,Active,Experienced Teacher,35,Monthly,0,0,Transfer
ASG000440,DUD100282,CLI0028,2023-01-17,NULL,Active,ALT / English Teacher,119,Six-Month,0,0,Replacement
ASG000441,DUD100283,CLI0215,2024-03-16,2024-10-10,Completed,Experienced Teacher,30,Six-Month,0,0,Transfer
ASG000442,DUD100283,CLI0073,2024-10-13,NULL,Active,Senior Teacher,73,Monthly,0,0,Initial Assignment
ASG000443,DUD100284,CLI0186,2023-11-09,NULL,Active,Experienced Teacher,92,Monthly,0,0,Transfer
ASG000444,DUD100285,CLI0023,2023-04-20,NULL,Active,ALT / English Teacher,30,Annual,0,0,Client Request
ASG000445,DUD100286,CLI0012,2021-07-05,2022-11-28,Renewed,ALT / English Teacher,57,Six-Month,0,0,Initial Assignment
ASG000446,DUD100286,CLI0228,2022-12-20,NULL,Active,ALT / English Teacher,21,Annual,0,0,Initial Assignment
ASG000447,DUD100287,CLI0004,2025-10-26,2026-08-14,Ended,ALT / English Teacher,116,Three-Month,0,0,Staffing Demand
ASG000448,DUD100287,CLI0029,2026-08-21,NULL,Active,ALT / English Teacher,96,Annual,0,0,Transfer
ASG000449,DUD100288,CLI0150,2023-03-16,2024-07-22,Renewed,ALT / English Teacher,15,Six-Month,0,0,Replacement
ASG000450,DUD100288,CLI0221,2024-08-17,2025-01-12,Renewed,ALT / English Teacher,106,Three-Month,0,0,Staffing Demand
ASG000451,DUD100288,CLI0253,2025-01-13,NULL,Active,Experienced Teacher,89,Monthly,0,0,Staffing Demand
ASG000452,DUD100289,CLI0004,2025-07-01,2025-10-13,Completed,ALT / English Teacher,81,Monthly,0,0,Staffing Demand
ASG000453,DUD100289,CLI0185,2025-11-04,NULL,Active,Experienced Teacher,47,Annual,0,0,Client Request
ASG000454,DUD100290,CLI0139,2025-01-12,2026-04-16,Transferred,Senior Teacher,18,Monthly,0,0,Transfer
ASG000455,DUD100290,CLI0268,2026-05-09,NULL,Active,ALT / English Teacher,77,Annual,0,0,Replacement
ASG000456,DUD100291,CLI0153,2023-04-26,2024-04-25,Ended,ALT / English Teacher,28,Three-Month,0,0,Client Request
ASG000457,DUD100292,CLI0165,2023-01-28,NULL,Active,Senior Teacher,70,Annual,0,0,Replacement
ASG000458,DUD100293,CLI0164,2024-05-31,2024-11-04,Completed,Experienced Teacher,15,Three-Month,0,0,Staffing Demand
ASG000459,DUD100293,CLI0058,2024-11-09,NULL,Active,ALT / English Teacher,108,Three-Month,0,0,Client Request
ASG000460,DUD100294,CLI0287,2022-07-15,2023-03-18,Transferred,ALT / English Teacher,112,Three-Month,0,0,Staffing Demand
ASG000461,DUD100294,CLI0150,2023-04-02,2023-10-16,Ended,Senior Teacher,95,Six-Month,0,0,Initial Assignment
ASG000462,DUD100295,CLI0254,2023-03-24,NULL,Active,Experienced Teacher,98,Monthly,0,0,Staffing Demand
ASG000463,DUD100296,CLI0124,2023-04-15,NULL,Active,ALT / English Teacher,86,Six-Month,0,0,Initial Assignment
ASG000464,DUD100297,CLI0133,2024-02-16,2024-06-04,Renewed,Experienced Teacher,73,Annual,0,0,Client Request
ASG000465,DUD100297,CLI0173,2024-06-23,2024-11-28,Ended,Senior Teacher,83,Annual,0,0,Initial Assignment
ASG000466,DUD100298,CLI0001,2021-01-27,2021-09-04,Ended,Trainer,64,Annual,0,0,Replacement
ASG000467,DUD100298,CLI0176,2021-09-29,NULL,Active,ALT / English Teacher,90,Monthly,0,0,Transfer
ASG000468,DUD100299,CLI0033,2023-04-10,NULL,Active,ALT / English Teacher,54,Six-Month,0,0,Staffing Demand
ASG000469,DUD100300,CLI0110,2025-11-05,2026-05-24,Renewed,ALT / English Teacher,19,Six-Month,0,0,Replacement
ASG000470,DUD100301,CLI0034,2023-01-28,2023-09-30,Renewed,ALT / English Teacher,80,Six-Month,0,0,Initial Assignment
ASG000471,DUD100301,CLI0283,2023-10-23,NULL,Active,ALT / English Teacher,39,Monthly,0,0,Transfer
ASG000472,DUD100302,CLI0295,2021-08-02,2022-05-20,Completed,Experienced Teacher,28,Three-Month,0,0,Replacement
ASG000473,DUD100303,CLI0165,2021-12-26,2023-02-08,Transferred,ALT / English Teacher,36,Monthly,0,0,Client Request
ASG000474,DUD100303,CLI0116,2023-02-09,2024-04-25,Ended,ALT / English Teacher,72,Monthly,0,0,Staffing Demand
ASG000475,DUD100304,CLI0057,2024-05-23,NULL,Active,ALT / English Teacher,67,Monthly,0,0,Staffing Demand
ASG000476,DUD100305,CLI0014,2022-04-22,NULL,Active,Senior Teacher,115,Six-Month,0,0,Transfer
ASG000477,DUD100306,CLI0298,2022-11-08,2023-04-07,Ended,ALT / English Teacher,32,Annual,0,0,Staffing Demand
ASG000478,DUD100306,CLI0075,2023-04-09,NULL,Active,ALT / English Teacher,105,Monthly,0,0,Client Request
ASG000479,DUD100307,CLI0185,2023-08-30,2024-08-13,Transferred,Senior Teacher,97,Annual,0,0,Transfer
ASG000480,DUD100307,CLI0004,2024-09-07,2025-03-30,Completed,Senior Teacher,58,Annual,0,0,Client Request
ASG000481,DUD100308,CLI0256,2021-07-21,2021-12-12,Transferred,Experienced Teacher,97,Annual,0,0,Initial Assignment
ASG000482,DUD100308,CLI0238,2021-12-30,NULL,Active,Senior Teacher,86,Three-Month,0,0,Replacement
ASG000483,DUD100309,CLI0029,2022-06-21,2023-02-27,Transferred,ALT / English Teacher,55,Three-Month,0,0,Replacement
ASG000484,DUD100309,CLI0009,2023-03-06,NULL,Active,Experienced Teacher,59,Monthly,0,0,Transfer
ASG000485,DUD100310,CLI0211,2024-07-28,2025-12-02,Ended,ALT / English Teacher,77,Monthly,0,0,Staffing Demand
ASG000486,DUD100310,CLI0291,2025-12-25,NULL,Active,ALT / English Teacher,43,Annual,0,0,Replacement
ASG000487,DUD100311,CLI0190,2021-06-15,2022-08-24,Transferred,ALT / English Teacher,27,Three-Month,0,0,Transfer
ASG000488,DUD100312,CLI0256,2022-12-02,NULL,Active,ALT / English Teacher,57,Three-Month,0,0,Replacement
ASG000489,DUD100313,CLI0092,2022-12-28,NULL,Active,ALT / English Teacher,51,Annual,0,0,Initial Assignment
ASG000490,DUD100314,CLI0189,2024-02-26,NULL,Active,ALT / English Teacher,41,Six-Month,0,0,Staffing Demand
ASG000491,DUD100315,CLI0185,2025-08-04,2025-11-27,Completed,Experienced Teacher,67,Monthly,0,0,Initial Assignment
ASG000492,DUD100315,CLI0280,2025-12-21,2027-01-25,Ended,Experienced Teacher,95,Annual,0,0,Transfer
ASG000493,DUD100315,CLI0267,2027-01-28,NULL,Active,ALT / English Teacher,57,Monthly,0,0,Staffing Demand
ASG000494,DUD100316,CLI0092,2025-12-30,2026-11-22,Completed,ALT / English Teacher,55,Six-Month,0,0,Staffing Demand
ASG000495,DUD100316,CLI0131,2026-12-05,NULL,Active,ALT / English Teacher,72,Annual,0,0,Transfer
ASG000496,DUD100317,CLI0135,2026-02-06,2027-06-05,Ended,Trainer,102,Six-Month,0,0,Transfer
ASG000497,DUD100317,CLI0250,2027-07-04,2028-04-28,Completed,ALT / English Teacher,117,Monthly,0,0,Staffing Demand
ASG000498,DUD100317,CLI0120,2028-05-05,NULL,Active,Experienced Teacher,35,Three-Month,0,0,Transfer
ASG000499,DUD100318,CLI0142,2022-03-26,2022-08-22,Transferred,Experienced Teacher,76,Three-Month,0,0,Client Request
ASG000500,DUD100318,CLI0088,2022-09-04,NULL,Active,ALT / English Teacher,40,Annual,0,0,Client Request
ASG000501,DUD100319,CLI0219,2021-12-29,2023-05-26,Renewed,ALT / English Teacher,45,Monthly,0,0,Replacement
ASG000502,DUD100319,CLI0029,2023-05-30,NULL,Active,ALT / English Teacher,36,Annual,0,0,Client Request
ASG000503,DUD100320,CLI0083,2025-07-21,2025-11-10,Transferred,Experienced Teacher,61,Six-Month,0,0,Replacement
ASG000504,DUD100320,CLI0020,2025-11-12,2027-03-14,Renewed,ALT / English Teacher,108,Monthly,0,0,Staffing Demand
ASG000505,DUD100321,CLI0180,2025-08-18,NULL,Active,ALT / English Teacher,115,Six-Month,0,0,Initial Assignment
ASG000506,DUD100322,CLI0273,2021-05-14,2021-09-11,Renewed,ALT / English Teacher,67,Three-Month,0,0,Transfer
ASG000507,DUD100322,CLI0081,2021-10-10,NULL,Active,Senior Teacher,87,Monthly,0,0,Initial Assignment
ASG000508,DUD100323,CLI0107,2024-11-12,2026-03-19,Renewed,Senior Teacher,64,Three-Month,0,0,Staffing Demand
ASG000509,DUD100323,CLI0296,2026-04-02,2026-08-27,Completed,ALT / English Teacher,100,Monthly,0,0,Staffing Demand
ASG000510,DUD100324,CLI0202,2025-05-03,2026-03-18,Renewed,ALT / English Teacher,118,Three-Month,0,0,Staffing Demand
ASG000511,DUD100325,CLI0278,2022-10-06,2024-02-29,Completed,Experienced Teacher,97,Monthly,0,0,Client Request
ASG000512,DUD100325,CLI0094,2024-03-28,2025-01-08,Completed,Experienced Teacher,119,Three-Month,0,0,Initial Assignment
ASG000513,DUD100325,CLI0100,2025-02-01,2026-07-23,Completed,ALT / English Teacher,50,Annual,0,0,Transfer
ASG000514,DUD100326,CLI0031,2022-01-05,2023-01-30,Transferred,ALT / English Teacher,101,Six-Month,0,0,Replacement
ASG000515,DUD100327,CLI0199,2023-03-03,NULL,Active,Senior Teacher,41,Six-Month,0,0,Initial Assignment
ASG000516,DUD100328,CLI0204,2022-11-21,2023-09-28,Transferred,ALT / English Teacher,88,Six-Month,0,0,Transfer
ASG000517,DUD100328,CLI0255,2023-10-21,NULL,Active,ALT / English Teacher,76,Monthly,0,0,Staffing Demand
ASG000518,DUD100329,CLI0289,2022-08-11,2023-12-29,Completed,Experienced Teacher,71,Three-Month,0,0,Initial Assignment
ASG000519,DUD100329,CLI0195,2024-01-16,NULL,Active,Senior Teacher,69,Six-Month,0,0,Staffing Demand
ASG000520,DUD100330,CLI0017,2022-11-20,2024-02-10,Renewed,Experienced Teacher,15,Six-Month,0,0,Transfer
ASG000521,DUD100331,CLI0202,2022-03-27,2023-02-13,Renewed,Senior Teacher,80,Three-Month,0,0,Client Request
ASG000522,DUD100331,CLI0280,2023-03-05,2024-02-06,Ended,ALT / English Teacher,112,Annual,0,0,Replacement
ASG000523,DUD100332,CLI0127,2024-06-30,NULL,Active,Experienced Teacher,43,Three-Month,0,0,Initial Assignment
ASG000524,DUD100333,CLI0196,2023-11-12,2024-06-03,Completed,ALT / English Teacher,101,Monthly,0,0,Client Request
ASG000525,DUD100333,CLI0040,2024-06-11,NULL,Active,ALT / English Teacher,107,Monthly,0,0,Initial Assignment
ASG000526,DUD100334,CLI0018,2025-06-13,2025-11-25,Transferred,ALT / English Teacher,65,Six-Month,0,0,Initial Assignment
ASG000527,DUD100334,CLI0158,2025-12-04,2027-01-12,Transferred,ALT / English Teacher,37,Six-Month,0,0,Initial Assignment
ASG000528,DUD100335,CLI0067,2025-02-05,2026-07-14,Ended,Senior Teacher,39,Six-Month,0,0,Client Request
ASG000529,DUD100335,CLI0290,2026-08-05,NULL,Active,ALT / English Teacher,103,Three-Month,0,0,Replacement
ASG000530,DUD100336,CLI0266,2024-01-03,NULL,Active,Experienced Teacher,57,Monthly,0,0,Initial Assignment
ASG000531,DUD100337,CLI0088,2025-07-29,NULL,Active,Experienced Teacher,20,Annual,0,0,Replacement
ASG000532,DUD100338,CLI0128,2023-10-28,2024-09-18,Ended,Experienced Teacher,40,Annual,0,0,Initial Assignment
ASG000533,DUD100339,CLI0181,2024-11-20,NULL,Active,Senior Teacher,59,Annual,0,0,Initial Assignment
ASG000534,DUD100340,CLI0019,2023-07-27,NULL,Active,ALT / English Teacher,39,Three-Month,0,0,Client Request
ASG000535,DUD100341,CLI0161,2025-07-13,2026-05-19,Completed,ALT / English Teacher,76,Monthly,0,0,Client Request
ASG000536,DUD100341,CLI0078,2026-06-10,2027-08-29,Renewed,Senior Teacher,18,Six-Month,0,0,Replacement
ASG000537,DUD100341,CLI0110,2027-09-01,2028-04-16,Ended,Experienced Teacher,49,Six-Month,0,0,Replacement
ASG000538,DUD100342,CLI0141,2024-08-28,2025-05-11,Ended,Senior Teacher,107,Six-Month,0,0,Client Request
ASG000539,DUD100342,CLI0217,2025-06-03,2025-09-21,Completed,ALT / English Teacher,76,Monthly,0,0,Transfer
ASG000540,DUD100343,CLI0135,2024-01-11,2024-08-16,Ended,ALT / English Teacher,21,Three-Month,0,0,Replacement
ASG000541,DUD100343,CLI0243,2024-09-02,2025-01-25,Ended,Experienced Teacher,80,Six-Month,0,0,Transfer
ASG000542,DUD100343,CLI0067,2025-02-24,NULL,Active,ALT / English Teacher,19,Annual,0,0,Client Request
ASG000543,DUD100344,CLI0038,2026-01-02,2027-06-24,Transferred,ALT / English Teacher,77,Three-Month,0,0,Staffing Demand
ASG000544,DUD100344,CLI0260,2027-07-18,NULL,Active,Experienced Teacher,79,Annual,0,0,Staffing Demand
ASG000545,DUD100345,CLI0266,2024-09-17,2025-07-14,Ended,ALT / English Teacher,30,Monthly,0,0,Transfer
ASG000546,DUD100345,CLI0299,2025-07-19,NULL,Active,ALT / English Teacher,85,Monthly,0,0,Replacement
ASG000547,DUD100346,CLI0182,2021-09-26,NULL,Active,ALT / English Teacher,64,Three-Month,0,0,Replacement
ASG000548,DUD100347,CLI0249,2022-03-06,2022-10-14,Renewed,ALT / English Teacher,54,Annual,0,0,Staffing Demand
ASG000549,DUD100347,CLI0227,2022-11-07,2023-09-02,Completed,ALT / English Teacher,118,Annual,0,0,Replacement
ASG000550,DUD100348,CLI0023,2022-09-18,2024-01-21,Ended,Trainer,93,Six-Month,0,0,Staffing Demand
ASG000551,DUD100348,CLI0188,2024-01-22,NULL,Active,ALT / English Teacher,30,Monthly,0,0,Replacement
ASG000552,DUD100349,CLI0141,2022-04-05,2022-08-03,Transferred,ALT / English Teacher,102,Six-Month,0,0,Initial Assignment
ASG000553,DUD100349,CLI0103,2022-08-21,2024-01-22,Renewed,Senior Teacher,84,Three-Month,0,0,Client Request
ASG000554,DUD100349,CLI0272,2024-02-21,NULL,Active,ALT / English Teacher,109,Monthly,0,0,Client Request
ASG000555,DUD100350,CLI0074,2022-06-04,NULL,Active,ALT / English Teacher,27,Six-Month,0,0,Client Request
ASG000556,DUD100351,CLI0257,2021-04-06,NULL,Active,Experienced Teacher,43,Three-Month,0,0,Transfer
ASG000557,DUD100352,CLI0266,2023-01-19,2024-05-28,Renewed,Senior Teacher,27,Three-Month,0,0,Replacement
ASG000558,DUD100352,CLI0022,2024-06-03,NULL,Active,ALT / English Teacher,100,Three-Month,0,0,Staffing Demand
ASG000559,DUD100353,CLI0238,2024-08-04,2025-06-13,Ended,Experienced Teacher,60,Annual,0,0,Initial Assignment
ASG000560,DUD100354,CLI0292,2023-11-23,NULL,Active,ALT / English Teacher,110,Six-Month,0,0,Client Request
ASG000561,DUD100355,CLI0011,2021-06-26,2022-06-26,Ended,ALT / English Teacher,119,Three-Month,0,0,Replacement
ASG000562,DUD100355,CLI0066,2022-07-10,2022-12-28,Transferred,ALT / English Teacher,80,Six-Month,0,0,Staffing Demand
ASG000563,DUD100355,CLI0076,2023-01-01,2023-05-07,Ended,Senior Teacher,74,Monthly,0,0,Staffing Demand
ASG000564,DUD100356,CLI0292,2022-09-17,2024-01-20,Transferred,ALT / English Teacher,92,Six-Month,0,0,Replacement
ASG000565,DUD100356,CLI0246,2024-02-03,2024-05-07,Transferred,ALT / English Teacher,22,Three-Month,0,0,Staffing Demand
ASG000566,DUD100356,CLI0253,2024-05-16,NULL,Active,Experienced Teacher,88,Three-Month,0,0,Staffing Demand
ASG000567,DUD100357,CLI0255,2023-11-06,NULL,Active,ALT / English Teacher,51,Six-Month,0,0,Replacement
ASG000568,DUD100358,CLI0010,2025-12-14,NULL,Active,ALT / English Teacher,17,Six-Month,0,0,Staffing Demand
ASG000569,DUD100359,CLI0152,2022-02-22,2023-03-28,Completed,Experienced Teacher,66,Six-Month,0,0,Staffing Demand
ASG000570,DUD100360,CLI0098,2022-05-08,2022-12-06,Transferred,ALT / English Teacher,117,Monthly,0,0,Transfer
ASG000571,DUD100360,CLI0038,2022-12-20,NULL,Active,ALT / English Teacher,97,Monthly,0,0,Staffing Demand
ASG000572,DUD100361,CLI0179,2026-01-01,2026-09-01,Renewed,ALT / English Teacher,50,Three-Month,0,0,Initial Assignment
ASG000573,DUD100362,CLI0230,2021-07-26,2022-11-18,Completed,ALT / English Teacher,31,Monthly,0,0,Staffing Demand
ASG000574,DUD100362,CLI0049,2022-12-14,2023-06-02,Renewed,Experienced Teacher,94,Three-Month,0,0,Replacement
ASG000575,DUD100362,CLI0004,2023-06-15,NULL,Active,ALT / English Teacher,25,Annual,0,0,Staffing Demand
ASG000576,DUD100363,CLI0245,2023-01-13,2024-03-08,Renewed,Senior Teacher,72,Six-Month,0,0,Staffing Demand
ASG000577,DUD100364,CLI0017,2021-05-07,NULL,Active,ALT / English Teacher,83,Annual,0,0,Replacement
ASG000578,DUD100365,CLI0041,2023-01-27,2024-07-08,Renewed,Senior Teacher,62,Three-Month,0,0,Initial Assignment
ASG000579,DUD100365,CLI0197,2024-07-29,2024-11-29,Transferred,ALT / English Teacher,26,Six-Month,0,0,Initial Assignment
ASG000580,DUD100365,CLI0239,2024-12-28,2025-07-23,Renewed,Senior Teacher,45,Three-Month,0,0,Transfer
ASG000581,DUD100366,CLI0145,2021-03-12,2021-07-09,Completed,Experienced Teacher,94,Six-Month,0,0,Replacement
ASG000582,DUD100366,CLI0135,2021-07-19,NULL,Active,ALT / English Teacher,97,Monthly,0,0,Staffing Demand
ASG000583,DUD100367,CLI0290,2021-09-11,2022-07-29,Completed,Senior Teacher,111,Three-Month,0,0,Client Request
ASG000584,DUD100367,CLI0180,2022-07-30,2023-11-26,Ended,ALT / English Teacher,59,Monthly,0,0,Client Request
ASG000585,DUD100367,CLI0158,2023-11-30,NULL,Active,ALT / English Teacher,94,Annual,0,0,Initial Assignment
ASG000586,DUD100368,CLI0184,2025-10-19,2026-08-20,Ended,ALT / English Teacher,57,Annual,0,0,Staffing Demand
ASG000587,DUD100369,CLI0148,2023-11-07,NULL,Active,Experienced Teacher,106,Six-Month,0,0,Client Request
ASG000588,DUD100370,CLI0181,2024-08-12,NULL,Active,ALT / English Teacher,23,Six-Month,0,0,Client Request
ASG000589,DUD100371,CLI0174,2021-04-28,2021-10-13,Renewed,ALT / English Teacher,52,Monthly,0,0,Initial Assignment
ASG000590,DUD100371,CLI0088,2021-10-15,NULL,Active,ALT / English Teacher,80,Annual,0,0,Transfer
ASG000591,DUD100372,CLI0125,2022-04-09,2023-03-23,Transferred,ALT / English Teacher,44,Monthly,0,0,Staffing Demand
ASG000592,DUD100373,CLI0277,2024-10-17,NULL,Active,ALT / English Teacher,102,Annual,0,0,Client Request
ASG000593,DUD100374,CLI0251,2022-10-06,NULL,Active,ALT / English Teacher,54,Annual,0,0,Client Request
ASG000594,DUD100375,CLI0018,2026-02-04,2026-07-28,Renewed,ALT / English Teacher,33,Annual,0,0,Client Request
ASG000595,DUD100375,CLI0080,2026-08-24,2027-04-16,Renewed,Senior Teacher,75,Three-Month,0,0,Client Request
ASG000596,DUD100375,CLI0123,2027-05-14,NULL,Active,Experienced Teacher,19,Three-Month,0,0,Replacement
ASG000597,DUD100376,CLI0273,2022-04-23,NULL,Active,ALT / English Teacher,119,Monthly,0,0,Client Request
ASG000598,DUD100377,CLI0052,2021-08-01,NULL,Active,ALT / English Teacher,50,Three-Month,0,0,Client Request
ASG000599,DUD100378,CLI0212,2021-01-31,2021-12-05,Completed,ALT / English Teacher,67,Annual,0,0,Transfer
ASG000600,DUD100378,CLI0173,2021-12-26,2022-04-09,Completed,ALT / English Teacher,73,Three-Month,0,0,Replacement
ASG000601,DUD100378,CLI0132,2022-04-17,NULL,Active,Experienced Teacher,63,Annual,0,0,Client Request
ASG000602,DUD100379,CLI0151,2023-11-21,2024-04-10,Completed,ALT / English Teacher,79,Three-Month,0,0,Transfer
ASG000603,DUD100379,CLI0075,2024-04-16,2024-10-07,Renewed,ALT / English Teacher,15,Three-Month,0,0,Replacement
ASG000604,DUD100380,CLI0183,2024-10-30,NULL,Active,Senior Teacher,58,Annual,0,0,Replacement
ASG000605,DUD100381,CLI0114,2025-01-23,NULL,Active,ALT / English Teacher,35,Monthly,0,0,Staffing Demand
ASG000606,DUD100382,CLI0256,2022-11-10,2023-12-06,Completed,Experienced Teacher,52,Annual,0,0,Transfer
ASG000607,DUD100382,CLI0172,2024-01-01,2024-07-19,Renewed,Experienced Teacher,101,Annual,0,0,Transfer
ASG000608,DUD100382,CLI0108,2024-08-04,NULL,Active,Experienced Teacher,95,Three-Month,0,0,Staffing Demand
ASG000609,DUD100383,CLI0200,2025-04-28,2025-12-31,Completed,ALT / English Teacher,18,Monthly,0,0,Staffing Demand
ASG000610,DUD100384,CLI0225,2022-01-20,NULL,Active,ALT / English Teacher,38,Annual,0,0,Client Request
ASG000611,DUD100385,CLI0102,2023-08-21,NULL,Active,ALT / English Teacher,97,Six-Month,0,0,Initial Assignment
ASG000612,DUD100386,CLI0201,2023-05-02,2024-06-14,Ended,ALT / English Teacher,103,Six-Month,0,0,Staffing Demand
ASG000613,DUD100386,CLI0075,2024-06-27,2025-07-25,Ended,ALT / English Teacher,18,Monthly,0,0,Client Request
ASG000614,DUD100387,CLI0068,2022-06-04,NULL,Active,Trainer,91,Monthly,0,0,Client Request
ASG000615,DUD100388,CLI0248,2024-05-06,NULL,Active,Senior Teacher,101,Three-Month,0,0,Staffing Demand
ASG000616,DUD100389,CLI0248,2026-03-02,NULL,Active,ALT / English Teacher,47,Six-Month,0,0,Client Request
ASG000617,DUD100390,CLI0242,2025-07-31,NULL,Active,Trainer,73,Three-Month,0,0,Staffing Demand
ASG000618,DUD100391,CLI0187,2021-02-17,NULL,Active,Experienced Teacher,110,Three-Month,0,0,Replacement
ASG000619,DUD100392,CLI0076,2025-01-15,NULL,Active,Experienced Teacher,26,Annual,0,0,Initial Assignment
ASG000620,DUD100393,CLI0162,2024-11-26,2025-10-26,Completed,ALT / English Teacher,109,Three-Month,0,0,Staffing Demand
ASG000621,DUD100393,CLI0186,2025-11-23,NULL,Active,ALT / English Teacher,23,Annual,0,0,Client Request
ASG000622,DUD100394,CLI0270,2025-12-17,2026-07-18,Transferred,Experienced Teacher,27,Monthly,0,0,Transfer
ASG000623,DUD100395,CLI0116,2023-03-08,2023-10-02,Ended,ALT / English Teacher,55,Monthly,0,0,Replacement
ASG000624,DUD100395,CLI0051,2023-10-08,NULL,Active,ALT / English Teacher,98,Annual,0,0,Client Request
ASG000625,DUD100396,CLI0217,2026-03-05,2027-07-02,Renewed,ALT / English Teacher,16,Monthly,0,0,Transfer
ASG000626,DUD100396,CLI0175,2027-07-11,NULL,Active,Experienced Teacher,59,Three-Month,0,0,Initial Assignment
ASG000627,DUD100397,CLI0266,2024-02-19,2025-05-16,Transferred,ALT / English Teacher,75,Three-Month,0,0,Replacement
ASG000628,DUD100397,CLI0053,2025-06-02,2026-03-31,Renewed,ALT / English Teacher,87,Three-Month,0,0,Staffing Demand
ASG000629,DUD100397,CLI0005,2026-04-29,NULL,Active,Senior Teacher,94,Three-Month,0,0,Transfer
ASG000630,DUD100398,CLI0257,2024-02-22,2024-11-22,Ended,Senior Teacher,94,Six-Month,0,0,Initial Assignment
ASG000631,DUD100398,CLI0030,2024-12-04,2026-04-06,Transferred,ALT / English Teacher,81,Three-Month,0,0,Client Request
ASG000632,DUD100399,CLI0147,2024-04-02,NULL,Active,ALT / English Teacher,90,Six-Month,0,0,Transfer
ASG000633,DUD100400,CLI0016,2024-12-09,NULL,Active,Experienced Teacher,76,Monthly,0,0,Replacement
ASG000634,DUD100401,CLI0128,2024-04-22,2024-09-18,Ended,ALT / English Teacher,114,Monthly,0,0,Staffing Demand
ASG000635,DUD100401,CLI0209,2024-09-29,NULL,Active,Experienced Teacher,77,Annual,0,0,Replacement
ASG000636,DUD100402,CLI0149,2025-10-17,2026-02-02,Transferred,Experienced Teacher,104,Annual,0,0,Transfer
ASG000637,DUD100402,CLI0184,2026-02-16,2026-12-05,Ended,ALT / English Teacher,107,Six-Month,0,0,Initial Assignment
ASG000638,DUD100403,CLI0009,2023-05-10,2024-05-08,Renewed,Experienced Teacher,43,Six-Month,0,0,Staffing Demand
ASG000639,DUD100404,CLI0190,2022-04-02,2023-09-19,Ended,ALT / English Teacher,30,Three-Month,0,0,Replacement
ASG000640,DUD100405,CLI0140,2021-06-01,2022-02-12,Ended,Senior Teacher,46,Six-Month,0,0,Transfer
ASG000641,DUD100405,CLI0055,2022-02-23,NULL,Active,Senior Teacher,90,Annual,0,0,Transfer
ASG000642,DUD100406,CLI0181,2026-01-10,NULL,Active,Trainer,73,Annual,0,0,Initial Assignment
ASG000643,DUD100407,CLI0257,2024-10-06,2025-12-06,Renewed,Trainer,80,Six-Month,0,0,Initial Assignment
ASG000644,DUD100407,CLI0264,2025-12-10,NULL,Active,Experienced Teacher,106,Six-Month,0,0,Initial Assignment
ASG000645,DUD100408,CLI0150,2023-03-12,2024-08-08,Ended,Senior Teacher,92,Annual,0,0,Replacement
ASG000646,DUD100409,CLI0109,2022-08-17,NULL,Active,Senior Teacher,109,Monthly,0,0,Client Request
ASG000647,DUD100410,CLI0020,2022-07-05,2023-09-01,Transferred,Trainer,15,Three-Month,0,0,Client Request
ASG000648,DUD100410,CLI0105,2023-09-19,NULL,Active,Trainer,102,Six-Month,0,0,Transfer
ASG000649,DUD100411,CLI0151,2023-12-13,2025-03-11,Transferred,Experienced Teacher,97,Six-Month,0,0,Client Request
ASG000650,DUD100412,CLI0023,2024-06-08,NULL,Active,ALT / English Teacher,111,Three-Month,0,0,Replacement
ASG000651,DUD100413,CLI0296,2024-09-07,NULL,Active,ALT / English Teacher,95,Monthly,0,0,Client Request
ASG000652,DUD100414,CLI0168,2024-11-23,2025-12-13,Ended,Senior Teacher,26,Annual,0,0,Transfer
ASG000653,DUD100414,CLI0217,2025-12-19,NULL,Active,Trainer,68,Monthly,0,0,Transfer
ASG000654,DUD100415,CLI0196,2023-11-24,2024-02-22,Renewed,ALT / English Teacher,100,Annual,0,0,Staffing Demand
ASG000655,DUD100415,CLI0095,2024-03-04,NULL,Active,ALT / English Teacher,53,Annual,0,0,Staffing Demand
ASG000656,DUD100416,CLI0021,2024-05-17,2025-06-13,Ended,Experienced Teacher,29,Monthly,0,0,Client Request
ASG000657,DUD100416,CLI0168,2025-07-04,2026-09-27,Completed,Senior Teacher,25,Three-Month,0,0,Initial Assignment
ASG000658,DUD100417,CLI0203,2021-09-29,2022-06-01,Completed,ALT / English Teacher,75,Monthly,0,0,Transfer
ASG000659,DUD100418,CLI0196,2025-01-12,2025-05-29,Renewed,Experienced Teacher,105,Six-Month,0,0,Staffing Demand
ASG000660,DUD100418,CLI0168,2025-06-12,2026-05-24,Transferred,ALT / English Teacher,85,Monthly,0,0,Transfer
ASG000661,DUD100418,CLI0203,2026-05-30,2026-09-25,Completed,Experienced Teacher,71,Annual,0,0,Staffing Demand
ASG000662,DUD100419,CLI0098,2021-09-26,2022-02-24,Ended,Experienced Teacher,44,Annual,0,0,Initial Assignment
ASG000663,DUD100420,CLI0219,2026-01-18,2026-11-05,Completed,Experienced Teacher,48,Annual,0,0,Staffing Demand
ASG000664,DUD100421,CLI0001,2025-01-30,2025-11-12,Completed,Trainer,51,Annual,0,0,Client Request
ASG000665,DUD100421,CLI0247,2025-12-05,NULL,Active,ALT / English Teacher,93,Annual,0,0,Client Request
ASG000666,DUD100422,CLI0154,2021-07-23,2022-10-29,Completed,ALT / English Teacher,50,Annual,0,0,Transfer
ASG000667,DUD100422,CLI0192,2022-11-22,2023-05-26,Ended,ALT / English Teacher,50,Six-Month,0,0,Initial Assignment
ASG000668,DUD100423,CLI0175,2024-10-06,2025-10-04,Ended,ALT / English Teacher,91,Six-Month,0,0,Initial Assignment
ASG000669,DUD100423,CLI0077,2025-10-13,2026-04-13,Transferred,ALT / English Teacher,93,Three-Month,0,0,Initial Assignment
ASG000670,DUD100424,CLI0245,2025-04-09,2026-08-15,Ended,ALT / English Teacher,28,Annual,0,0,Staffing Demand
ASG000671,DUD100425,CLI0068,2021-07-10,2022-04-12,Transferred,ALT / English Teacher,35,Six-Month,0,0,Replacement
ASG000672,DUD100425,CLI0255,2022-05-04,2023-09-03,Ended,Senior Teacher,73,Monthly,0,0,Initial Assignment
ASG000673,DUD100426,CLI0232,2021-07-27,2022-04-11,Transferred,ALT / English Teacher,98,Three-Month,0,0,Client Request
ASG000674,DUD100426,CLI0034,2022-04-27,NULL,Active,Senior Teacher,56,Monthly,0,0,Transfer
ASG000675,DUD100427,CLI0168,2024-08-09,NULL,Active,ALT / English Teacher,55,Annual,0,0,Staffing Demand
ASG000676,DUD100428,CLI0197,2021-09-24,NULL,Active,Experienced Teacher,76,Monthly,0,0,Initial Assignment
ASG000677,DUD100429,CLI0118,2022-08-29,2023-01-12,Completed,ALT / English Teacher,94,Six-Month,0,0,Initial Assignment
ASG000678,DUD100430,CLI0101,2021-07-27,2022-01-09,Renewed,ALT / English Teacher,25,Annual,0,0,Staffing Demand
ASG000679,DUD100430,CLI0111,2022-01-16,2023-02-18,Completed,Experienced Teacher,49,Three-Month,0,0,Staffing Demand
ASG000680,DUD100430,CLI0165,2023-03-17,NULL,Active,ALT / English Teacher,114,Three-Month,0,0,Staffing Demand
ASG000681,DUD100431,CLI0176,2022-05-24,2022-09-10,Transferred,Senior Teacher,116,Monthly,0,0,Transfer
ASG000682,DUD100431,CLI0131,2022-10-05,NULL,Active,ALT / English Teacher,79,Six-Month,0,0,Client Request
ASG000683,DUD100432,CLI0108,2024-12-12,2025-05-22,Completed,Trainer,110,Annual,0,0,Transfer
ASG000684,DUD100432,CLI0020,2025-06-15,NULL,Active,Experienced Teacher,88,Six-Month,0,0,Staffing Demand
ASG000685,DUD100433,CLI0107,2025-01-31,2026-06-25,Renewed,Senior Teacher,88,Six-Month,0,0,Transfer
ASG000686,DUD100433,CLI0253,2026-06-26,2027-11-25,Completed,ALT / English Teacher,67,Six-Month,0,0,Transfer
ASG000687,DUD100434,CLI0033,2025-01-10,2025-12-26,Transferred,ALT / English Teacher,66,Annual,0,0,Initial Assignment
ASG000688,DUD100434,CLI0210,2026-01-06,2026-07-11,Ended,ALT / English Teacher,17,Monthly,0,0,Initial Assignment
ASG000689,DUD100435,CLI0028,2023-11-21,2024-07-15,Transferred,ALT / English Teacher,75,Annual,0,0,Initial Assignment
ASG000690,DUD100436,CLI0055,2025-07-03,NULL,Active,ALT / English Teacher,90,Six-Month,0,0,Transfer
ASG000691,DUD100437,CLI0177,2024-02-01,2025-07-09,Renewed,ALT / English Teacher,26,Annual,0,0,Staffing Demand
ASG000692,DUD100438,CLI0055,2025-11-22,2027-02-14,Completed,ALT / English Teacher,115,Annual,0,0,Transfer
ASG000693,DUD100438,CLI0091,2027-03-14,NULL,Active,Senior Teacher,114,Three-Month,0,0,Transfer
ASG000694,DUD100439,CLI0179,2026-02-27,2027-02-17,Renewed,ALT / English Teacher,95,Three-Month,0,0,Transfer
ASG000695,DUD100439,CLI0078,2027-03-13,2027-07-08,Renewed,ALT / English Teacher,93,Six-Month,0,0,Transfer
ASG000696,DUD100440,CLI0060,2021-05-28,NULL,Active,Senior Teacher,32,Annual,0,0,Transfer
ASG000697,DUD100441,CLI0283,2024-05-19,NULL,Active,ALT / English Teacher,44,Six-Month,0,0,Replacement
ASG000698,DUD100442,CLI0251,2023-08-25,NULL,Active,ALT / English Teacher,44,Six-Month,0,0,Replacement
ASG000699,DUD100443,CLI0009,2021-01-01,NULL,Active,Trainer,116,Three-Month,0,0,Transfer
ASG000700,DUD100444,CLI0108,2022-08-06,2023-06-19,Renewed,ALT / English Teacher,42,Monthly,0,0,Client Request
ASG000701,DUD100444,CLI0092,2023-06-23,NULL,Active,Experienced Teacher,74,Monthly,0,0,Replacement
ASG000702,DUD100445,CLI0089,2025-03-10,2026-02-06,Completed,Experienced Teacher,51,Monthly,0,0,Staffing Demand
ASG000703,DUD100445,CLI0097,2026-03-03,2027-03-10,Ended,Experienced Teacher,41,Six-Month,0,0,Client Request
ASG000704,DUD100446,CLI0241,2026-01-30,2027-07-23,Transferred,Experienced Teacher,63,Monthly,0,0,Transfer
ASG000705,DUD100446,CLI0133,2027-08-19,NULL,Active,ALT / English Teacher,27,Three-Month,0,0,Client Request
ASG000706,DUD100447,CLI0052,2025-08-15,2025-11-14,Renewed,ALT / English Teacher,106,Monthly,0,0,Client Request
ASG000707,DUD100447,CLI0289,2025-11-28,NULL,Active,Senior Teacher,41,Three-Month,0,0,Staffing Demand
ASG000708,DUD100448,CLI0149,2021-07-31,NULL,Active,Experienced Teacher,59,Six-Month,0,0,Replacement
ASG000709,DUD100449,CLI0212,2025-04-01,NULL,Active,ALT / English Teacher,17,Annual,0,0,Staffing Demand
ASG000710,DUD100450,CLI0155,2021-08-25,2022-10-07,Ended,Experienced Teacher,65,Monthly,0,0,Replacement
ASG000711,DUD100451,CLI0199,2023-05-02,2023-10-08,Transferred,ALT / English Teacher,117,Annual,0,0,Initial Assignment
ASG000712,DUD100451,CLI0277,2023-10-17,2024-09-26,Renewed,Experienced Teacher,28,Three-Month,0,0,Client Request
ASG000713,DUD100451,CLI0200,2024-10-12,2025-10-25,Ended,Experienced Teacher,118,Annual,0,0,Client Request
ASG000714,DUD100452,CLI0166,2025-11-09,2026-04-18,Completed,ALT / English Teacher,119,Six-Month,0,0,Initial Assignment
ASG000715,DUD100453,CLI0289,2021-10-13,2022-08-03,Renewed,Experienced Teacher,27,Annual,0,0,Client Request
ASG000716,DUD100453,CLI0011,2022-08-26,NULL,Active,Senior Teacher,108,Annual,0,0,Initial Assignment
ASG000717,DUD100454,CLI0189,2024-04-06,2025-07-21,Completed,Senior Teacher,26,Three-Month,0,0,Replacement
ASG000718,DUD100454,CLI0124,2025-07-23,NULL,Active,ALT / English Teacher,35,Monthly,0,0,Client Request
ASG000719,DUD100455,CLI0230,2024-04-01,2025-09-22,Ended,Experienced Teacher,77,Six-Month,0,0,Replacement
ASG000720,DUD100455,CLI0204,2025-10-09,2027-01-23,Transferred,ALT / English Teacher,59,Six-Month,0,0,Replacement
ASG000721,DUD100455,CLI0295,2027-02-06,2027-05-17,Renewed,ALT / English Teacher,85,Three-Month,0,0,Staffing Demand
ASG000722,DUD100456,CLI0276,2024-09-21,NULL,Active,Experienced Teacher,87,Monthly,0,0,Initial Assignment
ASG000723,DUD100457,CLI0120,2023-04-03,2024-04-27,Renewed,Experienced Teacher,29,Three-Month,0,0,Replacement
ASG000724,DUD100457,CLI0257,2024-05-13,2024-12-22,Completed,Senior Teacher,15,Six-Month,0,0,Initial Assignment
ASG000725,DUD100458,CLI0131,2022-05-31,2023-09-21,Ended,Trainer,89,Monthly,0,0,Client Request
ASG000726,DUD100458,CLI0190,2023-10-13,NULL,Active,ALT / English Teacher,89,Three-Month,0,0,Client Request
ASG000727,DUD100459,CLI0221,2024-03-05,2025-07-26,Completed,ALT / English Teacher,29,Three-Month,0,0,Transfer
ASG000728,DUD100459,CLI0151,2025-08-23,2027-02-01,Renewed,Experienced Teacher,100,Three-Month,0,0,Initial Assignment
ASG000729,DUD100459,CLI0287,2027-02-02,2028-02-24,Renewed,ALT / English Teacher,18,Six-Month,0,0,Client Request
ASG000730,DUD100460,CLI0067,2024-03-31,NULL,Active,Experienced Teacher,38,Three-Month,0,0,Staffing Demand
ASG000731,DUD100461,CLI0285,2021-04-25,2022-02-18,Completed,ALT / English Teacher,97,Six-Month,0,0,Transfer
ASG000732,DUD100462,CLI0255,2022-07-18,2023-07-10,Transferred,Senior Teacher,30,Monthly,0,0,Staffing Demand
ASG000733,DUD100462,CLI0010,2023-07-25,2024-07-05,Renewed,ALT / English Teacher,21,Three-Month,0,0,Staffing Demand
ASG000734,DUD100462,CLI0045,2024-07-08,NULL,Active,Senior Teacher,107,Monthly,0,0,Initial Assignment
ASG000735,DUD100463,CLI0294,2023-08-11,2024-10-27,Transferred,ALT / English Teacher,54,Annual,0,0,Replacement
ASG000736,DUD100463,CLI0016,2024-11-04,NULL,Active,Experienced Teacher,97,Annual,0,0,Transfer
ASG000737,DUD100464,CLI0180,2025-08-09,NULL,Active,Experienced Teacher,35,Three-Month,0,0,Transfer
ASG000738,DUD100465,CLI0005,2025-11-16,NULL,Active,Experienced Teacher,110,Six-Month,0,0,Transfer
ASG000739,DUD100466,CLI0285,2024-01-07,2025-06-08,Transferred,ALT / English Teacher,96,Monthly,0,0,Transfer
ASG000740,DUD100466,CLI0008,2025-06-28,2026-03-26,Ended,ALT / English Teacher,36,Annual,0,0,Staffing Demand
ASG000741,DUD100466,CLI0048,2026-04-05,NULL,Active,Experienced Teacher,85,Three-Month,0,0,Transfer
ASG000742,DUD100467,CLI0275,2025-12-06,NULL,Active,Experienced Teacher,57,Annual,0,0,Replacement
ASG000743,DUD100468,CLI0145,2022-03-07,NULL,Active,ALT / English Teacher,100,Monthly,0,0,Client Request
ASG000744,DUD100469,CLI0169,2023-10-02,2024-06-03,Ended,ALT / English Teacher,115,Six-Month,0,0,Staffing Demand
ASG000745,DUD100470,CLI0036,2023-06-19,NULL,Active,Senior Teacher,21,Monthly,0,0,Transfer
ASG000746,DUD100471,CLI0196,2026-02-22,NULL,Active,Senior Teacher,100,Six-Month,0,0,Transfer
ASG000747,DUD100472,CLI0168,2024-10-23,NULL,Active,ALT / English Teacher,29,Six-Month,0,0,Replacement
ASG000748,DUD100473,CLI0202,2022-06-17,NULL,Active,ALT / English Teacher,107,Monthly,0,0,Replacement
ASG000749,DUD100474,CLI0093,2026-01-23,NULL,Active,ALT / English Teacher,24,Annual,0,0,Client Request
ASG000750,DUD100475,CLI0293,2022-10-31,2024-04-08,Completed,Experienced Teacher,79,Six-Month,0,0,Transfer
ASG000751,DUD100476,CLI0038,2022-11-28,2023-05-17,Transferred,Senior Teacher,99,Three-Month,0,0,Staffing Demand
ASG000752,DUD100477,CLI0132,2024-02-08,2024-05-29,Transferred,Experienced Teacher,75,Three-Month,0,0,Staffing Demand
ASG000753,DUD100477,CLI0109,2024-06-05,2024-10-30,Renewed,Experienced Teacher,55,Three-Month,0,0,Transfer
ASG000754,DUD100478,CLI0222,2023-08-14,2024-12-25,Transferred,ALT / English Teacher,40,Monthly,0,0,Replacement
ASG000755,DUD100479,CLI0222,2021-04-28,2022-01-11,Transferred,ALT / English Teacher,91,Annual,0,0,Client Request
ASG000756,DUD100479,CLI0219,2022-01-16,NULL,Active,ALT / English Teacher,120,Three-Month,0,0,Transfer
ASG000757,DUD100480,CLI0117,2025-02-07,NULL,Active,ALT / English Teacher,42,Monthly,0,0,Transfer
ASG000758,DUD100481,CLI0239,2022-06-14,2023-08-24,Renewed,ALT / English Teacher,43,Annual,0,0,Client Request
ASG000759,DUD100482,CLI0139,2022-09-13,NULL,Active,ALT / English Teacher,41,Annual,0,0,Client Request
ASG000760,DUD100483,CLI0105,2025-07-11,2026-07-27,Ended,ALT / English Teacher,16,Monthly,0,0,Initial Assignment
ASG000761,DUD100483,CLI0058,2026-08-14,2028-01-31,Completed,ALT / English Teacher,113,Monthly,0,0,Staffing Demand
ASG000762,DUD100484,CLI0150,2021-03-21,NULL,Active,Senior Teacher,74,Monthly,0,0,Initial Assignment
ASG000763,DUD100485,CLI0287,2022-02-02,NULL,Active,ALT / English Teacher,67,Monthly,0,0,Staffing Demand
ASG000764,DUD100486,CLI0092,2025-01-02,NULL,Active,ALT / English Teacher,119,Monthly,0,0,Staffing Demand
ASG000765,DUD100487,CLI0090,2021-04-22,2022-01-16,Renewed,Senior Teacher,94,Annual,0,0,Initial Assignment
ASG000766,DUD100487,CLI0135,2022-01-28,NULL,Active,Senior Teacher,48,Monthly,0,0,Client Request
ASG000767,DUD100488,CLI0049,2024-07-21,2025-02-13,Ended,ALT / English Teacher,103,Three-Month,0,0,Client Request
ASG000768,DUD100488,CLI0212,2025-02-15,2026-04-25,Ended,ALT / English Teacher,110,Three-Month,0,0,Transfer
ASG000769,DUD100489,CLI0224,2022-06-04,2023-07-05,Renewed,Experienced Teacher,94,Three-Month,0,0,Transfer
ASG000770,DUD100490,CLI0207,2021-04-14,NULL,Active,ALT / English Teacher,57,Monthly,0,0,Initial Assignment
ASG000771,DUD100491,CLI0070,2024-10-08,NULL,Active,Experienced Teacher,25,Six-Month,0,0,Transfer
ASG000772,DUD100492,CLI0094,2021-06-18,2021-12-14,Ended,Experienced Teacher,68,Six-Month,0,0,Client Request
ASG000773,DUD100492,CLI0263,2021-12-16,2023-05-09,Transferred,ALT / English Teacher,17,Annual,0,0,Staffing Demand
ASG000774,DUD100492,CLI0087,2023-05-31,NULL,Active,ALT / English Teacher,33,Three-Month,0,0,Staffing Demand
ASG000775,DUD100493,CLI0280,2025-03-24,2026-01-20,Completed,ALT / English Teacher,105,Three-Month,0,0,Staffing Demand
ASG000776,DUD100493,CLI0164,2026-02-03,2027-02-25,Ended,Experienced Teacher,54,Monthly,0,0,Replacement
ASG000777,DUD100494,CLI0014,2024-03-12,2025-08-24,Ended,Experienced Teacher,74,Monthly,0,0,Transfer
ASG000778,DUD100495,CLI0044,2025-02-16,2026-02-27,Ended,ALT / English Teacher,44,Monthly,0,0,Transfer
ASG000779,DUD100495,CLI0143,2026-03-25,2026-08-31,Completed,Experienced Teacher,45,Monthly,0,0,Transfer
ASG000780,DUD100495,CLI0128,2026-09-03,NULL,Active,ALT / English Teacher,38,Annual,0,0,Replacement
ASG000781,DUD100496,CLI0020,2024-09-27,2026-01-19,Renewed,Experienced Teacher,52,Monthly,0,0,Client Request
ASG000782,DUD100496,CLI0276,2026-01-20,NULL,Active,ALT / English Teacher,23,Monthly,0,0,Transfer
ASG000783,DUD100497,CLI0195,2024-04-06,2025-09-13,Transferred,Experienced Teacher,55,Six-Month,0,0,Replacement
ASG000784,DUD100498,CLI0116,2022-06-06,2022-10-29,Renewed,Senior Teacher,66,Six-Month,0,0,Transfer
ASG000785,DUD100498,CLI0025,2022-11-24,NULL,Active,ALT / English Teacher,78,Monthly,0,0,Transfer
ASG000786,DUD100499,CLI0133,2025-05-28,NULL,Active,Experienced Teacher,89,Annual,0,0,Client Request
ASG000787,DUD100500,CLI0205,2025-03-19,NULL,Active,ALT / English Teacher,120,Monthly,0,0,Staffing Demand
ASG000788,DUD100501,CLI0063,2025-01-27,2025-07-21,Transferred,ALT / English Teacher,97,Six-Month,0,0,Replacement
ASG000789,DUD100502,CLI0051,2026-03-04,NULL,Active,ALT / English Teacher,40,Six-Month,0,0,Staffing Demand
ASG000790,DUD100503,CLI0281,2023-01-16,2023-10-06,Transferred,Senior Teacher,103,Three-Month,0,0,Staffing Demand
ASG000791,DUD100504,CLI0037,2021-11-07,2023-03-28,Ended,ALT / English Teacher,103,Three-Month,0,0,Transfer
ASG000792,DUD100505,CLI0137,2025-04-14,NULL,Active,Trainer,109,Monthly,0,0,Transfer
ASG000793,DUD100506,CLI0267,2024-10-07,2026-01-01,Completed,ALT / English Teacher,100,Three-Month,0,0,Initial Assignment
ASG000794,DUD100507,CLI0289,2022-05-15,2023-10-25,Ended,ALT / English Teacher,77,Three-Month,0,0,Transfer
ASG000795,DUD100507,CLI0163,2023-11-23,2024-12-17,Completed,ALT / English Teacher,91,Annual,0,0,Replacement
ASG000796,DUD100508,CLI0007,2023-07-26,2024-09-06,Ended,ALT / English Teacher,23,Three-Month,0,0,Replacement
ASG000797,DUD100508,CLI0016,2024-09-23,2025-03-17,Transferred,Experienced Teacher,83,Six-Month,0,0,Staffing Demand
ASG000798,DUD100508,CLI0004,2025-03-30,NULL,Active,ALT / English Teacher,51,Monthly,0,0,Staffing Demand
ASG000799,DUD100509,CLI0161,2021-08-08,NULL,Active,ALT / English Teacher,29,Three-Month,0,0,Transfer
ASG000800,DUD100510,CLI0060,2024-07-17,2024-11-28,Completed,Senior Teacher,109,Six-Month,0,0,Staffing Demand
ASG000801,DUD100511,CLI0091,2022-01-15,2023-05-25,Ended,Trainer,63,Three-Month,0,0,Staffing Demand
ASG000802,DUD100511,CLI0248,2023-06-20,NULL,Active,Senior Teacher,107,Monthly,0,0,Transfer
ASG000803,DUD100512,CLI0095,2021-06-28,2021-12-25,Transferred,Senior Teacher,95,Monthly,0,0,Transfer
ASG000804,DUD100512,CLI0087,2021-12-28,NULL,Active,ALT / English Teacher,85,Six-Month,0,0,Client Request
ASG000805,DUD100513,CLI0172,2021-01-25,NULL,Active,Experienced Teacher,67,Three-Month,0,0,Staffing Demand
ASG000806,DUD100514,CLI0041,2025-05-03,2026-02-10,Renewed,ALT / English Teacher,120,Annual,0,0,Staffing Demand
ASG000807,DUD100514,CLI0177,2026-02-26,2026-07-12,Transferred,Senior Teacher,21,Annual,0,0,Client Request
ASG000808,DUD100515,CLI0102,2023-08-11,2025-01-26,Transferred,ALT / English Teacher,37,Annual,0,0,Client Request
ASG000809,DUD100516,CLI0212,2022-02-22,2022-06-11,Ended,Experienced Teacher,44,Six-Month,0,0,Replacement
ASG000810,DUD100516,CLI0139,2022-06-22,NULL,Active,Experienced Teacher,84,Monthly,0,0,Replacement
ASG000811,DUD100517,CLI0244,2023-10-03,2024-06-02,Completed,Senior Teacher,17,Three-Month,0,0,Replacement
ASG000812,DUD100517,CLI0059,2024-06-13,NULL,Active,Senior Teacher,30,Annual,0,0,Transfer
ASG000813,DUD100518,CLI0076,2025-02-10,NULL,Active,ALT / English Teacher,45,Three-Month,0,0,Initial Assignment
ASG000814,DUD100519,CLI0222,2021-09-08,NULL,Active,Experienced Teacher,86,Annual,0,0,Client Request
ASG000815,DUD100520,CLI0192,2023-11-26,2025-01-19,Completed,Experienced Teacher,112,Three-Month,0,0,Staffing Demand
ASG000816,DUD100520,CLI0141,2025-02-14,2025-11-17,Renewed,ALT / English Teacher,56,Monthly,0,0,Staffing Demand
ASG000817,DUD100521,CLI0099,2023-05-25,2024-09-19,Completed,Experienced Teacher,24,Three-Month,0,0,Initial Assignment
ASG000818,DUD100522,CLI0210,2025-03-15,2026-08-27,Transferred,Senior Teacher,115,Three-Month,0,0,Replacement
ASG000819,DUD100522,CLI0270,2026-09-20,2028-01-15,Renewed,ALT / English Teacher,35,Monthly,0,0,Replacement
ASG000820,DUD100522,CLI0234,2028-02-11,NULL,Active,ALT / English Teacher,109,Three-Month,0,0,Transfer
ASG000821,DUD100523,CLI0211,2022-05-30,NULL,Active,ALT / English Teacher,28,Annual,0,0,Initial Assignment
ASG000822,DUD100524,CLI0277,2025-02-12,2025-08-01,Renewed,ALT / English Teacher,105,Annual,0,0,Initial Assignment
ASG000823,DUD100525,CLI0005,2021-04-10,2022-05-17,Ended,Experienced Teacher,43,Monthly,0,0,Initial Assignment
ASG000824,DUD100526,CLI0261,2023-02-09,NULL,Active,Experienced Teacher,20,Annual,0,0,Initial Assignment
ASG000825,DUD100527,CLI0171,2024-07-13,NULL,Active,ALT / English Teacher,20,Monthly,0,0,Initial Assignment
ASG000826,DUD100528,CLI0202,2024-04-10,2024-07-25,Renewed,Experienced Teacher,88,Annual,0,0,Initial Assignment
ASG000827,DUD100529,CLI0057,2022-02-24,2023-05-01,Renewed,ALT / English Teacher,91,Monthly,0,0,Staffing Demand
ASG000828,DUD100529,CLI0258,2023-05-27,NULL,Active,Senior Teacher,19,Annual,0,0,Replacement
ASG000829,DUD100530,CLI0067,2024-07-15,2025-07-28,Ended,Experienced Teacher,17,Six-Month,0,0,Staffing Demand
ASG000830,DUD100530,CLI0189,2025-08-21,2025-12-14,Ended,ALT / English Teacher,120,Monthly,0,0,Transfer
ASG000831,DUD100530,CLI0245,2026-01-11,NULL,Active,ALT / English Teacher,115,Three-Month,0,0,Staffing Demand
ASG000832,DUD100531,CLI0288,2025-01-17,2026-05-14,Transferred,ALT / English Teacher,39,Monthly,0,0,Initial Assignment
ASG000833,DUD100532,CLI0272,2023-12-26,2025-02-18,Renewed,ALT / English Teacher,36,Annual,0,0,Transfer
ASG000834,DUD100532,CLI0094,2025-03-15,2026-04-29,Ended,Senior Teacher,90,Monthly,0,0,Staffing Demand
ASG000835,DUD100532,CLI0234,2026-05-03,2026-09-06,Renewed,ALT / English Teacher,80,Annual,0,0,Staffing Demand
ASG000836,DUD100533,CLI0217,2022-04-21,NULL,Active,Trainer,115,Monthly,0,0,Initial Assignment
ASG000837,DUD100534,CLI0296,2021-01-06,2021-07-08,Transferred,Experienced Teacher,81,Annual,0,0,Transfer
ASG000838,DUD100534,CLI0194,2021-07-16,NULL,Active,Experienced Teacher,95,Monthly,0,0,Replacement
ASG000839,DUD100535,CLI0149,2021-12-13,2022-11-26,Completed,ALT / English Teacher,110,Three-Month,0,0,Transfer
ASG000840,DUD100535,CLI0286,2022-11-27,NULL,Active,Experienced Teacher,75,Three-Month,0,0,Staffing Demand
ASG000841,DUD100536,CLI0197,2022-12-08,NULL,Active,ALT / English Teacher,72,Monthly,0,0,Replacement
ASG000842,DUD100537,CLI0052,2022-08-13,NULL,Active,ALT / English Teacher,94,Three-Month,0,0,Client Request
ASG000843,DUD100538,CLI0172,2024-01-16,2024-09-24,Ended,Experienced Teacher,87,Six-Month,0,0,Initial Assignment
ASG000844,DUD100538,CLI0258,2024-10-01,2025-04-02,Transferred,ALT / English Teacher,92,Six-Month,0,0,Initial Assignment
ASG000845,DUD100538,CLI0007,2025-04-03,NULL,Active,Experienced Teacher,97,Three-Month,0,0,Initial Assignment
ASG000846,DUD100539,CLI0142,2022-06-03,2023-03-02,Renewed,ALT / English Teacher,117,Annual,0,0,Staffing Demand
ASG000847,DUD100539,CLI0246,2023-03-12,NULL,Active,ALT / English Teacher,87,Three-Month,0,0,Initial Assignment
ASG000848,DUD100540,CLI0215,2022-04-29,2023-10-11,Transferred,Experienced Teacher,51,Annual,0,0,Client Request
ASG000849,DUD100541,CLI0152,2022-08-12,2023-02-08,Transferred,Trainer,57,Three-Month,0,0,Staffing Demand
ASG000850,DUD100541,CLI0093,2023-02-16,NULL,Active,Experienced Teacher,30,Monthly,0,0,Initial Assignment
ASG000851,DUD100542,CLI0009,2024-03-26,2025-08-18,Renewed,ALT / English Teacher,97,Six-Month,0,0,Transfer
ASG000852,DUD100542,CLI0088,2025-08-30,2026-07-17,Ended,ALT / English Teacher,101,Three-Month,0,0,Staffing Demand
ASG000853,DUD100543,CLI0078,2025-02-06,2025-06-16,Ended,ALT / English Teacher,64,Monthly,0,0,Client Request
ASG000854,DUD100544,CLI0125,2022-09-02,NULL,Active,ALT / English Teacher,37,Six-Month,0,0,Client Request
ASG000855,DUD100545,CLI0011,2025-08-05,2026-11-10,Ended,ALT / English Teacher,19,Three-Month,0,0,Client Request
ASG000856,DUD100545,CLI0138,2026-11-11,2027-02-09,Transferred,ALT / English Teacher,93,Annual,0,0,Replacement
ASG000857,DUD100546,CLI0159,2024-07-20,NULL,Active,Experienced Teacher,103,Six-Month,0,0,Client Request
ASG000858,DUD100547,CLI0249,2022-02-12,NULL,Active,Trainer,74,Monthly,0,0,Transfer
ASG000859,DUD100548,CLI0041,2024-02-15,2024-12-14,Renewed,Experienced Teacher,54,Annual,0,0,Transfer
ASG000860,DUD100549,CLI0078,2025-12-10,NULL,Active,ALT / English Teacher,113,Six-Month,0,0,Initial Assignment
ASG000861,DUD100550,CLI0185,2022-04-25,NULL,Active,ALT / English Teacher,35,Three-Month,0,0,Transfer
ASG000862,DUD100551,CLI0204,2023-10-22,2025-03-30,Transferred,ALT / English Teacher,90,Three-Month,0,0,Staffing Demand
ASG000863,DUD100551,CLI0071,2025-04-29,2026-03-19,Transferred,ALT / English Teacher,64,Six-Month,0,0,Client Request
ASG000864,DUD100552,CLI0012,2024-12-28,NULL,Active,Experienced Teacher,99,Six-Month,0,0,Replacement
ASG000865,DUD100553,CLI0047,2022-08-16,2023-11-23,Transferred,Senior Teacher,65,Monthly,0,0,Transfer
ASG000866,DUD100554,CLI0180,2022-04-27,NULL,Active,Experienced Teacher,111,Annual,0,0,Transfer
ASG000867,DUD100555,CLI0056,2025-02-06,2026-02-09,Ended,ALT / English Teacher,109,Three-Month,0,0,Initial Assignment
ASG000868,DUD100555,CLI0005,2026-02-21,2027-02-01,Transferred,ALT / English Teacher,50,Annual,0,0,Staffing Demand
ASG000869,DUD100556,CLI0151,2024-07-27,2025-03-20,Completed,ALT / English Teacher,94,Annual,0,0,Staffing Demand
ASG000870,DUD100556,CLI0023,2025-04-03,2025-10-23,Renewed,ALT / English Teacher,113,Monthly,0,0,Replacement
ASG000871,DUD100557,CLI0222,2021-03-12,2022-01-23,Renewed,ALT / English Teacher,18,Monthly,0,0,Client Request
ASG000872,DUD100557,CLI0119,2022-02-02,2023-04-21,Ended,ALT / English Teacher,60,Six-Month,0,0,Client Request
ASG000873,DUD100558,CLI0030,2022-01-12,2023-02-17,Completed,Experienced Teacher,92,Monthly,0,0,Transfer
ASG000874,DUD100558,CLI0179,2023-02-21,NULL,Active,Trainer,24,Monthly,0,0,Transfer
ASG000875,DUD100559,CLI0172,2026-02-05,2026-07-05,Completed,ALT / English Teacher,36,Three-Month,0,0,Transfer
ASG000876,DUD100559,CLI0004,2026-08-03,2027-09-15,Renewed,Experienced Teacher,105,Three-Month,0,0,Staffing Demand
ASG000877,DUD100559,CLI0145,2027-10-07,2028-03-07,Renewed,ALT / English Teacher,115,Monthly,0,0,Replacement
ASG000878,DUD100560,CLI0234,2023-08-10,2025-01-11,Renewed,Experienced Teacher,32,Six-Month,0,0,Initial Assignment
ASG000879,DUD100560,CLI0089,2025-01-14,2026-05-10,Transferred,ALT / English Teacher,89,Monthly,0,0,Initial Assignment
ASG000880,DUD100561,CLI0264,2023-03-18,2023-07-07,Ended,ALT / English Teacher,94,Annual,0,0,Replacement
ASG000881,DUD100562,CLI0084,2022-09-08,2023-07-06,Transferred,Experienced Teacher,15,Three-Month,0,0,Initial Assignment
ASG000882,DUD100562,CLI0163,2023-07-23,NULL,Active,Senior Teacher,74,Three-Month,0,0,Staffing Demand
ASG000883,DUD100563,CLI0112,2023-11-17,NULL,Active,Experienced Teacher,86,Monthly,0,0,Client Request
ASG000884,DUD100564,CLI0168,2022-10-16,2024-03-19,Completed,Trainer,96,Six-Month,0,0,Staffing Demand
ASG000885,DUD100564,CLI0118,2024-03-21,NULL,Active,ALT / English Teacher,93,Annual,0,0,Staffing Demand
ASG000886,DUD100565,CLI0103,2024-09-22,NULL,Active,Experienced Teacher,58,Monthly,0,0,Staffing Demand
ASG000887,DUD100566,CLI0178,2022-07-13,2023-09-29,Renewed,Experienced Teacher,89,Annual,0,0,Initial Assignment
ASG000888,DUD100567,CLI0127,2024-04-24,2025-02-27,Renewed,Experienced Teacher,75,Annual,0,0,Staffing Demand
ASG000889,DUD100567,CLI0044,2025-03-27,NULL,Active,ALT / English Teacher,17,Annual,0,0,Client Request
ASG000890,DUD100568,CLI0003,2024-05-14,NULL,Active,Trainer,62,Six-Month,0,0,Transfer
ASG000891,DUD100569,CLI0089,2024-08-28,NULL,Active,ALT / English Teacher,80,Six-Month,0,0,Initial Assignment
ASG000892,DUD100570,CLI0124,2023-03-21,2023-07-02,Renewed,Senior Teacher,93,Three-Month,0,0,Staffing Demand
ASG000893,DUD100571,CLI0157,2022-11-30,2024-01-24,Transferred,ALT / English Teacher,27,Six-Month,0,0,Initial Assignment
ASG000894,DUD100571,CLI0150,2024-01-29,NULL,Active,Senior Teacher,95,Three-Month,0,0,Replacement
ASG000895,DUD100572,CLI0062,2021-06-08,2022-11-06,Renewed,Experienced Teacher,52,Three-Month,0,0,Initial Assignment
ASG000896,DUD100572,CLI0013,2022-11-25,NULL,Active,ALT / English Teacher,39,Monthly,0,0,Initial Assignment
ASG000897,DUD100573,CLI0082,2024-06-27,2025-04-29,Ended,Senior Teacher,37,Annual,0,0,Client Request
ASG000898,DUD100573,CLI0292,2025-05-20,NULL,Active,Experienced Teacher,44,Annual,0,0,Staffing Demand
ASG000899,DUD100574,CLI0248,2022-03-05,2023-02-18,Renewed,Senior Teacher,24,Annual,0,0,Transfer
ASG000900,DUD100574,CLI0124,2023-03-03,NULL,Active,ALT / English Teacher,52,Three-Month,0,0,Initial Assignment
ASG000901,DUD100575,CLI0021,2023-11-02,2024-02-20,Renewed,Senior Teacher,49,Three-Month,0,0,Transfer
ASG000902,DUD100575,CLI0165,2024-03-07,NULL,Active,ALT / English Teacher,95,Three-Month,0,0,Initial Assignment
ASG000903,DUD100576,CLI0150,2025-11-29,2026-03-21,Renewed,ALT / English Teacher,30,Three-Month,0,0,Replacement
ASG000904,DUD100576,CLI0065,2026-04-03,2026-09-08,Ended,Senior Teacher,32,Three-Month,0,0,Replacement
ASG000905,DUD100577,CLI0274,2024-12-19,2025-12-20,Renewed,Experienced Teacher,73,Monthly,0,0,Client Request
ASG000906,DUD100578,CLI0039,2023-07-03,NULL,Active,ALT / English Teacher,50,Three-Month,0,0,Initial Assignment
ASG000907,DUD100579,CLI0264,2026-03-05,2027-04-19,Completed,ALT / English Teacher,47,Three-Month,0,0,Initial Assignment
ASG000908,DUD100580,CLI0232,2024-03-16,NULL,Active,ALT / English Teacher,113,Annual,0,0,Staffing Demand
ASG000909,DUD100581,CLI0124,2022-02-12,NULL,Active,ALT / English Teacher,81,Monthly,0,0,Client Request
ASG000910,DUD100582,CLI0275,2023-04-10,2024-08-19,Transferred,ALT / English Teacher,61,Six-Month,0,0,Transfer
ASG000911,DUD100582,CLI0087,2024-09-01,NULL,Active,ALT / English Teacher,104,Six-Month,0,0,Staffing Demand
ASG000912,DUD100583,CLI0279,2024-01-30,2024-05-31,Transferred,Experienced Teacher,61,Three-Month,0,0,Staffing Demand
ASG000913,DUD100583,CLI0263,2024-06-12,NULL,Active,ALT / English Teacher,86,Monthly,0,0,Transfer
ASG000914,DUD100584,CLI0164,2021-12-13,2022-04-10,Renewed,Senior Teacher,23,Annual,0,0,Initial Assignment
ASG000915,DUD100584,CLI0091,2022-05-08,2023-06-24,Ended,ALT / English Teacher,83,Monthly,0,0,Transfer
ASG000916,DUD100585,CLI0059,2024-12-11,NULL,Active,ALT / English Teacher,96,Six-Month,0,0,Initial Assignment
ASG000917,DUD100586,CLI0121,2024-06-26,2025-07-09,Renewed,ALT / English Teacher,68,Three-Month,0,0,Transfer
ASG000918,DUD100587,CLI0158,2024-05-24,2025-02-07,Renewed,Senior Teacher,48,Annual,0,0,Replacement
ASG000919,DUD100588,CLI0234,2024-01-10,2025-04-09,Transferred,ALT / English Teacher,39,Annual,0,0,Initial Assignment
ASG000920,DUD100588,CLI0245,2025-05-08,NULL,Active,Senior Teacher,60,Monthly,0,0,Client Request
ASG000921,DUD100589,CLI0168,2024-09-09,2025-07-16,Renewed,Experienced Teacher,79,Monthly,0,0,Transfer
ASG000922,DUD100590,CLI0001,2021-11-08,NULL,Active,Experienced Teacher,45,Annual,0,0,Initial Assignment
ASG000923,DUD100591,CLI0142,2024-01-17,NULL,Active,ALT / English Teacher,61,Six-Month,0,0,Initial Assignment
ASG000924,DUD100592,CLI0270,2025-02-19,2026-03-16,Transferred,ALT / English Teacher,86,Three-Month,0,0,Initial Assignment
ASG000925,DUD100592,CLI0229,2026-04-15,NULL,Active,Experienced Teacher,69,Annual,0,0,Transfer
ASG000926,DUD100593,CLI0083,2023-01-15,NULL,Active,ALT / English Teacher,31,Monthly,0,0,Replacement
ASG000927,DUD100594,CLI0202,2025-06-21,NULL,Active,Experienced Teacher,77,Three-Month,0,0,Initial Assignment
ASG000928,DUD100595,CLI0095,2023-05-12,2023-08-13,Completed,ALT / English Teacher,75,Three-Month,0,0,Replacement
ASG000929,DUD100595,CLI0129,2023-08-24,2025-02-01,Renewed,ALT / English Teacher,109,Three-Month,0,0,Replacement
ASG000930,DUD100596,CLI0006,2023-12-17,2024-06-27,Transferred,Experienced Teacher,108,Three-Month,0,0,Staffing Demand
ASG000931,DUD100597,CLI0073,2025-01-17,2026-02-10,Ended,ALT / English Teacher,103,Monthly,0,0,Client Request
ASG000932,DUD100597,CLI0248,2026-02-13,NULL,Active,ALT / English Teacher,111,Three-Month,0,0,Initial Assignment
ASG000933,DUD100598,CLI0136,2021-03-27,2021-10-01,Completed,ALT / English Teacher,88,Three-Month,0,0,Transfer
ASG000934,DUD100599,CLI0162,2023-07-12,2024-06-22,Transferred,Experienced Teacher,45,Monthly,0,0,Staffing Demand
ASG000935,DUD100599,CLI0210,2024-07-12,NULL,Active,Experienced Teacher,120,Monthly,0,0,Client Request
ASG000936,DUD100600,CLI0124,2025-08-29,2027-02-16,Completed,Experienced Teacher,77,Monthly,0,0,Staffing Demand
ASG000937,DUD100600,CLI0111,2027-03-07,2028-04-07,Renewed,Senior Teacher,114,Monthly,0,0,Client Request
ASG000938,DUD100600,CLI0160,2028-04-21,NULL,Active,ALT / English Teacher,64,Annual,0,0,Transfer
ASG000939,DUD100601,CLI0142,2021-07-29,2023-01-20,Ended,ALT / English Teacher,51,Monthly,0,0,Transfer
ASG000940,DUD100602,CLI0300,2022-06-23,2023-10-01,Transferred,ALT / English Teacher,30,Three-Month,0,0,Staffing Demand
ASG000941,DUD100602,CLI0008,2023-10-19,NULL,Active,Trainer,36,Six-Month,0,0,Staffing Demand
ASG000942,DUD100603,CLI0101,2025-12-11,NULL,Active,Senior Teacher,36,Three-Month,0,0,Replacement
ASG000943,DUD100604,CLI0085,2022-05-06,2023-08-30,Renewed,ALT / English Teacher,60,Six-Month,0,0,Replacement
ASG000944,DUD100604,CLI0046,2023-09-21,2024-12-19,Renewed,ALT / English Teacher,39,Three-Month,0,0,Staffing Demand
ASG000945,DUD100604,CLI0189,2025-01-15,2025-11-05,Transferred,Experienced Teacher,79,Monthly,0,0,Replacement
ASG000946,DUD100605,CLI0248,2023-04-22,2024-08-23,Renewed,Trainer,39,Annual,0,0,Replacement
ASG000947,DUD100605,CLI0173,2024-09-15,NULL,Active,Senior Teacher,61,Three-Month,0,0,Initial Assignment
ASG000948,DUD100606,CLI0126,2021-01-22,2022-03-17,Renewed,Experienced Teacher,117,Three-Month,0,0,Transfer
ASG000949,DUD100606,CLI0241,2022-03-19,2023-02-24,Transferred,ALT / English Teacher,91,Three-Month,0,0,Initial Assignment
ASG000950,DUD100607,CLI0080,2022-12-03,2023-08-27,Completed,Experienced Teacher,63,Three-Month,0,0,Initial Assignment
ASG000951,DUD100608,CLI0202,2023-01-17,NULL,Active,Senior Teacher,95,Three-Month,0,0,Staffing Demand
ASG000952,DUD100609,CLI0299,2022-02-12,2023-05-22,Completed,Experienced Teacher,113,Six-Month,0,0,Initial Assignment
ASG000953,DUD100609,CLI0169,2023-06-20,NULL,Active,ALT / English Teacher,101,Six-Month,0,0,Replacement
ASG000954,DUD100610,CLI0144,2026-02-03,2027-02-09,Ended,Experienced Teacher,56,Three-Month,0,0,Replacement
ASG000955,DUD100610,CLI0278,2027-02-25,NULL,Active,ALT / English Teacher,117,Monthly,0,0,Replacement
ASG000956,DUD100611,CLI0090,2025-04-25,2025-09-09,Completed,ALT / English Teacher,27,Monthly,0,0,Replacement
ASG000957,DUD100611,CLI0083,2025-10-05,2026-02-21,Completed,Senior Teacher,104,Monthly,0,0,Transfer
ASG000958,DUD100611,CLI0192,2026-03-15,NULL,Active,ALT / English Teacher,75,Monthly,0,0,Replacement
ASG000959,DUD100612,CLI0199,2023-11-18,NULL,Active,Senior Teacher,44,Monthly,0,0,Replacement
ASG000960,DUD100613,CLI0239,2023-06-18,NULL,Active,ALT / English Teacher,28,Three-Month,0,0,Staffing Demand
ASG000961,DUD100614,CLI0152,2025-01-03,2025-04-30,Completed,Senior Teacher,30,Three-Month,0,0,Initial Assignment
ASG000962,DUD100614,CLI0154,2025-05-19,NULL,Active,ALT / English Teacher,114,Monthly,0,0,Replacement
ASG000963,DUD100615,CLI0295,2025-04-20,2026-03-03,Transferred,Experienced Teacher,113,Three-Month,0,0,Replacement
ASG000964,DUD100616,CLI0236,2024-12-20,NULL,Active,ALT / English Teacher,38,Six-Month,0,0,Transfer
ASG000965,DUD100617,CLI0269,2023-05-04,2023-12-06,Completed,ALT / English Teacher,45,Annual,0,0,Replacement
ASG000966,DUD100617,CLI0005,2023-12-22,NULL,Active,ALT / English Teacher,61,Three-Month,0,0,Initial Assignment
ASG000967,DUD100618,CLI0294,2021-04-28,2021-10-15,Completed,ALT / English Teacher,30,Six-Month,0,0,Transfer
ASG000968,DUD100619,CLI0032,2024-05-18,2025-01-30,Transferred,ALT / English Teacher,50,Annual,0,0,Staffing Demand
ASG000969,DUD100619,CLI0166,2025-02-05,NULL,Active,Senior Teacher,120,Annual,0,0,Staffing Demand
ASG000970,DUD100620,CLI0181,2021-04-13,NULL,Active,ALT / English Teacher,35,Monthly,0,0,Staffing Demand
ASG000971,DUD100621,CLI0298,2021-02-27,2022-08-18,Renewed,Trainer,116,Annual,0,0,Replacement
ASG000972,DUD100622,CLI0084,2022-09-14,2023-08-05,Completed,Experienced Teacher,26,Annual,0,0,Client Request
ASG000973,DUD100622,CLI0155,2023-08-29,NULL,Active,Experienced Teacher,109,Annual,0,0,Client Request
ASG000974,DUD100623,CLI0099,2021-10-23,2023-04-15,Completed,Experienced Teacher,54,Three-Month,0,0,Initial Assignment
ASG000975,DUD100623,CLI0255,2023-05-11,NULL,Active,Senior Teacher,98,Three-Month,0,0,Client Request
ASG000976,DUD100624,CLI0115,2025-09-24,2026-01-13,Transferred,ALT / English Teacher,32,Six-Month,0,0,Staffing Demand
ASG000977,DUD100624,CLI0280,2026-02-05,2026-06-25,Completed,ALT / English Teacher,74,Six-Month,0,0,Initial Assignment
ASG000978,DUD100624,CLI0086,2026-07-18,2027-12-29,Ended,ALT / English Teacher,31,Three-Month,0,0,Staffing Demand
ASG000979,DUD100625,CLI0257,2022-03-11,2023-03-30,Renewed,ALT / English Teacher,30,Monthly,0,0,Transfer
ASG000980,DUD100626,CLI0227,2025-09-11,NULL,Active,ALT / English Teacher,96,Monthly,0,0,Replacement
ASG000981,DUD100627,CLI0103,2023-07-29,2024-08-26,Completed,Senior Teacher,66,Six-Month,0,0,Staffing Demand
ASG000982,DUD100628,CLI0190,2024-01-30,2024-10-30,Transferred,ALT / English Teacher,58,Annual,0,0,Staffing Demand
ASG000983,DUD100628,CLI0134,2024-11-05,NULL,Active,Senior Teacher,70,Three-Month,0,0,Initial Assignment
ASG000984,DUD100629,CLI0044,2024-09-16,2026-02-19,Completed,ALT / English Teacher,29,Six-Month,0,0,Replacement
ASG000985,DUD100629,CLI0220,2026-02-22,2026-12-09,Transferred,ALT / English Teacher,63,Monthly,0,0,Staffing Demand
ASG000986,DUD100630,CLI0197,2021-09-12,2022-02-25,Transferred,Trainer,80,Annual,0,0,Replacement
ASG000987,DUD100630,CLI0203,2022-03-11,2023-07-18,Transferred,Experienced Teacher,41,Six-Month,0,0,Staffing Demand
ASG000988,DUD100631,CLI0001,2024-11-24,NULL,Active,ALT / English Teacher,88,Six-Month,0,0,Client Request
ASG000989,DUD100632,CLI0253,2023-05-04,2024-06-04,Completed,ALT / English Teacher,110,Annual,0,0,Transfer
ASG000990,DUD100633,CLI0069,2021-07-20,2022-01-04,Ended,Experienced Teacher,111,Annual,0,0,Transfer
ASG000991,DUD100634,CLI0157,2022-10-12,2023-10-18,Ended,ALT / English Teacher,70,Three-Month,0,0,Client Request
ASG000992,DUD100634,CLI0242,2023-11-10,NULL,Active,ALT / English Teacher,73,Three-Month,0,0,Initial Assignment
ASG000993,DUD100635,CLI0239,2024-04-06,2024-08-02,Completed,ALT / English Teacher,69,Six-Month,0,0,Staffing Demand
ASG000994,DUD100635,CLI0228,2024-08-13,NULL,Active,ALT / English Teacher,120,Monthly,0,0,Client Request
ASG000995,DUD100636,CLI0147,2025-06-16,2026-08-07,Completed,Experienced Teacher,100,Monthly,0,0,Client Request
ASG000996,DUD100637,CLI0196,2023-09-29,2024-03-16,Transferred,ALT / English Teacher,51,Six-Month,0,0,Initial Assignment
ASG000997,DUD100637,CLI0210,2024-03-29,NULL,Active,Trainer,29,Annual,0,0,Client Request
ASG000998,DUD100638,CLI0235,2021-09-18,2022-11-18,Completed,Experienced Teacher,71,Monthly,0,0,Transfer
ASG000999,DUD100639,CLI0021,2024-08-18,2026-01-11,Completed,ALT / English Teacher,97,Six-Month,0,0,Initial Assignment
ASG001000,DUD100639,CLI0188,2026-01-24,NULL,Active,ALT / English Teacher,68,Three-Month,0,0,Client Request
ASG001001,DUD100640,CLI0201,2021-11-11,NULL,Active,ALT / English Teacher,48,Monthly,0,0,Replacement
ASG001002,DUD100641,CLI0224,2025-08-01,2026-11-28,Transferred,ALT / English Teacher,31,Monthly,0,0,Staffing Demand
ASG001003,DUD100641,CLI0016,2026-12-22,2028-05-05,Ended,ALT / English Teacher,87,Monthly,0,0,Initial Assignment
ASG001004,DUD100642,CLI0036,2022-06-03,NULL,Active,ALT / English Teacher,84,Three-Month,0,0,Replacement
ASG001005,DUD100643,CLI0066,2023-11-03,2024-09-17,Renewed,ALT / English Teacher,102,Three-Month,0,0,Transfer
ASG001006,DUD100643,CLI0133,2024-10-02,NULL,Active,ALT / English Teacher,26,Six-Month,0,0,Client Request
ASG001007,DUD100644,CLI0251,2025-12-12,2026-05-06,Transferred,Senior Teacher,28,Three-Month,0,0,Transfer
ASG001008,DUD100645,CLI0161,2023-07-22,2023-11-09,Completed,ALT / English Teacher,46,Six-Month,0,0,Replacement
ASG001009,DUD100645,CLI0153,2023-12-04,NULL,Active,ALT / English Teacher,24,Annual,0,0,Transfer
ASG001010,DUD100646,CLI0014,2024-06-18,NULL,Active,Experienced Teacher,110,Six-Month,0,0,Transfer
ASG001011,DUD100647,CLI0114,2025-04-11,2026-01-02,Renewed,Experienced Teacher,84,Six-Month,0,0,Client Request
ASG001012,DUD100648,CLI0187,2024-06-26,2025-09-26,Completed,Senior Teacher,23,Monthly,0,0,Transfer
ASG001013,DUD100649,CLI0018,2023-12-15,2024-12-12,Renewed,ALT / English Teacher,97,Three-Month,0,0,Replacement
ASG001014,DUD100650,CLI0218,2026-01-06,NULL,Active,ALT / English Teacher,47,Annual,0,0,Transfer
ASG001015,DUD100651,CLI0154,2021-05-14,NULL,Active,ALT / English Teacher,18,Monthly,0,0,Replacement
ASG001016,DUD100652,CLI0130,2023-03-04,NULL,Active,Experienced Teacher,95,Six-Month,0,0,Transfer
ASG001017,DUD100653,CLI0022,2021-03-12,2021-10-01,Ended,Experienced Teacher,84,Six-Month,0,0,Transfer
ASG001018,DUD100654,CLI0242,2023-11-19,2024-09-09,Transferred,ALT / English Teacher,82,Six-Month,0,0,Client Request
ASG001019,DUD100655,CLI0023,2025-10-03,2026-11-20,Renewed,Experienced Teacher,82,Six-Month,0,0,Transfer
ASG001020,DUD100656,CLI0169,2025-10-30,NULL,Active,Experienced Teacher,33,Six-Month,0,0,Transfer
ASG001021,DUD100657,CLI0041,2021-04-04,NULL,Active,ALT / English Teacher,17,Three-Month,0,0,Transfer
ASG001022,DUD100658,CLI0249,2021-08-09,2022-01-19,Ended,Experienced Teacher,87,Three-Month,0,0,Initial Assignment
ASG001023,DUD100658,CLI0276,2022-02-09,NULL,Active,Senior Teacher,48,Annual,0,0,Client Request
ASG001024,DUD100659,CLI0280,2024-03-05,2024-08-08,Completed,Experienced Teacher,113,Six-Month,0,0,Client Request
ASG001025,DUD100659,CLI0006,2024-08-31,2025-03-09,Transferred,ALT / English Teacher,118,Annual,0,0,Initial Assignment
ASG001026,DUD100660,CLI0106,2023-12-19,NULL,Active,Senior Teacher,91,Three-Month,0,0,Staffing Demand
ASG001027,DUD100661,CLI0275,2023-10-20,2024-10-26,Renewed,ALT / English Teacher,62,Three-Month,0,0,Replacement
ASG001028,DUD100661,CLI0137,2024-11-10,2026-04-02,Renewed,Senior Teacher,61,Annual,0,0,Staffing Demand
ASG001029,DUD100662,CLI0107,2022-05-06,NULL,Active,ALT / English Teacher,69,Monthly,0,0,Replacement
ASG001030,DUD100663,CLI0279,2024-08-22,2025-12-10,Ended,ALT / English Teacher,60,Annual,0,0,Transfer
ASG001031,DUD100663,CLI0270,2026-01-06,2027-02-25,Renewed,ALT / English Teacher,114,Monthly,0,0,Client Request
ASG001032,DUD100663,CLI0056,2027-03-25,2028-03-21,Ended,Experienced Teacher,119,Three-Month,0,0,Replacement
ASG001033,DUD100664,CLI0238,2025-10-20,NULL,Active,Trainer,21,Three-Month,0,0,Initial Assignment
ASG001034,DUD100665,CLI0102,2021-12-02,2022-11-13,Transferred,Senior Teacher,22,Six-Month,0,0,Initial Assignment
ASG001035,DUD100665,CLI0130,2022-12-11,2023-06-05,Completed,ALT / English Teacher,108,Monthly,0,0,Initial Assignment
ASG001036,DUD100666,CLI0251,2023-12-06,2024-06-04,Renewed,ALT / English Teacher,52,Annual,0,0,Staffing Demand
ASG001037,DUD100666,CLI0142,2024-06-29,2025-07-27,Transferred,ALT / English Teacher,79,Annual,0,0,Transfer
ASG001038,DUD100666,CLI0170,2025-08-13,NULL,Active,ALT / English Teacher,24,Six-Month,0,0,Staffing Demand
ASG001039,DUD100667,CLI0170,2023-12-09,NULL,Active,Experienced Teacher,106,Six-Month,0,0,Client Request
ASG001040,DUD100668,CLI0126,2024-05-31,NULL,Active,Senior Teacher,52,Annual,0,0,Transfer
ASG001041,DUD100669,CLI0240,2025-03-04,2026-02-18,Ended,ALT / English Teacher,88,Monthly,0,0,Replacement
ASG001042,DUD100670,CLI0095,2024-12-21,2026-04-01,Renewed,Senior Teacher,59,Annual,0,0,Client Request
ASG001043,DUD100671,CLI0055,2023-04-16,2023-12-19,Completed,ALT / English Teacher,92,Three-Month,0,0,Initial Assignment
ASG001044,DUD100671,CLI0029,2024-01-16,2025-03-06,Completed,ALT / English Teacher,76,Three-Month,0,0,Transfer
ASG001045,DUD100672,CLI0228,2024-09-06,NULL,Active,ALT / English Teacher,85,Six-Month,0,0,Client Request
ASG001046,DUD100673,CLI0283,2021-06-02,NULL,Active,Experienced Teacher,76,Six-Month,0,0,Initial Assignment
ASG001047,DUD100674,CLI0279,2021-12-04,2022-05-19,Ended,Experienced Teacher,99,Six-Month,0,0,Replacement
ASG001048,DUD100674,CLI0126,2022-06-04,NULL,Active,ALT / English Teacher,53,Annual,0,0,Staffing Demand
ASG001049,DUD100675,CLI0189,2021-07-20,NULL,Active,ALT / English Teacher,38,Annual,0,0,Staffing Demand
ASG001050,DUD100676,CLI0128,2024-08-10,2025-08-01,Transferred,ALT / English Teacher,41,Annual,0,0,Initial Assignment
ASG001051,DUD100676,CLI0202,2025-08-13,2026-06-15,Ended,ALT / English Teacher,88,Monthly,0,0,Replacement
ASG001052,DUD100676,CLI0104,2026-06-30,2027-01-03,Completed,ALT / English Teacher,73,Three-Month,0,0,Staffing Demand
ASG001053,DUD100677,CLI0193,2025-12-02,2026-07-05,Ended,ALT / English Teacher,41,Six-Month,0,0,Initial Assignment
ASG001054,DUD100678,CLI0300,2022-12-07,2023-12-30,Completed,ALT / English Teacher,104,Annual,0,0,Replacement
ASG001055,DUD100679,CLI0300,2022-04-23,2023-06-24,Renewed,Experienced Teacher,28,Three-Month,0,0,Client Request
ASG001056,DUD100679,CLI0134,2023-07-02,NULL,Active,ALT / English Teacher,40,Annual,0,0,Initial Assignment
ASG001057,DUD100680,CLI0203,2023-03-24,2023-06-30,Transferred,Senior Teacher,98,Three-Month,0,0,Transfer
ASG001058,DUD100680,CLI0212,2023-07-09,NULL,Active,Trainer,73,Monthly,0,0,Staffing Demand
ASG001059,DUD100681,CLI0228,2022-05-24,NULL,Active,Senior Teacher,57,Three-Month,0,0,Client Request
ASG001060,DUD100682,CLI0242,2026-01-15,NULL,Active,Senior Teacher,84,Monthly,0,0,Client Request
ASG001061,DUD100683,CLI0265,2021-12-07,2022-06-15,Ended,Experienced Teacher,35,Monthly,0,0,Replacement
ASG001062,DUD100683,CLI0188,2022-06-26,NULL,Active,ALT / English Teacher,51,Three-Month,0,0,Replacement
ASG001063,DUD100684,CLI0198,2025-10-25,2026-07-18,Completed,ALT / English Teacher,65,Monthly,0,0,Staffing Demand
ASG001064,DUD100684,CLI0104,2026-08-07,2026-11-18,Ended,Experienced Teacher,19,Three-Month,0,0,Replacement
ASG001065,DUD100685,CLI0255,2023-02-02,2024-03-25,Renewed,Senior Teacher,120,Six-Month,0,0,Initial Assignment
ASG001066,DUD100685,CLI0174,2024-04-16,NULL,Active,ALT / English Teacher,28,Monthly,0,0,Client Request
ASG001067,DUD100686,CLI0155,2021-06-05,NULL,Active,ALT / English Teacher,18,Six-Month,0,0,Initial Assignment
ASG001068,DUD100687,CLI0211,2022-04-14,2022-12-16,Renewed,ALT / English Teacher,33,Six-Month,0,0,Client Request
ASG001069,DUD100688,CLI0153,2022-10-10,NULL,Active,Experienced Teacher,59,Monthly,0,0,Transfer
ASG001070,DUD100689,CLI0220,2023-03-31,2024-04-01,Ended,Senior Teacher,97,Annual,0,0,Replacement
ASG001071,DUD100689,CLI0200,2024-04-16,2024-12-06,Completed,ALT / English Teacher,57,Three-Month,0,0,Transfer
ASG001072,DUD100689,CLI0262,2024-12-25,2025-10-16,Completed,ALT / English Teacher,41,Three-Month,0,0,Transfer
ASG001073,DUD100690,CLI0126,2025-07-11,NULL,Active,ALT / English Teacher,106,Monthly,0,0,Initial Assignment
ASG001074,DUD100691,CLI0238,2025-06-13,2025-10-04,Ended,ALT / English Teacher,92,Monthly,0,0,Replacement
ASG001075,DUD100692,CLI0279,2026-01-20,2027-04-08,Completed,ALT / English Teacher,100,Three-Month,0,0,Transfer
ASG001076,DUD100693,CLI0100,2025-05-07,2026-06-11,Renewed,Experienced Teacher,114,Three-Month,0,0,Transfer
ASG001077,DUD100693,CLI0281,2026-06-25,2027-02-16,Renewed,ALT / English Teacher,67,Monthly,0,0,Initial Assignment
ASG001078,DUD100693,CLI0123,2027-03-03,NULL,Active,ALT / English Teacher,103,Monthly,0,0,Client Request
ASG001079,DUD100694,CLI0229,2025-09-08,2026-07-09,Renewed,Senior Teacher,55,Annual,0,0,Replacement
ASG001080,DUD100694,CLI0273,2026-07-22,2028-01-12,Completed,ALT / English Teacher,104,Monthly,0,0,Replacement
ASG001081,DUD100695,CLI0210,2025-12-13,2026-04-21,Transferred,Experienced Teacher,24,Three-Month,0,0,Client Request
ASG001082,DUD100695,CLI0293,2026-05-07,NULL,Active,ALT / English Teacher,56,Monthly,0,0,Replacement
ASG001083,DUD100696,CLI0051,2022-02-28,2022-07-10,Ended,Experienced Teacher,78,Six-Month,0,0,Initial Assignment
ASG001084,DUD100696,CLI0147,2022-08-09,2023-07-07,Completed,ALT / English Teacher,69,Annual,0,0,Initial Assignment
ASG001085,DUD100696,CLI0272,2023-08-02,NULL,Active,ALT / English Teacher,79,Annual,0,0,Staffing Demand
ASG001086,DUD100697,CLI0177,2022-10-18,NULL,Active,ALT / English Teacher,23,Annual,0,0,Transfer
ASG001087,DUD100698,CLI0082,2022-05-29,2023-05-17,Transferred,ALT / English Teacher,45,Three-Month,0,0,Transfer
ASG001088,DUD100698,CLI0049,2023-06-10,2024-08-28,Completed,ALT / English Teacher,17,Three-Month,0,0,Client Request
ASG001089,DUD100699,CLI0194,2023-12-08,2024-05-17,Ended,Experienced Teacher,107,Three-Month,0,0,Staffing Demand
ASG001090,DUD100699,CLI0020,2024-05-28,NULL,Active,ALT / English Teacher,79,Three-Month,0,0,Replacement
ASG001091,DUD100700,CLI0130,2021-06-04,2022-06-28,Renewed,Experienced Teacher,41,Six-Month,0,0,Client Request
ASG001092,DUD100700,CLI0183,2022-07-23,2023-05-14,Ended,ALT / English Teacher,71,Monthly,0,0,Client Request
ASG001093,DUD100700,CLI0070,2023-05-21,NULL,Active,ALT / English Teacher,83,Three-Month,0,0,Staffing Demand
ASG001094,DUD100701,CLI0221,2022-11-26,2024-03-09,Completed,Senior Teacher,80,Monthly,0,0,Transfer
ASG001095,DUD100702,CLI0133,2024-01-22,NULL,Active,Experienced Teacher,74,Six-Month,0,0,Staffing Demand
ASG001096,DUD100703,CLI0110,2022-10-20,2024-03-24,Renewed,Experienced Teacher,115,Annual,0,0,Staffing Demand
ASG001097,DUD100703,CLI0101,2024-03-26,NULL,Active,Experienced Teacher,72,Monthly,0,0,Replacement
ASG001098,DUD100704,CLI0299,2021-10-23,2022-07-26,Transferred,ALT / English Teacher,86,Annual,0,0,Initial Assignment
ASG001099,DUD100704,CLI0228,2022-08-02,2023-08-05,Completed,ALT / English Teacher,38,Six-Month,0,0,Replacement
ASG001100,DUD100704,CLI0133,2023-08-23,NULL,Active,ALT / English Teacher,29,Six-Month,0,0,Staffing Demand
ASG001101,DUD100705,CLI0152,2025-07-27,NULL,Active,Senior Teacher,101,Annual,0,0,Replacement
ASG001102,DUD100706,CLI0235,2023-01-23,NULL,Active,ALT / English Teacher,32,Monthly,0,0,Client Request
ASG001103,DUD100707,CLI0209,2024-06-12,NULL,Active,ALT / English Teacher,87,Annual,0,0,Initial Assignment
ASG001104,DUD100708,CLI0016,2023-12-11,2025-01-14,Renewed,Experienced Teacher,80,Monthly,0,0,Replacement
ASG001105,DUD100708,CLI0144,2025-01-17,NULL,Active,Experienced Teacher,80,Monthly,0,0,Transfer
ASG001106,DUD100709,CLI0252,2023-04-13,NULL,Active,Senior Teacher,87,Annual,0,0,Staffing Demand
ASG001107,DUD100710,CLI0240,2022-05-25,2023-02-19,Completed,Experienced Teacher,99,Six-Month,0,0,Staffing Demand
ASG001108,DUD100710,CLI0158,2023-03-09,NULL,Active,ALT / English Teacher,108,Six-Month,0,0,Staffing Demand
ASG001109,DUD100711,CLI0270,2026-01-25,2027-05-17,Renewed,ALT / English Teacher,95,Three-Month,0,0,Staffing Demand
ASG001110,DUD100711,CLI0054,2027-06-11,NULL,Active,Experienced Teacher,79,Monthly,0,0,Transfer
ASG001111,DUD100712,CLI0168,2021-07-07,2022-07-13,Ended,Experienced Teacher,19,Six-Month,0,0,Initial Assignment
ASG001112,DUD100713,CLI0097,2021-08-09,2022-09-12,Renewed,ALT / English Teacher,21,Three-Month,0,0,Replacement
ASG001113,DUD100713,CLI0228,2022-10-09,2024-03-04,Renewed,Senior Teacher,57,Three-Month,0,0,Staffing Demand
ASG001114,DUD100713,CLI0063,2024-03-16,2025-08-01,Transferred,Trainer,50,Monthly,0,0,Initial Assignment
ASG001115,DUD100714,CLI0159,2023-04-18,NULL,Active,Senior Teacher,26,Six-Month,0,0,Staffing Demand
ASG001116,DUD100715,CLI0076,2022-04-07,2022-09-29,Renewed,ALT / English Teacher,43,Monthly,0,0,Replacement
ASG001117,DUD100716,CLI0153,2025-07-18,2026-12-20,Transferred,Experienced Teacher,59,Three-Month,0,0,Initial Assignment
ASG001118,DUD100716,CLI0047,2026-12-28,2028-03-09,Renewed,Senior Teacher,24,Six-Month,0,0,Replacement
ASG001119,DUD100717,CLI0115,2022-04-04,2022-07-13,Renewed,ALT / English Teacher,101,Monthly,0,0,Initial Assignment
ASG001120,DUD100717,CLI0140,2022-07-20,NULL,Active,ALT / English Teacher,51,Monthly,0,0,Initial Assignment
ASG001121,DUD100718,CLI0070,2025-02-19,NULL,Active,ALT / English Teacher,52,Annual,0,0,Client Request
ASG001122,DUD100719,CLI0258,2025-10-20,NULL,Active,ALT / English Teacher,31,Monthly,0,0,Staffing Demand
ASG001123,DUD100720,CLI0130,2024-08-19,2025-10-04,Ended,Experienced Teacher,53,Six-Month,0,0,Initial Assignment
ASG001124,DUD100720,CLI0093,2025-10-22,2026-11-27,Completed,Senior Teacher,50,Monthly,0,0,Staffing Demand
ASG001125,DUD100721,CLI0106,2021-06-12,NULL,Active,Senior Teacher,40,Monthly,0,0,Transfer
ASG001126,DUD100722,CLI0086,2025-08-24,NULL,Active,Senior Teacher,59,Three-Month,0,0,Client Request
ASG001127,DUD100723,CLI0252,2021-10-07,2023-01-16,Completed,ALT / English Teacher,100,Annual,0,0,Staffing Demand
ASG001128,DUD100724,CLI0115,2022-12-23,2023-12-22,Transferred,ALT / English Teacher,113,Six-Month,0,0,Client Request
ASG001129,DUD100724,CLI0233,2024-01-10,NULL,Active,Experienced Teacher,72,Monthly,0,0,Replacement
ASG001130,DUD100725,CLI0261,2025-01-10,2025-04-18,Renewed,Experienced Teacher,55,Six-Month,0,0,Transfer
ASG001131,DUD100725,CLI0009,2025-05-04,NULL,Active,Senior Teacher,46,Three-Month,0,0,Client Request
ASG001132,DUD100726,CLI0222,2022-05-28,NULL,Active,Experienced Teacher,91,Monthly,0,0,Staffing Demand
ASG001133,DUD100727,CLI0200,2025-03-21,2025-10-07,Renewed,ALT / English Teacher,31,Six-Month,0,0,Client Request
ASG001134,DUD100727,CLI0037,2025-10-25,NULL,Active,Experienced Teacher,39,Annual,0,0,Replacement
ASG001135,DUD100728,CLI0103,2025-05-10,2026-03-26,Ended,ALT / English Teacher,118,Monthly,0,0,Client Request
ASG001136,DUD100728,CLI0121,2026-04-23,2027-07-04,Renewed,ALT / English Teacher,83,Six-Month,0,0,Replacement
ASG001137,DUD100729,CLI0130,2022-01-10,NULL,Active,ALT / English Teacher,82,Three-Month,0,0,Initial Assignment
ASG001138,DUD100730,CLI0075,2022-01-11,2023-04-23,Completed,ALT / English Teacher,73,Monthly,0,0,Replacement
ASG001139,DUD100730,CLI0128,2023-04-29,2023-09-28,Transferred,Experienced Teacher,94,Three-Month,0,0,Transfer
ASG001140,DUD100731,CLI0208,2023-11-23,2024-04-15,Ended,Experienced Teacher,94,Three-Month,0,0,Replacement
ASG001141,DUD100732,CLI0269,2024-11-30,NULL,Active,ALT / English Teacher,22,Annual,0,0,Initial Assignment
ASG001142,DUD100733,CLI0200,2025-07-29,NULL,Active,ALT / English Teacher,112,Six-Month,0,0,Staffing Demand
ASG001143,DUD100734,CLI0115,2022-09-07,2023-07-27,Ended,Experienced Teacher,99,Monthly,0,0,Transfer
ASG001144,DUD100735,CLI0240,2022-09-23,2024-01-23,Completed,ALT / English Teacher,50,Six-Month,0,0,Initial Assignment
ASG001145,DUD100736,CLI0043,2026-01-25,NULL,Active,Senior Teacher,110,Six-Month,0,0,Replacement
ASG001146,DUD100737,CLI0026,2023-03-15,NULL,Active,Senior Teacher,74,Six-Month,0,0,Replacement
ASG001147,DUD100738,CLI0107,2024-05-28,NULL,Active,Experienced Teacher,95,Six-Month,0,0,Replacement
ASG001148,DUD100739,CLI0208,2022-01-29,2023-01-14,Completed,ALT / English Teacher,22,Six-Month,0,0,Client Request
ASG001149,DUD100739,CLI0193,2023-02-07,NULL,Active,ALT / English Teacher,45,Six-Month,0,0,Staffing Demand
ASG001150,DUD100740,CLI0233,2023-08-01,2024-04-04,Completed,ALT / English Teacher,51,Three-Month,0,0,Replacement
ASG001151,DUD100740,CLI0131,2024-04-25,2025-08-07,Ended,Experienced Teacher,82,Three-Month,0,0,Initial Assignment
ASG001152,DUD100740,CLI0079,2025-09-05,2026-09-13,Transferred,Experienced Teacher,84,Three-Month,0,0,Initial Assignment
ASG001153,DUD100741,CLI0109,2024-08-21,2025-07-26,Completed,ALT / English Teacher,76,Three-Month,0,0,Initial Assignment
ASG001154,DUD100741,CLI0160,2025-08-06,NULL,Active,ALT / English Teacher,44,Three-Month,0,0,Replacement
ASG001155,DUD100742,CLI0121,2022-05-06,2022-10-09,Renewed,ALT / English Teacher,103,Monthly,0,0,Initial Assignment
ASG001156,DUD100742,CLI0085,2022-11-01,NULL,Active,ALT / English Teacher,120,Monthly,0,0,Replacement
ASG001157,DUD100743,CLI0139,2022-03-01,2022-12-08,Transferred,ALT / English Teacher,66,Annual,0,0,Replacement
ASG001158,DUD100743,CLI0045,2022-12-23,NULL,Active,ALT / English Teacher,43,Monthly,0,0,Transfer
ASG001159,DUD100744,CLI0112,2024-07-15,2025-06-07,Renewed,ALT / English Teacher,53,Monthly,0,0,Replacement
ASG001160,DUD100745,CLI0174,2022-01-23,2023-05-28,Completed,Senior Teacher,72,Monthly,0,0,Staffing Demand
ASG001161,DUD100745,CLI0199,2023-06-21,2024-04-11,Ended,ALT / English Teacher,55,Monthly,0,0,Transfer
ASG001162,DUD100745,CLI0137,2024-05-11,NULL,Active,ALT / English Teacher,77,Monthly,0,0,Replacement
ASG001163,DUD100746,CLI0241,2021-12-29,2022-09-09,Transferred,ALT / English Teacher,118,Six-Month,0,0,Initial Assignment
ASG001164,DUD100747,CLI0249,2025-11-25,NULL,Active,Senior Teacher,119,Monthly,0,0,Replacement
ASG001165,DUD100748,CLI0091,2022-11-19,2023-04-24,Ended,ALT / English Teacher,88,Three-Month,0,0,Initial Assignment
ASG001166,DUD100749,CLI0169,2022-12-25,NULL,Active,ALT / English Teacher,18,Monthly,0,0,Replacement
ASG001167,DUD100750,CLI0025,2024-12-15,2025-08-31,Transferred,Experienced Teacher,119,Six-Month,0,0,Client Request
ASG001168,DUD100750,CLI0253,2025-09-24,NULL,Active,ALT / English Teacher,58,Three-Month,0,0,Staffing Demand
ASG001169,DUD100751,CLI0266,2023-11-25,NULL,Active,ALT / English Teacher,110,Monthly,0,0,Transfer
ASG001170,DUD100752,CLI0269,2023-02-09,NULL,Active,ALT / English Teacher,30,Six-Month,0,0,Initial Assignment
ASG001171,DUD100753,CLI0128,2025-12-22,NULL,Active,Experienced Teacher,27,Annual,0,0,Replacement
ASG001172,DUD100754,CLI0258,2024-09-21,NULL,Active,ALT / English Teacher,120,Three-Month,0,0,Initial Assignment
ASG001173,DUD100755,CLI0243,2025-11-11,NULL,Active,ALT / English Teacher,32,Monthly,0,0,Staffing Demand
ASG001174,DUD100756,CLI0012,2021-10-19,NULL,Active,ALT / English Teacher,39,Annual,0,0,Staffing Demand
ASG001175,DUD100757,CLI0285,2026-01-01,2027-04-11,Completed,ALT / English Teacher,22,Three-Month,0,0,Client Request
ASG001176,DUD100757,CLI0025,2027-04-12,NULL,Active,Trainer,22,Six-Month,0,0,Transfer
ASG001177,DUD100758,CLI0273,2023-11-07,2024-09-25,Ended,Experienced Teacher,97,Monthly,0,0,Staffing Demand
ASG001178,DUD100758,CLI0200,2024-10-22,2025-02-07,Renewed,Experienced Teacher,59,Annual,0,0,Staffing Demand
ASG001179,DUD100758,CLI0177,2025-02-20,NULL,Active,ALT / English Teacher,108,Monthly,0,0,Transfer
ASG001180,DUD100759,CLI0109,2022-11-17,2023-06-26,Renewed,Experienced Teacher,43,Three-Month,0,0,Initial Assignment
ASG001181,DUD100759,CLI0103,2023-07-11,NULL,Active,ALT / English Teacher,87,Three-Month,0,0,Transfer
ASG001182,DUD100760,CLI0016,2024-11-11,2025-06-21,Ended,ALT / English Teacher,112,Six-Month,0,0,Transfer
ASG001183,DUD100760,CLI0192,2025-06-24,NULL,Active,ALT / English Teacher,35,Three-Month,0,0,Staffing Demand
ASG001184,DUD100761,CLI0134,2025-08-21,NULL,Active,ALT / English Teacher,32,Six-Month,0,0,Initial Assignment
ASG001185,DUD100762,CLI0199,2023-12-15,2024-08-14,Transferred,ALT / English Teacher,110,Three-Month,0,0,Replacement
ASG001186,DUD100763,CLI0170,2023-06-26,NULL,Active,ALT / English Teacher,102,Three-Month,0,0,Transfer
ASG001187,DUD100764,CLI0162,2022-07-05,2023-07-21,Ended,Senior Teacher,63,Six-Month,0,0,Initial Assignment
ASG001188,DUD100765,CLI0111,2026-01-19,2026-10-22,Ended,Experienced Teacher,93,Annual,0,0,Replacement
ASG001189,DUD100766,CLI0218,2022-01-19,2022-11-07,Renewed,ALT / English Teacher,111,Six-Month,0,0,Transfer
ASG001190,DUD100766,CLI0111,2022-11-15,2024-01-21,Ended,ALT / English Teacher,32,Monthly,0,0,Replacement
ASG001191,DUD100766,CLI0279,2024-02-02,NULL,Active,Trainer,59,Annual,0,0,Client Request
ASG001192,DUD100767,CLI0036,2026-01-29,2026-05-21,Renewed,ALT / English Teacher,114,Monthly,0,0,Transfer
ASG001193,DUD100767,CLI0290,2026-05-28,NULL,Active,Experienced Teacher,83,Monthly,0,0,Client Request
ASG001194,DUD100768,CLI0216,2024-06-20,2025-01-27,Transferred,ALT / English Teacher,19,Monthly,0,0,Client Request
ASG001195,DUD100769,CLI0002,2023-07-05,2024-01-26,Renewed,ALT / English Teacher,22,Three-Month,0,0,Transfer
ASG001196,DUD100769,CLI0271,2024-02-22,2024-08-07,Renewed,ALT / English Teacher,109,Monthly,0,0,Staffing Demand
ASG001197,DUD100769,CLI0185,2024-08-22,2025-02-26,Transferred,ALT / English Teacher,20,Annual,0,0,Staffing Demand
ASG001198,DUD100770,CLI0069,2023-05-22,NULL,Active,Senior Teacher,78,Monthly,0,0,Initial Assignment
ASG001199,DUD100771,CLI0138,2022-10-18,NULL,Active,Senior Teacher,58,Three-Month,0,0,Replacement
ASG001200,DUD100772,CLI0027,2021-02-19,NULL,Active,ALT / English Teacher,94,Three-Month,0,0,Staffing Demand
ASG001201,DUD100773,CLI0247,2023-09-18,2024-03-10,Completed,ALT / English Teacher,87,Annual,0,0,Client Request
ASG001202,DUD100773,CLI0292,2024-03-17,NULL,Active,ALT / English Teacher,84,Annual,0,0,Staffing Demand
ASG001203,DUD100774,CLI0201,2025-04-03,2025-07-09,Renewed,ALT / English Teacher,30,Annual,0,0,Initial Assignment
ASG001204,DUD100774,CLI0103,2025-07-10,NULL,Active,ALT / English Teacher,74,Three-Month,0,0,Staffing Demand
ASG001205,DUD100775,CLI0276,2022-12-05,2023-12-03,Ended,ALT / English Teacher,23,Annual,0,0,Replacement
ASG001206,DUD100775,CLI0224,2023-12-10,NULL,Active,Senior Teacher,42,Three-Month,0,0,Replacement
ASG001207,DUD100776,CLI0052,2022-09-05,2023-03-16,Transferred,Senior Teacher,52,Three-Month,0,0,Replacement
ASG001208,DUD100777,CLI0157,2021-11-28,NULL,Active,ALT / English Teacher,91,Six-Month,0,0,Replacement
ASG001209,DUD100778,CLI0131,2023-06-20,2024-05-02,Renewed,Experienced Teacher,94,Three-Month,0,0,Staffing Demand
ASG001210,DUD100778,CLI0246,2024-05-28,NULL,Active,Senior Teacher,95,Monthly,0,0,Client Request
ASG001211,DUD100779,CLI0138,2021-05-01,2022-06-26,Completed,Experienced Teacher,86,Annual,0,0,Staffing Demand
ASG001212,DUD100779,CLI0195,2022-07-15,2023-10-27,Ended,ALT / English Teacher,56,Three-Month,0,0,Replacement
ASG001213,DUD100780,CLI0128,2025-07-03,2026-03-06,Transferred,ALT / English Teacher,27,Monthly,0,0,Replacement
ASG001214,DUD100780,CLI0161,2026-04-05,NULL,Active,Senior Teacher,20,Annual,0,0,Replacement
ASG001215,DUD100781,CLI0091,2022-03-28,2022-07-30,Transferred,ALT / English Teacher,61,Monthly,0,0,Transfer
ASG001216,DUD100782,CLI0078,2026-02-18,NULL,Active,Experienced Teacher,17,Three-Month,0,0,Transfer
ASG001217,DUD100783,CLI0086,2024-12-20,2025-11-12,Transferred,ALT / English Teacher,50,Three-Month,0,0,Client Request
ASG001218,DUD100783,CLI0121,2025-11-25,NULL,Active,Experienced Teacher,120,Six-Month,0,0,Staffing Demand
ASG001219,DUD100784,CLI0213,2024-08-20,NULL,Active,ALT / English Teacher,52,Annual,0,0,Replacement
ASG001220,DUD100785,CLI0296,2022-01-21,2023-05-15,Transferred,Senior Teacher,68,Annual,0,0,Transfer
ASG001221,DUD100785,CLI0173,2023-05-29,NULL,Active,Experienced Teacher,96,Annual,0,0,Replacement
ASG001222,DUD100786,CLI0189,2021-04-09,2021-11-13,Ended,Experienced Teacher,20,Annual,0,0,Staffing Demand
ASG001223,DUD100786,CLI0198,2021-11-27,2022-06-19,Ended,ALT / English Teacher,51,Monthly,0,0,Transfer
ASG001224,DUD100786,CLI0175,2022-07-18,NULL,Active,Trainer,107,Annual,0,0,Client Request
ASG001225,DUD100787,CLI0117,2024-09-04,2025-09-13,Renewed,Experienced Teacher,50,Three-Month,0,0,Staffing Demand
ASG001226,DUD100788,CLI0034,2025-07-31,2026-01-29,Ended,ALT / English Teacher,68,Three-Month,0,0,Staffing Demand
ASG001227,DUD100788,CLI0260,2026-02-03,2027-06-15,Completed,Trainer,22,Monthly,0,0,Staffing Demand
ASG001228,DUD100789,CLI0073,2022-07-04,NULL,Active,ALT / English Teacher,21,Six-Month,0,0,Transfer
ASG001229,DUD100790,CLI0181,2023-07-09,NULL,Active,Trainer,15,Monthly,0,0,Replacement
ASG001230,DUD100791,CLI0108,2022-03-07,2022-07-07,Completed,ALT / English Teacher,102,Six-Month,0,0,Replacement
ASG001231,DUD100792,CLI0098,2025-05-11,NULL,Active,Senior Teacher,36,Annual,0,0,Client Request
ASG001232,DUD100793,CLI0147,2024-05-26,NULL,Active,ALT / English Teacher,102,Monthly,0,0,Replacement
ASG001233,DUD100794,CLI0122,2024-09-21,2025-02-07,Completed,Experienced Teacher,81,Three-Month,0,0,Staffing Demand
ASG001234,DUD100794,CLI0096,2025-03-07,2025-08-16,Transferred,ALT / English Teacher,120,Three-Month,0,0,Replacement
ASG001235,DUD100795,CLI0227,2021-02-26,NULL,Active,Experienced Teacher,38,Monthly,0,0,Client Request
ASG001236,DUD100796,CLI0046,2021-06-23,2022-05-06,Renewed,ALT / English Teacher,109,Six-Month,0,0,Staffing Demand
ASG001237,DUD100796,CLI0295,2022-05-18,2023-05-03,Completed,Experienced Teacher,115,Three-Month,0,0,Replacement
ASG001238,DUD100796,CLI0114,2023-05-21,NULL,Active,ALT / English Teacher,105,Monthly,0,0,Client Request
ASG001239,DUD100797,CLI0199,2021-06-07,2022-07-27,Ended,ALT / English Teacher,93,Three-Month,0,0,Transfer
ASG001240,DUD100797,CLI0283,2022-07-30,2023-04-06,Completed,ALT / English Teacher,115,Three-Month,0,0,Client Request
ASG001241,DUD100797,CLI0238,2023-05-01,NULL,Active,ALT / English Teacher,120,Three-Month,0,0,Staffing Demand
ASG001242,DUD100798,CLI0013,2021-12-04,2023-04-21,Ended,ALT / English Teacher,31,Monthly,0,0,Initial Assignment
ASG001243,DUD100798,CLI0032,2023-05-06,NULL,Active,ALT / English Teacher,82,Monthly,0,0,Initial Assignment
ASG001244,DUD100799,CLI0084,2023-03-29,2024-01-14,Ended,Experienced Teacher,44,Monthly,0,0,Staffing Demand
ASG001245,DUD100800,CLI0239,2024-03-18,2025-04-24,Renewed,ALT / English Teacher,18,Three-Month,0,0,Replacement
ASG001246,DUD100800,CLI0223,2025-05-15,NULL,Active,ALT / English Teacher,17,Annual,0,0,Staffing Demand
ASG001247,DUD100801,CLI0233,2022-09-02,NULL,Active,ALT / English Teacher,90,Three-Month,0,0,Replacement
ASG001248,DUD100802,CLI0270,2021-12-29,2022-10-03,Transferred,ALT / English Teacher,85,Six-Month,0,0,Client Request
ASG001249,DUD100803,CLI0065,2021-05-13,2022-10-03,Completed,Experienced Teacher,60,Three-Month,0,0,Client Request
ASG001250,DUD100803,CLI0295,2022-10-30,2024-04-11,Ended,ALT / English Teacher,109,Annual,0,0,Replacement
ASG001251,DUD100804,CLI0294,2024-06-30,2024-10-25,Transferred,ALT / English Teacher,37,Three-Month,0,0,Staffing Demand
ASG001252,DUD100804,CLI0116,2024-10-30,NULL,Active,ALT / English Teacher,56,Three-Month,0,0,Staffing Demand
ASG001253,DUD100805,CLI0084,2025-09-09,NULL,Active,Experienced Teacher,61,Six-Month,0,0,Replacement
ASG001254,DUD100806,CLI0146,2021-10-21,2022-11-28,Completed,ALT / English Teacher,29,Six-Month,0,0,Transfer
ASG001255,DUD100806,CLI0209,2022-12-05,2024-01-01,Transferred,ALT / English Teacher,74,Three-Month,0,0,Transfer
ASG001256,DUD100806,CLI0028,2024-01-13,NULL,Active,Experienced Teacher,107,Three-Month,0,0,Initial Assignment
ASG001257,DUD100807,CLI0286,2024-12-08,2025-04-06,Renewed,Senior Teacher,68,Annual,0,0,Transfer
ASG001258,DUD100808,CLI0020,2024-02-24,2025-02-18,Ended,ALT / English Teacher,98,Annual,0,0,Staffing Demand
ASG001259,DUD100808,CLI0116,2025-02-19,NULL,Active,Experienced Teacher,117,Monthly,0,0,Client Request
ASG001260,DUD100809,CLI0258,2021-07-21,2021-12-23,Transferred,Experienced Teacher,54,Annual,0,0,Staffing Demand
ASG001261,DUD100809,CLI0217,2021-12-25,2022-12-12,Transferred,ALT / English Teacher,61,Three-Month,0,0,Initial Assignment
ASG001262,DUD100809,CLI0250,2022-12-14,NULL,Active,Experienced Teacher,88,Annual,0,0,Replacement
ASG001263,DUD100810,CLI0241,2024-02-14,2025-06-09,Ended,Senior Teacher,28,Annual,0,0,Initial Assignment
ASG001264,DUD100810,CLI0154,2025-06-19,NULL,Active,Experienced Teacher,110,Three-Month,0,0,Initial Assignment
ASG001265,DUD100811,CLI0030,2022-03-26,NULL,Active,ALT / English Teacher,16,Monthly,0,0,Staffing Demand
ASG001266,DUD100812,CLI0113,2022-03-21,NULL,Active,Senior Teacher,109,Annual,0,0,Transfer
ASG001267,DUD100813,CLI0138,2023-06-16,NULL,Active,ALT / English Teacher,36,Annual,0,0,Client Request
ASG001268,DUD100814,CLI0029,2025-03-16,NULL,Active,Senior Teacher,64,Six-Month,0,0,Replacement
ASG001269,DUD100815,CLI0158,2025-12-07,NULL,Active,ALT / English Teacher,119,Annual,0,0,Transfer
ASG001270,DUD100816,CLI0010,2025-02-03,NULL,Active,ALT / English Teacher,32,Annual,0,0,Client Request
ASG001271,DUD100817,CLI0162,2021-12-24,2022-10-01,Renewed,ALT / English Teacher,51,Six-Month,0,0,Initial Assignment
ASG001272,DUD100817,CLI0300,2022-10-06,NULL,Active,Experienced Teacher,59,Six-Month,0,0,Replacement
ASG001273,DUD100818,CLI0029,2024-06-24,2025-02-03,Renewed,ALT / English Teacher,21,Annual,0,0,Initial Assignment
ASG001274,DUD100819,CLI0022,2025-02-12,2025-08-01,Transferred,ALT / English Teacher,35,Three-Month,0,0,Initial Assignment
ASG001275,DUD100820,CLI0192,2022-08-12,NULL,Active,Experienced Teacher,78,Monthly,0,0,Client Request
ASG001276,DUD100821,CLI0096,2025-02-24,NULL,Active,ALT / English Teacher,35,Six-Month,0,0,Initial Assignment
ASG001277,DUD100822,CLI0174,2023-06-25,2024-09-29,Transferred,ALT / English Teacher,53,Annual,0,0,Transfer
ASG001278,DUD100822,CLI0181,2024-10-13,NULL,Active,ALT / English Teacher,61,Monthly,0,0,Client Request
ASG001279,DUD100823,CLI0059,2022-04-11,NULL,Active,ALT / English Teacher,57,Three-Month,0,0,Initial Assignment
ASG001280,DUD100824,CLI0122,2026-01-12,2026-11-15,Renewed,ALT / English Teacher,25,Annual,0,0,Staffing Demand
ASG001281,DUD100824,CLI0280,2026-12-04,2027-11-23,Ended,ALT / English Teacher,26,Annual,0,0,Staffing Demand
ASG001282,DUD100825,CLI0115,2025-01-10,2025-06-15,Renewed,Experienced Teacher,105,Annual,0,0,Replacement
ASG001283,DUD100826,CLI0165,2021-11-02,2022-12-22,Renewed,Senior Teacher,53,Monthly,0,0,Client Request
ASG001284,DUD100826,CLI0290,2022-12-29,NULL,Active,ALT / English Teacher,40,Annual,0,0,Staffing Demand
ASG001285,DUD100827,CLI0202,2025-08-12,2026-01-09,Transferred,Experienced Teacher,69,Monthly,0,0,Staffing Demand
ASG001286,DUD100827,CLI0063,2026-01-28,2027-07-12,Transferred,Experienced Teacher,115,Three-Month,0,0,Transfer
ASG001287,DUD100828,CLI0202,2021-09-11,2022-09-30,Ended,ALT / English Teacher,47,Three-Month,0,0,Replacement
ASG001288,DUD100828,CLI0249,2022-10-22,NULL,Active,Experienced Teacher,56,Three-Month,0,0,Initial Assignment
ASG001289,DUD100829,CLI0171,2025-03-17,2026-08-11,Renewed,ALT / English Teacher,61,Annual,0,0,Replacement
ASG001290,DUD100829,CLI0010,2026-08-27,2027-05-16,Completed,ALT / English Teacher,46,Six-Month,0,0,Client Request
ASG001291,DUD100830,CLI0105,2025-06-21,2026-03-27,Ended,Experienced Teacher,99,Monthly,0,0,Replacement
ASG001292,DUD100830,CLI0241,2026-04-17,NULL,Active,Senior Teacher,70,Six-Month,0,0,Transfer
ASG001293,DUD100831,CLI0048,2024-04-14,NULL,Active,Experienced Teacher,21,Three-Month,0,0,Client Request
ASG001294,DUD100832,CLI0191,2023-03-31,2023-10-16,Transferred,ALT / English Teacher,86,Three-Month,0,0,Client Request
ASG001295,DUD100833,CLI0036,2022-03-12,NULL,Active,ALT / English Teacher,82,Annual,0,0,Replacement
ASG001296,DUD100834,CLI0166,2021-02-02,NULL,Active,Senior Teacher,47,Three-Month,0,0,Client Request
ASG001297,DUD100835,CLI0259,2025-03-12,NULL,Active,ALT / English Teacher,18,Six-Month,0,0,Transfer
ASG001298,DUD100836,CLI0028,2022-07-01,2023-12-11,Transferred,ALT / English Teacher,44,Monthly,0,0,Staffing Demand
ASG001299,DUD100836,CLI0292,2024-01-08,NULL,Active,Experienced Teacher,72,Three-Month,0,0,Staffing Demand
ASG001300,DUD100837,CLI0245,2021-03-07,NULL,Active,ALT / English Teacher,120,Monthly,0,0,Initial Assignment
ASG001301,DUD100838,CLI0152,2025-05-24,2026-03-03,Renewed,Senior Teacher,46,Three-Month,0,0,Replacement
ASG001302,DUD100839,CLI0205,2023-06-27,NULL,Active,ALT / English Teacher,60,Annual,0,0,Client Request
ASG001303,DUD100840,CLI0030,2024-01-05,NULL,Active,Experienced Teacher,89,Six-Month,0,0,Initial Assignment
ASG001304,DUD100841,CLI0292,2021-10-05,NULL,Active,ALT / English Teacher,76,Six-Month,0,0,Replacement
ASG001305,DUD100842,CLI0090,2023-11-26,2024-11-08,Renewed,ALT / English Teacher,19,Monthly,0,0,Transfer
ASG001306,DUD100842,CLI0097,2024-11-23,2025-12-01,Ended,ALT / English Teacher,68,Three-Month,0,0,Staffing Demand
ASG001307,DUD100842,CLI0049,2025-12-27,2026-08-05,Ended,ALT / English Teacher,32,Six-Month,0,0,Initial Assignment
ASG001308,DUD100843,CLI0015,2024-08-01,NULL,Active,Experienced Teacher,30,Monthly,0,0,Replacement
ASG001309,DUD100844,CLI0093,2022-06-02,2023-07-12,Transferred,Experienced Teacher,35,Annual,0,0,Transfer
ASG001310,DUD100844,CLI0158,2023-07-24,2024-02-25,Ended,Senior Teacher,32,Monthly,0,0,Initial Assignment
ASG001311,DUD100844,CLI0210,2024-03-01,NULL,Active,ALT / English Teacher,76,Monthly,0,0,Client Request
ASG001312,DUD100845,CLI0173,2022-10-17,NULL,Active,Senior Teacher,31,Monthly,0,0,Staffing Demand
ASG001313,DUD100846,CLI0054,2024-03-22,2024-07-06,Renewed,Senior Teacher,66,Annual,0,0,Replacement
ASG001314,DUD100847,CLI0101,2021-02-03,2021-09-05,Ended,ALT / English Teacher,48,Annual,0,0,Transfer
ASG001315,DUD100847,CLI0124,2021-09-23,2023-02-13,Completed,ALT / English Teacher,62,Monthly,0,0,Transfer
ASG001316,DUD100847,CLI0007,2023-02-19,NULL,Active,Senior Teacher,52,Annual,0,0,Initial Assignment
ASG001317,DUD100848,CLI0116,2023-07-10,NULL,Active,ALT / English Teacher,99,Three-Month,0,0,Client Request
ASG001318,DUD100849,CLI0267,2026-02-07,NULL,Active,ALT / English Teacher,29,Six-Month,0,0,Client Request
ASG001319,DUD100850,CLI0140,2023-05-01,2024-07-04,Renewed,ALT / English Teacher,77,Annual,0,0,Staffing Demand
ASG001320,DUD100851,CLI0269,2023-07-03,2024-11-21,Renewed,Experienced Teacher,115,Six-Month,0,0,Replacement
ASG001321,DUD100851,CLI0061,2024-11-25,2025-08-21,Ended,ALT / English Teacher,43,Six-Month,0,0,Staffing Demand
ASG001322,DUD100851,CLI0294,2025-09-03,2026-06-30,Ended,Senior Teacher,84,Monthly,0,0,Replacement
ASG001323,DUD100852,CLI0122,2023-03-14,NULL,Active,ALT / English Teacher,65,Annual,0,0,Transfer
ASG001324,DUD100853,CLI0020,2021-05-20,2021-09-09,Ended,Trainer,78,Three-Month,0,0,Client Request
ASG001325,DUD100853,CLI0080,2021-09-25,NULL,Active,Trainer,26,Six-Month,0,0,Transfer
ASG001326,DUD100854,CLI0100,2025-11-10,2026-11-22,Completed,Experienced Teacher,67,Monthly,0,0,Staffing Demand
ASG001327,DUD100854,CLI0234,2026-12-16,NULL,Active,ALT / English Teacher,54,Annual,0,0,Staffing Demand
ASG001328,DUD100855,CLI0198,2022-03-14,NULL,Active,Trainer,108,Six-Month,0,0,Replacement
ASG001329,DUD100856,CLI0269,2022-01-07,NULL,Active,Experienced Teacher,98,Annual,0,0,Initial Assignment
ASG001330,DUD100857,CLI0087,2024-08-01,2025-03-27,Completed,ALT / English Teacher,61,Annual,0,0,Transfer
ASG001331,DUD100858,CLI0123,2022-01-10,2023-04-09,Renewed,Experienced Teacher,66,Annual,0,0,Staffing Demand
ASG001332,DUD100858,CLI0297,2023-04-25,2024-05-18,Transferred,Experienced Teacher,51,Six-Month,0,0,Initial Assignment
ASG001333,DUD100858,CLI0241,2024-06-06,2025-11-24,Completed,Experienced Teacher,105,Annual,0,0,Initial Assignment
ASG001334,DUD100859,CLI0272,2021-05-11,NULL,Active,ALT / English Teacher,95,Three-Month,0,0,Initial Assignment
ASG001335,DUD100860,CLI0023,2022-05-02,NULL,Active,Senior Teacher,52,Monthly,0,0,Initial Assignment
ASG001336,DUD100861,CLI0047,2025-04-11,2026-07-07,Transferred,Experienced Teacher,80,Monthly,0,0,Client Request
ASG001337,DUD100862,CLI0072,2025-05-30,NULL,Active,ALT / English Teacher,37,Annual,0,0,Transfer
ASG001338,DUD100863,CLI0267,2023-12-24,NULL,Active,Trainer,31,Three-Month,0,0,Staffing Demand
ASG001339,DUD100864,CLI0063,2021-01-04,NULL,Active,Senior Teacher,28,Monthly,0,0,Initial Assignment
ASG001340,DUD100865,CLI0191,2022-07-05,2023-10-12,Transferred,ALT / English Teacher,33,Six-Month,0,0,Initial Assignment
ASG001341,DUD100865,CLI0242,2023-10-24,2024-06-12,Transferred,Experienced Teacher,35,Three-Month,0,0,Transfer
ASG001342,DUD100865,CLI0114,2024-06-24,NULL,Active,Experienced Teacher,46,Monthly,0,0,Staffing Demand
ASG001343,DUD100866,CLI0137,2026-01-18,2026-11-10,Completed,ALT / English Teacher,45,Annual,0,0,Transfer
ASG001344,DUD100867,CLI0170,2021-02-19,2022-06-28,Renewed,Experienced Teacher,94,Six-Month,0,0,Client Request
ASG001345,DUD100868,CLI0130,2021-06-06,2022-06-18,Ended,ALT / English Teacher,85,Six-Month,0,0,Transfer
ASG001346,DUD100868,CLI0243,2022-07-09,2022-10-30,Renewed,ALT / English Teacher,22,Six-Month,0,0,Staffing Demand
ASG001347,DUD100869,CLI0111,2025-05-11,2026-05-09,Completed,ALT / English Teacher,38,Annual,0,0,Staffing Demand
ASG001348,DUD100870,CLI0172,2024-03-04,2025-03-12,Renewed,ALT / English Teacher,98,Annual,0,0,Client Request
ASG001349,DUD100871,CLI0080,2026-01-14,2026-06-05,Completed,Experienced Teacher,56,Six-Month,0,0,Replacement
ASG001350,DUD100871,CLI0015,2026-06-06,NULL,Active,Senior Teacher,97,Monthly,0,0,Client Request
ASG001351,DUD100872,CLI0137,2024-01-08,NULL,Active,Experienced Teacher,35,Annual,0,0,Transfer
ASG001352,DUD100873,CLI0034,2023-01-10,NULL,Active,Experienced Teacher,103,Six-Month,0,0,Staffing Demand
ASG001353,DUD100874,CLI0110,2022-08-23,2023-12-17,Renewed,Experienced Teacher,81,Three-Month,0,0,Staffing Demand
ASG001354,DUD100875,CLI0283,2025-06-29,NULL,Active,Trainer,38,Three-Month,0,0,Client Request
ASG001355,DUD100876,CLI0208,2024-10-08,2025-01-11,Renewed,Experienced Teacher,79,Three-Month,0,0,Staffing Demand
ASG001356,DUD100876,CLI0116,2025-02-05,NULL,Active,Senior Teacher,27,Monthly,0,0,Initial Assignment
ASG001357,DUD100877,CLI0164,2025-09-21,NULL,Active,ALT / English Teacher,26,Annual,0,0,Client Request
ASG001358,DUD100878,CLI0237,2025-01-11,NULL,Active,Experienced Teacher,73,Annual,0,0,Replacement
ASG001359,DUD100879,CLI0278,2023-08-13,NULL,Active,ALT / English Teacher,48,Three-Month,0,0,Client Request
ASG001360,DUD100880,CLI0027,2025-12-12,2027-04-02,Ended,ALT / English Teacher,87,Six-Month,0,0,Replacement
ASG001361,DUD100880,CLI0061,2027-04-23,NULL,Active,Experienced Teacher,67,Three-Month,0,0,Client Request
ASG001362,DUD100881,CLI0064,2026-03-11,2027-08-25,Renewed,Senior Teacher,47,Three-Month,0,0,Client Request
ASG001363,DUD100881,CLI0229,2027-09-13,NULL,Active,Trainer,69,Three-Month,0,0,Transfer
ASG001364,DUD100882,CLI0125,2022-04-05,NULL,Active,ALT / English Teacher,111,Three-Month,0,0,Replacement
ASG001365,DUD100883,CLI0039,2023-05-21,2024-02-05,Transferred,ALT / English Teacher,117,Monthly,0,0,Replacement
ASG001366,DUD100883,CLI0129,2024-02-19,2024-12-07,Completed,ALT / English Teacher,76,Six-Month,0,0,Initial Assignment
ASG001367,DUD100884,CLI0062,2022-10-12,2023-11-22,Renewed,ALT / English Teacher,22,Annual,0,0,Replacement
ASG001368,DUD100884,CLI0075,2023-12-06,NULL,Active,Senior Teacher,75,Three-Month,0,0,Initial Assignment
ASG001369,DUD100885,CLI0274,2024-03-30,NULL,Active,Senior Teacher,102,Six-Month,0,0,Staffing Demand
ASG001370,DUD100886,CLI0267,2022-11-06,NULL,Active,Experienced Teacher,97,Monthly,0,0,Client Request
ASG001371,DUD100887,CLI0131,2022-11-10,2023-06-13,Transferred,ALT / English Teacher,107,Annual,0,0,Replacement
ASG001372,DUD100887,CLI0211,2023-07-05,2024-09-16,Transferred,ALT / English Teacher,89,Three-Month,0,0,Transfer
ASG001373,DUD100887,CLI0239,2024-10-03,2026-03-03,Transferred,ALT / English Teacher,40,Three-Month,0,0,Initial Assignment
ASG001374,DUD100888,CLI0179,2025-04-11,NULL,Active,ALT / English Teacher,26,Annual,0,0,Initial Assignment
ASG001375,DUD100889,CLI0018,2024-04-24,2024-07-29,Renewed,ALT / English Teacher,17,Annual,0,0,Initial Assignment
ASG001376,DUD100889,CLI0084,2024-08-08,NULL,Active,ALT / English Teacher,111,Six-Month,0,0,Transfer
ASG001377,DUD100890,CLI0158,2021-01-17,NULL,Active,ALT / English Teacher,82,Six-Month,0,0,Initial Assignment
ASG001378,DUD100891,CLI0106,2025-08-18,NULL,Active,ALT / English Teacher,89,Monthly,0,0,Replacement
ASG001379,DUD100892,CLI0180,2025-05-12,NULL,Active,Senior Teacher,98,Six-Month,0,0,Replacement
ASG001380,DUD100893,CLI0096,2024-07-20,2025-11-07,Completed,ALT / English Teacher,28,Six-Month,0,0,Replacement
ASG001381,DUD100893,CLI0066,2025-12-07,2026-11-14,Completed,Trainer,27,Six-Month,0,0,Client Request
ASG001382,DUD100893,CLI0067,2026-11-29,2027-05-26,Ended,Experienced Teacher,47,Three-Month,0,0,Transfer
ASG001383,DUD100894,CLI0033,2025-01-28,2025-12-16,Transferred,Experienced Teacher,36,Monthly,0,0,Staffing Demand
ASG001384,DUD100894,CLI0238,2026-01-06,NULL,Active,Senior Teacher,109,Three-Month,0,0,Staffing Demand
ASG001385,DUD100895,CLI0009,2025-12-05,NULL,Active,Experienced Teacher,73,Six-Month,0,0,Client Request
ASG001386,DUD100896,CLI0039,2021-07-22,NULL,Active,ALT / English Teacher,73,Three-Month,0,0,Transfer
ASG001387,DUD100897,CLI0214,2022-03-26,NULL,Active,Experienced Teacher,84,Six-Month,0,0,Transfer
ASG001388,DUD100898,CLI0106,2024-04-18,NULL,Active,Experienced Teacher,118,Six-Month,0,0,Staffing Demand
ASG001389,DUD100899,CLI0214,2023-12-02,2024-09-12,Transferred,ALT / English Teacher,51,Monthly,0,0,Transfer
ASG001390,DUD100899,CLI0043,2024-09-15,NULL,Active,ALT / English Teacher,34,Monthly,0,0,Replacement
ASG001391,DUD100900,CLI0223,2021-08-28,NULL,Active,Experienced Teacher,35,Monthly,0,0,Staffing Demand
ASG001392,DUD100901,CLI0278,2023-10-09,2024-02-03,Completed,Senior Teacher,60,Six-Month,0,0,Initial Assignment
ASG001393,DUD100901,CLI0219,2024-02-13,2025-03-03,Completed,Senior Teacher,53,Annual,0,0,Staffing Demand
ASG001394,DUD100902,CLI0013,2024-08-23,2025-05-28,Transferred,ALT / English Teacher,72,Three-Month,0,0,Staffing Demand
ASG001395,DUD100902,CLI0004,2025-06-14,NULL,Active,ALT / English Teacher,74,Six-Month,0,0,Replacement
ASG001396,DUD100903,CLI0065,2023-09-15,NULL,Active,ALT / English Teacher,99,Monthly,0,0,Replacement
ASG001397,DUD100904,CLI0159,2023-02-03,2024-01-25,Ended,ALT / English Teacher,92,Six-Month,0,0,Staffing Demand
ASG001398,DUD100904,CLI0111,2024-02-13,NULL,Active,ALT / English Teacher,32,Annual,0,0,Transfer
ASG001399,DUD100905,CLI0029,2021-01-04,NULL,Active,ALT / English Teacher,39,Annual,0,0,Replacement
ASG001400,DUD100906,CLI0162,2025-08-05,NULL,Active,Experienced Teacher,43,Three-Month,0,0,Transfer
ASG001401,DUD100907,CLI0170,2024-07-04,NULL,Active,Senior Teacher,81,Three-Month,0,0,Initial Assignment
ASG001402,DUD100908,CLI0187,2023-03-08,NULL,Active,ALT / English Teacher,108,Monthly,0,0,Transfer
ASG001403,DUD100909,CLI0121,2026-02-04,2026-07-17,Completed,Senior Teacher,77,Three-Month,0,0,Initial Assignment
ASG001404,DUD100910,CLI0053,2025-06-01,2025-12-27,Completed,ALT / English Teacher,73,Three-Month,0,0,Initial Assignment
ASG001405,DUD100910,CLI0003,2026-01-19,NULL,Active,Experienced Teacher,117,Monthly,0,0,Client Request
ASG001406,DUD100911,CLI0118,2024-03-04,2024-10-13,Renewed,ALT / English Teacher,92,Annual,0,0,Transfer
ASG001407,DUD100912,CLI0256,2021-05-24,NULL,Active,ALT / English Teacher,73,Annual,0,0,Transfer
ASG001408,DUD100913,CLI0077,2022-08-17,NULL,Active,Senior Teacher,42,Six-Month,0,0,Transfer
ASG001409,DUD100914,CLI0001,2025-03-11,NULL,Active,ALT / English Teacher,94,Monthly,0,0,Transfer
ASG001410,DUD100915,CLI0087,2026-03-14,2027-05-09,Ended,ALT / English Teacher,32,Six-Month,0,0,Client Request
ASG001411,DUD100916,CLI0148,2022-11-13,2023-03-05,Completed,ALT / English Teacher,37,Annual,0,0,Replacement
ASG001412,DUD100916,CLI0155,2023-03-23,NULL,Active,ALT / English Teacher,89,Monthly,0,0,Transfer
ASG001413,DUD100917,CLI0139,2022-12-23,NULL,Active,Experienced Teacher,102,Monthly,0,0,Client Request
ASG001414,DUD100918,CLI0260,2021-07-31,2022-08-19,Renewed,ALT / English Teacher,22,Three-Month,0,0,Transfer
ASG001415,DUD100918,CLI0233,2022-09-04,2023-09-25,Transferred,ALT / English Teacher,28,Three-Month,0,0,Transfer
ASG001416,DUD100919,CLI0039,2024-11-02,NULL,Active,Experienced Teacher,118,Six-Month,0,0,Transfer
ASG001417,DUD100920,CLI0165,2025-02-02,NULL,Active,Experienced Teacher,52,Annual,0,0,Initial Assignment
ASG001418,DUD100921,CLI0113,2026-02-28,2026-09-03,Transferred,Senior Teacher,23,Three-Month,0,0,Transfer
ASG001419,DUD100922,CLI0256,2022-02-16,2023-04-24,Completed,ALT / English Teacher,94,Annual,0,0,Client Request
ASG001420,DUD100923,CLI0191,2025-06-23,NULL,Active,ALT / English Teacher,112,Three-Month,0,0,Client Request
ASG001421,DUD100924,CLI0299,2023-06-08,2024-05-30,Renewed,Experienced Teacher,80,Three-Month,0,0,Replacement
ASG001422,DUD100924,CLI0230,2024-06-03,NULL,Active,Experienced Teacher,93,Monthly,0,0,Staffing Demand
ASG001423,DUD100925,CLI0219,2023-10-26,2024-05-15,Transferred,Trainer,43,Three-Month,0,0,Initial Assignment
ASG001424,DUD100926,CLI0211,2026-02-06,2026-10-11,Transferred,ALT / English Teacher,35,Annual,0,0,Staffing Demand
ASG001425,DUD100926,CLI0102,2026-10-30,NULL,Active,ALT / English Teacher,75,Monthly,0,0,Initial Assignment
ASG001426,DUD100927,CLI0290,2025-11-05,2026-05-26,Completed,ALT / English Teacher,51,Three-Month,0,0,Initial Assignment
ASG001427,DUD100928,CLI0048,2024-10-22,2025-05-31,Renewed,Experienced Teacher,100,Three-Month,0,0,Initial Assignment
ASG001428,DUD100928,CLI0151,2025-06-25,2026-08-27,Completed,Experienced Teacher,78,Six-Month,0,0,Replacement
ASG001429,DUD100928,CLI0083,2026-09-04,NULL,Active,Senior Teacher,58,Annual,0,0,Initial Assignment
ASG001430,DUD100929,CLI0233,2022-10-07,NULL,Active,ALT / English Teacher,88,Monthly,0,0,Replacement
ASG001431,DUD100930,CLI0002,2025-11-11,NULL,Active,Trainer,113,Six-Month,0,0,Client Request
ASG001432,DUD100931,CLI0007,2026-03-16,2026-11-01,Renewed,ALT / English Teacher,115,Six-Month,0,0,Replacement
ASG001433,DUD100931,CLI0136,2026-11-02,NULL,Active,Experienced Teacher,87,Annual,0,0,Staffing Demand
ASG001434,DUD100932,CLI0085,2024-01-01,NULL,Active,ALT / English Teacher,90,Annual,0,0,Staffing Demand
ASG001435,DUD100933,CLI0259,2021-05-10,2022-09-29,Ended,Senior Teacher,118,Three-Month,0,0,Replacement
ASG001436,DUD100933,CLI0085,2022-10-25,NULL,Active,ALT / English Teacher,42,Monthly,0,0,Staffing Demand
ASG001437,DUD100934,CLI0200,2022-03-24,2023-07-07,Renewed,ALT / English Teacher,119,Six-Month,0,0,Staffing Demand
ASG001438,DUD100934,CLI0237,2023-07-10,2024-03-12,Completed,ALT / English Teacher,38,Monthly,0,0,Initial Assignment
ASG001439,DUD100935,CLI0230,2021-10-19,NULL,Active,ALT / English Teacher,103,Six-Month,0,0,Staffing Demand
ASG001440,DUD100936,CLI0019,2023-06-03,2023-12-03,Renewed,ALT / English Teacher,26,Six-Month,0,0,Staffing Demand
ASG001441,DUD100936,CLI0273,2023-12-13,NULL,Active,ALT / English Teacher,70,Annual,0,0,Client Request
ASG001442,DUD100937,CLI0038,2024-10-28,2026-02-09,Transferred,Senior Teacher,49,Six-Month,0,0,Initial Assignment
ASG001443,DUD100937,CLI0127,2026-02-17,2027-06-18,Renewed,ALT / English Teacher,36,Monthly,0,0,Initial Assignment
ASG001444,DUD100938,CLI0036,2023-08-10,2024-04-30,Completed,ALT / English Teacher,69,Six-Month,0,0,Staffing Demand
ASG001445,DUD100938,CLI0193,2024-05-13,NULL,Active,Experienced Teacher,44,Six-Month,0,0,Client Request
ASG001446,DUD100939,CLI0155,2024-07-09,NULL,Active,ALT / English Teacher,62,Three-Month,0,0,Staffing Demand
ASG001447,DUD100940,CLI0111,2023-06-20,2024-04-06,Completed,Senior Teacher,101,Three-Month,0,0,Staffing Demand
ASG001448,DUD100941,CLI0163,2023-10-30,2024-07-03,Renewed,ALT / English Teacher,24,Three-Month,0,0,Initial Assignment
ASG001449,DUD100942,CLI0175,2022-08-23,2023-05-09,Transferred,ALT / English Teacher,23,Annual,0,0,Transfer
ASG001450,DUD100942,CLI0187,2023-06-05,2024-11-09,Transferred,Experienced Teacher,30,Annual,0,0,Transfer
ASG001451,DUD100942,CLI0022,2024-11-15,NULL,Active,ALT / English Teacher,88,Monthly,0,0,Transfer
ASG001452,DUD100943,CLI0003,2021-12-05,2022-12-14,Renewed,Experienced Teacher,49,Monthly,0,0,Transfer
ASG001453,DUD100943,CLI0257,2022-12-17,NULL,Active,ALT / English Teacher,114,Three-Month,0,0,Staffing Demand
ASG001454,DUD100944,CLI0182,2023-09-02,NULL,Active,ALT / English Teacher,76,Three-Month,0,0,Staffing Demand
ASG001455,DUD100945,CLI0136,2021-05-02,NULL,Active,ALT / English Teacher,17,Six-Month,0,0,Initial Assignment
ASG001456,DUD100946,CLI0204,2021-12-30,2022-08-14,Transferred,ALT / English Teacher,88,Monthly,0,0,Initial Assignment
ASG001457,DUD100946,CLI0114,2022-08-28,NULL,Active,ALT / English Teacher,36,Six-Month,0,0,Replacement
ASG001458,DUD100947,CLI0026,2025-02-15,2025-08-12,Transferred,Experienced Teacher,62,Monthly,0,0,Transfer
ASG001459,DUD100948,CLI0246,2025-10-04,NULL,Active,ALT / English Teacher,107,Three-Month,0,0,Replacement
ASG001460,DUD100949,CLI0248,2021-02-11,NULL,Active,ALT / English Teacher,101,Annual,0,0,Replacement
ASG001461,DUD100950,CLI0287,2022-01-10,NULL,Active,ALT / English Teacher,81,Three-Month,0,0,Client Request
ASG001462,DUD100951,CLI0070,2024-03-13,NULL,Active,ALT / English Teacher,34,Six-Month,0,0,Replacement
ASG001463,DUD100952,CLI0089,2023-12-15,2024-10-03,Renewed,Experienced Teacher,15,Annual,0,0,Replacement
ASG001464,DUD100952,CLI0147,2024-10-18,NULL,Active,Senior Teacher,104,Monthly,0,0,Initial Assignment
ASG001465,DUD100953,CLI0271,2023-12-18,NULL,Active,Trainer,32,Monthly,0,0,Staffing Demand
ASG001466,DUD100954,CLI0247,2024-02-03,2025-05-06,Renewed,Experienced Teacher,53,Three-Month,0,0,Replacement
ASG001467,DUD100954,CLI0288,2025-05-28,NULL,Active,Experienced Teacher,108,Three-Month,0,0,Replacement
ASG001468,DUD100955,CLI0070,2022-04-25,2022-11-05,Ended,ALT / English Teacher,85,Six-Month,0,0,Initial Assignment
ASG001469,DUD100955,CLI0047,2022-11-15,2024-02-20,Renewed,ALT / English Teacher,15,Annual,0,0,Transfer
ASG001470,DUD100955,CLI0046,2024-03-19,NULL,Active,Senior Teacher,45,Annual,0,0,Staffing Demand
ASG001471,DUD100956,CLI0026,2025-10-24,2026-09-12,Completed,ALT / English Teacher,49,Monthly,0,0,Client Request
ASG001472,DUD100956,CLI0083,2026-10-10,2027-03-06,Completed,Senior Teacher,80,Annual,0,0,Client Request
ASG001473,DUD100957,CLI0099,2023-01-02,2023-06-05,Ended,Experienced Teacher,17,Monthly,0,0,Replacement
ASG001474,DUD100958,CLI0221,2021-06-03,2022-07-09,Transferred,Trainer,73,Monthly,0,0,Replacement
ASG001475,DUD100958,CLI0052,2022-07-23,2023-03-11,Ended,ALT / English Teacher,87,Monthly,0,0,Client Request
ASG001476,DUD100959,CLI0202,2023-03-24,NULL,Active,Experienced Teacher,61,Three-Month,0,0,Replacement
ASG001477,DUD100960,CLI0215,2021-06-15,NULL,Active,ALT / English Teacher,25,Six-Month,0,0,Replacement
ASG001478,DUD100961,CLI0007,2021-01-31,NULL,Active,Experienced Teacher,117,Three-Month,0,0,Replacement
ASG001479,DUD100962,CLI0251,2024-03-09,2024-09-07,Completed,Senior Teacher,67,Three-Month,0,0,Client Request
ASG001480,DUD100962,CLI0102,2024-10-03,NULL,Active,ALT / English Teacher,79,Annual,0,0,Client Request
ASG001481,DUD100963,CLI0007,2022-01-23,NULL,Active,Experienced Teacher,109,Three-Month,0,0,Replacement
ASG001482,DUD100964,CLI0081,2025-12-16,NULL,Active,ALT / English Teacher,74,Annual,0,0,Transfer
ASG001483,DUD100965,CLI0109,2025-01-07,2025-04-15,Ended,Experienced Teacher,93,Six-Month,0,0,Initial Assignment
ASG001484,DUD100965,CLI0058,2025-05-13,NULL,Active,Senior Teacher,35,Monthly,0,0,Initial Assignment
ASG001485,DUD100966,CLI0274,2023-05-09,2024-01-03,Transferred,Senior Teacher,97,Annual,0,0,Replacement
ASG001486,DUD100966,CLI0159,2024-01-22,NULL,Active,ALT / English Teacher,28,Annual,0,0,Replacement
ASG001487,DUD100967,CLI0054,2022-12-31,2024-03-14,Transferred,Senior Teacher,54,Three-Month,0,0,Staffing Demand
ASG001488,DUD100967,CLI0101,2024-03-15,NULL,Active,Experienced Teacher,99,Six-Month,0,0,Initial Assignment
ASG001489,DUD100968,CLI0079,2021-10-26,NULL,Active,Experienced Teacher,74,Monthly,0,0,Transfer
ASG001490,DUD100969,CLI0208,2021-10-27,2023-01-01,Renewed,ALT / English Teacher,86,Six-Month,0,0,Initial Assignment
ASG001491,DUD100970,CLI0174,2025-07-30,NULL,Active,Experienced Teacher,35,Three-Month,0,0,Transfer
ASG001492,DUD100971,CLI0130,2023-11-16,2024-02-20,Completed,Trainer,94,Six-Month,0,0,Client Request
ASG001493,DUD100971,CLI0028,2024-03-13,NULL,Active,ALT / English Teacher,55,Three-Month,0,0,Staffing Demand
ASG001494,DUD100972,CLI0002,2021-10-25,2022-08-21,Completed,Experienced Teacher,24,Six-Month,0,0,Transfer
ASG001495,DUD100972,CLI0210,2022-09-08,NULL,Active,Experienced Teacher,90,Six-Month,0,0,Transfer
ASG001496,DUD100973,CLI0135,2022-04-06,2023-01-17,Transferred,Senior Teacher,116,Six-Month,0,0,Client Request
ASG001497,DUD100973,CLI0163,2023-02-07,2024-04-03,Ended,ALT / English Teacher,116,Six-Month,0,0,Transfer
ASG001498,DUD100974,CLI0095,2022-05-18,NULL,Active,Trainer,67,Annual,0,0,Staffing Demand
ASG001499,DUD100975,CLI0169,2024-08-06,2025-03-08,Transferred,Trainer,40,Six-Month,0,0,Staffing Demand
ASG001500,DUD100975,CLI0226,2025-03-09,NULL,Active,ALT / English Teacher,93,Annual,0,0,Staffing Demand
ASG001501,DUD100976,CLI0214,2025-10-10,2027-03-19,Completed,ALT / English Teacher,33,Monthly,0,0,Client Request
ASG001502,DUD100976,CLI0242,2027-04-12,2028-07-22,Transferred,Experienced Teacher,77,Six-Month,0,0,Client Request
ASG001503,DUD100976,CLI0163,2028-08-11,2029-07-22,Transferred,Experienced Teacher,46,Monthly,0,0,Replacement
ASG001504,DUD100977,CLI0144,2021-09-01,NULL,Active,Experienced Teacher,38,Annual,0,0,Replacement
ASG001505,DUD100978,CLI0072,2022-11-25,2023-05-18,Ended,ALT / English Teacher,64,Three-Month,0,0,Transfer
ASG001506,DUD100979,CLI0270,2022-12-07,NULL,Active,ALT / English Teacher,38,Three-Month,0,0,Client Request
ASG001507,DUD100980,CLI0060,2022-12-18,NULL,Active,ALT / English Teacher,20,Three-Month,0,0,Transfer
ASG001508,DUD100981,CLI0251,2021-04-12,2021-07-17,Transferred,Experienced Teacher,53,Annual,0,0,Client Request
ASG001509,DUD100981,CLI0202,2021-08-02,NULL,Active,ALT / English Teacher,115,Six-Month,0,0,Initial Assignment
ASG001510,DUD100982,CLI0230,2022-09-26,2024-01-26,Renewed,Experienced Teacher,68,Monthly,0,0,Staffing Demand
ASG001511,DUD100983,CLI0215,2022-07-25,2023-06-25,Completed,Experienced Teacher,54,Monthly,0,0,Replacement
ASG001512,DUD100983,CLI0275,2023-07-20,2024-06-03,Ended,ALT / English Teacher,23,Six-Month,0,0,Initial Assignment
ASG001513,DUD100983,CLI0232,2024-06-08,NULL,Active,ALT / English Teacher,110,Six-Month,0,0,Staffing Demand
ASG001514,DUD100984,CLI0119,2022-02-03,NULL,Active,Senior Teacher,104,Three-Month,0,0,Staffing Demand
ASG001515,DUD100985,CLI0028,2024-02-03,NULL,Active,Senior Teacher,89,Annual,0,0,Client Request
ASG001516,DUD100986,CLI0055,2025-03-21,2025-11-06,Completed,Senior Teacher,92,Annual,0,0,Client Request
ASG001517,DUD100986,CLI0074,2025-11-12,2026-05-05,Transferred,ALT / English Teacher,107,Monthly,0,0,Client Request
ASG001518,DUD100986,CLI0022,2026-05-23,NULL,Active,Senior Teacher,97,Six-Month,0,0,Client Request
ASG001519,DUD100987,CLI0226,2022-07-24,NULL,Active,Experienced Teacher,48,Monthly,0,0,Initial Assignment
ASG001520,DUD100988,CLI0063,2023-12-27,NULL,Active,ALT / English Teacher,55,Monthly,0,0,Replacement
ASG001521,DUD100989,CLI0076,2023-01-09,NULL,Active,ALT / English Teacher,57,Annual,0,0,Staffing Demand
ASG001522,DUD100990,CLI0156,2021-11-18,NULL,Active,Trainer,49,Monthly,0,0,Staffing Demand
ASG001523,DUD100991,CLI0158,2025-03-19,2026-06-08,Renewed,Senior Teacher,59,Monthly,0,0,Staffing Demand
ASG001524,DUD100992,CLI0279,2024-12-27,2025-12-11,Renewed,ALT / English Teacher,60,Six-Month,0,0,Initial Assignment
ASG001525,DUD100992,CLI0075,2025-12-13,NULL,Active,Experienced Teacher,32,Three-Month,0,0,Transfer
ASG001526,DUD100993,CLI0265,2023-05-26,2023-10-26,Completed,ALT / English Teacher,65,Six-Month,0,0,Replacement
ASG001527,DUD100994,CLI0270,2023-02-15,2023-09-23,Transferred,Experienced Teacher,29,Three-Month,0,0,Initial Assignment
ASG001528,DUD100994,CLI0087,2023-10-14,NULL,Active,Senior Teacher,63,Three-Month,0,0,Client Request
ASG001529,DUD100995,CLI0079,2022-05-02,NULL,Active,Senior Teacher,39,Six-Month,0,0,Transfer
ASG001530,DUD100996,CLI0261,2021-11-05,2022-05-17,Ended,ALT / English Teacher,57,Six-Month,0,0,Client Request
ASG001531,DUD100996,CLI0098,2022-05-28,NULL,Active,ALT / English Teacher,102,Three-Month,0,0,Transfer
ASG001532,DUD100997,CLI0290,2025-11-24,2027-01-20,Transferred,ALT / English Teacher,83,Monthly,0,0,Replacement
ASG001533,DUD100997,CLI0110,2027-01-29,2028-02-23,Completed,ALT / English Teacher,104,Six-Month,0,0,Staffing Demand
ASG001534,DUD100998,CLI0132,2022-03-15,2022-12-31,Transferred,ALT / English Teacher,104,Three-Month,0,0,Initial Assignment
ASG001535,DUD100998,CLI0193,2023-01-29,NULL,Active,Senior Teacher,35,Annual,0,0,Replacement
ASG001536,DUD100999,CLI0162,2021-02-23,2022-02-08,Transferred,Experienced Teacher,20,Three-Month,0,0,Transfer
ASG001537,DUD101000,CLI0111,2025-07-02,2026-08-20,Transferred,Experienced Teacher,100,Six-Month,0,0,Client Request
ASG001538,DUD101001,CLI0255,2025-05-11,2026-09-27,Transferred,ALT / English Teacher,91,Annual,0,0,Transfer
ASG001539,DUD101001,CLI0056,2026-10-14,2028-02-19,Ended,ALT / English Teacher,22,Annual,0,0,Client Request
ASG001540,DUD101001,CLI0152,2028-03-12,2028-12-02,Completed,ALT / English Teacher,22,Monthly,0,0,Transfer
ASG001541,DUD101002,CLI0061,2023-12-30,2025-05-26,Completed,ALT / English Teacher,45,Monthly,0,0,Staffing Demand
ASG001542,DUD101002,CLI0272,2025-06-14,NULL,Active,Experienced Teacher,74,Three-Month,0,0,Replacement
ASG001543,DUD101003,CLI0243,2025-04-20,NULL,Active,Trainer,43,Six-Month,0,0,Initial Assignment
ASG001544,DUD101004,CLI0260,2021-04-26,NULL,Active,ALT / English Teacher,78,Annual,0,0,Client Request
ASG001545,DUD101005,CLI0236,2021-03-28,2022-02-02,Transferred,Senior Teacher,86,Monthly,0,0,Staffing Demand
ASG001546,DUD101005,CLI0198,2022-02-21,NULL,Active,Senior Teacher,75,Annual,0,0,Client Request
ASG001547,DUD101006,CLI0217,2024-04-26,2024-12-12,Renewed,ALT / English Teacher,73,Six-Month,0,0,Transfer
ASG001548,DUD101006,CLI0125,2024-12-19,NULL,Active,Senior Teacher,112,Annual,0,0,Staffing Demand
ASG001549,DUD101007,CLI0281,2022-09-05,2023-07-20,Transferred,ALT / English Teacher,54,Six-Month,0,0,Transfer
ASG001550,DUD101007,CLI0021,2023-08-15,2024-12-19,Renewed,Experienced Teacher,44,Three-Month,0,0,Client Request
ASG001551,DUD101007,CLI0178,2024-12-29,2025-05-13,Completed,Experienced Teacher,30,Three-Month,0,0,Staffing Demand
ASG001552,DUD101008,CLI0154,2024-07-25,2024-12-21,Ended,Experienced Teacher,62,Monthly,0,0,Transfer
ASG001553,DUD101008,CLI0078,2024-12-31,2025-05-18,Transferred,ALT / English Teacher,114,Three-Month,0,0,Staffing Demand
ASG001554,DUD101009,CLI0019,2021-11-07,2022-12-11,Transferred,Senior Teacher,89,Six-Month,0,0,Replacement
ASG001555,DUD101010,CLI0127,2022-08-13,2023-07-22,Renewed,Trainer,55,Six-Month,0,0,Transfer
ASG001556,DUD101010,CLI0143,2023-07-30,2024-07-01,Renewed,Experienced Teacher,80,Six-Month,0,0,Transfer
ASG001557,DUD101010,CLI0169,2024-07-06,2025-01-25,Ended,Experienced Teacher,118,Annual,0,0,Initial Assignment
ASG001558,DUD101011,CLI0040,2021-10-17,2022-12-08,Renewed,ALT / English Teacher,102,Six-Month,0,0,Replacement
ASG001559,DUD101012,CLI0147,2021-02-06,2022-02-21,Renewed,Senior Teacher,94,Monthly,0,0,Client Request
ASG001560,DUD101012,CLI0104,2022-03-14,NULL,Active,Senior Teacher,95,Annual,0,0,Transfer
ASG001561,DUD101013,CLI0080,2021-10-19,2023-01-03,Renewed,Senior Teacher,65,Three-Month,0,0,Staffing Demand
ASG001562,DUD101014,CLI0236,2022-03-26,2023-05-10,Transferred,ALT / English Teacher,34,Three-Month,0,0,Replacement
ASG001563,DUD101015,CLI0296,2024-03-24,2025-07-30,Transferred,ALT / English Teacher,30,Three-Month,0,0,Replacement
ASG001564,DUD101016,CLI0170,2025-12-27,2026-10-19,Transferred,ALT / English Teacher,109,Six-Month,0,0,Staffing Demand
ASG001565,DUD101016,CLI0248,2026-11-14,NULL,Active,Experienced Teacher,49,Six-Month,0,0,Replacement
ASG001566,DUD101017,CLI0070,2024-05-29,NULL,Active,Experienced Teacher,118,Monthly,0,0,Transfer
ASG001567,DUD101018,CLI0202,2025-03-18,NULL,Active,ALT / English Teacher,95,Three-Month,0,0,Replacement
ASG001568,DUD101019,CLI0296,2022-10-26,NULL,Active,Experienced Teacher,116,Monthly,0,0,Staffing Demand
ASG001569,DUD101020,CLI0292,2023-02-05,2023-06-19,Renewed,ALT / English Teacher,36,Six-Month,0,0,Replacement
ASG001570,DUD101021,CLI0166,2021-06-17,2022-02-27,Ended,Trainer,120,Annual,0,0,Initial Assignment
ASG001571,DUD101021,CLI0283,2022-03-17,2022-12-03,Renewed,Experienced Teacher,33,Three-Month,0,0,Transfer
ASG001572,DUD101021,CLI0101,2022-12-30,NULL,Active,ALT / English Teacher,52,Three-Month,0,0,Transfer
ASG001573,DUD101022,CLI0095,2021-06-10,2022-07-13,Transferred,ALT / English Teacher,61,Annual,0,0,Staffing Demand
ASG001574,DUD101022,CLI0033,2022-07-29,2023-03-15,Completed,Experienced Teacher,106,Annual,0,0,Transfer
ASG001575,DUD101023,CLI0055,2025-12-25,2026-11-08,Completed,Experienced Teacher,105,Six-Month,0,0,Initial Assignment
ASG001576,DUD101023,CLI0048,2026-11-26,NULL,Active,Experienced Teacher,114,Monthly,0,0,Transfer
ASG001577,DUD101024,CLI0067,2024-09-26,2025-05-26,Renewed,ALT / English Teacher,110,Six-Month,0,0,Client Request
ASG001578,DUD101024,CLI0283,2025-06-02,NULL,Active,Trainer,106,Annual,0,0,Staffing Demand
ASG001579,DUD101025,CLI0131,2023-02-25,2024-07-15,Transferred,Experienced Teacher,28,Three-Month,0,0,Replacement
ASG001580,DUD101026,CLI0271,2024-08-25,2025-11-15,Transferred,ALT / English Teacher,78,Six-Month,0,0,Transfer
ASG001581,DUD101027,CLI0040,2025-10-14,2027-03-15,Transferred,Trainer,54,Monthly,0,0,Initial Assignment
ASG001582,DUD101027,CLI0299,2027-04-07,2027-09-15,Transferred,Experienced Teacher,52,Monthly,0,0,Transfer
ASG001583,DUD101028,CLI0063,2024-02-26,2024-10-03,Completed,ALT / English Teacher,43,Three-Month,0,0,Client Request
ASG001584,DUD101028,CLI0077,2024-10-09,2025-06-10,Transferred,ALT / English Teacher,88,Monthly,0,0,Client Request
ASG001585,DUD101029,CLI0092,2026-01-13,NULL,Active,Experienced Teacher,51,Three-Month,0,0,Client Request
ASG001586,DUD101030,CLI0180,2023-04-22,2023-10-24,Renewed,ALT / English Teacher,44,Three-Month,0,0,Replacement
ASG001587,DUD101030,CLI0178,2023-10-26,NULL,Active,Experienced Teacher,80,Annual,0,0,Replacement
ASG001588,DUD101031,CLI0222,2026-01-08,2026-12-21,Completed,Senior Teacher,66,Three-Month,0,0,Initial Assignment
ASG001589,DUD101031,CLI0251,2026-12-29,NULL,Active,Trainer,52,Six-Month,0,0,Client Request
ASG001590,DUD101032,CLI0273,2023-03-05,2023-07-17,Renewed,Experienced Teacher,92,Three-Month,0,0,Client Request
ASG001591,DUD101032,CLI0010,2023-07-27,2023-11-03,Transferred,Senior Teacher,79,Six-Month,0,0,Initial Assignment
ASG001592,DUD101032,CLI0037,2023-11-20,NULL,Active,Senior Teacher,98,Monthly,0,0,Replacement
ASG001593,DUD101033,CLI0296,2022-02-20,2023-01-16,Renewed,Experienced Teacher,26,Annual,0,0,Replacement
ASG001594,DUD101033,CLI0173,2023-02-01,2023-07-10,Renewed,Senior Teacher,82,Monthly,0,0,Client Request
ASG001595,DUD101034,CLI0003,2025-05-20,2026-04-17,Completed,ALT / English Teacher,114,Six-Month,0,0,Initial Assignment
ASG001596,DUD101034,CLI0081,2026-05-03,NULL,Active,Experienced Teacher,66,Monthly,0,0,Staffing Demand
ASG001597,DUD101035,CLI0110,2023-02-17,2024-06-07,Renewed,ALT / English Teacher,63,Monthly,0,0,Client Request
ASG001598,DUD101035,CLI0138,2024-07-05,NULL,Active,ALT / English Teacher,114,Six-Month,0,0,Initial Assignment
ASG001599,DUD101036,CLI0021,2022-01-15,NULL,Active,ALT / English Teacher,15,Annual,0,0,Replacement
ASG001600,DUD101037,CLI0106,2021-07-10,NULL,Active,Senior Teacher,60,Annual,0,0,Staffing Demand
ASG001601,DUD101038,CLI0132,2021-09-13,2022-11-25,Completed,ALT / English Teacher,87,Monthly,0,0,Client Request
ASG001602,DUD101039,CLI0278,2022-06-19,2023-01-15,Ended,ALT / English Teacher,63,Three-Month,0,0,Transfer
ASG001603,DUD101039,CLI0114,2023-01-17,NULL,Active,ALT / English Teacher,108,Annual,0,0,Initial Assignment
ASG001604,DUD101040,CLI0007,2021-01-06,2021-10-08,Ended,Senior Teacher,84,Annual,0,0,Client Request
ASG001605,DUD101041,CLI0217,2021-12-25,2022-10-12,Transferred,ALT / English Teacher,61,Six-Month,0,0,Replacement
ASG001606,DUD101042,CLI0078,2021-07-06,2022-02-16,Completed,Senior Teacher,65,Three-Month,0,0,Staffing Demand
ASG001607,DUD101042,CLI0225,2022-02-27,NULL,Active,ALT / English Teacher,70,Monthly,0,0,Client Request
ASG001608,DUD101043,CLI0128,2021-07-11,2022-05-01,Completed,Experienced Teacher,67,Three-Month,0,0,Replacement
ASG001609,DUD101043,CLI0153,2022-05-31,NULL,Active,Senior Teacher,45,Annual,0,0,Transfer
ASG001610,DUD101044,CLI0061,2024-05-31,2025-04-23,Renewed,ALT / English Teacher,82,Monthly,0,0,Client Request
ASG001611,DUD101044,CLI0221,2025-05-13,2025-12-05,Transferred,Experienced Teacher,29,Monthly,0,0,Client Request
ASG001612,DUD101045,CLI0180,2025-03-31,NULL,Active,ALT / English Teacher,61,Annual,0,0,Staffing Demand
ASG001613,DUD101046,CLI0091,2024-02-13,2024-06-19,Ended,ALT / English Teacher,37,Three-Month,0,0,Initial Assignment
ASG001614,DUD101046,CLI0099,2024-07-03,NULL,Active,Experienced Teacher,113,Monthly,0,0,Client Request
ASG001615,DUD101047,CLI0074,2021-09-19,2023-01-01,Renewed,Senior Teacher,47,Annual,0,0,Initial Assignment
ASG001616,DUD101047,CLI0041,2023-01-06,NULL,Active,ALT / English Teacher,62,Monthly,0,0,Client Request
ASG001617,DUD101048,CLI0221,2022-03-11,NULL,Active,ALT / English Teacher,103,Three-Month,0,0,Replacement
ASG001618,DUD101049,CLI0140,2025-11-16,NULL,Active,Trainer,77,Three-Month,0,0,Replacement
ASG001619,DUD101050,CLI0102,2021-06-15,2022-09-13,Renewed,ALT / English Teacher,80,Annual,0,0,Staffing Demand
ASG001620,DUD101050,CLI0149,2022-09-17,2023-05-14,Renewed,Experienced Teacher,26,Three-Month,0,0,Replacement
ASG001621,DUD101051,CLI0073,2024-01-17,2024-06-22,Ended,Senior Teacher,112,Six-Month,0,0,Replacement
ASG001622,DUD101051,CLI0259,2024-06-26,2025-04-13,Renewed,ALT / English Teacher,94,Monthly,0,0,Transfer
ASG001623,DUD101052,CLI0214,2023-12-14,2024-05-26,Renewed,Experienced Teacher,92,Annual,0,0,Transfer
ASG001624,DUD101052,CLI0035,2024-06-22,NULL,Active,ALT / English Teacher,76,Six-Month,0,0,Staffing Demand
ASG001625,DUD101053,CLI0111,2025-06-12,2026-07-26,Transferred,Experienced Teacher,60,Six-Month,0,0,Client Request
ASG001626,DUD101053,CLI0250,2026-08-15,2027-05-12,Renewed,Experienced Teacher,65,Monthly,0,0,Replacement
ASG001627,DUD101054,CLI0074,2026-01-14,NULL,Active,ALT / English Teacher,45,Monthly,0,0,Client Request
ASG001628,DUD101055,CLI0196,2024-08-26,NULL,Active,Experienced Teacher,83,Monthly,0,0,Replacement
ASG001629,DUD101056,CLI0140,2022-08-03,NULL,Active,ALT / English Teacher,77,Three-Month,0,0,Initial Assignment
ASG001630,DUD101057,CLI0044,2025-09-27,NULL,Active,ALT / English Teacher,35,Three-Month,0,0,Staffing Demand
ASG001631,DUD101058,CLI0295,2022-12-25,2024-02-26,Renewed,ALT / English Teacher,36,Three-Month,0,0,Transfer
ASG001632,DUD101058,CLI0206,2024-03-21,NULL,Active,ALT / English Teacher,111,Annual,0,0,Initial Assignment
ASG001633,DUD101059,CLI0009,2025-06-22,2026-06-02,Transferred,ALT / English Teacher,28,Three-Month,0,0,Initial Assignment
ASG001634,DUD101059,CLI0077,2026-06-27,2026-11-26,Renewed,Experienced Teacher,42,Monthly,0,0,Initial Assignment
ASG001635,DUD101060,CLI0003,2024-01-21,NULL,Active,Experienced Teacher,87,Three-Month,0,0,Client Request
ASG001636,DUD101061,CLI0067,2025-01-27,2025-05-30,Completed,ALT / English Teacher,63,Monthly,0,0,Staffing Demand
ASG001637,DUD101061,CLI0164,2025-06-11,NULL,Active,ALT / English Teacher,32,Six-Month,0,0,Replacement
ASG001638,DUD101062,CLI0238,2021-07-29,NULL,Active,ALT / English Teacher,118,Three-Month,0,0,Transfer
ASG001639,DUD101063,CLI0038,2023-04-24,2023-11-05,Renewed,ALT / English Teacher,115,Six-Month,0,0,Transfer
ASG001640,DUD101063,CLI0232,2023-11-25,2024-07-22,Transferred,ALT / English Teacher,71,Monthly,0,0,Transfer
ASG001641,DUD101063,CLI0211,2024-07-27,NULL,Active,Experienced Teacher,119,Monthly,0,0,Initial Assignment
ASG001642,DUD101064,CLI0029,2023-11-19,2024-04-07,Ended,Experienced Teacher,107,Annual,0,0,Client Request
ASG001643,DUD101065,CLI0219,2025-03-16,2025-11-13,Completed,Senior Teacher,63,Annual,0,0,Replacement
ASG001644,DUD101065,CLI0192,2025-11-26,2027-04-29,Transferred,Trainer,80,Three-Month,0,0,Replacement
ASG001645,DUD101066,CLI0298,2022-12-16,2024-05-27,Completed,Experienced Teacher,64,Six-Month,0,0,Initial Assignment
ASG001646,DUD101066,CLI0173,2024-06-10,NULL,Active,Experienced Teacher,84,Monthly,0,0,Replacement
ASG001647,DUD101067,CLI0124,2022-02-17,2022-09-20,Completed,ALT / English Teacher,37,Annual,0,0,Initial Assignment
ASG001648,DUD101067,CLI0001,2022-10-02,NULL,Active,ALT / English Teacher,15,Monthly,0,0,Initial Assignment
ASG001649,DUD101068,CLI0285,2023-06-04,2023-11-28,Transferred,ALT / English Teacher,27,Monthly,0,0,Initial Assignment
ASG001650,DUD101068,CLI0235,2023-12-17,NULL,Active,ALT / English Teacher,88,Six-Month,0,0,Replacement
ASG001651,DUD101069,CLI0272,2023-02-10,2023-10-09,Ended,Senior Teacher,41,Monthly,0,0,Replacement
ASG001652,DUD101069,CLI0086,2023-10-20,2024-12-06,Ended,Experienced Teacher,98,Six-Month,0,0,Staffing Demand
ASG001653,DUD101070,CLI0224,2023-07-04,2024-08-22,Renewed,ALT / English Teacher,52,Six-Month,0,0,Initial Assignment
ASG001654,DUD101071,CLI0161,2022-08-17,2023-09-07,Transferred,ALT / English Teacher,24,Six-Month,0,0,Initial Assignment
ASG001655,DUD101071,CLI0206,2023-10-05,2025-01-12,Transferred,Experienced Teacher,93,Monthly,0,0,Transfer
ASG001656,DUD101071,CLI0079,2025-01-26,NULL,Active,ALT / English Teacher,54,Monthly,0,0,Transfer
ASG001657,DUD101072,CLI0194,2022-05-25,NULL,Active,Senior Teacher,116,Monthly,0,0,Client Request
ASG001658,DUD101073,CLI0132,2023-06-16,NULL,Active,Senior Teacher,38,Annual,0,0,Client Request
ASG001659,DUD101074,CLI0240,2026-01-03,2026-05-29,Ended,ALT / English Teacher,26,Six-Month,0,0,Replacement
ASG001660,DUD101074,CLI0202,2026-06-05,2026-12-11,Transferred,ALT / English Teacher,98,Annual,0,0,Client Request
ASG001661,DUD101074,CLI0037,2026-12-15,NULL,Active,Trainer,82,Monthly,0,0,Staffing Demand
ASG001662,DUD101075,CLI0164,2021-11-20,2022-03-27,Completed,Senior Teacher,60,Six-Month,0,0,Replacement
ASG001663,DUD101075,CLI0012,2022-04-18,NULL,Active,ALT / English Teacher,48,Six-Month,0,0,Replacement
ASG001664,DUD101076,CLI0162,2025-12-21,2026-05-10,Completed,ALT / English Teacher,76,Six-Month,0,0,Client Request
ASG001665,DUD101076,CLI0109,2026-05-20,2027-06-24,Ended,Experienced Teacher,55,Annual,0,0,Staffing Demand
ASG001666,DUD101076,CLI0260,2027-06-25,2027-11-07,Transferred,Senior Teacher,32,Three-Month,0,0,Transfer
ASG001667,DUD101077,CLI0249,2025-03-27,2026-05-27,Transferred,ALT / English Teacher,89,Three-Month,0,0,Client Request
ASG001668,DUD101077,CLI0245,2026-06-02,2027-08-31,Transferred,Experienced Teacher,41,Three-Month,0,0,Transfer
ASG001669,DUD101078,CLI0063,2024-09-18,2025-02-11,Completed,ALT / English Teacher,41,Three-Month,0,0,Initial Assignment
ASG001670,DUD101078,CLI0145,2025-02-23,NULL,Active,ALT / English Teacher,22,Annual,0,0,Initial Assignment
ASG001671,DUD101079,CLI0012,2025-11-12,2027-02-13,Completed,Trainer,18,Three-Month,0,0,Transfer
ASG001672,DUD101079,CLI0049,2027-03-03,NULL,Active,ALT / English Teacher,30,Monthly,0,0,Transfer
ASG001673,DUD101080,CLI0090,2021-06-09,2021-12-25,Renewed,Experienced Teacher,63,Monthly,0,0,Transfer
ASG001674,DUD101080,CLI0233,2021-12-28,2023-06-14,Renewed,Senior Teacher,51,Six-Month,0,0,Replacement
ASG001675,DUD101081,CLI0130,2022-10-03,NULL,Active,Experienced Teacher,51,Six-Month,0,0,Replacement
ASG001676,DUD101082,CLI0243,2022-11-15,2023-11-27,Renewed,ALT / English Teacher,39,Monthly,0,0,Staffing Demand
ASG001677,DUD101082,CLI0062,2023-12-18,2024-12-22,Ended,ALT / English Teacher,108,Three-Month,0,0,Client Request
ASG001678,DUD101083,CLI0102,2022-08-18,NULL,Active,Senior Teacher,104,Six-Month,0,0,Staffing Demand
ASG001679,DUD101084,CLI0014,2022-02-10,NULL,Active,Trainer,45,Annual,0,0,Client Request
ASG001680,DUD101085,CLI0240,2025-11-25,2026-03-23,Ended,ALT / English Teacher,110,Annual,0,0,Initial Assignment
ASG001681,DUD101085,CLI0241,2026-03-31,2027-05-30,Ended,Experienced Teacher,84,Six-Month,0,0,Transfer
ASG001682,DUD101085,CLI0159,2027-06-09,NULL,Active,ALT / English Teacher,57,Annual,0,0,Transfer
ASG001683,DUD101086,CLI0094,2021-06-03,2022-03-23,Renewed,ALT / English Teacher,102,Monthly,0,0,Transfer
ASG001684,DUD101086,CLI0197,2022-04-19,2023-06-14,Renewed,ALT / English Teacher,95,Six-Month,0,0,Staffing Demand
ASG001685,DUD101087,CLI0107,2025-02-02,NULL,Active,ALT / English Teacher,107,Annual,0,0,Transfer
ASG001686,DUD101088,CLI0043,2025-09-23,NULL,Active,Senior Teacher,42,Monthly,0,0,Staffing Demand
ASG001687,DUD101089,CLI0019,2024-07-13,2024-11-29,Completed,ALT / English Teacher,96,Six-Month,0,0,Replacement
ASG001688,DUD101090,CLI0097,2024-07-08,2025-09-14,Completed,ALT / English Teacher,15,Monthly,0,0,Transfer
ASG001689,DUD101090,CLI0132,2025-10-07,NULL,Active,ALT / English Teacher,60,Monthly,0,0,Transfer
ASG001690,DUD101091,CLI0088,2022-12-18,2023-12-06,Completed,ALT / English Teacher,62,Six-Month,0,0,Staffing Demand
ASG001691,DUD101091,CLI0125,2023-12-10,2025-04-16,Renewed,ALT / English Teacher,55,Monthly,0,0,Client Request
ASG001692,DUD101092,CLI0275,2023-04-06,NULL,Active,Trainer,86,Six-Month,0,0,Transfer
ASG001693,DUD101093,CLI0165,2024-12-31,NULL,Active,Experienced Teacher,25,Monthly,0,0,Initial Assignment
ASG001694,DUD101094,CLI0027,2023-08-17,2023-12-02,Renewed,Senior Teacher,81,Six-Month,0,0,Client Request
ASG001695,DUD101095,CLI0001,2025-04-19,2025-08-16,Renewed,ALT / English Teacher,49,Annual,0,0,Staffing Demand
ASG001696,DUD101096,CLI0063,2025-02-16,NULL,Active,ALT / English Teacher,118,Annual,0,0,Staffing Demand
ASG001697,DUD101097,CLI0025,2023-02-03,2024-07-10,Transferred,Senior Teacher,93,Three-Month,0,0,Staffing Demand
ASG001698,DUD101098,CLI0022,2025-08-10,NULL,Active,ALT / English Teacher,27,Monthly,0,0,Client Request
ASG001699,DUD101099,CLI0100,2025-11-13,2026-08-11,Ended,ALT / English Teacher,72,Six-Month,0,0,Initial Assignment
ASG001700,DUD101100,CLI0225,2021-10-19,2022-01-21,Transferred,ALT / English Teacher,119,Annual,0,0,Initial Assignment
ASG001701,DUD101101,CLI0241,2024-02-22,NULL,Active,ALT / English Teacher,23,Monthly,0,0,Transfer
ASG001702,DUD101102,CLI0049,2024-10-17,2025-11-17,Ended,ALT / English Teacher,29,Three-Month,0,0,Staffing Demand
ASG001703,DUD101103,CLI0189,2025-02-28,NULL,Active,ALT / English Teacher,48,Monthly,0,0,Staffing Demand
ASG001704,DUD101104,CLI0245,2021-04-11,NULL,Active,Senior Teacher,81,Three-Month,0,0,Replacement
ASG001705,DUD101105,CLI0255,2024-08-12,2025-06-04,Completed,ALT / English Teacher,35,Three-Month,0,0,Client Request
ASG001706,DUD101105,CLI0257,2025-06-28,2025-10-18,Completed,ALT / English Teacher,102,Monthly,0,0,Initial Assignment
ASG001707,DUD101105,CLI0248,2025-11-05,2027-01-10,Completed,Senior Teacher,60,Three-Month,0,0,Replacement
ASG001708,DUD101106,CLI0263,2022-10-20,NULL,Active,Trainer,69,Annual,0,0,Initial Assignment
ASG001709,DUD101107,CLI0173,2025-12-01,2026-07-13,Transferred,Trainer,78,Monthly,0,0,Transfer
ASG001710,DUD101107,CLI0053,2026-08-10,2027-03-25,Renewed,Experienced Teacher,23,Six-Month,0,0,Staffing Demand
ASG001711,DUD101107,CLI0262,2027-04-16,NULL,Active,ALT / English Teacher,86,Three-Month,0,0,Staffing Demand
ASG001712,DUD101108,CLI0137,2025-06-09,NULL,Active,ALT / English Teacher,17,Three-Month,0,0,Staffing Demand
ASG001713,DUD101109,CLI0297,2025-11-19,NULL,Active,ALT / English Teacher,83,Six-Month,0,0,Initial Assignment
ASG001714,DUD101110,CLI0104,2021-09-05,NULL,Active,ALT / English Teacher,29,Monthly,0,0,Transfer
ASG001715,DUD101111,CLI0080,2025-08-27,2026-11-22,Transferred,Experienced Teacher,103,Annual,0,0,Client Request
ASG001716,DUD101112,CLI0235,2022-12-03,NULL,Active,ALT / English Teacher,82,Three-Month,0,0,Replacement
ASG001717,DUD101113,CLI0010,2021-07-05,2022-04-03,Ended,ALT / English Teacher,103,Six-Month,0,0,Transfer
ASG001718,DUD101113,CLI0283,2022-04-17,NULL,Active,Senior Teacher,46,Six-Month,0,0,Replacement
ASG001719,DUD101114,CLI0087,2022-03-21,2022-10-04,Completed,ALT / English Teacher,99,Three-Month,0,0,Transfer
ASG001720,DUD101114,CLI0096,2022-10-19,2023-01-25,Transferred,ALT / English Teacher,117,Six-Month,0,0,Client Request
ASG001721,DUD101115,CLI0083,2022-01-09,NULL,Active,Experienced Teacher,59,Monthly,0,0,Staffing Demand
ASG001722,DUD101116,CLI0264,2025-06-20,2026-06-16,Ended,Experienced Teacher,94,Six-Month,0,0,Client Request
ASG001723,DUD101116,CLI0118,2026-06-22,NULL,Active,Experienced Teacher,108,Six-Month,0,0,Initial Assignment
ASG001724,DUD101117,CLI0118,2025-05-19,2025-09-07,Completed,Experienced Teacher,99,Monthly,0,0,Replacement
ASG001725,DUD101118,CLI0094,2026-01-26,2027-02-22,Completed,ALT / English Teacher,72,Three-Month,0,0,Staffing Demand
ASG001726,DUD101118,CLI0220,2027-03-05,2027-10-22,Transferred,ALT / English Teacher,40,Three-Month,0,0,Staffing Demand
ASG001727,DUD101119,CLI0294,2024-08-11,NULL,Active,ALT / English Teacher,100,Three-Month,0,0,Initial Assignment
ASG001728,DUD101120,CLI0035,2023-08-28,NULL,Active,ALT / English Teacher,62,Six-Month,0,0,Replacement
ASG001729,DUD101121,CLI0168,2022-03-09,NULL,Active,ALT / English Teacher,28,Three-Month,0,0,Initial Assignment
ASG001730,DUD101122,CLI0007,2022-10-10,2024-01-01,Renewed,Senior Teacher,56,Monthly,0,0,Client Request
ASG001731,DUD101122,CLI0184,2024-01-04,NULL,Active,ALT / English Teacher,39,Six-Month,0,0,Initial Assignment
ASG001732,DUD101123,CLI0094,2022-07-18,NULL,Active,ALT / English Teacher,47,Six-Month,0,0,Replacement
ASG001733,DUD101124,CLI0101,2021-03-19,NULL,Active,ALT / English Teacher,74,Six-Month,0,0,Staffing Demand
ASG001734,DUD101125,CLI0204,2023-10-28,2024-11-14,Renewed,ALT / English Teacher,47,Six-Month,0,0,Replacement
ASG001735,DUD101126,CLI0165,2021-11-18,NULL,Active,ALT / English Teacher,89,Six-Month,0,0,Initial Assignment
ASG001736,DUD101127,CLI0205,2022-09-26,NULL,Active,Trainer,108,Three-Month,0,0,Initial Assignment
ASG001737,DUD101128,CLI0058,2022-03-12,2023-02-10,Transferred,ALT / English Teacher,64,Six-Month,0,0,Transfer
ASG001738,DUD101129,CLI0242,2023-08-25,2024-11-28,Transferred,Senior Teacher,42,Three-Month,0,0,Staffing Demand
ASG001739,DUD101130,CLI0205,2022-01-25,2022-08-05,Completed,ALT / English Teacher,90,Three-Month,0,0,Replacement
ASG001740,DUD101130,CLI0038,2022-08-28,NULL,Active,Experienced Teacher,47,Monthly,0,0,Client Request
ASG001741,DUD101131,CLI0239,2025-11-28,NULL,Active,ALT / English Teacher,89,Annual,0,0,Initial Assignment
ASG001742,DUD101132,CLI0243,2021-04-04,2021-07-27,Renewed,ALT / English Teacher,51,Annual,0,0,Initial Assignment
ASG001743,DUD101132,CLI0119,2021-08-25,2021-12-06,Completed,Senior Teacher,60,Three-Month,0,0,Replacement
ASG001744,DUD101132,CLI0071,2022-01-02,NULL,Active,ALT / English Teacher,39,Three-Month,0,0,Staffing Demand
ASG001745,DUD101133,CLI0102,2021-06-17,2021-10-02,Ended,ALT / English Teacher,61,Six-Month,0,0,Staffing Demand
ASG001746,DUD101133,CLI0029,2021-10-03,2022-02-08,Transferred,Senior Teacher,80,Annual,0,0,Transfer
ASG001747,DUD101133,CLI0224,2022-03-02,NULL,Active,ALT / English Teacher,29,Three-Month,0,0,Transfer
ASG001748,DUD101134,CLI0040,2021-04-04,2021-10-14,Transferred,Experienced Teacher,52,Six-Month,0,0,Transfer
ASG001749,DUD101135,CLI0192,2026-03-14,NULL,Active,ALT / English Teacher,116,Three-Month,0,0,Replacement
ASG001750,DUD101136,CLI0095,2025-07-11,2026-01-10,Completed,ALT / English Teacher,94,Annual,0,0,Initial Assignment
ASG001751,DUD101137,CLI0218,2025-04-08,2026-03-11,Completed,ALT / English Teacher,33,Six-Month,0,0,Initial Assignment
ASG001752,DUD101137,CLI0219,2026-03-31,2027-02-07,Transferred,Senior Teacher,52,Six-Month,0,0,Replacement
ASG001753,DUD101138,CLI0287,2021-11-01,2023-03-17,Completed,ALT / English Teacher,86,Monthly,0,0,Client Request
ASG001754,DUD101138,CLI0056,2023-04-12,2024-04-02,Transferred,ALT / English Teacher,15,Monthly,0,0,Client Request
ASG001755,DUD101139,CLI0124,2022-08-29,NULL,Active,Experienced Teacher,58,Six-Month,0,0,Initial Assignment
ASG001756,DUD101140,CLI0123,2021-06-27,NULL,Active,ALT / English Teacher,106,Three-Month,0,0,Staffing Demand
ASG001757,DUD101141,CLI0068,2024-04-27,NULL,Active,Experienced Teacher,95,Three-Month,0,0,Replacement
ASG001758,DUD101142,CLI0171,2022-11-03,NULL,Active,Experienced Teacher,96,Monthly,0,0,Staffing Demand
ASG001759,DUD101143,CLI0034,2023-03-07,NULL,Active,Trainer,57,Three-Month,0,0,Initial Assignment
ASG001760,DUD101144,CLI0179,2023-11-28,NULL,Active,ALT / English Teacher,80,Three-Month,0,0,Replacement
ASG001761,DUD101145,CLI0019,2025-03-19,2025-11-03,Renewed,ALT / English Teacher,38,Monthly,0,0,Replacement
ASG001762,DUD101145,CLI0264,2025-11-13,2026-08-15,Ended,ALT / English Teacher,19,Six-Month,0,0,Initial Assignment
ASG001763,DUD101145,CLI0140,2026-08-19,NULL,Active,ALT / English Teacher,49,Six-Month,0,0,Replacement
ASG001764,DUD101146,CLI0164,2024-08-03,2025-09-14,Ended,ALT / English Teacher,103,Annual,0,0,Transfer
ASG001765,DUD101146,CLI0162,2025-09-19,2027-03-05,Completed,Experienced Teacher,74,Three-Month,0,0,Staffing Demand
ASG001766,DUD101146,CLI0134,2027-04-01,NULL,Active,ALT / English Teacher,42,Three-Month,0,0,Client Request
ASG001767,DUD101147,CLI0055,2026-03-11,2026-07-13,Renewed,Senior Teacher,96,Three-Month,0,0,Staffing Demand
ASG001768,DUD101147,CLI0105,2026-07-30,2027-12-20,Completed,ALT / English Teacher,69,Three-Month,0,0,Staffing Demand
ASG001769,DUD101148,CLI0284,2024-07-14,NULL,Active,Experienced Teacher,37,Monthly,0,0,Replacement
ASG001770,DUD101149,CLI0258,2024-04-10,2024-11-12,Completed,Experienced Teacher,71,Six-Month,0,0,Initial Assignment
ASG001771,DUD101150,CLI0195,2025-12-04,NULL,Active,Senior Teacher,98,Annual,0,0,Client Request
ASG001772,DUD101151,CLI0190,2022-09-14,NULL,Active,Experienced Teacher,101,Six-Month,0,0,Staffing Demand
ASG001773,DUD101152,CLI0057,2021-11-01,2022-04-24,Transferred,ALT / English Teacher,104,Three-Month,0,0,Replacement
ASG001774,DUD101152,CLI0230,2022-05-24,2023-07-24,Ended,Experienced Teacher,76,Three-Month,0,0,Initial Assignment
ASG001775,DUD101152,CLI0287,2023-07-30,NULL,Active,ALT / English Teacher,30,Three-Month,0,0,Staffing Demand
ASG001776,DUD101153,CLI0100,2025-01-07,NULL,Active,ALT / English Teacher,51,Monthly,0,0,Client Request
ASG001777,DUD101154,CLI0121,2026-03-16,2027-07-22,Transferred,Senior Teacher,21,Annual,0,0,Client Request
ASG001778,DUD101154,CLI0265,2027-07-26,NULL,Active,ALT / English Teacher,65,Three-Month,0,0,Client Request
ASG001779,DUD101155,CLI0016,2021-04-15,NULL,Active,Experienced Teacher,32,Six-Month,0,0,Transfer
ASG001780,DUD101156,CLI0155,2024-12-12,2025-12-13,Transferred,ALT / English Teacher,53,Six-Month,0,0,Client Request
ASG001781,DUD101157,CLI0071,2026-02-09,2027-06-24,Completed,Experienced Teacher,70,Three-Month,0,0,Replacement
ASG001782,DUD101157,CLI0288,2027-07-04,2028-08-16,Ended,Experienced Teacher,110,Six-Month,0,0,Initial Assignment
ASG001783,DUD101158,CLI0295,2022-12-20,NULL,Active,ALT / English Teacher,34,Monthly,0,0,Replacement
ASG001784,DUD101159,CLI0179,2024-01-02,NULL,Active,ALT / English Teacher,85,Six-Month,0,0,Client Request
ASG001785,DUD101160,CLI0160,2024-09-09,2024-12-19,Renewed,ALT / English Teacher,106,Six-Month,0,0,Transfer
ASG001786,DUD101160,CLI0048,2025-01-01,2026-05-13,Completed,ALT / English Teacher,38,Annual,0,0,Initial Assignment
ASG001787,DUD101161,CLI0244,2025-12-02,2027-02-23,Transferred,ALT / English Teacher,22,Six-Month,0,0,Initial Assignment
ASG001788,DUD101161,CLI0009,2027-03-04,NULL,Active,Senior Teacher,32,Annual,0,0,Transfer
ASG001789,DUD101162,CLI0255,2022-09-13,2023-06-27,Completed,ALT / English Teacher,52,Three-Month,0,0,Replacement
ASG001790,DUD101163,CLI0139,2024-01-02,NULL,Active,Experienced Teacher,84,Annual,0,0,Initial Assignment
ASG001791,DUD101164,CLI0184,2024-09-08,2025-10-10,Ended,ALT / English Teacher,96,Monthly,0,0,Staffing Demand
ASG001792,DUD101165,CLI0020,2021-09-15,2022-06-17,Renewed,Experienced Teacher,47,Six-Month,0,0,Transfer
ASG001793,DUD101166,CLI0086,2023-05-08,NULL,Active,ALT / English Teacher,109,Three-Month,0,0,Client Request
ASG001794,DUD101167,CLI0003,2024-03-20,2024-08-11,Transferred,ALT / English Teacher,21,Monthly,0,0,Transfer
ASG001795,DUD101168,CLI0299,2024-05-12,2025-07-30,Renewed,ALT / English Teacher,68,Six-Month,0,0,Transfer
ASG001796,DUD101169,CLI0034,2021-05-29,2021-11-13,Transferred,ALT / English Teacher,47,Six-Month,0,0,Initial Assignment
ASG001797,DUD101169,CLI0063,2021-11-16,NULL,Active,Experienced Teacher,15,Monthly,0,0,Staffing Demand
ASG001798,DUD101170,CLI0075,2022-05-10,2023-10-28,Renewed,ALT / English Teacher,62,Annual,0,0,Replacement
ASG001799,DUD101170,CLI0148,2023-11-26,NULL,Active,Senior Teacher,42,Monthly,0,0,Staffing Demand
ASG001800,DUD101171,CLI0238,2025-11-27,2026-04-30,Renewed,ALT / English Teacher,90,Three-Month,0,0,Client Request
ASG001801,DUD101171,CLI0130,2026-05-06,NULL,Active,ALT / English Teacher,92,Three-Month,0,0,Client Request
ASG001802,DUD101172,CLI0183,2025-07-07,2026-11-27,Completed,Experienced Teacher,115,Three-Month,0,0,Initial Assignment
ASG001803,DUD101172,CLI0212,2026-11-29,2027-04-22,Transferred,ALT / English Teacher,27,Three-Month,0,0,Transfer
ASG001804,DUD101172,CLI0216,2027-05-08,2028-03-25,Completed,Senior Teacher,22,Monthly,0,0,Client Request
ASG001805,DUD101173,CLI0294,2023-01-23,2024-05-14,Transferred,ALT / English Teacher,98,Three-Month,0,0,Staffing Demand
ASG001806,DUD101174,CLI0292,2022-04-03,2022-09-06,Renewed,ALT / English Teacher,33,Six-Month,0,0,Replacement
ASG001807,DUD101174,CLI0220,2022-09-22,2023-02-02,Completed,ALT / English Teacher,95,Monthly,0,0,Client Request
ASG001808,DUD101174,CLI0219,2023-02-20,NULL,Active,Senior Teacher,95,Annual,0,0,Staffing Demand
ASG001809,DUD101175,CLI0251,2023-08-07,NULL,Active,ALT / English Teacher,35,Six-Month,0,0,Replacement
ASG001810,DUD101176,CLI0256,2022-07-09,2022-12-14,Renewed,Experienced Teacher,87,Monthly,0,0,Client Request
ASG001811,DUD101176,CLI0182,2023-01-10,2023-12-11,Renewed,Experienced Teacher,103,Six-Month,0,0,Replacement
ASG001812,DUD101176,CLI0059,2023-12-23,NULL,Active,ALT / English Teacher,60,Annual,0,0,Staffing Demand
ASG001813,DUD101177,CLI0043,2024-11-13,2025-05-01,Ended,Senior Teacher,40,Three-Month,0,0,Transfer
ASG001814,DUD101178,CLI0119,2023-04-24,2024-08-20,Transferred,Senior Teacher,63,Monthly,0,0,Replacement
ASG001815,DUD101178,CLI0139,2024-09-04,2025-10-03,Renewed,ALT / English Teacher,29,Annual,0,0,Initial Assignment
ASG001816,DUD101179,CLI0229,2022-11-09,NULL,Active,ALT / English Teacher,112,Annual,0,0,Replacement
ASG001817,DUD101180,CLI0069,2021-06-18,2021-12-03,Ended,Trainer,96,Annual,0,0,Staffing Demand
ASG001818,DUD101180,CLI0044,2021-12-12,2022-11-16,Transferred,ALT / English Teacher,59,Monthly,0,0,Transfer
ASG001819,DUD101181,CLI0158,2021-05-24,2022-09-14,Transferred,Senior Teacher,41,Annual,0,0,Client Request
ASG001820,DUD101181,CLI0263,2022-10-12,2023-11-08,Transferred,ALT / English Teacher,45,Three-Month,0,0,Initial Assignment
ASG001821,DUD101181,CLI0155,2023-11-25,NULL,Active,ALT / English Teacher,119,Monthly,0,0,Client Request
ASG001822,DUD101182,CLI0225,2026-02-19,2026-08-20,Ended,ALT / English Teacher,98,Monthly,0,0,Replacement
ASG001823,DUD101182,CLI0090,2026-09-18,NULL,Active,ALT / English Teacher,98,Monthly,0,0,Replacement
ASG001824,DUD101183,CLI0024,2025-03-21,2026-08-24,Completed,ALT / English Teacher,72,Monthly,0,0,Transfer
ASG001825,DUD101183,CLI0010,2026-09-06,2027-11-14,Ended,ALT / English Teacher,98,Monthly,0,0,Initial Assignment
ASG001826,DUD101183,CLI0186,2027-12-04,2029-03-12,Ended,Senior Teacher,70,Six-Month,0,0,Client Request
ASG001827,DUD101184,CLI0153,2021-09-22,NULL,Active,Experienced Teacher,40,Six-Month,0,0,Client Request
ASG001828,DUD101185,CLI0098,2022-03-24,2022-06-23,Ended,Experienced Teacher,78,Six-Month,0,0,Staffing Demand
ASG001829,DUD101185,CLI0122,2022-07-18,NULL,Active,ALT / English Teacher,21,Monthly,0,0,Client Request
ASG001830,DUD101186,CLI0061,2023-02-28,2024-07-02,Completed,ALT / English Teacher,60,Six-Month,0,0,Initial Assignment
ASG001831,DUD101186,CLI0197,2024-07-04,NULL,Active,ALT / English Teacher,92,Monthly,0,0,Staffing Demand
ASG001832,DUD101187,CLI0012,2022-09-23,2024-02-29,Completed,Experienced Teacher,40,Three-Month,0,0,Client Request
ASG001833,DUD101188,CLI0012,2022-02-13,NULL,Active,ALT / English Teacher,50,Monthly,0,0,Initial Assignment
ASG001834,DUD101189,CLI0178,2025-05-07,2025-11-20,Ended,Experienced Teacher,49,Annual,0,0,Transfer
ASG001835,DUD101189,CLI0260,2025-11-27,NULL,Active,ALT / English Teacher,94,Three-Month,0,0,Client Request
ASG001836,DUD101190,CLI0249,2022-06-13,2022-10-08,Transferred,Senior Teacher,98,Three-Month,0,0,Transfer
ASG001837,DUD101190,CLI0220,2022-10-14,NULL,Active,Senior Teacher,47,Three-Month,0,0,Client Request
ASG001838,DUD101191,CLI0115,2024-11-28,2025-08-20,Transferred,ALT / English Teacher,23,Annual,0,0,Staffing Demand
ASG001839,DUD101191,CLI0041,2025-09-02,2026-03-23,Transferred,Senior Teacher,80,Six-Month,0,0,Staffing Demand
ASG001840,DUD101191,CLI0254,2026-04-18,NULL,Active,Experienced Teacher,64,Six-Month,0,0,Initial Assignment
ASG001841,DUD101192,CLI0059,2021-01-28,2021-06-06,Completed,ALT / English Teacher,85,Monthly,0,0,Replacement
ASG001842,DUD101192,CLI0084,2021-06-28,NULL,Active,ALT / English Teacher,103,Monthly,0,0,Initial Assignment
ASG001843,DUD101193,CLI0190,2024-06-13,2024-12-09,Completed,ALT / English Teacher,91,Three-Month,0,0,Client Request
ASG001844,DUD101193,CLI0258,2024-12-14,2025-03-17,Transferred,ALT / English Teacher,92,Three-Month,0,0,Transfer
ASG001845,DUD101193,CLI0249,2025-03-30,2026-03-15,Ended,ALT / English Teacher,25,Six-Month,0,0,Initial Assignment
ASG001846,DUD101194,CLI0083,2024-09-12,2025-02-18,Completed,Experienced Teacher,31,Monthly,0,0,Client Request
ASG001847,DUD101194,CLI0016,2025-03-19,NULL,Active,ALT / English Teacher,50,Annual,0,0,Replacement
ASG001848,DUD101195,CLI0228,2023-01-19,2024-02-28,Renewed,Experienced Teacher,79,Annual,0,0,Initial Assignment
ASG001849,DUD101195,CLI0100,2024-03-14,NULL,Active,Experienced Teacher,16,Annual,0,0,Transfer
ASG001850,DUD101196,CLI0155,2022-07-05,NULL,Active,ALT / English Teacher,41,Monthly,0,0,Replacement
ASG001851,DUD101197,CLI0233,2023-10-01,2024-08-12,Completed,ALT / English Teacher,27,Monthly,0,0,Transfer
ASG001852,DUD101197,CLI0151,2024-08-18,NULL,Active,ALT / English Teacher,33,Annual,0,0,Replacement
ASG001853,DUD101198,CLI0120,2022-12-14,2023-08-22,Transferred,Experienced Teacher,31,Monthly,0,0,Replacement
ASG001854,DUD101198,CLI0158,2023-09-21,2024-10-06,Ended,ALT / English Teacher,94,Three-Month,0,0,Transfer
ASG001855,DUD101198,CLI0070,2024-10-13,2025-12-08,Completed,ALT / English Teacher,116,Annual,0,0,Transfer
ASG001856,DUD101199,CLI0195,2026-03-07,2026-07-04,Ended,ALT / English Teacher,57,Monthly,0,0,Replacement
ASG001857,DUD101199,CLI0236,2026-07-28,NULL,Active,Experienced Teacher,46,Six-Month,0,0,Initial Assignment
ASG001858,DUD101200,CLI0249,2025-10-06,2027-01-27,Renewed,ALT / English Teacher,84,Six-Month,0,0,Staffing Demand
ASG001859,DUD101200,CLI0129,2027-02-12,2027-05-16,Ended,ALT / English Teacher,97,Six-Month,0,0,Replacement
ASG001860,DUD101200,CLI0210,2027-06-10,NULL,Active,Senior Teacher,82,Three-Month,0,0,Client Request
ASG001861,DUD101201,CLI0238,2024-07-29,2024-12-12,Completed,ALT / English Teacher,97,Annual,0,0,Transfer
ASG001862,DUD101202,CLI0067,2024-04-07,2025-02-21,Transferred,Experienced Teacher,25,Annual,0,0,Replacement
ASG001863,DUD101203,CLI0267,2021-02-26,NULL,Active,ALT / English Teacher,69,Six-Month,0,0,Replacement
ASG001864,DUD101204,CLI0173,2021-08-15,2022-07-12,Completed,ALT / English Teacher,43,Monthly,0,0,Transfer
ASG001865,DUD101204,CLI0043,2022-07-23,NULL,Active,Experienced Teacher,58,Annual,0,0,Replacement
ASG001866,DUD101205,CLI0255,2025-09-14,2026-11-15,Ended,Experienced Teacher,87,Six-Month,0,0,Transfer
ASG001867,DUD101205,CLI0265,2026-12-08,2028-03-05,Transferred,ALT / English Teacher,67,Six-Month,0,0,Client Request
ASG001868,DUD101206,CLI0193,2022-06-01,NULL,Active,ALT / English Teacher,101,Three-Month,0,0,Initial Assignment
ASG001869,DUD101207,CLI0288,2024-09-15,NULL,Active,ALT / English Teacher,61,Annual,0,0,Replacement
ASG001870,DUD101208,CLI0200,2022-07-25,2023-06-16,Renewed,ALT / English Teacher,85,Three-Month,0,0,Transfer
ASG001871,DUD101208,CLI0113,2023-07-11,NULL,Active,ALT / English Teacher,55,Annual,0,0,Client Request
ASG001872,DUD101209,CLI0089,2025-12-15,NULL,Active,Experienced Teacher,76,Annual,0,0,Staffing Demand
ASG001873,DUD101210,CLI0123,2023-11-10,2024-10-19,Ended,Senior Teacher,76,Monthly,0,0,Staffing Demand
ASG001874,DUD101210,CLI0066,2024-11-18,2025-06-23,Transferred,Experienced Teacher,17,Annual,0,0,Transfer
ASG001875,DUD101211,CLI0258,2021-05-25,NULL,Active,Experienced Teacher,35,Three-Month,0,0,Transfer
ASG001876,DUD101212,CLI0039,2021-09-30,2022-10-30,Completed,Senior Teacher,46,Six-Month,0,0,Transfer
ASG001877,DUD101212,CLI0096,2022-11-04,2023-06-02,Renewed,ALT / English Teacher,88,Annual,0,0,Client Request
ASG001878,DUD101213,CLI0217,2024-09-02,NULL,Active,Experienced Teacher,106,Monthly,0,0,Staffing Demand
ASG001879,DUD101214,CLI0081,2022-01-29,2022-10-05,Completed,Experienced Teacher,42,Six-Month,0,0,Replacement
ASG001880,DUD101214,CLI0272,2022-10-23,2023-11-18,Transferred,Experienced Teacher,26,Monthly,0,0,Replacement
ASG001881,DUD101214,CLI0077,2023-11-22,NULL,Active,Experienced Teacher,68,Six-Month,0,0,Replacement
ASG001882,DUD101215,CLI0268,2024-01-12,NULL,Active,ALT / English Teacher,29,Six-Month,0,0,Transfer
ASG001883,DUD101216,CLI0138,2024-02-14,NULL,Active,ALT / English Teacher,63,Three-Month,0,0,Staffing Demand
ASG001884,DUD101217,CLI0266,2022-12-03,NULL,Active,Experienced Teacher,115,Three-Month,0,0,Transfer
ASG001885,DUD101218,CLI0145,2024-10-13,NULL,Active,ALT / English Teacher,99,Six-Month,0,0,Staffing Demand
ASG001886,DUD101219,CLI0247,2021-09-17,2022-02-09,Transferred,ALT / English Teacher,63,Annual,0,0,Initial Assignment
ASG001887,DUD101220,CLI0044,2025-07-26,2026-10-09,Ended,ALT / English Teacher,79,Monthly,0,0,Transfer
ASG001888,DUD101220,CLI0065,2026-10-22,NULL,Active,Trainer,73,Monthly,0,0,Client Request
ASG001889,DUD101221,CLI0119,2022-06-02,NULL,Active,ALT / English Teacher,103,Three-Month,0,0,Staffing Demand
ASG001890,DUD101222,CLI0119,2025-09-26,NULL,Active,ALT / English Teacher,90,Three-Month,0,0,Replacement
ASG001891,DUD101223,CLI0079,2021-03-19,NULL,Active,Experienced Teacher,96,Annual,0,0,Client Request
ASG001892,DUD101224,CLI0152,2023-07-22,2024-07-30,Renewed,ALT / English Teacher,113,Monthly,0,0,Staffing Demand
ASG001893,DUD101225,CLI0198,2023-11-23,2024-06-17,Renewed,ALT / English Teacher,42,Monthly,0,0,Transfer
ASG001894,DUD101225,CLI0180,2024-07-17,2025-11-19,Ended,ALT / English Teacher,81,Three-Month,0,0,Transfer
ASG001895,DUD101225,CLI0054,2025-12-11,2026-07-24,Ended,ALT / English Teacher,66,Annual,0,0,Transfer
ASG001896,DUD101226,CLI0131,2025-05-08,2026-10-15,Ended,ALT / English Teacher,68,Six-Month,0,0,Replacement
ASG001897,DUD101226,CLI0260,2026-10-30,NULL,Active,ALT / English Teacher,21,Annual,0,0,Replacement
ASG001898,DUD101227,CLI0212,2025-08-03,NULL,Active,Experienced Teacher,74,Three-Month,0,0,Replacement
ASG001899,DUD101228,CLI0176,2021-08-23,NULL,Active,ALT / English Teacher,66,Annual,0,0,Replacement
ASG001900,DUD101229,CLI0069,2025-01-09,2025-06-30,Transferred,ALT / English Teacher,62,Annual,0,0,Initial Assignment
ASG001901,DUD101229,CLI0176,2025-07-08,NULL,Active,Experienced Teacher,80,Six-Month,0,0,Transfer
ASG001902,DUD101230,CLI0056,2022-10-20,2024-03-09,Renewed,ALT / English Teacher,48,Six-Month,0,0,Staffing Demand
ASG001903,DUD101230,CLI0127,2024-04-05,NULL,Active,ALT / English Teacher,116,Monthly,0,0,Staffing Demand
ASG001904,DUD101231,CLI0007,2023-01-08,NULL,Active,Experienced Teacher,24,Three-Month,0,0,Replacement
ASG001905,DUD101232,CLI0135,2026-03-02,2027-06-11,Ended,Experienced Teacher,86,Six-Month,0,0,Transfer
ASG001906,DUD101232,CLI0149,2027-06-14,2028-08-26,Completed,ALT / English Teacher,28,Annual,0,0,Client Request
ASG001907,DUD101233,CLI0043,2026-03-02,2027-05-10,Transferred,ALT / English Teacher,84,Three-Month,0,0,Replacement
ASG001908,DUD101233,CLI0145,2027-06-08,2028-08-19,Transferred,ALT / English Teacher,83,Monthly,0,0,Client Request
ASG001909,DUD101234,CLI0205,2024-08-17,2025-02-18,Ended,Senior Teacher,101,Three-Month,0,0,Replacement
ASG001910,DUD101234,CLI0001,2025-03-09,NULL,Active,Senior Teacher,44,Monthly,0,0,Client Request
ASG001911,DUD101235,CLI0142,2025-05-19,2026-10-20,Ended,Experienced Teacher,90,Three-Month,0,0,Initial Assignment
ASG001912,DUD101235,CLI0090,2026-11-07,2027-10-07,Completed,Trainer,112,Monthly,0,0,Initial Assignment
ASG001913,DUD101235,CLI0082,2027-10-13,NULL,Active,Experienced Teacher,44,Three-Month,0,0,Replacement
ASG001914,DUD101236,CLI0233,2021-10-13,2022-03-10,Transferred,ALT / English Teacher,116,Monthly,0,0,Initial Assignment
ASG001915,DUD101236,CLI0145,2022-03-30,2023-03-29,Renewed,ALT / English Teacher,83,Monthly,0,0,Replacement
ASG001916,DUD101236,CLI0150,2023-04-24,NULL,Active,ALT / English Teacher,81,Three-Month,0,0,Transfer
ASG001917,DUD101237,CLI0062,2021-11-18,NULL,Active,Senior Teacher,89,Monthly,0,0,Initial Assignment
ASG001918,DUD101238,CLI0230,2024-09-27,NULL,Active,Experienced Teacher,17,Monthly,0,0,Replacement
ASG001919,DUD101239,CLI0168,2022-08-21,2023-05-07,Transferred,ALT / English Teacher,85,Three-Month,0,0,Staffing Demand
ASG001920,DUD101240,CLI0003,2024-05-24,NULL,Active,ALT / English Teacher,93,Six-Month,0,0,Staffing Demand
ASG001921,DUD101241,CLI0224,2024-10-12,NULL,Active,Experienced Teacher,115,Six-Month,0,0,Replacement
ASG001922,DUD101242,CLI0016,2024-09-04,2025-10-13,Transferred,Experienced Teacher,26,Three-Month,0,0,Replacement
ASG001923,DUD101242,CLI0238,2025-10-14,2026-04-05,Renewed,ALT / English Teacher,99,Three-Month,0,0,Transfer
ASG001924,DUD101242,CLI0140,2026-04-15,NULL,Active,Experienced Teacher,16,Six-Month,0,0,Initial Assignment
ASG001925,DUD101243,CLI0284,2021-12-19,2023-02-12,Renewed,Experienced Teacher,41,Three-Month,0,0,Staffing Demand
ASG001926,DUD101243,CLI0079,2023-03-10,NULL,Active,Experienced Teacher,47,Six-Month,0,0,Staffing Demand
ASG001927,DUD101244,CLI0251,2025-07-19,2026-03-12,Renewed,ALT / English Teacher,71,Monthly,0,0,Initial Assignment
ASG001928,DUD101244,CLI0168,2026-03-28,2027-01-15,Ended,Senior Teacher,19,Six-Month,0,0,Transfer
ASG001929,DUD101244,CLI0115,2027-02-06,NULL,Active,ALT / English Teacher,42,Annual,0,0,Transfer
ASG001930,DUD101245,CLI0172,2024-09-09,2026-01-25,Transferred,ALT / English Teacher,116,Six-Month,0,0,Staffing Demand
ASG001931,DUD101245,CLI0163,2026-01-27,2027-06-22,Completed,Experienced Teacher,82,Six-Month,0,0,Transfer
ASG001932,DUD101246,CLI0170,2024-12-27,NULL,Active,ALT / English Teacher,52,Monthly,0,0,Initial Assignment
ASG001933,DUD101247,CLI0210,2024-11-16,NULL,Active,ALT / English Teacher,42,Three-Month,0,0,Staffing Demand
ASG001934,DUD101248,CLI0218,2025-03-21,2026-07-04,Completed,Senior Teacher,120,Annual,0,0,Initial Assignment
ASG001935,DUD101248,CLI0204,2026-07-28,NULL,Active,ALT / English Teacher,22,Six-Month,0,0,Staffing Demand
ASG001936,DUD101249,CLI0127,2024-12-13,2026-04-21,Renewed,ALT / English Teacher,104,Monthly,0,0,Replacement
ASG001937,DUD101249,CLI0126,2026-05-11,NULL,Active,Senior Teacher,29,Six-Month,0,0,Transfer
ASG001938,DUD101250,CLI0228,2021-02-16,NULL,Active,ALT / English Teacher,102,Six-Month,0,0,Staffing Demand
ASG001939,DUD101251,CLI0205,2024-12-16,NULL,Active,ALT / English Teacher,23,Three-Month,0,0,Client Request
ASG001940,DUD101252,CLI0191,2021-09-01,NULL,Active,Experienced Teacher,75,Three-Month,0,0,Initial Assignment
ASG001941,DUD101253,CLI0230,2024-10-15,NULL,Active,ALT / English Teacher,105,Six-Month,0,0,Replacement
ASG001942,DUD101254,CLI0174,2021-12-20,2022-07-15,Ended,ALT / English Teacher,56,Annual,0,0,Client Request
ASG001943,DUD101254,CLI0253,2022-07-31,2023-05-18,Renewed,ALT / English Teacher,98,Three-Month,0,0,Transfer
ASG001944,DUD101254,CLI0093,2023-06-12,2024-08-06,Completed,ALT / English Teacher,38,Monthly,0,0,Client Request
ASG001945,DUD101255,CLI0073,2021-10-01,2022-03-24,Transferred,Senior Teacher,117,Monthly,0,0,Staffing Demand
ASG001946,DUD101256,CLI0133,2024-02-09,2024-05-23,Transferred,Experienced Teacher,105,Six-Month,0,0,Transfer
ASG001947,DUD101256,CLI0285,2024-06-06,2025-11-19,Completed,ALT / English Teacher,33,Six-Month,0,0,Replacement
ASG001948,DUD101256,CLI0117,2025-12-03,2026-11-28,Ended,ALT / English Teacher,93,Monthly,0,0,Initial Assignment
ASG001949,DUD101257,CLI0200,2023-11-12,2024-10-24,Completed,Senior Teacher,22,Monthly,0,0,Transfer
ASG001950,DUD101258,CLI0167,2026-01-03,2026-09-12,Transferred,Senior Teacher,39,Annual,0,0,Initial Assignment
ASG001951,DUD101258,CLI0044,2026-09-15,NULL,Active,Trainer,102,Monthly,0,0,Replacement
ASG001952,DUD101259,CLI0261,2021-01-11,2021-12-22,Ended,ALT / English Teacher,66,Six-Month,0,0,Client Request
ASG001953,DUD101259,CLI0188,2021-12-26,2022-12-02,Renewed,Experienced Teacher,79,Monthly,0,0,Initial Assignment
ASG001954,DUD101260,CLI0170,2022-07-14,NULL,Active,Experienced Teacher,69,Annual,0,0,Staffing Demand
ASG001955,DUD101261,CLI0005,2026-02-01,2026-08-28,Transferred,Senior Teacher,83,Annual,0,0,Replacement
ASG001956,DUD101261,CLI0153,2026-08-30,NULL,Active,ALT / English Teacher,60,Monthly,0,0,Client Request
ASG001957,DUD101262,CLI0200,2024-07-21,2025-07-10,Renewed,ALT / English Teacher,109,Six-Month,0,0,Client Request
ASG001958,DUD101263,CLI0218,2026-01-21,2026-05-20,Transferred,Experienced Teacher,71,Three-Month,0,0,Replacement
ASG001959,DUD101263,CLI0274,2026-06-17,2027-06-26,Ended,Experienced Teacher,26,Annual,0,0,Replacement
ASG001960,DUD101263,CLI0248,2027-07-08,NULL,Active,Experienced Teacher,65,Three-Month,0,0,Replacement
ASG001961,DUD101264,CLI0076,2025-03-05,2025-12-03,Ended,ALT / English Teacher,45,Three-Month,0,0,Staffing Demand
ASG001962,DUD101264,CLI0211,2026-01-02,2026-07-02,Completed,Experienced Teacher,18,Three-Month,0,0,Initial Assignment
ASG001963,DUD101264,CLI0021,2026-07-13,2027-01-26,Renewed,Experienced Teacher,113,Three-Month,0,0,Client Request
ASG001964,DUD101265,CLI0057,2024-11-25,2025-10-25,Transferred,Senior Teacher,26,Three-Month,0,0,Transfer
ASG001965,DUD101266,CLI0044,2021-12-05,2022-11-19,Transferred,Experienced Teacher,99,Monthly,0,0,Transfer
ASG001966,DUD101266,CLI0276,2022-12-03,NULL,Active,ALT / English Teacher,104,Monthly,0,0,Transfer
ASG001967,DUD101267,CLI0270,2025-01-06,NULL,Active,ALT / English Teacher,88,Six-Month,0,0,Initial Assignment
ASG001968,DUD101268,CLI0198,2023-01-08,NULL,Active,Senior Teacher,36,Monthly,0,0,Client Request
ASG001969,DUD101269,CLI0167,2024-07-14,2025-02-25,Completed,ALT / English Teacher,46,Monthly,0,0,Transfer
ASG001970,DUD101270,CLI0026,2025-02-25,NULL,Active,ALT / English Teacher,118,Annual,0,0,Client Request
ASG001971,DUD101271,CLI0225,2024-09-20,NULL,Active,Experienced Teacher,27,Annual,0,0,Client Request
ASG001972,DUD101272,CLI0142,2023-10-14,NULL,Active,Trainer,67,Six-Month,0,0,Client Request
ASG001973,DUD101273,CLI0100,2023-03-13,NULL,Active,Experienced Teacher,103,Six-Month,0,0,Transfer
ASG001974,DUD101274,CLI0267,2021-02-19,NULL,Active,ALT / English Teacher,102,Three-Month,0,0,Initial Assignment
ASG001975,DUD101275,CLI0252,2023-08-28,2024-12-01,Transferred,ALT / English Teacher,113,Six-Month,0,0,Client Request
ASG001976,DUD101275,CLI0286,2024-12-25,2025-07-20,Ended,Experienced Teacher,27,Annual,0,0,Replacement
ASG001977,DUD101275,CLI0156,2025-08-11,NULL,Active,Trainer,90,Three-Month,0,0,Transfer
ASG001978,DUD101276,CLI0279,2024-01-30,2024-07-31,Renewed,ALT / English Teacher,107,Monthly,0,0,Transfer
ASG001979,DUD101276,CLI0119,2024-08-28,NULL,Active,Experienced Teacher,91,Monthly,0,0,Transfer
ASG001980,DUD101277,CLI0131,2023-05-18,NULL,Active,ALT / English Teacher,101,Six-Month,0,0,Transfer
ASG001981,DUD101278,CLI0066,2026-03-16,NULL,Active,Experienced Teacher,37,Six-Month,0,0,Client Request
ASG001982,DUD101279,CLI0047,2023-06-27,2024-06-20,Ended,ALT / English Teacher,106,Six-Month,0,0,Client Request
ASG001983,DUD101279,CLI0257,2024-06-21,NULL,Active,Experienced Teacher,47,Annual,0,0,Initial Assignment
ASG001984,DUD101280,CLI0192,2024-05-17,2024-09-27,Completed,ALT / English Teacher,80,Monthly,0,0,Replacement
ASG001985,DUD101281,CLI0192,2025-09-08,2027-01-19,Completed,Senior Teacher,78,Monthly,0,0,Initial Assignment
ASG001986,DUD101281,CLI0270,2027-02-03,2028-06-01,Transferred,ALT / English Teacher,48,Monthly,0,0,Transfer
ASG001987,DUD101282,CLI0290,2025-07-30,NULL,Active,ALT / English Teacher,77,Annual,0,0,Staffing Demand
ASG001988,DUD101283,CLI0083,2023-10-01,2024-01-21,Completed,ALT / English Teacher,66,Monthly,0,0,Initial Assignment
ASG001989,DUD101284,CLI0148,2022-01-30,2023-04-04,Transferred,Experienced Teacher,79,Six-Month,0,0,Transfer
ASG001990,DUD101284,CLI0089,2023-04-10,2024-05-25,Transferred,Senior Teacher,36,Six-Month,0,0,Initial Assignment
ASG001991,DUD101285,CLI0130,2022-10-16,2023-03-02,Transferred,ALT / English Teacher,60,Annual,0,0,Replacement
ASG001992,DUD101286,CLI0007,2023-09-17,NULL,Active,ALT / English Teacher,71,Annual,0,0,Transfer
ASG001993,DUD101287,CLI0177,2023-02-06,2024-03-23,Renewed,Experienced Teacher,104,Six-Month,0,0,Client Request
ASG001994,DUD101287,CLI0095,2024-03-24,NULL,Active,ALT / English Teacher,59,Monthly,0,0,Replacement
ASG001995,DUD101288,CLI0047,2025-01-29,NULL,Active,ALT / English Teacher,58,Three-Month,0,0,Client Request
ASG001996,DUD101289,CLI0275,2023-11-03,NULL,Active,ALT / English Teacher,93,Monthly,0,0,Client Request
ASG001997,DUD101290,CLI0014,2024-12-22,2026-03-23,Ended,Experienced Teacher,84,Six-Month,0,0,Initial Assignment
ASG001998,DUD101290,CLI0118,2026-04-12,NULL,Active,Experienced Teacher,60,Six-Month,0,0,Transfer
ASG001999,DUD101291,CLI0059,2021-05-20,2022-11-10,Transferred,Experienced Teacher,45,Three-Month,0,0,Initial Assignment
ASG002000,DUD101291,CLI0212,2022-11-24,2024-02-06,Ended,ALT / English Teacher,61,Six-Month,0,0,Client Request
ASG002001,DUD101292,CLI0243,2023-10-06,NULL,Active,Experienced Teacher,100,Three-Month,0,0,Staffing Demand
ASG002002,DUD101293,CLI0021,2021-05-29,2022-08-28,Ended,ALT / English Teacher,47,Monthly,0,0,Staffing Demand
ASG002003,DUD101293,CLI0288,2022-09-21,2023-11-07,Ended,Senior Teacher,82,Monthly,0,0,Replacement
ASG002004,DUD101294,CLI0101,2022-09-10,2023-01-25,Transferred,ALT / English Teacher,116,Annual,0,0,Staffing Demand
ASG002005,DUD101295,CLI0097,2021-03-20,NULL,Active,ALT / English Teacher,117,Annual,0,0,Staffing Demand
ASG002006,DUD101296,CLI0111,2021-03-30,2022-04-02,Completed,Experienced Teacher,29,Annual,0,0,Staffing Demand
ASG002007,DUD101296,CLI0293,2022-04-23,2023-06-18,Ended,Senior Teacher,27,Monthly,0,0,Client Request
ASG002008,DUD101296,CLI0107,2023-07-17,2023-11-23,Ended,ALT / English Teacher,23,Monthly,0,0,Staffing Demand
ASG002009,DUD101297,CLI0019,2024-03-10,2025-06-17,Renewed,ALT / English Teacher,60,Three-Month,0,0,Client Request
ASG002010,DUD101297,CLI0103,2025-07-04,2026-11-16,Completed,ALT / English Teacher,88,Monthly,0,0,Transfer
ASG002011,DUD101298,CLI0113,2025-02-07,2025-05-13,Completed,ALT / English Teacher,52,Monthly,0,0,Transfer
ASG002012,DUD101298,CLI0206,2025-05-21,NULL,Active,ALT / English Teacher,48,Six-Month,0,0,Client Request
ASG002013,DUD101299,CLI0062,2024-09-03,2025-07-14,Renewed,Senior Teacher,120,Annual,0,0,Transfer
ASG002014,DUD101299,CLI0187,2025-07-20,NULL,Active,Senior Teacher,35,Monthly,0,0,Transfer
ASG002015,DUD101300,CLI0102,2022-04-21,2022-12-09,Completed,Trainer,88,Annual,0,0,Initial Assignment
ASG002016,DUD101301,CLI0140,2021-06-30,2022-07-11,Completed,ALT / English Teacher,84,Annual,0,0,Transfer
ASG002017,DUD101302,CLI0264,2025-06-19,2025-10-19,Ended,Experienced Teacher,83,Annual,0,0,Client Request
ASG002018,DUD101302,CLI0247,2025-10-21,NULL,Active,ALT / English Teacher,74,Monthly,0,0,Staffing Demand
ASG002019,DUD101303,CLI0168,2023-03-16,2024-06-14,Completed,ALT / English Teacher,64,Six-Month,0,0,Replacement
ASG002020,DUD101303,CLI0231,2024-06-15,2025-10-08,Renewed,Experienced Teacher,81,Annual,0,0,Client Request
ASG002021,DUD101303,CLI0039,2025-10-11,2026-09-21,Transferred,ALT / English Teacher,45,Six-Month,0,0,Replacement
ASG002022,DUD101304,CLI0104,2024-05-10,2024-09-30,Renewed,ALT / English Teacher,99,Annual,0,0,Transfer
ASG002023,DUD101304,CLI0130,2024-10-24,2026-03-12,Completed,ALT / English Teacher,63,Monthly,0,0,Staffing Demand
ASG002024,DUD101304,CLI0229,2026-03-18,NULL,Active,Experienced Teacher,23,Three-Month,0,0,Initial Assignment
ASG002025,DUD101305,CLI0011,2022-11-03,2024-03-16,Ended,ALT / English Teacher,84,Monthly,0,0,Client Request
ASG002026,DUD101306,CLI0199,2022-02-14,NULL,Active,ALT / English Teacher,43,Monthly,0,0,Staffing Demand
ASG002027,DUD101307,CLI0283,2021-12-05,2022-10-04,Completed,Senior Teacher,78,Annual,0,0,Transfer
ASG002028,DUD101308,CLI0010,2023-09-02,2024-05-14,Ended,Senior Teacher,70,Monthly,0,0,Replacement
ASG002029,DUD101309,CLI0072,2025-05-24,NULL,Active,Experienced Teacher,114,Monthly,0,0,Client Request
ASG002030,DUD101310,CLI0182,2021-06-15,NULL,Active,ALT / English Teacher,18,Annual,0,0,Replacement
ASG002031,DUD101311,CLI0036,2026-01-15,2026-11-04,Renewed,Trainer,26,Three-Month,0,0,Initial Assignment
ASG002032,DUD101311,CLI0262,2026-11-07,NULL,Active,ALT / English Teacher,32,Annual,0,0,Transfer
ASG002033,DUD101312,CLI0129,2022-09-10,2023-10-30,Renewed,ALT / English Teacher,52,Three-Month,0,0,Transfer
ASG002034,DUD101312,CLI0070,2023-11-04,NULL,Active,ALT / English Teacher,94,Three-Month,0,0,Transfer
ASG002035,DUD101313,CLI0189,2023-04-04,NULL,Active,Experienced Teacher,58,Annual,0,0,Replacement
ASG002036,DUD101314,CLI0253,2022-08-21,NULL,Active,Senior Teacher,27,Six-Month,0,0,Client Request
ASG002037,DUD101315,CLI0072,2023-05-27,NULL,Active,ALT / English Teacher,109,Annual,0,0,Replacement
ASG002038,DUD101316,CLI0018,2022-09-11,2023-09-27,Transferred,ALT / English Teacher,54,Monthly,0,0,Transfer
ASG002039,DUD101317,CLI0213,2024-08-28,2025-02-04,Completed,Experienced Teacher,49,Annual,0,0,Client Request
ASG002040,DUD101317,CLI0043,2025-02-20,2026-06-09,Transferred,ALT / English Teacher,16,Six-Month,0,0,Client Request
ASG002041,DUD101318,CLI0252,2022-06-27,NULL,Active,Experienced Teacher,22,Annual,0,0,Staffing Demand
ASG002042,DUD101319,CLI0088,2021-08-02,2021-12-18,Renewed,Trainer,84,Monthly,0,0,Initial Assignment
ASG002043,DUD101319,CLI0228,2022-01-15,2022-04-23,Completed,ALT / English Teacher,103,Annual,0,0,Staffing Demand
ASG002044,DUD101319,CLI0129,2022-05-06,NULL,Active,Experienced Teacher,76,Six-Month,0,0,Replacement
ASG002045,DUD101320,CLI0073,2023-02-24,2023-06-30,Ended,Trainer,105,Six-Month,0,0,Staffing Demand
ASG002046,DUD101320,CLI0284,2023-07-05,2024-10-06,Renewed,Experienced Teacher,31,Annual,0,0,Initial Assignment
ASG002047,DUD101321,CLI0219,2021-12-25,NULL,Active,Experienced Teacher,40,Monthly,0,0,Staffing Demand
ASG002048,DUD101322,CLI0048,2022-01-31,2022-11-13,Ended,Senior Teacher,98,Three-Month,0,0,Replacement
ASG002049,DUD101322,CLI0016,2022-12-11,2023-12-13,Renewed,ALT / English Teacher,21,Annual,0,0,Initial Assignment
ASG002050,DUD101322,CLI0060,2024-01-02,NULL,Active,Experienced Teacher,66,Monthly,0,0,Initial Assignment
ASG002051,DUD101323,CLI0158,2021-08-13,2022-02-28,Renewed,ALT / English Teacher,29,Annual,0,0,Client Request
ASG002052,DUD101323,CLI0102,2022-03-23,2023-05-22,Renewed,ALT / English Teacher,78,Three-Month,0,0,Client Request
ASG002053,DUD101324,CLI0156,2025-04-30,NULL,Active,Senior Teacher,72,Monthly,0,0,Replacement
ASG002054,DUD101325,CLI0193,2025-01-02,2026-02-21,Renewed,ALT / English Teacher,48,Three-Month,0,0,Staffing Demand
ASG002055,DUD101325,CLI0076,2026-03-16,NULL,Active,ALT / English Teacher,102,Three-Month,0,0,Transfer
ASG002056,DUD101326,CLI0172,2023-01-05,2023-05-26,Transferred,Trainer,108,Three-Month,0,0,Initial Assignment
ASG002057,DUD101326,CLI0267,2023-06-17,NULL,Active,Senior Teacher,23,Three-Month,0,0,Initial Assignment
ASG002058,DUD101327,CLI0259,2023-04-12,2023-09-19,Renewed,ALT / English Teacher,36,Three-Month,0,0,Staffing Demand
ASG002059,DUD101327,CLI0276,2023-10-16,2024-10-14,Transferred,Senior Teacher,93,Monthly,0,0,Staffing Demand
ASG002060,DUD101327,CLI0131,2024-10-28,NULL,Active,ALT / English Teacher,61,Annual,0,0,Client Request
ASG002061,DUD101328,CLI0211,2023-10-12,2025-03-17,Transferred,ALT / English Teacher,30,Annual,0,0,Initial Assignment
ASG002062,DUD101328,CLI0185,2025-04-06,2025-09-25,Renewed,Senior Teacher,26,Six-Month,0,0,Replacement
ASG002063,DUD101329,CLI0215,2022-11-04,NULL,Active,ALT / English Teacher,76,Monthly,0,0,Replacement
ASG002064,DUD101330,CLI0068,2021-02-09,NULL,Active,ALT / English Teacher,110,Annual,0,0,Staffing Demand
ASG002065,DUD101331,CLI0084,2025-02-25,2025-07-04,Renewed,Senior Teacher,16,Six-Month,0,0,Transfer
ASG002066,DUD101331,CLI0269,2025-07-11,NULL,Active,ALT / English Teacher,111,Monthly,0,0,Client Request
ASG002067,DUD101332,CLI0109,2025-02-06,2026-07-04,Completed,ALT / English Teacher,100,Three-Month,0,0,Staffing Demand
ASG002068,DUD101332,CLI0092,2026-07-31,NULL,Active,ALT / English Teacher,87,Monthly,0,0,Client Request
ASG002069,DUD101333,CLI0252,2025-12-08,NULL,Active,Experienced Teacher,66,Annual,0,0,Client Request
ASG002070,DUD101334,CLI0056,2022-12-04,2023-10-22,Renewed,Senior Teacher,45,Annual,0,0,Replacement
ASG002071,DUD101334,CLI0052,2023-11-01,NULL,Active,ALT / English Teacher,24,Six-Month,0,0,Replacement
ASG002072,DUD101335,CLI0012,2024-07-30,NULL,Active,ALT / English Teacher,39,Annual,0,0,Transfer
ASG002073,DUD101336,CLI0186,2025-10-04,2026-08-08,Renewed,ALT / English Teacher,109,Six-Month,0,0,Initial Assignment
ASG002074,DUD101336,CLI0295,2026-08-20,NULL,Active,Experienced Teacher,94,Six-Month,0,0,Replacement
ASG002075,DUD101337,CLI0288,2026-03-06,NULL,Active,Senior Teacher,73,Three-Month,0,0,Staffing Demand
ASG002076,DUD101338,CLI0012,2025-09-07,2026-12-09,Renewed,ALT / English Teacher,99,Monthly,0,0,Client Request
ASG002077,DUD101339,CLI0288,2024-11-16,2025-11-17,Renewed,ALT / English Teacher,52,Annual,0,0,Replacement
ASG002078,DUD101340,CLI0061,2023-01-13,2023-11-27,Renewed,ALT / English Teacher,70,Three-Month,0,0,Initial Assignment
ASG002079,DUD101340,CLI0235,2023-12-19,2024-06-16,Renewed,Senior Teacher,92,Monthly,0,0,Client Request
ASG002080,DUD101341,CLI0106,2023-09-29,NULL,Active,Senior Teacher,42,Annual,0,0,Transfer
ASG002081,DUD101342,CLI0130,2025-02-05,2025-05-28,Renewed,Experienced Teacher,63,Annual,0,0,Replacement
ASG002082,DUD101342,CLI0058,2025-06-27,2026-05-31,Completed,ALT / English Teacher,113,Three-Month,0,0,Client Request
ASG002083,DUD101342,CLI0176,2026-06-13,NULL,Active,ALT / English Teacher,88,Annual,0,0,Staffing Demand
ASG002084,DUD101343,CLI0112,2021-11-05,2022-07-03,Transferred,ALT / English Teacher,120,Monthly,0,0,Client Request
ASG002085,DUD101344,CLI0162,2021-12-22,2023-04-04,Transferred,Experienced Teacher,98,Six-Month,0,0,Transfer
ASG002086,DUD101344,CLI0188,2023-04-15,2024-04-01,Ended,ALT / English Teacher,53,Annual,0,0,Staffing Demand
ASG002087,DUD101345,CLI0284,2024-09-01,NULL,Active,ALT / English Teacher,38,Three-Month,0,0,Staffing Demand
ASG002088,DUD101346,CLI0260,2022-04-25,NULL,Active,Senior Teacher,118,Three-Month,0,0,Replacement
ASG002089,DUD101347,CLI0182,2021-07-06,2022-02-21,Transferred,Senior Teacher,68,Six-Month,0,0,Initial Assignment
ASG002090,DUD101347,CLI0034,2022-03-22,NULL,Active,Senior Teacher,85,Monthly,0,0,Replacement
ASG002091,DUD101348,CLI0279,2023-11-04,2024-06-13,Renewed,ALT / English Teacher,106,Annual,0,0,Replacement
ASG002092,DUD101349,CLI0120,2021-12-01,NULL,Active,ALT / English Teacher,118,Six-Month,0,0,Staffing Demand
ASG002093,DUD101350,CLI0036,2024-01-14,2024-09-21,Transferred,Experienced Teacher,55,Monthly,0,0,Initial Assignment
ASG002094,DUD101350,CLI0240,2024-09-28,NULL,Active,Experienced Teacher,84,Six-Month,0,0,Initial Assignment
ASG002095,DUD101351,CLI0080,2021-05-03,2021-12-22,Renewed,ALT / English Teacher,98,Annual,0,0,Staffing Demand
ASG002096,DUD101351,CLI0201,2021-12-24,NULL,Active,ALT / English Teacher,72,Three-Month,0,0,Initial Assignment
ASG002097,DUD101352,CLI0092,2024-02-28,2025-01-04,Transferred,ALT / English Teacher,79,Monthly,0,0,Replacement
ASG002098,DUD101352,CLI0105,2025-01-18,2025-11-15,Ended,ALT / English Teacher,71,Annual,0,0,Initial Assignment
ASG002099,DUD101353,CLI0259,2025-08-02,2027-01-12,Transferred,ALT / English Teacher,90,Three-Month,0,0,Initial Assignment
ASG002100,DUD101353,CLI0152,2027-01-15,2027-08-18,Renewed,ALT / English Teacher,94,Annual,0,0,Client Request
ASG002101,DUD101354,CLI0153,2021-11-06,2022-11-22,Transferred,ALT / English Teacher,24,Six-Month,0,0,Staffing Demand
ASG002102,DUD101354,CLI0089,2022-12-07,NULL,Active,Senior Teacher,120,Annual,0,0,Staffing Demand
ASG002103,DUD101355,CLI0032,2022-10-16,2024-02-20,Ended,ALT / English Teacher,52,Annual,0,0,Client Request
ASG002104,DUD101355,CLI0115,2024-02-29,NULL,Active,Senior Teacher,65,Three-Month,0,0,Replacement
ASG002105,DUD101356,CLI0247,2025-10-08,2026-07-05,Completed,Experienced Teacher,41,Six-Month,0,0,Client Request
ASG002106,DUD101356,CLI0221,2026-07-16,NULL,Active,ALT / English Teacher,42,Six-Month,0,0,Initial Assignment
ASG002107,DUD101357,CLI0100,2025-04-25,NULL,Active,ALT / English Teacher,46,Three-Month,0,0,Client Request
ASG002108,DUD101358,CLI0086,2023-03-29,NULL,Active,Senior Teacher,70,Three-Month,0,0,Initial Assignment
ASG002109,DUD101359,CLI0019,2024-10-01,2025-05-18,Transferred,Experienced Teacher,116,Monthly,0,0,Initial Assignment
ASG002110,DUD101360,CLI0135,2021-01-13,2022-05-31,Transferred,ALT / English Teacher,113,Monthly,0,0,Replacement
ASG002111,DUD101360,CLI0037,2022-06-19,NULL,Active,ALT / English Teacher,57,Annual,0,0,Replacement
ASG002112,DUD101361,CLI0074,2024-10-06,2026-01-29,Transferred,Senior Teacher,108,Three-Month,0,0,Transfer
ASG002113,DUD101361,CLI0020,2026-02-09,NULL,Active,ALT / English Teacher,78,Six-Month,0,0,Initial Assignment
ASG002114,DUD101362,CLI0018,2024-07-23,NULL,Active,ALT / English Teacher,56,Annual,0,0,Transfer
ASG002115,DUD101363,CLI0132,2023-02-15,2023-06-18,Ended,ALT / English Teacher,57,Six-Month,0,0,Initial Assignment
ASG002116,DUD101363,CLI0143,2023-06-27,NULL,Active,Senior Teacher,76,Six-Month,0,0,Replacement
ASG002117,DUD101364,CLI0299,2022-07-16,2022-11-15,Completed,Trainer,20,Three-Month,0,0,Replacement
ASG002118,DUD101364,CLI0112,2022-12-11,NULL,Active,Senior Teacher,73,Annual,0,0,Staffing Demand
ASG002119,DUD101365,CLI0066,2024-12-30,2025-06-19,Completed,ALT / English Teacher,118,Six-Month,0,0,Transfer
ASG002120,DUD101365,CLI0013,2025-06-30,2026-07-15,Transferred,Experienced Teacher,80,Six-Month,0,0,Replacement
ASG002121,DUD101365,CLI0008,2026-08-09,NULL,Active,ALT / English Teacher,88,Annual,0,0,Staffing Demand
ASG002122,DUD101366,CLI0075,2021-05-09,NULL,Active,ALT / English Teacher,36,Six-Month,0,0,Client Request
ASG002123,DUD101367,CLI0207,2022-10-15,2023-08-22,Ended,ALT / English Teacher,72,Six-Month,0,0,Client Request
ASG002124,DUD101367,CLI0289,2023-09-09,NULL,Active,Experienced Teacher,115,Monthly,0,0,Replacement
ASG002125,DUD101368,CLI0128,2024-03-07,2024-08-04,Renewed,ALT / English Teacher,36,Six-Month,0,0,Initial Assignment
ASG002126,DUD101369,CLI0034,2024-02-13,2024-08-03,Transferred,Trainer,81,Three-Month,0,0,Client Request
ASG002127,DUD101369,CLI0182,2024-08-19,NULL,Active,Senior Teacher,28,Six-Month,0,0,Staffing Demand
ASG002128,DUD101370,CLI0159,2025-01-02,NULL,Active,Senior Teacher,94,Six-Month,0,0,Transfer
ASG002129,DUD101371,CLI0262,2026-01-18,NULL,Active,ALT / English Teacher,78,Annual,0,0,Transfer
ASG002130,DUD101372,CLI0194,2025-01-29,2026-06-24,Ended,Senior Teacher,43,Six-Month,0,0,Staffing Demand
ASG002131,DUD101372,CLI0189,2026-07-13,2027-03-14,Renewed,ALT / English Teacher,91,Monthly,0,0,Client Request
ASG002132,DUD101372,CLI0270,2027-03-20,NULL,Active,Trainer,61,Six-Month,0,0,Staffing Demand
ASG002133,DUD101373,CLI0036,2025-01-01,NULL,Active,ALT / English Teacher,44,Three-Month,0,0,Client Request
ASG002134,DUD101374,CLI0047,2023-05-21,2023-08-31,Renewed,ALT / English Teacher,107,Three-Month,0,0,Transfer
ASG002135,DUD101374,CLI0024,2023-09-07,NULL,Active,ALT / English Teacher,29,Six-Month,0,0,Client Request
ASG002136,DUD101375,CLI0234,2024-02-12,2025-04-23,Ended,ALT / English Teacher,26,Three-Month,0,0,Client Request
ASG002137,DUD101375,CLI0023,2025-05-01,NULL,Active,ALT / English Teacher,58,Annual,0,0,Staffing Demand
ASG002138,DUD101376,CLI0011,2023-03-04,2024-04-22,Renewed,ALT / English Teacher,96,Annual,0,0,Initial Assignment
ASG002139,DUD101376,CLI0210,2024-04-30,NULL,Active,ALT / English Teacher,46,Six-Month,0,0,Staffing Demand
ASG002140,DUD101377,CLI0061,2023-07-25,NULL,Active,ALT / English Teacher,48,Six-Month,0,0,Transfer
ASG002141,DUD101378,CLI0048,2024-09-17,2026-03-02,Completed,Experienced Teacher,80,Annual,0,0,Staffing Demand
ASG002142,DUD101378,CLI0264,2026-03-23,2026-08-07,Renewed,Senior Teacher,79,Three-Month,0,0,Initial Assignment
ASG002143,DUD101378,CLI0216,2026-08-30,NULL,Active,ALT / English Teacher,74,Monthly,0,0,Initial Assignment
ASG002144,DUD101379,CLI0062,2024-02-14,NULL,Active,ALT / English Teacher,116,Three-Month,0,0,Client Request
ASG002145,DUD101380,CLI0004,2024-06-12,NULL,Active,ALT / English Teacher,19,Three-Month,0,0,Transfer
ASG002146,DUD101381,CLI0241,2024-10-28,2026-04-08,Ended,ALT / English Teacher,30,Monthly,0,0,Initial Assignment
ASG002147,DUD101381,CLI0217,2026-05-08,NULL,Active,Experienced Teacher,61,Six-Month,0,0,Staffing Demand
ASG002148,DUD101382,CLI0003,2022-03-23,2022-07-31,Transferred,Experienced Teacher,119,Six-Month,0,0,Client Request
ASG002149,DUD101382,CLI0204,2022-08-28,NULL,Active,ALT / English Teacher,67,Three-Month,0,0,Transfer
ASG002150,DUD101383,CLI0167,2022-07-23,2023-04-13,Transferred,Experienced Teacher,116,Annual,0,0,Replacement
ASG002151,DUD101384,CLI0195,2025-10-26,NULL,Active,ALT / English Teacher,17,Six-Month,0,0,Client Request
ASG002152,DUD101385,CLI0224,2021-12-28,2022-10-14,Completed,ALT / English Teacher,50,Monthly,0,0,Client Request
ASG002153,DUD101385,CLI0067,2022-10-31,2023-06-13,Completed,Experienced Teacher,38,Monthly,0,0,Initial Assignment
ASG002154,DUD101385,CLI0257,2023-06-20,NULL,Active,ALT / English Teacher,87,Six-Month,0,0,Initial Assignment
ASG002155,DUD101386,CLI0090,2023-09-10,NULL,Active,Experienced Teacher,45,Six-Month,0,0,Initial Assignment
ASG002156,DUD101387,CLI0092,2021-01-19,NULL,Active,ALT / English Teacher,39,Annual,0,0,Initial Assignment
ASG002157,DUD101388,CLI0277,2026-01-29,NULL,Active,ALT / English Teacher,19,Three-Month,0,0,Client Request
ASG002158,DUD101389,CLI0190,2022-07-21,2022-12-26,Completed,Trainer,22,Six-Month,0,0,Client Request
ASG002159,DUD101389,CLI0081,2023-01-12,NULL,Active,ALT / English Teacher,114,Annual,0,0,Transfer
ASG002160,DUD101390,CLI0209,2024-10-31,NULL,Active,Experienced Teacher,37,Annual,0,0,Replacement
ASG002161,DUD101391,CLI0208,2023-07-19,2024-04-25,Completed,Senior Teacher,90,Six-Month,0,0,Client Request
ASG002162,DUD101391,CLI0090,2024-05-04,NULL,Active,Senior Teacher,53,Three-Month,0,0,Client Request
ASG002163,DUD101392,CLI0266,2024-12-15,2026-05-17,Ended,Senior Teacher,82,Annual,0,0,Initial Assignment
ASG002164,DUD101392,CLI0251,2026-05-29,NULL,Active,Experienced Teacher,89,Three-Month,0,0,Replacement
ASG002165,DUD101393,CLI0260,2022-06-23,2023-12-03,Transferred,ALT / English Teacher,98,Monthly,0,0,Staffing Demand
ASG002166,DUD101393,CLI0159,2023-12-18,2024-10-25,Ended,ALT / English Teacher,108,Three-Month,0,0,Replacement
ASG002167,DUD101393,CLI0269,2024-10-30,2025-09-19,Completed,ALT / English Teacher,16,Six-Month,0,0,Transfer
ASG002168,DUD101394,CLI0149,2022-10-30,NULL,Active,Experienced Teacher,100,Annual,0,0,Transfer
ASG002169,DUD101395,CLI0236,2021-01-26,2021-07-11,Ended,ALT / English Teacher,26,Annual,0,0,Initial Assignment
ASG002170,DUD101395,CLI0169,2021-07-24,2021-11-01,Completed,ALT / English Teacher,17,Monthly,0,0,Staffing Demand
ASG002171,DUD101396,CLI0171,2026-03-01,NULL,Active,ALT / English Teacher,56,Six-Month,0,0,Client Request
ASG002172,DUD101397,CLI0288,2024-02-15,NULL,Active,ALT / English Teacher,94,Monthly,0,0,Staffing Demand
ASG002173,DUD101398,CLI0189,2025-10-09,2026-09-15,Transferred,ALT / English Teacher,78,Six-Month,0,0,Staffing Demand
ASG002174,DUD101398,CLI0253,2026-09-29,2027-02-13,Ended,ALT / English Teacher,45,Monthly,0,0,Transfer
ASG002175,DUD101399,CLI0296,2023-08-27,NULL,Active,ALT / English Teacher,28,Six-Month,0,0,Replacement
ASG002176,DUD101400,CLI0262,2025-05-11,2025-10-14,Renewed,ALT / English Teacher,20,Three-Month,0,0,Transfer
ASG002177,DUD101400,CLI0241,2025-10-29,2026-12-30,Transferred,Experienced Teacher,97,Annual,0,0,Initial Assignment
ASG002178,DUD101400,CLI0044,2027-01-13,2028-06-30,Completed,Experienced Teacher,74,Three-Month,0,0,Transfer
ASG002179,DUD101401,CLI0294,2023-01-19,2023-08-08,Ended,Senior Teacher,92,Six-Month,0,0,Replacement
ASG002180,DUD101401,CLI0128,2023-08-21,NULL,Active,ALT / English Teacher,15,Monthly,0,0,Transfer
ASG002181,DUD101402,CLI0182,2024-04-24,NULL,Active,Experienced Teacher,114,Annual,0,0,Client Request
ASG002182,DUD101403,CLI0269,2025-03-24,2026-07-26,Renewed,ALT / English Teacher,42,Six-Month,0,0,Initial Assignment
ASG002183,DUD101403,CLI0048,2026-08-07,NULL,Active,Senior Teacher,19,Annual,0,0,Replacement
ASG002184,DUD101404,CLI0289,2025-10-12,2026-11-26,Transferred,ALT / English Teacher,23,Monthly,0,0,Replacement
ASG002185,DUD101405,CLI0140,2023-08-29,NULL,Active,ALT / English Teacher,19,Three-Month,0,0,Replacement
ASG002186,DUD101406,CLI0067,2022-03-06,2023-06-19,Transferred,ALT / English Teacher,46,Monthly,0,0,Replacement
ASG002187,DUD101406,CLI0004,2023-07-08,2024-01-19,Transferred,ALT / English Teacher,40,Monthly,0,0,Replacement
ASG002188,DUD101407,CLI0233,2023-04-23,2024-01-04,Renewed,Senior Teacher,90,Six-Month,0,0,Transfer
ASG002189,DUD101407,CLI0056,2024-01-23,2025-02-08,Transferred,ALT / English Teacher,103,Annual,0,0,Initial Assignment
ASG002190,DUD101407,CLI0142,2025-03-02,2025-09-21,Completed,Experienced Teacher,53,Annual,0,0,Initial Assignment
ASG002191,DUD101408,CLI0002,2024-06-22,2025-08-24,Ended,Experienced Teacher,26,Three-Month,0,0,Initial Assignment
ASG002192,DUD101408,CLI0257,2025-09-17,NULL,Active,Trainer,28,Six-Month,0,0,Staffing Demand
ASG002193,DUD101409,CLI0159,2022-01-05,2022-06-27,Renewed,ALT / English Teacher,32,Three-Month,0,0,Client Request
ASG002194,DUD101409,CLI0277,2022-07-20,NULL,Active,Experienced Teacher,42,Monthly,0,0,Transfer
ASG002195,DUD101410,CLI0017,2025-10-22,NULL,Active,Trainer,110,Three-Month,0,0,Initial Assignment
ASG002196,DUD101411,CLI0044,2023-04-02,2024-05-10,Completed,Experienced Teacher,28,Annual,0,0,Transfer
ASG002197,DUD101411,CLI0192,2024-06-08,2024-12-24,Transferred,Experienced Teacher,15,Six-Month,0,0,Client Request
ASG002198,DUD101411,CLI0198,2025-01-12,NULL,Active,Senior Teacher,26,Six-Month,0,0,Replacement
ASG002199,DUD101412,CLI0071,2023-06-19,2024-05-06,Transferred,Trainer,43,Monthly,0,0,Staffing Demand
ASG002200,DUD101412,CLI0252,2024-05-15,NULL,Active,ALT / English Teacher,103,Annual,0,0,Transfer
ASG002201,DUD101413,CLI0188,2022-06-12,NULL,Active,Experienced Teacher,82,Three-Month,0,0,Initial Assignment
ASG002202,DUD101414,CLI0029,2022-01-20,NULL,Active,ALT / English Teacher,22,Annual,0,0,Transfer
ASG002203,DUD101415,CLI0159,2022-11-09,NULL,Active,Senior Teacher,94,Annual,0,0,Staffing Demand
ASG002204,DUD101416,CLI0158,2026-01-26,2027-05-02,Renewed,Experienced Teacher,58,Monthly,0,0,Client Request
ASG002205,DUD101416,CLI0260,2027-06-01,2028-09-10,Transferred,ALT / English Teacher,81,Six-Month,0,0,Staffing Demand
ASG002206,DUD101416,CLI0021,2028-09-19,NULL,Active,Senior Teacher,19,Six-Month,0,0,Replacement
ASG002207,DUD101417,CLI0152,2022-04-12,2023-03-22,Renewed,Trainer,54,Three-Month,0,0,Staffing Demand
ASG002208,DUD101417,CLI0107,2023-04-10,NULL,Active,ALT / English Teacher,91,Three-Month,0,0,Staffing Demand
ASG002209,DUD101418,CLI0253,2023-01-24,2023-08-15,Transferred,ALT / English Teacher,100,Annual,0,0,Replacement
ASG002210,DUD101418,CLI0241,2023-09-10,2024-02-16,Renewed,Experienced Teacher,42,Three-Month,0,0,Staffing Demand
ASG002211,DUD101419,CLI0058,2023-11-16,NULL,Active,Experienced Teacher,96,Six-Month,0,0,Client Request
ASG002212,DUD101420,CLI0105,2025-08-14,2026-01-29,Renewed,ALT / English Teacher,110,Monthly,0,0,Client Request
ASG002213,DUD101420,CLI0294,2026-02-11,2027-05-07,Completed,Experienced Teacher,111,Three-Month,0,0,Replacement
ASG002214,DUD101421,CLI0265,2023-09-30,NULL,Active,ALT / English Teacher,97,Annual,0,0,Client Request
ASG002215,DUD101422,CLI0117,2022-02-11,2023-02-04,Completed,Senior Teacher,110,Three-Month,0,0,Initial Assignment
ASG002216,DUD101423,CLI0050,2023-01-15,2023-06-17,Transferred,ALT / English Teacher,87,Three-Month,0,0,Initial Assignment
ASG002217,DUD101423,CLI0039,2023-06-26,2024-05-04,Completed,Experienced Teacher,28,Monthly,0,0,Replacement
ASG002218,DUD101424,CLI0183,2023-03-17,2024-02-21,Transferred,ALT / English Teacher,46,Annual,0,0,Client Request
ASG002219,DUD101424,CLI0124,2024-02-28,2025-08-16,Completed,ALT / English Teacher,97,Annual,0,0,Client Request
ASG002220,DUD101424,CLI0099,2025-08-31,2026-08-25,Transferred,ALT / English Teacher,99,Three-Month,0,0,Client Request
ASG002221,DUD101425,CLI0170,2022-10-09,2023-05-17,Transferred,ALT / English Teacher,26,Three-Month,0,0,Transfer
ASG002222,DUD101425,CLI0215,2023-05-23,NULL,Active,ALT / English Teacher,53,Monthly,0,0,Transfer
ASG002223,DUD101426,CLI0075,2022-09-25,2023-05-20,Completed,ALT / English Teacher,45,Three-Month,0,0,Initial Assignment
ASG002224,DUD101426,CLI0180,2023-05-24,NULL,Active,Experienced Teacher,88,Annual,0,0,Initial Assignment
ASG002225,DUD101427,CLI0123,2023-04-08,NULL,Active,Experienced Teacher,64,Six-Month,0,0,Client Request
ASG002226,DUD101428,CLI0096,2025-10-04,NULL,Active,ALT / English Teacher,104,Three-Month,0,0,Staffing Demand
ASG002227,DUD101429,CLI0019,2021-11-06,NULL,Active,ALT / English Teacher,83,Annual,0,0,Replacement
ASG002228,DUD101430,CLI0136,2022-09-26,2023-04-30,Renewed,ALT / English Teacher,113,Monthly,0,0,Client Request
ASG002229,DUD101430,CLI0236,2023-05-10,NULL,Active,ALT / English Teacher,20,Three-Month,0,0,Initial Assignment
ASG002230,DUD101431,CLI0172,2024-06-08,NULL,Active,Experienced Teacher,101,Three-Month,0,0,Replacement
ASG002231,DUD101432,CLI0141,2022-05-08,NULL,Active,ALT / English Teacher,110,Three-Month,0,0,Client Request
ASG002232,DUD101433,CLI0097,2021-03-08,NULL,Active,ALT / English Teacher,30,Monthly,0,0,Initial Assignment
ASG002233,DUD101434,CLI0230,2025-03-28,2026-02-25,Completed,Experienced Teacher,38,Three-Month,0,0,Client Request
ASG002234,DUD101434,CLI0151,2026-03-14,2026-07-28,Renewed,Trainer,42,Monthly,0,0,Transfer
ASG002235,DUD101435,CLI0231,2025-11-16,NULL,Active,ALT / English Teacher,31,Six-Month,0,0,Transfer
ASG002236,DUD101436,CLI0064,2024-03-24,NULL,Active,ALT / English Teacher,46,Monthly,0,0,Client Request
ASG002237,DUD101437,CLI0183,2021-09-05,2022-10-17,Transferred,Experienced Teacher,91,Monthly,0,0,Staffing Demand
ASG002238,DUD101437,CLI0251,2022-11-15,2023-03-22,Completed,Experienced Teacher,112,Three-Month,0,0,Transfer
ASG002239,DUD101438,CLI0123,2025-06-17,NULL,Active,Experienced Teacher,41,Monthly,0,0,Client Request
ASG002240,DUD101439,CLI0298,2024-10-18,2025-03-02,Completed,Trainer,105,Monthly,0,0,Staffing Demand
ASG002241,DUD101439,CLI0178,2025-03-22,2026-08-12,Ended,ALT / English Teacher,69,Three-Month,0,0,Staffing Demand
ASG002242,DUD101439,CLI0219,2026-08-18,2027-08-26,Transferred,Senior Teacher,49,Monthly,0,0,Client Request
ASG002243,DUD101440,CLI0091,2022-03-23,NULL,Active,Senior Teacher,44,Three-Month,0,0,Staffing Demand
ASG002244,DUD101441,CLI0036,2023-11-24,2025-03-22,Ended,Experienced Teacher,35,Annual,0,0,Replacement
ASG002245,DUD101442,CLI0176,2022-01-15,2022-04-24,Completed,ALT / English Teacher,75,Six-Month,0,0,Transfer
ASG002246,DUD101443,CLI0176,2021-09-26,2022-05-13,Completed,ALT / English Teacher,73,Monthly,0,0,Client Request
ASG002247,DUD101443,CLI0274,2022-06-12,2023-02-12,Transferred,Senior Teacher,45,Annual,0,0,Client Request
ASG002248,DUD101444,CLI0234,2021-12-12,NULL,Active,Experienced Teacher,97,Monthly,0,0,Staffing Demand
ASG002249,DUD101445,CLI0300,2023-10-30,2025-01-31,Transferred,ALT / English Teacher,60,Monthly,0,0,Replacement
ASG002250,DUD101446,CLI0264,2021-10-30,2023-02-18,Renewed,Senior Teacher,108,Six-Month,0,0,Initial Assignment
ASG002251,DUD101446,CLI0084,2023-02-26,NULL,Active,Senior Teacher,21,Annual,0,0,Transfer
ASG002252,DUD101447,CLI0048,2023-07-18,2024-01-20,Renewed,Senior Teacher,82,Six-Month,0,0,Staffing Demand
ASG002253,DUD101447,CLI0133,2024-02-05,2024-05-15,Renewed,Experienced Teacher,74,Six-Month,0,0,Initial Assignment
ASG002254,DUD101448,CLI0266,2025-08-21,NULL,Active,ALT / English Teacher,82,Monthly,0,0,Replacement
ASG002255,DUD101449,CLI0058,2025-12-16,NULL,Active,ALT / English Teacher,118,Annual,0,0,Replacement
ASG002256,DUD101450,CLI0011,2025-08-12,2026-05-17,Transferred,Senior Teacher,41,Monthly,0,0,Initial Assignment
ASG002257,DUD101451,CLI0108,2022-04-11,2023-04-29,Completed,Experienced Teacher,119,Three-Month,0,0,Replacement
ASG002258,DUD101452,CLI0123,2024-05-22,2025-06-19,Transferred,Experienced Teacher,63,Monthly,0,0,Client Request
ASG002259,DUD101453,CLI0125,2022-02-26,2022-09-10,Renewed,ALT / English Teacher,84,Three-Month,0,0,Staffing Demand
ASG002260,DUD101454,CLI0050,2021-01-03,2022-04-16,Transferred,Senior Teacher,117,Three-Month,0,0,Transfer
ASG002261,DUD101454,CLI0185,2022-05-07,2022-10-08,Completed,ALT / English Teacher,47,Six-Month,0,0,Transfer
ASG002262,DUD101455,CLI0153,2025-01-25,2025-11-10,Renewed,Trainer,36,Three-Month,0,0,Client Request
ASG002263,DUD101455,CLI0241,2025-11-29,2026-04-27,Ended,Experienced Teacher,35,Monthly,0,0,Client Request
ASG002264,DUD101456,CLI0204,2024-04-04,2025-05-26,Ended,Experienced Teacher,51,Three-Month,0,0,Staffing Demand
ASG002265,DUD101457,CLI0046,2021-01-02,2021-04-21,Completed,ALT / English Teacher,62,Six-Month,0,0,Client Request
ASG002266,DUD101457,CLI0300,2021-04-22,NULL,Active,Experienced Teacher,54,Three-Month,0,0,Initial Assignment
ASG002267,DUD101458,CLI0148,2023-02-06,2024-05-28,Transferred,Senior Teacher,103,Three-Month,0,0,Staffing Demand
ASG002268,DUD101458,CLI0218,2024-05-29,NULL,Active,Experienced Teacher,59,Monthly,0,0,Replacement
ASG002269,DUD101459,CLI0279,2021-05-08,2022-02-10,Transferred,ALT / English Teacher,99,Monthly,0,0,Transfer
ASG002270,DUD101459,CLI0176,2022-02-22,2022-05-26,Renewed,Experienced Teacher,81,Three-Month,0,0,Transfer
ASG002271,DUD101460,CLI0255,2021-06-16,NULL,Active,ALT / English Teacher,93,Monthly,0,0,Staffing Demand
ASG002272,DUD101461,CLI0056,2022-01-24,NULL,Active,ALT / English Teacher,62,Monthly,0,0,Transfer
ASG002273,DUD101462,CLI0270,2023-05-10,2024-10-28,Transferred,ALT / English Teacher,91,Three-Month,0,0,Client Request
ASG002274,DUD101462,CLI0213,2024-11-21,NULL,Active,ALT / English Teacher,64,Annual,0,0,Initial Assignment
ASG002275,DUD101463,CLI0019,2023-12-30,2025-01-12,Ended,ALT / English Teacher,104,Monthly,0,0,Initial Assignment
ASG002276,DUD101463,CLI0123,2025-01-24,NULL,Active,ALT / English Teacher,68,Six-Month,0,0,Transfer
ASG002277,DUD101464,CLI0172,2022-05-22,2023-02-12,Completed,Senior Teacher,51,Monthly,0,0,Replacement
ASG002278,DUD101464,CLI0183,2023-03-07,NULL,Active,ALT / English Teacher,28,Monthly,0,0,Client Request
ASG002279,DUD101465,CLI0088,2022-05-29,NULL,Active,ALT / English Teacher,115,Six-Month,0,0,Transfer
ASG002280,DUD101466,CLI0280,2022-05-24,2023-01-17,Ended,Senior Teacher,101,Monthly,0,0,Initial Assignment
ASG002281,DUD101466,CLI0156,2023-02-07,NULL,Active,ALT / English Teacher,88,Annual,0,0,Replacement
ASG002282,DUD101467,CLI0078,2023-10-18,NULL,Active,ALT / English Teacher,100,Annual,0,0,Initial Assignment
ASG002283,DUD101468,CLI0230,2024-07-08,2025-01-02,Transferred,ALT / English Teacher,119,Monthly,0,0,Replacement
ASG002284,DUD101468,CLI0208,2025-01-08,NULL,Active,Experienced Teacher,85,Six-Month,0,0,Staffing Demand
ASG002285,DUD101469,CLI0162,2024-09-06,2025-11-15,Ended,Experienced Teacher,67,Annual,0,0,Client Request
ASG002286,DUD101470,CLI0061,2023-07-04,2024-10-21,Renewed,ALT / English Teacher,31,Six-Month,0,0,Initial Assignment
ASG002287,DUD101471,CLI0184,2025-01-10,2025-08-06,Ended,ALT / English Teacher,55,Three-Month,0,0,Replacement
ASG002288,DUD101471,CLI0222,2025-08-28,NULL,Active,ALT / English Teacher,53,Six-Month,0,0,Client Request
ASG002289,DUD101472,CLI0051,2021-06-28,2022-05-23,Ended,ALT / English Teacher,72,Monthly,0,0,Client Request
ASG002290,DUD101472,CLI0059,2022-06-08,2022-09-15,Ended,ALT / English Teacher,42,Annual,0,0,Client Request
ASG002291,DUD101472,CLI0255,2022-10-08,NULL,Active,Senior Teacher,44,Annual,0,0,Initial Assignment
ASG002292,DUD101473,CLI0007,2021-08-09,NULL,Active,ALT / English Teacher,107,Six-Month,0,0,Replacement
ASG002293,DUD101474,CLI0230,2022-04-14,2022-10-04,Renewed,ALT / English Teacher,82,Six-Month,0,0,Client Request
ASG002294,DUD101474,CLI0196,2022-10-29,2023-05-19,Renewed,ALT / English Teacher,42,Three-Month,0,0,Staffing Demand
ASG002295,DUD101474,CLI0201,2023-06-13,NULL,Active,Experienced Teacher,70,Six-Month,0,0,Transfer
ASG002296,DUD101475,CLI0036,2023-10-19,2025-02-10,Ended,ALT / English Teacher,104,Annual,0,0,Initial Assignment
ASG002297,DUD101476,CLI0264,2022-04-06,2022-08-17,Transferred,ALT / English Teacher,69,Monthly,0,0,Transfer
ASG002298,DUD101476,CLI0133,2022-09-10,NULL,Active,ALT / English Teacher,17,Annual,0,0,Replacement
ASG002299,DUD101477,CLI0168,2021-08-23,2022-04-03,Transferred,Senior Teacher,69,Three-Month,0,0,Initial Assignment
ASG002300,DUD101478,CLI0028,2022-08-06,NULL,Active,ALT / English Teacher,70,Annual,0,0,Replacement
ASG002301,DUD101479,CLI0156,2023-08-08,2024-08-05,Completed,ALT / English Teacher,83,Three-Month,0,0,Transfer
ASG002302,DUD101479,CLI0059,2024-08-18,2025-03-11,Completed,ALT / English Teacher,20,Six-Month,0,0,Client Request
ASG002303,DUD101479,CLI0023,2025-03-22,2026-02-16,Renewed,ALT / English Teacher,38,Annual,0,0,Transfer
ASG002304,DUD101480,CLI0164,2025-09-13,2026-04-28,Completed,Experienced Teacher,119,Six-Month,0,0,Transfer
ASG002305,DUD101480,CLI0219,2026-05-08,NULL,Active,ALT / English Teacher,48,Six-Month,0,0,Client Request
ASG002306,DUD101481,CLI0185,2022-04-27,2023-02-23,Completed,Experienced Teacher,73,Three-Month,0,0,Client Request
ASG002307,DUD101481,CLI0006,2023-03-05,NULL,Active,Experienced Teacher,48,Six-Month,0,0,Replacement
ASG002308,DUD101482,CLI0158,2025-06-05,2026-09-27,Ended,ALT / English Teacher,69,Annual,0,0,Client Request
ASG002309,DUD101482,CLI0099,2026-10-24,2027-10-02,Transferred,ALT / English Teacher,110,Six-Month,0,0,Replacement
ASG002310,DUD101483,CLI0171,2025-11-25,2026-08-26,Ended,Trainer,60,Annual,0,0,Client Request
ASG002311,DUD101483,CLI0024,2026-09-10,2027-01-15,Ended,ALT / English Teacher,93,Three-Month,0,0,Replacement
ASG002312,DUD101484,CLI0043,2021-03-28,2022-06-08,Completed,ALT / English Teacher,35,Three-Month,0,0,Replacement
ASG002313,DUD101484,CLI0090,2022-06-20,NULL,Active,Experienced Teacher,46,Three-Month,0,0,Transfer
ASG002314,DUD101485,CLI0048,2023-03-09,NULL,Active,ALT / English Teacher,69,Three-Month,0,0,Transfer
ASG002315,DUD101486,CLI0025,2025-05-01,NULL,Active,Trainer,27,Monthly,0,0,Client Request
ASG002316,DUD101487,CLI0033,2021-03-23,2021-12-07,Renewed,ALT / English Teacher,106,Six-Month,0,0,Staffing Demand
ASG002317,DUD101488,CLI0060,2025-09-19,2026-01-25,Completed,ALT / English Teacher,16,Annual,0,0,Staffing Demand
ASG002318,DUD101488,CLI0164,2026-02-03,2026-06-03,Ended,ALT / English Teacher,110,Six-Month,0,0,Transfer
ASG002319,DUD101489,CLI0143,2023-08-02,2024-05-05,Completed,Experienced Teacher,113,Annual,0,0,Initial Assignment
ASG002320,DUD101490,CLI0097,2021-10-18,2022-01-31,Transferred,Experienced Teacher,43,Six-Month,0,0,Staffing Demand
ASG002321,DUD101490,CLI0213,2022-02-07,2022-05-15,Ended,ALT / English Teacher,116,Three-Month,0,0,Client Request
ASG002322,DUD101490,CLI0202,2022-06-10,NULL,Active,Experienced Teacher,108,Three-Month,0,0,Client Request
ASG002323,DUD101491,CLI0162,2025-11-21,2026-12-03,Renewed,ALT / English Teacher,76,Three-Month,0,0,Initial Assignment
ASG002324,DUD101491,CLI0029,2026-12-19,2028-06-01,Completed,ALT / English Teacher,119,Six-Month,0,0,Staffing Demand
ASG002325,DUD101491,CLI0032,2028-06-26,NULL,Active,Senior Teacher,70,Annual,0,0,Replacement
ASG002326,DUD101492,CLI0179,2023-11-06,2024-11-17,Renewed,ALT / English Teacher,82,Three-Month,0,0,Staffing Demand
ASG002327,DUD101492,CLI0047,2024-12-11,2025-05-01,Completed,Senior Teacher,40,Monthly,0,0,Staffing Demand
ASG002328,DUD101492,CLI0112,2025-05-15,NULL,Active,ALT / English Teacher,116,Monthly,0,0,Client Request
ASG002329,DUD101493,CLI0006,2026-01-26,NULL,Active,Experienced Teacher,66,Six-Month,0,0,Replacement
ASG002330,DUD101494,CLI0246,2023-04-01,2024-07-05,Transferred,Experienced Teacher,25,Annual,0,0,Staffing Demand
ASG002331,DUD101494,CLI0122,2024-07-16,2025-08-01,Transferred,ALT / English Teacher,78,Annual,0,0,Staffing Demand
ASG002332,DUD101495,CLI0087,2024-05-30,2025-04-14,Transferred,Experienced Teacher,53,Annual,0,0,Client Request
ASG002333,DUD101495,CLI0266,2025-05-01,NULL,Active,Experienced Teacher,95,Three-Month,0,0,Client Request
ASG002334,DUD101496,CLI0150,2022-05-09,NULL,Active,Experienced Teacher,40,Three-Month,0,0,Transfer
ASG002335,DUD101497,CLI0055,2021-11-10,2022-08-29,Transferred,Experienced Teacher,35,Six-Month,0,0,Initial Assignment
ASG002336,DUD101497,CLI0282,2022-09-22,2023-03-27,Renewed,Experienced Teacher,49,Annual,0,0,Transfer
ASG002337,DUD101498,CLI0001,2022-09-02,2023-01-19,Renewed,Experienced Teacher,111,Six-Month,0,0,Transfer
ASG002338,DUD101498,CLI0055,2023-01-22,NULL,Active,Experienced Teacher,21,Annual,0,0,Transfer
ASG002339,DUD101499,CLI0266,2021-09-27,2022-03-04,Ended,Experienced Teacher,61,Annual,0,0,Replacement
ASG002340,DUD101499,CLI0019,2022-03-17,2023-07-28,Completed,ALT / English Teacher,75,Six-Month,0,0,Client Request
ASG002341,DUD101500,CLI0093,2022-06-06,NULL,Active,ALT / English Teacher,35,Monthly,0,0,Staffing Demand
