employee_id,first_name,last_name,employment_start_date,employment_end_date,employment_status,employment_type,position,career_level,start_reason,end_reason,offboarding_date,departure_type,leaving_reason,exit_satisfaction,would_recommend,would_return,rehire_eligible
DUD000001,Robert,Davis,2021-10-30,NULL,Active,Full-time,HR Staff,5,Initial Hire,,NULL,NULL,NULL,NULL,NULL,NULL,NULL
DUD000002,Daniel,Moore,2024-07-17,NULL,Active,Full-time,Manager,4,Initial Hire,,NULL,NULL,NULL,NULL,NULL,NULL,NULL
DUD000003,Luis,Williams,2025-02-06,NULL,Active,Full-time,Recruiter,5,Initial Hire,,NULL,NULL,NULL,NULL,NULL,NULL,NULL
DUD000004,Sarah,Hall,2024-10-29,NULL,Active,Full-time,HR Staff,3,Initial Hire,,NULL,NULL,NULL,NULL,NULL,NULL,NULL
DUD000005,Diego,Martin,2024-08-02,NULL,Active,Full-time,HR Staff,1,Initial Hire,,NULL,NULL,NULL,NULL,NULL,NULL,NULL
DUD000006,Laura,Wilson,2020-08-28,NULL,Active,Full-time,Recruiter,4,Initial Hire,,NULL,NULL,NULL,NULL,NULL,NULL,NULL
DUD000007,Marco,Young,2022-06-06,NULL,Active,Full-time,Client Relations,1,Initial Hire,,NULL,NULL,NULL,NULL,NULL,NULL,NULL
DUD000008,David,Lopez,2023-11-05,NULL,Active,Full-time,Manager,3,Initial Hire,,NULL,NULL,NULL,NULL,NULL,NULL,NULL
DUD000009,Sarah,Martin,2023-01-29,NULL,Active,Full-time,Client Relations,1,Initial Hire,,NULL,NULL,NULL,NULL,NULL,NULL,NULL
DUD000010,Jose,White,2020-10-03,NULL,Active,Full-time,Client Relations,4,Initial Hire,,NULL,NULL,NULL,NULL,NULL,NULL,NULL
DUD000011,Ana,Allen,2020-12-31,NULL,Active,Full-time,Recruiter,4,Initial Hire,,NULL,NULL,NULL,NULL,NULL,NULL,NULL
DUD000012,Andres,Wilson,2025-11-27,NULL,Active,Full-time,Administrator,3,Initial Hire,,NULL,NULL,NULL,NULL,NULL,NULL,NULL
DUD000013,Sarah,Brown,2025-11-03,NULL,Active,Full-time,Recruiter,5,Initial Hire,,NULL,NULL,NULL,NULL,NULL,NULL,NULL
DUD000014,Christopher,Miller,2020-09-29,NULL,Active,Full-time,HR Staff,5,Initial Hire,,NULL,NULL,NULL,NULL,NULL,NULL,NULL
DUD000015,James,Davis,2023-04-20,NULL,Active,Full-time,HR Staff,5,Initial Hire,,NULL,NULL,NULL,NULL,NULL,NULL,NULL
DUD000016,Matthew,Smith,2025-07-22,NULL,Active,Full-time,Client Relations,5,Initial Hire,,NULL,NULL,NULL,NULL,NULL,NULL,NULL
DUD000017,David,Torres,2021-03-22,NULL,Active,Full-time,Dispatch Staff,3,Initial Hire,,NULL,NULL,NULL,NULL,NULL,NULL,NULL
DUD000018,Daniel,Lopez,2022-01-15,NULL,Active,Full-time,Administrator,4,Initial Hire,,NULL,NULL,NULL,NULL,NULL,NULL,NULL
DUD000019,Sofia,Martinez,2021-05-12,NULL,Active,Full-time,Client Relations,3,Initial Hire,,NULL,NULL,NULL,NULL,NULL,NULL,NULL
DUD000020,Juan,Garcia,2025-05-20,NULL,Active,Full-time,Manager,5,Initial Hire,,NULL,NULL,NULL,NULL,NULL,NULL,NULL
DUD000021,Matthew,Ramirez,2020-04-25,NULL,Active,Full-time,Dispatch Staff,4,Initial Hire,,NULL,NULL,NULL,NULL,NULL,NULL,NULL
DUD000022,Hannah,Miller,2024-04-26,NULL,Active,Full-time,Client Relations,4,Initial Hire,,NULL,NULL,NULL,NULL,NULL,NULL,NULL
DUD000023,Daniel,Walker,2023-02-07,NULL,Active,Full-time,Recruiter,5,Initial Hire,,NULL,NULL,NULL,NULL,NULL,NULL,NULL
DUD000024,Miguel,Brown,2025-11-13,NULL,Active,Full-time,Administrator,2,Initial Hire,,NULL,NULL,NULL,NULL,NULL,NULL,NULL
DUD000025,Laura,Wilson,2021-06-02,NULL,Active,Full-time,Client Relations,4,Initial Hire,,NULL,NULL,NULL,NULL,NULL,NULL,NULL
DUD000026,Matthew,Hernandez,2022-12-24,NULL,Active,Full-time,Manager,3,Initial Hire,,NULL,NULL,NULL,NULL,NULL,NULL,NULL
DUD000027,Laura,Thompson,2024-08-09,NULL,Active,Full-time,Manager,3,Initial Hire,,NULL,NULL,NULL,NULL,NULL,NULL,NULL
DUD000028,Miguel,Young,2023-09-26,NULL,Active,Full-time,Client Relations,2,Initial Hire,,NULL,NULL,NULL,NULL,NULL,NULL,NULL
DUD000029,Daniel,Wilson,2022-10-31,NULL,Active,Full-time,Dispatch Staff,2,Initial Hire,,NULL,NULL,NULL,NULL,NULL,NULL,NULL
DUD000030,Sarah,Martinez,2022-12-26,NULL,Active,Full-time,HR Staff,3,Initial Hire,,NULL,NULL,NULL,NULL,NULL,NULL,NULL
DUD000031,John,King,2021-08-04,NULL,Active,Full-time,Recruiter,3,Initial Hire,,NULL,NULL,NULL,NULL,NULL,NULL,NULL
DUD000032,Daniel,Ramirez,2022-05-07,NULL,Active,Full-time,HR Staff,1,Initial Hire,,NULL,NULL,NULL,NULL,NULL,NULL,NULL
DUD000033,Juan,Johnson,2024-08-15,NULL,Active,Full-time,Manager,5,Initial Hire,,NULL,NULL,NULL,NULL,NULL,NULL,NULL
DUD000034,Juan,Lee,2023-07-17,NULL,Active,Full-time,Manager,2,Initial Hire,,NULL,NULL,NULL,NULL,NULL,NULL,NULL
DUD000035,Sarah,Wilson,2024-04-09,NULL,Active,Full-time,Recruiter,3,Initial Hire,,NULL,NULL,NULL,NULL,NULL,NULL,NULL
DUD000036,Andres,Sanchez,2024-08-16,NULL,Active,Full-time,Administrator,3,Initial Hire,,NULL,NULL,NULL,NULL,NULL,NULL,NULL
DUD000037,Marco,Davis,2022-08-10,NULL,Active,Full-time,Client Relations,3,Initial Hire,,NULL,NULL,NULL,NULL,NULL,NULL,NULL
DUD000038,John,Wilson,2022-12-28,NULL,Active,Full-time,Administrator,1,Initial Hire,,NULL,NULL,NULL,NULL,NULL,NULL,NULL
DUD000039,Michael,Torres,2020-03-01,NULL,Active,Full-time,Administrator,2,Initial Hire,,NULL,NULL,NULL,NULL,NULL,NULL,NULL
DUD000040,Miguel,Lee,2024-08-26,NULL,Active,Full-time,Dispatch Staff,4,Initial Hire,,NULL,NULL,NULL,NULL,NULL,NULL,NULL
DUD000041,Hannah,Perez,2022-06-22,NULL,Active,Full-time,Client Relations,3,Initial Hire,,NULL,NULL,NULL,NULL,NULL,NULL,NULL
DUD000042,Sarah,White,2024-10-02,NULL,Active,Full-time,Client Relations,4,Initial Hire,,NULL,NULL,NULL,NULL,NULL,NULL,NULL
DUD000043,Emma,Perez,2021-11-06,NULL,Active,Full-time,Recruiter,5,Initial Hire,,NULL,NULL,NULL,NULL,NULL,NULL,NULL
DUD000044,Ana,Rodriguez,2022-10-15,NULL,Active,Full-time,Administrator,3,Initial Hire,,NULL,NULL,NULL,NULL,NULL,NULL,NULL
DUD000045,Michael,Hall,2024-09-18,NULL,Active,Full-time,Recruiter,3,Initial Hire,,NULL,NULL,NULL,NULL,NULL,NULL,NULL
DUD000046,Olivia,Johnson,2025-11-02,NULL,Active,Full-time,Administrator,2,Initial Hire,,NULL,NULL,NULL,NULL,NULL,NULL,NULL
DUD000047,Jessica,King,2022-01-07,NULL,Active,Full-time,Recruiter,1,Initial Hire,,NULL,NULL,NULL,NULL,NULL,NULL,NULL
DUD000048,Jose,Gonzalez,2020-10-07,NULL,Active,Full-time,Manager,5,Initial Hire,,NULL,NULL,NULL,NULL,NULL,NULL,NULL
DUD000049,Emily,Garcia,2025-04-20,NULL,Active,Full-time,Administrator,3,Initial Hire,,NULL,NULL,NULL,NULL,NULL,NULL,NULL
DUD000050,William,Hall,2020-11-01,NULL,Active,Full-time,Dispatch Staff,5,Initial Hire,,NULL,NULL,NULL,NULL,NULL,NULL,NULL
DUD000051,Miguel,Hernandez,2022-08-18,NULL,Active,Full-time,Dispatch Staff,5,Initial Hire,,NULL,NULL,NULL,NULL,NULL,NULL,NULL
DUD000052,Andres,Garcia,2025-04-03,NULL,Active,Full-time,Recruiter,1,Initial Hire,,NULL,NULL,NULL,NULL,NULL,NULL,NULL
DUD000053,Daniel,Wilson,2022-10-28,NULL,Active,Full-time,Dispatch Staff,4,Initial Hire,,NULL,NULL,NULL,NULL,NULL,NULL,NULL
DUD000054,Alejandro,Martin,2021-06-25,NULL,Active,Full-time,Dispatch Staff,2,Initial Hire,,NULL,NULL,NULL,NULL,NULL,NULL,NULL
DUD000055,James,Martinez,2021-05-19,NULL,Active,Full-time,Manager,4,Initial Hire,,NULL,NULL,NULL,NULL,NULL,NULL,NULL
DUD000056,Marco,Gonzalez,2024-01-21,NULL,Active,Full-time,Administrator,3,Initial Hire,,NULL,NULL,NULL,NULL,NULL,NULL,NULL
DUD000057,Maria,Martinez,2023-12-27,NULL,Active,Full-time,Administrator,5,Initial Hire,,NULL,NULL,NULL,NULL,NULL,NULL,NULL
DUD000058,Emily,Hernandez,2022-03-10,NULL,Active,Full-time,Manager,2,Initial Hire,,NULL,NULL,NULL,NULL,NULL,NULL,NULL
DUD000059,David,Jackson,2024-03-27,NULL,Active,Full-time,HR Staff,2,Initial Hire,,NULL,NULL,NULL,NULL,NULL,NULL,NULL
DUD000060,Luis,Hall,2020-07-28,NULL,Active,Full-time,Manager,1,Initial Hire,,NULL,NULL,NULL,NULL,NULL,NULL,NULL
DUD000061,Robert,Moore,2023-07-06,NULL,Active,Full-time,Client Relations,5,Initial Hire,,NULL,NULL,NULL,NULL,NULL,NULL,NULL
DUD000062,Emma,Young,2021-07-04,NULL,Active,Full-time,Client Relations,5,Initial Hire,,NULL,NULL,NULL,NULL,NULL,NULL,NULL
DUD000063,Sofia,Allen,2021-07-05,NULL,Active,Full-time,Dispatch Staff,4,Initial Hire,,NULL,NULL,NULL,NULL,NULL,NULL,NULL
DUD000064,Thomas,Anderson,2020-07-20,NULL,Active,Full-time,Administrator,5,Initial Hire,,NULL,NULL,NULL,NULL,NULL,NULL,NULL
DUD000065,Laura,Garcia,2021-01-28,NULL,Active,Full-time,Recruiter,1,Initial Hire,,NULL,NULL,NULL,NULL,NULL,NULL,NULL
DUD000066,Jose,Miller,2024-04-19,NULL,Active,Full-time,Manager,4,Initial Hire,,NULL,NULL,NULL,NULL,NULL,NULL,NULL
DUD000067,Juan,Martin,2025-12-09,NULL,Active,Full-time,Dispatch Staff,5,Initial Hire,,NULL,NULL,NULL,NULL,NULL,NULL,NULL
DUD000068,Olivia,Jackson,2024-04-19,NULL,Active,Full-time,Dispatch Staff,5,Initial Hire,,NULL,NULL,NULL,NULL,NULL,NULL,NULL
DUD000069,Carlos,Sanchez,2021-08-01,NULL,Active,Full-time,Dispatch Staff,5,Initial Hire,,NULL,NULL,NULL,NULL,NULL,NULL,NULL
DUD000070,David,Perez,2022-03-25,NULL,Active,Full-time,Recruiter,3,Initial Hire,,NULL,NULL,NULL,NULL,NULL,NULL,NULL
DUD000071,Diego,Perez,2022-11-09,NULL,Active,Full-time,Client Relations,2,Initial Hire,,NULL,NULL,NULL,NULL,NULL,NULL,NULL
DUD000072,Sarah,Davis,2024-02-08,NULL,Active,Full-time,Dispatch Staff,3,Initial Hire,,NULL,NULL,NULL,NULL,NULL,NULL,NULL
DUD000073,Christopher,Johnson,2024-08-25,NULL,Active,Full-time,HR Staff,5,Initial Hire,,NULL,NULL,NULL,NULL,NULL,NULL,NULL
DUD000074,John,Wilson,2021-10-17,NULL,Active,Full-time,Recruiter,2,Initial Hire,,NULL,NULL,NULL,NULL,NULL,NULL,NULL
DUD000075,Jessica,King,2023-12-15,NULL,Active,Full-time,Manager,2,Initial Hire,,NULL,NULL,NULL,NULL,NULL,NULL,NULL
DUD000076,David,Garcia,2021-03-17,NULL,Active,Full-time,Client Relations,4,Initial Hire,,NULL,NULL,NULL,NULL,NULL,NULL,NULL
DUD000077,David,Rodriguez,2025-12-13,NULL,Active,Full-time,Manager,5,Initial Hire,,NULL,NULL,NULL,NULL,NULL,NULL,NULL
DUD000078,Hannah,Taylor,2024-04-08,NULL,Active,Full-time,Manager,1,Initial Hire,,NULL,NULL,NULL,NULL,NULL,NULL,NULL
DUD000079,Michael,Allen,2021-04-04,NULL,Active,Full-time,Dispatch Staff,3,Initial Hire,,NULL,NULL,NULL,NULL,NULL,NULL,NULL
DUD000080,Ana,Perez,2024-08-04,NULL,Active,Full-time,HR Staff,1,Initial Hire,,NULL,NULL,NULL,NULL,NULL,NULL,NULL
DUD000081,Carlos,White,2025-03-12,NULL,Active,Full-time,Manager,4,Initial Hire,,NULL,NULL,NULL,NULL,NULL,NULL,NULL
DUD000082,Olivia,Allen,2025-04-12,NULL,Active,Full-time,Recruiter,5,Initial Hire,,NULL,NULL,NULL,NULL,NULL,NULL,NULL
DUD000083,Emily,Lee,2021-11-14,NULL,Active,Full-time,Dispatch Staff,4,Initial Hire,,NULL,NULL,NULL,NULL,NULL,NULL,NULL
DUD000084,Maria,Gonzalez,2021-07-01,NULL,Active,Full-time,Manager,5,Initial Hire,,NULL,NULL,NULL,NULL,NULL,NULL,NULL
DUD000085,Miguel,White,2021-04-23,NULL,Active,Full-time,Administrator,4,Initial Hire,,NULL,NULL,NULL,NULL,NULL,NULL,NULL
DUD000086,Hannah,Moore,2025-06-28,NULL,Active,Full-time,Dispatch Staff,5,Initial Hire,,NULL,NULL,NULL,NULL,NULL,NULL,NULL
DUD000087,Michael,Martin,2022-09-20,NULL,Active,Full-time,HR Staff,2,Initial Hire,,NULL,NULL,NULL,NULL,NULL,NULL,NULL
DUD000088,Maria,Anderson,2020-01-23,NULL,Active,Full-time,Administrator,2,Initial Hire,,NULL,NULL,NULL,NULL,NULL,NULL,NULL
DUD000089,Hannah,Hernandez,2025-06-10,NULL,Active,Full-time,Client Relations,5,Initial Hire,,NULL,NULL,NULL,NULL,NULL,NULL,NULL
DUD000090,Daniel,Garcia,2023-05-31,NULL,Active,Full-time,HR Staff,4,Initial Hire,,NULL,NULL,NULL,NULL,NULL,NULL,NULL
DUD000091,Jose,Young,2025-11-01,NULL,Active,Full-time,Dispatch Staff,2,Initial Hire,,NULL,NULL,NULL,NULL,NULL,NULL,NULL
DUD000092,Christopher,Taylor,2021-03-20,NULL,Active,Full-time,Client Relations,3,Initial Hire,,NULL,NULL,NULL,NULL,NULL,NULL,NULL
DUD000093,Laura,Hall,2020-07-18,NULL,Active,Full-time,HR Staff,1,Initial Hire,,NULL,NULL,NULL,NULL,NULL,NULL,NULL
DUD000094,Juan,Davis,2024-03-11,NULL,Active,Full-time,Administrator,4,Initial Hire,,NULL,NULL,NULL,NULL,NULL,NULL,NULL
DUD000095,Diego,Young,2025-03-04,NULL,Active,Full-time,HR Staff,5,Initial Hire,,NULL,NULL,NULL,NULL,NULL,NULL,NULL
DUD000096,Robert,Lee,2020-06-13,NULL,Active,Full-time,HR Staff,1,Initial Hire,,NULL,NULL,NULL,NULL,NULL,NULL,NULL
DUD000097,Michael,King,2022-10-13,NULL,Active,Full-time,Manager,1,Initial Hire,,NULL,NULL,NULL,NULL,NULL,NULL,NULL
DUD000098,Daniel,Torres,2022-02-22,NULL,Active,Full-time,Dispatch Staff,5,Initial Hire,,NULL,NULL,NULL,NULL,NULL,NULL,NULL
DUD000099,Laura,Martinez,2022-12-22,NULL,Active,Full-time,Client Relations,5,Initial Hire,,NULL,NULL,NULL,NULL,NULL,NULL,NULL
DUD000100,Marco,Hall,2025-07-18,NULL,Active,Full-time,Client Relations,1,Initial Hire,,NULL,NULL,NULL,NULL,NULL,NULL,NULL
DUD100001,Andres,Allen,2024-01-19,NULL,Active,Full-time,ALT / English Teacher,1,Initial Hire,,NULL,NULL,NULL,NULL,NULL,NULL,NULL
DUD100002,Diego,Allen,2024-10-19,NULL,Active,Full-time,ALT / English Teacher,1,Initial Hire,,NULL,NULL,NULL,NULL,NULL,NULL,NULL
DUD100003,Carlos,Miller,2024-03-08,2025-05-20,Inactive,Full-time,Experienced Teacher,2,Initial Hire,Performance,2025-05-20,Involuntary,Policy Violation,5,1,0,0
DUD100004,Juan,Rodriguez,2022-07-08,NULL,Active,Full-time,Trainer,4,Initial Hire,,NULL,NULL,NULL,NULL,NULL,NULL,NULL
DUD100005,Matthew,White,2023-05-15,2025-10-29,Inactive,Full-time,ALT / English Teacher,1,Initial Hire,Performance,2025-10-29,Involuntary,Client Request,1,1,0,0
DUD100006,Laura,Martin,2022-08-08,NULL,Active,Full-time,Senior Trainer,5,Initial Hire,,NULL,NULL,NULL,NULL,NULL,NULL,NULL
DUD100007,Emily,King,2024-08-06,NULL,Active,Full-time,Senior Teacher,3,Initial Hire,,NULL,NULL,NULL,NULL,NULL,NULL,NULL
DUD100008,Maria,Hernandez,2022-01-20,NULL,Active,Full-time,ALT / English Teacher,1,Initial Hire,,NULL,NULL,NULL,NULL,NULL,NULL,NULL
DUD100009,Carlos,Hernandez,2024-07-22,2026-11-04,Inactive,Full-time,ALT / English Teacher,1,Initial Hire,Performance,2026-11-04,Voluntary,Commute,NULL,NULL,NULL,1
DUD100010,James,Sanchez,2021-09-03,NULL,Active,Full-time,ALT / English Teacher,1,Initial Hire,,NULL,NULL,NULL,NULL,NULL,NULL,NULL
DUD100011,Diego,Ramirez,2024-12-10,NULL,Active,Full-time,Senior Teacher,3,Initial Hire,,NULL,NULL,NULL,NULL,NULL,NULL,NULL
DUD100012,Marco,Garcia,2026-08-10,NULL,Active,Full-time,ALT / English Teacher,1,Initial Hire,,NULL,NULL,NULL,NULL,NULL,NULL,NULL
DUD100013,Jose,Perez,2025-08-25,NULL,Active,Full-time,ALT / English Teacher,1,Initial Hire,,NULL,NULL,NULL,NULL,NULL,NULL,NULL
DUD100014,Jessica,Miller,2021-12-20,NULL,Active,Full-time,ALT / English Teacher,1,Initial Hire,,NULL,NULL,NULL,NULL,NULL,NULL,NULL
DUD100015,Jessica,Garcia,2024-03-27,NULL,Active,Full-time,ALT / English Teacher,1,Initial Hire,,NULL,NULL,NULL,NULL,NULL,NULL,NULL
DUD100016,Andres,Allen,2024-02-19,NULL,Active,Full-time,Senior Trainer,5,Initial Hire,,NULL,NULL,NULL,NULL,NULL,NULL,NULL
DUD100017,Ana,Torres,2021-01-13,NULL,Active,Full-time,Experienced Teacher,2,Initial Hire,,NULL,NULL,NULL,NULL,NULL,NULL,NULL
DUD100018,Juan,Wilson,2024-02-15,NULL,Active,Full-time,ALT / English Teacher,1,Initial Hire,,NULL,NULL,NULL,NULL,NULL,NULL,NULL
DUD100019,David,Moore,2023-09-20,NULL,Active,Full-time,ALT / English Teacher,1,Initial Hire,,NULL,NULL,NULL,NULL,NULL,NULL,NULL
DUD100020,Jessica,Allen,2026-07-16,NULL,Active,Full-time,Lead Trainer,6,Initial Hire,,NULL,NULL,NULL,NULL,NULL,NULL,NULL
DUD100021,Ana,Allen,2026-05-19,NULL,Active,Full-time,Experienced Teacher,2,Initial Hire,,NULL,NULL,NULL,NULL,NULL,NULL,NULL
DUD100022,Ana,Brown,2022-01-11,NULL,Active,Full-time,ALT / English Teacher,1,Initial Hire,,NULL,NULL,NULL,NULL,NULL,NULL,NULL
DUD100023,Carlos,Moore,2022-11-02,NULL,Active,Full-time,Experienced Teacher,2,Initial Hire,,NULL,NULL,NULL,NULL,NULL,NULL,NULL
DUD100024,Daniel,Taylor,2025-05-12,NULL,Active,Full-time,ALT / English Teacher,1,Initial Hire,,NULL,NULL,NULL,NULL,NULL,NULL,NULL
DUD100025,Marco,King,2025-03-25,NULL,Active,Full-time,ALT / English Teacher,1,Initial Hire,,NULL,NULL,NULL,NULL,NULL,NULL,NULL
DUD100026,Miguel,Miller,2021-10-23,NULL,Active,Full-time,Experienced Teacher,2,Initial Hire,,NULL,NULL,NULL,NULL,NULL,NULL,NULL
DUD100027,Thomas,Taylor,2023-08-17,NULL,Active,Full-time,ALT / English Teacher,1,Initial Hire,,NULL,NULL,NULL,NULL,NULL,NULL,NULL
DUD100028,Matthew,Johnson,2025-05-24,2027-03-26,Inactive,Full-time,ALT / English Teacher,1,Initial Hire,Performance,2027-03-26,Voluntary,Compensation,5,1,1,1
DUD100029,Olivia,Rodriguez,2021-05-17,2023-07-01,Inactive,Full-time,Experienced Teacher,2,Initial Hire,Career Change,2023-07-01,Voluntary,Personal Reasons,2,1,1,1
DUD100030,Sofia,Thompson,2023-08-13,2024-08-01,Inactive,Full-time,ALT / English Teacher,1,Initial Hire,Contract End,2024-08-01,Voluntary,Returning Home,2,0,1,1
DUD100031,Ana,Moore,2025-02-25,NULL,Active,Full-time,ALT / English Teacher,1,Initial Hire,,NULL,NULL,NULL,NULL,NULL,NULL,NULL
DUD100032,Andres,Brown,2026-01-18,2028-04-26,Inactive,Full-time,Experienced Teacher,2,Initial Hire,Career Change,2028-04-26,Involuntary,Performance,NULL,NULL,NULL,0
DUD100033,Matthew,King,2026-03-12,NULL,Active,Full-time,ALT / English Teacher,1,Initial Hire,,NULL,NULL,NULL,NULL,NULL,NULL,NULL
DUD100034,Andres,Williams,2025-04-28,NULL,Active,Full-time,ALT / English Teacher,1,Initial Hire,,NULL,NULL,NULL,NULL,NULL,NULL,NULL
DUD100035,John,Davis,2025-01-25,2026-02-21,Inactive,Full-time,Senior Teacher,3,Initial Hire,Voluntary Resignation,2026-02-21,Voluntary,Personal Reasons,2,0,0,1
DUD100036,Matthew,Hall,2025-05-12,NULL,Active,Full-time,ALT / English Teacher,1,Initial Hire,,NULL,NULL,NULL,NULL,NULL,NULL,NULL
DUD100037,Emma,Garcia,2022-07-02,NULL,Active,Full-time,Experienced Teacher,2,Initial Hire,,NULL,NULL,NULL,NULL,NULL,NULL,NULL
DUD100038,Sarah,Taylor,2022-02-12,2023-12-13,Inactive,Full-time,ALT / English Teacher,1,Initial Hire,Performance,2023-12-13,Voluntary,Career Change,1,1,1,1
DUD100039,William,Rodriguez,2021-12-04,NULL,Active,Full-time,Lead Trainer,6,Initial Hire,,NULL,NULL,NULL,NULL,NULL,NULL,NULL
DUD100040,Ana,Ramirez,2024-02-12,NULL,Active,Full-time,Senior Teacher,3,Initial Hire,,NULL,NULL,NULL,NULL,NULL,NULL,NULL
DUD100041,Juan,Allen,2024-10-24,NULL,Active,Full-time,Senior Teacher,3,Initial Hire,,NULL,NULL,NULL,NULL,NULL,NULL,NULL
DUD100042,Daniel,Ramirez,2025-04-13,NULL,Active,Full-time,ALT / English Teacher,1,Initial Hire,,NULL,NULL,NULL,NULL,NULL,NULL,NULL
DUD100043,Daniel,Brown,2021-07-09,2021-12-25,Inactive,Full-time,ALT / English Teacher,1,Initial Hire,Personal Reasons,2021-12-25,Involuntary,Performance,1,0,1,0
DUD100044,Olivia,Hernandez,2024-09-14,NULL,Active,Full-time,Experienced Teacher,2,Initial Hire,,NULL,NULL,NULL,NULL,NULL,NULL,NULL
DUD100045,Emily,Sanchez,2024-01-18,NULL,Active,Full-time,ALT / English Teacher,1,Initial Hire,,NULL,NULL,NULL,NULL,NULL,NULL,NULL
DUD100046,Daniel,Allen,2025-01-19,NULL,Active,Full-time,ALT / English Teacher,1,Initial Hire,,NULL,NULL,NULL,NULL,NULL,NULL,NULL
DUD100047,Alejandro,Allen,2022-01-31,2022-11-19,Inactive,Full-time,Experienced Teacher,2,Initial Hire,Performance,2022-11-19,Voluntary,Assignment Issues,NULL,NULL,NULL,1
DUD100048,Jessica,Williams,2022-03-17,NULL,Active,Full-time,Experienced Teacher,2,Initial Hire,,NULL,NULL,NULL,NULL,NULL,NULL,NULL
DUD100049,Sofia,Gonzalez,2024-11-25,NULL,Active,Full-time,ALT / English Teacher,1,Initial Hire,,NULL,NULL,NULL,NULL,NULL,NULL,NULL
DUD100050,Diego,Young,2025-08-16,NULL,Active,Full-time,Lead Trainer,6,Initial Hire,,NULL,NULL,NULL,NULL,NULL,NULL,NULL
DUD100051,James,Moore,2022-09-21,NULL,Active,Full-time,ALT / English Teacher,1,Initial Hire,,NULL,NULL,NULL,NULL,NULL,NULL,NULL
DUD100052,Robert,Brown,2022-12-28,2025-01-24,Inactive,Full-time,ALT / English Teacher,1,Initial Hire,Performance,2025-01-24,Voluntary,Assignment Issues,1,1,1,1
DUD100053,Thomas,White,2022-02-24,2024-02-21,Inactive,Full-time,Experienced Teacher,2,Initial Hire,Performance,2024-02-21,Voluntary,Assignment Issues,2,1,1,1
DUD100054,Olivia,Thompson,2024-11-22,NULL,Active,Full-time,ALT / English Teacher,1,Initial Hire,,NULL,NULL,NULL,NULL,NULL,NULL,NULL
DUD100055,Maria,Moore,2023-02-11,2024-12-20,Inactive,Full-time,ALT / English Teacher,1,Initial Hire,Relocation,2024-12-20,Voluntary,Assignment Issues,2,1,0,1
DUD100056,Marco,Anderson,2022-12-12,NULL,Active,Full-time,Experienced Teacher,2,Initial Hire,,NULL,NULL,NULL,NULL,NULL,NULL,NULL
DUD100057,Jessica,Walker,2022-02-06,NULL,Active,Full-time,ALT / English Teacher,1,Initial Hire,,NULL,NULL,NULL,NULL,NULL,NULL,NULL
DUD100058,Christopher,Lopez,2025-05-30,NULL,Active,Full-time,Lead Trainer,6,Initial Hire,,NULL,NULL,NULL,NULL,NULL,NULL,NULL
DUD100059,Maria,Anderson,2024-03-11,2025-01-07,Inactive,Full-time,ALT / English Teacher,1,Initial Hire,Career Change,2025-01-07,Involuntary,Policy Violation,5,1,1,0
DUD100060,Sofia,Thompson,2026-01-03,NULL,Active,Full-time,ALT / English Teacher,1,Initial Hire,,NULL,NULL,NULL,NULL,NULL,NULL,NULL
DUD100061,William,Thompson,2022-08-12,NULL,Active,Full-time,ALT / English Teacher,1,Initial Hire,,NULL,NULL,NULL,NULL,NULL,NULL,NULL
DUD100062,Emily,Lopez,2022-01-07,NULL,Active,Full-time,ALT / English Teacher,1,Initial Hire,,NULL,NULL,NULL,NULL,NULL,NULL,NULL
DUD100063,Michael,Martinez,2021-04-01,2022-02-01,Inactive,Full-time,Trainer,4,Initial Hire,Performance,2022-02-01,Involuntary,Attendance,4,1,0,0
DUD100064,Jessica,Martin,2021-06-06,NULL,Active,Full-time,Experienced Teacher,2,Initial Hire,,NULL,NULL,NULL,NULL,NULL,NULL,NULL
DUD100065,Matthew,King,2023-09-05,NULL,Active,Full-time,Experienced Teacher,2,Initial Hire,,NULL,NULL,NULL,NULL,NULL,NULL,NULL
DUD100066,Sofia,Martinez,2024-02-12,NULL,Active,Full-time,Experienced Teacher,2,Initial Hire,,NULL,NULL,NULL,NULL,NULL,NULL,NULL
DUD100067,Jessica,Allen,2024-05-20,NULL,Active,Full-time,Senior Teacher,3,Initial Hire,,NULL,NULL,NULL,NULL,NULL,NULL,NULL
DUD100068,Robert,Davis,2026-07-16,NULL,Active,Full-time,ALT / English Teacher,1,Initial Hire,,NULL,NULL,NULL,NULL,NULL,NULL,NULL
DUD100069,Maria,Lee,2026-03-22,2027-07-03,Inactive,Full-time,Experienced Teacher,2,Initial Hire,Relocation,2027-07-03,Voluntary,Assignment Issues,5,1,0,1
DUD100070,Diego,Gonzalez,2023-03-07,NULL,Active,Full-time,Experienced Teacher,2,Initial Hire,,NULL,NULL,NULL,NULL,NULL,NULL,NULL
DUD100071,Miguel,Williams,2023-06-20,NULL,Active,Full-time,Lead Trainer,6,Initial Hire,,NULL,NULL,NULL,NULL,NULL,NULL,NULL
DUD100072,Hannah,Torres,2021-01-10,NULL,Active,Full-time,Lead Trainer,6,Initial Hire,,NULL,NULL,NULL,NULL,NULL,NULL,NULL
DUD100073,Andres,Hall,2026-04-22,NULL,Active,Full-time,Experienced Teacher,2,Initial Hire,,NULL,NULL,NULL,NULL,NULL,NULL,NULL
DUD100074,Emma,Walker,2024-01-28,NULL,Active,Full-time,Experienced Teacher,2,Initial Hire,,NULL,NULL,NULL,NULL,NULL,NULL,NULL
DUD100075,Daniel,Johnson,2024-09-29,NULL,Active,Full-time,ALT / English Teacher,1,Initial Hire,,NULL,NULL,NULL,NULL,NULL,NULL,NULL
DUD100076,Daniel,Davis,2023-02-07,NULL,Active,Full-time,ALT / English Teacher,1,Initial Hire,,NULL,NULL,NULL,NULL,NULL,NULL,NULL
DUD100077,Sarah,Wilson,2023-03-01,2025-07-22,Inactive,Full-time,ALT / English Teacher,1,Initial Hire,Relocation,2025-07-22,Voluntary,Career Development,2,1,0,1
DUD100078,Diego,Johnson,2025-02-16,2026-11-07,Inactive,Full-time,ALT / English Teacher,1,Initial Hire,Performance,2026-11-07,Voluntary,Career Change,4,1,1,1
DUD100079,Emma,Thompson,2022-12-09,NULL,Active,Full-time,ALT / English Teacher,1,Initial Hire,,NULL,NULL,NULL,NULL,NULL,NULL,NULL
DUD100080,Michael,Miller,2023-04-18,2025-09-24,Inactive,Full-time,Trainer,4,Initial Hire,Relocation,2025-09-24,Voluntary,Career Change,2,1,1,1
DUD100081,David,Hernandez,2022-01-02,2023-09-12,Inactive,Full-time,Experienced Teacher,2,Initial Hire,Contract End,2023-09-12,Involuntary,Contract End,1,1,1,0
DUD100082,Jessica,Jackson,2023-07-19,NULL,Active,Full-time,ALT / English Teacher,1,Initial Hire,,NULL,NULL,NULL,NULL,NULL,NULL,NULL
DUD100083,Sofia,White,2023-07-02,NULL,Active,Full-time,Trainer,4,Initial Hire,,NULL,NULL,NULL,NULL,NULL,NULL,NULL
DUD100084,Miguel,Thompson,2022-11-09,NULL,Active,Full-time,Trainer,4,Initial Hire,,NULL,NULL,NULL,NULL,NULL,NULL,NULL
DUD100085,Miguel,Hall,2024-03-18,NULL,Active,Full-time,ALT / English Teacher,1,Initial Hire,,NULL,NULL,NULL,NULL,NULL,NULL,NULL
DUD100086,Ana,Taylor,2025-03-27,NULL,Active,Full-time,Experienced Teacher,2,Initial Hire,,NULL,NULL,NULL,NULL,NULL,NULL,NULL
DUD100087,Christopher,Smith,2023-08-01,2024-12-23,Inactive,Full-time,ALT / English Teacher,1,Initial Hire,Relocation,2024-12-23,Voluntary,Returning Home,2,0,0,1
DUD100088,Olivia,Allen,2026-05-05,NULL,Active,Full-time,Trainer,4,Initial Hire,,NULL,NULL,NULL,NULL,NULL,NULL,NULL
DUD100089,Jessica,Allen,2024-07-25,NULL,Active,Full-time,Senior Teacher,3,Initial Hire,,NULL,NULL,NULL,NULL,NULL,NULL,NULL
DUD100090,Ana,Miller,2025-09-15,NULL,Active,Full-time,ALT / English Teacher,1,Initial Hire,,NULL,NULL,NULL,NULL,NULL,NULL,NULL
DUD100091,Carlos,Rodriguez,2025-11-03,2027-02-11,Inactive,Full-time,Lead Trainer,6,Initial Hire,Contract End,2027-02-11,Involuntary,Performance,2,1,1,0
DUD100092,Daniel,Perez,2025-09-01,NULL,Active,Full-time,ALT / English Teacher,1,Initial Hire,,NULL,NULL,NULL,NULL,NULL,NULL,NULL
DUD100093,Sarah,Davis,2023-02-17,NULL,Active,Full-time,Experienced Teacher,2,Initial Hire,,NULL,NULL,NULL,NULL,NULL,NULL,NULL
DUD100094,Christopher,Miller,2025-12-17,NULL,Active,Full-time,Senior Teacher,3,Initial Hire,,NULL,NULL,NULL,NULL,NULL,NULL,NULL
DUD100095,Daniel,Jackson,2026-08-12,NULL,Active,Full-time,ALT / English Teacher,1,Initial Hire,,NULL,NULL,NULL,NULL,NULL,NULL,NULL
DUD100096,Jose,Jackson,2022-08-01,NULL,Active,Full-time,Experienced Teacher,2,Initial Hire,,NULL,NULL,NULL,NULL,NULL,NULL,NULL
DUD100097,Alejandro,White,2023-07-08,2024-07-25,Inactive,Full-time,ALT / English Teacher,1,Initial Hire,Relocation,2024-07-25,Involuntary,Policy Violation,2,1,1,0
DUD100098,Jessica,Martin,2026-03-03,NULL,Active,Full-time,ALT / English Teacher,1,Initial Hire,,NULL,NULL,NULL,NULL,NULL,NULL,NULL
DUD100099,Christopher,Walker,2026-07-01,NULL,Active,Full-time,ALT / English Teacher,1,Initial Hire,,NULL,NULL,NULL,NULL,NULL,NULL,NULL
DUD100100,Carlos,Martin,2021-01-17,NULL,Active,Full-time,ALT / English Teacher,1,Initial Hire,,NULL,NULL,NULL,NULL,NULL,NULL,NULL
DUD100101,Jose,Walker,2021-10-03,NULL,Active,Full-time,Lead Trainer,6,Initial Hire,,NULL,NULL,NULL,NULL,NULL,NULL,NULL
DUD100102,Michael,Anderson,2022-07-04,NULL,Active,Full-time,ALT / English Teacher,1,Initial Hire,,NULL,NULL,NULL,NULL,NULL,NULL,NULL
DUD100103,Sarah,Lopez,2022-12-16,NULL,Active,Full-time,Experienced Teacher,2,Initial Hire,,NULL,NULL,NULL,NULL,NULL,NULL,NULL
DUD100104,David,Thompson,2021-12-16,2024-02-02,Inactive,Full-time,Trainer,4,Initial Hire,Career Change,2024-02-02,Voluntary,Career Development,3,1,0,1
DUD100105,Miguel,Martin,2026-04-05,2028-03-18,Inactive,Full-time,ALT / English Teacher,1,Initial Hire,Contract End,2028-03-18,Voluntary,Returning Home,4,1,0,1
DUD100106,Michael,Martin,2021-02-21,2023-01-16,Inactive,Full-time,Senior Teacher,3,Initial Hire,Personal Reasons,2023-01-16,Voluntary,Returning Home,4,1,1,1
DUD100107,Laura,Jackson,2026-08-01,NULL,Active,Full-time,Experienced Teacher,2,Initial Hire,,NULL,NULL,NULL,NULL,NULL,NULL,NULL
DUD100108,Thomas,Young,2024-05-23,NULL,Active,Full-time,Trainer,4,Initial Hire,,NULL,NULL,NULL,NULL,NULL,NULL,NULL
DUD100109,Diego,Garcia,2023-03-19,NULL,Active,Full-time,ALT / English Teacher,1,Initial Hire,,NULL,NULL,NULL,NULL,NULL,NULL,NULL
DUD100110,Jose,Rodriguez,2021-07-14,NULL,Active,Full-time,ALT / English Teacher,1,Initial Hire,,NULL,NULL,NULL,NULL,NULL,NULL,NULL
DUD100111,Ana,Taylor,2022-05-11,NULL,Active,Full-time,ALT / English Teacher,1,Initial Hire,,NULL,NULL,NULL,NULL,NULL,NULL,NULL
DUD100112,Ana,Jackson,2024-01-03,2025-05-23,Inactive,Full-time,Lead Trainer,6,Initial Hire,Contract End,2025-05-23,Voluntary,Commute,4,1,1,1
DUD100113,Thomas,Johnson,2021-03-13,2022-02-15,Inactive,Full-time,ALT / English Teacher,1,Initial Hire,Relocation,2022-02-15,Involuntary,Policy Violation,3,1,0,0
DUD100114,Olivia,Williams,2023-06-24,NULL,Active,Full-time,ALT / English Teacher,1,Initial Hire,,NULL,NULL,NULL,NULL,NULL,NULL,NULL
DUD100115,Diego,Moore,2022-09-08,NULL,Active,Full-time,ALT / English Teacher,1,Initial Hire,,NULL,NULL,NULL,NULL,NULL,NULL,NULL
DUD100116,Christopher,Young,2025-08-14,NULL,Active,Full-time,ALT / English Teacher,1,Initial Hire,,NULL,NULL,NULL,NULL,NULL,NULL,NULL
DUD100117,Michael,Allen,2023-10-03,NULL,Active,Full-time,ALT / English Teacher,1,Initial Hire,,NULL,NULL,NULL,NULL,NULL,NULL,NULL
DUD100118,Maria,Williams,2023-01-06,NULL,Active,Full-time,Experienced Teacher,2,Initial Hire,,NULL,NULL,NULL,NULL,NULL,NULL,NULL
DUD100119,Sarah,King,2023-03-12,NULL,Active,Full-time,ALT / English Teacher,1,Initial Hire,,NULL,NULL,NULL,NULL,NULL,NULL,NULL
DUD100120,Emma,Thompson,2022-08-08,2024-06-23,Inactive,Full-time,ALT / English Teacher,1,Initial Hire,Voluntary Resignation,2024-06-23,Voluntary,Career Change,4,1,1,1
DUD100121,Christopher,Martinez,2026-06-16,2027-03-28,Inactive,Full-time,Experienced Teacher,2,Initial Hire,Relocation,2027-03-28,Voluntary,Commute,2,1,1,1
DUD100122,Marco,Walker,2026-04-08,NULL,Active,Full-time,ALT / English Teacher,1,Initial Hire,,NULL,NULL,NULL,NULL,NULL,NULL,NULL
DUD100123,Daniel,Brown,2022-09-07,2024-06-25,Inactive,Full-time,ALT / English Teacher,1,Initial Hire,Career Change,2024-06-25,Involuntary,Contract End,3,1,0,0
DUD100124,Alejandro,Martin,2023-11-18,2024-06-30,Inactive,Full-time,ALT / English Teacher,1,Initial Hire,Performance,2024-06-30,Involuntary,Attendance,5,1,1,0
DUD100125,Jessica,White,2021-05-24,NULL,Active,Full-time,Senior Teacher,3,Initial Hire,,NULL,NULL,NULL,NULL,NULL,NULL,NULL
DUD100126,Emily,Gonzalez,2021-09-15,NULL,Active,Full-time,ALT / English Teacher,1,Initial Hire,,NULL,NULL,NULL,NULL,NULL,NULL,NULL
DUD100127,Jose,Lee,2021-04-01,NULL,Active,Full-time,Senior Teacher,3,Initial Hire,,NULL,NULL,NULL,NULL,NULL,NULL,NULL
DUD100128,Miguel,Rodriguez,2023-03-21,NULL,Active,Full-time,Senior Teacher,3,Initial Hire,,NULL,NULL,NULL,NULL,NULL,NULL,NULL
DUD100129,Christopher,Perez,2021-04-13,NULL,Active,Full-time,ALT / English Teacher,1,Initial Hire,,NULL,NULL,NULL,NULL,NULL,NULL,NULL
DUD100130,Olivia,Jackson,2022-11-26,NULL,Active,Full-time,Senior Teacher,3,Initial Hire,,NULL,NULL,NULL,NULL,NULL,NULL,NULL
DUD100131,Marco,Allen,2025-03-26,NULL,Active,Full-time,Senior Trainer,5,Initial Hire,,NULL,NULL,NULL,NULL,NULL,NULL,NULL
DUD100132,Emily,Young,2023-08-03,NULL,Active,Full-time,ALT / English Teacher,1,Initial Hire,,NULL,NULL,NULL,NULL,NULL,NULL,NULL
DUD100133,Marco,Gonzalez,2021-11-08,NULL,Active,Full-time,ALT / English Teacher,1,Initial Hire,,NULL,NULL,NULL,NULL,NULL,NULL,NULL
DUD100134,Olivia,Torres,2022-09-11,NULL,Active,Full-time,ALT / English Teacher,1,Initial Hire,,NULL,NULL,NULL,NULL,NULL,NULL,NULL
DUD100135,Christopher,Hall,2023-12-05,NULL,Active,Full-time,Senior Teacher,3,Initial Hire,,NULL,NULL,NULL,NULL,NULL,NULL,NULL
DUD100136,Carlos,Martin,2026-01-25,NULL,Active,Full-time,Experienced Teacher,2,Initial Hire,,NULL,NULL,NULL,NULL,NULL,NULL,NULL
DUD100137,Miguel,Torres,2024-09-15,NULL,Active,Full-time,ALT / English Teacher,1,Initial Hire,,NULL,NULL,NULL,NULL,NULL,NULL,NULL
DUD100138,Michael,Allen,2025-08-29,NULL,Active,Full-time,Experienced Teacher,2,Initial Hire,,NULL,NULL,NULL,NULL,NULL,NULL,NULL
DUD100139,Laura,Jackson,2023-10-04,2024-04-26,Inactive,Full-time,ALT / English Teacher,1,Initial Hire,Voluntary Resignation,2024-04-26,Voluntary,Career Change,4,1,0,1
DUD100140,Hannah,Ramirez,2024-12-10,NULL,Active,Full-time,ALT / English Teacher,1,Initial Hire,,NULL,NULL,NULL,NULL,NULL,NULL,NULL
DUD100141,Robert,Brown,2021-09-30,NULL,Active,Full-time,ALT / English Teacher,1,Initial Hire,,NULL,NULL,NULL,NULL,NULL,NULL,NULL
DUD100142,James,Jackson,2024-12-16,NULL,Active,Full-time,ALT / English Teacher,1,Initial Hire,,NULL,NULL,NULL,NULL,NULL,NULL,NULL
DUD100143,Sofia,Rodriguez,2022-10-14,2023-02-25,Inactive,Full-time,Senior Teacher,3,Initial Hire,Personal Reasons,2023-02-25,Voluntary,Personal Reasons,2,0,1,1
DUD100144,James,Smith,2023-06-23,NULL,Active,Full-time,ALT / English Teacher,1,Initial Hire,,NULL,NULL,NULL,NULL,NULL,NULL,NULL
DUD100145,Miguel,Martin,2025-08-08,NULL,Active,Full-time,ALT / English Teacher,1,Initial Hire,,NULL,NULL,NULL,NULL,NULL,NULL,NULL
DUD100146,Daniel,Perez,2022-05-10,NULL,Active,Full-time,ALT / English Teacher,1,Initial Hire,,NULL,NULL,NULL,NULL,NULL,NULL,NULL
DUD100147,Andres,Young,2022-10-25,NULL,Active,Full-time,ALT / English Teacher,1,Initial Hire,,NULL,NULL,NULL,NULL,NULL,NULL,NULL
DUD100148,Carlos,Taylor,2025-08-15,NULL,Active,Full-time,Experienced Teacher,2,Initial Hire,,NULL,NULL,NULL,NULL,NULL,NULL,NULL
DUD100149,Andres,Jackson,2022-05-19,NULL,Active,Full-time,ALT / English Teacher,1,Initial Hire,,NULL,NULL,NULL,NULL,NULL,NULL,NULL
DUD100150,Matthew,Thompson,2025-03-29,NULL,Active,Full-time,ALT / English Teacher,1,Initial Hire,,NULL,NULL,NULL,NULL,NULL,NULL,NULL
DUD100151,Emily,Miller,2023-06-04,NULL,Active,Full-time,ALT / English Teacher,1,Initial Hire,,NULL,NULL,NULL,NULL,NULL,NULL,NULL
DUD100152,Sarah,Walker,2022-03-24,NULL,Active,Full-time,ALT / English Teacher,1,Initial Hire,,NULL,NULL,NULL,NULL,NULL,NULL,NULL
DUD100153,Daniel,Thompson,2021-03-08,NULL,Active,Full-time,ALT / English Teacher,1,Initial Hire,,NULL,NULL,NULL,NULL,NULL,NULL,NULL
DUD100154,Carlos,Thompson,2025-10-26,NULL,Active,Full-time,ALT / English Teacher,1,Initial Hire,,NULL,NULL,NULL,NULL,NULL,NULL,NULL
DUD100155,Carlos,Anderson,2021-02-04,2022-10-22,Inactive,Full-time,ALT / English Teacher,1,Initial Hire,Voluntary Resignation,2022-10-22,Involuntary,Policy Violation,NULL,NULL,NULL,0
DUD100156,James,Taylor,2021-01-08,NULL,Active,Full-time,Trainer,4,Initial Hire,,NULL,NULL,NULL,NULL,NULL,NULL,NULL
DUD100157,William,Lopez,2023-03-12,NULL,Active,Full-time,ALT / English Teacher,1,Initial Hire,,NULL,NULL,NULL,NULL,NULL,NULL,NULL
DUD100158,Michael,Davis,2021-10-02,2023-06-10,Inactive,Full-time,ALT / English Teacher,1,Initial Hire,Career Change,2023-06-10,Voluntary,Career Change,NULL,NULL,NULL,1
DUD100159,Jessica,Smith,2024-03-22,NULL,Active,Full-time,ALT / English Teacher,1,Initial Hire,,NULL,NULL,NULL,NULL,NULL,NULL,NULL
DUD100160,Maria,Martinez,2024-08-30,NULL,Active,Full-time,ALT / English Teacher,1,Initial Hire,,NULL,NULL,NULL,NULL,NULL,NULL,NULL
DUD100161,William,Wilson,2023-06-07,NULL,Active,Full-time,ALT / English Teacher,1,Initial Hire,,NULL,NULL,NULL,NULL,NULL,NULL,NULL
DUD100162,John,Allen,2025-02-20,NULL,Active,Full-time,ALT / English Teacher,1,Initial Hire,,NULL,NULL,NULL,NULL,NULL,NULL,NULL
DUD100163,Carlos,Hall,2023-10-27,2024-05-09,Inactive,Full-time,Experienced Teacher,2,Initial Hire,Performance,2024-05-09,Involuntary,Contract End,4,0,0,0
DUD100164,Luis,Martinez,2023-07-01,NULL,Active,Full-time,ALT / English Teacher,1,Initial Hire,,NULL,NULL,NULL,NULL,NULL,NULL,NULL
DUD100165,Michael,Taylor,2025-07-06,NULL,Active,Full-time,ALT / English Teacher,1,Initial Hire,,NULL,NULL,NULL,NULL,NULL,NULL,NULL
DUD100166,John,Smith,2023-05-12,NULL,Active,Full-time,ALT / English Teacher,1,Initial Hire,,NULL,NULL,NULL,NULL,NULL,NULL,NULL
DUD100167,Andres,Anderson,2025-01-05,NULL,Active,Full-time,ALT / English Teacher,1,Initial Hire,,NULL,NULL,NULL,NULL,NULL,NULL,NULL
DUD100168,Matthew,Lee,2023-08-26,NULL,Active,Full-time,Senior Trainer,5,Initial Hire,,NULL,NULL,NULL,NULL,NULL,NULL,NULL
DUD100169,Juan,Moore,2023-03-12,NULL,Active,Full-time,ALT / English Teacher,1,Initial Hire,,NULL,NULL,NULL,NULL,NULL,NULL,NULL
DUD100170,Jose,Rodriguez,2025-08-04,2027-05-03,Inactive,Full-time,Experienced Teacher,2,Initial Hire,Career Change,2027-05-03,Involuntary,Contract End,1,1,1,0
DUD100171,Hannah,Ramirez,2022-05-14,2023-04-14,Inactive,Full-time,ALT / English Teacher,1,Initial Hire,Voluntary Resignation,2023-04-14,Voluntary,Career Development,NULL,NULL,NULL,1
DUD100172,Jessica,Lopez,2024-12-10,NULL,Active,Full-time,Experienced Teacher,2,Initial Hire,,NULL,NULL,NULL,NULL,NULL,NULL,NULL
DUD100173,Daniel,Martinez,2021-11-05,NULL,Active,Full-time,ALT / English Teacher,1,Initial Hire,,NULL,NULL,NULL,NULL,NULL,NULL,NULL
DUD100174,Jose,Ramirez,2022-06-14,NULL,Active,Full-time,ALT / English Teacher,1,Initial Hire,,NULL,NULL,NULL,NULL,NULL,NULL,NULL
DUD100175,Sofia,Rodriguez,2024-08-24,NULL,Active,Full-time,ALT / English Teacher,1,Initial Hire,,NULL,NULL,NULL,NULL,NULL,NULL,NULL
DUD100176,Michael,Wilson,2024-04-23,NULL,Active,Full-time,Lead Trainer,6,Initial Hire,,NULL,NULL,NULL,NULL,NULL,NULL,NULL
DUD100177,Jessica,Taylor,2021-10-04,NULL,Active,Full-time,Experienced Teacher,2,Initial Hire,,NULL,NULL,NULL,NULL,NULL,NULL,NULL
DUD100178,Diego,Johnson,2022-12-09,NULL,Active,Full-time,Trainer,4,Initial Hire,,NULL,NULL,NULL,NULL,NULL,NULL,NULL
DUD100179,Michael,Moore,2021-05-28,NULL,Active,Full-time,Senior Teacher,3,Initial Hire,,NULL,NULL,NULL,NULL,NULL,NULL,NULL
DUD100180,Laura,Taylor,2021-08-13,NULL,Active,Full-time,ALT / English Teacher,1,Initial Hire,,NULL,NULL,NULL,NULL,NULL,NULL,NULL
DUD100181,Marco,Torres,2025-02-12,2026-11-30,Inactive,Full-time,Experienced Teacher,2,Initial Hire,Career Change,2026-11-30,Voluntary,Career Development,2,1,1,1
DUD100182,Daniel,Hall,2022-12-20,NULL,Active,Full-time,ALT / English Teacher,1,Initial Hire,,NULL,NULL,NULL,NULL,NULL,NULL,NULL
DUD100183,Matthew,Sanchez,2024-06-02,NULL,Active,Full-time,Trainer,4,Initial Hire,,NULL,NULL,NULL,NULL,NULL,NULL,NULL
DUD100184,Laura,Hernandez,2024-02-05,NULL,Active,Full-time,Senior Teacher,3,Initial Hire,,NULL,NULL,NULL,NULL,NULL,NULL,NULL
DUD100185,Ana,Miller,2026-06-11,2027-12-23,Inactive,Full-time,Experienced Teacher,2,Initial Hire,Voluntary Resignation,2027-12-23,Voluntary,Relocation,4,1,0,1
DUD100186,James,Garcia,2022-10-30,NULL,Active,Full-time,Experienced Teacher,2,Initial Hire,,NULL,NULL,NULL,NULL,NULL,NULL,NULL
DUD100187,Miguel,Miller,2021-03-06,NULL,Active,Full-time,ALT / English Teacher,1,Initial Hire,,NULL,NULL,NULL,NULL,NULL,NULL,NULL
DUD100188,Thomas,Sanchez,2022-09-16,NULL,Active,Full-time,ALT / English Teacher,1,Initial Hire,,NULL,NULL,NULL,NULL,NULL,NULL,NULL
DUD100189,Diego,Gonzalez,2024-03-29,NULL,Active,Full-time,Senior Teacher,3,Initial Hire,,NULL,NULL,NULL,NULL,NULL,NULL,NULL
DUD100190,Laura,King,2022-03-08,NULL,Active,Full-time,Trainer,4,Initial Hire,,NULL,NULL,NULL,NULL,NULL,NULL,NULL
DUD100191,Alejandro,Gonzalez,2023-01-04,2023-10-30,Inactive,Full-time,Experienced Teacher,2,Initial Hire,Contract End,2023-10-30,Voluntary,Relocation,NULL,NULL,NULL,1
DUD100192,Marco,King,2024-10-13,NULL,Active,Full-time,ALT / English Teacher,1,Initial Hire,,NULL,NULL,NULL,NULL,NULL,NULL,NULL
DUD100193,Sofia,Wilson,2025-08-18,NULL,Active,Full-time,Senior Trainer,5,Initial Hire,,NULL,NULL,NULL,NULL,NULL,NULL,NULL
DUD100194,Juan,Lopez,2021-09-20,2024-02-15,Inactive,Full-time,Trainer,4,Initial Hire,Voluntary Resignation,2024-02-15,Voluntary,Commute,3,1,1,1
DUD100195,Matthew,Hall,2026-04-24,NULL,Active,Full-time,ALT / English Teacher,1,Initial Hire,,NULL,NULL,NULL,NULL,NULL,NULL,NULL
DUD100196,Matthew,Rodriguez,2025-02-02,NULL,Active,Full-time,ALT / English Teacher,1,Initial Hire,,NULL,NULL,NULL,NULL,NULL,NULL,NULL
DUD100197,Emily,Hall,2021-10-04,NULL,Active,Full-time,Experienced Teacher,2,Initial Hire,,NULL,NULL,NULL,NULL,NULL,NULL,NULL
DUD100198,Diego,Smith,2025-12-15,NULL,Active,Full-time,ALT / English Teacher,1,Initial Hire,,NULL,NULL,NULL,NULL,NULL,NULL,NULL
DUD100199,Daniel,Rodriguez,2024-02-12,2024-08-18,Inactive,Full-time,Senior Trainer,5,Initial Hire,Personal Reasons,2024-08-18,Voluntary,Commute,5,1,1,1
DUD100200,Sarah,Thompson,2022-05-26,2024-09-16,Inactive,Full-time,ALT / English Teacher,1,Initial Hire,Contract End,2024-09-16,Involuntary,Attendance,4,0,1,0
DUD100201,James,Allen,2026-05-23,NULL,Active,Full-time,Senior Trainer,5,Initial Hire,,NULL,NULL,NULL,NULL,NULL,NULL,NULL
DUD100202,Michael,Taylor,2022-12-06,NULL,Active,Full-time,ALT / English Teacher,1,Initial Hire,,NULL,NULL,NULL,NULL,NULL,NULL,NULL
DUD100203,Laura,Brown,2023-12-18,NULL,Active,Full-time,Experienced Teacher,2,Initial Hire,,NULL,NULL,NULL,NULL,NULL,NULL,NULL
DUD100204,Jose,Allen,2021-08-26,NULL,Active,Full-time,Lead Trainer,6,Initial Hire,,NULL,NULL,NULL,NULL,NULL,NULL,NULL
DUD100205,Sofia,Torres,2024-04-02,2025-06-30,Inactive,Full-time,ALT / English Teacher,1,Initial Hire,Performance,2025-06-30,Voluntary,Assignment Issues,NULL,NULL,NULL,1
DUD100206,Ana,Williams,2023-03-30,NULL,Active,Full-time,Experienced Teacher,2,Initial Hire,,NULL,NULL,NULL,NULL,NULL,NULL,NULL
DUD100207,Miguel,Ramirez,2025-11-29,NULL,Active,Full-time,Experienced Teacher,2,Initial Hire,,NULL,NULL,NULL,NULL,NULL,NULL,NULL
DUD100208,Laura,Anderson,2026-02-20,2028-04-23,Inactive,Full-time,Experienced Teacher,2,Initial Hire,Relocation,2028-04-23,Voluntary,Returning Home,2,1,1,1
DUD100209,John,Smith,2025-10-03,NULL,Active,Full-time,ALT / English Teacher,1,Initial Hire,,NULL,NULL,NULL,NULL,NULL,NULL,NULL
DUD100210,Emma,Hall,2021-05-21,NULL,Active,Full-time,ALT / English Teacher,1,Initial Hire,,NULL,NULL,NULL,NULL,NULL,NULL,NULL
DUD100211,Maria,Martin,2023-04-26,NULL,Active,Full-time,Experienced Teacher,2,Initial Hire,,NULL,NULL,NULL,NULL,NULL,NULL,NULL
DUD100212,Emma,Moore,2024-08-14,NULL,Active,Full-time,ALT / English Teacher,1,Initial Hire,,NULL,NULL,NULL,NULL,NULL,NULL,NULL
DUD100213,Jose,Hall,2026-06-27,NULL,Active,Full-time,Experienced Teacher,2,Initial Hire,,NULL,NULL,NULL,NULL,NULL,NULL,NULL
DUD100214,Olivia,Hall,2021-07-25,NULL,Active,Full-time,Senior Teacher,3,Initial Hire,,NULL,NULL,NULL,NULL,NULL,NULL,NULL
DUD100215,Andres,Brown,2021-04-11,NULL,Active,Full-time,ALT / English Teacher,1,Initial Hire,,NULL,NULL,NULL,NULL,NULL,NULL,NULL
DUD100216,Maria,Williams,2022-09-29,2023-10-30,Inactive,Full-time,ALT / English Teacher,1,Initial Hire,Relocation,2023-10-30,Voluntary,Personal Reasons,3,0,1,1
DUD100217,Hannah,Torres,2022-12-09,NULL,Active,Full-time,Lead Trainer,6,Initial Hire,,NULL,NULL,NULL,NULL,NULL,NULL,NULL
DUD100218,Sofia,Hernandez,2025-03-30,2027-06-03,Inactive,Full-time,ALT / English Teacher,1,Initial Hire,Career Change,2027-06-03,Voluntary,Relocation,3,1,0,1
DUD100219,Olivia,White,2025-08-31,NULL,Active,Full-time,ALT / English Teacher,1,Initial Hire,,NULL,NULL,NULL,NULL,NULL,NULL,NULL
DUD100220,Juan,Miller,2024-05-27,NULL,Active,Full-time,Trainer,4,Initial Hire,,NULL,NULL,NULL,NULL,NULL,NULL,NULL
DUD100221,Maria,Young,2023-01-11,NULL,Active,Full-time,ALT / English Teacher,1,Initial Hire,,NULL,NULL,NULL,NULL,NULL,NULL,NULL
DUD100222,Jose,White,2021-11-29,NULL,Active,Full-time,Experienced Teacher,2,Initial Hire,,NULL,NULL,NULL,NULL,NULL,NULL,NULL
DUD100223,Robert,Williams,2025-10-18,NULL,Active,Full-time,Senior Teacher,3,Initial Hire,,NULL,NULL,NULL,NULL,NULL,NULL,NULL
DUD100224,Daniel,Brown,2023-08-22,NULL,Active,Full-time,ALT / English Teacher,1,Initial Hire,,NULL,NULL,NULL,NULL,NULL,NULL,NULL
DUD100225,Matthew,Garcia,2023-06-07,NULL,Active,Full-time,Experienced Teacher,2,Initial Hire,,NULL,NULL,NULL,NULL,NULL,NULL,NULL
DUD100226,Emily,Jackson,2024-03-22,NULL,Active,Full-time,ALT / English Teacher,1,Initial Hire,,NULL,NULL,NULL,NULL,NULL,NULL,NULL
DUD100227,Maria,Smith,2024-09-12,NULL,Active,Full-time,Lead Trainer,6,Initial Hire,,NULL,NULL,NULL,NULL,NULL,NULL,NULL
DUD100228,Ana,Lopez,2022-05-21,2024-05-27,Inactive,Full-time,ALT / English Teacher,1,Initial Hire,Performance,2024-05-27,Voluntary,Relocation,4,0,1,1
DUD100229,Andres,Young,2021-05-18,NULL,Active,Full-time,Lead Trainer,6,Initial Hire,,NULL,NULL,NULL,NULL,NULL,NULL,NULL
DUD100230,Emma,Allen,2022-11-08,NULL,Active,Full-time,Senior Teacher,3,Initial Hire,,NULL,NULL,NULL,NULL,NULL,NULL,NULL
DUD100231,Juan,Brown,2021-09-05,2022-07-17,Inactive,Full-time,Experienced Teacher,2,Initial Hire,Relocation,2022-07-17,Voluntary,Commute,5,1,0,1
DUD100232,Hannah,Thompson,2021-05-11,2022-09-05,Inactive,Full-time,ALT / English Teacher,1,Initial Hire,Career Change,2022-09-05,Voluntary,Personal Reasons,NULL,NULL,NULL,1
DUD100233,Luis,Johnson,2023-08-27,NULL,Active,Full-time,ALT / English Teacher,1,Initial Hire,,NULL,NULL,NULL,NULL,NULL,NULL,NULL
DUD100234,Jessica,Lopez,2022-02-18,NULL,Active,Full-time,ALT / English Teacher,1,Initial Hire,,NULL,NULL,NULL,NULL,NULL,NULL,NULL
DUD100235,Emma,Thompson,2021-04-03,NULL,Active,Full-time,ALT / English Teacher,1,Initial Hire,,NULL,NULL,NULL,NULL,NULL,NULL,NULL
DUD100236,Luis,Gonzalez,2023-04-26,NULL,Active,Full-time,ALT / English Teacher,1,Initial Hire,,NULL,NULL,NULL,NULL,NULL,NULL,NULL
DUD100237,Thomas,King,2021-10-10,2022-03-28,Inactive,Full-time,ALT / English Teacher,1,Initial Hire,Personal Reasons,2022-03-28,Voluntary,Career Development,NULL,NULL,NULL,1
DUD100238,Juan,Miller,2026-02-15,NULL,Active,Full-time,ALT / English Teacher,1,Initial Hire,,NULL,NULL,NULL,NULL,NULL,NULL,NULL
DUD100239,Diego,Walker,2023-09-06,NULL,Active,Full-time,ALT / English Teacher,1,Initial Hire,,NULL,NULL,NULL,NULL,NULL,NULL,NULL
DUD100240,Thomas,Lopez,2022-03-21,NULL,Active,Full-time,ALT / English Teacher,1,Initial Hire,,NULL,NULL,NULL,NULL,NULL,NULL,NULL
DUD100241,Sofia,Gonzalez,2022-01-15,NULL,Active,Full-time,ALT / English Teacher,1,Initial Hire,,NULL,NULL,NULL,NULL,NULL,NULL,NULL
DUD100242,Christopher,Garcia,2024-06-25,NULL,Active,Full-time,Lead Trainer,6,Initial Hire,,NULL,NULL,NULL,NULL,NULL,NULL,NULL
DUD100243,Jose,Miller,2024-07-28,NULL,Active,Full-time,ALT / English Teacher,1,Initial Hire,,NULL,NULL,NULL,NULL,NULL,NULL,NULL
DUD100244,Christopher,Johnson,2021-02-15,NULL,Active,Full-time,Senior Teacher,3,Initial Hire,,NULL,NULL,NULL,NULL,NULL,NULL,NULL
DUD100245,Alejandro,Anderson,2026-05-23,NULL,Active,Full-time,ALT / English Teacher,1,Initial Hire,,NULL,NULL,NULL,NULL,NULL,NULL,NULL
DUD100246,Jose,Smith,2022-03-15,NULL,Active,Full-time,ALT / English Teacher,1,Initial Hire,,NULL,NULL,NULL,NULL,NULL,NULL,NULL
DUD100247,Laura,Perez,2021-08-16,2022-04-21,Inactive,Full-time,Trainer,4,Initial Hire,Career Change,2022-04-21,Voluntary,Personal Reasons,NULL,NULL,NULL,1
DUD100248,Emma,Davis,2023-03-04,NULL,Active,Full-time,ALT / English Teacher,1,Initial Hire,,NULL,NULL,NULL,NULL,NULL,NULL,NULL
DUD100249,Emily,Young,2025-03-07,NULL,Active,Full-time,Experienced Teacher,2,Initial Hire,,NULL,NULL,NULL,NULL,NULL,NULL,NULL
DUD100250,Hannah,Thompson,2022-09-02,NULL,Active,Full-time,ALT / English Teacher,1,Initial Hire,,NULL,NULL,NULL,NULL,NULL,NULL,NULL
DUD100251,Andres,Allen,2024-01-20,NULL,Active,Full-time,Trainer,4,Initial Hire,,NULL,NULL,NULL,NULL,NULL,NULL,NULL
DUD100252,Ana,Martin,2022-08-05,NULL,Active,Full-time,ALT / English Teacher,1,Initial Hire,,NULL,NULL,NULL,NULL,NULL,NULL,NULL
DUD100253,Ana,Moore,2026-06-14,NULL,Active,Full-time,Trainer,4,Initial Hire,,NULL,NULL,NULL,NULL,NULL,NULL,NULL
DUD100254,Maria,Anderson,2025-02-24,NULL,Active,Full-time,ALT / English Teacher,1,Initial Hire,,NULL,NULL,NULL,NULL,NULL,NULL,NULL
DUD100255,Alejandro,Jackson,2021-02-09,NULL,Active,Full-time,ALT / English Teacher,1,Initial Hire,,NULL,NULL,NULL,NULL,NULL,NULL,NULL
DUD100256,Olivia,Torres,2022-07-08,NULL,Active,Full-time,ALT / English Teacher,1,Initial Hire,,NULL,NULL,NULL,NULL,NULL,NULL,NULL
DUD100257,James,Gonzalez,2021-07-15,NULL,Active,Full-time,Trainer,4,Initial Hire,,NULL,NULL,NULL,NULL,NULL,NULL,NULL
DUD100258,Laura,Martin,2023-04-25,NULL,Active,Full-time,Senior Teacher,3,Initial Hire,,NULL,NULL,NULL,NULL,NULL,NULL,NULL
DUD100259,Jose,Smith,2023-12-28,NULL,Active,Full-time,ALT / English Teacher,1,Initial Hire,,NULL,NULL,NULL,NULL,NULL,NULL,NULL
DUD100260,Luis,Taylor,2023-05-08,NULL,Active,Full-time,ALT / English Teacher,1,Initial Hire,,NULL,NULL,NULL,NULL,NULL,NULL,NULL
DUD100261,John,Taylor,2026-01-16,NULL,Active,Full-time,ALT / English Teacher,1,Initial Hire,,NULL,NULL,NULL,NULL,NULL,NULL,NULL
DUD100262,John,Garcia,2021-08-30,NULL,Active,Full-time,ALT / English Teacher,1,Initial Hire,,NULL,NULL,NULL,NULL,NULL,NULL,NULL
DUD100263,David,Allen,2026-06-04,NULL,Active,Full-time,ALT / English Teacher,1,Initial Hire,,NULL,NULL,NULL,NULL,NULL,NULL,NULL
DUD100264,Emily,Perez,2022-11-16,NULL,Active,Full-time,ALT / English Teacher,1,Initial Hire,,NULL,NULL,NULL,NULL,NULL,NULL,NULL
DUD100265,Jessica,Brown,2025-06-03,2027-06-10,Inactive,Full-time,ALT / English Teacher,1,Initial Hire,Performance,2027-06-10,Voluntary,Career Change,1,1,1,1
DUD100266,Laura,Thompson,2025-07-08,NULL,Active,Full-time,ALT / English Teacher,1,Initial Hire,,NULL,NULL,NULL,NULL,NULL,NULL,NULL
DUD100267,Daniel,Allen,2024-03-11,NULL,Active,Full-time,ALT / English Teacher,1,Initial Hire,,NULL,NULL,NULL,NULL,NULL,NULL,NULL
DUD100268,Thomas,Torres,2023-09-07,NULL,Active,Full-time,Experienced Teacher,2,Initial Hire,,NULL,NULL,NULL,NULL,NULL,NULL,NULL
DUD100269,Thomas,Garcia,2023-05-06,NULL,Active,Full-time,Lead Trainer,6,Initial Hire,,NULL,NULL,NULL,NULL,NULL,NULL,NULL
DUD100270,Matthew,Johnson,2023-12-28,NULL,Active,Full-time,Lead Trainer,6,Initial Hire,,NULL,NULL,NULL,NULL,NULL,NULL,NULL
DUD100271,Carlos,Jackson,2021-08-18,NULL,Active,Full-time,Trainer,4,Initial Hire,,NULL,NULL,NULL,NULL,NULL,NULL,NULL
DUD100272,John,Jackson,2025-07-11,NULL,Active,Full-time,ALT / English Teacher,1,Initial Hire,,NULL,NULL,NULL,NULL,NULL,NULL,NULL
DUD100273,Emma,Davis,2021-03-07,NULL,Active,Full-time,ALT / English Teacher,1,Initial Hire,,NULL,NULL,NULL,NULL,NULL,NULL,NULL
DUD100274,Alejandro,Lopez,2026-03-26,NULL,Active,Full-time,ALT / English Teacher,1,Initial Hire,,NULL,NULL,NULL,NULL,NULL,NULL,NULL
DUD100275,John,Martin,2023-02-23,NULL,Active,Full-time,ALT / English Teacher,1,Initial Hire,,NULL,NULL,NULL,NULL,NULL,NULL,NULL
DUD100276,William,Young,2023-12-06,NULL,Active,Full-time,ALT / English Teacher,1,Initial Hire,,NULL,NULL,NULL,NULL,NULL,NULL,NULL
DUD100277,Matthew,Thompson,2025-08-03,NULL,Active,Full-time,ALT / English Teacher,1,Initial Hire,,NULL,NULL,NULL,NULL,NULL,NULL,NULL
DUD100278,David,White,2024-11-05,NULL,Active,Full-time,ALT / English Teacher,1,Initial Hire,,NULL,NULL,NULL,NULL,NULL,NULL,NULL
DUD100279,James,Sanchez,2024-06-24,NULL,Active,Full-time,ALT / English Teacher,1,Initial Hire,,NULL,NULL,NULL,NULL,NULL,NULL,NULL
DUD100280,Daniel,Martin,2025-07-12,NULL,Active,Full-time,ALT / English Teacher,1,Initial Hire,,NULL,NULL,NULL,NULL,NULL,NULL,NULL
DUD100281,Laura,Garcia,2026-04-26,NULL,Active,Full-time,Experienced Teacher,2,Initial Hire,,NULL,NULL,NULL,NULL,NULL,NULL,NULL
DUD100282,Jose,Young,2021-05-15,NULL,Active,Full-time,ALT / English Teacher,1,Initial Hire,,NULL,NULL,NULL,NULL,NULL,NULL,NULL
DUD100283,Emily,Brown,2025-03-10,NULL,Active,Full-time,Experienced Teacher,2,Initial Hire,,NULL,NULL,NULL,NULL,NULL,NULL,NULL
DUD100284,Thomas,Hall,2024-09-09,NULL,Active,Full-time,Trainer,4,Initial Hire,,NULL,NULL,NULL,NULL,NULL,NULL,NULL
DUD100285,Christopher,Torres,2021-03-15,NULL,Active,Full-time,ALT / English Teacher,1,Initial Hire,,NULL,NULL,NULL,NULL,NULL,NULL,NULL
DUD100286,Daniel,King,2023-01-25,NULL,Active,Full-time,Experienced Teacher,2,Initial Hire,,NULL,NULL,NULL,NULL,NULL,NULL,NULL
DUD100287,Jessica,Jackson,2021-12-24,NULL,Active,Full-time,ALT / English Teacher,1,Initial Hire,,NULL,NULL,NULL,NULL,NULL,NULL,NULL
DUD100288,Michael,Walker,2023-08-30,NULL,Active,Full-time,ALT / English Teacher,1,Initial Hire,,NULL,NULL,NULL,NULL,NULL,NULL,NULL
DUD100289,James,Perez,2024-10-15,2027-03-14,Inactive,Full-time,Experienced Teacher,2,Initial Hire,Voluntary Resignation,2027-03-14,Voluntary,Personal Reasons,5,0,1,1
DUD100290,Jose,Young,2025-07-02,NULL,Active,Full-time,ALT / English Teacher,1,Initial Hire,,NULL,NULL,NULL,NULL,NULL,NULL,NULL
DUD100291,James,Taylor,2026-05-28,NULL,Active,Full-time,ALT / English Teacher,1,Initial Hire,,NULL,NULL,NULL,NULL,NULL,NULL,NULL
DUD100292,Marco,Hall,2023-04-24,NULL,Active,Full-time,ALT / English Teacher,1,Initial Hire,,NULL,NULL,NULL,NULL,NULL,NULL,NULL
DUD100293,Matthew,Anderson,2024-05-22,NULL,Active,Full-time,Lead Trainer,6,Initial Hire,,NULL,NULL,NULL,NULL,NULL,NULL,NULL
DUD100294,Emma,White,2024-08-04,2025-08-13,Inactive,Full-time,Trainer,4,Initial Hire,Performance,2025-08-13,Voluntary,Assignment Issues,NULL,NULL,NULL,1
DUD100295,Emma,Sanchez,2022-10-22,NULL,Active,Full-time,Experienced Teacher,2,Initial Hire,,NULL,NULL,NULL,NULL,NULL,NULL,NULL
DUD100296,Sarah,Martinez,2025-08-10,NULL,Active,Full-time,ALT / English Teacher,1,Initial Hire,,NULL,NULL,NULL,NULL,NULL,NULL,NULL
DUD100297,Marco,Moore,2022-10-07,NULL,Active,Full-time,ALT / English Teacher,1,Initial Hire,,NULL,NULL,NULL,NULL,NULL,NULL,NULL
DUD100298,Carlos,Davis,2024-08-30,NULL,Active,Full-time,Senior Teacher,3,Initial Hire,,NULL,NULL,NULL,NULL,NULL,NULL,NULL
DUD100299,Andres,Ramirez,2023-12-02,NULL,Active,Full-time,ALT / English Teacher,1,Initial Hire,,NULL,NULL,NULL,NULL,NULL,NULL,NULL
DUD100300,Jose,Miller,2023-11-30,NULL,Active,Full-time,ALT / English Teacher,1,Initial Hire,,NULL,NULL,NULL,NULL,NULL,NULL,NULL
DUD100301,Matthew,Williams,2025-03-07,NULL,Active,Full-time,Senior Teacher,3,Initial Hire,,NULL,NULL,NULL,NULL,NULL,NULL,NULL
DUD100302,Jose,Thompson,2025-07-30,NULL,Active,Full-time,ALT / English Teacher,1,Initial Hire,,NULL,NULL,NULL,NULL,NULL,NULL,NULL
DUD100303,Andres,Ramirez,2025-07-02,NULL,Active,Full-time,Senior Trainer,5,Initial Hire,,NULL,NULL,NULL,NULL,NULL,NULL,NULL
DUD100304,Miguel,Williams,2023-12-08,NULL,Active,Full-time,Experienced Teacher,2,Initial Hire,,NULL,NULL,NULL,NULL,NULL,NULL,NULL
DUD100305,Olivia,Martin,2024-03-08,NULL,Active,Full-time,Experienced Teacher,2,Initial Hire,,NULL,NULL,NULL,NULL,NULL,NULL,NULL
DUD100306,Sofia,Perez,2021-04-23,NULL,Active,Full-time,Experienced Teacher,2,Initial Hire,,NULL,NULL,NULL,NULL,NULL,NULL,NULL
DUD100307,Alejandro,Brown,2024-12-07,2026-09-01,Inactive,Full-time,Experienced Teacher,2,Initial Hire,Voluntary Resignation,2026-09-01,Voluntary,Returning Home,3,0,1,1
DUD100308,William,Davis,2024-10-01,NULL,Active,Full-time,ALT / English Teacher,1,Initial Hire,,NULL,NULL,NULL,NULL,NULL,NULL,NULL
DUD100309,James,Hernandez,2022-10-16,NULL,Active,Full-time,ALT / English Teacher,1,Initial Hire,,NULL,NULL,NULL,NULL,NULL,NULL,NULL
DUD100310,Matthew,Torres,2021-06-25,NULL,Active,Full-time,Lead Trainer,6,Initial Hire,,NULL,NULL,NULL,NULL,NULL,NULL,NULL
DUD100311,John,Hernandez,2022-12-19,NULL,Active,Full-time,ALT / English Teacher,1,Initial Hire,,NULL,NULL,NULL,NULL,NULL,NULL,NULL
DUD100312,Ana,Taylor,2022-09-17,NULL,Active,Full-time,ALT / English Teacher,1,Initial Hire,,NULL,NULL,NULL,NULL,NULL,NULL,NULL
DUD100313,Michael,Young,2024-05-01,2025-01-18,Inactive,Full-time,ALT / English Teacher,1,Initial Hire,Voluntary Resignation,2025-01-18,Voluntary,Personal Reasons,2,1,1,1
DUD100314,Christopher,Anderson,2025-06-17,NULL,Active,Full-time,ALT / English Teacher,1,Initial Hire,,NULL,NULL,NULL,NULL,NULL,NULL,NULL
DUD100315,Alejandro,Garcia,2025-08-10,NULL,Active,Full-time,Senior Teacher,3,Initial Hire,,NULL,NULL,NULL,NULL,NULL,NULL,NULL
DUD100316,Robert,Martin,2026-06-05,2028-04-13,Inactive,Full-time,ALT / English Teacher,1,Initial Hire,Personal Reasons,2028-04-13,Voluntary,Career Change,1,0,0,1
DUD100317,Andres,Rodriguez,2022-06-28,NULL,Active,Full-time,Senior Teacher,3,Initial Hire,,NULL,NULL,NULL,NULL,NULL,NULL,NULL
DUD100318,Marco,Martinez,2021-07-22,NULL,Active,Full-time,Senior Teacher,3,Initial Hire,,NULL,NULL,NULL,NULL,NULL,NULL,NULL
DUD100319,Alejandro,Torres,2023-06-28,2025-05-22,Inactive,Full-time,Lead Trainer,6,Initial Hire,Contract End,2025-05-22,Voluntary,Personal Reasons,2,1,1,1
DUD100320,Emma,Gonzalez,2026-05-27,2028-06-12,Inactive,Full-time,ALT / English Teacher,1,Initial Hire,Personal Reasons,2028-06-12,Involuntary,Client Request,NULL,NULL,NULL,0
DUD100321,Marco,Taylor,2025-11-14,NULL,Active,Full-time,Trainer,4,Initial Hire,,NULL,NULL,NULL,NULL,NULL,NULL,NULL
DUD100322,Matthew,Smith,2021-07-21,NULL,Active,Full-time,ALT / English Teacher,1,Initial Hire,,NULL,NULL,NULL,NULL,NULL,NULL,NULL
DUD100323,Sofia,Sanchez,2023-04-13,NULL,Active,Full-time,ALT / English Teacher,1,Initial Hire,,NULL,NULL,NULL,NULL,NULL,NULL,NULL
DUD100324,Sarah,Jackson,2023-12-24,NULL,Active,Full-time,Senior Trainer,5,Initial Hire,,NULL,NULL,NULL,NULL,NULL,NULL,NULL
DUD100325,Michael,Garcia,2021-08-09,NULL,Active,Full-time,Experienced Teacher,2,Initial Hire,,NULL,NULL,NULL,NULL,NULL,NULL,NULL
DUD100326,Emily,Moore,2021-09-21,NULL,Active,Full-time,Experienced Teacher,2,Initial Hire,,NULL,NULL,NULL,NULL,NULL,NULL,NULL
DUD100327,James,Hall,2021-05-26,NULL,Active,Full-time,ALT / English Teacher,1,Initial Hire,,NULL,NULL,NULL,NULL,NULL,NULL,NULL
DUD100328,Jessica,Walker,2023-11-05,2025-12-12,Inactive,Full-time,Senior Teacher,3,Initial Hire,Performance,2025-12-12,Voluntary,Commute,4,0,1,1
DUD100329,Laura,Hernandez,2023-06-14,2025-03-28,Inactive,Full-time,ALT / English Teacher,1,Initial Hire,Career Change,2025-03-28,Voluntary,Work-Life Balance,NULL,NULL,NULL,1
DUD100330,Carlos,Hall,2022-03-17,NULL,Active,Full-time,Senior Teacher,3,Initial Hire,,NULL,NULL,NULL,NULL,NULL,NULL,NULL
DUD100331,Andres,Martin,2022-03-10,NULL,Active,Full-time,Experienced Teacher,2,Initial Hire,,NULL,NULL,NULL,NULL,NULL,NULL,NULL
DUD100332,Alejandro,Williams,2024-09-17,NULL,Active,Full-time,ALT / English Teacher,1,Initial Hire,,NULL,NULL,NULL,NULL,NULL,NULL,NULL
DUD100333,Miguel,Allen,2023-10-13,2025-05-03,Inactive,Full-time,Experienced Teacher,2,Initial Hire,Relocation,2025-05-03,Voluntary,Personal Reasons,1,0,1,1
DUD100334,Miguel,Jackson,2024-11-23,NULL,Active,Full-time,Senior Teacher,3,Initial Hire,,NULL,NULL,NULL,NULL,NULL,NULL,NULL
DUD100335,Emma,Sanchez,2022-06-20,NULL,Active,Full-time,Experienced Teacher,2,Initial Hire,,NULL,NULL,NULL,NULL,NULL,NULL,NULL
DUD100336,Olivia,Martin,2026-02-06,NULL,Active,Full-time,Senior Teacher,3,Initial Hire,,NULL,NULL,NULL,NULL,NULL,NULL,NULL
DUD100337,Luis,Walker,2021-06-16,2023-07-19,Inactive,Full-time,ALT / English Teacher,1,Initial Hire,Career Change,2023-07-19,Voluntary,Career Change,1,1,0,1
DUD100338,Hannah,Sanchez,2022-10-04,NULL,Active,Full-time,ALT / English Teacher,1,Initial Hire,,NULL,NULL,NULL,NULL,NULL,NULL,NULL
DUD100339,Jose,Moore,2024-10-31,2025-06-15,Inactive,Full-time,Senior Teacher,3,Initial Hire,Performance,2025-06-15,Voluntary,Relocation,1,1,0,1
DUD100340,James,Jackson,2026-06-07,NULL,Active,Full-time,ALT / English Teacher,1,Initial Hire,,NULL,NULL,NULL,NULL,NULL,NULL,NULL
DUD100341,Michael,Davis,2021-01-15,NULL,Active,Full-time,ALT / English Teacher,1,Initial Hire,,NULL,NULL,NULL,NULL,NULL,NULL,NULL
DUD100342,Jessica,Thompson,2022-06-26,NULL,Active,Full-time,Experienced Teacher,2,Initial Hire,,NULL,NULL,NULL,NULL,NULL,NULL,NULL
DUD100343,Christopher,Martinez,2026-04-29,NULL,Active,Full-time,Trainer,4,Initial Hire,,NULL,NULL,NULL,NULL,NULL,NULL,NULL
DUD100344,Robert,Torres,2025-02-20,NULL,Active,Full-time,ALT / English Teacher,1,Initial Hire,,NULL,NULL,NULL,NULL,NULL,NULL,NULL
DUD100345,Michael,Young,2025-03-16,NULL,Active,Full-time,Senior Teacher,3,Initial Hire,,NULL,NULL,NULL,NULL,NULL,NULL,NULL
DUD100346,Daniel,Hall,2021-08-10,NULL,Active,Full-time,ALT / English Teacher,1,Initial Hire,,NULL,NULL,NULL,NULL,NULL,NULL,NULL
DUD100347,Andres,Jackson,2023-07-01,NULL,Active,Full-time,ALT / English Teacher,1,Initial Hire,,NULL,NULL,NULL,NULL,NULL,NULL,NULL
DUD100348,Matthew,Johnson,2022-06-24,2024-09-03,Inactive,Full-time,Trainer,4,Initial Hire,Contract End,2024-09-03,Voluntary,Career Change,NULL,NULL,NULL,1
DUD100349,Christopher,Sanchez,2024-09-20,NULL,Active,Full-time,Experienced Teacher,2,Initial Hire,,NULL,NULL,NULL,NULL,NULL,NULL,NULL
DUD100350,James,Lopez,2023-03-10,NULL,Active,Full-time,ALT / English Teacher,1,Initial Hire,,NULL,NULL,NULL,NULL,NULL,NULL,NULL
DUD100351,Andres,Martin,2022-02-26,NULL,Active,Full-time,Senior Teacher,3,Initial Hire,,NULL,NULL,NULL,NULL,NULL,NULL,NULL
DUD100352,William,Williams,2024-01-02,NULL,Active,Full-time,Senior Teacher,3,Initial Hire,,NULL,NULL,NULL,NULL,NULL,NULL,NULL
DUD100353,Olivia,Hernandez,2024-05-12,NULL,Active,Full-time,Experienced Teacher,2,Initial Hire,,NULL,NULL,NULL,NULL,NULL,NULL,NULL
DUD100354,Daniel,Allen,2022-05-28,2024-07-22,Inactive,Full-time,Experienced Teacher,2,Initial Hire,Performance,2024-07-22,Voluntary,Career Change,1,1,1,1
DUD100355,Olivia,Rodriguez,2025-08-20,NULL,Active,Full-time,ALT / English Teacher,1,Initial Hire,,NULL,NULL,NULL,NULL,NULL,NULL,NULL
DUD100356,David,Young,2025-10-26,NULL,Active,Full-time,ALT / English Teacher,1,Initial Hire,,NULL,NULL,NULL,NULL,NULL,NULL,NULL
DUD100357,James,Garcia,2023-05-31,2024-09-26,Inactive,Full-time,ALT / English Teacher,1,Initial Hire,Personal Reasons,2024-09-26,Voluntary,Career Change,1,1,1,1
DUD100358,Juan,Wilson,2021-09-18,NULL,Active,Full-time,Experienced Teacher,2,Initial Hire,,NULL,NULL,NULL,NULL,NULL,NULL,NULL
DUD100359,Sarah,Walker,2022-06-16,NULL,Active,Full-time,ALT / English Teacher,1,Initial Hire,,NULL,NULL,NULL,NULL,NULL,NULL,NULL
DUD100360,Daniel,Moore,2023-06-25,NULL,Active,Full-time,Experienced Teacher,2,Initial Hire,,NULL,NULL,NULL,NULL,NULL,NULL,NULL
DUD100361,Michael,Johnson,2023-08-31,2026-02-16,Inactive,Full-time,ALT / English Teacher,1,Initial Hire,Contract End,2026-02-16,Voluntary,Work-Life Balance,NULL,NULL,NULL,1
DUD100362,Maria,Perez,2022-05-28,2024-09-08,Inactive,Full-time,Experienced Teacher,2,Initial Hire,Personal Reasons,2024-09-08,Voluntary,Returning Home,5,1,0,1
DUD100363,Emily,Walker,2025-06-08,NULL,Active,Full-time,ALT / English Teacher,1,Initial Hire,,NULL,NULL,NULL,NULL,NULL,NULL,NULL
DUD100364,Daniel,Garcia,2023-06-28,NULL,Active,Full-time,Senior Teacher,3,Initial Hire,,NULL,NULL,NULL,NULL,NULL,NULL,NULL
DUD100365,Emily,Hernandez,2022-09-24,NULL,Active,Full-time,Experienced Teacher,2,Initial Hire,,NULL,NULL,NULL,NULL,NULL,NULL,NULL
DUD100366,David,Smith,2023-05-08,NULL,Active,Full-time,ALT / English Teacher,1,Initial Hire,,NULL,NULL,NULL,NULL,NULL,NULL,NULL
DUD100367,John,Lopez,2024-07-08,NULL,Active,Full-time,ALT / English Teacher,1,Initial Hire,,NULL,NULL,NULL,NULL,NULL,NULL,NULL
DUD100368,Daniel,Allen,2023-07-21,NULL,Active,Full-time,Senior Trainer,5,Initial Hire,,NULL,NULL,NULL,NULL,NULL,NULL,NULL
DUD100369,Jessica,Brown,2024-10-14,NULL,Active,Full-time,ALT / English Teacher,1,Initial Hire,,NULL,NULL,NULL,NULL,NULL,NULL,NULL
DUD100370,Christopher,Johnson,2021-05-10,NULL,Active,Full-time,ALT / English Teacher,1,Initial Hire,,NULL,NULL,NULL,NULL,NULL,NULL,NULL
DUD100371,David,Lee,2022-12-29,NULL,Active,Full-time,ALT / English Teacher,1,Initial Hire,,NULL,NULL,NULL,NULL,NULL,NULL,NULL
DUD100372,Olivia,Thompson,2022-08-17,NULL,Active,Full-time,ALT / English Teacher,1,Initial Hire,,NULL,NULL,NULL,NULL,NULL,NULL,NULL
DUD100373,Ana,Lee,2023-12-18,NULL,Active,Full-time,ALT / English Teacher,1,Initial Hire,,NULL,NULL,NULL,NULL,NULL,NULL,NULL
DUD100374,Emma,Sanchez,2024-09-26,NULL,Active,Full-time,ALT / English Teacher,1,Initial Hire,,NULL,NULL,NULL,NULL,NULL,NULL,NULL
DUD100375,Jessica,Martin,2023-01-22,2023-12-11,Inactive,Full-time,Trainer,4,Initial Hire,Voluntary Resignation,2023-12-11,Voluntary,Career Change,NULL,NULL,NULL,1
DUD100376,Alejandro,Sanchez,2021-01-14,NULL,Active,Full-time,ALT / English Teacher,1,Initial Hire,,NULL,NULL,NULL,NULL,NULL,NULL,NULL
DUD100377,Maria,Moore,2024-05-09,NULL,Active,Full-time,ALT / English Teacher,1,Initial Hire,,NULL,NULL,NULL,NULL,NULL,NULL,NULL
DUD100378,Ana,Anderson,2026-03-20,2027-09-30,Inactive,Full-time,Experienced Teacher,2,Initial Hire,Performance,2027-09-30,Voluntary,Commute,3,1,1,1
DUD100379,James,Williams,2022-07-27,NULL,Active,Full-time,ALT / English Teacher,1,Initial Hire,,NULL,NULL,NULL,NULL,NULL,NULL,NULL
DUD100380,Luis,Hall,2022-11-15,2025-03-19,Inactive,Full-time,Lead Trainer,6,Initial Hire,Performance,2025-03-19,Voluntary,Assignment Issues,2,1,0,1
DUD100381,Diego,Sanchez,2024-09-29,2026-05-12,Inactive,Full-time,Senior Teacher,3,Initial Hire,Career Change,2026-05-12,Voluntary,Compensation,2,0,1,1
DUD100382,Jose,Allen,2024-11-07,NULL,Active,Full-time,ALT / English Teacher,1,Initial Hire,,NULL,NULL,NULL,NULL,NULL,NULL,NULL
DUD100383,Andres,Torres,2024-05-15,NULL,Active,Full-time,ALT / English Teacher,1,Initial Hire,,NULL,NULL,NULL,NULL,NULL,NULL,NULL
DUD100384,William,Miller,2023-07-11,NULL,Active,Full-time,ALT / English Teacher,1,Initial Hire,,NULL,NULL,NULL,NULL,NULL,NULL,NULL
DUD100385,Jessica,Perez,2021-06-06,NULL,Active,Full-time,Senior Teacher,3,Initial Hire,,NULL,NULL,NULL,NULL,NULL,NULL,NULL
DUD100386,Carlos,Martin,2025-04-17,NULL,Active,Full-time,Senior Trainer,5,Initial Hire,,NULL,NULL,NULL,NULL,NULL,NULL,NULL
DUD100387,Emily,Hernandez,2024-05-04,NULL,Active,Full-time,ALT / English Teacher,1,Initial Hire,,NULL,NULL,NULL,NULL,NULL,NULL,NULL
DUD100388,Carlos,Ramirez,2021-11-06,2022-06-20,Inactive,Full-time,ALT / English Teacher,1,Initial Hire,Career Change,2022-06-20,Involuntary,Policy Violation,NULL,NULL,NULL,0
DUD100389,Andres,Anderson,2022-01-07,2022-08-24,Inactive,Full-time,ALT / English Teacher,1,Initial Hire,Performance,2022-08-24,Voluntary,Career Development,4,0,0,1
DUD100390,Ana,King,2024-01-26,NULL,Active,Full-time,Senior Trainer,5,Initial Hire,,NULL,NULL,NULL,NULL,NULL,NULL,NULL
DUD100391,Emily,King,2021-07-06,NULL,Active,Full-time,Senior Teacher,3,Initial Hire,,NULL,NULL,NULL,NULL,NULL,NULL,NULL
DUD100392,Marco,Rodriguez,2024-08-02,NULL,Active,Full-time,Trainer,4,Initial Hire,,NULL,NULL,NULL,NULL,NULL,NULL,NULL
DUD100393,Carlos,Thompson,2021-11-29,NULL,Active,Full-time,ALT / English Teacher,1,Initial Hire,,NULL,NULL,NULL,NULL,NULL,NULL,NULL
DUD100394,Daniel,Ramirez,2021-04-21,2021-08-22,Inactive,Full-time,Senior Teacher,3,Initial Hire,Career Change,2021-08-22,Voluntary,Commute,3,0,1,1
DUD100395,Christopher,Smith,2022-08-16,NULL,Active,Full-time,ALT / English Teacher,1,Initial Hire,,NULL,NULL,NULL,NULL,NULL,NULL,NULL
DUD100396,William,Hernandez,2024-09-14,NULL,Active,Full-time,ALT / English Teacher,1,Initial Hire,,NULL,NULL,NULL,NULL,NULL,NULL,NULL
DUD100397,Carlos,Wilson,2022-12-20,NULL,Active,Full-time,ALT / English Teacher,1,Initial Hire,,NULL,NULL,NULL,NULL,NULL,NULL,NULL
DUD100398,Emily,King,2025-05-29,NULL,Active,Full-time,ALT / English Teacher,1,Initial Hire,,NULL,NULL,NULL,NULL,NULL,NULL,NULL
DUD100399,Jose,Hernandez,2022-11-03,NULL,Active,Full-time,ALT / English Teacher,1,Initial Hire,,NULL,NULL,NULL,NULL,NULL,NULL,NULL
DUD100400,Emily,Hall,2022-05-18,NULL,Active,Full-time,Senior Teacher,3,Initial Hire,,NULL,NULL,NULL,NULL,NULL,NULL,NULL
DUD100401,Laura,Gonzalez,2023-02-26,NULL,Active,Full-time,Experienced Teacher,2,Initial Hire,,NULL,NULL,NULL,NULL,NULL,NULL,NULL
DUD100402,Carlos,Thompson,2025-06-24,NULL,Active,Full-time,ALT / English Teacher,1,Initial Hire,,NULL,NULL,NULL,NULL,NULL,NULL,NULL
DUD100403,Andres,Lopez,2026-04-28,NULL,Active,Full-time,Senior Teacher,3,Initial Hire,,NULL,NULL,NULL,NULL,NULL,NULL,NULL
DUD100404,Daniel,Taylor,2022-09-13,NULL,Active,Full-time,ALT / English Teacher,1,Initial Hire,,NULL,NULL,NULL,NULL,NULL,NULL,NULL
DUD100405,Olivia,Brown,2024-01-24,2026-05-17,Inactive,Full-time,Senior Teacher,3,Initial Hire,Voluntary Resignation,2026-05-17,Voluntary,Work-Life Balance,2,0,0,1
DUD100406,Michael,Gonzalez,2025-11-17,2026-12-09,Inactive,Full-time,ALT / English Teacher,1,Initial Hire,Contract End,2026-12-09,Voluntary,Assignment Issues,3,1,1,1
DUD100407,Matthew,Moore,2025-10-20,2027-01-15,Inactive,Full-time,ALT / English Teacher,1,Initial Hire,Contract End,2027-01-15,Voluntary,Compensation,3,1,0,1
DUD100408,Emily,Hall,2023-08-26,2024-08-03,Inactive,Full-time,ALT / English Teacher,1,Initial Hire,Relocation,2024-08-03,Voluntary,Returning Home,1,1,1,1
DUD100409,Jessica,Brown,2023-08-27,NULL,Active,Full-time,Trainer,4,Initial Hire,,NULL,NULL,NULL,NULL,NULL,NULL,NULL
DUD100410,Juan,Perez,2024-12-07,NULL,Active,Full-time,ALT / English Teacher,1,Initial Hire,,NULL,NULL,NULL,NULL,NULL,NULL,NULL
DUD100411,Sofia,Allen,2021-03-02,NULL,Active,Full-time,ALT / English Teacher,1,Initial Hire,,NULL,NULL,NULL,NULL,NULL,NULL,NULL
DUD100412,Andres,Anderson,2026-04-23,2028-01-01,Inactive,Full-time,ALT / English Teacher,1,Initial Hire,Voluntary Resignation,2028-01-01,Voluntary,Relocation,2,1,1,1
DUD100413,Sofia,Garcia,2024-06-29,NULL,Active,Full-time,Senior Teacher,3,Initial Hire,,NULL,NULL,NULL,NULL,NULL,NULL,NULL
DUD100414,Thomas,King,2023-09-30,NULL,Active,Full-time,ALT / English Teacher,1,Initial Hire,,NULL,NULL,NULL,NULL,NULL,NULL,NULL
DUD100415,John,Hall,2021-02-04,NULL,Active,Full-time,ALT / English Teacher,1,Initial Hire,,NULL,NULL,NULL,NULL,NULL,NULL,NULL
DUD100416,Jose,Perez,2025-12-11,NULL,Active,Full-time,ALT / English Teacher,1,Initial Hire,,NULL,NULL,NULL,NULL,NULL,NULL,NULL
DUD100417,James,Moore,2021-03-09,2021-10-03,Inactive,Full-time,ALT / English Teacher,1,Initial Hire,Performance,2021-10-03,Voluntary,Assignment Issues,NULL,NULL,NULL,1
DUD100418,James,Martinez,2023-03-26,2024-08-24,Inactive,Full-time,Senior Teacher,3,Initial Hire,Career Change,2024-08-24,Voluntary,Commute,3,1,1,1
DUD100419,William,Hernandez,2022-01-02,NULL,Active,Full-time,Trainer,4,Initial Hire,,NULL,NULL,NULL,NULL,NULL,NULL,NULL
DUD100420,Ana,Walker,2025-10-21,NULL,Active,Full-time,Senior Trainer,5,Initial Hire,,NULL,NULL,NULL,NULL,NULL,NULL,NULL
DUD100421,Hannah,Gonzalez,2024-12-15,NULL,Active,Full-time,Experienced Teacher,2,Initial Hire,,NULL,NULL,NULL,NULL,NULL,NULL,NULL
DUD100422,Marco,Jackson,2022-03-30,NULL,Active,Full-time,ALT / English Teacher,1,Initial Hire,,NULL,NULL,NULL,NULL,NULL,NULL,NULL
DUD100423,Miguel,Garcia,2022-03-03,NULL,Active,Full-time,ALT / English Teacher,1,Initial Hire,,NULL,NULL,NULL,NULL,NULL,NULL,NULL
DUD100424,Juan,Torres,2021-03-25,NULL,Active,Full-time,ALT / English Teacher,1,Initial Hire,,NULL,NULL,NULL,NULL,NULL,NULL,NULL
DUD100425,Jose,Allen,2021-07-11,NULL,Active,Full-time,Experienced Teacher,2,Initial Hire,,NULL,NULL,NULL,NULL,NULL,NULL,NULL
DUD100426,Jessica,Garcia,2021-06-27,2023-05-22,Inactive,Full-time,ALT / English Teacher,1,Initial Hire,Performance,2023-05-22,Voluntary,Relocation,NULL,NULL,NULL,1
DUD100427,Michael,Young,2025-05-09,NULL,Active,Full-time,Experienced Teacher,2,Initial Hire,,NULL,NULL,NULL,NULL,NULL,NULL,NULL
DUD100428,Diego,Perez,2021-06-13,NULL,Active,Full-time,ALT / English Teacher,1,Initial Hire,,NULL,NULL,NULL,NULL,NULL,NULL,NULL
DUD100429,Emma,Lee,2022-05-10,NULL,Active,Full-time,ALT / English Teacher,1,Initial Hire,,NULL,NULL,NULL,NULL,NULL,NULL,NULL
DUD100430,Jose,King,2025-12-09,NULL,Active,Full-time,ALT / English Teacher,1,Initial Hire,,NULL,NULL,NULL,NULL,NULL,NULL,NULL
DUD100431,James,Torres,2025-10-18,NULL,Active,Full-time,ALT / English Teacher,1,Initial Hire,,NULL,NULL,NULL,NULL,NULL,NULL,NULL
DUD100432,Daniel,Wilson,2022-09-06,NULL,Active,Full-time,ALT / English Teacher,1,Initial Hire,,NULL,NULL,NULL,NULL,NULL,NULL,NULL
DUD100433,James,White,2024-06-06,NULL,Active,Full-time,ALT / English Teacher,1,Initial Hire,,NULL,NULL,NULL,NULL,NULL,NULL,NULL
DUD100434,Carlos,Rodriguez,2026-02-23,NULL,Active,Full-time,Senior Trainer,5,Initial Hire,,NULL,NULL,NULL,NULL,NULL,NULL,NULL
DUD100435,Luis,Torres,2021-01-25,NULL,Active,Full-time,ALT / English Teacher,1,Initial Hire,,NULL,NULL,NULL,NULL,NULL,NULL,NULL
DUD100436,Christopher,Brown,2022-01-16,NULL,Active,Full-time,ALT / English Teacher,1,Initial Hire,,NULL,NULL,NULL,NULL,NULL,NULL,NULL
DUD100437,Marco,Hall,2026-05-21,NULL,Active,Full-time,Experienced Teacher,2,Initial Hire,,NULL,NULL,NULL,NULL,NULL,NULL,NULL
DUD100438,Thomas,Hall,2025-06-03,NULL,Active,Full-time,ALT / English Teacher,1,Initial Hire,,NULL,NULL,NULL,NULL,NULL,NULL,NULL
DUD100439,Emma,Smith,2025-12-27,NULL,Active,Full-time,Senior Teacher,3,Initial Hire,,NULL,NULL,NULL,NULL,NULL,NULL,NULL
DUD100440,Michael,Sanchez,2025-04-05,NULL,Active,Full-time,Experienced Teacher,2,Initial Hire,,NULL,NULL,NULL,NULL,NULL,NULL,NULL
DUD100441,Hannah,Lee,2024-08-02,2026-07-20,Inactive,Full-time,ALT / English Teacher,1,Initial Hire,Career Change,2026-07-20,Voluntary,Assignment Issues,1,1,1,1
DUD100442,Matthew,Thompson,2022-11-05,NULL,Active,Full-time,Experienced Teacher,2,Initial Hire,,NULL,NULL,NULL,NULL,NULL,NULL,NULL
DUD100443,Marco,King,2025-10-24,NULL,Active,Full-time,Experienced Teacher,2,Initial Hire,,NULL,NULL,NULL,NULL,NULL,NULL,NULL
DUD100444,Miguel,King,2025-04-01,NULL,Active,Full-time,ALT / English Teacher,1,Initial Hire,,NULL,NULL,NULL,NULL,NULL,NULL,NULL
DUD100445,William,Hernandez,2025-06-27,NULL,Active,Full-time,ALT / English Teacher,1,Initial Hire,,NULL,NULL,NULL,NULL,NULL,NULL,NULL
DUD100446,Emma,White,2021-04-08,2022-01-04,Inactive,Full-time,Experienced Teacher,2,Initial Hire,Performance,2022-01-04,Voluntary,Work-Life Balance,3,1,1,1
DUD100447,Jose,Williams,2024-08-28,2026-01-14,Inactive,Full-time,ALT / English Teacher,1,Initial Hire,Relocation,2026-01-14,Voluntary,Relocation,NULL,NULL,NULL,1
DUD100448,John,Rodriguez,2024-03-19,NULL,Active,Full-time,Trainer,4,Initial Hire,,NULL,NULL,NULL,NULL,NULL,NULL,NULL
DUD100449,Carlos,Allen,2024-03-24,2025-09-24,Inactive,Full-time,Experienced Teacher,2,Initial Hire,Voluntary Resignation,2025-09-24,Involuntary,Client Request,1,1,1,0
DUD100450,James,Thompson,2025-01-03,NULL,Active,Full-time,ALT / English Teacher,1,Initial Hire,,NULL,NULL,NULL,NULL,NULL,NULL,NULL
DUD100451,Luis,Johnson,2022-11-23,2023-12-02,Inactive,Full-time,Senior Trainer,5,Initial Hire,Contract End,2023-12-02,Voluntary,Work-Life Balance,2,1,0,1
DUD100452,Carlos,Young,2022-08-10,2023-05-20,Inactive,Full-time,ALT / English Teacher,1,Initial Hire,Contract End,2023-05-20,Voluntary,Returning Home,4,1,1,1
DUD100453,Jessica,Johnson,2025-08-27,NULL,Active,Full-time,ALT / English Teacher,1,Initial Hire,,NULL,NULL,NULL,NULL,NULL,NULL,NULL
DUD100454,Andres,Allen,2023-04-23,NULL,Active,Full-time,Lead Trainer,6,Initial Hire,,NULL,NULL,NULL,NULL,NULL,NULL,NULL
DUD100455,Luis,Wilson,2024-09-16,NULL,Active,Full-time,ALT / English Teacher,1,Initial Hire,,NULL,NULL,NULL,NULL,NULL,NULL,NULL
DUD100456,Alejandro,Hall,2023-01-10,NULL,Active,Full-time,ALT / English Teacher,1,Initial Hire,,NULL,NULL,NULL,NULL,NULL,NULL,NULL
DUD100457,Emma,Allen,2024-11-28,NULL,Active,Full-time,Lead Trainer,6,Initial Hire,,NULL,NULL,NULL,NULL,NULL,NULL,NULL
DUD100458,Juan,Young,2025-08-03,2027-02-08,Inactive,Full-time,ALT / English Teacher,1,Initial Hire,Career Change,2027-02-08,Voluntary,Career Development,NULL,NULL,NULL,1
DUD100459,Christopher,Hall,2023-05-25,2025-05-13,Inactive,Full-time,Senior Teacher,3,Initial Hire,Relocation,2025-05-13,Voluntary,Assignment Issues,NULL,NULL,NULL,1
DUD100460,Robert,Moore,2022-09-13,NULL,Active,Full-time,ALT / English Teacher,1,Initial Hire,,NULL,NULL,NULL,NULL,NULL,NULL,NULL
DUD100461,Emma,Rodriguez,2022-05-23,NULL,Active,Full-time,Trainer,4,Initial Hire,,NULL,NULL,NULL,NULL,NULL,NULL,NULL
DUD100462,Maria,Martinez,2022-02-20,NULL,Active,Full-time,Lead Trainer,6,Initial Hire,,NULL,NULL,NULL,NULL,NULL,NULL,NULL
DUD100463,Sarah,Moore,2024-01-27,NULL,Active,Full-time,Trainer,4,Initial Hire,,NULL,NULL,NULL,NULL,NULL,NULL,NULL
DUD100464,Andres,Martin,2021-11-04,NULL,Active,Full-time,Experienced Teacher,2,Initial Hire,,NULL,NULL,NULL,NULL,NULL,NULL,NULL
DUD100465,Hannah,Jackson,2023-11-08,NULL,Active,Full-time,Senior Teacher,3,Initial Hire,,NULL,NULL,NULL,NULL,NULL,NULL,NULL
DUD100466,Luis,Wilson,2023-02-05,NULL,Active,Full-time,ALT / English Teacher,1,Initial Hire,,NULL,NULL,NULL,NULL,NULL,NULL,NULL
DUD100467,John,Ramirez,2024-12-30,NULL,Active,Full-time,ALT / English Teacher,1,Initial Hire,,NULL,NULL,NULL,NULL,NULL,NULL,NULL
DUD100468,John,Torres,2022-05-11,NULL,Active,Full-time,ALT / English Teacher,1,Initial Hire,,NULL,NULL,NULL,NULL,NULL,NULL,NULL
DUD100469,Emma,Miller,2021-07-21,NULL,Active,Full-time,Trainer,4,Initial Hire,,NULL,NULL,NULL,NULL,NULL,NULL,NULL
DUD100470,Robert,Torres,2022-04-03,2024-01-05,Inactive,Full-time,Experienced Teacher,2,Initial Hire,Personal Reasons,2024-01-05,Voluntary,Career Development,4,1,0,1
DUD100471,David,Lee,2022-10-24,2023-03-01,Inactive,Full-time,ALT / English Teacher,1,Initial Hire,Contract End,2023-03-01,Involuntary,Attendance,3,0,0,0
DUD100472,Alejandro,White,2023-12-11,NULL,Active,Full-time,Lead Trainer,6,Initial Hire,,NULL,NULL,NULL,NULL,NULL,NULL,NULL
DUD100473,Hannah,Johnson,2024-09-19,NULL,Active,Full-time,ALT / English Teacher,1,Initial Hire,,NULL,NULL,NULL,NULL,NULL,NULL,NULL
DUD100474,James,Smith,2025-10-01,NULL,Active,Full-time,ALT / English Teacher,1,Initial Hire,,NULL,NULL,NULL,NULL,NULL,NULL,NULL
DUD100475,Miguel,Gonzalez,2026-04-06,2027-12-05,Inactive,Full-time,Experienced Teacher,2,Initial Hire,Personal Reasons,2027-12-05,Voluntary,Compensation,NULL,NULL,NULL,1
DUD100476,Matthew,Sanchez,2025-08-21,2027-04-27,Inactive,Full-time,Senior Trainer,5,Initial Hire,Relocation,2027-04-27,Voluntary,Assignment Issues,4,1,0,1
DUD100477,Hannah,Williams,2025-08-09,NULL,Active,Full-time,Senior Trainer,5,Initial Hire,,NULL,NULL,NULL,NULL,NULL,NULL,NULL
DUD100478,Juan,Lopez,2022-05-19,2022-10-25,Inactive,Full-time,Experienced Teacher,2,Initial Hire,Voluntary Resignation,2022-10-25,Involuntary,Contract End,5,0,1,0
DUD100479,Miguel,Lopez,2023-01-17,NULL,Active,Full-time,ALT / English Teacher,1,Initial Hire,,NULL,NULL,NULL,NULL,NULL,NULL,NULL
DUD100480,James,Rodriguez,2022-02-11,2023-04-09,Inactive,Full-time,Senior Teacher,3,Initial Hire,Relocation,2023-04-09,Voluntary,Career Development,NULL,NULL,NULL,1
DUD100481,Ana,Sanchez,2023-09-01,NULL,Active,Full-time,ALT / English Teacher,1,Initial Hire,,NULL,NULL,NULL,NULL,NULL,NULL,NULL
DUD100482,Jose,Perez,2025-07-25,NULL,Active,Full-time,Experienced Teacher,2,Initial Hire,,NULL,NULL,NULL,NULL,NULL,NULL,NULL
DUD100483,Luis,Moore,2022-10-11,NULL,Active,Full-time,Lead Trainer,6,Initial Hire,,NULL,NULL,NULL,NULL,NULL,NULL,NULL
DUD100484,Jessica,Walker,2022-05-19,2023-09-19,Inactive,Full-time,ALT / English Teacher,1,Initial Hire,Relocation,2023-09-19,Voluntary,Returning Home,5,1,1,1
DUD100485,Daniel,Torres,2025-01-02,NULL,Active,Full-time,Experienced Teacher,2,Initial Hire,,NULL,NULL,NULL,NULL,NULL,NULL,NULL
DUD100486,Emma,Williams,2024-10-10,2027-01-11,Inactive,Full-time,ALT / English Teacher,1,Initial Hire,Relocation,2027-01-11,Voluntary,Assignment Issues,3,1,0,1
DUD100487,Sarah,Moore,2023-09-06,2025-11-02,Inactive,Full-time,ALT / English Teacher,1,Initial Hire,Contract End,2025-11-02,Involuntary,Policy Violation,3,0,1,0
DUD100488,Matthew,Hernandez,2026-08-08,NULL,Active,Full-time,ALT / English Teacher,1,Initial Hire,,NULL,NULL,NULL,NULL,NULL,NULL,NULL
DUD100489,Ana,Johnson,2026-05-14,2028-01-31,Inactive,Full-time,ALT / English Teacher,1,Initial Hire,Career Change,2028-01-31,Voluntary,Compensation,4,1,1,1
DUD100490,Daniel,Martinez,2024-11-17,NULL,Active,Full-time,Experienced Teacher,2,Initial Hire,,NULL,NULL,NULL,NULL,NULL,NULL,NULL
DUD100491,Andres,Ramirez,2021-09-27,NULL,Active,Full-time,ALT / English Teacher,1,Initial Hire,,NULL,NULL,NULL,NULL,NULL,NULL,NULL
DUD100492,James,Brown,2023-06-04,NULL,Active,Full-time,Experienced Teacher,2,Initial Hire,,NULL,NULL,NULL,NULL,NULL,NULL,NULL
DUD100493,Christopher,Sanchez,2023-05-31,NULL,Active,Full-time,ALT / English Teacher,1,Initial Hire,,NULL,NULL,NULL,NULL,NULL,NULL,NULL
DUD100494,Hannah,Sanchez,2024-06-28,NULL,Active,Full-time,Trainer,4,Initial Hire,,NULL,NULL,NULL,NULL,NULL,NULL,NULL
DUD100495,Olivia,Davis,2022-10-12,NULL,Active,Full-time,ALT / English Teacher,1,Initial Hire,,NULL,NULL,NULL,NULL,NULL,NULL,NULL
DUD100496,Carlos,Torres,2021-11-15,NULL,Active,Full-time,ALT / English Teacher,1,Initial Hire,,NULL,NULL,NULL,NULL,NULL,NULL,NULL
DUD100497,Sarah,Wilson,2021-06-10,NULL,Active,Full-time,Experienced Teacher,2,Initial Hire,,NULL,NULL,NULL,NULL,NULL,NULL,NULL
DUD100498,John,Thompson,2024-08-01,NULL,Active,Full-time,ALT / English Teacher,1,Initial Hire,,NULL,NULL,NULL,NULL,NULL,NULL,NULL
DUD100499,Miguel,Moore,2021-05-29,NULL,Active,Full-time,ALT / English Teacher,1,Initial Hire,,NULL,NULL,NULL,NULL,NULL,NULL,NULL
DUD100500,Andres,Martinez,2021-11-18,NULL,Active,Full-time,ALT / English Teacher,1,Initial Hire,,NULL,NULL,NULL,NULL,NULL,NULL,NULL
DUD100501,Robert,Garcia,2022-10-13,NULL,Active,Full-time,Experienced Teacher,2,Initial Hire,,NULL,NULL,NULL,NULL,NULL,NULL,NULL
DUD100502,John,Gonzalez,2026-05-23,NULL,Active,Full-time,Trainer,4,Initial Hire,,NULL,NULL,NULL,NULL,NULL,NULL,NULL
DUD100503,William,Martinez,2026-05-13,NULL,Active,Full-time,Experienced Teacher,2,Initial Hire,,NULL,NULL,NULL,NULL,NULL,NULL,NULL
DUD100504,David,Perez,2023-02-10,NULL,Active,Full-time,Experienced Teacher,2,Initial Hire,,NULL,NULL,NULL,NULL,NULL,NULL,NULL
DUD100505,Sarah,Young,2026-07-29,NULL,Active,Full-time,ALT / English Teacher,1,Initial Hire,,NULL,NULL,NULL,NULL,NULL,NULL,NULL
DUD100506,Marco,Young,2024-03-12,2025-08-11,Inactive,Full-time,ALT / English Teacher,1,Initial Hire,Personal Reasons,2025-08-11,Voluntary,Assignment Issues,1,1,0,1
DUD100507,Ana,Walker,2021-11-10,NULL,Active,Full-time,Senior Teacher,3,Initial Hire,,NULL,NULL,NULL,NULL,NULL,NULL,NULL
DUD100508,John,Perez,2024-01-31,NULL,Active,Full-time,ALT / English Teacher,1,Initial Hire,,NULL,NULL,NULL,NULL,NULL,NULL,NULL
DUD100509,Emily,Taylor,2021-11-26,NULL,Active,Full-time,ALT / English Teacher,1,Initial Hire,,NULL,NULL,NULL,NULL,NULL,NULL,NULL
DUD100510,Luis,Hernandez,2023-12-10,NULL,Active,Full-time,Trainer,4,Initial Hire,,NULL,NULL,NULL,NULL,NULL,NULL,NULL
DUD100511,Thomas,Torres,2023-12-23,NULL,Active,Full-time,Senior Teacher,3,Initial Hire,,NULL,NULL,NULL,NULL,NULL,NULL,NULL
DUD100512,Andres,Hernandez,2023-04-18,NULL,Active,Full-time,Lead Trainer,6,Initial Hire,,NULL,NULL,NULL,NULL,NULL,NULL,NULL
DUD100513,Sarah,Wilson,2021-07-05,NULL,Active,Full-time,Experienced Teacher,2,Initial Hire,,NULL,NULL,NULL,NULL,NULL,NULL,NULL
DUD100514,Michael,Walker,2021-11-17,NULL,Active,Full-time,ALT / English Teacher,1,Initial Hire,,NULL,NULL,NULL,NULL,NULL,NULL,NULL
DUD100515,Miguel,Perez,2022-12-01,NULL,Active,Full-time,Experienced Teacher,2,Initial Hire,,NULL,NULL,NULL,NULL,NULL,NULL,NULL
DUD100516,Emma,King,2025-03-11,2027-03-07,Inactive,Full-time,Experienced Teacher,2,Initial Hire,Relocation,2027-03-07,Voluntary,Career Development,2,1,1,1
DUD100517,Hannah,Jackson,2021-10-09,NULL,Active,Full-time,Senior Teacher,3,Initial Hire,,NULL,NULL,NULL,NULL,NULL,NULL,NULL
DUD100518,James,Allen,2026-01-13,NULL,Active,Full-time,ALT / English Teacher,1,Initial Hire,,NULL,NULL,NULL,NULL,NULL,NULL,NULL
DUD100519,Andres,White,2021-12-30,NULL,Active,Full-time,Senior Teacher,3,Initial Hire,,NULL,NULL,NULL,NULL,NULL,NULL,NULL
DUD100520,Emily,Anderson,2024-04-16,NULL,Active,Full-time,Senior Teacher,3,Initial Hire,,NULL,NULL,NULL,NULL,NULL,NULL,NULL
DUD100521,James,Smith,2025-06-05,NULL,Active,Full-time,Lead Trainer,6,Initial Hire,,NULL,NULL,NULL,NULL,NULL,NULL,NULL
DUD100522,John,Hernandez,2021-12-11,NULL,Active,Full-time,Experienced Teacher,2,Initial Hire,,NULL,NULL,NULL,NULL,NULL,NULL,NULL
DUD100523,Laura,Brown,2021-06-17,NULL,Active,Full-time,Senior Teacher,3,Initial Hire,,NULL,NULL,NULL,NULL,NULL,NULL,NULL
DUD100524,Ana,King,2024-10-13,NULL,Active,Full-time,Senior Trainer,5,Initial Hire,,NULL,NULL,NULL,NULL,NULL,NULL,NULL
DUD100525,Christopher,Hernandez,2026-05-06,NULL,Active,Full-time,Experienced Teacher,2,Initial Hire,,NULL,NULL,NULL,NULL,NULL,NULL,NULL
DUD100526,David,Taylor,2025-05-17,NULL,Active,Full-time,ALT / English Teacher,1,Initial Hire,,NULL,NULL,NULL,NULL,NULL,NULL,NULL
DUD100527,Jessica,Hall,2021-01-03,NULL,Active,Full-time,ALT / English Teacher,1,Initial Hire,,NULL,NULL,NULL,NULL,NULL,NULL,NULL
DUD100528,Laura,Anderson,2024-03-02,2024-07-03,Inactive,Full-time,ALT / English Teacher,1,Initial Hire,Relocation,2024-07-03,Involuntary,Client Request,2,1,0,0
DUD100529,Emma,King,2021-11-02,NULL,Active,Full-time,ALT / English Teacher,1,Initial Hire,,NULL,NULL,NULL,NULL,NULL,NULL,NULL
DUD100530,David,Ramirez,2023-12-10,NULL,Active,Full-time,ALT / English Teacher,1,Initial Hire,,NULL,NULL,NULL,NULL,NULL,NULL,NULL
DUD100531,Christopher,Smith,2026-02-01,NULL,Active,Full-time,Senior Teacher,3,Initial Hire,,NULL,NULL,NULL,NULL,NULL,NULL,NULL
DUD100532,Jessica,Ramirez,2023-03-18,NULL,Active,Full-time,ALT / English Teacher,1,Initial Hire,,NULL,NULL,NULL,NULL,NULL,NULL,NULL
DUD100533,Luis,Martin,2025-03-01,NULL,Active,Full-time,ALT / English Teacher,1,Initial Hire,,NULL,NULL,NULL,NULL,NULL,NULL,NULL
DUD100534,Alejandro,Torres,2023-11-18,NULL,Active,Full-time,Trainer,4,Initial Hire,,NULL,NULL,NULL,NULL,NULL,NULL,NULL
DUD100535,Thomas,Jackson,2025-05-12,2026-03-19,Inactive,Full-time,Trainer,4,Initial Hire,Contract End,2026-03-19,Voluntary,Work-Life Balance,1,1,0,1
DUD100536,Sofia,Young,2021-01-21,NULL,Active,Full-time,Experienced Teacher,2,Initial Hire,,NULL,NULL,NULL,NULL,NULL,NULL,NULL
DUD100537,Ana,King,2021-03-30,NULL,Active,Full-time,ALT / English Teacher,1,Initial Hire,,NULL,NULL,NULL,NULL,NULL,NULL,NULL
DUD100538,Jessica,Allen,2025-05-06,NULL,Active,Full-time,ALT / English Teacher,1,Initial Hire,,NULL,NULL,NULL,NULL,NULL,NULL,NULL
DUD100539,Andres,Torres,2022-06-19,NULL,Active,Full-time,Trainer,4,Initial Hire,,NULL,NULL,NULL,NULL,NULL,NULL,NULL
DUD100540,Olivia,Martin,2023-01-07,NULL,Active,Full-time,ALT / English Teacher,1,Initial Hire,,NULL,NULL,NULL,NULL,NULL,NULL,NULL
DUD100541,William,Sanchez,2025-04-07,NULL,Active,Full-time,ALT / English Teacher,1,Initial Hire,,NULL,NULL,NULL,NULL,NULL,NULL,NULL
DUD100542,Daniel,Thompson,2021-08-14,2023-10-21,Inactive,Full-time,Senior Trainer,5,Initial Hire,Career Change,2023-10-21,Voluntary,Personal Reasons,2,1,0,1
DUD100543,Emma,Hall,2026-05-05,NULL,Active,Full-time,Experienced Teacher,2,Initial Hire,,NULL,NULL,NULL,NULL,NULL,NULL,NULL
DUD100544,Matthew,Davis,2026-04-24,NULL,Active,Full-time,Experienced Teacher,2,Initial Hire,,NULL,NULL,NULL,NULL,NULL,NULL,NULL
DUD100545,Hannah,Ramirez,2026-04-23,NULL,Active,Full-time,ALT / English Teacher,1,Initial Hire,,NULL,NULL,NULL,NULL,NULL,NULL,NULL
DUD100546,Andres,Johnson,2025-03-19,2027-08-25,Inactive,Full-time,ALT / English Teacher,1,Initial Hire,Career Change,2027-08-25,Voluntary,Returning Home,NULL,NULL,NULL,1
DUD100547,Jose,Lopez,2023-01-03,NULL,Active,Full-time,ALT / English Teacher,1,Initial Hire,,NULL,NULL,NULL,NULL,NULL,NULL,NULL
DUD100548,Laura,Hernandez,2023-03-07,NULL,Active,Full-time,ALT / English Teacher,1,Initial Hire,,NULL,NULL,NULL,NULL,NULL,NULL,NULL
DUD100549,Jessica,Smith,2024-01-03,NULL,Active,Full-time,ALT / English Teacher,1,Initial Hire,,NULL,NULL,NULL,NULL,NULL,NULL,NULL
DUD100550,Marco,Smith,2023-09-19,NULL,Active,Full-time,Experienced Teacher,2,Initial Hire,,NULL,NULL,NULL,NULL,NULL,NULL,NULL
DUD100551,Diego,Smith,2025-06-24,NULL,Active,Full-time,Experienced Teacher,2,Initial Hire,,NULL,NULL,NULL,NULL,NULL,NULL,NULL
DUD100552,Emma,Walker,2022-03-30,NULL,Active,Full-time,ALT / English Teacher,1,Initial Hire,,NULL,NULL,NULL,NULL,NULL,NULL,NULL
DUD100553,Jessica,Allen,2025-09-29,NULL,Active,Full-time,ALT / English Teacher,1,Initial Hire,,NULL,NULL,NULL,NULL,NULL,NULL,NULL
DUD100554,James,Allen,2022-04-21,NULL,Active,Full-time,Experienced Teacher,2,Initial Hire,,NULL,NULL,NULL,NULL,NULL,NULL,NULL
DUD100555,Sofia,Hall,2024-09-21,NULL,Active,Full-time,Experienced Teacher,2,Initial Hire,,NULL,NULL,NULL,NULL,NULL,NULL,NULL
DUD100556,Jessica,Perez,2021-06-18,NULL,Active,Full-time,Experienced Teacher,2,Initial Hire,,NULL,NULL,NULL,NULL,NULL,NULL,NULL
DUD100557,Daniel,White,2023-11-26,2025-05-10,Inactive,Full-time,ALT / English Teacher,1,Initial Hire,Voluntary Resignation,2025-05-10,Voluntary,Personal Reasons,3,1,0,1
DUD100558,Marco,Brown,2023-05-11,NULL,Active,Full-time,ALT / English Teacher,1,Initial Hire,,NULL,NULL,NULL,NULL,NULL,NULL,NULL
DUD100559,Andres,Taylor,2024-09-06,NULL,Active,Full-time,Experienced Teacher,2,Initial Hire,,NULL,NULL,NULL,NULL,NULL,NULL,NULL
DUD100560,Sofia,Garcia,2024-02-23,NULL,Active,Full-time,ALT / English Teacher,1,Initial Hire,,NULL,NULL,NULL,NULL,NULL,NULL,NULL
DUD100561,Diego,Gonzalez,2023-08-07,NULL,Active,Full-time,ALT / English Teacher,1,Initial Hire,,NULL,NULL,NULL,NULL,NULL,NULL,NULL
DUD100562,Andres,Williams,2023-11-30,NULL,Active,Full-time,ALT / English Teacher,1,Initial Hire,,NULL,NULL,NULL,NULL,NULL,NULL,NULL
DUD100563,Marco,Perez,2026-01-29,NULL,Active,Full-time,ALT / English Teacher,1,Initial Hire,,NULL,NULL,NULL,NULL,NULL,NULL,NULL
DUD100564,Christopher,Smith,2024-08-19,NULL,Active,Full-time,ALT / English Teacher,1,Initial Hire,,NULL,NULL,NULL,NULL,NULL,NULL,NULL
DUD100565,Daniel,Martin,2025-06-28,NULL,Active,Full-time,ALT / English Teacher,1,Initial Hire,,NULL,NULL,NULL,NULL,NULL,NULL,NULL
DUD100566,Maria,Jackson,2021-08-14,NULL,Active,Full-time,Senior Teacher,3,Initial Hire,,NULL,NULL,NULL,NULL,NULL,NULL,NULL
DUD100567,Sofia,Garcia,2025-09-07,2028-02-19,Inactive,Full-time,ALT / English Teacher,1,Initial Hire,Relocation,2028-02-19,Voluntary,Personal Reasons,4,0,1,1
DUD100568,William,Lee,2024-07-18,NULL,Active,Full-time,ALT / English Teacher,1,Initial Hire,,NULL,NULL,NULL,NULL,NULL,NULL,NULL
DUD100569,Miguel,Brown,2021-07-13,NULL,Active,Full-time,ALT / English Teacher,1,Initial Hire,,NULL,NULL,NULL,NULL,NULL,NULL,NULL
DUD100570,Laura,Hall,2023-05-17,NULL,Active,Full-time,ALT / English Teacher,1,Initial Hire,,NULL,NULL,NULL,NULL,NULL,NULL,NULL
DUD100571,James,King,2026-04-30,NULL,Active,Full-time,ALT / English Teacher,1,Initial Hire,,NULL,NULL,NULL,NULL,NULL,NULL,NULL
DUD100572,Emma,Brown,2024-05-14,NULL,Active,Full-time,Senior Trainer,5,Initial Hire,,NULL,NULL,NULL,NULL,NULL,NULL,NULL
DUD100573,John,Taylor,2024-11-11,NULL,Active,Full-time,Experienced Teacher,2,Initial Hire,,NULL,NULL,NULL,NULL,NULL,NULL,NULL
DUD100574,Ana,Lee,2026-01-12,NULL,Active,Full-time,ALT / English Teacher,1,Initial Hire,,NULL,NULL,NULL,NULL,NULL,NULL,NULL
DUD100575,Olivia,Allen,2022-08-19,2024-05-05,Inactive,Full-time,Trainer,4,Initial Hire,Career Change,2024-05-05,Voluntary,Returning Home,2,1,0,1
DUD100576,Luis,Sanchez,2025-05-31,2027-01-30,Inactive,Full-time,Trainer,4,Initial Hire,Voluntary Resignation,2027-01-30,Voluntary,Work-Life Balance,1,1,1,1
DUD100577,Jose,King,2022-06-28,NULL,Active,Full-time,ALT / English Teacher,1,Initial Hire,,NULL,NULL,NULL,NULL,NULL,NULL,NULL
DUD100578,Juan,Torres,2025-04-30,NULL,Active,Full-time,ALT / English Teacher,1,Initial Hire,,NULL,NULL,NULL,NULL,NULL,NULL,NULL
DUD100579,James,Johnson,2026-07-09,NULL,Active,Full-time,Senior Teacher,3,Initial Hire,,NULL,NULL,NULL,NULL,NULL,NULL,NULL
DUD100580,William,Sanchez,2024-06-15,2025-08-02,Inactive,Full-time,Senior Trainer,5,Initial Hire,Relocation,2025-08-02,Voluntary,Work-Life Balance,NULL,NULL,NULL,1
DUD100581,William,Taylor,2023-03-16,NULL,Active,Full-time,Trainer,4,Initial Hire,,NULL,NULL,NULL,NULL,NULL,NULL,NULL
DUD100582,Juan,King,2022-08-23,NULL,Active,Full-time,ALT / English Teacher,1,Initial Hire,,NULL,NULL,NULL,NULL,NULL,NULL,NULL
DUD100583,Andres,Lee,2023-10-27,NULL,Active,Full-time,ALT / English Teacher,1,Initial Hire,,NULL,NULL,NULL,NULL,NULL,NULL,NULL
DUD100584,Thomas,Hall,2022-05-19,NULL,Active,Full-time,ALT / English Teacher,1,Initial Hire,,NULL,NULL,NULL,NULL,NULL,NULL,NULL
DUD100585,Michael,Miller,2023-05-17,NULL,Active,Full-time,Lead Trainer,6,Initial Hire,,NULL,NULL,NULL,NULL,NULL,NULL,NULL
DUD100586,Diego,Wilson,2025-10-23,NULL,Active,Full-time,ALT / English Teacher,1,Initial Hire,,NULL,NULL,NULL,NULL,NULL,NULL,NULL
DUD100587,Juan,Allen,2025-09-18,NULL,Active,Full-time,ALT / English Teacher,1,Initial Hire,,NULL,NULL,NULL,NULL,NULL,NULL,NULL
DUD100588,Hannah,Ramirez,2025-11-09,NULL,Active,Full-time,ALT / English Teacher,1,Initial Hire,,NULL,NULL,NULL,NULL,NULL,NULL,NULL
DUD100589,Thomas,Williams,2022-05-27,NULL,Active,Full-time,Trainer,4,Initial Hire,,NULL,NULL,NULL,NULL,NULL,NULL,NULL
DUD100590,Thomas,Lopez,2022-05-05,NULL,Active,Full-time,ALT / English Teacher,1,Initial Hire,,NULL,NULL,NULL,NULL,NULL,NULL,NULL
DUD100591,Daniel,Perez,2023-08-19,NULL,Active,Full-time,Senior Trainer,5,Initial Hire,,NULL,NULL,NULL,NULL,NULL,NULL,NULL
DUD100592,Sarah,Moore,2025-04-02,2026-01-06,Inactive,Full-time,ALT / English Teacher,1,Initial Hire,Contract End,2026-01-06,Voluntary,Commute,1,1,0,1
DUD100593,Emily,Sanchez,2023-04-11,2025-01-26,Inactive,Full-time,Lead Trainer,6,Initial Hire,Relocation,2025-01-26,Voluntary,Career Change,1,1,1,1
DUD100594,Christopher,Walker,2022-01-20,NULL,Active,Full-time,ALT / English Teacher,1,Initial Hire,,NULL,NULL,NULL,NULL,NULL,NULL,NULL
DUD100595,Robert,Hernandez,2024-06-15,2025-10-18,Inactive,Full-time,ALT / English Teacher,1,Initial Hire,Contract End,2025-10-18,Voluntary,Commute,NULL,NULL,NULL,1
DUD100596,Diego,Williams,2024-09-01,NULL,Active,Full-time,ALT / English Teacher,1,Initial Hire,,NULL,NULL,NULL,NULL,NULL,NULL,NULL
DUD100597,Emily,Gonzalez,2021-11-04,NULL,Active,Full-time,ALT / English Teacher,1,Initial Hire,,NULL,NULL,NULL,NULL,NULL,NULL,NULL
DUD100598,John,Williams,2025-12-01,2026-08-27,Inactive,Full-time,ALT / English Teacher,1,Initial Hire,Performance,2026-08-27,Voluntary,Assignment Issues,5,1,1,1
DUD100599,Luis,Jackson,2023-01-16,2025-04-21,Inactive,Full-time,ALT / English Teacher,1,Initial Hire,Voluntary Resignation,2025-04-21,Involuntary,Attendance,NULL,NULL,NULL,0
DUD100600,David,White,2022-07-13,NULL,Active,Full-time,ALT / English Teacher,1,Initial Hire,,NULL,NULL,NULL,NULL,NULL,NULL,NULL
DUD100601,Jose,Anderson,2022-10-11,NULL,Active,Full-time,Senior Teacher,3,Initial Hire,,NULL,NULL,NULL,NULL,NULL,NULL,NULL
DUD100602,Carlos,Taylor,2025-10-30,NULL,Active,Full-time,Experienced Teacher,2,Initial Hire,,NULL,NULL,NULL,NULL,NULL,NULL,NULL
DUD100603,Hannah,Walker,2022-09-21,NULL,Active,Full-time,ALT / English Teacher,1,Initial Hire,,NULL,NULL,NULL,NULL,NULL,NULL,NULL
DUD100604,Maria,Moore,2024-05-15,NULL,Active,Full-time,ALT / English Teacher,1,Initial Hire,,NULL,NULL,NULL,NULL,NULL,NULL,NULL
DUD100605,Daniel,Moore,2023-11-13,NULL,Active,Full-time,ALT / English Teacher,1,Initial Hire,,NULL,NULL,NULL,NULL,NULL,NULL,NULL
DUD100606,Robert,King,2022-03-06,NULL,Active,Full-time,ALT / English Teacher,1,Initial Hire,,NULL,NULL,NULL,NULL,NULL,NULL,NULL
DUD100607,Michael,Young,2024-05-14,NULL,Active,Full-time,ALT / English Teacher,1,Initial Hire,,NULL,NULL,NULL,NULL,NULL,NULL,NULL
DUD100608,Marco,Johnson,2024-01-03,NULL,Active,Full-time,ALT / English Teacher,1,Initial Hire,,NULL,NULL,NULL,NULL,NULL,NULL,NULL
DUD100609,Ana,Brown,2022-05-05,2023-09-07,Inactive,Full-time,Senior Teacher,3,Initial Hire,Performance,2023-09-07,Voluntary,Work-Life Balance,2,1,1,1
DUD100610,Thomas,Hall,2024-11-28,NULL,Active,Full-time,Trainer,4,Initial Hire,,NULL,NULL,NULL,NULL,NULL,NULL,NULL
DUD100611,Alejandro,Allen,2021-01-23,2021-12-09,Inactive,Full-time,Experienced Teacher,2,Initial Hire,Personal Reasons,2021-12-09,Voluntary,Work-Life Balance,4,1,1,1
DUD100612,Laura,Martinez,2023-10-08,2025-11-13,Inactive,Full-time,ALT / English Teacher,1,Initial Hire,Performance,2025-11-13,Voluntary,Commute,4,1,0,1
DUD100613,Diego,Anderson,2022-12-24,2024-09-05,Inactive,Full-time,Senior Teacher,3,Initial Hire,Contract End,2024-09-05,Voluntary,Career Change,3,1,0,1
DUD100614,Alejandro,Allen,2026-04-23,NULL,Active,Full-time,ALT / English Teacher,1,Initial Hire,,NULL,NULL,NULL,NULL,NULL,NULL,NULL
DUD100615,David,Hernandez,2022-10-18,NULL,Active,Full-time,ALT / English Teacher,1,Initial Hire,,NULL,NULL,NULL,NULL,NULL,NULL,NULL
DUD100616,Sofia,King,2023-09-30,NULL,Active,Full-time,ALT / English Teacher,1,Initial Hire,,NULL,NULL,NULL,NULL,NULL,NULL,NULL
DUD100617,James,Johnson,2023-11-16,NULL,Active,Full-time,ALT / English Teacher,1,Initial Hire,,NULL,NULL,NULL,NULL,NULL,NULL,NULL
DUD100618,Robert,Young,2022-11-06,NULL,Active,Full-time,ALT / English Teacher,1,Initial Hire,,NULL,NULL,NULL,NULL,NULL,NULL,NULL
DUD100619,William,Hernandez,2022-03-07,NULL,Active,Full-time,ALT / English Teacher,1,Initial Hire,,NULL,NULL,NULL,NULL,NULL,NULL,NULL
DUD100620,Maria,Walker,2024-12-28,NULL,Active,Full-time,ALT / English Teacher,1,Initial Hire,,NULL,NULL,NULL,NULL,NULL,NULL,NULL
DUD100621,Hannah,Jackson,2021-07-10,NULL,Active,Full-time,ALT / English Teacher,1,Initial Hire,,NULL,NULL,NULL,NULL,NULL,NULL,NULL
DUD100622,John,Williams,2023-10-11,2024-11-30,Inactive,Full-time,ALT / English Teacher,1,Initial Hire,Relocation,2024-11-30,Voluntary,Compensation,1,0,0,1
DUD100623,Marco,Gonzalez,2023-09-30,NULL,Active,Full-time,ALT / English Teacher,1,Initial Hire,,NULL,NULL,NULL,NULL,NULL,NULL,NULL
DUD100624,Michael,Martin,2026-05-02,NULL,Active,Full-time,Senior Teacher,3,Initial Hire,,NULL,NULL,NULL,NULL,NULL,NULL,NULL
DUD100625,Andres,Sanchez,2023-02-26,2024-03-14,Inactive,Full-time,Experienced Teacher,2,Initial Hire,Career Change,2024-03-14,Voluntary,Relocation,NULL,NULL,NULL,1
DUD100626,Jessica,Moore,2021-10-13,NULL,Active,Full-time,Experienced Teacher,2,Initial Hire,,NULL,NULL,NULL,NULL,NULL,NULL,NULL
DUD100627,Jessica,Hall,2026-04-10,NULL,Active,Full-time,ALT / English Teacher,1,Initial Hire,,NULL,NULL,NULL,NULL,NULL,NULL,NULL
DUD100628,Jose,Martinez,2024-07-17,NULL,Active,Full-time,ALT / English Teacher,1,Initial Hire,,NULL,NULL,NULL,NULL,NULL,NULL,NULL
DUD100629,Marco,Lee,2025-07-05,2027-05-14,Inactive,Full-time,ALT / English Teacher,1,Initial Hire,Relocation,2027-05-14,Voluntary,Assignment Issues,NULL,NULL,NULL,1
DUD100630,Maria,Miller,2024-02-01,2024-07-15,Inactive,Full-time,Experienced Teacher,2,Initial Hire,Relocation,2024-07-15,Voluntary,Compensation,1,1,0,1
DUD100631,William,Davis,2026-01-30,2027-05-10,Inactive,Full-time,Senior Trainer,5,Initial Hire,Voluntary Resignation,2027-05-10,Voluntary,Compensation,3,1,1,1
DUD100632,Christopher,Thompson,2023-03-25,NULL,Active,Full-time,ALT / English Teacher,1,Initial Hire,,NULL,NULL,NULL,NULL,NULL,NULL,NULL
DUD100633,Jose,Williams,2026-04-28,NULL,Active,Full-time,Senior Trainer,5,Initial Hire,,NULL,NULL,NULL,NULL,NULL,NULL,NULL
DUD100634,James,Moore,2022-01-05,NULL,Active,Full-time,ALT / English Teacher,1,Initial Hire,,NULL,NULL,NULL,NULL,NULL,NULL,NULL
DUD100635,Ana,Miller,2024-03-02,NULL,Active,Full-time,Experienced Teacher,2,Initial Hire,,NULL,NULL,NULL,NULL,NULL,NULL,NULL
DUD100636,Robert,Thompson,2023-05-20,NULL,Active,Full-time,Trainer,4,Initial Hire,,NULL,NULL,NULL,NULL,NULL,NULL,NULL
DUD100637,Olivia,Martin,2021-06-16,NULL,Active,Full-time,ALT / English Teacher,1,Initial Hire,,NULL,NULL,NULL,NULL,NULL,NULL,NULL
DUD100638,Ana,Martin,2022-05-15,NULL,Active,Full-time,ALT / English Teacher,1,Initial Hire,,NULL,NULL,NULL,NULL,NULL,NULL,NULL
DUD100639,Diego,Garcia,2026-01-10,NULL,Active,Full-time,ALT / English Teacher,1,Initial Hire,,NULL,NULL,NULL,NULL,NULL,NULL,NULL
DUD100640,Jose,Thompson,2025-11-25,NULL,Active,Full-time,Trainer,4,Initial Hire,,NULL,NULL,NULL,NULL,NULL,NULL,NULL
DUD100641,Carlos,Allen,2025-08-05,NULL,Active,Full-time,ALT / English Teacher,1,Initial Hire,,NULL,NULL,NULL,NULL,NULL,NULL,NULL
DUD100642,Hannah,Martin,2024-02-16,2024-11-24,Inactive,Full-time,ALT / English Teacher,1,Initial Hire,Personal Reasons,2024-11-24,Voluntary,Personal Reasons,5,1,1,1
DUD100643,Olivia,Walker,2021-07-12,2022-10-20,Inactive,Full-time,ALT / English Teacher,1,Initial Hire,Performance,2022-10-20,Voluntary,Relocation,2,1,0,1
DUD100644,Olivia,Young,2024-02-24,2024-12-03,Inactive,Full-time,ALT / English Teacher,1,Initial Hire,Career Change,2024-12-03,Voluntary,Work-Life Balance,4,0,1,1
DUD100645,Ana,Jackson,2021-12-25,NULL,Active,Full-time,ALT / English Teacher,1,Initial Hire,,NULL,NULL,NULL,NULL,NULL,NULL,NULL
DUD100646,Christopher,Torres,2022-07-10,NULL,Active,Full-time,ALT / English Teacher,1,Initial Hire,,NULL,NULL,NULL,NULL,NULL,NULL,NULL
DUD100647,Michael,Anderson,2022-07-15,2023-05-12,Inactive,Full-time,ALT / English Teacher,1,Initial Hire,Personal Reasons,2023-05-12,Voluntary,Personal Reasons,1,0,1,1
DUD100648,Thomas,Torres,2025-08-28,NULL,Active,Full-time,ALT / English Teacher,1,Initial Hire,,NULL,NULL,NULL,NULL,NULL,NULL,NULL
DUD100649,Daniel,King,2025-08-08,NULL,Active,Full-time,Experienced Teacher,2,Initial Hire,,NULL,NULL,NULL,NULL,NULL,NULL,NULL
DUD100650,William,Hall,2022-02-12,NULL,Active,Full-time,ALT / English Teacher,1,Initial Hire,,NULL,NULL,NULL,NULL,NULL,NULL,NULL
DUD100651,Juan,Thompson,2023-08-09,2024-12-25,Inactive,Full-time,Senior Teacher,3,Initial Hire,Performance,2024-12-25,Voluntary,Relocation,4,1,0,1
DUD100652,Maria,Perez,2023-10-30,2025-09-27,Inactive,Full-time,Lead Trainer,6,Initial Hire,Performance,2025-09-27,Voluntary,Career Change,NULL,NULL,NULL,1
DUD100653,David,Perez,2022-05-05,NULL,Active,Full-time,ALT / English Teacher,1,Initial Hire,,NULL,NULL,NULL,NULL,NULL,NULL,NULL
DUD100654,Michael,Ramirez,2021-12-23,2023-05-16,Inactive,Full-time,ALT / English Teacher,1,Initial Hire,Contract End,2023-05-16,Voluntary,Personal Reasons,3,1,1,1
DUD100655,Diego,Allen,2024-07-03,2025-05-02,Inactive,Full-time,Experienced Teacher,2,Initial Hire,Performance,2025-05-02,Voluntary,Commute,NULL,NULL,NULL,1
DUD100656,Laura,Walker,2022-03-27,NULL,Active,Full-time,ALT / English Teacher,1,Initial Hire,,NULL,NULL,NULL,NULL,NULL,NULL,NULL
DUD100657,Thomas,Williams,2023-09-15,2024-08-04,Inactive,Full-time,ALT / English Teacher,1,Initial Hire,Voluntary Resignation,2024-08-04,Voluntary,Career Development,5,1,1,1
DUD100658,Carlos,Lee,2023-04-08,2023-10-09,Inactive,Full-time,ALT / English Teacher,1,Initial Hire,Career Change,2023-10-09,Voluntary,Returning Home,1,0,0,1
DUD100659,Laura,Lopez,2021-01-08,NULL,Active,Full-time,ALT / English Teacher,1,Initial Hire,,NULL,NULL,NULL,NULL,NULL,NULL,NULL
DUD100660,Michael,Anderson,2022-12-31,NULL,Active,Full-time,Trainer,4,Initial Hire,,NULL,NULL,NULL,NULL,NULL,NULL,NULL
DUD100661,Alejandro,Taylor,2023-11-25,NULL,Active,Full-time,Senior Trainer,5,Initial Hire,,NULL,NULL,NULL,NULL,NULL,NULL,NULL
DUD100662,Ana,Martin,2021-05-12,2022-03-14,Inactive,Full-time,Experienced Teacher,2,Initial Hire,Contract End,2022-03-14,Voluntary,Personal Reasons,5,0,1,1
DUD100663,Juan,Hernandez,2026-06-17,NULL,Active,Full-time,ALT / English Teacher,1,Initial Hire,,NULL,NULL,NULL,NULL,NULL,NULL,NULL
DUD100664,Emily,Sanchez,2022-06-27,NULL,Active,Full-time,Experienced Teacher,2,Initial Hire,,NULL,NULL,NULL,NULL,NULL,NULL,NULL
DUD100665,Olivia,Rodriguez,2024-03-14,NULL,Active,Full-time,Trainer,4,Initial Hire,,NULL,NULL,NULL,NULL,NULL,NULL,NULL
DUD100666,Carlos,Garcia,2022-01-28,NULL,Active,Full-time,ALT / English Teacher,1,Initial Hire,,NULL,NULL,NULL,NULL,NULL,NULL,NULL
DUD100667,Marco,Wilson,2024-07-16,2024-11-26,Inactive,Full-time,ALT / English Teacher,1,Initial Hire,Career Change,2024-11-26,Voluntary,Personal Reasons,1,1,0,1
DUD100668,Robert,Johnson,2022-07-27,NULL,Active,Full-time,Senior Trainer,5,Initial Hire,,NULL,NULL,NULL,NULL,NULL,NULL,NULL
DUD100669,Jessica,Hall,2022-08-14,NULL,Active,Full-time,ALT / English Teacher,1,Initial Hire,,NULL,NULL,NULL,NULL,NULL,NULL,NULL
DUD100670,Andres,Allen,2024-11-25,NULL,Active,Full-time,ALT / English Teacher,1,Initial Hire,,NULL,NULL,NULL,NULL,NULL,NULL,NULL
DUD100671,Daniel,Martin,2026-02-13,NULL,Active,Full-time,ALT / English Teacher,1,Initial Hire,,NULL,NULL,NULL,NULL,NULL,NULL,NULL
DUD100672,Hannah,Hall,2024-10-12,NULL,Active,Full-time,Senior Trainer,5,Initial Hire,,NULL,NULL,NULL,NULL,NULL,NULL,NULL
DUD100673,Christopher,Taylor,2023-10-05,NULL,Active,Full-time,Lead Trainer,6,Initial Hire,,NULL,NULL,NULL,NULL,NULL,NULL,NULL
DUD100674,Maria,Wilson,2022-04-21,NULL,Active,Full-time,ALT / English Teacher,1,Initial Hire,,NULL,NULL,NULL,NULL,NULL,NULL,NULL
DUD100675,Daniel,Smith,2025-07-15,NULL,Active,Full-time,ALT / English Teacher,1,Initial Hire,,NULL,NULL,NULL,NULL,NULL,NULL,NULL
DUD100676,Maria,Hernandez,2025-03-23,NULL,Active,Full-time,ALT / English Teacher,1,Initial Hire,,NULL,NULL,NULL,NULL,NULL,NULL,NULL
DUD100677,Marco,Lopez,2023-02-16,NULL,Active,Full-time,ALT / English Teacher,1,Initial Hire,,NULL,NULL,NULL,NULL,NULL,NULL,NULL
DUD100678,Carlos,Rodriguez,2023-08-02,NULL,Active,Full-time,ALT / English Teacher,1,Initial Hire,,NULL,NULL,NULL,NULL,NULL,NULL,NULL
DUD100679,James,Gonzalez,2022-03-25,NULL,Active,Full-time,Experienced Teacher,2,Initial Hire,,NULL,NULL,NULL,NULL,NULL,NULL,NULL
DUD100680,Sofia,Moore,2021-07-14,NULL,Active,Full-time,ALT / English Teacher,1,Initial Hire,,NULL,NULL,NULL,NULL,NULL,NULL,NULL
DUD100681,Ana,Hernandez,2026-01-04,NULL,Active,Full-time,Trainer,4,Initial Hire,,NULL,NULL,NULL,NULL,NULL,NULL,NULL
DUD100682,Thomas,Young,2023-12-15,NULL,Active,Full-time,Experienced Teacher,2,Initial Hire,,NULL,NULL,NULL,NULL,NULL,NULL,NULL
DUD100683,Laura,Hall,2023-06-26,NULL,Active,Full-time,ALT / English Teacher,1,Initial Hire,,NULL,NULL,NULL,NULL,NULL,NULL,NULL
DUD100684,Matthew,Davis,2025-08-13,NULL,Active,Full-time,ALT / English Teacher,1,Initial Hire,,NULL,NULL,NULL,NULL,NULL,NULL,NULL
DUD100685,Alejandro,White,2022-03-03,2022-09-06,Inactive,Full-time,Experienced Teacher,2,Initial Hire,Career Change,2022-09-06,Involuntary,Client Request,1,0,0,0
DUD100686,Sarah,Thompson,2025-12-30,2027-08-27,Inactive,Full-time,ALT / English Teacher,1,Initial Hire,Relocation,2027-08-27,Voluntary,Work-Life Balance,NULL,NULL,NULL,1
DUD100687,Robert,Taylor,2023-05-05,2024-09-01,Inactive,Full-time,ALT / English Teacher,1,Initial Hire,Career Change,2024-09-01,Voluntary,Returning Home,NULL,NULL,NULL,1
DUD100688,John,White,2021-12-08,NULL,Active,Full-time,ALT / English Teacher,1,Initial Hire,,NULL,NULL,NULL,NULL,NULL,NULL,NULL
DUD100689,Olivia,Jackson,2022-02-10,2023-05-28,Inactive,Full-time,Experienced Teacher,2,Initial Hire,Relocation,2023-05-28,Involuntary,Attendance,5,1,1,0
DUD100690,Jose,Johnson,2022-08-17,2024-03-10,Inactive,Full-time,Senior Teacher,3,Initial Hire,Relocation,2024-03-10,Voluntary,Relocation,5,0,1,1
DUD100691,Robert,White,2024-02-18,NULL,Active,Full-time,Lead Trainer,6,Initial Hire,,NULL,NULL,NULL,NULL,NULL,NULL,NULL
DUD100692,Marco,Hernandez,2021-11-10,NULL,Active,Full-time,ALT / English Teacher,1,Initial Hire,,NULL,NULL,NULL,NULL,NULL,NULL,NULL
DUD100693,Luis,Taylor,2021-10-15,NULL,Active,Full-time,ALT / English Teacher,1,Initial Hire,,NULL,NULL,NULL,NULL,NULL,NULL,NULL
DUD100694,Olivia,Perez,2024-01-04,NULL,Active,Full-time,ALT / English Teacher,1,Initial Hire,,NULL,NULL,NULL,NULL,NULL,NULL,NULL
DUD100695,Marco,Martinez,2024-05-18,2026-04-13,Inactive,Full-time,ALT / English Teacher,1,Initial Hire,Contract End,2026-04-13,Voluntary,Commute,4,1,0,1
DUD100696,Christopher,Hall,2022-10-31,NULL,Active,Full-time,Senior Teacher,3,Initial Hire,,NULL,NULL,NULL,NULL,NULL,NULL,NULL
DUD100697,Michael,Smith,2024-05-01,NULL,Active,Full-time,ALT / English Teacher,1,Initial Hire,,NULL,NULL,NULL,NULL,NULL,NULL,NULL
DUD100698,Jose,Thompson,2025-04-10,NULL,Active,Full-time,Experienced Teacher,2,Initial Hire,,NULL,NULL,NULL,NULL,NULL,NULL,NULL
DUD100699,Juan,Lee,2026-06-25,NULL,Active,Full-time,Trainer,4,Initial Hire,,NULL,NULL,NULL,NULL,NULL,NULL,NULL
DUD100700,Maria,Rodriguez,2025-08-19,NULL,Active,Full-time,ALT / English Teacher,1,Initial Hire,,NULL,NULL,NULL,NULL,NULL,NULL,NULL
DUD100701,Luis,Johnson,2023-09-09,NULL,Active,Full-time,ALT / English Teacher,1,Initial Hire,,NULL,NULL,NULL,NULL,NULL,NULL,NULL
DUD100702,Hannah,Rodriguez,2024-10-24,NULL,Active,Full-time,Trainer,4,Initial Hire,,NULL,NULL,NULL,NULL,NULL,NULL,NULL
DUD100703,Daniel,Martinez,2021-01-04,2023-03-10,Inactive,Full-time,Trainer,4,Initial Hire,Career Change,2023-03-10,Involuntary,Client Request,3,1,1,0
DUD100704,Emma,Taylor,2021-08-04,NULL,Active,Full-time,Trainer,4,Initial Hire,,NULL,NULL,NULL,NULL,NULL,NULL,NULL
DUD100705,Carlos,Anderson,2021-09-25,2023-11-24,Inactive,Full-time,Trainer,4,Initial Hire,Voluntary Resignation,2023-11-24,Voluntary,Assignment Issues,1,1,1,1
DUD100706,Andres,Smith,2024-09-07,NULL,Active,Full-time,Trainer,4,Initial Hire,,NULL,NULL,NULL,NULL,NULL,NULL,NULL
DUD100707,Jose,Martin,2024-12-30,NULL,Active,Full-time,ALT / English Teacher,1,Initial Hire,,NULL,NULL,NULL,NULL,NULL,NULL,NULL
DUD100708,Alejandro,Young,2024-03-20,2025-12-31,Inactive,Full-time,ALT / English Teacher,1,Initial Hire,Relocation,2025-12-31,Voluntary,Personal Reasons,5,0,1,1
DUD100709,Ana,Hall,2022-03-30,NULL,Active,Full-time,ALT / English Teacher,1,Initial Hire,,NULL,NULL,NULL,NULL,NULL,NULL,NULL
DUD100710,Maria,White,2023-06-22,NULL,Active,Full-time,ALT / English Teacher,1,Initial Hire,,NULL,NULL,NULL,NULL,NULL,NULL,NULL
DUD100711,Hannah,Taylor,2025-02-22,NULL,Active,Full-time,Senior Teacher,3,Initial Hire,,NULL,NULL,NULL,NULL,NULL,NULL,NULL
DUD100712,Jessica,Taylor,2024-03-06,NULL,Active,Full-time,ALT / English Teacher,1,Initial Hire,,NULL,NULL,NULL,NULL,NULL,NULL,NULL
DUD100713,Alejandro,Lee,2022-03-15,NULL,Active,Full-time,ALT / English Teacher,1,Initial Hire,,NULL,NULL,NULL,NULL,NULL,NULL,NULL
DUD100714,Ana,Sanchez,2021-03-18,2022-04-21,Inactive,Full-time,ALT / English Teacher,1,Initial Hire,Voluntary Resignation,2022-04-21,Voluntary,Returning Home,5,1,1,1
DUD100715,Christopher,Allen,2025-10-11,NULL,Active,Full-time,Senior Teacher,3,Initial Hire,,NULL,NULL,NULL,NULL,NULL,NULL,NULL
DUD100716,Matthew,Lopez,2024-07-28,2025-04-21,Inactive,Full-time,ALT / English Teacher,1,Initial Hire,Relocation,2025-04-21,Involuntary,Attendance,4,1,0,0
DUD100717,Maria,Martinez,2025-02-08,NULL,Active,Full-time,ALT / English Teacher,1,Initial Hire,,NULL,NULL,NULL,NULL,NULL,NULL,NULL
DUD100718,Daniel,Moore,2024-09-14,NULL,Active,Full-time,Senior Teacher,3,Initial Hire,,NULL,NULL,NULL,NULL,NULL,NULL,NULL
DUD100719,Maria,Sanchez,2024-01-30,NULL,Active,Full-time,Experienced Teacher,2,Initial Hire,,NULL,NULL,NULL,NULL,NULL,NULL,NULL
DUD100720,Miguel,Torres,2026-04-27,NULL,Active,Full-time,Experienced Teacher,2,Initial Hire,,NULL,NULL,NULL,NULL,NULL,NULL,NULL
DUD100721,Jessica,Hernandez,2024-06-30,NULL,Active,Full-time,ALT / English Teacher,1,Initial Hire,,NULL,NULL,NULL,NULL,NULL,NULL,NULL
DUD100722,Jose,Garcia,2023-10-28,NULL,Active,Full-time,ALT / English Teacher,1,Initial Hire,,NULL,NULL,NULL,NULL,NULL,NULL,NULL
DUD100723,Alejandro,Brown,2021-06-09,NULL,Active,Full-time,Trainer,4,Initial Hire,,NULL,NULL,NULL,NULL,NULL,NULL,NULL
DUD100724,Miguel,Gonzalez,2022-11-02,2023-10-26,Inactive,Full-time,Experienced Teacher,2,Initial Hire,Voluntary Resignation,2023-10-26,Involuntary,Contract End,3,0,1,0
DUD100725,Maria,Perez,2023-03-12,NULL,Active,Full-time,ALT / English Teacher,1,Initial Hire,,NULL,NULL,NULL,NULL,NULL,NULL,NULL
DUD100726,Sarah,Gonzalez,2024-08-15,NULL,Active,Full-time,Experienced Teacher,2,Initial Hire,,NULL,NULL,NULL,NULL,NULL,NULL,NULL
DUD100727,Carlos,Rodriguez,2026-06-26,NULL,Active,Full-time,ALT / English Teacher,1,Initial Hire,,NULL,NULL,NULL,NULL,NULL,NULL,NULL
DUD100728,Marco,Miller,2026-01-08,NULL,Active,Full-time,ALT / English Teacher,1,Initial Hire,,NULL,NULL,NULL,NULL,NULL,NULL,NULL
DUD100729,Miguel,Williams,2023-05-25,NULL,Active,Full-time,ALT / English Teacher,1,Initial Hire,,NULL,NULL,NULL,NULL,NULL,NULL,NULL
DUD100730,Hannah,Torres,2023-08-30,NULL,Active,Full-time,Experienced Teacher,2,Initial Hire,,NULL,NULL,NULL,NULL,NULL,NULL,NULL
DUD100731,Matthew,Gonzalez,2021-05-11,NULL,Active,Full-time,Trainer,4,Initial Hire,,NULL,NULL,NULL,NULL,NULL,NULL,NULL
DUD100732,Jessica,Garcia,2022-12-02,NULL,Active,Full-time,Experienced Teacher,2,Initial Hire,,NULL,NULL,NULL,NULL,NULL,NULL,NULL
DUD100733,Olivia,Gonzalez,2024-09-15,NULL,Active,Full-time,ALT / English Teacher,1,Initial Hire,,NULL,NULL,NULL,NULL,NULL,NULL,NULL
DUD100734,Sofia,Brown,2024-02-16,2024-12-09,Inactive,Full-time,Experienced Teacher,2,Initial Hire,Personal Reasons,2024-12-09,Voluntary,Personal Reasons,NULL,NULL,NULL,1
DUD100735,Michael,Allen,2024-07-28,NULL,Active,Full-time,Trainer,4,Initial Hire,,NULL,NULL,NULL,NULL,NULL,NULL,NULL
DUD100736,Laura,Walker,2025-12-06,NULL,Active,Full-time,Senior Teacher,3,Initial Hire,,NULL,NULL,NULL,NULL,NULL,NULL,NULL
DUD100737,Ana,Ramirez,2023-12-02,NULL,Active,Full-time,Experienced Teacher,2,Initial Hire,,NULL,NULL,NULL,NULL,NULL,NULL,NULL
DUD100738,Ana,Lee,2024-01-14,NULL,Active,Full-time,Lead Trainer,6,Initial Hire,,NULL,NULL,NULL,NULL,NULL,NULL,NULL
DUD100739,Emily,Hernandez,2021-05-12,NULL,Active,Full-time,Experienced Teacher,2,Initial Hire,,NULL,NULL,NULL,NULL,NULL,NULL,NULL
DUD100740,James,Ramirez,2024-12-27,NULL,Active,Full-time,ALT / English Teacher,1,Initial Hire,,NULL,NULL,NULL,NULL,NULL,NULL,NULL
DUD100741,Olivia,Anderson,2021-11-16,NULL,Active,Full-time,Experienced Teacher,2,Initial Hire,,NULL,NULL,NULL,NULL,NULL,NULL,NULL
DUD100742,Marco,Gonzalez,2021-08-21,NULL,Active,Full-time,Senior Teacher,3,Initial Hire,,NULL,NULL,NULL,NULL,NULL,NULL,NULL
DUD100743,Andres,Hall,2021-02-16,NULL,Active,Full-time,Experienced Teacher,2,Initial Hire,,NULL,NULL,NULL,NULL,NULL,NULL,NULL
DUD100744,Daniel,Thompson,2024-10-28,NULL,Active,Full-time,ALT / English Teacher,1,Initial Hire,,NULL,NULL,NULL,NULL,NULL,NULL,NULL
DUD100745,Christopher,Ramirez,2023-08-18,NULL,Active,Full-time,ALT / English Teacher,1,Initial Hire,,NULL,NULL,NULL,NULL,NULL,NULL,NULL
DUD100746,Matthew,Perez,2023-07-22,NULL,Active,Full-time,ALT / English Teacher,1,Initial Hire,,NULL,NULL,NULL,NULL,NULL,NULL,NULL
DUD100747,Miguel,Young,2021-11-28,NULL,Active,Full-time,Experienced Teacher,2,Initial Hire,,NULL,NULL,NULL,NULL,NULL,NULL,NULL
DUD100748,Jessica,Smith,2023-02-10,NULL,Active,Full-time,ALT / English Teacher,1,Initial Hire,,NULL,NULL,NULL,NULL,NULL,NULL,NULL
DUD100749,Christopher,Walker,2023-07-10,2025-06-03,Inactive,Full-time,ALT / English Teacher,1,Initial Hire,Personal Reasons,2025-06-03,Voluntary,Career Change,1,1,1,1
DUD100750,Emily,Thompson,2021-02-10,NULL,Active,Full-time,ALT / English Teacher,1,Initial Hire,,NULL,NULL,NULL,NULL,NULL,NULL,NULL
DUD100751,Michael,Miller,2023-08-31,NULL,Active,Full-time,ALT / English Teacher,1,Initial Hire,,NULL,NULL,NULL,NULL,NULL,NULL,NULL
DUD100752,James,Garcia,2021-01-29,2021-10-16,Inactive,Full-time,ALT / English Teacher,1,Initial Hire,Relocation,2021-10-16,Voluntary,Work-Life Balance,5,0,0,1
DUD100753,Hannah,White,2022-02-21,NULL,Active,Full-time,Senior Teacher,3,Initial Hire,,NULL,NULL,NULL,NULL,NULL,NULL,NULL
DUD100754,Matthew,Rodriguez,2022-03-15,NULL,Active,Full-time,Experienced Teacher,2,Initial Hire,,NULL,NULL,NULL,NULL,NULL,NULL,NULL
DUD100755,Christopher,Martinez,2025-06-04,NULL,Active,Full-time,Trainer,4,Initial Hire,,NULL,NULL,NULL,NULL,NULL,NULL,NULL
DUD100756,Jessica,Wilson,2021-08-26,NULL,Active,Full-time,ALT / English Teacher,1,Initial Hire,,NULL,NULL,NULL,NULL,NULL,NULL,NULL
DUD100757,Christopher,Jackson,2026-08-08,NULL,Active,Full-time,ALT / English Teacher,1,Initial Hire,,NULL,NULL,NULL,NULL,NULL,NULL,NULL
DUD100758,John,Hall,2022-09-19,NULL,Active,Full-time,ALT / English Teacher,1,Initial Hire,,NULL,NULL,NULL,NULL,NULL,NULL,NULL
DUD100759,Robert,White,2025-03-11,NULL,Active,Full-time,ALT / English Teacher,1,Initial Hire,,NULL,NULL,NULL,NULL,NULL,NULL,NULL
DUD100760,Christopher,Williams,2023-06-27,2025-03-01,Inactive,Full-time,Lead Trainer,6,Initial Hire,Voluntary Resignation,2025-03-01,Involuntary,Contract End,2,1,0,0
DUD100761,Maria,Lopez,2023-05-11,NULL,Active,Full-time,ALT / English Teacher,1,Initial Hire,,NULL,NULL,NULL,NULL,NULL,NULL,NULL
DUD100762,Hannah,Garcia,2026-07-11,NULL,Active,Full-time,ALT / English Teacher,1,Initial Hire,,NULL,NULL,NULL,NULL,NULL,NULL,NULL
DUD100763,Emily,Ramirez,2024-08-04,NULL,Active,Full-time,ALT / English Teacher,1,Initial Hire,,NULL,NULL,NULL,NULL,NULL,NULL,NULL
DUD100764,Emma,Gonzalez,2024-01-24,2024-06-24,Inactive,Full-time,Experienced Teacher,2,Initial Hire,Performance,2024-06-24,Voluntary,Relocation,5,1,1,1
DUD100765,Juan,Hall,2021-09-20,NULL,Active,Full-time,ALT / English Teacher,1,Initial Hire,,NULL,NULL,NULL,NULL,NULL,NULL,NULL
DUD100766,James,Jackson,2026-01-21,NULL,Active,Full-time,ALT / English Teacher,1,Initial Hire,,NULL,NULL,NULL,NULL,NULL,NULL,NULL
DUD100767,Matthew,Perez,2024-07-26,NULL,Active,Full-time,Experienced Teacher,2,Initial Hire,,NULL,NULL,NULL,NULL,NULL,NULL,NULL
DUD100768,Ana,Davis,2025-10-09,NULL,Active,Full-time,Lead Trainer,6,Initial Hire,,NULL,NULL,NULL,NULL,NULL,NULL,NULL
DUD100769,Diego,Sanchez,2022-06-14,NULL,Active,Full-time,Trainer,4,Initial Hire,,NULL,NULL,NULL,NULL,NULL,NULL,NULL
DUD100770,Carlos,Perez,2025-04-20,NULL,Active,Full-time,ALT / English Teacher,1,Initial Hire,,NULL,NULL,NULL,NULL,NULL,NULL,NULL
DUD100771,Matthew,Hall,2021-03-15,NULL,Active,Full-time,Senior Trainer,5,Initial Hire,,NULL,NULL,NULL,NULL,NULL,NULL,NULL
DUD100772,Emma,Allen,2024-03-16,NULL,Active,Full-time,ALT / English Teacher,1,Initial Hire,,NULL,NULL,NULL,NULL,NULL,NULL,NULL
DUD100773,David,Moore,2024-12-20,2025-12-14,Inactive,Full-time,ALT / English Teacher,1,Initial Hire,Relocation,2025-12-14,Voluntary,Assignment Issues,1,1,1,1
DUD100774,Miguel,Davis,2024-03-10,NULL,Active,Full-time,Senior Trainer,5,Initial Hire,,NULL,NULL,NULL,NULL,NULL,NULL,NULL
DUD100775,Andres,Martin,2025-02-21,NULL,Active,Full-time,Senior Teacher,3,Initial Hire,,NULL,NULL,NULL,NULL,NULL,NULL,NULL
DUD100776,Diego,Wilson,2023-02-12,NULL,Active,Full-time,ALT / English Teacher,1,Initial Hire,,NULL,NULL,NULL,NULL,NULL,NULL,NULL
DUD100777,Jessica,Thompson,2024-03-07,NULL,Active,Full-time,Senior Teacher,3,Initial Hire,,NULL,NULL,NULL,NULL,NULL,NULL,NULL
DUD100778,Sarah,Johnson,2023-05-04,2025-01-15,Inactive,Full-time,Senior Trainer,5,Initial Hire,Career Change,2025-01-15,Voluntary,Compensation,5,1,1,1
DUD100779,David,Miller,2025-01-06,NULL,Active,Full-time,ALT / English Teacher,1,Initial Hire,,NULL,NULL,NULL,NULL,NULL,NULL,NULL
DUD100780,Marco,Wilson,2026-01-29,NULL,Active,Full-time,ALT / English Teacher,1,Initial Hire,,NULL,NULL,NULL,NULL,NULL,NULL,NULL
DUD100781,William,Rodriguez,2025-01-02,NULL,Active,Full-time,ALT / English Teacher,1,Initial Hire,,NULL,NULL,NULL,NULL,NULL,NULL,NULL
DUD100782,Andres,Jackson,2025-09-20,NULL,Active,Full-time,ALT / English Teacher,1,Initial Hire,,NULL,NULL,NULL,NULL,NULL,NULL,NULL
DUD100783,Ana,Moore,2021-12-07,NULL,Active,Full-time,Senior Trainer,5,Initial Hire,,NULL,NULL,NULL,NULL,NULL,NULL,NULL
DUD100784,Emma,Rodriguez,2024-10-21,NULL,Active,Full-time,ALT / English Teacher,1,Initial Hire,,NULL,NULL,NULL,NULL,NULL,NULL,NULL
DUD100785,Ana,Martinez,2024-03-12,NULL,Active,Full-time,ALT / English Teacher,1,Initial Hire,,NULL,NULL,NULL,NULL,NULL,NULL,NULL
DUD100786,Andres,Rodriguez,2022-11-26,2023-05-18,Inactive,Full-time,Senior Teacher,3,Initial Hire,Personal Reasons,2023-05-18,Involuntary,Policy Violation,3,1,1,0
DUD100787,David,Rodriguez,2025-04-27,NULL,Active,Full-time,ALT / English Teacher,1,Initial Hire,,NULL,NULL,NULL,NULL,NULL,NULL,NULL
DUD100788,Matthew,Wilson,2026-02-06,NULL,Active,Full-time,Lead Trainer,6,Initial Hire,,NULL,NULL,NULL,NULL,NULL,NULL,NULL
DUD100789,Luis,Thompson,2024-08-28,NULL,Active,Full-time,ALT / English Teacher,1,Initial Hire,,NULL,NULL,NULL,NULL,NULL,NULL,NULL
DUD100790,Diego,Hall,2024-07-26,NULL,Active,Full-time,Experienced Teacher,2,Initial Hire,,NULL,NULL,NULL,NULL,NULL,NULL,NULL
DUD100791,Robert,Martin,2024-12-03,2026-03-04,Inactive,Full-time,Senior Teacher,3,Initial Hire,Performance,2026-03-04,Voluntary,Relocation,2,1,1,1
DUD100792,David,Rodriguez,2026-04-02,NULL,Active,Full-time,Senior Teacher,3,Initial Hire,,NULL,NULL,NULL,NULL,NULL,NULL,NULL
DUD100793,Emma,Miller,2025-10-26,NULL,Active,Full-time,ALT / English Teacher,1,Initial Hire,,NULL,NULL,NULL,NULL,NULL,NULL,NULL
DUD100794,Hannah,Miller,2026-02-10,NULL,Active,Full-time,Senior Trainer,5,Initial Hire,,NULL,NULL,NULL,NULL,NULL,NULL,NULL
DUD100795,Emma,Brown,2025-09-05,NULL,Active,Full-time,Trainer,4,Initial Hire,,NULL,NULL,NULL,NULL,NULL,NULL,NULL
DUD100796,Emma,Taylor,2024-08-29,NULL,Active,Full-time,Experienced Teacher,2,Initial Hire,,NULL,NULL,NULL,NULL,NULL,NULL,NULL
DUD100797,Thomas,Williams,2026-07-23,NULL,Active,Full-time,Experienced Teacher,2,Initial Hire,,NULL,NULL,NULL,NULL,NULL,NULL,NULL
DUD100798,Thomas,Lee,2023-09-25,2025-02-16,Inactive,Full-time,Senior Teacher,3,Initial Hire,Career Change,2025-02-16,Voluntary,Work-Life Balance,4,1,1,1
DUD100799,Jessica,Walker,2023-09-07,NULL,Active,Full-time,ALT / English Teacher,1,Initial Hire,,NULL,NULL,NULL,NULL,NULL,NULL,NULL
DUD100800,Luis,Torres,2023-10-22,NULL,Active,Full-time,Senior Teacher,3,Initial Hire,,NULL,NULL,NULL,NULL,NULL,NULL,NULL
DUD100801,Carlos,Brown,2022-07-23,NULL,Active,Full-time,Experienced Teacher,2,Initial Hire,,NULL,NULL,NULL,NULL,NULL,NULL,NULL
DUD100802,David,Allen,2026-03-14,NULL,Active,Full-time,Experienced Teacher,2,Initial Hire,,NULL,NULL,NULL,NULL,NULL,NULL,NULL
DUD100803,Ana,Rodriguez,2025-06-02,NULL,Active,Full-time,Experienced Teacher,2,Initial Hire,,NULL,NULL,NULL,NULL,NULL,NULL,NULL
DUD100804,David,Miller,2022-10-09,NULL,Active,Full-time,ALT / English Teacher,1,Initial Hire,,NULL,NULL,NULL,NULL,NULL,NULL,NULL
DUD100805,Miguel,Hall,2026-07-29,NULL,Active,Full-time,Trainer,4,Initial Hire,,NULL,NULL,NULL,NULL,NULL,NULL,NULL
DUD100806,Hannah,Taylor,2023-01-02,NULL,Active,Full-time,Experienced Teacher,2,Initial Hire,,NULL,NULL,NULL,NULL,NULL,NULL,NULL
DUD100807,David,Lopez,2022-05-04,2023-06-02,Inactive,Full-time,ALT / English Teacher,1,Initial Hire,Personal Reasons,2023-06-02,Voluntary,Compensation,5,1,1,1
DUD100808,Ana,Taylor,2025-06-10,NULL,Active,Full-time,ALT / English Teacher,1,Initial Hire,,NULL,NULL,NULL,NULL,NULL,NULL,NULL
DUD100809,Olivia,Perez,2023-08-18,NULL,Active,Full-time,ALT / English Teacher,1,Initial Hire,,NULL,NULL,NULL,NULL,NULL,NULL,NULL
DUD100810,Olivia,Martinez,2021-09-09,NULL,Active,Full-time,ALT / English Teacher,1,Initial Hire,,NULL,NULL,NULL,NULL,NULL,NULL,NULL
DUD100811,John,Johnson,2023-04-15,NULL,Active,Full-time,Lead Trainer,6,Initial Hire,,NULL,NULL,NULL,NULL,NULL,NULL,NULL
DUD100812,Emily,Ramirez,2021-09-20,2023-09-08,Inactive,Full-time,Experienced Teacher,2,Initial Hire,Performance,2023-09-08,Voluntary,Relocation,3,1,1,1
DUD100813,Juan,Jackson,2024-02-16,2026-06-23,Inactive,Full-time,ALT / English Teacher,1,Initial Hire,Career Change,2026-06-23,Voluntary,Career Change,5,1,0,1
DUD100814,Sarah,Garcia,2023-03-11,NULL,Active,Full-time,Experienced Teacher,2,Initial Hire,,NULL,NULL,NULL,NULL,NULL,NULL,NULL
DUD100815,Maria,Sanchez,2025-09-24,2026-02-09,Inactive,Full-time,Senior Trainer,5,Initial Hire,Performance,2026-02-09,Involuntary,Attendance,4,1,0,0
DUD100816,Daniel,Sanchez,2022-01-14,2024-04-03,Inactive,Full-time,ALT / English Teacher,1,Initial Hire,Performance,2024-04-03,Voluntary,Assignment Issues,3,0,1,1
DUD100817,Daniel,Smith,2024-04-02,NULL,Active,Full-time,ALT / English Teacher,1,Initial Hire,,NULL,NULL,NULL,NULL,NULL,NULL,NULL
DUD100818,John,Martin,2021-09-19,2023-10-23,Inactive,Full-time,ALT / English Teacher,1,Initial Hire,Performance,2023-10-23,Voluntary,Compensation,3,1,0,1
DUD100819,William,Jackson,2021-03-25,2023-02-01,Inactive,Full-time,Trainer,4,Initial Hire,Relocation,2023-02-01,Voluntary,Relocation,3,0,1,1
DUD100820,Diego,Wilson,2025-09-21,NULL,Active,Full-time,Senior Teacher,3,Initial Hire,,NULL,NULL,NULL,NULL,NULL,NULL,NULL
DUD100821,Carlos,Perez,2022-03-12,NULL,Active,Full-time,ALT / English Teacher,1,Initial Hire,,NULL,NULL,NULL,NULL,NULL,NULL,NULL
DUD100822,Hannah,Sanchez,2021-07-21,2023-09-17,Inactive,Full-time,ALT / English Teacher,1,Initial Hire,Contract End,2023-09-17,Voluntary,Relocation,1,1,0,1
DUD100823,James,Thompson,2024-09-04,NULL,Active,Full-time,ALT / English Teacher,1,Initial Hire,,NULL,NULL,NULL,NULL,NULL,NULL,NULL
DUD100824,Andres,Moore,2023-02-25,2024-09-19,Inactive,Full-time,ALT / English Teacher,1,Initial Hire,Voluntary Resignation,2024-09-19,Voluntary,Relocation,NULL,NULL,NULL,1
DUD100825,Jose,Brown,2023-11-29,NULL,Active,Full-time,ALT / English Teacher,1,Initial Hire,,NULL,NULL,NULL,NULL,NULL,NULL,NULL
DUD100826,William,Lopez,2022-09-01,NULL,Active,Full-time,ALT / English Teacher,1,Initial Hire,,NULL,NULL,NULL,NULL,NULL,NULL,NULL
DUD100827,Sofia,Davis,2024-11-21,NULL,Active,Full-time,Experienced Teacher,2,Initial Hire,,NULL,NULL,NULL,NULL,NULL,NULL,NULL
DUD100828,Juan,Hall,2021-03-14,NULL,Active,Full-time,ALT / English Teacher,1,Initial Hire,,NULL,NULL,NULL,NULL,NULL,NULL,NULL
DUD100829,John,Rodriguez,2025-01-25,2026-01-15,Inactive,Full-time,Senior Teacher,3,Initial Hire,Voluntary Resignation,2026-01-15,Involuntary,Client Request,NULL,NULL,NULL,0
DUD100830,Olivia,Johnson,2022-05-15,NULL,Active,Full-time,Trainer,4,Initial Hire,,NULL,NULL,NULL,NULL,NULL,NULL,NULL
DUD100831,Matthew,Lee,2021-01-31,NULL,Active,Full-time,Senior Teacher,3,Initial Hire,,NULL,NULL,NULL,NULL,NULL,NULL,NULL
DUD100832,Sarah,Williams,2022-05-22,2023-12-11,Inactive,Full-time,Senior Trainer,5,Initial Hire,Personal Reasons,2023-12-11,Voluntary,Assignment Issues,1,1,1,1
DUD100833,Emily,Wilson,2021-12-19,2022-08-21,Inactive,Full-time,Trainer,4,Initial Hire,Relocation,2022-08-21,Voluntary,Commute,3,1,1,1
DUD100834,Emma,Davis,2025-03-27,NULL,Active,Full-time,ALT / English Teacher,1,Initial Hire,,NULL,NULL,NULL,NULL,NULL,NULL,NULL
DUD100835,Sofia,Thompson,2022-05-16,2024-05-01,Inactive,Full-time,Senior Teacher,3,Initial Hire,Contract End,2024-05-01,Voluntary,Career Change,NULL,NULL,NULL,1
DUD100836,Jessica,White,2025-01-23,2025-07-13,Inactive,Full-time,Experienced Teacher,2,Initial Hire,Relocation,2025-07-13,Voluntary,Career Development,4,1,0,1
DUD100837,Robert,Wilson,2022-05-28,NULL,Active,Full-time,ALT / English Teacher,1,Initial Hire,,NULL,NULL,NULL,NULL,NULL,NULL,NULL
DUD100838,Daniel,Torres,2025-03-28,NULL,Active,Full-time,Senior Teacher,3,Initial Hire,,NULL,NULL,NULL,NULL,NULL,NULL,NULL
DUD100839,Matthew,Anderson,2026-03-12,NULL,Active,Full-time,Experienced Teacher,2,Initial Hire,,NULL,NULL,NULL,NULL,NULL,NULL,NULL
DUD100840,Michael,Wilson,2023-08-15,NULL,Active,Full-time,Experienced Teacher,2,Initial Hire,,NULL,NULL,NULL,NULL,NULL,NULL,NULL
DUD100841,Carlos,Davis,2022-09-02,NULL,Active,Full-time,ALT / English Teacher,1,Initial Hire,,NULL,NULL,NULL,NULL,NULL,NULL,NULL
DUD100842,Michael,Thompson,2022-10-21,NULL,Active,Full-time,Experienced Teacher,2,Initial Hire,,NULL,NULL,NULL,NULL,NULL,NULL,NULL
DUD100843,Ana,Jackson,2023-12-18,NULL,Active,Full-time,Lead Trainer,6,Initial Hire,,NULL,NULL,NULL,NULL,NULL,NULL,NULL
DUD100844,Hannah,Walker,2025-03-14,NULL,Active,Full-time,ALT / English Teacher,1,Initial Hire,,NULL,NULL,NULL,NULL,NULL,NULL,NULL
DUD100845,William,Martin,2026-03-10,NULL,Active,Full-time,ALT / English Teacher,1,Initial Hire,,NULL,NULL,NULL,NULL,NULL,NULL,NULL
DUD100846,Robert,Moore,2022-10-15,NULL,Active,Full-time,Experienced Teacher,2,Initial Hire,,NULL,NULL,NULL,NULL,NULL,NULL,NULL
DUD100847,Juan,Jackson,2023-08-03,NULL,Active,Full-time,ALT / English Teacher,1,Initial Hire,,NULL,NULL,NULL,NULL,NULL,NULL,NULL
DUD100848,Robert,Torres,2023-10-31,NULL,Active,Full-time,Senior Teacher,3,Initial Hire,,NULL,NULL,NULL,NULL,NULL,NULL,NULL
DUD100849,Emily,Wilson,2021-10-20,NULL,Active,Full-time,Experienced Teacher,2,Initial Hire,,NULL,NULL,NULL,NULL,NULL,NULL,NULL
DUD100850,David,Allen,2026-04-05,NULL,Active,Full-time,ALT / English Teacher,1,Initial Hire,,NULL,NULL,NULL,NULL,NULL,NULL,NULL
DUD100851,Daniel,Walker,2025-08-20,2027-02-26,Inactive,Full-time,Trainer,4,Initial Hire,Career Change,2027-02-26,Voluntary,Returning Home,2,0,1,1
DUD100852,Juan,Ramirez,2024-09-10,NULL,Active,Full-time,Experienced Teacher,2,Initial Hire,,NULL,NULL,NULL,NULL,NULL,NULL,NULL
DUD100853,Christopher,Hernandez,2021-07-18,NULL,Active,Full-time,ALT / English Teacher,1,Initial Hire,,NULL,NULL,NULL,NULL,NULL,NULL,NULL
DUD100854,Ana,Smith,2025-02-01,NULL,Active,Full-time,Trainer,4,Initial Hire,,NULL,NULL,NULL,NULL,NULL,NULL,NULL
DUD100855,Luis,Perez,2023-12-06,NULL,Active,Full-time,ALT / English Teacher,1,Initial Hire,,NULL,NULL,NULL,NULL,NULL,NULL,NULL
DUD100856,Jessica,Anderson,2021-02-13,NULL,Active,Full-time,Experienced Teacher,2,Initial Hire,,NULL,NULL,NULL,NULL,NULL,NULL,NULL
DUD100857,Laura,Hall,2024-04-11,2025-03-10,Inactive,Full-time,ALT / English Teacher,1,Initial Hire,Career Change,2025-03-10,Voluntary,Returning Home,2,1,0,1
DUD100858,Jessica,Brown,2022-06-19,2023-11-03,Inactive,Full-time,ALT / English Teacher,1,Initial Hire,Relocation,2023-11-03,Voluntary,Personal Reasons,1,1,0,1
DUD100859,Andres,Torres,2021-03-30,NULL,Active,Full-time,ALT / English Teacher,1,Initial Hire,,NULL,NULL,NULL,NULL,NULL,NULL,NULL
DUD100860,Miguel,Lee,2024-03-08,NULL,Active,Full-time,ALT / English Teacher,1,Initial Hire,,NULL,NULL,NULL,NULL,NULL,NULL,NULL
DUD100861,Diego,Lee,2025-09-29,2027-10-28,Inactive,Full-time,ALT / English Teacher,1,Initial Hire,Voluntary Resignation,2027-10-28,Involuntary,Contract End,2,1,1,0
DUD100862,Emily,Anderson,2026-05-13,2028-07-21,Inactive,Full-time,Experienced Teacher,2,Initial Hire,Voluntary Resignation,2028-07-21,Involuntary,Performance,2,1,1,0
DUD100863,Emily,Lee,2025-09-27,2026-03-13,Inactive,Full-time,ALT / English Teacher,1,Initial Hire,Performance,2026-03-13,Involuntary,Contract End,4,1,0,0
DUD100864,Sofia,Smith,2022-07-16,NULL,Active,Full-time,ALT / English Teacher,1,Initial Hire,,NULL,NULL,NULL,NULL,NULL,NULL,NULL
DUD100865,Sarah,Torres,2022-08-25,2024-09-03,Inactive,Full-time,ALT / English Teacher,1,Initial Hire,Performance,2024-09-03,Voluntary,Assignment Issues,1,1,1,1
DUD100866,Alejandro,Rodriguez,2022-11-21,2024-03-15,Inactive,Full-time,ALT / English Teacher,1,Initial Hire,Career Change,2024-03-15,Involuntary,Performance,3,1,1,0
DUD100867,Sofia,Martin,2023-03-18,2023-07-19,Inactive,Full-time,ALT / English Teacher,1,Initial Hire,Voluntary Resignation,2023-07-19,Voluntary,Commute,4,1,1,1
DUD100868,Thomas,Perez,2025-11-12,2028-02-23,Inactive,Full-time,Experienced Teacher,2,Initial Hire,Personal Reasons,2028-02-23,Voluntary,Returning Home,NULL,NULL,NULL,1
DUD100869,Michael,Sanchez,2025-03-30,NULL,Active,Full-time,ALT / English Teacher,1,Initial Hire,,NULL,NULL,NULL,NULL,NULL,NULL,NULL
DUD100870,Hannah,Gonzalez,2026-04-30,NULL,Active,Full-time,ALT / English Teacher,1,Initial Hire,,NULL,NULL,NULL,NULL,NULL,NULL,NULL
DUD100871,Jessica,Lee,2024-09-08,NULL,Active,Full-time,ALT / English Teacher,1,Initial Hire,,NULL,NULL,NULL,NULL,NULL,NULL,NULL
DUD100872,Matthew,Lopez,2023-05-17,NULL,Active,Full-time,ALT / English Teacher,1,Initial Hire,,NULL,NULL,NULL,NULL,NULL,NULL,NULL
DUD100873,Emma,Allen,2022-08-25,2024-01-03,Inactive,Full-time,ALT / English Teacher,1,Initial Hire,Career Change,2024-01-03,Involuntary,Client Request,NULL,NULL,NULL,0
DUD100874,Laura,Hall,2023-09-18,NULL,Active,Full-time,Senior Teacher,3,Initial Hire,,NULL,NULL,NULL,NULL,NULL,NULL,NULL
DUD100875,Sarah,Sanchez,2023-08-10,NULL,Active,Full-time,ALT / English Teacher,1,Initial Hire,,NULL,NULL,NULL,NULL,NULL,NULL,NULL
DUD100876,Carlos,White,2025-01-08,NULL,Active,Full-time,ALT / English Teacher,1,Initial Hire,,NULL,NULL,NULL,NULL,NULL,NULL,NULL
DUD100877,Maria,Davis,2024-07-11,NULL,Active,Full-time,Experienced Teacher,2,Initial Hire,,NULL,NULL,NULL,NULL,NULL,NULL,NULL
DUD100878,Robert,Martin,2026-07-19,NULL,Active,Full-time,ALT / English Teacher,1,Initial Hire,,NULL,NULL,NULL,NULL,NULL,NULL,NULL
DUD100879,Matthew,Rodriguez,2025-09-21,NULL,Active,Full-time,Experienced Teacher,2,Initial Hire,,NULL,NULL,NULL,NULL,NULL,NULL,NULL
DUD100880,James,White,2025-02-14,NULL,Active,Full-time,ALT / English Teacher,1,Initial Hire,,NULL,NULL,NULL,NULL,NULL,NULL,NULL
DUD100881,Juan,Hall,2025-01-17,NULL,Active,Full-time,ALT / English Teacher,1,Initial Hire,,NULL,NULL,NULL,NULL,NULL,NULL,NULL
DUD100882,Sofia,Taylor,2024-08-22,NULL,Active,Full-time,Lead Trainer,6,Initial Hire,,NULL,NULL,NULL,NULL,NULL,NULL,NULL
DUD100883,Olivia,Miller,2022-12-19,2023-05-04,Inactive,Full-time,Senior Trainer,5,Initial Hire,Performance,2023-05-04,Voluntary,Career Change,2,1,1,1
DUD100884,Robert,Allen,2022-12-20,NULL,Active,Full-time,ALT / English Teacher,1,Initial Hire,,NULL,NULL,NULL,NULL,NULL,NULL,NULL
DUD100885,Matthew,Miller,2021-06-09,NULL,Active,Full-time,Trainer,4,Initial Hire,,NULL,NULL,NULL,NULL,NULL,NULL,NULL
DUD100886,Jessica,Anderson,2023-10-01,NULL,Active,Full-time,ALT / English Teacher,1,Initial Hire,,NULL,NULL,NULL,NULL,NULL,NULL,NULL
DUD100887,Juan,Rodriguez,2025-07-03,2027-09-15,Inactive,Full-time,ALT / English Teacher,1,Initial Hire,Voluntary Resignation,2027-09-15,Voluntary,Commute,1,1,1,1
DUD100888,Robert,Torres,2025-11-28,NULL,Active,Full-time,ALT / English Teacher,1,Initial Hire,,NULL,NULL,NULL,NULL,NULL,NULL,NULL
DUD100889,James,Anderson,2023-05-06,NULL,Active,Full-time,Lead Trainer,6,Initial Hire,,NULL,NULL,NULL,NULL,NULL,NULL,NULL
DUD100890,Diego,Davis,2024-09-18,NULL,Active,Full-time,Trainer,4,Initial Hire,,NULL,NULL,NULL,NULL,NULL,NULL,NULL
DUD100891,Alejandro,Brown,2021-12-09,2022-12-01,Inactive,Full-time,Experienced Teacher,2,Initial Hire,Personal Reasons,2022-12-01,Voluntary,Relocation,1,1,0,1
DUD100892,Jessica,Davis,2021-03-19,NULL,Active,Full-time,ALT / English Teacher,1,Initial Hire,,NULL,NULL,NULL,NULL,NULL,NULL,NULL
DUD100893,Hannah,Martinez,2025-03-23,2027-04-20,Inactive,Full-time,Trainer,4,Initial Hire,Relocation,2027-04-20,Voluntary,Career Development,3,1,0,1
DUD100894,Ana,Martinez,2026-07-01,NULL,Active,Full-time,ALT / English Teacher,1,Initial Hire,,NULL,NULL,NULL,NULL,NULL,NULL,NULL
DUD100895,Diego,Gonzalez,2026-04-11,2026-11-14,Inactive,Full-time,Senior Teacher,3,Initial Hire,Career Change,2026-11-14,Involuntary,Contract End,NULL,NULL,NULL,0
DUD100896,Juan,Jackson,2024-09-03,NULL,Active,Full-time,Experienced Teacher,2,Initial Hire,,NULL,NULL,NULL,NULL,NULL,NULL,NULL
DUD100897,Thomas,Rodriguez,2021-11-30,NULL,Active,Full-time,ALT / English Teacher,1,Initial Hire,,NULL,NULL,NULL,NULL,NULL,NULL,NULL
DUD100898,Hannah,Rodriguez,2022-09-03,NULL,Active,Full-time,ALT / English Teacher,1,Initial Hire,,NULL,NULL,NULL,NULL,NULL,NULL,NULL
DUD100899,Ana,Young,2025-02-15,NULL,Active,Full-time,Senior Teacher,3,Initial Hire,,NULL,NULL,NULL,NULL,NULL,NULL,NULL
DUD100900,Michael,Martin,2021-01-06,NULL,Active,Full-time,ALT / English Teacher,1,Initial Hire,,NULL,NULL,NULL,NULL,NULL,NULL,NULL
DUD100901,Marco,Brown,2025-08-05,2026-03-09,Inactive,Full-time,Experienced Teacher,2,Initial Hire,Relocation,2026-03-09,Voluntary,Career Change,2,0,1,1
DUD100902,Diego,Miller,2026-07-18,NULL,Active,Full-time,ALT / English Teacher,1,Initial Hire,,NULL,NULL,NULL,NULL,NULL,NULL,NULL
DUD100903,Jose,Hernandez,2024-03-18,NULL,Active,Full-time,Lead Trainer,6,Initial Hire,,NULL,NULL,NULL,NULL,NULL,NULL,NULL
DUD100904,David,Anderson,2022-06-04,NULL,Active,Full-time,ALT / English Teacher,1,Initial Hire,,NULL,NULL,NULL,NULL,NULL,NULL,NULL
DUD100905,Luis,White,2024-06-18,NULL,Active,Full-time,ALT / English Teacher,1,Initial Hire,,NULL,NULL,NULL,NULL,NULL,NULL,NULL
DUD100906,Maria,Torres,2021-03-06,NULL,Active,Full-time,ALT / English Teacher,1,Initial Hire,,NULL,NULL,NULL,NULL,NULL,NULL,NULL
DUD100907,Emma,Smith,2025-01-11,NULL,Active,Full-time,Trainer,4,Initial Hire,,NULL,NULL,NULL,NULL,NULL,NULL,NULL
DUD100908,Laura,Jackson,2024-03-15,NULL,Active,Full-time,Senior Trainer,5,Initial Hire,,NULL,NULL,NULL,NULL,NULL,NULL,NULL
DUD100909,James,Hall,2023-06-05,NULL,Active,Full-time,Senior Teacher,3,Initial Hire,,NULL,NULL,NULL,NULL,NULL,NULL,NULL
DUD100910,Emily,Torres,2023-06-02,NULL,Active,Full-time,Experienced Teacher,2,Initial Hire,,NULL,NULL,NULL,NULL,NULL,NULL,NULL
DUD100911,Matthew,Martinez,2024-10-21,NULL,Active,Full-time,ALT / English Teacher,1,Initial Hire,,NULL,NULL,NULL,NULL,NULL,NULL,NULL
DUD100912,Olivia,Anderson,2022-06-03,NULL,Active,Full-time,Senior Trainer,5,Initial Hire,,NULL,NULL,NULL,NULL,NULL,NULL,NULL
DUD100913,Alejandro,White,2024-09-16,NULL,Active,Full-time,ALT / English Teacher,1,Initial Hire,,NULL,NULL,NULL,NULL,NULL,NULL,NULL
DUD100914,Carlos,Anderson,2025-06-02,NULL,Active,Full-time,ALT / English Teacher,1,Initial Hire,,NULL,NULL,NULL,NULL,NULL,NULL,NULL
DUD100915,Carlos,Torres,2023-11-01,NULL,Active,Full-time,Lead Trainer,6,Initial Hire,,NULL,NULL,NULL,NULL,NULL,NULL,NULL
DUD100916,Alejandro,Williams,2024-04-12,NULL,Active,Full-time,ALT / English Teacher,1,Initial Hire,,NULL,NULL,NULL,NULL,NULL,NULL,NULL
DUD100917,Sarah,White,2025-12-19,NULL,Active,Full-time,ALT / English Teacher,1,Initial Hire,,NULL,NULL,NULL,NULL,NULL,NULL,NULL
DUD100918,Andres,Allen,2025-05-20,NULL,Active,Full-time,Trainer,4,Initial Hire,,NULL,NULL,NULL,NULL,NULL,NULL,NULL
DUD100919,James,Torres,2022-07-01,NULL,Active,Full-time,ALT / English Teacher,1,Initial Hire,,NULL,NULL,NULL,NULL,NULL,NULL,NULL
DUD100920,Emma,Young,2021-10-30,NULL,Active,Full-time,Senior Teacher,3,Initial Hire,,NULL,NULL,NULL,NULL,NULL,NULL,NULL
DUD100921,Maria,White,2025-11-23,NULL,Active,Full-time,Experienced Teacher,2,Initial Hire,,NULL,NULL,NULL,NULL,NULL,NULL,NULL
DUD100922,Olivia,Sanchez,2025-01-11,2025-09-10,Inactive,Full-time,ALT / English Teacher,1,Initial Hire,Performance,2025-09-10,Voluntary,Work-Life Balance,2,1,1,1
DUD100923,David,Hall,2024-04-06,NULL,Active,Full-time,Senior Teacher,3,Initial Hire,,NULL,NULL,NULL,NULL,NULL,NULL,NULL
DUD100924,Luis,Jackson,2021-10-01,NULL,Active,Full-time,ALT / English Teacher,1,Initial Hire,,NULL,NULL,NULL,NULL,NULL,NULL,NULL
DUD100925,Andres,Wilson,2026-05-17,2028-08-26,Inactive,Full-time,Senior Teacher,3,Initial Hire,Career Change,2028-08-26,Involuntary,Client Request,1,1,0,0
DUD100926,Maria,Perez,2022-04-21,NULL,Active,Full-time,ALT / English Teacher,1,Initial Hire,,NULL,NULL,NULL,NULL,NULL,NULL,NULL
DUD100927,Thomas,Thompson,2026-06-30,NULL,Active,Full-time,ALT / English Teacher,1,Initial Hire,,NULL,NULL,NULL,NULL,NULL,NULL,NULL
DUD100928,Ana,Rodriguez,2022-03-19,NULL,Active,Full-time,ALT / English Teacher,1,Initial Hire,,NULL,NULL,NULL,NULL,NULL,NULL,NULL
DUD100929,Emily,Williams,2023-12-14,NULL,Active,Full-time,ALT / English Teacher,1,Initial Hire,,NULL,NULL,NULL,NULL,NULL,NULL,NULL
DUD100930,James,Garcia,2024-06-20,NULL,Active,Full-time,Experienced Teacher,2,Initial Hire,,NULL,NULL,NULL,NULL,NULL,NULL,NULL
DUD100931,Daniel,Allen,2023-10-17,NULL,Active,Full-time,ALT / English Teacher,1,Initial Hire,,NULL,NULL,NULL,NULL,NULL,NULL,NULL
DUD100932,David,Thompson,2024-12-01,NULL,Active,Full-time,Senior Teacher,3,Initial Hire,,NULL,NULL,NULL,NULL,NULL,NULL,NULL
DUD100933,Michael,Wilson,2021-07-12,NULL,Active,Full-time,Lead Trainer,6,Initial Hire,,NULL,NULL,NULL,NULL,NULL,NULL,NULL
DUD100934,Laura,Walker,2022-07-29,NULL,Active,Full-time,ALT / English Teacher,1,Initial Hire,,NULL,NULL,NULL,NULL,NULL,NULL,NULL
DUD100935,David,Gonzalez,2021-08-20,NULL,Active,Full-time,Senior Trainer,5,Initial Hire,,NULL,NULL,NULL,NULL,NULL,NULL,NULL
DUD100936,William,Johnson,2023-10-10,NULL,Active,Full-time,Experienced Teacher,2,Initial Hire,,NULL,NULL,NULL,NULL,NULL,NULL,NULL
DUD100937,Juan,Hernandez,2022-02-24,NULL,Active,Full-time,ALT / English Teacher,1,Initial Hire,,NULL,NULL,NULL,NULL,NULL,NULL,NULL
DUD100938,Olivia,Moore,2022-03-09,2024-06-22,Inactive,Full-time,Experienced Teacher,2,Initial Hire,Voluntary Resignation,2024-06-22,Voluntary,Personal Reasons,2,1,1,1
DUD100939,Matthew,Rodriguez,2024-10-14,NULL,Active,Full-time,ALT / English Teacher,1,Initial Hire,,NULL,NULL,NULL,NULL,NULL,NULL,NULL
DUD100940,Carlos,Hernandez,2025-05-18,NULL,Active,Full-time,Senior Teacher,3,Initial Hire,,NULL,NULL,NULL,NULL,NULL,NULL,NULL
DUD100941,Michael,White,2024-11-09,NULL,Active,Full-time,Senior Teacher,3,Initial Hire,,NULL,NULL,NULL,NULL,NULL,NULL,NULL
DUD100942,James,Smith,2021-12-09,NULL,Active,Full-time,ALT / English Teacher,1,Initial Hire,,NULL,NULL,NULL,NULL,NULL,NULL,NULL
DUD100943,Daniel,Lee,2021-02-18,NULL,Active,Full-time,Experienced Teacher,2,Initial Hire,,NULL,NULL,NULL,NULL,NULL,NULL,NULL
DUD100944,David,Lee,2024-08-03,NULL,Active,Full-time,Experienced Teacher,2,Initial Hire,,NULL,NULL,NULL,NULL,NULL,NULL,NULL
DUD100945,Ana,Johnson,2025-11-05,NULL,Active,Full-time,Experienced Teacher,2,Initial Hire,,NULL,NULL,NULL,NULL,NULL,NULL,NULL
DUD100946,Carlos,Anderson,2025-02-25,2026-07-05,Inactive,Full-time,Lead Trainer,6,Initial Hire,Relocation,2026-07-05,Voluntary,Compensation,2,0,1,1
DUD100947,Michael,Anderson,2024-08-27,NULL,Active,Full-time,Senior Trainer,5,Initial Hire,,NULL,NULL,NULL,NULL,NULL,NULL,NULL
DUD100948,Laura,Lopez,2026-04-24,NULL,Active,Full-time,ALT / English Teacher,1,Initial Hire,,NULL,NULL,NULL,NULL,NULL,NULL,NULL
DUD100949,Hannah,Hall,2023-09-14,2025-05-03,Inactive,Full-time,Experienced Teacher,2,Initial Hire,Performance,2025-05-03,Voluntary,Compensation,5,1,1,1
DUD100950,Sarah,Walker,2021-07-03,NULL,Active,Full-time,Experienced Teacher,2,Initial Hire,,NULL,NULL,NULL,NULL,NULL,NULL,NULL
DUD100951,David,Lee,2025-04-29,NULL,Active,Full-time,Senior Trainer,5,Initial Hire,,NULL,NULL,NULL,NULL,NULL,NULL,NULL
DUD100952,Jose,Young,2024-03-04,NULL,Active,Full-time,ALT / English Teacher,1,Initial Hire,,NULL,NULL,NULL,NULL,NULL,NULL,NULL
DUD100953,Andres,Hernandez,2024-08-04,NULL,Active,Full-time,ALT / English Teacher,1,Initial Hire,,NULL,NULL,NULL,NULL,NULL,NULL,NULL
DUD100954,Jessica,Thompson,2025-10-07,NULL,Active,Full-time,Senior Teacher,3,Initial Hire,,NULL,NULL,NULL,NULL,NULL,NULL,NULL
DUD100955,Hannah,Taylor,2024-11-05,NULL,Active,Full-time,Senior Teacher,3,Initial Hire,,NULL,NULL,NULL,NULL,NULL,NULL,NULL
DUD100956,William,Jackson,2023-10-26,2024-09-18,Inactive,Full-time,Experienced Teacher,2,Initial Hire,Voluntary Resignation,2024-09-18,Voluntary,Career Change,4,1,0,1
DUD100957,Robert,Smith,2026-06-03,NULL,Active,Full-time,ALT / English Teacher,1,Initial Hire,,NULL,NULL,NULL,NULL,NULL,NULL,NULL
DUD100958,Maria,Lopez,2024-10-02,NULL,Active,Full-time,ALT / English Teacher,1,Initial Hire,,NULL,NULL,NULL,NULL,NULL,NULL,NULL
DUD100959,Carlos,Martin,2021-12-25,NULL,Active,Full-time,ALT / English Teacher,1,Initial Hire,,NULL,NULL,NULL,NULL,NULL,NULL,NULL
DUD100960,Laura,Smith,2024-06-02,NULL,Active,Full-time,Senior Teacher,3,Initial Hire,,NULL,NULL,NULL,NULL,NULL,NULL,NULL
DUD100961,Miguel,Hernandez,2025-06-06,NULL,Active,Full-time,ALT / English Teacher,1,Initial Hire,,NULL,NULL,NULL,NULL,NULL,NULL,NULL
DUD100962,Juan,Jackson,2023-04-25,2025-04-16,Inactive,Full-time,Experienced Teacher,2,Initial Hire,Personal Reasons,2025-04-16,Involuntary,Contract End,NULL,NULL,NULL,0
DUD100963,Miguel,Williams,2022-08-06,2023-01-05,Inactive,Full-time,Senior Trainer,5,Initial Hire,Personal Reasons,2023-01-05,Involuntary,Policy Violation,5,1,0,0
DUD100964,James,Johnson,2023-06-09,NULL,Active,Full-time,Senior Teacher,3,Initial Hire,,NULL,NULL,NULL,NULL,NULL,NULL,NULL
DUD100965,Olivia,Walker,2021-11-15,NULL,Active,Full-time,Experienced Teacher,2,Initial Hire,,NULL,NULL,NULL,NULL,NULL,NULL,NULL
DUD100966,Emily,Johnson,2025-03-27,NULL,Active,Full-time,ALT / English Teacher,1,Initial Hire,,NULL,NULL,NULL,NULL,NULL,NULL,NULL
DUD100967,Maria,Walker,2022-05-25,NULL,Active,Full-time,Senior Teacher,3,Initial Hire,,NULL,NULL,NULL,NULL,NULL,NULL,NULL
DUD100968,David,Williams,2021-02-10,NULL,Active,Full-time,ALT / English Teacher,1,Initial Hire,,NULL,NULL,NULL,NULL,NULL,NULL,NULL
DUD100969,Emma,Lopez,2025-07-09,2026-05-16,Inactive,Full-time,Senior Teacher,3,Initial Hire,Personal Reasons,2026-05-16,Voluntary,Work-Life Balance,5,0,1,1
DUD100970,Alejandro,Garcia,2024-10-02,2025-09-07,Inactive,Full-time,Senior Teacher,3,Initial Hire,Career Change,2025-09-07,Involuntary,Contract End,2,1,1,0
DUD100971,Olivia,Hall,2022-01-08,NULL,Active,Full-time,ALT / English Teacher,1,Initial Hire,,NULL,NULL,NULL,NULL,NULL,NULL,NULL
DUD100972,Juan,Lopez,2023-04-22,2024-04-23,Inactive,Full-time,Experienced Teacher,2,Initial Hire,Career Change,2024-04-23,Voluntary,Compensation,NULL,NULL,NULL,1
DUD100973,Laura,Wilson,2023-12-08,NULL,Active,Full-time,ALT / English Teacher,1,Initial Hire,,NULL,NULL,NULL,NULL,NULL,NULL,NULL
DUD100974,Emma,Young,2025-11-26,NULL,Active,Full-time,ALT / English Teacher,1,Initial Hire,,NULL,NULL,NULL,NULL,NULL,NULL,NULL
DUD100975,Sofia,Williams,2023-11-18,NULL,Active,Full-time,ALT / English Teacher,1,Initial Hire,,NULL,NULL,NULL,NULL,NULL,NULL,NULL
DUD100976,Sofia,Wilson,2022-11-11,NULL,Active,Full-time,ALT / English Teacher,1,Initial Hire,,NULL,NULL,NULL,NULL,NULL,NULL,NULL
DUD100977,Sofia,White,2025-03-12,NULL,Active,Full-time,ALT / English Teacher,1,Initial Hire,,NULL,NULL,NULL,NULL,NULL,NULL,NULL
DUD100978,Andres,Brown,2022-05-21,2024-07-26,Inactive,Full-time,Experienced Teacher,2,Initial Hire,Personal Reasons,2024-07-26,Voluntary,Career Development,3,0,1,1
DUD100979,Miguel,Smith,2024-12-29,NULL,Active,Full-time,Lead Trainer,6,Initial Hire,,NULL,NULL,NULL,NULL,NULL,NULL,NULL
DUD100980,Christopher,Lee,2021-09-24,NULL,Active,Full-time,Experienced Teacher,2,Initial Hire,,NULL,NULL,NULL,NULL,NULL,NULL,NULL
DUD100981,Emily,Garcia,2025-03-14,NULL,Active,Full-time,ALT / English Teacher,1,Initial Hire,,NULL,NULL,NULL,NULL,NULL,NULL,NULL
DUD100982,William,Brown,2024-08-03,NULL,Active,Full-time,ALT / English Teacher,1,Initial Hire,,NULL,NULL,NULL,NULL,NULL,NULL,NULL
DUD100983,James,Lee,2025-05-28,NULL,Active,Full-time,Senior Teacher,3,Initial Hire,,NULL,NULL,NULL,NULL,NULL,NULL,NULL
DUD100984,David,Young,2023-11-29,NULL,Active,Full-time,ALT / English Teacher,1,Initial Hire,,NULL,NULL,NULL,NULL,NULL,NULL,NULL
DUD100985,Jose,Perez,2025-11-16,NULL,Active,Full-time,Lead Trainer,6,Initial Hire,,NULL,NULL,NULL,NULL,NULL,NULL,NULL
DUD100986,Andres,Brown,2025-02-04,NULL,Active,Full-time,ALT / English Teacher,1,Initial Hire,,NULL,NULL,NULL,NULL,NULL,NULL,NULL
DUD100987,Matthew,Lopez,2025-06-21,NULL,Active,Full-time,Experienced Teacher,2,Initial Hire,,NULL,NULL,NULL,NULL,NULL,NULL,NULL
DUD100988,Maria,Jackson,2023-12-02,NULL,Active,Full-time,Lead Trainer,6,Initial Hire,,NULL,NULL,NULL,NULL,NULL,NULL,NULL
DUD100989,Sofia,Martin,2026-02-05,2027-06-30,Inactive,Full-time,Experienced Teacher,2,Initial Hire,Career Change,2027-06-30,Voluntary,Personal Reasons,1,0,1,1
DUD100990,James,White,2023-06-09,NULL,Active,Full-time,Senior Trainer,5,Initial Hire,,NULL,NULL,NULL,NULL,NULL,NULL,NULL
DUD100991,Robert,Torres,2025-01-14,NULL,Active,Full-time,ALT / English Teacher,1,Initial Hire,,NULL,NULL,NULL,NULL,NULL,NULL,NULL
DUD100992,Christopher,Smith,2024-11-10,NULL,Active,Full-time,Experienced Teacher,2,Initial Hire,,NULL,NULL,NULL,NULL,NULL,NULL,NULL
DUD100993,Sofia,Perez,2024-03-31,NULL,Active,Full-time,ALT / English Teacher,1,Initial Hire,,NULL,NULL,NULL,NULL,NULL,NULL,NULL
DUD100994,Jessica,Johnson,2026-06-02,NULL,Active,Full-time,Experienced Teacher,2,Initial Hire,,NULL,NULL,NULL,NULL,NULL,NULL,NULL
DUD100995,Michael,Thompson,2024-06-24,NULL,Active,Full-time,Trainer,4,Initial Hire,,NULL,NULL,NULL,NULL,NULL,NULL,NULL
DUD100996,Marco,Garcia,2025-05-24,NULL,Active,Full-time,ALT / English Teacher,1,Initial Hire,,NULL,NULL,NULL,NULL,NULL,NULL,NULL
DUD100997,Hannah,Jackson,2021-12-04,NULL,Active,Full-time,ALT / English Teacher,1,Initial Hire,,NULL,NULL,NULL,NULL,NULL,NULL,NULL
DUD100998,John,Jackson,2021-09-06,NULL,Active,Full-time,ALT / English Teacher,1,Initial Hire,,NULL,NULL,NULL,NULL,NULL,NULL,NULL
DUD100999,Jessica,Allen,2023-07-15,NULL,Active,Full-time,Experienced Teacher,2,Initial Hire,,NULL,NULL,NULL,NULL,NULL,NULL,NULL
DUD101000,Laura,Davis,2025-04-11,NULL,Active,Full-time,ALT / English Teacher,1,Initial Hire,,NULL,NULL,NULL,NULL,NULL,NULL,NULL
DUD101001,Christopher,King,2025-03-10,2027-01-06,Inactive,Full-time,Senior Trainer,5,Initial Hire,Performance,2027-01-06,Voluntary,Work-Life Balance,1,1,1,1
DUD101002,Diego,Gonzalez,2025-09-23,NULL,Active,Full-time,ALT / English Teacher,1,Initial Hire,,NULL,NULL,NULL,NULL,NULL,NULL,NULL
DUD101003,Daniel,Perez,2024-02-10,NULL,Active,Full-time,Senior Trainer,5,Initial Hire,,NULL,NULL,NULL,NULL,NULL,NULL,NULL
DUD101004,Ana,Anderson,2024-01-06,NULL,Active,Full-time,Experienced Teacher,2,Initial Hire,,NULL,NULL,NULL,NULL,NULL,NULL,NULL
DUD101005,Michael,Brown,2022-08-02,2023-11-08,Inactive,Full-time,ALT / English Teacher,1,Initial Hire,Relocation,2023-11-08,Involuntary,Contract End,2,1,1,0
DUD101006,Robert,White,2025-11-03,NULL,Active,Full-time,ALT / English Teacher,1,Initial Hire,,NULL,NULL,NULL,NULL,NULL,NULL,NULL
DUD101007,Sarah,Moore,2023-09-19,NULL,Active,Full-time,ALT / English Teacher,1,Initial Hire,,NULL,NULL,NULL,NULL,NULL,NULL,NULL
DUD101008,Hannah,Smith,2021-05-27,NULL,Active,Full-time,ALT / English Teacher,1,Initial Hire,,NULL,NULL,NULL,NULL,NULL,NULL,NULL
DUD101009,John,Sanchez,2024-06-03,NULL,Active,Full-time,Senior Teacher,3,Initial Hire,,NULL,NULL,NULL,NULL,NULL,NULL,NULL
DUD101010,Laura,Johnson,2023-12-22,NULL,Active,Full-time,ALT / English Teacher,1,Initial Hire,,NULL,NULL,NULL,NULL,NULL,NULL,NULL
DUD101011,Luis,Thompson,2025-10-07,2028-02-28,Inactive,Full-time,Senior Teacher,3,Initial Hire,Contract End,2028-02-28,Voluntary,Compensation,NULL,NULL,NULL,1
DUD101012,Sarah,Martinez,2023-06-08,NULL,Active,Full-time,Experienced Teacher,2,Initial Hire,,NULL,NULL,NULL,NULL,NULL,NULL,NULL
DUD101013,Emily,Lopez,2022-07-05,NULL,Active,Full-time,ALT / English Teacher,1,Initial Hire,,NULL,NULL,NULL,NULL,NULL,NULL,NULL
DUD101014,Andres,Young,2022-01-19,2022-09-13,Inactive,Full-time,Experienced Teacher,2,Initial Hire,Career Change,2022-09-13,Voluntary,Career Change,2,1,0,1
DUD101015,Emma,Lopez,2024-07-21,2026-10-24,Inactive,Full-time,Senior Teacher,3,Initial Hire,Performance,2026-10-24,Voluntary,Work-Life Balance,2,1,1,1
DUD101016,Jessica,Hernandez,2025-09-13,NULL,Active,Full-time,Senior Teacher,3,Initial Hire,,NULL,NULL,NULL,NULL,NULL,NULL,NULL
DUD101017,Daniel,Walker,2022-11-12,2023-07-10,Inactive,Full-time,Senior Teacher,3,Initial Hire,Relocation,2023-07-10,Voluntary,Career Development,NULL,NULL,NULL,1
DUD101018,Matthew,Torres,2024-04-21,NULL,Active,Full-time,ALT / English Teacher,1,Initial Hire,,NULL,NULL,NULL,NULL,NULL,NULL,NULL
DUD101019,Miguel,Martin,2024-01-19,NULL,Active,Full-time,Senior Teacher,3,Initial Hire,,NULL,NULL,NULL,NULL,NULL,NULL,NULL
DUD101020,David,Brown,2023-12-12,2025-01-19,Inactive,Full-time,Experienced Teacher,2,Initial Hire,Personal Reasons,2025-01-19,Voluntary,Personal Reasons,2,1,0,1
DUD101021,William,Williams,2021-01-13,NULL,Active,Full-time,ALT / English Teacher,1,Initial Hire,,NULL,NULL,NULL,NULL,NULL,NULL,NULL
DUD101022,William,White,2024-05-30,NULL,Active,Full-time,ALT / English Teacher,1,Initial Hire,,NULL,NULL,NULL,NULL,NULL,NULL,NULL
DUD101023,Ana,Sanchez,2023-06-13,NULL,Active,Full-time,Experienced Teacher,2,Initial Hire,,NULL,NULL,NULL,NULL,NULL,NULL,NULL
DUD101024,Michael,Lopez,2023-11-10,NULL,Active,Full-time,ALT / English Teacher,1,Initial Hire,,NULL,NULL,NULL,NULL,NULL,NULL,NULL
DUD101025,David,White,2024-04-20,NULL,Active,Full-time,Senior Teacher,3,Initial Hire,,NULL,NULL,NULL,NULL,NULL,NULL,NULL
DUD101026,Michael,Wilson,2024-06-04,NULL,Active,Full-time,Senior Teacher,3,Initial Hire,,NULL,NULL,NULL,NULL,NULL,NULL,NULL
DUD101027,Thomas,Hall,2024-06-30,NULL,Active,Full-time,ALT / English Teacher,1,Initial Hire,,NULL,NULL,NULL,NULL,NULL,NULL,NULL
DUD101028,Miguel,Ramirez,2022-02-27,NULL,Active,Full-time,ALT / English Teacher,1,Initial Hire,,NULL,NULL,NULL,NULL,NULL,NULL,NULL
DUD101029,Emily,Lee,2022-12-03,NULL,Active,Full-time,Senior Teacher,3,Initial Hire,,NULL,NULL,NULL,NULL,NULL,NULL,NULL
DUD101030,Marco,Allen,2026-07-15,2028-04-24,Inactive,Full-time,Senior Teacher,3,Initial Hire,Relocation,2028-04-24,Involuntary,Policy Violation,4,1,1,0
DUD101031,Jessica,Smith,2023-11-17,2024-09-22,Inactive,Full-time,Experienced Teacher,2,Initial Hire,Voluntary Resignation,2024-09-22,Voluntary,Compensation,1,0,1,1
DUD101032,Daniel,Anderson,2021-04-29,NULL,Active,Full-time,Experienced Teacher,2,Initial Hire,,NULL,NULL,NULL,NULL,NULL,NULL,NULL
DUD101033,Jessica,Perez,2021-02-24,2021-08-04,Inactive,Full-time,ALT / English Teacher,1,Initial Hire,Personal Reasons,2021-08-04,Voluntary,Compensation,NULL,NULL,NULL,1
DUD101034,Sofia,Williams,2024-02-11,NULL,Active,Full-time,ALT / English Teacher,1,Initial Hire,,NULL,NULL,NULL,NULL,NULL,NULL,NULL
DUD101035,James,Moore,2022-11-21,NULL,Active,Full-time,Lead Trainer,6,Initial Hire,,NULL,NULL,NULL,NULL,NULL,NULL,NULL
DUD101036,Michael,Wilson,2025-08-05,NULL,Active,Full-time,ALT / English Teacher,1,Initial Hire,,NULL,NULL,NULL,NULL,NULL,NULL,NULL
DUD101037,William,Jackson,2023-08-17,2025-07-08,Inactive,Full-time,Senior Teacher,3,Initial Hire,Voluntary Resignation,2025-07-08,Voluntary,Work-Life Balance,5,1,0,1
DUD101038,Sofia,Anderson,2026-07-08,NULL,Active,Full-time,Lead Trainer,6,Initial Hire,,NULL,NULL,NULL,NULL,NULL,NULL,NULL
DUD101039,Juan,Miller,2024-12-10,NULL,Active,Full-time,ALT / English Teacher,1,Initial Hire,,NULL,NULL,NULL,NULL,NULL,NULL,NULL
DUD101040,Andres,Brown,2022-09-05,NULL,Active,Full-time,ALT / English Teacher,1,Initial Hire,,NULL,NULL,NULL,NULL,NULL,NULL,NULL
DUD101041,Thomas,Taylor,2021-03-23,NULL,Active,Full-time,ALT / English Teacher,1,Initial Hire,,NULL,NULL,NULL,NULL,NULL,NULL,NULL
DUD101042,Olivia,Martin,2022-01-21,2023-02-17,Inactive,Full-time,Experienced Teacher,2,Initial Hire,Performance,2023-02-17,Voluntary,Personal Reasons,NULL,NULL,NULL,1
DUD101043,Thomas,Johnson,2024-11-19,NULL,Active,Full-time,ALT / English Teacher,1,Initial Hire,,NULL,NULL,NULL,NULL,NULL,NULL,NULL
DUD101044,William,Rodriguez,2026-06-20,NULL,Active,Full-time,Senior Teacher,3,Initial Hire,,NULL,NULL,NULL,NULL,NULL,NULL,NULL
DUD101045,Hannah,Brown,2022-05-14,NULL,Active,Full-time,ALT / English Teacher,1,Initial Hire,,NULL,NULL,NULL,NULL,NULL,NULL,NULL
DUD101046,Laura,Torres,2026-03-29,NULL,Active,Full-time,ALT / English Teacher,1,Initial Hire,,NULL,NULL,NULL,NULL,NULL,NULL,NULL
DUD101047,Jessica,Rodriguez,2024-01-29,NULL,Active,Full-time,Experienced Teacher,2,Initial Hire,,NULL,NULL,NULL,NULL,NULL,NULL,NULL
DUD101048,Christopher,Lee,2026-03-30,NULL,Active,Full-time,Senior Trainer,5,Initial Hire,,NULL,NULL,NULL,NULL,NULL,NULL,NULL
DUD101049,Sofia,Brown,2023-03-12,2025-05-12,Inactive,Full-time,ALT / English Teacher,1,Initial Hire,Relocation,2025-05-12,Voluntary,Career Change,2,0,1,1
DUD101050,Maria,Martin,2023-03-15,NULL,Active,Full-time,ALT / English Teacher,1,Initial Hire,,NULL,NULL,NULL,NULL,NULL,NULL,NULL
DUD101051,Alejandro,Gonzalez,2024-05-28,NULL,Active,Full-time,Trainer,4,Initial Hire,,NULL,NULL,NULL,NULL,NULL,NULL,NULL
DUD101052,Diego,Anderson,2021-10-28,NULL,Active,Full-time,Senior Trainer,5,Initial Hire,,NULL,NULL,NULL,NULL,NULL,NULL,NULL
DUD101053,Jose,Ramirez,2021-04-18,2023-03-16,Inactive,Full-time,Senior Teacher,3,Initial Hire,Voluntary Resignation,2023-03-16,Voluntary,Work-Life Balance,5,1,1,1
DUD101054,Sarah,Jackson,2024-06-14,NULL,Active,Full-time,Experienced Teacher,2,Initial Hire,,NULL,NULL,NULL,NULL,NULL,NULL,NULL
DUD101055,Ana,Martinez,2023-01-27,NULL,Active,Full-time,Senior Teacher,3,Initial Hire,,NULL,NULL,NULL,NULL,NULL,NULL,NULL
DUD101056,Laura,Lopez,2021-02-04,2022-01-14,Inactive,Full-time,Trainer,4,Initial Hire,Career Change,2022-01-14,Voluntary,Work-Life Balance,1,1,1,1
DUD101057,Diego,Walker,2021-10-10,2022-06-29,Inactive,Full-time,ALT / English Teacher,1,Initial Hire,Voluntary Resignation,2022-06-29,Voluntary,Work-Life Balance,NULL,NULL,NULL,1
DUD101058,David,Smith,2021-05-08,2022-10-05,Inactive,Full-time,ALT / English Teacher,1,Initial Hire,Relocation,2022-10-05,Involuntary,Attendance,3,1,0,0
DUD101059,Christopher,Smith,2023-11-22,2025-03-29,Inactive,Full-time,ALT / English Teacher,1,Initial Hire,Relocation,2025-03-29,Voluntary,Commute,5,0,1,1
DUD101060,Carlos,Thompson,2023-04-04,NULL,Active,Full-time,Senior Teacher,3,Initial Hire,,NULL,NULL,NULL,NULL,NULL,NULL,NULL
DUD101061,John,Hall,2025-03-23,NULL,Active,Full-time,Experienced Teacher,2,Initial Hire,,NULL,NULL,NULL,NULL,NULL,NULL,NULL
DUD101062,Robert,Martinez,2025-06-02,NULL,Active,Full-time,Trainer,4,Initial Hire,,NULL,NULL,NULL,NULL,NULL,NULL,NULL
DUD101063,John,Perez,2026-03-01,NULL,Active,Full-time,Experienced Teacher,2,Initial Hire,,NULL,NULL,NULL,NULL,NULL,NULL,NULL
DUD101064,Robert,Wilson,2025-05-05,2026-08-11,Inactive,Full-time,Senior Teacher,3,Initial Hire,Career Change,2026-08-11,Voluntary,Returning Home,5,1,0,1
DUD101065,Jose,Ramirez,2026-06-12,2028-07-27,Inactive,Full-time,Experienced Teacher,2,Initial Hire,Personal Reasons,2028-07-27,Voluntary,Returning Home,4,0,0,1
DUD101066,Carlos,Garcia,2022-09-07,NULL,Active,Full-time,Trainer,4,Initial Hire,,NULL,NULL,NULL,NULL,NULL,NULL,NULL
DUD101067,Daniel,Gonzalez,2021-04-14,NULL,Active,Full-time,Experienced Teacher,2,Initial Hire,,NULL,NULL,NULL,NULL,NULL,NULL,NULL
DUD101068,Diego,Davis,2024-06-23,NULL,Active,Full-time,ALT / English Teacher,1,Initial Hire,,NULL,NULL,NULL,NULL,NULL,NULL,NULL
DUD101069,Marco,Martinez,2025-11-21,NULL,Active,Full-time,ALT / English Teacher,1,Initial Hire,,NULL,NULL,NULL,NULL,NULL,NULL,NULL
DUD101070,William,Gonzalez,2026-03-18,2027-10-14,Inactive,Full-time,Experienced Teacher,2,Initial Hire,Personal Reasons,2027-10-14,Involuntary,Performance,4,0,1,0
DUD101071,Emily,Moore,2025-07-07,NULL,Active,Full-time,ALT / English Teacher,1,Initial Hire,,NULL,NULL,NULL,NULL,NULL,NULL,NULL
DUD101072,Olivia,Davis,2026-05-04,NULL,Active,Full-time,ALT / English Teacher,1,Initial Hire,,NULL,NULL,NULL,NULL,NULL,NULL,NULL
DUD101073,Robert,Johnson,2024-11-01,NULL,Active,Full-time,Experienced Teacher,2,Initial Hire,,NULL,NULL,NULL,NULL,NULL,NULL,NULL
DUD101074,Emily,Martinez,2026-01-14,NULL,Active,Full-time,Experienced Teacher,2,Initial Hire,,NULL,NULL,NULL,NULL,NULL,NULL,NULL
DUD101075,Jose,Martinez,2025-05-30,NULL,Active,Full-time,ALT / English Teacher,1,Initial Hire,,NULL,NULL,NULL,NULL,NULL,NULL,NULL
DUD101076,Sarah,Martinez,2026-05-02,NULL,Active,Full-time,Lead Trainer,6,Initial Hire,,NULL,NULL,NULL,NULL,NULL,NULL,NULL
DUD101077,Miguel,Jackson,2025-08-26,NULL,Active,Full-time,ALT / English Teacher,1,Initial Hire,,NULL,NULL,NULL,NULL,NULL,NULL,NULL
DUD101078,Juan,Johnson,2025-06-08,2027-02-14,Inactive,Full-time,ALT / English Teacher,1,Initial Hire,Performance,2027-02-14,Voluntary,Career Change,5,1,0,1
DUD101079,Sarah,Thompson,2022-06-24,NULL,Active,Full-time,Experienced Teacher,2,Initial Hire,,NULL,NULL,NULL,NULL,NULL,NULL,NULL
DUD101080,Olivia,Smith,2025-06-13,NULL,Active,Full-time,Experienced Teacher,2,Initial Hire,,NULL,NULL,NULL,NULL,NULL,NULL,NULL
DUD101081,Emily,Hall,2026-01-27,NULL,Active,Full-time,Senior Trainer,5,Initial Hire,,NULL,NULL,NULL,NULL,NULL,NULL,NULL
DUD101082,Jessica,Miller,2025-11-01,NULL,Active,Full-time,ALT / English Teacher,1,Initial Hire,,NULL,NULL,NULL,NULL,NULL,NULL,NULL
DUD101083,Jose,Jackson,2022-08-06,2024-04-25,Inactive,Full-time,ALT / English Teacher,1,Initial Hire,Performance,2024-04-25,Involuntary,Policy Violation,3,0,1,0
DUD101084,Maria,Rodriguez,2025-05-03,2027-01-27,Inactive,Full-time,Senior Teacher,3,Initial Hire,Personal Reasons,2027-01-27,Voluntary,Relocation,5,1,1,1
DUD101085,Matthew,White,2023-09-28,NULL,Active,Full-time,ALT / English Teacher,1,Initial Hire,,NULL,NULL,NULL,NULL,NULL,NULL,NULL
DUD101086,Robert,Davis,2021-01-05,NULL,Active,Full-time,Experienced Teacher,2,Initial Hire,,NULL,NULL,NULL,NULL,NULL,NULL,NULL
DUD101087,Sarah,Martin,2026-05-07,NULL,Active,Full-time,ALT / English Teacher,1,Initial Hire,,NULL,NULL,NULL,NULL,NULL,NULL,NULL
DUD101088,John,Brown,2023-10-21,NULL,Active,Full-time,ALT / English Teacher,1,Initial Hire,,NULL,NULL,NULL,NULL,NULL,NULL,NULL
DUD101089,James,Young,2026-08-08,2027-09-15,Inactive,Full-time,ALT / English Teacher,1,Initial Hire,Personal Reasons,2027-09-15,Voluntary,Assignment Issues,NULL,NULL,NULL,1
DUD101090,Laura,Smith,2021-04-21,NULL,Active,Full-time,ALT / English Teacher,1,Initial Hire,,NULL,NULL,NULL,NULL,NULL,NULL,NULL
DUD101091,Daniel,Young,2025-04-12,NULL,Active,Full-time,ALT / English Teacher,1,Initial Hire,,NULL,NULL,NULL,NULL,NULL,NULL,NULL
DUD101092,Sarah,Allen,2021-03-17,NULL,Active,Full-time,ALT / English Teacher,1,Initial Hire,,NULL,NULL,NULL,NULL,NULL,NULL,NULL
DUD101093,Carlos,Thompson,2023-06-20,NULL,Active,Full-time,ALT / English Teacher,1,Initial Hire,,NULL,NULL,NULL,NULL,NULL,NULL,NULL
DUD101094,Emma,Davis,2025-07-22,NULL,Active,Full-time,Experienced Teacher,2,Initial Hire,,NULL,NULL,NULL,NULL,NULL,NULL,NULL
DUD101095,James,Lopez,2022-06-19,NULL,Active,Full-time,ALT / English Teacher,1,Initial Hire,,NULL,NULL,NULL,NULL,NULL,NULL,NULL
DUD101096,Andres,Martin,2026-05-12,NULL,Active,Full-time,ALT / English Teacher,1,Initial Hire,,NULL,NULL,NULL,NULL,NULL,NULL,NULL
DUD101097,Andres,Miller,2023-10-09,NULL,Active,Full-time,ALT / English Teacher,1,Initial Hire,,NULL,NULL,NULL,NULL,NULL,NULL,NULL
DUD101098,Ana,Davis,2026-08-01,NULL,Active,Full-time,Experienced Teacher,2,Initial Hire,,NULL,NULL,NULL,NULL,NULL,NULL,NULL
DUD101099,Alejandro,Torres,2021-01-19,NULL,Active,Full-time,Senior Teacher,3,Initial Hire,,NULL,NULL,NULL,NULL,NULL,NULL,NULL
DUD101100,Jessica,Martinez,2022-08-04,NULL,Active,Full-time,ALT / English Teacher,1,Initial Hire,,NULL,NULL,NULL,NULL,NULL,NULL,NULL
DUD101101,Marco,Allen,2024-04-09,NULL,Active,Full-time,Senior Trainer,5,Initial Hire,,NULL,NULL,NULL,NULL,NULL,NULL,NULL
DUD101102,Emily,Hernandez,2022-03-24,NULL,Active,Full-time,ALT / English Teacher,1,Initial Hire,,NULL,NULL,NULL,NULL,NULL,NULL,NULL
DUD101103,John,Hall,2024-10-03,NULL,Active,Full-time,ALT / English Teacher,1,Initial Hire,,NULL,NULL,NULL,NULL,NULL,NULL,NULL
DUD101104,John,Moore,2021-11-26,NULL,Active,Full-time,ALT / English Teacher,1,Initial Hire,,NULL,NULL,NULL,NULL,NULL,NULL,NULL
DUD101105,Sarah,Martin,2024-04-23,NULL,Active,Full-time,Experienced Teacher,2,Initial Hire,,NULL,NULL,NULL,NULL,NULL,NULL,NULL
DUD101106,Sofia,Williams,2022-10-11,NULL,Active,Full-time,Experienced Teacher,2,Initial Hire,,NULL,NULL,NULL,NULL,NULL,NULL,NULL
DUD101107,Carlos,Smith,2024-08-17,NULL,Active,Full-time,Experienced Teacher,2,Initial Hire,,NULL,NULL,NULL,NULL,NULL,NULL,NULL
DUD101108,Sarah,Brown,2022-12-02,NULL,Active,Full-time,ALT / English Teacher,1,Initial Hire,,NULL,NULL,NULL,NULL,NULL,NULL,NULL
DUD101109,Marco,Jackson,2022-06-20,NULL,Active,Full-time,Experienced Teacher,2,Initial Hire,,NULL,NULL,NULL,NULL,NULL,NULL,NULL
DUD101110,Thomas,Torres,2021-05-20,NULL,Active,Full-time,ALT / English Teacher,1,Initial Hire,,NULL,NULL,NULL,NULL,NULL,NULL,NULL
DUD101111,David,Lee,2025-02-17,NULL,Active,Full-time,Trainer,4,Initial Hire,,NULL,NULL,NULL,NULL,NULL,NULL,NULL
DUD101112,Sofia,Hernandez,2022-10-20,NULL,Active,Full-time,ALT / English Teacher,1,Initial Hire,,NULL,NULL,NULL,NULL,NULL,NULL,NULL
DUD101113,Olivia,King,2021-11-10,NULL,Active,Full-time,Experienced Teacher,2,Initial Hire,,NULL,NULL,NULL,NULL,NULL,NULL,NULL
DUD101114,Miguel,White,2022-07-29,NULL,Active,Full-time,Senior Trainer,5,Initial Hire,,NULL,NULL,NULL,NULL,NULL,NULL,NULL
DUD101115,David,White,2025-06-22,NULL,Active,Full-time,ALT / English Teacher,1,Initial Hire,,NULL,NULL,NULL,NULL,NULL,NULL,NULL
DUD101116,Andres,Wilson,2025-12-10,NULL,Active,Full-time,Lead Trainer,6,Initial Hire,,NULL,NULL,NULL,NULL,NULL,NULL,NULL
DUD101117,Andres,Wilson,2025-06-20,2025-11-07,Inactive,Full-time,Senior Trainer,5,Initial Hire,Career Change,2025-11-07,Voluntary,Career Change,NULL,NULL,NULL,1
DUD101118,Hannah,Thompson,2023-09-09,2025-11-05,Inactive,Full-time,Experienced Teacher,2,Initial Hire,Performance,2025-11-05,Voluntary,Commute,4,1,1,1
DUD101119,Andres,Sanchez,2024-05-16,2026-01-13,Inactive,Full-time,Senior Teacher,3,Initial Hire,Performance,2026-01-13,Involuntary,Client Request,1,1,1,0
DUD101120,Ana,Hernandez,2025-11-29,2026-11-11,Inactive,Full-time,Senior Teacher,3,Initial Hire,Career Change,2026-11-11,Voluntary,Relocation,1,1,1,1
DUD101121,Jose,Martinez,2024-07-09,NULL,Active,Full-time,Trainer,4,Initial Hire,,NULL,NULL,NULL,NULL,NULL,NULL,NULL
DUD101122,Marco,Anderson,2025-09-07,NULL,Active,Full-time,Senior Trainer,5,Initial Hire,,NULL,NULL,NULL,NULL,NULL,NULL,NULL
DUD101123,Maria,Jackson,2025-01-04,NULL,Active,Full-time,ALT / English Teacher,1,Initial Hire,,NULL,NULL,NULL,NULL,NULL,NULL,NULL
DUD101124,Marco,Garcia,2021-06-13,NULL,Active,Full-time,ALT / English Teacher,1,Initial Hire,,NULL,NULL,NULL,NULL,NULL,NULL,NULL
DUD101125,Michael,Martin,2023-10-05,NULL,Active,Full-time,ALT / English Teacher,1,Initial Hire,,NULL,NULL,NULL,NULL,NULL,NULL,NULL
DUD101126,Juan,Davis,2022-06-19,NULL,Active,Full-time,Senior Trainer,5,Initial Hire,,NULL,NULL,NULL,NULL,NULL,NULL,NULL
DUD101127,Thomas,Williams,2022-07-14,NULL,Active,Full-time,Experienced Teacher,2,Initial Hire,,NULL,NULL,NULL,NULL,NULL,NULL,NULL
DUD101128,Hannah,Torres,2024-01-12,NULL,Active,Full-time,ALT / English Teacher,1,Initial Hire,,NULL,NULL,NULL,NULL,NULL,NULL,NULL
DUD101129,Matthew,Lee,2024-06-20,NULL,Active,Full-time,ALT / English Teacher,1,Initial Hire,,NULL,NULL,NULL,NULL,NULL,NULL,NULL
DUD101130,Olivia,Lopez,2024-09-08,NULL,Active,Full-time,ALT / English Teacher,1,Initial Hire,,NULL,NULL,NULL,NULL,NULL,NULL,NULL
DUD101131,Jessica,Williams,2026-07-24,NULL,Active,Full-time,Experienced Teacher,2,Initial Hire,,NULL,NULL,NULL,NULL,NULL,NULL,NULL
DUD101132,David,Davis,2025-07-31,NULL,Active,Full-time,ALT / English Teacher,1,Initial Hire,,NULL,NULL,NULL,NULL,NULL,NULL,NULL
DUD101133,Olivia,Allen,2025-08-15,NULL,Active,Full-time,ALT / English Teacher,1,Initial Hire,,NULL,NULL,NULL,NULL,NULL,NULL,NULL
DUD101134,Marco,Young,2025-10-17,2026-04-16,Inactive,Full-time,Trainer,4,Initial Hire,Relocation,2026-04-16,Voluntary,Relocation,5,1,1,1
DUD101135,Thomas,Hernandez,2025-10-11,NULL,Active,Full-time,Trainer,4,Initial Hire,,NULL,NULL,NULL,NULL,NULL,NULL,NULL
DUD101136,Daniel,Gonzalez,2025-01-25,NULL,Active,Full-time,Trainer,4,Initial Hire,,NULL,NULL,NULL,NULL,NULL,NULL,NULL
DUD101137,Emily,Sanchez,2025-12-04,NULL,Active,Full-time,ALT / English Teacher,1,Initial Hire,,NULL,NULL,NULL,NULL,NULL,NULL,NULL
DUD101138,Miguel,Thompson,2024-01-13,NULL,Active,Full-time,Experienced Teacher,2,Initial Hire,,NULL,NULL,NULL,NULL,NULL,NULL,NULL
DUD101139,Robert,Davis,2025-04-05,2027-09-02,Inactive,Full-time,ALT / English Teacher,1,Initial Hire,Performance,2027-09-02,Voluntary,Personal Reasons,3,0,1,1
DUD101140,Maria,Miller,2024-08-14,NULL,Active,Full-time,ALT / English Teacher,1,Initial Hire,,NULL,NULL,NULL,NULL,NULL,NULL,NULL
DUD101141,Andres,Martin,2022-09-09,NULL,Active,Full-time,ALT / English Teacher,1,Initial Hire,,NULL,NULL,NULL,NULL,NULL,NULL,NULL
DUD101142,Emily,Torres,2024-08-16,NULL,Active,Full-time,Lead Trainer,6,Initial Hire,,NULL,NULL,NULL,NULL,NULL,NULL,NULL
DUD101143,Ana,King,2024-04-26,NULL,Active,Full-time,Experienced Teacher,2,Initial Hire,,NULL,NULL,NULL,NULL,NULL,NULL,NULL
DUD101144,Ana,Smith,2025-11-28,NULL,Active,Full-time,ALT / English Teacher,1,Initial Hire,,NULL,NULL,NULL,NULL,NULL,NULL,NULL
DUD101145,Ana,Rodriguez,2025-06-07,NULL,Active,Full-time,ALT / English Teacher,1,Initial Hire,,NULL,NULL,NULL,NULL,NULL,NULL,NULL
DUD101146,David,Anderson,2024-02-02,2026-02-22,Inactive,Full-time,ALT / English Teacher,1,Initial Hire,Personal Reasons,2026-02-22,Voluntary,Compensation,3,1,0,1
DUD101147,Maria,Martin,2024-09-12,NULL,Active,Full-time,Experienced Teacher,2,Initial Hire,,NULL,NULL,NULL,NULL,NULL,NULL,NULL
DUD101148,Carlos,Williams,2021-10-03,2023-04-09,Inactive,Full-time,ALT / English Teacher,1,Initial Hire,Career Change,2023-04-09,Voluntary,Commute,5,1,1,1
DUD101149,Juan,Johnson,2021-02-15,2022-09-29,Inactive,Full-time,ALT / English Teacher,1,Initial Hire,Personal Reasons,2022-09-29,Voluntary,Work-Life Balance,5,0,1,1
DUD101150,Jose,Hernandez,2026-02-16,NULL,Active,Full-time,ALT / English Teacher,1,Initial Hire,,NULL,NULL,NULL,NULL,NULL,NULL,NULL
DUD101151,Marco,Thompson,2025-05-28,NULL,Active,Full-time,Senior Teacher,3,Initial Hire,,NULL,NULL,NULL,NULL,NULL,NULL,NULL
DUD101152,Hannah,Jackson,2025-02-24,NULL,Active,Full-time,ALT / English Teacher,1,Initial Hire,,NULL,NULL,NULL,NULL,NULL,NULL,NULL
DUD101153,Michael,Martinez,2025-07-28,NULL,Active,Full-time,Experienced Teacher,2,Initial Hire,,NULL,NULL,NULL,NULL,NULL,NULL,NULL
DUD101154,Jose,Allen,2026-06-18,NULL,Active,Full-time,ALT / English Teacher,1,Initial Hire,,NULL,NULL,NULL,NULL,NULL,NULL,NULL
DUD101155,James,Perez,2025-11-05,NULL,Active,Full-time,Trainer,4,Initial Hire,,NULL,NULL,NULL,NULL,NULL,NULL,NULL
DUD101156,Laura,Hall,2022-10-08,NULL,Active,Full-time,Lead Trainer,6,Initial Hire,,NULL,NULL,NULL,NULL,NULL,NULL,NULL
DUD101157,Emily,Taylor,2021-10-17,NULL,Active,Full-time,Lead Trainer,6,Initial Hire,,NULL,NULL,NULL,NULL,NULL,NULL,NULL
DUD101158,Michael,Anderson,2021-05-28,NULL,Active,Full-time,ALT / English Teacher,1,Initial Hire,,NULL,NULL,NULL,NULL,NULL,NULL,NULL
DUD101159,Matthew,Miller,2022-11-08,2024-03-07,Inactive,Full-time,ALT / English Teacher,1,Initial Hire,Career Change,2024-03-07,Involuntary,Contract End,4,1,1,0
DUD101160,Jose,Young,2021-12-23,2024-02-04,Inactive,Full-time,ALT / English Teacher,1,Initial Hire,Contract End,2024-02-04,Involuntary,Policy Violation,3,1,1,0
DUD101161,John,Brown,2024-10-10,NULL,Active,Full-time,ALT / English Teacher,1,Initial Hire,,NULL,NULL,NULL,NULL,NULL,NULL,NULL
DUD101162,Emma,White,2021-05-26,NULL,Active,Full-time,ALT / English Teacher,1,Initial Hire,,NULL,NULL,NULL,NULL,NULL,NULL,NULL
DUD101163,Maria,Williams,2024-04-01,2025-02-19,Inactive,Full-time,Senior Trainer,5,Initial Hire,Voluntary Resignation,2025-02-19,Voluntary,Commute,1,1,0,1
DUD101164,Sarah,Lopez,2021-02-07,2023-04-25,Inactive,Full-time,ALT / English Teacher,1,Initial Hire,Personal Reasons,2023-04-25,Voluntary,Relocation,4,1,1,1
DUD101165,Hannah,Lee,2025-12-06,NULL,Active,Full-time,ALT / English Teacher,1,Initial Hire,,NULL,NULL,NULL,NULL,NULL,NULL,NULL
DUD101166,Miguel,Miller,2021-09-01,NULL,Active,Full-time,Lead Trainer,6,Initial Hire,,NULL,NULL,NULL,NULL,NULL,NULL,NULL
DUD101167,Jessica,Brown,2022-05-10,NULL,Active,Full-time,ALT / English Teacher,1,Initial Hire,,NULL,NULL,NULL,NULL,NULL,NULL,NULL
DUD101168,Olivia,Martin,2024-11-18,NULL,Active,Full-time,Experienced Teacher,2,Initial Hire,,NULL,NULL,NULL,NULL,NULL,NULL,NULL
DUD101169,William,Lopez,2022-05-06,NULL,Active,Full-time,ALT / English Teacher,1,Initial Hire,,NULL,NULL,NULL,NULL,NULL,NULL,NULL
DUD101170,Laura,King,2021-12-14,NULL,Active,Full-time,ALT / English Teacher,1,Initial Hire,,NULL,NULL,NULL,NULL,NULL,NULL,NULL
DUD101171,Diego,Davis,2022-08-14,NULL,Active,Full-time,ALT / English Teacher,1,Initial Hire,,NULL,NULL,NULL,NULL,NULL,NULL,NULL
DUD101172,Diego,Miller,2021-04-17,NULL,Active,Full-time,ALT / English Teacher,1,Initial Hire,,NULL,NULL,NULL,NULL,NULL,NULL,NULL
DUD101173,Sarah,White,2021-10-12,NULL,Active,Full-time,ALT / English Teacher,1,Initial Hire,,NULL,NULL,NULL,NULL,NULL,NULL,NULL
DUD101174,Emily,Martin,2024-07-14,NULL,Active,Full-time,ALT / English Teacher,1,Initial Hire,,NULL,NULL,NULL,NULL,NULL,NULL,NULL
DUD101175,Emily,Taylor,2025-11-25,NULL,Active,Full-time,Lead Trainer,6,Initial Hire,,NULL,NULL,NULL,NULL,NULL,NULL,NULL
DUD101176,James,Johnson,2022-03-27,NULL,Active,Full-time,ALT / English Teacher,1,Initial Hire,,NULL,NULL,NULL,NULL,NULL,NULL,NULL
DUD101177,Ana,Thompson,2026-07-11,2026-11-15,Inactive,Full-time,ALT / English Teacher,1,Initial Hire,Voluntary Resignation,2026-11-15,Voluntary,Compensation,5,0,1,1
DUD101178,Alejandro,Davis,2026-06-01,NULL,Active,Full-time,Experienced Teacher,2,Initial Hire,,NULL,NULL,NULL,NULL,NULL,NULL,NULL
DUD101179,Miguel,Martin,2025-03-27,NULL,Active,Full-time,ALT / English Teacher,1,Initial Hire,,NULL,NULL,NULL,NULL,NULL,NULL,NULL
DUD101180,Thomas,Anderson,2025-07-21,NULL,Active,Full-time,Senior Trainer,5,Initial Hire,,NULL,NULL,NULL,NULL,NULL,NULL,NULL
DUD101181,David,Brown,2021-01-17,NULL,Active,Full-time,Senior Teacher,3,Initial Hire,,NULL,NULL,NULL,NULL,NULL,NULL,NULL
DUD101182,Michael,Moore,2025-01-24,2026-07-20,Inactive,Full-time,ALT / English Teacher,1,Initial Hire,Relocation,2026-07-20,Voluntary,Career Change,NULL,NULL,NULL,1
DUD101183,Sofia,Johnson,2022-04-27,2023-03-08,Inactive,Full-time,Senior Trainer,5,Initial Hire,Relocation,2023-03-08,Voluntary,Commute,2,1,0,1
DUD101184,Emily,Garcia,2025-06-13,NULL,Active,Full-time,ALT / English Teacher,1,Initial Hire,,NULL,NULL,NULL,NULL,NULL,NULL,NULL
DUD101185,Jessica,Lee,2021-11-02,NULL,Active,Full-time,ALT / English Teacher,1,Initial Hire,,NULL,NULL,NULL,NULL,NULL,NULL,NULL
DUD101186,Matthew,Allen,2025-05-05,NULL,Active,Full-time,Experienced Teacher,2,Initial Hire,,NULL,NULL,NULL,NULL,NULL,NULL,NULL
DUD101187,James,Martin,2024-03-07,NULL,Active,Full-time,ALT / English Teacher,1,Initial Hire,,NULL,NULL,NULL,NULL,NULL,NULL,NULL
DUD101188,William,King,2025-09-28,NULL,Active,Full-time,ALT / English Teacher,1,Initial Hire,,NULL,NULL,NULL,NULL,NULL,NULL,NULL
DUD101189,Christopher,Jackson,2024-07-14,NULL,Active,Full-time,Senior Trainer,5,Initial Hire,,NULL,NULL,NULL,NULL,NULL,NULL,NULL
DUD101190,Jose,Young,2022-12-15,NULL,Active,Full-time,Senior Trainer,5,Initial Hire,,NULL,NULL,NULL,NULL,NULL,NULL,NULL
DUD101191,Carlos,Martinez,2023-03-26,NULL,Active,Full-time,Senior Trainer,5,Initial Hire,,NULL,NULL,NULL,NULL,NULL,NULL,NULL
DUD101192,Maria,Miller,2022-11-24,NULL,Active,Full-time,Senior Teacher,3,Initial Hire,,NULL,NULL,NULL,NULL,NULL,NULL,NULL
DUD101193,Sarah,Jackson,2021-01-07,NULL,Active,Full-time,Experienced Teacher,2,Initial Hire,,NULL,NULL,NULL,NULL,NULL,NULL,NULL
DUD101194,Alejandro,Gonzalez,2025-01-07,NULL,Active,Full-time,ALT / English Teacher,1,Initial Hire,,NULL,NULL,NULL,NULL,NULL,NULL,NULL
DUD101195,James,Walker,2021-05-31,NULL,Active,Full-time,ALT / English Teacher,1,Initial Hire,,NULL,NULL,NULL,NULL,NULL,NULL,NULL
DUD101196,Juan,Moore,2023-12-02,NULL,Active,Full-time,ALT / English Teacher,1,Initial Hire,,NULL,NULL,NULL,NULL,NULL,NULL,NULL
DUD101197,William,Ramirez,2026-02-14,2026-09-16,Inactive,Full-time,Experienced Teacher,2,Initial Hire,Contract End,2026-09-16,Voluntary,Compensation,NULL,NULL,NULL,1
DUD101198,Olivia,Sanchez,2025-01-27,2025-10-30,Inactive,Full-time,Experienced Teacher,2,Initial Hire,Personal Reasons,2025-10-30,Involuntary,Client Request,1,1,1,0
DUD101199,Luis,Garcia,2021-09-22,NULL,Active,Full-time,ALT / English Teacher,1,Initial Hire,,NULL,NULL,NULL,NULL,NULL,NULL,NULL
DUD101200,Luis,Lee,2023-11-10,NULL,Active,Full-time,ALT / English Teacher,1,Initial Hire,,NULL,NULL,NULL,NULL,NULL,NULL,NULL
DUD101201,Luis,Anderson,2024-02-04,2025-08-23,Inactive,Full-time,ALT / English Teacher,1,Initial Hire,Relocation,2025-08-23,Voluntary,Compensation,3,1,1,1
DUD101202,William,Walker,2021-03-20,NULL,Active,Full-time,ALT / English Teacher,1,Initial Hire,,NULL,NULL,NULL,NULL,NULL,NULL,NULL
DUD101203,Hannah,Hernandez,2024-10-14,2026-04-24,Inactive,Full-time,Experienced Teacher,2,Initial Hire,Contract End,2026-04-24,Voluntary,Career Development,NULL,NULL,NULL,1
DUD101204,Hannah,Rodriguez,2024-06-08,NULL,Active,Full-time,ALT / English Teacher,1,Initial Hire,,NULL,NULL,NULL,NULL,NULL,NULL,NULL
DUD101205,John,Sanchez,2024-12-14,2026-11-09,Inactive,Full-time,ALT / English Teacher,1,Initial Hire,Performance,2026-11-09,Involuntary,Performance,5,0,0,0
DUD101206,William,White,2023-08-03,NULL,Active,Full-time,ALT / English Teacher,1,Initial Hire,,NULL,NULL,NULL,NULL,NULL,NULL,NULL
DUD101207,David,Hernandez,2025-12-24,2026-10-14,Inactive,Full-time,Experienced Teacher,2,Initial Hire,Performance,2026-10-14,Voluntary,Career Change,2,1,0,1
DUD101208,Carlos,Taylor,2024-04-26,2026-08-28,Inactive,Full-time,ALT / English Teacher,1,Initial Hire,Voluntary Resignation,2026-08-28,Voluntary,Assignment Issues,4,1,1,1
DUD101209,Juan,Martin,2021-04-23,NULL,Active,Full-time,ALT / English Teacher,1,Initial Hire,,NULL,NULL,NULL,NULL,NULL,NULL,NULL
DUD101210,Marco,Jackson,2023-07-24,NULL,Active,Full-time,Senior Teacher,3,Initial Hire,,NULL,NULL,NULL,NULL,NULL,NULL,NULL
DUD101211,Michael,Perez,2024-03-22,NULL,Active,Full-time,ALT / English Teacher,1,Initial Hire,,NULL,NULL,NULL,NULL,NULL,NULL,NULL
DUD101212,Ana,Miller,2022-07-29,NULL,Active,Full-time,ALT / English Teacher,1,Initial Hire,,NULL,NULL,NULL,NULL,NULL,NULL,NULL
DUD101213,Miguel,White,2021-01-21,2023-06-15,Inactive,Full-time,Lead Trainer,6,Initial Hire,Voluntary Resignation,2023-06-15,Voluntary,Compensation,5,0,0,1
DUD101214,Michael,King,2023-09-29,NULL,Active,Full-time,Lead Trainer,6,Initial Hire,,NULL,NULL,NULL,NULL,NULL,NULL,NULL
DUD101215,Michael,White,2025-03-23,NULL,Active,Full-time,Experienced Teacher,2,Initial Hire,,NULL,NULL,NULL,NULL,NULL,NULL,NULL
DUD101216,Maria,Rodriguez,2022-11-11,NULL,Active,Full-time,Experienced Teacher,2,Initial Hire,,NULL,NULL,NULL,NULL,NULL,NULL,NULL
DUD101217,Sofia,Rodriguez,2025-11-25,NULL,Active,Full-time,ALT / English Teacher,1,Initial Hire,,NULL,NULL,NULL,NULL,NULL,NULL,NULL
DUD101218,Daniel,Perez,2025-11-07,2027-01-11,Inactive,Full-time,Lead Trainer,6,Initial Hire,Personal Reasons,2027-01-11,Voluntary,Relocation,2,1,1,1
DUD101219,John,Miller,2022-09-29,2023-02-23,Inactive,Full-time,ALT / English Teacher,1,Initial Hire,Contract End,2023-02-23,Voluntary,Commute,1,0,0,1
DUD101220,Miguel,Hall,2025-09-04,2026-07-15,Inactive,Full-time,ALT / English Teacher,1,Initial Hire,Personal Reasons,2026-07-15,Voluntary,Career Development,NULL,NULL,NULL,1
DUD101221,James,Ramirez,2025-06-04,NULL,Active,Full-time,ALT / English Teacher,1,Initial Hire,,NULL,NULL,NULL,NULL,NULL,NULL,NULL
DUD101222,William,Moore,2025-03-05,NULL,Active,Full-time,ALT / English Teacher,1,Initial Hire,,NULL,NULL,NULL,NULL,NULL,NULL,NULL
DUD101223,Sarah,Gonzalez,2023-03-02,NULL,Active,Full-time,Experienced Teacher,2,Initial Hire,,NULL,NULL,NULL,NULL,NULL,NULL,NULL
DUD101224,Andres,Taylor,2021-05-28,2023-10-01,Inactive,Full-time,ALT / English Teacher,1,Initial Hire,Career Change,2023-10-01,Voluntary,Personal Reasons,1,0,1,1
DUD101225,Juan,Perez,2022-02-11,NULL,Active,Full-time,ALT / English Teacher,1,Initial Hire,,NULL,NULL,NULL,NULL,NULL,NULL,NULL
DUD101226,Juan,Smith,2022-04-15,NULL,Active,Full-time,Experienced Teacher,2,Initial Hire,,NULL,NULL,NULL,NULL,NULL,NULL,NULL
DUD101227,David,Lopez,2021-03-30,NULL,Active,Full-time,ALT / English Teacher,1,Initial Hire,,NULL,NULL,NULL,NULL,NULL,NULL,NULL
DUD101228,John,Jackson,2021-11-10,NULL,Active,Full-time,ALT / English Teacher,1,Initial Hire,,NULL,NULL,NULL,NULL,NULL,NULL,NULL
DUD101229,Michael,Anderson,2024-07-12,NULL,Active,Full-time,ALT / English Teacher,1,Initial Hire,,NULL,NULL,NULL,NULL,NULL,NULL,NULL
DUD101230,Carlos,Moore,2023-06-20,2024-04-23,Inactive,Full-time,Experienced Teacher,2,Initial Hire,Contract End,2024-04-23,Voluntary,Career Change,3,1,0,1
DUD101231,Carlos,Davis,2023-08-19,NULL,Active,Full-time,ALT / English Teacher,1,Initial Hire,,NULL,NULL,NULL,NULL,NULL,NULL,NULL
DUD101232,Alejandro,Hall,2024-01-28,2025-07-18,Inactive,Full-time,ALT / English Teacher,1,Initial Hire,Voluntary Resignation,2025-07-18,Voluntary,Relocation,4,1,0,1
DUD101233,Luis,Ramirez,2021-05-13,NULL,Active,Full-time,ALT / English Teacher,1,Initial Hire,,NULL,NULL,NULL,NULL,NULL,NULL,NULL
DUD101234,Robert,Davis,2021-02-10,NULL,Active,Full-time,ALT / English Teacher,1,Initial Hire,,NULL,NULL,NULL,NULL,NULL,NULL,NULL
DUD101235,William,Ramirez,2021-01-19,NULL,Active,Full-time,ALT / English Teacher,1,Initial Hire,,NULL,NULL,NULL,NULL,NULL,NULL,NULL
DUD101236,John,Walker,2026-01-15,NULL,Active,Full-time,Senior Trainer,5,Initial Hire,,NULL,NULL,NULL,NULL,NULL,NULL,NULL
DUD101237,James,Perez,2025-06-07,NULL,Active,Full-time,ALT / English Teacher,1,Initial Hire,,NULL,NULL,NULL,NULL,NULL,NULL,NULL
DUD101238,Andres,Garcia,2026-05-16,2028-07-16,Inactive,Full-time,ALT / English Teacher,1,Initial Hire,Personal Reasons,2028-07-16,Voluntary,Work-Life Balance,4,0,1,1
DUD101239,Alejandro,Martinez,2023-03-05,NULL,Active,Full-time,Senior Teacher,3,Initial Hire,,NULL,NULL,NULL,NULL,NULL,NULL,NULL
DUD101240,Christopher,Martinez,2026-07-21,2028-03-19,Inactive,Full-time,ALT / English Teacher,1,Initial Hire,Performance,2028-03-19,Involuntary,Policy Violation,4,1,1,0
DUD101241,Daniel,Allen,2025-05-29,2027-03-13,Inactive,Full-time,Experienced Teacher,2,Initial Hire,Relocation,2027-03-13,Voluntary,Commute,4,0,1,1
DUD101242,Thomas,Perez,2022-12-09,2025-05-22,Inactive,Full-time,ALT / English Teacher,1,Initial Hire,Relocation,2025-05-22,Voluntary,Assignment Issues,2,1,0,1
DUD101243,Matthew,Johnson,2022-05-31,NULL,Active,Full-time,Senior Teacher,3,Initial Hire,,NULL,NULL,NULL,NULL,NULL,NULL,NULL
DUD101244,Sofia,King,2026-04-20,NULL,Active,Full-time,ALT / English Teacher,1,Initial Hire,,NULL,NULL,NULL,NULL,NULL,NULL,NULL
DUD101245,Laura,Davis,2021-08-03,NULL,Active,Full-time,ALT / English Teacher,1,Initial Hire,,NULL,NULL,NULL,NULL,NULL,NULL,NULL
DUD101246,David,Rodriguez,2023-10-20,NULL,Active,Full-time,ALT / English Teacher,1,Initial Hire,,NULL,NULL,NULL,NULL,NULL,NULL,NULL
DUD101247,Jose,Wilson,2021-11-05,NULL,Active,Full-time,ALT / English Teacher,1,Initial Hire,,NULL,NULL,NULL,NULL,NULL,NULL,NULL
DUD101248,Hannah,Hall,2025-09-13,2027-03-08,Inactive,Full-time,Experienced Teacher,2,Initial Hire,Performance,2027-03-08,Voluntary,Relocation,NULL,NULL,NULL,1
DUD101249,Andres,Torres,2022-03-28,NULL,Active,Full-time,Lead Trainer,6,Initial Hire,,NULL,NULL,NULL,NULL,NULL,NULL,NULL
DUD101250,Maria,Brown,2023-06-21,2024-08-01,Inactive,Full-time,ALT / English Teacher,1,Initial Hire,Career Change,2024-08-01,Voluntary,Personal Reasons,4,1,0,1
DUD101251,Alejandro,Perez,2022-05-24,NULL,Active,Full-time,ALT / English Teacher,1,Initial Hire,,NULL,NULL,NULL,NULL,NULL,NULL,NULL
DUD101252,Robert,Jackson,2024-12-16,NULL,Active,Full-time,ALT / English Teacher,1,Initial Hire,,NULL,NULL,NULL,NULL,NULL,NULL,NULL
DUD101253,Andres,Brown,2021-01-14,NULL,Active,Full-time,Lead Trainer,6,Initial Hire,,NULL,NULL,NULL,NULL,NULL,NULL,NULL
DUD101254,Robert,Johnson,2024-01-15,NULL,Active,Full-time,Senior Teacher,3,Initial Hire,,NULL,NULL,NULL,NULL,NULL,NULL,NULL
DUD101255,Emily,King,2025-03-12,2027-08-07,Inactive,Full-time,Senior Teacher,3,Initial Hire,Personal Reasons,2027-08-07,Voluntary,Work-Life Balance,3,1,1,1
DUD101256,Ana,Smith,2024-07-25,NULL,Active,Full-time,ALT / English Teacher,1,Initial Hire,,NULL,NULL,NULL,NULL,NULL,NULL,NULL
DUD101257,Laura,Miller,2024-02-28,NULL,Active,Full-time,ALT / English Teacher,1,Initial Hire,,NULL,NULL,NULL,NULL,NULL,NULL,NULL
DUD101258,Diego,Martinez,2022-06-10,NULL,Active,Full-time,Senior Teacher,3,Initial Hire,,NULL,NULL,NULL,NULL,NULL,NULL,NULL
DUD101259,Marco,Ramirez,2023-08-01,2025-12-18,Inactive,Full-time,Trainer,4,Initial Hire,Relocation,2025-12-18,Voluntary,Returning Home,2,0,0,1
DUD101260,Alejandro,Martinez,2022-06-17,NULL,Active,Full-time,Experienced Teacher,2,Initial Hire,,NULL,NULL,NULL,NULL,NULL,NULL,NULL
DUD101261,Diego,Perez,2021-10-02,NULL,Active,Full-time,ALT / English Teacher,1,Initial Hire,,NULL,NULL,NULL,NULL,NULL,NULL,NULL
DUD101262,Carlos,Hall,2024-10-19,NULL,Active,Full-time,ALT / English Teacher,1,Initial Hire,,NULL,NULL,NULL,NULL,NULL,NULL,NULL
DUD101263,Sarah,Lee,2023-05-31,2024-09-10,Inactive,Full-time,ALT / English Teacher,1,Initial Hire,Contract End,2024-09-10,Voluntary,Assignment Issues,3,0,0,1
DUD101264,Sofia,Perez,2023-04-09,NULL,Active,Full-time,ALT / English Teacher,1,Initial Hire,,NULL,NULL,NULL,NULL,NULL,NULL,NULL
DUD101265,Maria,Martin,2021-02-17,NULL,Active,Full-time,Trainer,4,Initial Hire,,NULL,NULL,NULL,NULL,NULL,NULL,NULL
DUD101266,Emma,Jackson,2021-01-28,NULL,Active,Full-time,ALT / English Teacher,1,Initial Hire,,NULL,NULL,NULL,NULL,NULL,NULL,NULL
DUD101267,Jose,Smith,2022-10-15,2024-01-23,Inactive,Full-time,ALT / English Teacher,1,Initial Hire,Performance,2024-01-23,Voluntary,Compensation,NULL,NULL,NULL,1
DUD101268,Matthew,Young,2022-04-27,NULL,Active,Full-time,Senior Teacher,3,Initial Hire,,NULL,NULL,NULL,NULL,NULL,NULL,NULL
DUD101269,Emily,Walker,2022-12-07,2024-09-02,Inactive,Full-time,ALT / English Teacher,1,Initial Hire,Contract End,2024-09-02,Voluntary,Relocation,5,1,0,1
DUD101270,Andres,Sanchez,2021-05-28,NULL,Active,Full-time,ALT / English Teacher,1,Initial Hire,,NULL,NULL,NULL,NULL,NULL,NULL,NULL
DUD101271,Michael,Hall,2025-03-11,NULL,Active,Full-time,ALT / English Teacher,1,Initial Hire,,NULL,NULL,NULL,NULL,NULL,NULL,NULL
DUD101272,Diego,Martin,2023-05-15,NULL,Active,Full-time,ALT / English Teacher,1,Initial Hire,,NULL,NULL,NULL,NULL,NULL,NULL,NULL
DUD101273,Juan,Lopez,2021-02-02,NULL,Active,Full-time,ALT / English Teacher,1,Initial Hire,,NULL,NULL,NULL,NULL,NULL,NULL,NULL
DUD101274,Ana,King,2026-06-13,NULL,Active,Full-time,Senior Teacher,3,Initial Hire,,NULL,NULL,NULL,NULL,NULL,NULL,NULL
DUD101275,William,Johnson,2023-10-26,2024-10-31,Inactive,Full-time,ALT / English Teacher,1,Initial Hire,Performance,2024-10-31,Voluntary,Career Development,5,1,1,1
DUD101276,Emma,Williams,2025-01-24,NULL,Active,Full-time,ALT / English Teacher,1,Initial Hire,,NULL,NULL,NULL,NULL,NULL,NULL,NULL
DUD101277,Sarah,Thompson,2024-11-07,NULL,Active,Full-time,Senior Teacher,3,Initial Hire,,NULL,NULL,NULL,NULL,NULL,NULL,NULL
DUD101278,Maria,Walker,2025-07-23,NULL,Active,Full-time,ALT / English Teacher,1,Initial Hire,,NULL,NULL,NULL,NULL,NULL,NULL,NULL
DUD101279,Michael,Torres,2026-07-24,NULL,Active,Full-time,ALT / English Teacher,1,Initial Hire,,NULL,NULL,NULL,NULL,NULL,NULL,NULL
DUD101280,James,Hall,2021-08-02,NULL,Active,Full-time,ALT / English Teacher,1,Initial Hire,,NULL,NULL,NULL,NULL,NULL,NULL,NULL
DUD101281,Sofia,Hall,2024-04-20,NULL,Active,Full-time,ALT / English Teacher,1,Initial Hire,,NULL,NULL,NULL,NULL,NULL,NULL,NULL
DUD101282,Emily,Miller,2025-07-08,NULL,Active,Full-time,ALT / English Teacher,1,Initial Hire,,NULL,NULL,NULL,NULL,NULL,NULL,NULL
DUD101283,Matthew,Sanchez,2026-07-29,NULL,Active,Full-time,ALT / English Teacher,1,Initial Hire,,NULL,NULL,NULL,NULL,NULL,NULL,NULL
DUD101284,Jessica,Martin,2026-03-11,2027-09-04,Inactive,Full-time,Experienced Teacher,2,Initial Hire,Career Change,2027-09-04,Voluntary,Career Change,2,0,1,1
DUD101285,Robert,King,2021-11-20,2022-09-05,Inactive,Full-time,ALT / English Teacher,1,Initial Hire,Relocation,2022-09-05,Voluntary,Relocation,NULL,NULL,NULL,1
DUD101286,Marco,Thompson,2022-10-19,NULL,Active,Full-time,Lead Trainer,6,Initial Hire,,NULL,NULL,NULL,NULL,NULL,NULL,NULL
DUD101287,Emma,Taylor,2026-03-20,NULL,Active,Full-time,Senior Trainer,5,Initial Hire,,NULL,NULL,NULL,NULL,NULL,NULL,NULL
DUD101288,Miguel,Perez,2024-07-11,2025-07-19,Inactive,Full-time,Experienced Teacher,2,Initial Hire,Contract End,2025-07-19,Voluntary,Assignment Issues,NULL,NULL,NULL,1
DUD101289,Laura,Martin,2024-03-21,NULL,Active,Full-time,ALT / English Teacher,1,Initial Hire,,NULL,NULL,NULL,NULL,NULL,NULL,NULL
DUD101290,Sarah,Torres,2026-07-03,2027-10-13,Inactive,Full-time,ALT / English Teacher,1,Initial Hire,Performance,2027-10-13,Voluntary,Compensation,3,0,1,1
DUD101291,Diego,Brown,2025-12-24,NULL,Active,Full-time,Senior Trainer,5,Initial Hire,,NULL,NULL,NULL,NULL,NULL,NULL,NULL
DUD101292,William,Perez,2024-12-02,NULL,Active,Full-time,ALT / English Teacher,1,Initial Hire,,NULL,NULL,NULL,NULL,NULL,NULL,NULL
DUD101293,Christopher,King,2025-04-06,NULL,Active,Full-time,ALT / English Teacher,1,Initial Hire,,NULL,NULL,NULL,NULL,NULL,NULL,NULL
DUD101294,Maria,Thompson,2023-05-14,NULL,Active,Full-time,Trainer,4,Initial Hire,,NULL,NULL,NULL,NULL,NULL,NULL,NULL
DUD101295,Marco,Thompson,2024-05-24,2026-08-27,Inactive,Full-time,Trainer,4,Initial Hire,Voluntary Resignation,2026-08-27,Voluntary,Compensation,3,0,1,1
DUD101296,Laura,Martin,2024-08-19,NULL,Active,Full-time,Senior Trainer,5,Initial Hire,,NULL,NULL,NULL,NULL,NULL,NULL,NULL
DUD101297,Thomas,Lee,2022-06-30,NULL,Active,Full-time,Experienced Teacher,2,Initial Hire,,NULL,NULL,NULL,NULL,NULL,NULL,NULL
DUD101298,Christopher,Thompson,2023-07-15,NULL,Active,Full-time,ALT / English Teacher,1,Initial Hire,,NULL,NULL,NULL,NULL,NULL,NULL,NULL
DUD101299,Matthew,Moore,2025-12-26,NULL,Active,Full-time,Lead Trainer,6,Initial Hire,,NULL,NULL,NULL,NULL,NULL,NULL,NULL
DUD101300,Jose,Anderson,2025-10-16,NULL,Active,Full-time,ALT / English Teacher,1,Initial Hire,,NULL,NULL,NULL,NULL,NULL,NULL,NULL
DUD101301,Jose,Smith,2022-08-04,NULL,Active,Full-time,ALT / English Teacher,1,Initial Hire,,NULL,NULL,NULL,NULL,NULL,NULL,NULL
DUD101302,Diego,Jackson,2023-01-02,NULL,Active,Full-time,ALT / English Teacher,1,Initial Hire,,NULL,NULL,NULL,NULL,NULL,NULL,NULL
DUD101303,Michael,Martinez,2021-06-22,NULL,Active,Full-time,ALT / English Teacher,1,Initial Hire,,NULL,NULL,NULL,NULL,NULL,NULL,NULL
DUD101304,David,Wilson,2022-03-11,NULL,Active,Full-time,Senior Teacher,3,Initial Hire,,NULL,NULL,NULL,NULL,NULL,NULL,NULL
DUD101305,Emma,Williams,2022-01-08,NULL,Active,Full-time,ALT / English Teacher,1,Initial Hire,,NULL,NULL,NULL,NULL,NULL,NULL,NULL
DUD101306,Carlos,Rodriguez,2025-10-16,NULL,Active,Full-time,Experienced Teacher,2,Initial Hire,,NULL,NULL,NULL,NULL,NULL,NULL,NULL
DUD101307,Marco,Jackson,2023-12-03,NULL,Active,Full-time,Experienced Teacher,2,Initial Hire,,NULL,NULL,NULL,NULL,NULL,NULL,NULL
DUD101308,Diego,Young,2023-04-08,NULL,Active,Full-time,ALT / English Teacher,1,Initial Hire,,NULL,NULL,NULL,NULL,NULL,NULL,NULL
DUD101309,Alejandro,Garcia,2021-01-05,NULL,Active,Full-time,Experienced Teacher,2,Initial Hire,,NULL,NULL,NULL,NULL,NULL,NULL,NULL
DUD101310,James,Wilson,2025-11-18,NULL,Active,Full-time,Experienced Teacher,2,Initial Hire,,NULL,NULL,NULL,NULL,NULL,NULL,NULL
DUD101311,John,Garcia,2025-07-20,NULL,Active,Full-time,ALT / English Teacher,1,Initial Hire,,NULL,NULL,NULL,NULL,NULL,NULL,NULL
DUD101312,Alejandro,Lee,2026-04-01,NULL,Active,Full-time,Lead Trainer,6,Initial Hire,,NULL,NULL,NULL,NULL,NULL,NULL,NULL
DUD101313,Diego,Taylor,2025-11-16,NULL,Active,Full-time,ALT / English Teacher,1,Initial Hire,,NULL,NULL,NULL,NULL,NULL,NULL,NULL
DUD101314,Jessica,Allen,2021-06-17,NULL,Active,Full-time,Experienced Teacher,2,Initial Hire,,NULL,NULL,NULL,NULL,NULL,NULL,NULL
DUD101315,Robert,Thompson,2026-06-14,NULL,Active,Full-time,ALT / English Teacher,1,Initial Hire,,NULL,NULL,NULL,NULL,NULL,NULL,NULL
DUD101316,Andres,Garcia,2025-05-25,NULL,Active,Full-time,Senior Trainer,5,Initial Hire,,NULL,NULL,NULL,NULL,NULL,NULL,NULL
DUD101317,Luis,Hernandez,2026-06-19,NULL,Active,Full-time,ALT / English Teacher,1,Initial Hire,,NULL,NULL,NULL,NULL,NULL,NULL,NULL
DUD101318,Sarah,Wilson,2021-07-08,2022-11-30,Inactive,Full-time,ALT / English Teacher,1,Initial Hire,Performance,2022-11-30,Voluntary,Returning Home,1,0,1,1
DUD101319,Jose,Lopez,2021-12-21,2023-01-04,Inactive,Full-time,ALT / English Teacher,1,Initial Hire,Contract End,2023-01-04,Voluntary,Personal Reasons,4,1,1,1
DUD101320,Matthew,Allen,2024-01-19,NULL,Active,Full-time,Senior Trainer,5,Initial Hire,,NULL,NULL,NULL,NULL,NULL,NULL,NULL
DUD101321,Michael,Torres,2022-12-21,NULL,Active,Full-time,ALT / English Teacher,1,Initial Hire,,NULL,NULL,NULL,NULL,NULL,NULL,NULL
DUD101322,James,Wilson,2026-02-05,NULL,Active,Full-time,ALT / English Teacher,1,Initial Hire,,NULL,NULL,NULL,NULL,NULL,NULL,NULL
DUD101323,Christopher,Miller,2024-03-03,NULL,Active,Full-time,ALT / English Teacher,1,Initial Hire,,NULL,NULL,NULL,NULL,NULL,NULL,NULL
DUD101324,Matthew,White,2022-05-30,NULL,Active,Full-time,ALT / English Teacher,1,Initial Hire,,NULL,NULL,NULL,NULL,NULL,NULL,NULL
DUD101325,Michael,Perez,2022-02-02,2023-04-08,Inactive,Full-time,Experienced Teacher,2,Initial Hire,Career Change,2023-04-08,Voluntary,Career Change,2,1,1,1
DUD101326,Juan,Torres,2026-02-02,NULL,Active,Full-time,ALT / English Teacher,1,Initial Hire,,NULL,NULL,NULL,NULL,NULL,NULL,NULL
DUD101327,Matthew,Miller,2024-05-09,2025-05-20,Inactive,Full-time,Senior Trainer,5,Initial Hire,Relocation,2025-05-20,Voluntary,Career Change,5,1,0,1
DUD101328,Diego,Walker,2024-10-23,NULL,Active,Full-time,Experienced Teacher,2,Initial Hire,,NULL,NULL,NULL,NULL,NULL,NULL,NULL
DUD101329,Sarah,Moore,2021-10-27,NULL,Active,Full-time,ALT / English Teacher,1,Initial Hire,,NULL,NULL,NULL,NULL,NULL,NULL,NULL
DUD101330,Diego,Allen,2022-09-19,NULL,Active,Full-time,ALT / English Teacher,1,Initial Hire,,NULL,NULL,NULL,NULL,NULL,NULL,NULL
DUD101331,Maria,White,2025-06-16,NULL,Active,Full-time,Experienced Teacher,2,Initial Hire,,NULL,NULL,NULL,NULL,NULL,NULL,NULL
DUD101332,Hannah,Sanchez,2026-01-13,NULL,Active,Full-time,ALT / English Teacher,1,Initial Hire,,NULL,NULL,NULL,NULL,NULL,NULL,NULL
DUD101333,Luis,Wilson,2025-05-01,NULL,Active,Full-time,ALT / English Teacher,1,Initial Hire,,NULL,NULL,NULL,NULL,NULL,NULL,NULL
DUD101334,Emily,Garcia,2026-06-10,2027-03-21,Inactive,Full-time,ALT / English Teacher,1,Initial Hire,Voluntary Resignation,2027-03-21,Involuntary,Performance,NULL,NULL,NULL,0
DUD101335,Andres,Torres,2024-11-16,NULL,Active,Full-time,ALT / English Teacher,1,Initial Hire,,NULL,NULL,NULL,NULL,NULL,NULL,NULL
DUD101336,Jose,Wilson,2023-03-28,NULL,Active,Full-time,Trainer,4,Initial Hire,,NULL,NULL,NULL,NULL,NULL,NULL,NULL
DUD101337,Emma,Martinez,2025-02-03,NULL,Active,Full-time,Senior Trainer,5,Initial Hire,,NULL,NULL,NULL,NULL,NULL,NULL,NULL
DUD101338,Alejandro,Johnson,2026-02-17,NULL,Active,Full-time,Senior Teacher,3,Initial Hire,,NULL,NULL,NULL,NULL,NULL,NULL,NULL
DUD101339,Carlos,Martin,2021-08-13,NULL,Active,Full-time,Lead Trainer,6,Initial Hire,,NULL,NULL,NULL,NULL,NULL,NULL,NULL
DUD101340,Laura,Perez,2023-09-18,NULL,Active,Full-time,Senior Teacher,3,Initial Hire,,NULL,NULL,NULL,NULL,NULL,NULL,NULL
DUD101341,Ana,Torres,2023-03-07,NULL,Active,Full-time,ALT / English Teacher,1,Initial Hire,,NULL,NULL,NULL,NULL,NULL,NULL,NULL
DUD101342,Laura,Perez,2026-01-09,NULL,Active,Full-time,Senior Teacher,3,Initial Hire,,NULL,NULL,NULL,NULL,NULL,NULL,NULL
DUD101343,Olivia,Moore,2024-01-17,NULL,Active,Full-time,Experienced Teacher,2,Initial Hire,,NULL,NULL,NULL,NULL,NULL,NULL,NULL
DUD101344,Daniel,Moore,2022-09-15,NULL,Active,Full-time,ALT / English Teacher,1,Initial Hire,,NULL,NULL,NULL,NULL,NULL,NULL,NULL
DUD101345,Alejandro,Moore,2021-05-27,NULL,Active,Full-time,ALT / English Teacher,1,Initial Hire,,NULL,NULL,NULL,NULL,NULL,NULL,NULL
DUD101346,Robert,Martinez,2024-03-23,NULL,Active,Full-time,Trainer,4,Initial Hire,,NULL,NULL,NULL,NULL,NULL,NULL,NULL
DUD101347,Olivia,Thompson,2023-07-07,2024-02-08,Inactive,Full-time,Senior Teacher,3,Initial Hire,Career Change,2024-02-08,Voluntary,Personal Reasons,1,0,1,1
DUD101348,Jose,Martinez,2021-10-18,NULL,Active,Full-time,ALT / English Teacher,1,Initial Hire,,NULL,NULL,NULL,NULL,NULL,NULL,NULL
DUD101349,Matthew,Williams,2025-05-26,NULL,Active,Full-time,Senior Teacher,3,Initial Hire,,NULL,NULL,NULL,NULL,NULL,NULL,NULL
DUD101350,Alejandro,Miller,2025-03-04,NULL,Active,Full-time,Experienced Teacher,2,Initial Hire,,NULL,NULL,NULL,NULL,NULL,NULL,NULL
DUD101351,William,Ramirez,2024-09-25,NULL,Active,Full-time,Senior Teacher,3,Initial Hire,,NULL,NULL,NULL,NULL,NULL,NULL,NULL
DUD101352,Sarah,Davis,2025-10-31,NULL,Active,Full-time,Experienced Teacher,2,Initial Hire,,NULL,NULL,NULL,NULL,NULL,NULL,NULL
DUD101353,Diego,Lopez,2024-04-18,2025-12-14,Inactive,Full-time,ALT / English Teacher,1,Initial Hire,Personal Reasons,2025-12-14,Voluntary,Personal Reasons,2,0,1,1
DUD101354,Ana,Moore,2026-02-11,NULL,Active,Full-time,Experienced Teacher,2,Initial Hire,,NULL,NULL,NULL,NULL,NULL,NULL,NULL
DUD101355,Maria,Davis,2024-02-04,NULL,Active,Full-time,ALT / English Teacher,1,Initial Hire,,NULL,NULL,NULL,NULL,NULL,NULL,NULL
DUD101356,Emily,Martin,2025-08-03,NULL,Active,Full-time,ALT / English Teacher,1,Initial Hire,,NULL,NULL,NULL,NULL,NULL,NULL,NULL
DUD101357,Emma,Moore,2025-05-21,NULL,Active,Full-time,Experienced Teacher,2,Initial Hire,,NULL,NULL,NULL,NULL,NULL,NULL,NULL
DUD101358,Jose,Lee,2025-04-27,NULL,Active,Full-time,Senior Trainer,5,Initial Hire,,NULL,NULL,NULL,NULL,NULL,NULL,NULL
DUD101359,Maria,Perez,2026-03-24,NULL,Active,Full-time,Experienced Teacher,2,Initial Hire,,NULL,NULL,NULL,NULL,NULL,NULL,NULL
DUD101360,Thomas,Young,2023-08-22,NULL,Active,Full-time,ALT / English Teacher,1,Initial Hire,,NULL,NULL,NULL,NULL,NULL,NULL,NULL
DUD101361,Luis,Lee,2022-08-15,NULL,Active,Full-time,ALT / English Teacher,1,Initial Hire,,NULL,NULL,NULL,NULL,NULL,NULL,NULL
DUD101362,Jessica,Martinez,2021-09-16,NULL,Active,Full-time,ALT / English Teacher,1,Initial Hire,,NULL,NULL,NULL,NULL,NULL,NULL,NULL
DUD101363,Sofia,Anderson,2023-01-12,NULL,Active,Full-time,ALT / English Teacher,1,Initial Hire,,NULL,NULL,NULL,NULL,NULL,NULL,NULL
DUD101364,Emma,Smith,2021-08-06,NULL,Active,Full-time,ALT / English Teacher,1,Initial Hire,,NULL,NULL,NULL,NULL,NULL,NULL,NULL
DUD101365,Ana,Taylor,2025-05-04,2027-09-30,Inactive,Full-time,ALT / English Teacher,1,Initial Hire,Relocation,2027-09-30,Voluntary,Work-Life Balance,1,1,0,1
DUD101366,Olivia,Rodriguez,2023-05-16,NULL,Active,Full-time,ALT / English Teacher,1,Initial Hire,,NULL,NULL,NULL,NULL,NULL,NULL,NULL
DUD101367,Thomas,King,2023-01-30,NULL,Active,Full-time,ALT / English Teacher,1,Initial Hire,,NULL,NULL,NULL,NULL,NULL,NULL,NULL
DUD101368,Diego,Smith,2026-07-14,2028-05-12,Inactive,Full-time,Experienced Teacher,2,Initial Hire,Personal Reasons,2028-05-12,Voluntary,Personal Reasons,5,1,1,1
DUD101369,Michael,Johnson,2022-01-09,NULL,Active,Full-time,Experienced Teacher,2,Initial Hire,,NULL,NULL,NULL,NULL,NULL,NULL,NULL
DUD101370,Sarah,Perez,2024-06-16,NULL,Active,Full-time,ALT / English Teacher,1,Initial Hire,,NULL,NULL,NULL,NULL,NULL,NULL,NULL
DUD101371,John,Williams,2025-04-24,NULL,Active,Full-time,Senior Teacher,3,Initial Hire,,NULL,NULL,NULL,NULL,NULL,NULL,NULL
DUD101372,Juan,White,2024-04-15,NULL,Active,Full-time,ALT / English Teacher,1,Initial Hire,,NULL,NULL,NULL,NULL,NULL,NULL,NULL
DUD101373,Olivia,Taylor,2023-04-11,NULL,Active,Full-time,ALT / English Teacher,1,Initial Hire,,NULL,NULL,NULL,NULL,NULL,NULL,NULL
DUD101374,Luis,Hall,2022-11-17,NULL,Active,Full-time,ALT / English Teacher,1,Initial Hire,,NULL,NULL,NULL,NULL,NULL,NULL,NULL
DUD101375,Matthew,Lee,2025-12-07,NULL,Active,Full-time,Experienced Teacher,2,Initial Hire,,NULL,NULL,NULL,NULL,NULL,NULL,NULL
DUD101376,Ana,Anderson,2025-06-10,NULL,Active,Full-time,Experienced Teacher,2,Initial Hire,,NULL,NULL,NULL,NULL,NULL,NULL,NULL
DUD101377,Alejandro,Moore,2022-02-18,NULL,Active,Full-time,Experienced Teacher,2,Initial Hire,,NULL,NULL,NULL,NULL,NULL,NULL,NULL
DUD101378,Jessica,Hernandez,2022-02-05,NULL,Active,Full-time,ALT / English Teacher,1,Initial Hire,,NULL,NULL,NULL,NULL,NULL,NULL,NULL
DUD101379,Daniel,Ramirez,2025-03-17,2027-03-13,Inactive,Full-time,Experienced Teacher,2,Initial Hire,Performance,2027-03-13,Voluntary,Compensation,1,1,1,1
DUD101380,Emma,Jackson,2023-05-18,NULL,Active,Full-time,Lead Trainer,6,Initial Hire,,NULL,NULL,NULL,NULL,NULL,NULL,NULL
DUD101381,Maria,Johnson,2021-06-12,NULL,Active,Full-time,Experienced Teacher,2,Initial Hire,,NULL,NULL,NULL,NULL,NULL,NULL,NULL
DUD101382,Marco,Allen,2022-04-26,NULL,Active,Full-time,ALT / English Teacher,1,Initial Hire,,NULL,NULL,NULL,NULL,NULL,NULL,NULL
DUD101383,Carlos,Davis,2026-06-25,2028-05-24,Inactive,Full-time,Experienced Teacher,2,Initial Hire,Performance,2028-05-24,Voluntary,Career Development,1,1,0,1
DUD101384,Daniel,Taylor,2021-09-20,2022-01-30,Inactive,Full-time,Experienced Teacher,2,Initial Hire,Voluntary Resignation,2022-01-30,Voluntary,Assignment Issues,4,1,1,1
DUD101385,William,Miller,2025-07-16,NULL,Active,Full-time,Experienced Teacher,2,Initial Hire,,NULL,NULL,NULL,NULL,NULL,NULL,NULL
DUD101386,James,Rodriguez,2025-09-28,NULL,Active,Full-time,ALT / English Teacher,1,Initial Hire,,NULL,NULL,NULL,NULL,NULL,NULL,NULL
DUD101387,Luis,King,2025-08-15,2027-10-09,Inactive,Full-time,Trainer,4,Initial Hire,Contract End,2027-10-09,Involuntary,Attendance,NULL,NULL,NULL,0
DUD101388,Jessica,Thompson,2021-09-08,NULL,Active,Full-time,Experienced Teacher,2,Initial Hire,,NULL,NULL,NULL,NULL,NULL,NULL,NULL
DUD101389,Miguel,Garcia,2021-03-28,NULL,Active,Full-time,Experienced Teacher,2,Initial Hire,,NULL,NULL,NULL,NULL,NULL,NULL,NULL
DUD101390,Robert,Jackson,2024-08-13,NULL,Active,Full-time,Senior Trainer,5,Initial Hire,,NULL,NULL,NULL,NULL,NULL,NULL,NULL
DUD101391,Michael,White,2021-10-04,NULL,Active,Full-time,ALT / English Teacher,1,Initial Hire,,NULL,NULL,NULL,NULL,NULL,NULL,NULL
DUD101392,Luis,Gonzalez,2026-02-06,2027-05-07,Inactive,Full-time,ALT / English Teacher,1,Initial Hire,Relocation,2027-05-07,Voluntary,Personal Reasons,2,1,1,1
DUD101393,Christopher,Gonzalez,2024-12-09,NULL,Active,Full-time,ALT / English Teacher,1,Initial Hire,,NULL,NULL,NULL,NULL,NULL,NULL,NULL
DUD101394,Luis,Ramirez,2025-02-13,NULL,Active,Full-time,Senior Teacher,3,Initial Hire,,NULL,NULL,NULL,NULL,NULL,NULL,NULL
DUD101395,Andres,Perez,2025-12-22,NULL,Active,Full-time,ALT / English Teacher,1,Initial Hire,,NULL,NULL,NULL,NULL,NULL,NULL,NULL
DUD101396,Michael,Gonzalez,2021-04-03,NULL,Active,Full-time,Senior Teacher,3,Initial Hire,,NULL,NULL,NULL,NULL,NULL,NULL,NULL
DUD101397,Diego,Smith,2021-11-18,NULL,Active,Full-time,ALT / English Teacher,1,Initial Hire,,NULL,NULL,NULL,NULL,NULL,NULL,NULL
DUD101398,Andres,Perez,2026-05-10,2028-07-24,Inactive,Full-time,ALT / English Teacher,1,Initial Hire,Voluntary Resignation,2028-07-24,Voluntary,Assignment Issues,4,1,1,1
DUD101399,Andres,Thompson,2026-04-03,2028-03-02,Inactive,Full-time,ALT / English Teacher,1,Initial Hire,Performance,2028-03-02,Voluntary,Relocation,2,1,1,1
DUD101400,Diego,Sanchez,2022-05-07,2024-03-04,Inactive,Full-time,ALT / English Teacher,1,Initial Hire,Personal Reasons,2024-03-04,Voluntary,Assignment Issues,5,1,1,1
DUD101401,Maria,Anderson,2021-10-27,NULL,Active,Full-time,Experienced Teacher,2,Initial Hire,,NULL,NULL,NULL,NULL,NULL,NULL,NULL
DUD101402,John,Young,2026-06-23,NULL,Active,Full-time,Experienced Teacher,2,Initial Hire,,NULL,NULL,NULL,NULL,NULL,NULL,NULL
DUD101403,Daniel,Young,2026-07-26,2027-01-14,Inactive,Full-time,Experienced Teacher,2,Initial Hire,Relocation,2027-01-14,Involuntary,Attendance,NULL,NULL,NULL,0
DUD101404,Robert,Garcia,2022-01-24,NULL,Active,Full-time,ALT / English Teacher,1,Initial Hire,,NULL,NULL,NULL,NULL,NULL,NULL,NULL
DUD101405,Marco,Lee,2021-06-06,2022-12-27,Inactive,Full-time,ALT / English Teacher,1,Initial Hire,Personal Reasons,2022-12-27,Voluntary,Work-Life Balance,1,1,1,1
DUD101406,Jose,Smith,2021-09-10,NULL,Active,Full-time,Lead Trainer,6,Initial Hire,,NULL,NULL,NULL,NULL,NULL,NULL,NULL
DUD101407,Luis,Brown,2025-04-11,NULL,Active,Full-time,Trainer,4,Initial Hire,,NULL,NULL,NULL,NULL,NULL,NULL,NULL
DUD101408,Carlos,Hernandez,2025-06-29,NULL,Active,Full-time,ALT / English Teacher,1,Initial Hire,,NULL,NULL,NULL,NULL,NULL,NULL,NULL
DUD101409,John,Martin,2026-03-30,NULL,Active,Full-time,ALT / English Teacher,1,Initial Hire,,NULL,NULL,NULL,NULL,NULL,NULL,NULL
DUD101410,David,Miller,2021-10-30,NULL,Active,Full-time,Experienced Teacher,2,Initial Hire,,NULL,NULL,NULL,NULL,NULL,NULL,NULL
DUD101411,Hannah,Perez,2026-04-11,NULL,Active,Full-time,ALT / English Teacher,1,Initial Hire,,NULL,NULL,NULL,NULL,NULL,NULL,NULL
DUD101412,Daniel,Garcia,2024-07-27,NULL,Active,Full-time,Experienced Teacher,2,Initial Hire,,NULL,NULL,NULL,NULL,NULL,NULL,NULL
DUD101413,David,Rodriguez,2021-09-15,NULL,Active,Full-time,ALT / English Teacher,1,Initial Hire,,NULL,NULL,NULL,NULL,NULL,NULL,NULL
DUD101414,David,Gonzalez,2022-09-04,NULL,Active,Full-time,Experienced Teacher,2,Initial Hire,,NULL,NULL,NULL,NULL,NULL,NULL,NULL
DUD101415,Sofia,Ramirez,2024-04-28,NULL,Active,Full-time,ALT / English Teacher,1,Initial Hire,,NULL,NULL,NULL,NULL,NULL,NULL,NULL
DUD101416,John,Thompson,2025-03-08,2026-12-26,Inactive,Full-time,ALT / English Teacher,1,Initial Hire,Relocation,2026-12-26,Voluntary,Commute,3,1,1,1
DUD101417,Carlos,Miller,2021-09-20,NULL,Active,Full-time,ALT / English Teacher,1,Initial Hire,,NULL,NULL,NULL,NULL,NULL,NULL,NULL
DUD101418,Michael,Moore,2022-08-19,NULL,Active,Full-time,ALT / English Teacher,1,Initial Hire,,NULL,NULL,NULL,NULL,NULL,NULL,NULL
DUD101419,Emma,Martin,2024-10-21,NULL,Active,Full-time,Experienced Teacher,2,Initial Hire,,NULL,NULL,NULL,NULL,NULL,NULL,NULL
DUD101420,Emily,Taylor,2022-12-14,NULL,Active,Full-time,ALT / English Teacher,1,Initial Hire,,NULL,NULL,NULL,NULL,NULL,NULL,NULL
DUD101421,Hannah,Lopez,2022-09-19,NULL,Active,Full-time,ALT / English Teacher,1,Initial Hire,,NULL,NULL,NULL,NULL,NULL,NULL,NULL
DUD101422,James,Martin,2021-11-04,NULL,Active,Full-time,ALT / English Teacher,1,Initial Hire,,NULL,NULL,NULL,NULL,NULL,NULL,NULL
DUD101423,James,Brown,2021-12-21,2022-05-09,Inactive,Full-time,ALT / English Teacher,1,Initial Hire,Relocation,2022-05-09,Voluntary,Work-Life Balance,2,0,1,1
DUD101424,James,Johnson,2021-05-30,NULL,Active,Full-time,ALT / English Teacher,1,Initial Hire,,NULL,NULL,NULL,NULL,NULL,NULL,NULL
DUD101425,Emma,Lee,2024-02-21,NULL,Active,Full-time,Senior Trainer,5,Initial Hire,,NULL,NULL,NULL,NULL,NULL,NULL,NULL
DUD101426,Diego,Brown,2025-09-19,NULL,Active,Full-time,Senior Teacher,3,Initial Hire,,NULL,NULL,NULL,NULL,NULL,NULL,NULL
DUD101427,Andres,Sanchez,2024-07-15,2026-09-29,Inactive,Full-time,Experienced Teacher,2,Initial Hire,Contract End,2026-09-29,Involuntary,Client Request,4,0,0,0
DUD101428,Daniel,Johnson,2023-09-12,2024-07-13,Inactive,Full-time,ALT / English Teacher,1,Initial Hire,Relocation,2024-07-13,Voluntary,Relocation,NULL,NULL,NULL,1
DUD101429,Sofia,Davis,2026-02-25,NULL,Active,Full-time,ALT / English Teacher,1,Initial Hire,,NULL,NULL,NULL,NULL,NULL,NULL,NULL
DUD101430,James,Johnson,2023-03-17,2024-05-23,Inactive,Full-time,ALT / English Teacher,1,Initial Hire,Career Change,2024-05-23,Involuntary,Contract End,3,1,1,0
DUD101431,Daniel,Gonzalez,2021-12-12,NULL,Active,Full-time,Senior Teacher,3,Initial Hire,,NULL,NULL,NULL,NULL,NULL,NULL,NULL
DUD101432,Juan,Ramirez,2024-02-25,2024-12-26,Inactive,Full-time,Experienced Teacher,2,Initial Hire,Relocation,2024-12-26,Voluntary,Commute,4,1,1,1
DUD101433,Jose,Young,2023-08-16,NULL,Active,Full-time,ALT / English Teacher,1,Initial Hire,,NULL,NULL,NULL,NULL,NULL,NULL,NULL
DUD101434,Andres,Miller,2022-07-06,NULL,Active,Full-time,ALT / English Teacher,1,Initial Hire,,NULL,NULL,NULL,NULL,NULL,NULL,NULL
DUD101435,Maria,Hernandez,2021-01-31,NULL,Active,Full-time,Senior Teacher,3,Initial Hire,,NULL,NULL,NULL,NULL,NULL,NULL,NULL
DUD101436,Andres,Gonzalez,2024-09-20,2026-06-24,Inactive,Full-time,Experienced Teacher,2,Initial Hire,Personal Reasons,2026-06-24,Voluntary,Relocation,4,1,1,1
DUD101437,Daniel,Martinez,2021-06-30,NULL,Active,Full-time,ALT / English Teacher,1,Initial Hire,,NULL,NULL,NULL,NULL,NULL,NULL,NULL
DUD101438,Sarah,Jackson,2024-03-11,2025-02-20,Inactive,Full-time,ALT / English Teacher,1,Initial Hire,Performance,2025-02-20,Voluntary,Career Development,3,1,1,1
DUD101439,Daniel,Walker,2024-12-10,NULL,Active,Full-time,ALT / English Teacher,1,Initial Hire,,NULL,NULL,NULL,NULL,NULL,NULL,NULL
DUD101440,Andres,Garcia,2026-05-11,2028-04-01,Inactive,Full-time,ALT / English Teacher,1,Initial Hire,Personal Reasons,2028-04-01,Voluntary,Compensation,4,0,1,1
DUD101441,Hannah,Rodriguez,2025-08-17,NULL,Active,Full-time,Experienced Teacher,2,Initial Hire,,NULL,NULL,NULL,NULL,NULL,NULL,NULL
DUD101442,Diego,Perez,2025-04-18,NULL,Active,Full-time,ALT / English Teacher,1,Initial Hire,,NULL,NULL,NULL,NULL,NULL,NULL,NULL
DUD101443,Ana,White,2024-01-10,NULL,Active,Full-time,Experienced Teacher,2,Initial Hire,,NULL,NULL,NULL,NULL,NULL,NULL,NULL
DUD101444,Miguel,Lee,2024-02-22,NULL,Active,Full-time,ALT / English Teacher,1,Initial Hire,,NULL,NULL,NULL,NULL,NULL,NULL,NULL
DUD101445,John,Thompson,2025-04-25,NULL,Active,Full-time,ALT / English Teacher,1,Initial Hire,,NULL,NULL,NULL,NULL,NULL,NULL,NULL
DUD101446,Miguel,Smith,2022-02-27,2023-11-15,Inactive,Full-time,ALT / English Teacher,1,Initial Hire,Contract End,2023-11-15,Voluntary,Personal Reasons,NULL,NULL,NULL,1
DUD101447,Miguel,Gonzalez,2024-06-13,NULL,Active,Full-time,ALT / English Teacher,1,Initial Hire,,NULL,NULL,NULL,NULL,NULL,NULL,NULL
DUD101448,Carlos,Smith,2023-07-18,2025-05-22,Inactive,Full-time,ALT / English Teacher,1,Initial Hire,Personal Reasons,2025-05-22,Voluntary,Relocation,NULL,NULL,NULL,1
DUD101449,Ana,King,2024-06-22,NULL,Active,Full-time,Senior Trainer,5,Initial Hire,,NULL,NULL,NULL,NULL,NULL,NULL,NULL
DUD101450,Maria,Ramirez,2023-06-17,NULL,Active,Full-time,Experienced Teacher,2,Initial Hire,,NULL,NULL,NULL,NULL,NULL,NULL,NULL
DUD101451,Emily,Perez,2022-10-26,NULL,Active,Full-time,ALT / English Teacher,1,Initial Hire,,NULL,NULL,NULL,NULL,NULL,NULL,NULL
DUD101452,Andres,Brown,2021-10-04,2023-02-17,Inactive,Full-time,Senior Teacher,3,Initial Hire,Career Change,2023-02-17,Involuntary,Client Request,3,1,1,0
DUD101453,Sarah,Perez,2022-04-23,NULL,Active,Full-time,ALT / English Teacher,1,Initial Hire,,NULL,NULL,NULL,NULL,NULL,NULL,NULL
DUD101454,Laura,Garcia,2025-12-29,NULL,Active,Full-time,Lead Trainer,6,Initial Hire,,NULL,NULL,NULL,NULL,NULL,NULL,NULL
DUD101455,Luis,Taylor,2021-04-30,NULL,Active,Full-time,ALT / English Teacher,1,Initial Hire,,NULL,NULL,NULL,NULL,NULL,NULL,NULL
DUD101456,Robert,Johnson,2022-09-11,2023-08-07,Inactive,Full-time,ALT / English Teacher,1,Initial Hire,Performance,2023-08-07,Voluntary,Relocation,NULL,NULL,NULL,1
DUD101457,Robert,Williams,2025-12-17,NULL,Active,Full-time,ALT / English Teacher,1,Initial Hire,,NULL,NULL,NULL,NULL,NULL,NULL,NULL
DUD101458,Sofia,Hernandez,2023-05-25,NULL,Active,Full-time,ALT / English Teacher,1,Initial Hire,,NULL,NULL,NULL,NULL,NULL,NULL,NULL
DUD101459,Alejandro,Ramirez,2025-01-05,NULL,Active,Full-time,ALT / English Teacher,1,Initial Hire,,NULL,NULL,NULL,NULL,NULL,NULL,NULL
DUD101460,Robert,Thompson,2024-01-04,NULL,Active,Full-time,Experienced Teacher,2,Initial Hire,,NULL,NULL,NULL,NULL,NULL,NULL,NULL
DUD101461,Robert,Anderson,2022-11-13,NULL,Active,Full-time,ALT / English Teacher,1,Initial Hire,,NULL,NULL,NULL,NULL,NULL,NULL,NULL
DUD101462,John,Miller,2025-11-04,NULL,Active,Full-time,Senior Teacher,3,Initial Hire,,NULL,NULL,NULL,NULL,NULL,NULL,NULL
DUD101463,Miguel,Johnson,2026-02-25,NULL,Active,Full-time,Experienced Teacher,2,Initial Hire,,NULL,NULL,NULL,NULL,NULL,NULL,NULL
DUD101464,Laura,Wilson,2026-02-03,NULL,Active,Full-time,ALT / English Teacher,1,Initial Hire,,NULL,NULL,NULL,NULL,NULL,NULL,NULL
DUD101465,Thomas,Anderson,2025-06-17,2026-10-13,Inactive,Full-time,ALT / English Teacher,1,Initial Hire,Contract End,2026-10-13,Voluntary,Commute,NULL,NULL,NULL,1
DUD101466,Alejandro,Torres,2021-12-14,NULL,Active,Full-time,Experienced Teacher,2,Initial Hire,,NULL,NULL,NULL,NULL,NULL,NULL,NULL
DUD101467,Miguel,King,2023-03-17,NULL,Active,Full-time,ALT / English Teacher,1,Initial Hire,,NULL,NULL,NULL,NULL,NULL,NULL,NULL
DUD101468,Andres,Thompson,2024-02-12,NULL,Active,Full-time,ALT / English Teacher,1,Initial Hire,,NULL,NULL,NULL,NULL,NULL,NULL,NULL
DUD101469,Luis,Jackson,2024-03-30,NULL,Active,Full-time,ALT / English Teacher,1,Initial Hire,,NULL,NULL,NULL,NULL,NULL,NULL,NULL
DUD101470,William,White,2026-02-20,NULL,Active,Full-time,ALT / English Teacher,1,Initial Hire,,NULL,NULL,NULL,NULL,NULL,NULL,NULL
DUD101471,Jessica,Lopez,2023-05-10,NULL,Active,Full-time,ALT / English Teacher,1,Initial Hire,,NULL,NULL,NULL,NULL,NULL,NULL,NULL
DUD101472,Emma,White,2026-08-12,NULL,Active,Full-time,ALT / English Teacher,1,Initial Hire,,NULL,NULL,NULL,NULL,NULL,NULL,NULL
DUD101473,Maria,Lee,2022-06-21,NULL,Active,Full-time,Senior Teacher,3,Initial Hire,,NULL,NULL,NULL,NULL,NULL,NULL,NULL
DUD101474,Juan,Garcia,2026-03-05,NULL,Active,Full-time,ALT / English Teacher,1,Initial Hire,,NULL,NULL,NULL,NULL,NULL,NULL,NULL
DUD101475,John,Martin,2026-05-06,NULL,Active,Full-time,ALT / English Teacher,1,Initial Hire,,NULL,NULL,NULL,NULL,NULL,NULL,NULL
DUD101476,John,Martin,2023-12-09,NULL,Active,Full-time,ALT / English Teacher,1,Initial Hire,,NULL,NULL,NULL,NULL,NULL,NULL,NULL
DUD101477,Olivia,Brown,2025-06-10,NULL,Active,Full-time,ALT / English Teacher,1,Initial Hire,,NULL,NULL,NULL,NULL,NULL,NULL,NULL
DUD101478,Robert,Wilson,2024-07-13,NULL,Active,Full-time,Senior Trainer,5,Initial Hire,,NULL,NULL,NULL,NULL,NULL,NULL,NULL
DUD101479,Diego,Wilson,2023-09-30,NULL,Active,Full-time,Experienced Teacher,2,Initial Hire,,NULL,NULL,NULL,NULL,NULL,NULL,NULL
DUD101480,Diego,Wilson,2021-04-08,NULL,Active,Full-time,Experienced Teacher,2,Initial Hire,,NULL,NULL,NULL,NULL,NULL,NULL,NULL
DUD101481,Christopher,Thompson,2022-05-25,2023-05-12,Inactive,Full-time,Experienced Teacher,2,Initial Hire,Voluntary Resignation,2023-05-12,Voluntary,Relocation,5,0,1,1
DUD101482,Miguel,Smith,2025-10-01,NULL,Active,Full-time,Experienced Teacher,2,Initial Hire,,NULL,NULL,NULL,NULL,NULL,NULL,NULL
DUD101483,Emily,Miller,2024-03-27,2025-01-20,Inactive,Full-time,ALT / English Teacher,1,Initial Hire,Career Change,2025-01-20,Involuntary,Policy Violation,5,1,0,0
DUD101484,Luis,Moore,2026-04-23,2026-12-02,Inactive,Full-time,ALT / English Teacher,1,Initial Hire,Contract End,2026-12-02,Voluntary,Relocation,2,1,1,1
DUD101485,Carlos,Sanchez,2022-03-22,NULL,Active,Full-time,ALT / English Teacher,1,Initial Hire,,NULL,NULL,NULL,NULL,NULL,NULL,NULL
DUD101486,Marco,King,2026-01-13,NULL,Active,Full-time,ALT / English Teacher,1,Initial Hire,,NULL,NULL,NULL,NULL,NULL,NULL,NULL
DUD101487,Sarah,Lopez,2022-12-03,NULL,Active,Full-time,ALT / English Teacher,1,Initial Hire,,NULL,NULL,NULL,NULL,NULL,NULL,NULL
DUD101488,Laura,Taylor,2026-07-16,NULL,Active,Full-time,Senior Teacher,3,Initial Hire,,NULL,NULL,NULL,NULL,NULL,NULL,NULL
DUD101489,Maria,Hernandez,2025-02-02,NULL,Active,Full-time,ALT / English Teacher,1,Initial Hire,,NULL,NULL,NULL,NULL,NULL,NULL,NULL
DUD101490,David,Allen,2023-06-09,2025-02-13,Inactive,Full-time,Senior Trainer,5,Initial Hire,Contract End,2025-02-13,Voluntary,Relocation,2,1,1,1
DUD101491,Michael,Perez,2023-09-19,NULL,Active,Full-time,Experienced Teacher,2,Initial Hire,,NULL,NULL,NULL,NULL,NULL,NULL,NULL
DUD101492,Robert,Ramirez,2022-12-13,NULL,Active,Full-time,ALT / English Teacher,1,Initial Hire,,NULL,NULL,NULL,NULL,NULL,NULL,NULL
DUD101493,Andres,Rodriguez,2023-09-22,NULL,Active,Full-time,ALT / English Teacher,1,Initial Hire,,NULL,NULL,NULL,NULL,NULL,NULL,NULL
DUD101494,Maria,Martinez,2023-12-14,2024-05-02,Inactive,Full-time,ALT / English Teacher,1,Initial Hire,Contract End,2024-05-02,Voluntary,Work-Life Balance,3,1,1,1
DUD101495,Hannah,King,2021-10-17,NULL,Active,Full-time,Experienced Teacher,2,Initial Hire,,NULL,NULL,NULL,NULL,NULL,NULL,NULL
DUD101496,Marco,Anderson,2023-08-01,NULL,Active,Full-time,ALT / English Teacher,1,Initial Hire,,NULL,NULL,NULL,NULL,NULL,NULL,NULL
DUD101497,Alejandro,Lee,2024-11-22,NULL,Active,Full-time,ALT / English Teacher,1,Initial Hire,,NULL,NULL,NULL,NULL,NULL,NULL,NULL
DUD101498,Marco,Rodriguez,2022-03-27,2023-09-25,Inactive,Full-time,ALT / English Teacher,1,Initial Hire,Performance,2023-09-25,Voluntary,Career Change,1,1,1,1
DUD101499,Emily,Brown,2024-05-14,NULL,Active,Full-time,ALT / English Teacher,1,Initial Hire,,NULL,NULL,NULL,NULL,NULL,NULL,NULL
DUD101500,William,White,2022-09-16,NULL,Active,Full-time,Experienced Teacher,2,Initial Hire,,NULL,NULL,NULL,NULL,NULL,NULL,NULL
