assignment_id,employee_id,client_id,assignment_start_date,assignment_end_date,assignment_status,position,commute_minutes,contract_type,renewal_flag,replacement_flag,assignment_reason,candidate_id,first_name,middle_name,last_name,date_of_birth,gender,nationality,country_of_birth,residence_country,education_level,degree_field,english_proficiency,japanese_proficiency,hire_eligibility,employee_type,created_date,client_name,client_type,prefecture,city,client_relationship_start_date,client_relationship_end_date,client_status,attendance_records,days_present,days_absent,days_late,attendance_rate
ASG000001,DUD100001,CLI0283,2023-10-26,,Active,Trainer,85,Six-Month,0,0,Client Request,CAN001353,Andres,,Allen,1975-06-18,Non-binary,Mexican,Brazilian,Japan,Diploma,English,C1,N3,Eligible,Teacher,2024-04-13,Shinmei Academy,Education Center,Kanagawa,Kawasaki,2020-04-13,,Active,12,9,0,0,75.0
ASG000002,DUD100002,CLI0281,2023-08-08,,Active,Experienced Teacher,61,Annual,0,0,Client Request,CAN000308,Diego,,Allen,1992-03-22,Prefer not to say,Filipino,Filipino,Japan,Diploma,Psychology,C1,,Eligible,Teacher,2026-05-11,Kita Junior High School,English School,Chiba,Ichikawa,2023-10-27,,Active,12,10,1,0,83.33
ASG000003,DUD100003,CLI0059,2021-01-16,2021-04-30,Ended,ALT / English Teacher,101,Three-Month,0,0,Replacement,CAN000538,Carlos,,Miller,1985-09-07,Non-binary,Brazilian,Japanese,Japan,Diploma,Linguistics,B2,N1,Eligible,Teacher,2024-12-26,Mirai Education Center,High School,Chiba,Funabashi,2019-04-11,,Active,3,3,0,0,100.0
ASG000004,DUD100003,CLI0230,2021-05-12,2022-09-16,Transferred,Experienced Teacher,18,Annual,0,0,Transfer,CAN000538,Carlos,,Miller,1985-09-07,Non-binary,Brazilian,Japanese,Japan,Diploma,Linguistics,B2,N1,Eligible,Teacher,2024-12-26,Haruka Junior High School,Private School,Tokyo,Ota,2025-09-03,,Active,12,12,0,0,100.0
ASG000005,DUD100004,CLI0055,2021-05-05,2022-09-28,Completed,ALT / English Teacher,74,Monthly,0,0,Client Request,CAN001227,Juan,,Rodriguez,2002-02-25,Prefer not to say,Japanese,French,Japan,Bachelor's Degree,English,C2,,Eligible,Teacher,2026-03-06,Kita Education Center,Kindergarten,Kanagawa,Sagamihara,2022-04-12,,Active,12,11,1,0,91.67
ASG000006,DUD100005,CLI0058,2023-01-28,2024-01-01,Transferred,Experienced Teacher,72,Annual,0,0,Client Request,CAN001344,Matthew,,White,1983-09-25,Prefer not to say,Australian,Mexican,Japan,Bachelor's Degree,Psychology,C1,,Eligible,Teacher,2023-01-02,Mirai High School,High School,Chiba,Matsudo,2024-07-16,,Active,11,9,1,0,81.82
ASG000007,DUD100006,CLI0277,2023-06-08,,Active,ALT / English Teacher,80,Monthly,0,0,Replacement,CAN000600,Laura,,Martin,1976-05-26,Prefer not to say,French,Spanish,Japan,Bachelor's Degree,English,C1,N1,Eligible,Teacher,2024-12-23,Asahi Elementary School,English School,Kanagawa,Fujisawa,2019-05-04,,Active,12,10,2,0,83.33
ASG000008,DUD100007,CLI0236,2025-08-28,2027-01-29,Completed,ALT / English Teacher,82,Monthly,0,0,Staffing Demand,CAN000150,Emily,,King,1983-03-21,Non-binary,Spanish,French,Japan,Master's Degree,English,C2,N1,Eligible,Teacher,2022-12-19,Meisei Elementary School,Private School,Tokyo,Edogawa,2021-05-21,2025-01-06,Inactive,12,11,1,0,91.67
ASG000009,DUD100007,CLI0288,2027-02-12,2028-07-25,Ended,ALT / English Teacher,108,Annual,0,0,Transfer,CAN000150,Emily,,King,1983-03-21,Non-binary,Spanish,French,Japan,Master's Degree,English,C2,N1,Eligible,Teacher,2022-12-19,Haruka Junior High School,Kindergarten,Chiba,Matsudo,2021-10-26,,Active,12,11,0,0,91.67
ASG000010,DUD100007,CLI0277,2028-08-20,,Active,ALT / English Teacher,100,Annual,0,0,Staffing Demand,CAN000150,Emily,,King,1983-03-21,Non-binary,Spanish,French,Japan,Master's Degree,English,C2,N1,Eligible,Teacher,2022-12-19,Asahi Elementary School,English School,Kanagawa,Fujisawa,2019-05-04,,Active,1,1,0,0,100.0
ASG000011,DUD100008,CLI0151,2025-01-03,,Active,ALT / English Teacher,96,Annual,0,0,Transfer,CAN000746,Maria,,Hernandez,1986-10-19,Female,Spanish,Japanese,Japan,Bachelor's Degree,Other,C2,,Eligible,Teacher,2024-10-11,Kawaguchi Academy,High School,Chiba,Ichikawa,2026-04-11,,Active,12,9,1,0,75.0
ASG000012,DUD100009,CLI0006,2023-08-09,2024-10-14,Renewed,Experienced Teacher,86,Six-Month,0,0,Staffing Demand,CAN001973,Carlos,,Hernandez,1979-08-09,Non-binary,Filipino,Brazilian,Japan,Diploma,Education,C1,N2,Eligible,Teacher,2023-11-30,Hikari Academy,High School,Saitama,Koshigaya,2021-11-10,,Active,12,11,1,0,91.67
ASG000013,DUD100010,CLI0245,2023-07-04,,Active,Experienced Teacher,50,Three-Month,0,0,Client Request,CAN000864,James,,Sanchez,2003-07-02,Non-binary,American,British,Japan,Associate Degree,Other,C1,,Eligible,Teacher,2021-01-13,Musashino Education Center,Kindergarten,Chiba,Chiba,2024-08-31,,Active,12,9,0,0,75.0
ASG000014,DUD100011,CLI0198,2025-10-22,,Active,Experienced Teacher,98,Six-Month,0,0,Client Request,CAN001521,Diego,,Ramirez,1992-06-24,Female,American,Mexican,Japan,Diploma,Education,C1,N2,Eligible,Teacher,2022-08-24,Ota High School,Public Elementary School,Kanagawa,Yamato,2022-08-29,,Active,10,9,1,0,90.0
ASG000015,DUD100012,CLI0167,2024-04-27,,Active,ALT / English Teacher,31,Annual,0,0,Transfer,CAN000059,Marco,,Garcia,1984-09-11,Prefer not to say,Filipino,Spanish,Japan,Master's Degree,Linguistics,B2,N2,Eligible,Teacher,2022-12-30,Midori Education Center,Public Junior High School,Saitama,Kawaguchi,2026-04-17,,Active,12,10,1,0,83.33
ASG000016,DUD100013,CLI0028,2022-06-19,2023-04-05,Ended,Senior Teacher,82,Six-Month,0,0,Replacement,CAN000318,Jose,,Perez,1990-04-14,Prefer not to say,Japanese,Canadian,Japan,Master's Degree,Other,C1,Basic,Eligible,Teacher,2026-08-13,Takashima Education Center,Private School,Tokyo,Hachioji,2021-08-21,2023-05-31,Inactive,9,6,1,0,66.67
ASG000017,DUD100013,CLI0002,2023-04-30,2023-12-24,Completed,Experienced Teacher,108,Three-Month,0,0,Replacement,CAN000318,Jose,,Perez,1990-04-14,Prefer not to say,Japanese,Canadian,Japan,Master's Degree,Other,C1,Basic,Eligible,Teacher,2026-08-13,Mirai Junior High School,English School,Tokyo,Adachi,2024-02-06,,Active,7,7,0,0,100.0
ASG000018,DUD100014,CLI0258,2026-03-14,2027-04-10,Completed,ALT / English Teacher,113,Annual,0,0,Initial Assignment,CAN000918,Jessica,,Miller,1988-10-11,Female,Japanese,Mexican,Japan,Associate Degree,Linguistics,B2,Basic,Eligible,Teacher,2024-09-04,Akebono Junior High School,Education Center,Saitama,Koshigaya,2026-02-24,,Active,12,11,0,0,91.67
ASG000019,DUD100014,CLI0291,2027-05-09,2028-07-01,Completed,Experienced Teacher,93,Three-Month,0,0,Staffing Demand,CAN000918,Jessica,,Miller,1988-10-11,Female,Japanese,Mexican,Japan,Associate Degree,Linguistics,B2,Basic,Eligible,Teacher,2024-09-04,Haruka Academy,English School,Chiba,Chiba,2019-11-11,,Active,12,10,1,0,83.33
ASG000020,DUD100015,CLI0268,2021-11-13,2022-11-13,Renewed,ALT / English Teacher,77,Monthly,0,0,Client Request,CAN001369,Jessica,,Garcia,1985-02-06,Male,Filipino,British,Japan,Associate Degree,Psychology,C2,N1,Eligible,Teacher,2026-04-27,Akebono International School,Public Junior High School,Saitama,Saitama,2024-07-16,,Active,12,11,0,0,91.67
ASG000021,DUD100015,CLI0039,2022-11-26,2023-12-03,Completed,ALT / English Teacher,24,Three-Month,0,0,Initial Assignment,CAN001369,Jessica,,Garcia,1985-02-06,Male,Filipino,British,Japan,Associate Degree,Psychology,C2,N1,Eligible,Teacher,2026-04-27,Shinmei International School,High School,Tokyo,Kita,2020-04-30,,Active,12,9,2,0,75.0
ASG000022,DUD100016,CLI0226,2022-02-14,2022-11-13,Transferred,Experienced Teacher,77,Three-Month,0,0,Initial Assignment,CAN000026,Andres,,Allen,1999-08-10,Male,Canadian,American,Japan,Diploma,Business,C1,N3,Eligible,Teacher,2025-06-30,Takashima Education Center,Kindergarten,Chiba,Urayasu,2025-11-09,2028-05-26,Inactive,9,7,0,0,77.78
ASG000023,DUD100016,CLI0279,2022-11-29,,Active,ALT / English Teacher,85,Three-Month,0,0,Staffing Demand,CAN000026,Andres,,Allen,1999-08-10,Male,Canadian,American,Japan,Diploma,Business,C1,N3,Eligible,Teacher,2025-06-30,Shinmei Education Center,Education Center,Tokyo,Nerima,2019-07-15,,Active,12,10,0,0,83.33
ASG000024,DUD100017,CLI0242,2023-08-24,,Active,ALT / English Teacher,57,Six-Month,0,0,Transfer,CAN000817,Ana,,Torres,1999-05-18,Non-binary,Mexican,Filipino,Japan,Bachelor's Degree,Linguistics,Native,N3,Eligible,Teacher,2024-09-20,Tsubaki Elementary School,English School,Kanagawa,Fujisawa,2026-01-24,,Active,12,8,2,0,66.67
ASG000025,DUD100018,CLI0156,2025-05-26,,Active,ALT / English Teacher,75,Six-Month,0,0,Staffing Demand,CAN001336,Juan,,Wilson,2000-11-17,Male,Brazilian,Brazilian,Japan,Diploma,Other,C2,N3,Eligible,Teacher,2021-12-09,Musashino Elementary School,Public Elementary School,Chiba,Matsudo,2026-03-30,,Active,12,10,0,0,83.33
ASG000026,DUD100019,CLI0017,2022-08-14,2023-10-02,Renewed,ALT / English Teacher,90,Monthly,0,0,Initial Assignment,CAN001372,David,,Moore,1986-02-19,Prefer not to say,Mexican,Spanish,Japan,Diploma,Business,C1,N2,Eligible,Teacher,2022-05-20,Asahi Education Center,Private School,Kanagawa,Fujisawa,2023-03-24,,Active,12,10,2,0,83.33
ASG000027,DUD100019,CLI0156,2023-10-03,,Active,Experienced Teacher,20,Annual,0,0,Transfer,CAN001372,David,,Moore,1986-02-19,Prefer not to say,Mexican,Spanish,Japan,Diploma,Business,C1,N2,Eligible,Teacher,2022-05-20,Musashino Elementary School,Public Elementary School,Chiba,Matsudo,2026-03-30,,Active,12,8,1,0,66.67
ASG000028,DUD100020,CLI0247,2022-10-26,2024-02-14,Completed,Trainer,112,Annual,0,0,Replacement,CAN001713,Jessica,,Allen,1997-04-12,Non-binary,Filipino,French,Japan,Master's Degree,Psychology,C1,N3,Eligible,Teacher,2022-11-05,Akebono Education Center,Private School,Chiba,Chiba,2026-02-15,,Active,12,9,1,0,75.0
ASG000029,DUD100020,CLI0027,2024-03-12,,Active,ALT / English Teacher,96,Three-Month,0,0,Client Request,CAN001713,Jessica,,Allen,1997-04-12,Non-binary,Filipino,French,Japan,Master's Degree,Psychology,C1,N3,Eligible,Teacher,2022-11-05,Akebono Elementary School,Private School,Chiba,Ichikawa,2020-02-03,,Active,12,11,0,0,91.67
ASG000030,DUD100021,CLI0045,2025-03-22,2026-07-13,Renewed,ALT / English Teacher,93,Monthly,0,0,Client Request,CAN000363,Ana,,Allen,1975-07-23,Female,Filipino,Filipino,Japan,Master's Degree,Business,C1,Basic,Eligible,Teacher,2025-10-12,Haruka Elementary School,Public Elementary School,Kanagawa,Fujisawa,2024-09-29,,Active,12,8,1,0,66.67
ASG000031,DUD100021,CLI0158,2026-08-05,,Active,ALT / English Teacher,54,Annual,0,0,Initial Assignment,CAN000363,Ana,,Allen,1975-07-23,Female,Filipino,Filipino,Japan,Master's Degree,Business,C1,Basic,Eligible,Teacher,2025-10-12,Meisei High School,Public Elementary School,Kanagawa,Kawasaki,2025-02-15,,Active,3,3,0,0,100.0
ASG000032,DUD100022,CLI0218,2025-04-17,2025-10-08,Ended,Senior Teacher,109,Three-Month,0,0,Replacement,CAN000118,Ana,,Brown,1982-03-06,Prefer not to say,Japanese,Japanese,Japan,Diploma,Business,C1,N2,Eligible,Teacher,2021-05-29,Asahi Junior High School,English School,Kanagawa,Fujisawa,2021-08-11,,Active,5,5,0,0,100.0
ASG000033,DUD100023,CLI0102,2025-07-20,,Active,ALT / English Teacher,100,Six-Month,0,0,Replacement,CAN001844,Carlos,,Moore,1979-04-18,Non-binary,French,British,Japan,Bachelor's Degree,Psychology,C2,,Eligible,Teacher,2022-09-18,Midori High School,Public Elementary School,Saitama,Warabi,2026-04-27,,Active,12,9,0,0,75.0
ASG000034,DUD100024,CLI0027,2022-04-01,,Active,ALT / English Teacher,28,Monthly,0,0,Replacement,CAN000031,Daniel,,Taylor,1986-12-05,Prefer not to say,French,American,Japan,Associate Degree,Other,C2,,Eligible,Teacher,2021-03-29,Akebono Elementary School,Private School,Chiba,Ichikawa,2020-02-03,,Active,12,10,2,0,83.33
ASG000035,DUD100025,CLI0075,2022-05-23,,Active,ALT / English Teacher,50,Annual,0,0,Transfer,CAN001032,Marco,,King,1981-02-08,Non-binary,Spanish,American,Japan,Diploma,Psychology,B2,Basic,Eligible,Teacher,2023-06-13,Akebono Junior High School,High School,Tokyo,Koganei,2019-07-27,2021-10-07,Inactive,12,9,1,0,75.0
ASG000036,DUD100026,CLI0118,2022-10-29,2023-01-29,Renewed,Trainer,20,Monthly,0,0,Replacement,CAN000153,Miguel,,Miller,2002-06-04,Prefer not to say,Spanish,Japanese,Japan,Master's Degree,Linguistics,B2,N1,Eligible,Teacher,2021-04-08,Asahi International School,English School,Kanagawa,Sagamihara,2019-11-07,,Active,3,3,0,0,100.0
ASG000037,DUD100026,CLI0006,2023-02-08,2024-02-16,Transferred,ALT / English Teacher,47,Six-Month,0,0,Client Request,CAN000153,Miguel,,Miller,2002-06-04,Prefer not to say,Spanish,Japanese,Japan,Master's Degree,Linguistics,B2,N1,Eligible,Teacher,2021-04-08,Hikari Academy,High School,Saitama,Koshigaya,2021-11-10,,Active,12,11,1,0,91.67
ASG000038,DUD100027,CLI0243,2024-02-08,2024-08-04,Renewed,ALT / English Teacher,62,Three-Month,0,0,Initial Assignment,CAN001898,Thomas,,Taylor,1982-03-23,Prefer not to say,Spanish,Brazilian,Japan,Associate Degree,Business,C2,Basic,Eligible,Teacher,2021-03-18,Hikari Junior High School,English School,Kanagawa,Fujisawa,2021-09-04,,Active,5,4,0,0,80.0
ASG000039,DUD100028,CLI0288,2025-10-12,2026-03-16,Renewed,ALT / English Teacher,104,Annual,0,0,Initial Assignment,CAN001504,Matthew,,Johnson,1988-04-09,Prefer not to say,Filipino,American,Japan,Associate Degree,Business,Native,N3,Eligible,Teacher,2021-10-25,Haruka Junior High School,Kindergarten,Chiba,Matsudo,2021-10-26,,Active,5,3,0,0,60.0
ASG000040,DUD100028,CLI0056,2026-04-13,2027-05-22,Renewed,Experienced Teacher,101,Six-Month,0,0,Client Request,CAN001504,Matthew,,Johnson,1988-04-09,Prefer not to say,Filipino,American,Japan,Associate Degree,Business,Native,N3,Eligible,Teacher,2021-10-25,Takashima Elementary School,Public Elementary School,Chiba,Matsudo,2022-09-28,,Active,12,7,2,0,58.33
ASG000041,DUD100028,CLI0141,2027-06-14,,Active,Senior Teacher,119,Annual,0,0,Replacement,CAN001504,Matthew,,Johnson,1988-04-09,Prefer not to say,Filipino,American,Japan,Associate Degree,Business,Native,N3,Eligible,Teacher,2021-10-25,Kawaguchi Elementary School,Education Center,Kanagawa,Kawasaki,2024-12-31,,Active,1,0,0,0,0.0
ASG000042,DUD100029,CLI0118,2024-12-31,,Active,ALT / English Teacher,44,Three-Month,0,0,Initial Assignment,CAN000381,Olivia,,Rodriguez,1995-10-11,Prefer not to say,Brazilian,Filipino,Japan,Master's Degree,Education,Native,N2,Eligible,Teacher,2024-04-01,Asahi International School,English School,Kanagawa,Sagamihara,2019-11-07,,Active,12,9,1,0,75.0
ASG000043,DUD100030,CLI0159,2022-11-02,2023-07-21,Renewed,Experienced Teacher,62,Three-Month,0,0,Staffing Demand,CAN001221,Sofia,,Thompson,1988-08-10,Male,Brazilian,Mexican,Japan,Bachelor's Degree,Business,Native,,Eligible,Teacher,2022-05-14,Akebono Academy,High School,Tokyo,Adachi,2026-04-23,,Active,8,7,0,0,87.5
ASG000044,DUD100030,CLI0271,2023-08-02,2024-09-17,Completed,Experienced Teacher,116,Annual,0,0,Replacement,CAN001221,Sofia,,Thompson,1988-08-10,Male,Brazilian,Mexican,Japan,Bachelor's Degree,Business,Native,,Eligible,Teacher,2022-05-14,Nerima Elementary School,Kindergarten,Tokyo,Ota,2019-08-26,,Active,12,12,0,0,100.0
ASG000045,DUD100031,CLI0127,2023-04-03,,Active,ALT / English Teacher,34,Annual,0,0,Staffing Demand,CAN000482,Ana,,Moore,1975-08-02,Female,Canadian,Canadian,Japan,Master's Degree,Business,C1,N2,Eligible,Teacher,2022-02-19,Ota High School,English School,Kanagawa,Fujisawa,2026-01-09,,Active,12,10,0,0,83.33
ASG000046,DUD100032,CLI0036,2024-12-11,,Active,Experienced Teacher,44,Annual,0,0,Transfer,CAN000628,Andres,,Brown,1999-12-23,Non-binary,British,British,Japan,Master's Degree,Other,B2,N1,Eligible,Teacher,2022-04-25,Seiwa International School,Public Junior High School,Tokyo,Ota,2019-06-26,2021-06-29,Inactive,12,10,1,0,83.33
ASG000047,DUD100033,CLI0168,2026-02-15,2027-06-26,Completed,ALT / English Teacher,87,Six-Month,0,0,Client Request,CAN000582,Matthew,,King,1990-02-28,Male,Brazilian,Japanese,Japan,Diploma,Other,C2,Basic,Eligible,Teacher,2021-08-29,Meisei Education Center,Public Junior High School,Kanagawa,Fujisawa,2019-11-11,,Active,12,9,2,0,75.0
ASG000048,DUD100033,CLI0098,2027-07-11,,Active,ALT / English Teacher,92,Annual,0,0,Replacement,CAN000582,Matthew,,King,1990-02-28,Male,Brazilian,Japanese,Japan,Diploma,Other,C2,Basic,Eligible,Teacher,2021-08-29,Meisei Elementary School,Public Junior High School,Saitama,Toda,2024-03-26,,Active,1,0,0,0,0.0
ASG000049,DUD100034,CLI0172,2021-01-27,2021-11-14,Ended,Senior Teacher,17,Three-Month,0,0,Client Request,CAN001254,Andres,,Williams,1984-09-15,Non-binary,Australian,Mexican,Japan,Bachelor's Degree,Psychology,C1,,Eligible,Teacher,2023-10-16,Haruka High School,Private School,Tokyo,Koganei,2025-12-30,,Active,9,9,0,0,100.0
ASG000050,DUD100034,CLI0029,2021-11-21,2022-12-21,Renewed,Experienced Teacher,44,Monthly,0,0,Replacement,CAN001254,Andres,,Williams,1984-09-15,Non-binary,Australian,Mexican,Japan,Bachelor's Degree,Psychology,C1,,Eligible,Teacher,2023-10-16,Asahi Education Center,Public Elementary School,Chiba,Matsudo,2022-10-13,,Active,12,10,0,0,83.33
ASG000051,DUD100034,CLI0130,2022-12-29,2023-04-10,Ended,ALT / English Teacher,73,Monthly,0,0,Staffing Demand,CAN001254,Andres,,Williams,1984-09-15,Non-binary,Australian,Mexican,Japan,Bachelor's Degree,Psychology,C1,,Eligible,Teacher,2023-10-16,Koyo Education Center,Public Elementary School,Saitama,Kawagoe,2024-10-08,,Active,3,3,0,0,100.0
ASG000052,DUD100035,CLI0252,2024-03-16,,Active,ALT / English Teacher,113,Monthly,0,0,Transfer,CAN000706,John,,Davis,1990-01-25,Prefer not to say,Japanese,French,Japan,Associate Degree,Education,C2,N2,Eligible,Teacher,2022-01-09,Musashino Academy,Education Center,Chiba,Kashiwa,2022-12-20,,Active,12,12,0,0,100.0
ASG000053,DUD100036,CLI0277,2023-01-20,,Active,ALT / English Teacher,97,Six-Month,0,0,Initial Assignment,CAN001887,Matthew,,Hall,1975-11-25,Female,French,Mexican,Japan,Master's Degree,Education,C1,N2,Eligible,Teacher,2025-08-28,Asahi Elementary School,English School,Kanagawa,Fujisawa,2019-05-04,,Active,12,8,2,0,66.67
ASG000054,DUD100037,CLI0289,2022-08-21,2024-01-26,Completed,Experienced Teacher,16,Monthly,0,0,Client Request,CAN001833,Emma,,Garcia,1983-04-23,Prefer not to say,Canadian,Spanish,Japan,Diploma,English,C1,N2,Eligible,Teacher,2022-07-23,Kita High School,Private School,Saitama,Warabi,2025-07-06,,Active,12,10,1,0,83.33
ASG000055,DUD100037,CLI0139,2024-01-29,2024-05-06,Completed,Experienced Teacher,56,Monthly,0,0,Replacement,CAN001833,Emma,,Garcia,1983-04-23,Prefer not to say,Canadian,Spanish,Japan,Diploma,English,C1,N2,Eligible,Teacher,2022-07-23,Kizuna Junior High School,Private School,Kanagawa,Kawasaki,2024-05-03,,Active,3,3,0,0,100.0
ASG000056,DUD100038,CLI0035,2023-11-28,,Active,ALT / English Teacher,26,Six-Month,0,0,Replacement,CAN001839,Sarah,,Taylor,1979-03-21,Female,Mexican,Mexican,Japan,Associate Degree,Business,Native,N3,Eligible,Teacher,2026-01-30,Akebono Academy,Public Junior High School,Saitama,Toda,2021-01-30,2023-06-07,Inactive,12,10,1,0,83.33
ASG000057,DUD100039,CLI0297,2023-10-25,,Active,ALT / English Teacher,41,Monthly,0,0,Client Request,CAN000941,William,,Rodriguez,1977-02-25,Female,Mexican,French,Japan,Bachelor's Degree,Other,C1,,Eligible,Teacher,2023-11-14,Shinmei Elementary School,Public Junior High School,Chiba,Kashiwa,2025-02-11,2028-09-20,Inactive,12,11,1,0,91.67
ASG000058,DUD100040,CLI0174,2023-08-29,2024-05-09,Renewed,ALT / English Teacher,75,Three-Month,0,0,Replacement,CAN000998,Ana,,Ramirez,1982-09-12,Male,Mexican,French,Japan,Diploma,Business,Native,Basic,Eligible,Teacher,2021-05-15,Ota Junior High School,Public Elementary School,Saitama,Koshigaya,2026-01-08,,Active,8,7,0,0,87.5
ASG000059,DUD100041,CLI0214,2022-09-01,2024-02-07,Ended,ALT / English Teacher,63,Annual,0,0,Initial Assignment,CAN000334,Juan,,Allen,2002-09-24,Female,British,Mexican,Japan,Master's Degree,Psychology,C2,Basic,Eligible,Teacher,2026-04-05,Kita Academy,Kindergarten,Kanagawa,Fujisawa,2024-09-21,,Active,12,10,0,0,83.33
ASG000060,DUD100041,CLI0205,2024-02-17,,Active,ALT / English Teacher,29,Three-Month,0,0,Staffing Demand,CAN000334,Juan,,Allen,2002-09-24,Female,British,Mexican,Japan,Master's Degree,Psychology,C2,Basic,Eligible,Teacher,2026-04-05,Mirai High School,Private School,Saitama,Kawagoe,2024-08-28,,Active,12,11,0,0,91.67
ASG000061,DUD100042,CLI0099,2023-04-26,2023-12-19,Completed,Experienced Teacher,51,Annual,0,0,Staffing Demand,CAN001734,Daniel,,Ramirez,1995-07-23,Prefer not to say,Brazilian,American,Japan,Bachelor's Degree,Psychology,Native,Basic,Eligible,Teacher,2023-03-12,Nerima International School,Education Center,Tokyo,Hachioji,2025-12-21,,Active,7,7,0,0,100.0
ASG000062,DUD100042,CLI0029,2023-12-25,,Active,Trainer,62,Monthly,0,0,Client Request,CAN001734,Daniel,,Ramirez,1995-07-23,Prefer not to say,Brazilian,American,Japan,Bachelor's Degree,Psychology,Native,Basic,Eligible,Teacher,2023-03-12,Asahi Education Center,Public Elementary School,Chiba,Matsudo,2022-10-13,,Active,12,10,0,0,83.33
ASG000063,DUD100043,CLI0117,2025-04-22,,Active,ALT / English Teacher,79,Annual,0,0,Staffing Demand,CAN001170,Daniel,,Brown,1975-04-10,Male,Brazilian,Canadian,Japan,Bachelor's Degree,Business,C1,N2,Eligible,Teacher,2022-10-10,Asahi Junior High School,Public Junior High School,Saitama,Warabi,2019-01-20,,Active,12,11,0,0,91.67
ASG000064,DUD100044,CLI0008,2021-12-08,,Active,Senior Teacher,105,Annual,0,0,Transfer,CAN000389,Olivia,,Hernandez,1991-08-06,Prefer not to say,Australian,Mexican,Japan,Bachelor's Degree,Psychology,C2,N3,Eligible,Teacher,2025-07-13,Shinmei High School,Public Junior High School,Kanagawa,Yamato,2025-02-22,,Active,12,10,1,0,83.33
ASG000065,DUD100045,CLI0106,2025-09-13,2027-01-18,Ended,Senior Teacher,43,Monthly,0,0,Staffing Demand,CAN000411,Emily,,Sanchez,1991-09-16,Female,Canadian,American,Japan,Bachelor's Degree,Psychology,C2,N3,Eligible,Teacher,2021-06-09,Hikari High School,High School,Kanagawa,Yamato,2025-10-19,,Active,12,11,0,0,91.67
ASG000066,DUD100045,CLI0280,2027-01-27,,Active,ALT / English Teacher,52,Annual,0,0,Replacement,CAN000411,Emily,,Sanchez,1991-09-16,Female,Canadian,American,Japan,Bachelor's Degree,Psychology,C2,N3,Eligible,Teacher,2021-06-09,Seiwa International School,English School,Saitama,Saitama,2019-10-30,2022-12-03,Inactive,1,1,0,0,100.0
ASG000067,DUD100046,CLI0280,2026-01-03,2026-05-07,Renewed,ALT / English Teacher,91,Annual,0,0,Initial Assignment,CAN001653,Daniel,,Allen,2000-06-16,Female,Filipino,Brazilian,Japan,Diploma,Linguistics,C2,N3,Eligible,Teacher,2024-12-23,Seiwa International School,English School,Saitama,Saitama,2019-10-30,2022-12-03,Inactive,4,3,0,0,75.0
ASG000068,DUD100047,CLI0254,2024-06-30,,Active,ALT / English Teacher,89,Annual,0,0,Client Request,CAN000378,Alejandro,,Allen,1993-05-22,Male,Japanese,Spanish,Japan,Diploma,English,Native,,Eligible,Teacher,2025-12-11,Haruka Education Center,Private School,Tokyo,Koganei,2024-08-30,,Active,12,10,1,0,83.33
ASG000069,DUD100048,CLI0027,2022-05-23,,Active,Senior Teacher,67,Monthly,0,0,Transfer,CAN001149,Jessica,,Williams,1975-06-07,Female,American,American,Japan,Master's Degree,Psychology,C1,N2,Eligible,Teacher,2026-04-25,Akebono Elementary School,Private School,Chiba,Ichikawa,2020-02-03,,Active,12,9,1,0,75.0
ASG000070,DUD100049,CLI0290,2024-02-23,,Active,ALT / English Teacher,37,Three-Month,0,0,Staffing Demand,CAN000305,Sofia,,Gonzalez,1982-05-07,Prefer not to say,Japanese,Canadian,Japan,Diploma,Education,C2,N2,Eligible,Teacher,2026-01-24,Koganei High School,English School,Chiba,Chiba,2019-03-31,,Active,12,10,1,0,83.33
ASG000071,DUD100050,CLI0119,2021-12-11,,Active,Experienced Teacher,106,Annual,0,0,Replacement,CAN000317,Diego,,Young,1992-11-09,Prefer not to say,Spanish,Mexican,Japan,Associate Degree,Business,C2,Basic,Eligible,Teacher,2022-12-13,Koyo Education Center,Kindergarten,Tokyo,Nerima,2023-07-31,,Active,12,10,1,0,83.33
ASG000072,DUD100051,CLI0131,2021-06-03,2022-07-02,Ended,ALT / English Teacher,67,Annual,0,0,Replacement,CAN001018,James,,Moore,1998-07-06,Prefer not to say,Australian,Spanish,Japan,Bachelor's Degree,English,Native,Basic,Eligible,Teacher,2022-11-12,Asahi High School,Public Junior High School,Saitama,Kawagoe,2024-10-21,2027-04-26,Inactive,12,9,0,0,75.0
ASG000073,DUD100052,CLI0007,2024-01-23,,Active,Experienced Teacher,58,Six-Month,0,0,Client Request,CAN000865,Robert,,Brown,2003-08-05,Non-binary,British,Mexican,Japan,Master's Degree,Education,C2,N2,Eligible,Teacher,2024-06-28,Kawaguchi Junior High School,Kindergarten,Chiba,Ichikawa,2022-08-29,,Active,12,8,2,0,66.67
ASG000074,DUD100053,CLI0142,2022-03-13,,Active,Senior Teacher,93,Six-Month,0,0,Transfer,CAN001712,Thomas,,White,1999-07-26,Non-binary,Spanish,Spanish,Japan,Master's Degree,Other,B2,N1,Eligible,Teacher,2025-03-24,Midori Elementary School,English School,Chiba,Urayasu,2025-06-16,,Active,12,10,0,0,83.33
ASG000075,DUD100054,CLI0122,2024-01-12,,Active,Senior Teacher,70,Annual,0,0,Staffing Demand,CAN000617,Olivia,,Thompson,1994-10-03,Non-binary,American,Filipino,Japan,Associate Degree,Psychology,Native,Basic,Eligible,Teacher,2022-04-20,Mirai Education Center,Kindergarten,Saitama,Kawaguchi,2020-09-24,,Active,12,11,0,0,91.67
ASG000076,DUD100055,CLI0142,2022-05-03,2023-09-10,Completed,ALT / English Teacher,45,Three-Month,0,0,Client Request,CAN001255,Maria,,Moore,1981-08-11,Prefer not to say,Brazilian,Mexican,Japan,Bachelor's Degree,Linguistics,C1,N3,Eligible,Teacher,2021-09-14,Midori Elementary School,English School,Chiba,Urayasu,2025-06-16,,Active,12,12,0,0,100.0
ASG000077,DUD100055,CLI0095,2023-09-12,2024-09-21,Transferred,ALT / English Teacher,34,Six-Month,0,0,Client Request,CAN001255,Maria,,Moore,1981-08-11,Prefer not to say,Brazilian,Mexican,Japan,Bachelor's Degree,Linguistics,C1,N3,Eligible,Teacher,2021-09-14,Haruka International School,Private School,Saitama,Kawaguchi,2022-09-27,,Active,12,12,0,0,100.0
ASG000078,DUD100055,CLI0172,2024-10-03,,Active,Experienced Teacher,112,Monthly,0,0,Initial Assignment,CAN001255,Maria,,Moore,1981-08-11,Prefer not to say,Brazilian,Mexican,Japan,Bachelor's Degree,Linguistics,C1,N3,Eligible,Teacher,2021-09-14,Haruka High School,Private School,Tokyo,Koganei,2025-12-30,,Active,12,8,2,0,66.67
ASG000079,DUD100056,CLI0228,2021-01-13,2021-07-20,Renewed,Trainer,104,Annual,0,0,Transfer,CAN000240,Marco,,Anderson,1999-06-06,Female,Canadian,Mexican,Japan,Associate Degree,Other,B2,N1,Eligible,Teacher,2024-11-28,Takashima Academy,Education Center,Kanagawa,Kawasaki,2025-12-24,,Active,6,5,0,0,83.33
ASG000080,DUD100056,CLI0097,2021-07-22,2022-04-14,Ended,ALT / English Teacher,45,Monthly,0,0,Initial Assignment,CAN000240,Marco,,Anderson,1999-06-06,Female,Canadian,Mexican,Japan,Associate Degree,Other,B2,N1,Eligible,Teacher,2024-11-28,Sakura International School,High School,Chiba,Ichikawa,2025-02-08,,Active,8,5,2,0,62.5
ASG000081,DUD100057,CLI0165,2021-04-11,2021-08-10,Renewed,ALT / English Teacher,77,Six-Month,0,0,Client Request,CAN000503,Jessica,,Walker,1981-10-14,Non-binary,Australian,Japanese,Japan,Master's Degree,Education,C2,N3,Eligible,Teacher,2021-03-03,Nerima Elementary School,High School,Tokyo,Katsushika,2024-08-08,,Active,4,4,0,0,100.0
ASG000082,DUD100058,CLI0075,2024-07-06,,Active,ALT / English Teacher,115,Annual,0,0,Transfer,CAN001940,Christopher,,Lopez,1986-04-28,Female,French,Japanese,Japan,Associate Degree,Psychology,C2,N2,Eligible,Teacher,2023-04-09,Akebono Junior High School,High School,Tokyo,Koganei,2019-07-27,2021-10-07,Inactive,12,9,0,0,75.0
ASG000083,DUD100059,CLI0089,2024-09-18,2026-01-13,Ended,ALT / English Teacher,67,Three-Month,0,0,Client Request,CAN000556,Maria,,Anderson,1983-08-20,Male,Mexican,Mexican,Japan,Diploma,Business,Native,,Eligible,Teacher,2025-07-11,Koganei Education Center,High School,Chiba,Matsudo,2024-06-15,,Active,12,9,2,0,75.0
ASG000084,DUD100060,CLI0221,2025-04-22,,Active,Experienced Teacher,37,Six-Month,0,0,Replacement,CAN000266,Sofia,,Thompson,1998-06-09,Non-binary,Filipino,French,Japan,Bachelor's Degree,Education,B2,N1,Eligible,Teacher,2026-08-11,Haruka Education Center,High School,Chiba,Ichikawa,2019-10-29,2021-07-29,Inactive,12,10,1,0,83.33
ASG000085,DUD100061,CLI0119,2022-10-31,2023-08-15,Completed,Experienced Teacher,61,Annual,0,0,Initial Assignment,CAN001132,William,,Thompson,1977-06-09,Prefer not to say,Japanese,Spanish,Japan,Bachelor's Degree,Business,Native,N1,Eligible,Teacher,2023-01-04,Koyo Education Center,Kindergarten,Tokyo,Nerima,2023-07-31,,Active,9,8,1,0,88.89
ASG000086,DUD100061,CLI0168,2023-08-31,,Active,Experienced Teacher,41,Six-Month,0,0,Initial Assignment,CAN001132,William,,Thompson,1977-06-09,Prefer not to say,Japanese,Spanish,Japan,Bachelor's Degree,Business,Native,N1,Eligible,Teacher,2023-01-04,Meisei Education Center,Public Junior High School,Kanagawa,Fujisawa,2019-11-11,,Active,12,10,0,0,83.33
ASG000087,DUD100062,CLI0232,2022-01-10,,Active,ALT / English Teacher,34,Monthly,0,0,Transfer,CAN001390,Emily,,Lopez,1998-11-04,Male,British,Canadian,Japan,Master's Degree,Linguistics,C2,N1,Eligible,Teacher,2024-06-05,Kizuna Elementary School,Public Elementary School,Kanagawa,Fujisawa,2020-04-21,,Active,12,9,0,0,75.0
ASG000088,DUD100063,CLI0286,2023-12-07,2025-04-10,Renewed,ALT / English Teacher,28,Annual,0,0,Client Request,CAN000659,Michael,,Martinez,1992-12-25,Male,Mexican,Mexican,Japan,Associate Degree,Education,C1,N1,Eligible,Teacher,2026-03-02,Meisei Elementary School,Private School,Kanagawa,Fujisawa,2020-08-20,,Active,12,9,1,0,75.0
ASG000089,DUD100064,CLI0033,2022-08-21,,Active,ALT / English Teacher,20,Annual,0,0,Initial Assignment,CAN000600,Jessica,,Martin,1993-08-23,Prefer not to say,Brazilian,Filipino,Japan,Master's Degree,Other,C2,N1,Eligible,Teacher,2021-06-22,Haruka International School,English School,Tokyo,Koganei,2026-03-16,,Active,12,11,0,0,91.67
ASG000090,DUD100065,CLI0055,2024-05-16,2024-12-31,Renewed,ALT / English Teacher,15,Six-Month,0,0,Transfer,CAN000518,Matthew,,King,2003-06-11,Prefer not to say,American,Australian,Japan,Master's Degree,Education,C1,N1,Eligible,Teacher,2024-08-06,Kita Education Center,Kindergarten,Kanagawa,Sagamihara,2022-04-12,,Active,7,6,0,0,85.71
ASG000091,DUD100066,CLI0272,2025-03-01,2026-01-09,Completed,Experienced Teacher,20,Annual,0,0,Staffing Demand,CAN000697,Sofia,,Martinez,1992-04-19,Male,Japanese,Filipino,Japan,Associate Degree,Business,C1,N3,Eligible,Teacher,2024-12-01,Sakura Junior High School,Education Center,Chiba,Matsudo,2023-11-25,,Active,10,10,0,0,100.0
ASG000092,DUD100066,CLI0151,2026-02-06,2026-08-16,Transferred,ALT / English Teacher,31,Six-Month,0,0,Replacement,CAN000697,Sofia,,Martinez,1992-04-19,Male,Japanese,Filipino,Japan,Associate Degree,Business,C1,N3,Eligible,Teacher,2024-12-01,Kawaguchi Academy,High School,Chiba,Ichikawa,2026-04-11,,Active,6,5,0,0,83.33
ASG000093,DUD100066,CLI0166,2026-09-07,,Active,ALT / English Teacher,111,Annual,0,0,Replacement,CAN000697,Sofia,,Martinez,1992-04-19,Male,Japanese,Filipino,Japan,Associate Degree,Business,C1,N3,Eligible,Teacher,2024-12-01,Nerima Junior High School,Private School,Kanagawa,Yokohama,2024-03-04,,Active,1,1,0,0,100.0
ASG000094,DUD100067,CLI0282,2023-05-11,2024-09-27,Renewed,ALT / English Teacher,104,Annual,0,0,Initial Assignment,CAN000496,Jessica,,Allen,1978-02-11,Prefer not to say,Canadian,Japanese,Japan,Bachelor's Degree,Psychology,C1,N3,Eligible,Teacher,2025-03-08,Akebono Education Center,High School,Chiba,Urayasu,2025-09-24,,Active,12,11,0,0,91.67
ASG000095,DUD100068,CLI0129,2021-10-29,2022-08-02,Transferred,ALT / English Teacher,62,Six-Month,0,0,Transfer,CAN000105,Robert,,Davis,1995-01-08,Non-binary,American,Japanese,Japan,Diploma,Education,Native,Basic,Eligible,Teacher,2024-07-02,Kita Elementary School,Public Elementary School,Tokyo,Edogawa,2023-06-03,,Active,9,8,1,0,88.89
ASG000096,DUD100068,CLI0225,2022-08-16,,Active,Senior Teacher,70,Monthly,0,0,Transfer,CAN000105,Robert,,Davis,1995-01-08,Non-binary,American,Japanese,Japan,Diploma,Education,Native,Basic,Eligible,Teacher,2024-07-02,Takashima High School,Public Elementary School,Saitama,Warabi,2023-11-02,,Active,12,8,2,0,66.67
ASG000097,DUD100069,CLI0135,2023-11-07,2024-09-04,Ended,ALT / English Teacher,37,Monthly,0,0,Client Request,CAN001928,Maria,,Lee,1975-04-01,Prefer not to say,French,Spanish,Japan,Diploma,Other,B2,,Eligible,Teacher,2023-10-20,Asahi Education Center,Public Elementary School,Saitama,Toda,2024-07-10,,Active,10,9,1,0,90.0
ASG000098,DUD100069,CLI0297,2024-09-17,,Active,Senior Teacher,89,Monthly,0,0,Staffing Demand,CAN001928,Maria,,Lee,1975-04-01,Prefer not to say,French,Spanish,Japan,Diploma,Other,B2,,Eligible,Teacher,2023-10-20,Shinmei Elementary School,Public Junior High School,Chiba,Kashiwa,2025-02-11,2028-09-20,Inactive,12,10,0,0,83.33
ASG000099,DUD100070,CLI0210,2026-03-06,2026-08-08,Ended,Experienced Teacher,34,Six-Month,0,0,Initial Assignment,CAN001726,Diego,,Gonzalez,1978-01-09,Male,Canadian,Brazilian,Japan,Associate Degree,Other,C1,N1,Eligible,Teacher,2026-06-21,Haruka Education Center,High School,Tokyo,Kita,2022-12-04,,Active,5,4,1,0,80.0
ASG000100,DUD100070,CLI0062,2026-09-02,2027-09-12,Renewed,Senior Teacher,54,Monthly,0,0,Transfer,CAN001726,Diego,,Gonzalez,1978-01-09,Male,Canadian,Brazilian,Japan,Associate Degree,Other,C1,N1,Eligible,Teacher,2026-06-21,Asahi Junior High School,Kindergarten,Tokyo,Edogawa,2022-05-25,,Active,12,10,1,0,83.33
ASG000101,DUD100071,CLI0091,2023-08-22,,Active,Senior Teacher,92,Annual,0,0,Client Request,CAN001835,Miguel,,Williams,1991-12-02,Non-binary,American,French,Japan,Diploma,Linguistics,C2,Basic,Eligible,Teacher,2022-07-25,Sakura Academy,Private School,Tokyo,Edogawa,2026-01-29,,Active,12,9,1,0,75.0
ASG000102,DUD100072,CLI0203,2021-08-23,2022-03-31,Ended,Experienced Teacher,18,Monthly,0,0,Transfer,CAN001791,Hannah,,Torres,1984-02-12,Non-binary,French,Mexican,Japan,Master's Degree,English,Native,N2,Eligible,Teacher,2024-03-15,Midori Academy,Public Junior High School,Saitama,Kawaguchi,2023-05-29,,Active,7,6,0,0,85.71
ASG000103,DUD100072,CLI0260,2022-04-08,2022-10-12,Ended,ALT / English Teacher,80,Annual,0,0,Staffing Demand,CAN001791,Hannah,,Torres,1984-02-12,Non-binary,French,Mexican,Japan,Master's Degree,English,Native,N2,Eligible,Teacher,2024-03-15,Koyo Elementary School,Public Elementary School,Tokyo,Kita,2025-03-25,,Active,6,5,0,0,83.33
ASG000104,DUD100073,CLI0270,2026-01-11,,Active,ALT / English Teacher,36,Monthly,0,0,Client Request,CAN001409,Andres,,Hall,1978-01-04,Male,Australian,British,Japan,Master's Degree,Psychology,C2,N2,Eligible,Teacher,2023-03-28,Nerima Academy,High School,Chiba,Urayasu,2019-08-19,,Active,7,6,0,0,85.71
ASG000105,DUD100074,CLI0034,2024-02-17,,Active,Experienced Teacher,65,Six-Month,0,0,Client Request,CAN000977,Emma,,Walker,1983-08-24,Male,Mexican,Australian,Japan,Diploma,Business,B2,,Eligible,Teacher,2024-08-27,Midori Academy,English School,Saitama,Kawaguchi,2019-02-16,,Active,12,11,0,0,91.67
ASG000106,DUD100075,CLI0238,2024-10-29,,Active,ALT / English Teacher,28,Annual,0,0,Replacement,CAN000819,Daniel,,Johnson,1986-08-20,Prefer not to say,French,British,Japan,Diploma,Business,C2,N1,Eligible,Teacher,2021-07-17,Kita Elementary School,Private School,Chiba,Matsudo,2021-04-13,,Active,12,11,0,0,91.67
ASG000107,DUD100076,CLI0157,2023-11-03,2024-08-13,Ended,ALT / English Teacher,37,Six-Month,0,0,Replacement,CAN001283,Daniel,,Davis,1984-09-23,Prefer not to say,Spanish,Australian,Japan,Associate Degree,Other,C1,N1,Eligible,Teacher,2024-03-22,Akebono High School,Public Elementary School,Saitama,Koshigaya,2024-04-23,2026-09-07,Inactive,9,8,0,0,88.89
ASG000108,DUD100077,CLI0104,2021-06-03,,Active,ALT / English Teacher,46,Six-Month,0,0,Client Request,CAN000632,Sarah,,Wilson,1981-01-27,Prefer not to say,Filipino,Canadian,Japan,Associate Degree,English,C1,,Eligible,Teacher,2025-06-27,Nerima Education Center,High School,Tokyo,Tachikawa,2021-01-05,2023-02-06,Inactive,12,10,2,0,83.33
ASG000109,DUD100078,CLI0265,2022-01-12,2023-05-19,Renewed,ALT / English Teacher,94,Annual,0,0,Replacement,CAN001886,Diego,,Johnson,1992-06-19,Prefer not to say,Filipino,Mexican,Japan,Diploma,English,C1,N1,Eligible,Teacher,2025-01-20,Sakura Junior High School,Public Elementary School,Saitama,Kawaguchi,2024-09-23,,Active,12,10,0,0,83.33
ASG000110,DUD100079,CLI0152,2025-05-27,2025-12-25,Completed,ALT / English Teacher,66,Three-Month,0,0,Transfer,CAN000542,Emma,,Thompson,1985-12-15,Male,Mexican,Brazilian,Japan,Diploma,Linguistics,C2,N1,Eligible,Teacher,2023-11-05,Meisei International School,English School,Tokyo,Tachikawa,2025-01-26,,Active,7,6,0,0,85.71
ASG000111,DUD100080,CLI0022,2022-05-07,,Active,ALT / English Teacher,109,Monthly,0,0,Staffing Demand,CAN000436,Michael,,Miller,1977-07-16,Female,Filipino,Filipino,Japan,Diploma,Linguistics,C2,Basic,Eligible,Teacher,2021-03-14,Kita Junior High School,High School,Saitama,Warabi,2020-11-12,,Active,12,8,2,0,66.67
ASG000112,DUD100081,CLI0276,2023-04-07,2023-10-29,Ended,ALT / English Teacher,16,Six-Month,0,0,Staffing Demand,CAN001961,David,,Hernandez,1991-12-16,Non-binary,Brazilian,Spanish,Japan,Master's Degree,Education,C1,N3,Eligible,Teacher,2022-05-09,Kawaguchi Elementary School,Public Elementary School,Tokyo,Katsushika,2022-10-28,,Active,6,5,0,0,83.33
ASG000113,DUD100081,CLI0250,2023-11-14,,Active,ALT / English Teacher,96,Six-Month,0,0,Client Request,CAN001961,David,,Hernandez,1991-12-16,Non-binary,Brazilian,Spanish,Japan,Master's Degree,Education,C1,N3,Eligible,Teacher,2022-05-09,Tsubaki High School,Education Center,Tokyo,Itabashi,2024-11-21,,Active,12,9,1,0,75.0
ASG000114,DUD100082,CLI0151,2022-01-29,2022-12-05,Completed,ALT / English Teacher,103,Annual,0,0,Staffing Demand,CAN001083,Jessica,,Jackson,1996-01-18,Female,French,French,Japan,Bachelor's Degree,English,C1,Basic,Eligible,Teacher,2025-04-30,Kawaguchi Academy,High School,Chiba,Ichikawa,2026-04-11,,Active,10,7,2,0,70.0
ASG000115,DUD100082,CLI0265,2022-12-27,2023-12-05,Completed,ALT / English Teacher,107,Annual,0,0,Transfer,CAN001083,Jessica,,Jackson,1996-01-18,Female,French,French,Japan,Bachelor's Degree,English,C1,Basic,Eligible,Teacher,2025-04-30,Sakura Junior High School,Public Elementary School,Saitama,Kawaguchi,2024-09-23,,Active,11,10,0,0,90.91
ASG000116,DUD100083,CLI0030,2021-10-12,,Active,ALT / English Teacher,64,Six-Month,0,0,Transfer,CAN001146,Sofia,,White,1977-04-14,Female,Filipino,Brazilian,Japan,Master's Degree,Linguistics,C2,N2,Eligible,Teacher,2022-08-08,Akebono Elementary School,Public Junior High School,Saitama,Kawaguchi,2024-04-09,,Active,12,10,1,0,83.33
ASG000117,DUD100084,CLI0152,2022-08-02,2023-04-30,Ended,ALT / English Teacher,68,Six-Month,0,0,Initial Assignment,CAN000171,Miguel,,Thompson,2001-07-27,Prefer not to say,Canadian,Spanish,Japan,Master's Degree,Linguistics,B2,,Eligible,Teacher,2024-03-01,Meisei International School,English School,Tokyo,Tachikawa,2025-01-26,,Active,9,8,1,0,88.89
ASG000118,DUD100084,CLI0037,2023-05-30,,Active,Experienced Teacher,21,Three-Month,0,0,Transfer,CAN000171,Miguel,,Thompson,2001-07-27,Prefer not to say,Canadian,Spanish,Japan,Master's Degree,Linguistics,B2,,Eligible,Teacher,2024-03-01,Midori Junior High School,Public Elementary School,Kanagawa,Sagamihara,2025-11-05,,Active,12,9,2,0,75.0
ASG000119,DUD100085,CLI0268,2025-01-15,,Active,ALT / English Teacher,96,Three-Month,0,0,Staffing Demand,CAN001742,Miguel,,Hall,1987-09-07,Male,Spanish,Brazilian,Japan,Bachelor's Degree,Other,B2,Basic,Eligible,Teacher,2023-07-23,Akebono International School,Public Junior High School,Saitama,Saitama,2024-07-16,,Active,12,10,0,0,83.33
ASG000120,DUD100086,CLI0008,2025-02-02,,Active,ALT / English Teacher,98,Monthly,0,0,Transfer,CAN000451,Ana,,Taylor,1999-06-27,Female,Brazilian,American,Japan,Master's Degree,Other,C2,,Eligible,Teacher,2025-08-27,Shinmei High School,Public Junior High School,Kanagawa,Yamato,2025-02-22,,Active,12,8,2,0,66.67
ASG000121,DUD100087,CLI0165,2021-02-20,2021-10-26,Ended,Experienced Teacher,16,Monthly,0,0,Transfer,CAN001887,Christopher,,Smith,1985-05-17,Female,Japanese,British,Japan,Bachelor's Degree,Psychology,C2,Basic,Eligible,Teacher,2026-05-09,Nerima Elementary School,High School,Tokyo,Katsushika,2024-08-08,,Active,8,8,0,0,100.0
ASG000122,DUD100087,CLI0149,2021-10-28,2022-07-11,Transferred,ALT / English Teacher,80,Monthly,0,0,Staffing Demand,CAN001887,Christopher,,Smith,1985-05-17,Female,Japanese,British,Japan,Bachelor's Degree,Psychology,C2,Basic,Eligible,Teacher,2026-05-09,Haruka Junior High School,Private School,Tokyo,Tachikawa,2025-03-19,,Active,8,5,2,0,62.5
ASG000123,DUD100087,CLI0059,2022-07-29,,Active,ALT / English Teacher,31,Three-Month,0,0,Replacement,CAN001887,Christopher,,Smith,1985-05-17,Female,Japanese,British,Japan,Bachelor's Degree,Psychology,C2,Basic,Eligible,Teacher,2026-05-09,Mirai Education Center,High School,Chiba,Funabashi,2019-04-11,,Active,12,12,0,0,100.0
ASG000124,DUD100088,CLI0161,2023-04-13,,Active,ALT / English Teacher,117,Annual,0,0,Staffing Demand,CAN001997,Olivia,,Allen,1992-11-11,Female,Mexican,Canadian,Japan,Bachelor's Degree,Psychology,C1,N2,Eligible,Teacher,2025-01-09,Nerima Elementary School,Education Center,Saitama,Warabi,2019-12-21,,Active,12,11,0,0,91.67
ASG000125,DUD100089,CLI0276,2025-08-10,2026-01-12,Completed,Experienced Teacher,108,Three-Month,0,0,Transfer,CAN000447,Jessica,,Allen,1990-11-09,Female,French,British,Japan,Diploma,Linguistics,C2,Basic,Eligible,Teacher,2022-04-06,Kawaguchi Elementary School,Public Elementary School,Tokyo,Katsushika,2022-10-28,,Active,5,4,0,0,80.0
ASG000126,DUD100089,CLI0286,2026-02-02,,Active,ALT / English Teacher,46,Three-Month,0,0,Staffing Demand,CAN000447,Jessica,,Allen,1990-11-09,Female,French,British,Japan,Diploma,Linguistics,C2,Basic,Eligible,Teacher,2022-04-06,Meisei Elementary School,Private School,Kanagawa,Fujisawa,2020-08-20,,Active,6,6,0,0,100.0
ASG000127,DUD100090,CLI0087,2021-09-12,2022-05-01,Renewed,Experienced Teacher,59,Monthly,0,0,Staffing Demand,CAN001333,Ana,,Miller,1977-09-08,Male,American,Japanese,Japan,Master's Degree,Other,C1,N3,Eligible,Teacher,2024-12-06,Kizuna High School,Public Elementary School,Kanagawa,Yamato,2025-01-04,,Active,7,5,0,0,71.43
ASG000128,DUD100091,CLI0145,2024-03-14,2025-01-13,Renewed,Experienced Teacher,18,Annual,0,0,Transfer,CAN000117,Carlos,,Rodriguez,1987-08-09,Male,Japanese,Brazilian,Japan,Diploma,Linguistics,Native,Basic,Eligible,Teacher,2024-02-23,Musashino Elementary School,English School,Kanagawa,Yokohama,2024-08-24,,Active,10,9,0,0,90.0
ASG000129,DUD100092,CLI0195,2024-05-19,2025-07-06,Renewed,Senior Teacher,37,Six-Month,0,0,Client Request,CAN001263,Daniel,,Perez,1996-02-22,Prefer not to say,Mexican,Australian,Japan,Master's Degree,English,Native,N1,Eligible,Teacher,2022-09-15,Haruka Academy,English School,Kanagawa,Yamato,2020-09-13,,Active,12,9,2,0,75.0
ASG000130,DUD100093,CLI0153,2022-02-10,,Active,Trainer,109,Monthly,0,0,Staffing Demand,CAN000965,Sarah,,Davis,1981-09-04,Male,Brazilian,Canadian,Japan,Master's Degree,Psychology,Native,N2,Eligible,Teacher,2025-11-30,Meisei High School,High School,Saitama,Saitama,2023-05-27,2024-06-05,Inactive,12,11,0,0,91.67
ASG000131,DUD100094,CLI0110,2021-04-12,2021-08-05,Ended,ALT / English Teacher,100,Annual,0,0,Replacement,CAN000350,Christopher,,Miller,1986-03-21,Prefer not to say,American,British,Japan,Bachelor's Degree,Other,B2,,Eligible,Teacher,2025-04-14,Midori Junior High School,High School,Kanagawa,Yokohama,2021-07-06,,Active,3,2,0,0,66.67
ASG000132,DUD100095,CLI0014,2025-08-23,2026-10-20,Completed,ALT / English Teacher,44,Six-Month,0,0,Client Request,CAN001060,Daniel,,Jackson,1989-03-19,Non-binary,Brazilian,French,Japan,Bachelor's Degree,Business,B2,N3,Eligible,Teacher,2022-10-26,Meisei High School,English School,Tokyo,Itabashi,2020-02-25,,Active,12,10,1,0,83.33
ASG000133,DUD100095,CLI0081,2026-11-11,2027-10-08,Renewed,Experienced Teacher,61,Monthly,0,0,Replacement,CAN001060,Daniel,,Jackson,1989-03-19,Non-binary,Brazilian,French,Japan,Bachelor's Degree,Business,B2,N3,Eligible,Teacher,2022-10-26,Nerima International School,Public Elementary School,Tokyo,Kita,2023-07-23,,Active,11,11,0,0,100.0
ASG000134,DUD100096,CLI0134,2022-08-27,2023-07-10,Renewed,Experienced Teacher,107,Monthly,0,0,Initial Assignment,CAN001706,Jose,,Jackson,1999-06-28,Non-binary,American,American,Japan,Bachelor's Degree,Linguistics,C2,Basic,Eligible,Teacher,2023-07-31,Mirai Academy,Education Center,Kanagawa,Sagamihara,2025-05-12,,Active,10,6,1,0,60.0
ASG000135,DUD100096,CLI0154,2023-07-29,2023-12-18,Renewed,ALT / English Teacher,89,Three-Month,0,0,Transfer,CAN001706,Jose,,Jackson,1999-06-28,Non-binary,American,American,Japan,Bachelor's Degree,Linguistics,C2,Basic,Eligible,Teacher,2023-07-31,Asahi International School,Private School,Tokyo,Nerima,2021-02-20,,Active,4,2,1,0,50.0
ASG000136,DUD100096,CLI0215,2024-01-12,,Active,ALT / English Teacher,41,Three-Month,0,0,Staffing Demand,CAN001706,Jose,,Jackson,1999-06-28,Non-binary,American,American,Japan,Bachelor's Degree,Linguistics,C2,Basic,Eligible,Teacher,2023-07-31,Ota High School,Private School,Chiba,Urayasu,2022-05-13,,Active,12,12,0,0,100.0
ASG000137,DUD100097,CLI0083,2022-10-19,2023-05-11,Ended,Experienced Teacher,37,Annual,0,0,Initial Assignment,CAN000749,Alejandro,,White,1989-11-15,Female,Mexican,Brazilian,Japan,Master's Degree,Other,Native,N1,Eligible,Teacher,2024-02-16,Koganei Junior High School,Private School,Kanagawa,Sagamihara,2022-06-28,2024-03-11,Inactive,6,6,0,0,100.0
ASG000138,DUD100097,CLI0079,2023-05-23,2024-10-26,Ended,ALT / English Teacher,92,Monthly,0,0,Staffing Demand,CAN000749,Alejandro,,White,1989-11-15,Female,Mexican,Brazilian,Japan,Master's Degree,Other,Native,N1,Eligible,Teacher,2024-02-16,Tsubaki Academy,High School,Chiba,Funabashi,2021-01-28,,Active,12,10,1,0,83.33
ASG000139,DUD100098,CLI0071,2025-12-06,2027-05-06,Ended,ALT / English Teacher,35,Three-Month,0,0,Initial Assignment,CAN000410,Jessica,,Martin,1986-07-04,Female,Australian,American,Japan,Associate Degree,Psychology,B2,N2,Eligible,Teacher,2022-07-28,Kita International School,Private School,Saitama,Kawaguchi,2022-09-21,,Active,12,10,1,0,83.33
ASG000140,DUD100098,CLI0107,2027-05-14,,Active,ALT / English Teacher,60,Annual,0,0,Transfer,CAN000410,Jessica,,Martin,1986-07-04,Female,Australian,American,Japan,Associate Degree,Psychology,B2,N2,Eligible,Teacher,2022-07-28,Sakura High School,High School,Saitama,Soka,2024-03-26,,Active,1,0,1,0,0.0
ASG000141,DUD100099,CLI0155,2025-02-18,2026-06-19,Ended,ALT / English Teacher,58,Monthly,0,0,Staffing Demand,CAN000004,Christopher,,Walker,1999-04-10,Prefer not to say,Mexican,French,Japan,Associate Degree,Business,Native,N3,Eligible,Teacher,2025-11-24,Seiwa Education Center,Kindergarten,Saitama,Warabi,2025-03-15,,Active,12,9,1,0,75.0
ASG000142,DUD100099,CLI0087,2026-06-24,2026-10-06,Transferred,ALT / English Teacher,51,Annual,0,0,Initial Assignment,CAN000004,Christopher,,Walker,1999-04-10,Prefer not to say,Mexican,French,Japan,Associate Degree,Business,Native,N3,Eligible,Teacher,2025-11-24,Kizuna High School,Public Elementary School,Kanagawa,Yamato,2025-01-04,,Active,3,2,1,0,66.67
ASG000143,DUD100100,CLI0148,2025-02-19,2025-06-24,Completed,Senior Teacher,62,Six-Month,0,0,Replacement,CAN001037,Carlos,,Martin,1977-07-24,Female,French,British,Japan,Master's Degree,Education,C2,N3,Eligible,Teacher,2022-10-11,Nerima Elementary School,Education Center,Chiba,Matsudo,2020-08-17,2021-06-20,Inactive,4,4,0,0,100.0
ASG000144,DUD100101,CLI0254,2025-09-29,,Active,Senior Teacher,118,Annual,0,0,Staffing Demand,CAN001401,Jose,,Walker,1991-04-27,Non-binary,Mexican,Mexican,Japan,Associate Degree,English,B2,Basic,Eligible,Teacher,2022-10-02,Haruka Education Center,Private School,Tokyo,Koganei,2024-08-30,,Active,10,7,1,0,70.0
ASG000145,DUD100102,CLI0211,2025-08-06,,Active,ALT / English Teacher,51,Monthly,0,0,Transfer,CAN001306,Michael,,Anderson,1978-01-01,Non-binary,Spanish,Spanish,Japan,Master's Degree,Linguistics,Native,Basic,Eligible,Teacher,2022-05-31,Mirai Education Center,Education Center,Tokyo,Koganei,2019-05-25,,Active,12,10,0,0,83.33
ASG000146,DUD100103,CLI0061,2022-12-30,2023-08-08,Completed,Senior Teacher,72,Six-Month,0,0,Replacement,CAN000568,Sarah,,Lopez,2002-02-11,Female,Filipino,Brazilian,Japan,Master's Degree,Education,Native,Basic,Eligible,Teacher,2023-04-15,Takashima High School,Private School,Saitama,Toda,2020-09-12,,Active,7,6,0,0,85.71
ASG000147,DUD100103,CLI0011,2023-08-29,2023-12-05,Ended,ALT / English Teacher,45,Six-Month,0,0,Client Request,CAN000568,Sarah,,Lopez,2002-02-11,Female,Filipino,Brazilian,Japan,Master's Degree,Education,Native,Basic,Eligible,Teacher,2023-04-15,Takashima High School,Kindergarten,Saitama,Kawagoe,2024-05-26,,Active,3,3,0,0,100.0
ASG000148,DUD100104,CLI0158,2024-05-04,2025-10-25,Completed,Experienced Teacher,66,Six-Month,0,0,Initial Assignment,CAN001478,David,,Thompson,1982-12-10,Female,Mexican,Mexican,Japan,Bachelor's Degree,Other,C2,N2,Eligible,Teacher,2025-09-10,Meisei High School,Public Elementary School,Kanagawa,Kawasaki,2025-02-15,,Active,12,8,0,0,66.67
ASG000149,DUD100104,CLI0046,2025-11-21,2027-05-05,Ended,Senior Teacher,116,Six-Month,0,0,Staffing Demand,CAN001478,David,,Thompson,1982-12-10,Female,Mexican,Mexican,Japan,Bachelor's Degree,Other,C2,N2,Eligible,Teacher,2025-09-10,Sakura Junior High School,English School,Chiba,Ichikawa,2019-02-08,,Active,12,11,0,0,91.67
ASG000150,DUD100104,CLI0007,2027-06-01,2028-03-14,Transferred,Senior Teacher,114,Monthly,0,0,Replacement,CAN001478,David,,Thompson,1982-12-10,Female,Mexican,Mexican,Japan,Bachelor's Degree,Other,C2,N2,Eligible,Teacher,2025-09-10,Kawaguchi Junior High School,Kindergarten,Chiba,Ichikawa,2022-08-29,,Active,9,6,1,0,66.67
ASG000151,DUD100105,CLI0023,2022-03-02,,Active,Experienced Teacher,120,Monthly,0,0,Replacement,CAN001599,Miguel,,Martin,1975-11-11,Prefer not to say,Spanish,Brazilian,Japan,Bachelor's Degree,Education,C1,N3,Eligible,Teacher,2025-08-19,Tsubaki Elementary School,English School,Chiba,Funabashi,2020-04-17,,Active,12,10,1,0,83.33
ASG000152,DUD100106,CLI0080,2024-02-18,2024-06-27,Ended,ALT / English Teacher,37,Three-Month,0,0,Staffing Demand,CAN001132,Michael,,Martin,1982-08-05,Male,American,American,Japan,Associate Degree,Business,C2,N2,Eligible,Teacher,2024-09-20,Musashino Education Center,High School,Saitama,Kawagoe,2023-11-15,,Active,4,3,1,0,75.0
ASG000153,DUD100106,CLI0185,2024-07-19,2025-09-16,Renewed,Experienced Teacher,60,Six-Month,0,0,Initial Assignment,CAN001132,Michael,,Martin,1982-08-05,Male,American,American,Japan,Associate Degree,Business,C2,N2,Eligible,Teacher,2024-09-20,Asahi High School,Private School,Kanagawa,Yokohama,2024-03-11,,Active,12,10,0,0,83.33
ASG000154,DUD100106,CLI0211,2025-09-30,,Active,ALT / English Teacher,33,Monthly,0,0,Staffing Demand,CAN001132,Michael,,Martin,1982-08-05,Male,American,American,Japan,Associate Degree,Business,C2,N2,Eligible,Teacher,2024-09-20,Mirai Education Center,Education Center,Tokyo,Koganei,2019-05-25,,Active,10,9,1,0,90.0
ASG000155,DUD100107,CLI0032,2022-08-08,2023-04-05,Ended,Trainer,113,Three-Month,0,0,Transfer,CAN000235,Laura,,Jackson,1985-01-21,Male,Australian,Australian,Japan,Bachelor's Degree,English,Native,N3,Eligible,Teacher,2025-12-17,Midori Junior High School,Public Elementary School,Chiba,Kashiwa,2024-06-08,,Active,8,8,0,0,100.0
ASG000156,DUD100107,CLI0083,2023-04-26,,Active,ALT / English Teacher,77,Six-Month,0,0,Client Request,CAN000235,Laura,,Jackson,1985-01-21,Male,Australian,Australian,Japan,Bachelor's Degree,English,Native,N3,Eligible,Teacher,2025-12-17,Koganei Junior High School,Private School,Kanagawa,Sagamihara,2022-06-28,2024-03-11,Inactive,12,10,1,0,83.33
ASG000157,DUD100108,CLI0107,2025-05-16,2025-08-26,Completed,Senior Teacher,51,Monthly,0,0,Replacement,CAN001769,Thomas,,Young,1988-02-25,Male,Japanese,Australian,Japan,Associate Degree,Psychology,C2,N1,Eligible,Teacher,2022-03-26,Sakura High School,High School,Saitama,Soka,2024-03-26,,Active,3,3,0,0,100.0
ASG000158,DUD100108,CLI0011,2025-09-02,2025-12-19,Transferred,ALT / English Teacher,16,Three-Month,0,0,Transfer,CAN001769,Thomas,,Young,1988-02-25,Male,Japanese,Australian,Japan,Associate Degree,Psychology,C2,N1,Eligible,Teacher,2022-03-26,Takashima High School,Kindergarten,Saitama,Kawagoe,2024-05-26,,Active,3,3,0,0,100.0
ASG000159,DUD100109,CLI0273,2023-04-14,2023-08-19,Transferred,Experienced Teacher,52,Annual,0,0,Initial Assignment,CAN001053,Diego,,Garcia,1994-03-05,Prefer not to say,Japanese,Canadian,Japan,Associate Degree,Education,B2,Basic,Eligible,Teacher,2026-05-30,Meisei International School,Public Junior High School,Kanagawa,Sagamihara,2026-05-05,,Active,4,3,0,0,75.0
ASG000160,DUD100109,CLI0144,2023-09-18,2024-03-15,Renewed,ALT / English Teacher,100,Three-Month,0,0,Staffing Demand,CAN001053,Diego,,Garcia,1994-03-05,Prefer not to say,Japanese,Canadian,Japan,Associate Degree,Education,B2,Basic,Eligible,Teacher,2026-05-30,Tsubaki High School,Private School,Saitama,Warabi,2021-05-22,,Active,6,5,1,0,83.33
ASG000161,DUD100110,CLI0056,2023-06-09,2024-02-08,Completed,ALT / English Teacher,91,Three-Month,0,0,Staffing Demand,CAN000291,Jose,,Rodriguez,1987-07-06,Prefer not to say,Spanish,Australian,Japan,Associate Degree,Education,B2,,Eligible,Teacher,2023-01-17,Takashima Elementary School,Public Elementary School,Chiba,Matsudo,2022-09-28,,Active,8,7,1,0,87.5
ASG000162,DUD100110,CLI0101,2024-02-09,,Active,ALT / English Teacher,20,Monthly,0,0,Client Request,CAN000291,Jose,,Rodriguez,1987-07-06,Prefer not to say,Spanish,Australian,Japan,Associate Degree,Education,B2,,Eligible,Teacher,2023-01-17,Shinmei International School,Kindergarten,Saitama,Soka,2024-03-31,,Active,12,8,4,0,66.67
ASG000163,DUD100111,CLI0069,2021-01-23,2021-05-30,Ended,Senior Teacher,96,Monthly,0,0,Replacement,CAN000956,Ana,,Taylor,1977-01-26,Prefer not to say,Brazilian,Filipino,Japan,Master's Degree,Education,Native,N3,Eligible,Teacher,2022-03-26,Ota International School,Public Junior High School,Tokyo,Adachi,2025-08-07,,Active,4,4,0,0,100.0
ASG000164,DUD100111,CLI0147,2021-06-22,,Active,ALT / English Teacher,94,Three-Month,0,0,Client Request,CAN000956,Ana,,Taylor,1977-01-26,Prefer not to say,Brazilian,Filipino,Japan,Master's Degree,Education,Native,N3,Eligible,Teacher,2022-03-26,Asahi High School,Public Junior High School,Saitama,Saitama,2020-01-26,,Active,12,10,1,0,83.33
ASG000165,DUD100112,CLI0158,2021-12-24,,Active,ALT / English Teacher,35,Annual,0,0,Staffing Demand,CAN001100,Ana,,Jackson,1999-02-11,Non-binary,Mexican,Japanese,Japan,Diploma,Business,Native,Basic,Eligible,Teacher,2023-02-06,Meisei High School,Public Elementary School,Kanagawa,Kawasaki,2025-02-15,,Active,12,8,2,0,66.67
ASG000166,DUD100113,CLI0200,2025-07-18,,Active,Experienced Teacher,71,Annual,0,0,Initial Assignment,CAN001440,Thomas,,Johnson,1980-03-26,Prefer not to say,American,British,Japan,Master's Degree,English,C2,N1,Eligible,Teacher,2023-06-25,Seiwa International School,Kindergarten,Chiba,Ichikawa,2025-10-18,,Active,12,9,1,0,75.0
ASG000167,DUD100114,CLI0038,2021-12-14,2023-03-20,Ended,ALT / English Teacher,20,Six-Month,0,0,Client Request,CAN001198,Olivia,,Williams,1995-10-10,Female,Filipino,Canadian,Japan,Bachelor's Degree,Other,Native,N3,Eligible,Teacher,2026-01-10,Kizuna International School,High School,Kanagawa,Yokohama,2023-12-19,,Active,12,11,0,0,91.67
ASG000168,DUD100115,CLI0121,2025-03-02,2025-07-12,Ended,ALT / English Teacher,99,Monthly,0,0,Replacement,CAN001386,Diego,,Moore,1997-09-17,Prefer not to say,Spanish,Japanese,Japan,Diploma,Linguistics,C2,Basic,Eligible,Teacher,2025-10-30,Tsubaki Junior High School,High School,Chiba,Matsudo,2020-06-04,,Active,4,3,1,0,75.0
ASG000169,DUD100115,CLI0046,2025-08-08,,Active,Senior Teacher,98,Six-Month,0,0,Replacement,CAN001386,Diego,,Moore,1997-09-17,Prefer not to say,Spanish,Japanese,Japan,Diploma,Linguistics,C2,Basic,Eligible,Teacher,2025-10-30,Sakura Junior High School,English School,Chiba,Ichikawa,2019-02-08,,Active,12,11,0,0,91.67
ASG000170,DUD100116,CLI0023,2022-11-13,2023-03-14,Ended,Experienced Teacher,24,Monthly,0,0,Replacement,CAN000831,Christopher,,Young,2003-04-25,Non-binary,Canadian,Australian,Japan,Bachelor's Degree,Psychology,C1,N3,Eligible,Teacher,2025-07-25,Tsubaki Elementary School,English School,Chiba,Funabashi,2020-04-17,,Active,4,3,0,0,75.0
ASG000171,DUD100116,CLI0246,2023-04-07,,Active,Senior Teacher,97,Annual,0,0,Transfer,CAN000831,Christopher,,Young,2003-04-25,Non-binary,Canadian,Australian,Japan,Bachelor's Degree,Psychology,C1,N3,Eligible,Teacher,2025-07-25,Hikari Junior High School,Private School,Tokyo,Koganei,2019-07-06,,Active,12,11,0,0,91.67
ASG000172,DUD100117,CLI0242,2021-01-10,2022-06-12,Completed,ALT / English Teacher,113,Annual,0,0,Transfer,CAN000187,Michael,,Allen,1992-09-22,Non-binary,American,British,Japan,Associate Degree,Business,C1,Basic,Eligible,Teacher,2025-02-23,Tsubaki Elementary School,English School,Kanagawa,Fujisawa,2026-01-24,,Active,12,11,0,0,91.67
ASG000173,DUD100118,CLI0115,2021-08-12,,Active,ALT / English Teacher,39,Three-Month,0,0,Client Request,CAN000976,Maria,,Williams,1991-12-03,Male,British,Australian,Japan,Diploma,Business,C2,N1,Eligible,Teacher,2022-06-26,Takashima High School,Public Elementary School,Saitama,Toda,2023-12-27,2026-04-11,Inactive,12,11,1,0,91.67
ASG000174,DUD100119,CLI0200,2021-05-28,2022-03-18,Ended,ALT / English Teacher,78,Three-Month,0,0,Client Request,CAN000790,Sarah,,King,1979-11-02,Female,Mexican,Mexican,Japan,Diploma,Other,C1,Basic,Eligible,Teacher,2025-07-02,Seiwa International School,Kindergarten,Chiba,Ichikawa,2025-10-18,,Active,9,7,0,0,77.78
ASG000175,DUD100119,CLI0020,2022-03-23,2023-01-07,Renewed,ALT / English Teacher,92,Three-Month,0,0,Initial Assignment,CAN000790,Sarah,,King,1979-11-02,Female,Mexican,Mexican,Japan,Diploma,Other,C1,Basic,Eligible,Teacher,2025-07-02,Sakura International School,Public Elementary School,Chiba,Kashiwa,2024-10-13,,Active,9,6,2,0,66.67
ASG000176,DUD100119,CLI0271,2023-02-04,,Active,ALT / English Teacher,80,Annual,0,0,Staffing Demand,CAN000790,Sarah,,King,1979-11-02,Female,Mexican,Mexican,Japan,Diploma,Other,C1,Basic,Eligible,Teacher,2025-07-02,Nerima Elementary School,Kindergarten,Tokyo,Ota,2019-08-26,,Active,12,10,1,0,83.33
ASG000177,DUD100120,CLI0078,2025-05-21,2025-10-27,Completed,Experienced Teacher,75,Annual,0,0,Replacement,CAN000565,Emma,,Thompson,1986-03-08,Non-binary,British,British,Japan,Master's Degree,Education,C2,N3,Eligible,Teacher,2023-12-23,Haruka International School,Education Center,Chiba,Kashiwa,2023-10-31,,Active,5,4,0,0,80.0
ASG000178,DUD100120,CLI0092,2025-11-16,2026-07-30,Transferred,Experienced Teacher,83,Annual,0,0,Staffing Demand,CAN000565,Emma,,Thompson,1986-03-08,Non-binary,British,British,Japan,Master's Degree,Education,C2,N3,Eligible,Teacher,2023-12-23,Kawaguchi Junior High School,Private School,Kanagawa,Yokohama,2025-10-25,,Active,8,7,0,0,87.5
ASG000179,DUD100121,CLI0278,2025-01-14,,Active,ALT / English Teacher,104,Six-Month,0,0,Client Request,CAN000226,Christopher,,Martinez,1986-04-01,Male,Canadian,Canadian,Japan,Diploma,English,B2,Basic,Eligible,Teacher,2021-04-15,Hikari International School,Private School,Chiba,Ichikawa,2020-09-29,,Active,12,8,3,0,66.67
ASG000180,DUD100122,CLI0150,2023-12-30,,Active,ALT / English Teacher,106,Annual,0,0,Transfer,CAN000761,Marco,,Walker,2003-09-02,Non-binary,Mexican,French,Japan,Bachelor's Degree,Business,C1,Basic,Eligible,Teacher,2025-12-21,Takashima High School,English School,Tokyo,Hachioji,2025-10-12,,Active,12,11,0,0,91.67
ASG000181,DUD100123,CLI0223,2021-05-25,2022-01-30,Completed,ALT / English Teacher,34,Three-Month,0,0,Initial Assignment,CAN001952,Daniel,,Brown,1987-12-22,Female,Mexican,American,Japan,Diploma,English,Native,,Eligible,Teacher,2023-03-03,Kita International School,Education Center,Tokyo,Itabashi,2021-11-11,,Active,8,8,0,0,100.0
ASG000182,DUD100123,CLI0268,2022-02-28,,Active,Experienced Teacher,99,Monthly,0,0,Replacement,CAN001952,Daniel,,Brown,1987-12-22,Female,Mexican,American,Japan,Diploma,English,Native,,Eligible,Teacher,2023-03-03,Akebono International School,Public Junior High School,Saitama,Saitama,2024-07-16,,Active,12,10,2,0,83.33
ASG000183,DUD100124,CLI0125,2024-07-04,2025-03-15,Transferred,Experienced Teacher,33,Six-Month,0,0,Staffing Demand,CAN001688,Alejandro,,Martin,1997-06-20,Male,Filipino,Mexican,Japan,Associate Degree,English,B2,Basic,Eligible,Teacher,2025-06-10,Kizuna Junior High School,English School,Saitama,Toda,2019-10-07,,Active,8,6,0,0,75.0
ASG000184,DUD100125,CLI0246,2023-09-20,2024-03-28,Ended,ALT / English Teacher,58,Annual,0,0,Replacement,CAN000903,Jessica,,White,1985-09-27,Female,Canadian,American,Japan,Bachelor's Degree,Business,C2,,Eligible,Teacher,2022-01-29,Hikari Junior High School,Private School,Tokyo,Koganei,2019-07-06,,Active,6,5,0,0,83.33
ASG000185,DUD100125,CLI0212,2024-04-24,,Active,Experienced Teacher,27,Six-Month,0,0,Replacement,CAN000903,Jessica,,White,1985-09-27,Female,Canadian,American,Japan,Bachelor's Degree,Business,C2,,Eligible,Teacher,2022-01-29,Mirai Elementary School,Public Elementary School,Saitama,Saitama,2022-11-10,,Active,12,11,0,0,91.67
ASG000186,DUD100126,CLI0140,2025-02-27,2025-08-01,Ended,ALT / English Teacher,45,Six-Month,0,0,Transfer,CAN001123,Emily,,Gonzalez,2000-01-11,Female,Filipino,British,Japan,Associate Degree,Psychology,C2,N3,Eligible,Teacher,2023-10-01,Kizuna Junior High School,Kindergarten,Kanagawa,Fujisawa,2020-11-14,,Active,5,5,0,0,100.0
ASG000187,DUD100127,CLI0171,2023-10-04,2024-03-10,Completed,ALT / English Teacher,29,Annual,0,0,Transfer,CAN000899,Jose,,Lee,1984-02-14,Male,American,Mexican,Japan,Bachelor's Degree,Other,Native,N1,Eligible,Teacher,2023-01-16,Midori High School,Kindergarten,Saitama,Koshigaya,2022-10-08,,Active,5,5,0,0,100.0
ASG000188,DUD100128,CLI0297,2024-01-31,,Active,Experienced Teacher,63,Three-Month,0,0,Staffing Demand,CAN001137,Miguel,,Rodriguez,1982-04-24,Male,Australian,Australian,Japan,Associate Degree,Psychology,B2,N2,Eligible,Teacher,2023-03-16,Shinmei Elementary School,Public Junior High School,Chiba,Kashiwa,2025-02-11,2028-09-20,Inactive,12,11,1,0,91.67
ASG000189,DUD100129,CLI0297,2023-08-20,,Active,Experienced Teacher,116,Six-Month,0,0,Client Request,CAN000901,Christopher,,Perez,1975-06-21,Prefer not to say,Canadian,Filipino,Japan,Master's Degree,Education,B2,N2,Eligible,Teacher,2022-10-21,Shinmei Elementary School,Public Junior High School,Chiba,Kashiwa,2025-02-11,2028-09-20,Inactive,12,12,0,0,100.0
ASG000190,DUD100130,CLI0021,2026-03-11,2027-05-26,Transferred,ALT / English Teacher,116,Three-Month,0,0,Transfer,CAN001575,Olivia,,Jackson,1978-02-10,Prefer not to say,Brazilian,American,Japan,Bachelor's Degree,Linguistics,Native,N2,Eligible,Teacher,2023-06-10,Sakura International School,Kindergarten,Kanagawa,Yokohama,2025-08-22,2027-08-07,Inactive,12,10,0,0,83.33
ASG000191,DUD100131,CLI0061,2023-03-14,,Active,Trainer,48,Annual,0,0,Transfer,CAN001377,Marco,,Allen,1996-02-02,Male,Japanese,Filipino,Japan,Associate Degree,Other,Native,N2,Eligible,Teacher,2024-01-07,Takashima High School,Private School,Saitama,Toda,2020-09-12,,Active,12,10,1,0,83.33
ASG000192,DUD100132,CLI0128,2025-06-22,,Active,Experienced Teacher,41,Six-Month,0,0,Replacement,CAN001122,Emily,,Young,1988-02-14,Female,American,Filipino,Japan,Associate Degree,Education,C2,N1,Eligible,Teacher,2024-08-09,Tsubaki Junior High School,Education Center,Chiba,Urayasu,2022-11-06,,Active,12,8,1,0,66.67
ASG000193,DUD100133,CLI0066,2022-12-13,,Active,ALT / English Teacher,116,Three-Month,0,0,Staffing Demand,CAN001141,Marco,,Gonzalez,1996-03-16,Prefer not to say,Japanese,American,Japan,Associate Degree,Business,Native,Basic,Eligible,Teacher,2022-08-18,Nerima Education Center,Public Junior High School,Saitama,Koshigaya,2024-12-07,,Active,12,10,0,0,83.33
ASG000194,DUD100134,CLI0149,2021-07-01,2022-02-12,Ended,Senior Teacher,42,Three-Month,0,0,Initial Assignment,CAN001769,Olivia,,Torres,2002-11-10,Prefer not to say,Filipino,French,Japan,Bachelor's Degree,Education,Native,N1,Eligible,Teacher,2021-03-09,Haruka Junior High School,Private School,Tokyo,Tachikawa,2025-03-19,,Active,7,5,0,0,71.43
ASG000195,DUD100134,CLI0163,2022-02-16,2023-03-28,Ended,ALT / English Teacher,111,Six-Month,0,0,Client Request,CAN001769,Olivia,,Torres,2002-11-10,Prefer not to say,Filipino,French,Japan,Bachelor's Degree,Education,Native,N1,Eligible,Teacher,2021-03-09,Tsubaki Education Center,Private School,Saitama,Koshigaya,2019-08-22,,Active,12,10,1,0,83.33
ASG000196,DUD100134,CLI0169,2023-04-25,,Active,Senior Teacher,62,Monthly,0,0,Transfer,CAN001769,Olivia,,Torres,2002-11-10,Prefer not to say,Filipino,French,Japan,Bachelor's Degree,Education,Native,N1,Eligible,Teacher,2021-03-09,Meisei International School,Kindergarten,Saitama,Warabi,2023-05-15,,Active,12,10,1,0,83.33
ASG000197,DUD100135,CLI0257,2021-10-28,2022-11-06,Transferred,Experienced Teacher,52,Annual,0,0,Replacement,CAN000279,Christopher,,Hall,1990-11-13,Male,Filipino,Australian,Japan,Associate Degree,Psychology,B2,N2,Eligible,Teacher,2021-06-04,Koyo International School,Public Junior High School,Kanagawa,Yamato,2025-06-05,,Active,12,11,1,0,91.67
ASG000198,DUD100135,CLI0016,2022-11-20,,Active,ALT / English Teacher,46,Annual,0,0,Transfer,CAN000279,Christopher,,Hall,1990-11-13,Male,Filipino,Australian,Japan,Associate Degree,Psychology,B2,N2,Eligible,Teacher,2021-06-04,Ota Education Center,Public Elementary School,Chiba,Chiba,2020-07-04,,Active,12,11,0,0,91.67
ASG000199,DUD100136,CLI0175,2025-11-13,2026-05-18,Ended,ALT / English Teacher,19,Annual,0,0,Staffing Demand,CAN000339,Carlos,,Martin,1977-11-10,Non-binary,British,Brazilian,Japan,Bachelor's Degree,Other,C2,,Eligible,Teacher,2022-07-31,Seiwa Academy,High School,Saitama,Soka,2019-03-18,,Active,6,6,0,0,100.0
ASG000200,DUD100136,CLI0244,2026-05-23,2027-08-02,Transferred,ALT / English Teacher,117,Monthly,0,0,Initial Assignment,CAN000339,Carlos,,Martin,1977-11-10,Non-binary,British,Brazilian,Japan,Bachelor's Degree,Other,C2,,Eligible,Teacher,2022-07-31,Nerima Junior High School,Education Center,Saitama,Soka,2020-12-17,,Active,12,12,0,0,100.0
ASG000201,DUD100137,CLI0006,2025-01-01,2025-09-08,Completed,ALT / English Teacher,69,Monthly,0,0,Initial Assignment,CAN001466,Miguel,,Torres,1982-01-06,Female,Australian,French,Japan,Associate Degree,Education,B2,N3,Eligible,Teacher,2024-09-10,Hikari Academy,High School,Saitama,Koshigaya,2021-11-10,,Active,8,8,0,0,100.0
ASG000202,DUD100138,CLI0187,2022-12-01,,Active,Experienced Teacher,97,Monthly,0,0,Initial Assignment,CAN000533,Michael,,Allen,1981-09-24,Female,Brazilian,Spanish,Japan,Master's Degree,Education,Native,Basic,Eligible,Teacher,2022-05-23,Asahi Junior High School,Public Elementary School,Tokyo,Tachikawa,2020-09-01,,Active,12,11,1,0,91.67
ASG000203,DUD100139,CLI0246,2023-06-05,2024-08-06,Completed,ALT / English Teacher,108,Three-Month,0,0,Staffing Demand,CAN000811,Laura,,Jackson,1978-03-03,Male,British,Australian,Japan,Master's Degree,Education,Native,,Eligible,Teacher,2023-03-29,Hikari Junior High School,Private School,Tokyo,Koganei,2019-07-06,,Active,12,9,0,0,75.0
ASG000204,DUD100140,CLI0216,2021-07-09,2022-01-23,Ended,Experienced Teacher,63,Three-Month,0,0,Replacement,CAN000144,Hannah,,Ramirez,1991-11-26,Female,Mexican,Japanese,Japan,Diploma,Education,C2,N1,Eligible,Teacher,2022-08-07,Nerima High School,Kindergarten,Kanagawa,Kawasaki,2022-12-29,,Active,6,3,2,0,50.0
ASG000205,DUD100140,CLI0079,2022-01-27,2023-04-04,Transferred,Experienced Teacher,30,Annual,0,0,Replacement,CAN000144,Hannah,,Ramirez,1991-11-26,Female,Mexican,Japanese,Japan,Diploma,Education,C2,N1,Eligible,Teacher,2022-08-07,Tsubaki Academy,High School,Chiba,Funabashi,2021-01-28,,Active,12,9,1,0,75.0
ASG000206,DUD100141,CLI0157,2022-11-23,,Active,Experienced Teacher,31,Six-Month,0,0,Transfer,CAN000361,Robert,,Brown,1993-07-19,Male,British,Australian,Japan,Master's Degree,Education,B2,,Eligible,Teacher,2023-08-20,Akebono High School,Public Elementary School,Saitama,Koshigaya,2024-04-23,2026-09-07,Inactive,12,10,1,0,83.33
ASG000207,DUD100142,CLI0171,2025-10-12,,Active,Senior Teacher,109,Three-Month,0,0,Transfer,CAN000658,James,,Jackson,1998-01-18,Prefer not to say,Australian,British,Japan,Associate Degree,Business,B2,,Eligible,Teacher,2021-04-22,Midori High School,Kindergarten,Saitama,Koshigaya,2022-10-08,,Active,10,9,0,0,90.0
ASG000208,DUD100143,CLI0039,2021-04-13,,Active,ALT / English Teacher,50,Three-Month,0,0,Transfer,CAN000081,Sofia,,Rodriguez,1976-10-19,Non-binary,Brazilian,French,Japan,Diploma,Education,Native,N2,Eligible,Teacher,2022-02-01,Shinmei International School,High School,Tokyo,Kita,2020-04-30,,Active,12,11,0,0,91.67
ASG000209,DUD100144,CLI0025,2024-02-19,2025-01-19,Transferred,Experienced Teacher,109,Monthly,0,0,Client Request,CAN000589,James,,Smith,2000-09-11,Non-binary,French,French,Japan,Master's Degree,Psychology,B2,N1,Eligible,Teacher,2023-10-14,Tsubaki International School,Private School,Chiba,Funabashi,2023-12-05,,Active,11,9,1,0,81.82
ASG000210,DUD100144,CLI0011,2025-01-21,2025-10-04,Renewed,ALT / English Teacher,64,Monthly,0,0,Staffing Demand,CAN000589,James,,Smith,2000-09-11,Non-binary,French,French,Japan,Master's Degree,Psychology,B2,N1,Eligible,Teacher,2023-10-14,Takashima High School,Kindergarten,Saitama,Kawagoe,2024-05-26,,Active,8,6,0,0,75.0
ASG000211,DUD100144,CLI0077,2025-10-29,,Active,ALT / English Teacher,88,Annual,0,0,Client Request,CAN000589,James,,Smith,2000-09-11,Non-binary,French,French,Japan,Master's Degree,Psychology,B2,N1,Eligible,Teacher,2023-10-14,Hikari Elementary School,Kindergarten,Saitama,Kawaguchi,2019-09-03,2020-06-28,Inactive,9,8,0,0,88.89
ASG000212,DUD100145,CLI0144,2022-08-29,2023-03-20,Renewed,Experienced Teacher,38,Annual,0,0,Client Request,CAN000069,Miguel,,Martin,1995-04-07,Prefer not to say,British,American,Japan,Bachelor's Degree,Other,Native,,Eligible,Teacher,2022-01-27,Tsubaki High School,Private School,Saitama,Warabi,2021-05-22,,Active,6,6,0,0,100.0
ASG000213,DUD100145,CLI0033,2023-03-31,,Active,ALT / English Teacher,90,Monthly,0,0,Client Request,CAN000069,Miguel,,Martin,1995-04-07,Prefer not to say,British,American,Japan,Bachelor's Degree,Other,Native,,Eligible,Teacher,2022-01-27,Haruka International School,English School,Tokyo,Koganei,2026-03-16,,Active,12,12,0,0,100.0
ASG000214,DUD100146,CLI0257,2021-04-03,,Active,Experienced Teacher,98,Six-Month,0,0,Client Request,CAN000720,Daniel,,Perez,1993-12-12,Female,American,Filipino,Japan,Bachelor's Degree,Linguistics,C1,,Eligible,Teacher,2021-08-13,Koyo International School,Public Junior High School,Kanagawa,Yamato,2025-06-05,,Active,12,9,0,0,75.0
ASG000215,DUD100147,CLI0001,2024-08-05,2025-01-26,Renewed,Experienced Teacher,20,Monthly,0,0,Transfer,CAN000110,Andres,,Young,1983-01-22,Prefer not to say,Brazilian,Japanese,Japan,Master's Degree,English,C2,N2,Eligible,Teacher,2025-08-29,Takashima Elementary School,High School,Tokyo,Ota,2022-08-18,,Active,5,5,0,0,100.0
ASG000216,DUD100148,CLI0268,2021-11-15,2023-03-16,Ended,ALT / English Teacher,66,Annual,0,0,Client Request,CAN000766,Carlos,,Taylor,1983-09-26,Male,Australian,Spanish,Japan,Diploma,Education,C2,N1,Eligible,Teacher,2026-03-27,Akebono International School,Public Junior High School,Saitama,Saitama,2024-07-16,,Active,12,10,0,0,83.33
ASG000217,DUD100148,CLI0023,2023-03-22,2024-07-31,Completed,Experienced Teacher,63,Six-Month,0,0,Staffing Demand,CAN000766,Carlos,,Taylor,1983-09-26,Male,Australian,Spanish,Japan,Diploma,Education,C2,N1,Eligible,Teacher,2026-03-27,Tsubaki Elementary School,English School,Chiba,Funabashi,2020-04-17,,Active,12,11,0,0,91.67
ASG000218,DUD100149,CLI0174,2021-03-12,2022-09-01,Completed,Senior Teacher,101,Monthly,0,0,Transfer,CAN000267,Andres,,Jackson,1980-08-28,Non-binary,Australian,British,Japan,Diploma,Other,C1,Basic,Eligible,Teacher,2024-02-23,Ota Junior High School,Public Elementary School,Saitama,Koshigaya,2026-01-08,,Active,12,12,0,0,100.0
ASG000219,DUD100149,CLI0097,2022-09-29,2023-05-19,Transferred,ALT / English Teacher,82,Three-Month,0,0,Staffing Demand,CAN000267,Andres,,Jackson,1980-08-28,Non-binary,Australian,British,Japan,Diploma,Other,C1,Basic,Eligible,Teacher,2024-02-23,Sakura International School,High School,Chiba,Ichikawa,2025-02-08,,Active,7,4,1,0,57.14
ASG000220,DUD100150,CLI0208,2023-06-28,2024-10-26,Ended,Experienced Teacher,116,Six-Month,0,0,Staffing Demand,CAN000549,Matthew,,Thompson,1993-11-10,Male,Japanese,Australian,Japan,Associate Degree,Psychology,Native,N1,Eligible,Teacher,2026-05-15,Kawaguchi International School,Kindergarten,Tokyo,Tachikawa,2023-03-10,,Active,12,7,1,0,58.33
ASG000221,DUD100150,CLI0015,2024-10-30,2026-02-22,Ended,Experienced Teacher,38,Three-Month,0,0,Initial Assignment,CAN000549,Matthew,,Thompson,1993-11-10,Male,Japanese,Australian,Japan,Associate Degree,Psychology,Native,N1,Eligible,Teacher,2026-05-15,Kita High School,Private School,Tokyo,Itabashi,2025-09-10,2026-08-22,Inactive,12,12,0,0,100.0
ASG000222,DUD100150,CLI0075,2026-02-28,,Active,ALT / English Teacher,113,Three-Month,0,0,Client Request,CAN000549,Matthew,,Thompson,1993-11-10,Male,Japanese,Australian,Japan,Associate Degree,Psychology,Native,N1,Eligible,Teacher,2026-05-15,Akebono Junior High School,High School,Tokyo,Koganei,2019-07-27,2021-10-07,Inactive,5,5,0,0,100.0
ASG000223,DUD100151,CLI0152,2023-05-12,2023-09-26,Ended,ALT / English Teacher,66,Annual,0,0,Initial Assignment,CAN001771,Emily,,Miller,1996-04-02,Female,American,French,Japan,Master's Degree,Business,Native,N3,Eligible,Teacher,2022-04-21,Meisei International School,English School,Tokyo,Tachikawa,2025-01-26,,Active,4,3,1,0,75.0
ASG000224,DUD100152,CLI0231,2022-11-25,,Active,Senior Teacher,117,Six-Month,0,0,Replacement,CAN001476,Sarah,,Walker,1976-08-13,Male,Mexican,Japanese,Japan,Bachelor's Degree,Psychology,B2,N1,Eligible,Teacher,2022-12-02,Koyo Elementary School,Public Elementary School,Chiba,Urayasu,2021-10-05,,Active,12,8,0,0,66.67
ASG000225,DUD100153,CLI0201,2024-04-02,2025-06-16,Ended,ALT / English Teacher,80,Three-Month,0,0,Client Request,CAN000092,Daniel,,Thompson,1983-09-19,Female,Japanese,Brazilian,Japan,Master's Degree,Other,B2,N1,Eligible,Teacher,2022-03-13,Haruka Academy,High School,Tokyo,Koganei,2023-10-19,,Active,12,11,0,0,91.67
ASG000226,DUD100153,CLI0297,2025-07-16,2026-07-16,Transferred,ALT / English Teacher,41,Annual,0,0,Staffing Demand,CAN000092,Daniel,,Thompson,1983-09-19,Female,Japanese,Brazilian,Japan,Master's Degree,Other,B2,N1,Eligible,Teacher,2022-03-13,Shinmei Elementary School,Public Junior High School,Chiba,Kashiwa,2025-02-11,2028-09-20,Inactive,12,10,0,0,83.33
ASG000227,DUD100153,CLI0124,2026-08-06,,Active,ALT / English Teacher,108,Monthly,0,0,Staffing Demand,CAN000092,Daniel,,Thompson,1983-09-19,Female,Japanese,Brazilian,Japan,Master's Degree,Other,B2,N1,Eligible,Teacher,2022-03-13,Koyo International School,Public Junior High School,Saitama,Soka,2024-06-11,,Active,3,3,0,0,100.0
ASG000228,DUD100154,CLI0092,2021-01-23,2022-05-10,Transferred,Senior Teacher,95,Three-Month,0,0,Transfer,CAN001646,Carlos,,Thompson,1995-01-10,Female,Japanese,Canadian,Japan,Bachelor's Degree,Other,Native,Basic,Eligible,Teacher,2025-04-14,Kawaguchi Junior High School,Private School,Kanagawa,Yokohama,2025-10-25,,Active,12,9,2,0,75.0
ASG000229,DUD100154,CLI0191,2022-05-17,,Active,ALT / English Teacher,47,Three-Month,0,0,Replacement,CAN001646,Carlos,,Thompson,1995-01-10,Female,Japanese,Canadian,Japan,Bachelor's Degree,Other,Native,Basic,Eligible,Teacher,2025-04-14,Seiwa High School,High School,Chiba,Matsudo,2019-07-18,,Active,12,10,1,0,83.33
ASG000230,DUD100155,CLI0157,2024-07-12,2025-07-15,Ended,Experienced Teacher,98,Annual,0,0,Transfer,CAN001435,Carlos,,Anderson,1975-08-26,Prefer not to say,British,Mexican,Japan,Diploma,Education,Native,N2,Eligible,Teacher,2024-12-15,Akebono High School,Public Elementary School,Saitama,Koshigaya,2024-04-23,2026-09-07,Inactive,12,11,0,0,91.67
ASG000231,DUD100156,CLI0057,2022-10-18,2023-01-21,Renewed,ALT / English Teacher,37,Six-Month,0,0,Replacement,CAN000797,James,,Taylor,1993-12-16,Male,French,American,Japan,Master's Degree,English,B2,N3,Eligible,Teacher,2026-04-07,Kawaguchi Elementary School,Kindergarten,Saitama,Toda,2020-03-21,,Active,3,1,0,0,33.33
ASG000232,DUD100156,CLI0153,2023-02-01,2023-07-31,Renewed,Senior Teacher,119,Six-Month,0,0,Staffing Demand,CAN000797,James,,Taylor,1993-12-16,Male,French,American,Japan,Master's Degree,English,B2,N3,Eligible,Teacher,2026-04-07,Meisei High School,High School,Saitama,Saitama,2023-05-27,2024-06-05,Inactive,6,6,0,0,100.0
ASG000233,DUD100156,CLI0214,2023-08-05,,Active,Senior Teacher,66,Annual,0,0,Replacement,CAN000797,James,,Taylor,1993-12-16,Male,French,American,Japan,Master's Degree,English,B2,N3,Eligible,Teacher,2026-04-07,Kita Academy,Kindergarten,Kanagawa,Fujisawa,2024-09-21,,Active,12,10,0,0,83.33
ASG000234,DUD100157,CLI0075,2021-10-06,2022-06-11,Ended,Senior Teacher,81,Annual,0,0,Replacement,CAN001176,William,,Lopez,1984-03-12,Female,American,Australian,Japan,Diploma,Psychology,C2,Basic,Eligible,Teacher,2025-05-25,Akebono Junior High School,High School,Tokyo,Koganei,2019-07-27,2021-10-07,Inactive,8,7,0,0,87.5
ASG000235,DUD100158,CLI0253,2023-03-25,2024-08-24,Transferred,Experienced Teacher,32,Monthly,0,0,Replacement,CAN000229,Michael,,Davis,1979-10-19,Female,Canadian,French,Japan,Diploma,Linguistics,C1,N2,Eligible,Teacher,2026-02-23,Kita Junior High School,English School,Saitama,Kawagoe,2020-11-17,,Active,12,11,0,0,91.67
ASG000236,DUD100158,CLI0110,2024-09-05,2025-05-01,Renewed,Experienced Teacher,95,Six-Month,0,0,Initial Assignment,CAN000229,Michael,,Davis,1979-10-19,Female,Canadian,French,Japan,Diploma,Linguistics,C1,N2,Eligible,Teacher,2026-02-23,Midori Junior High School,High School,Kanagawa,Yokohama,2021-07-06,,Active,7,6,0,0,85.71
ASG000237,DUD100158,CLI0004,2025-05-22,,Active,ALT / English Teacher,72,Six-Month,0,0,Replacement,CAN000229,Michael,,Davis,1979-10-19,Female,Canadian,French,Japan,Diploma,Linguistics,C1,N2,Eligible,Teacher,2026-02-23,Asahi Elementary School,Private School,Saitama,Koshigaya,2023-09-30,,Active,12,9,1,0,75.0
ASG000238,DUD100159,CLI0033,2021-04-05,2021-11-25,Completed,ALT / English Teacher,33,Six-Month,0,0,Client Request,CAN001899,Jessica,,Smith,1977-03-20,Female,American,British,Japan,Associate Degree,Psychology,C2,N3,Eligible,Teacher,2022-03-09,Haruka International School,English School,Tokyo,Koganei,2026-03-16,,Active,7,6,1,0,85.71
ASG000239,DUD100159,CLI0047,2021-12-13,,Active,ALT / English Teacher,37,Monthly,0,0,Replacement,CAN001899,Jessica,,Smith,1977-03-20,Female,American,British,Japan,Associate Degree,Psychology,C2,N3,Eligible,Teacher,2022-03-09,Akebono High School,Kindergarten,Chiba,Ichikawa,2023-03-18,,Active,12,9,1,0,75.0
ASG000240,DUD100160,CLI0048,2021-10-22,2022-03-13,Ended,ALT / English Teacher,98,Six-Month,0,0,Replacement,CAN001269,Maria,,Martinez,1989-11-26,Male,Australian,Canadian,Japan,Bachelor's Degree,Linguistics,C1,N1,Eligible,Teacher,2023-12-08,Ota Junior High School,Education Center,Kanagawa,Yokohama,2024-09-12,2026-06-19,Inactive,4,2,0,0,50.0
ASG000241,DUD100160,CLI0261,2022-04-03,,Active,ALT / English Teacher,55,Three-Month,0,0,Replacement,CAN001269,Maria,,Martinez,1989-11-26,Male,Australian,Canadian,Japan,Bachelor's Degree,Linguistics,C1,N1,Eligible,Teacher,2023-12-08,Shinmei Elementary School,Private School,Tokyo,Kita,2022-12-08,,Active,12,9,1,0,75.0
ASG000242,DUD100161,CLI0112,2021-05-06,2021-12-07,Completed,Experienced Teacher,51,Three-Month,0,0,Staffing Demand,CAN000354,William,,Wilson,2003-05-28,Non-binary,French,American,Japan,Diploma,Linguistics,C2,N2,Eligible,Teacher,2022-11-09,Seiwa International School,High School,Saitama,Koshigaya,2020-08-13,,Active,7,7,0,0,100.0
ASG000243,DUD100161,CLI0135,2021-12-26,2022-11-15,Renewed,Senior Teacher,43,Monthly,0,0,Transfer,CAN000354,William,,Wilson,2003-05-28,Non-binary,French,American,Japan,Diploma,Linguistics,C2,N2,Eligible,Teacher,2022-11-09,Asahi Education Center,Public Elementary School,Saitama,Toda,2024-07-10,,Active,10,9,0,0,90.0
ASG000244,DUD100162,CLI0126,2023-11-15,2024-02-19,Completed,ALT / English Teacher,109,Six-Month,0,0,Transfer,CAN001725,John,,Allen,1988-07-26,Male,Japanese,Mexican,Japan,Diploma,English,Native,N1,Eligible,Teacher,2026-08-05,Kawaguchi International School,Private School,Chiba,Chiba,2019-03-09,2022-06-08,Inactive,3,3,0,0,100.0
ASG000245,DUD100163,CLI0199,2021-08-04,,Active,ALT / English Teacher,59,Monthly,0,0,Replacement,CAN001910,Carlos,,Hall,1981-03-02,Prefer not to say,Japanese,British,Japan,Master's Degree,English,B2,N1,Eligible,Teacher,2023-08-27,Asahi Academy,Public Junior High School,Kanagawa,Sagamihara,2019-11-05,,Active,12,11,0,0,91.67
ASG000246,DUD100164,CLI0069,2024-12-30,2025-08-31,Transferred,ALT / English Teacher,105,Annual,0,0,Client Request,CAN000367,Luis,,Martinez,1989-02-15,Prefer not to say,Canadian,Spanish,Japan,Diploma,Other,C1,N2,Eligible,Teacher,2023-03-28,Ota International School,Public Junior High School,Tokyo,Adachi,2025-08-07,,Active,8,8,0,0,100.0
ASG000247,DUD100164,CLI0023,2025-09-07,2026-10-28,Transferred,Senior Teacher,81,Six-Month,0,0,Staffing Demand,CAN000367,Luis,,Martinez,1989-02-15,Prefer not to say,Canadian,Spanish,Japan,Diploma,Other,C1,N2,Eligible,Teacher,2023-03-28,Tsubaki Elementary School,English School,Chiba,Funabashi,2020-04-17,,Active,12,11,0,0,91.67
ASG000248,DUD100164,CLI0043,2026-11-18,,Active,Trainer,82,Three-Month,0,0,Transfer,CAN000367,Luis,,Martinez,1989-02-15,Prefer not to say,Canadian,Spanish,Japan,Diploma,Other,C1,N2,Eligible,Teacher,2023-03-28,Takashima International School,Private School,Tokyo,Koganei,2024-10-23,2027-04-11,Inactive,1,0,1,0,0.0
ASG000249,DUD100165,CLI0014,2023-01-15,2023-10-03,Renewed,ALT / English Teacher,102,Six-Month,0,0,Initial Assignment,CAN000226,Michael,,Taylor,1997-03-13,Male,Mexican,British,Japan,Associate Degree,Other,Native,N2,Eligible,Teacher,2023-10-07,Meisei High School,English School,Tokyo,Itabashi,2020-02-25,,Active,8,6,2,0,75.0
ASG000250,DUD100166,CLI0286,2025-07-19,2026-05-27,Renewed,ALT / English Teacher,80,Three-Month,0,0,Initial Assignment,CAN000165,John,,Smith,1999-01-03,Male,Filipino,Australian,Japan,Associate Degree,English,C2,N1,Eligible,Teacher,2024-04-30,Meisei Elementary School,Private School,Kanagawa,Fujisawa,2020-08-20,,Active,10,9,1,0,90.0
ASG000251,DUD100166,CLI0267,2026-06-26,,Active,ALT / English Teacher,23,Three-Month,0,0,Initial Assignment,CAN000165,John,,Smith,1999-01-03,Male,Filipino,Australian,Japan,Associate Degree,English,C2,N1,Eligible,Teacher,2024-04-30,Kawaguchi International School,English School,Kanagawa,Kawasaki,2022-07-11,,Active,3,2,1,0,66.67
ASG000252,DUD100167,CLI0054,2022-12-26,,Active,Trainer,101,Three-Month,0,0,Transfer,CAN001609,Andres,,Anderson,1996-10-25,Male,French,Filipino,Japan,Bachelor's Degree,Other,Native,Basic,Eligible,Teacher,2022-09-10,Seiwa International School,High School,Chiba,Chiba,2025-02-19,,Active,12,10,0,0,83.33
ASG000253,DUD100168,CLI0185,2021-09-04,2023-02-13,Ended,ALT / English Teacher,23,Three-Month,0,0,Client Request,CAN000700,Matthew,,Lee,1981-10-04,Non-binary,Spanish,Canadian,Japan,Diploma,Education,C2,,Eligible,Teacher,2024-04-29,Asahi High School,Private School,Kanagawa,Yokohama,2024-03-11,,Active,12,10,0,0,83.33
ASG000254,DUD100168,CLI0044,2023-02-19,,Active,Experienced Teacher,55,Three-Month,0,0,Transfer,CAN000700,Matthew,,Lee,1981-10-04,Non-binary,Spanish,Canadian,Japan,Diploma,Education,C2,,Eligible,Teacher,2024-04-29,Nerima Junior High School,Private School,Chiba,Ichikawa,2021-07-30,,Active,12,9,2,0,75.0
ASG000255,DUD100169,CLI0271,2024-12-16,2026-05-14,Ended,ALT / English Teacher,79,Three-Month,0,0,Transfer,CAN001614,Juan,,Moore,1975-12-12,Non-binary,Australian,Mexican,Japan,Master's Degree,Linguistics,B2,Basic,Eligible,Teacher,2024-10-26,Nerima Elementary School,Kindergarten,Tokyo,Ota,2019-08-26,,Active,12,9,1,0,75.0
ASG000256,DUD100170,CLI0061,2024-03-15,2025-08-31,Completed,Experienced Teacher,22,Monthly,0,0,Staffing Demand,CAN001477,Jose,,Rodriguez,1977-11-17,Male,French,American,Japan,Bachelor's Degree,Other,C1,N2,Eligible,Teacher,2023-04-05,Takashima High School,Private School,Saitama,Toda,2020-09-12,,Active,12,10,0,0,83.33
ASG000257,DUD100171,CLI0031,2021-04-04,,Active,ALT / English Teacher,113,Annual,0,0,Staffing Demand,CAN001784,Hannah,,Ramirez,1993-07-25,Male,French,British,Japan,Master's Degree,Other,C1,Basic,Eligible,Teacher,2021-04-12,Kawaguchi International School,Public Junior High School,Saitama,Warabi,2022-07-11,,Active,12,12,0,0,100.0
ASG000258,DUD100172,CLI0072,2025-07-27,,Active,Senior Teacher,29,Monthly,0,0,Initial Assignment,CAN001210,Jessica,,Lopez,2003-09-07,Prefer not to say,French,Mexican,Japan,Bachelor's Degree,Linguistics,C1,N3,Eligible,Teacher,2025-04-06,Midori Academy,English School,Chiba,Chiba,2020-07-19,,Active,12,11,0,0,91.67
ASG000259,DUD100173,CLI0013,2024-06-25,,Active,ALT / English Teacher,20,Annual,0,0,Transfer,CAN001287,Daniel,,Martinez,1980-04-27,Male,Mexican,Mexican,Japan,Master's Degree,Other,C1,,Eligible,Teacher,2024-03-30,Hikari Education Center,Private School,Tokyo,Hachioji,2021-08-06,,Active,12,8,2,0,66.67
ASG000260,DUD100174,CLI0241,2021-11-12,,Active,ALT / English Teacher,30,Three-Month,0,0,Initial Assignment,CAN000509,Jose,,Ramirez,1979-04-01,Prefer not to say,Spanish,Japanese,Japan,Diploma,Other,Native,N1,Eligible,Teacher,2024-02-19,Shinmei High School,Kindergarten,Chiba,Matsudo,2026-04-02,,Active,12,11,0,0,91.67
ASG000261,DUD100175,CLI0065,2025-05-15,,Active,Experienced Teacher,44,Annual,0,0,Replacement,CAN001369,Sofia,,Rodriguez,1975-07-14,Non-binary,Brazilian,Mexican,Japan,Bachelor's Degree,English,B2,,Eligible,Teacher,2026-08-07,Kawaguchi Junior High School,High School,Chiba,Urayasu,2023-07-15,,Active,12,8,1,0,66.67
ASG000262,DUD100176,CLI0148,2023-08-07,2024-05-26,Transferred,Senior Teacher,72,Monthly,0,0,Transfer,CAN000180,Michael,,Wilson,1994-07-21,Non-binary,Canadian,Filipino,Japan,Diploma,English,C1,Basic,Eligible,Teacher,2021-01-10,Nerima Elementary School,Education Center,Chiba,Matsudo,2020-08-17,2021-06-20,Inactive,9,7,0,0,77.78
ASG000263,DUD100176,CLI0110,2024-05-31,2025-11-07,Ended,Experienced Teacher,63,Six-Month,0,0,Staffing Demand,CAN000180,Michael,,Wilson,1994-07-21,Non-binary,Canadian,Filipino,Japan,Diploma,English,C1,Basic,Eligible,Teacher,2021-01-10,Midori Junior High School,High School,Kanagawa,Yokohama,2021-07-06,,Active,12,11,1,0,91.67
ASG000264,DUD100176,CLI0056,2025-11-30,,Active,ALT / English Teacher,39,Monthly,0,0,Replacement,CAN000180,Michael,,Wilson,1994-07-21,Non-binary,Canadian,Filipino,Japan,Diploma,English,C1,Basic,Eligible,Teacher,2021-01-10,Takashima Elementary School,Public Elementary School,Chiba,Matsudo,2022-09-28,,Active,8,7,0,0,87.5
ASG000265,DUD100177,CLI0111,2022-04-25,2023-05-20,Ended,Experienced Teacher,78,Monthly,0,0,Initial Assignment,CAN000312,Jessica,,Taylor,1980-12-04,Non-binary,Mexican,French,Japan,Master's Degree,Business,C1,N1,Eligible,Teacher,2023-12-24,Haruka Elementary School,English School,Kanagawa,Sagamihara,2020-05-17,,Active,12,10,0,0,83.33
ASG000266,DUD100177,CLI0151,2023-06-09,,Active,ALT / English Teacher,84,Monthly,0,0,Client Request,CAN000312,Jessica,,Taylor,1980-12-04,Non-binary,Mexican,French,Japan,Master's Degree,Business,C1,N1,Eligible,Teacher,2023-12-24,Kawaguchi Academy,High School,Chiba,Ichikawa,2026-04-11,,Active,12,9,3,0,75.0
ASG000267,DUD100178,CLI0270,2024-05-01,2024-09-03,Renewed,Trainer,100,Monthly,0,0,Replacement,CAN000715,Diego,,Johnson,1981-03-14,Female,British,Australian,Japan,Associate Degree,Psychology,C2,N3,Eligible,Teacher,2023-06-05,Nerima Academy,High School,Chiba,Urayasu,2019-08-19,,Active,4,3,0,0,75.0
ASG000268,DUD100179,CLI0160,2025-03-07,2025-11-13,Renewed,Experienced Teacher,104,Six-Month,0,0,Initial Assignment,CAN000986,Michael,,Moore,1975-06-05,Prefer not to say,Japanese,American,Japan,Master's Degree,English,C1,,Eligible,Teacher,2021-02-16,Asahi High School,Public Junior High School,Chiba,Urayasu,2020-08-02,,Active,8,7,0,0,87.5
ASG000269,DUD100179,CLI0124,2025-12-05,2027-05-15,Ended,Experienced Teacher,104,Three-Month,0,0,Transfer,CAN000986,Michael,,Moore,1975-06-05,Prefer not to say,Japanese,American,Japan,Master's Degree,English,C1,,Eligible,Teacher,2021-02-16,Koyo International School,Public Junior High School,Saitama,Soka,2024-06-11,,Active,12,10,0,0,83.33
ASG000270,DUD100180,CLI0168,2022-01-15,,Active,Experienced Teacher,74,Monthly,0,0,Replacement,CAN001624,Laura,,Taylor,1994-08-26,Non-binary,Filipino,Australian,Japan,Bachelor's Degree,Business,B2,N1,Eligible,Teacher,2025-01-25,Meisei Education Center,Public Junior High School,Kanagawa,Fujisawa,2019-11-11,,Active,12,7,2,0,58.33
ASG000271,DUD100181,CLI0261,2025-11-25,2027-05-11,Transferred,ALT / English Teacher,67,Three-Month,0,0,Staffing Demand,CAN001110,Marco,,Torres,1978-09-05,Male,Spanish,Australian,Japan,Associate Degree,Business,Native,Basic,Eligible,Teacher,2025-02-13,Shinmei Elementary School,Private School,Tokyo,Kita,2022-12-08,,Active,12,11,1,0,91.67
ASG000272,DUD100181,CLI0287,2027-05-19,,Active,ALT / English Teacher,119,Six-Month,0,0,Staffing Demand,CAN001110,Marco,,Torres,1978-09-05,Male,Spanish,Australian,Japan,Associate Degree,Business,Native,Basic,Eligible,Teacher,2025-02-13,Shinmei Elementary School,English School,Kanagawa,Yokohama,2023-09-29,,Active,1,1,0,0,100.0
ASG000273,DUD100182,CLI0193,2023-06-28,,Active,ALT / English Teacher,74,Annual,0,0,Replacement,CAN000186,Daniel,,Hall,1985-02-09,Non-binary,Spanish,Brazilian,Japan,Diploma,English,C1,N2,Eligible,Teacher,2021-09-06,Nerima International School,Public Junior High School,Saitama,Toda,2023-08-28,,Active,12,10,0,0,83.33
ASG000274,DUD100183,CLI0192,2025-06-20,,Active,ALT / English Teacher,30,Three-Month,0,0,Client Request,CAN001402,Matthew,,Sanchez,1998-05-16,Male,American,Australian,Japan,Bachelor's Degree,Psychology,B2,,Eligible,Teacher,2026-03-05,Akebono Junior High School,English School,Saitama,Kawaguchi,2020-04-01,2020-12-03,Inactive,12,10,1,0,83.33
ASG000275,DUD100184,CLI0003,2025-10-14,2027-02-17,Ended,Senior Teacher,120,Three-Month,0,0,Staffing Demand,CAN001114,Laura,,Hernandez,1985-10-22,Female,Brazilian,Japanese,Japan,Bachelor's Degree,Linguistics,Native,N3,Eligible,Teacher,2023-05-17,Koganei High School,Public Elementary School,Saitama,Kawagoe,2025-06-06,,Active,12,9,2,0,75.0
ASG000276,DUD100184,CLI0250,2027-03-04,,Active,Senior Teacher,89,Annual,0,0,Transfer,CAN001114,Laura,,Hernandez,1985-10-22,Female,Brazilian,Japanese,Japan,Bachelor's Degree,Linguistics,Native,N3,Eligible,Teacher,2023-05-17,Tsubaki High School,Education Center,Tokyo,Itabashi,2024-11-21,,Active,1,1,0,0,100.0
ASG000277,DUD100185,CLI0064,2022-07-05,,Active,Senior Teacher,35,Annual,0,0,Transfer,CAN000310,Ana,,Miller,1980-08-09,Male,Mexican,Australian,Japan,Diploma,Psychology,C2,N3,Eligible,Teacher,2021-10-05,Seiwa High School,Education Center,Saitama,Kawagoe,2023-11-28,,Active,12,11,0,0,91.67
ASG000278,DUD100186,CLI0045,2024-08-17,2025-09-02,Ended,Senior Teacher,113,Three-Month,0,0,Client Request,CAN001919,James,,Garcia,1990-01-24,Non-binary,American,Filipino,Japan,Master's Degree,Education,Native,N1,Eligible,Teacher,2022-08-15,Haruka Elementary School,Public Elementary School,Kanagawa,Fujisawa,2024-09-29,,Active,12,8,3,0,66.67
ASG000279,DUD100186,CLI0262,2025-09-04,2026-02-07,Renewed,ALT / English Teacher,83,Six-Month,0,0,Initial Assignment,CAN001919,James,,Garcia,1990-01-24,Non-binary,American,Filipino,Japan,Master's Degree,Education,Native,N1,Eligible,Teacher,2022-08-15,Takashima International School,High School,Saitama,Kawaguchi,2024-06-06,2027-01-18,Inactive,5,2,1,0,40.0
ASG000280,DUD100186,CLI0088,2026-02-23,,Active,Trainer,60,Six-Month,0,0,Client Request,CAN001919,James,,Garcia,1990-01-24,Non-binary,American,Filipino,Japan,Master's Degree,Education,Native,N1,Eligible,Teacher,2022-08-15,Asahi Education Center,Education Center,Kanagawa,Sagamihara,2024-10-19,,Active,5,4,1,0,80.0
ASG000281,DUD100187,CLI0082,2024-07-07,2025-03-31,Renewed,ALT / English Teacher,18,Three-Month,0,0,Transfer,CAN000515,Miguel,,Miller,1988-03-17,Male,Australian,Australian,Japan,Master's Degree,Other,Native,N2,Eligible,Teacher,2021-06-01,Musashino High School,English School,Saitama,Koshigaya,2025-05-13,,Active,8,7,0,0,87.5
ASG000282,DUD100187,CLI0278,2025-04-09,,Active,Experienced Teacher,51,Annual,0,0,Initial Assignment,CAN000515,Miguel,,Miller,1988-03-17,Male,Australian,Australian,Japan,Master's Degree,Other,Native,N2,Eligible,Teacher,2021-06-01,Hikari International School,Private School,Chiba,Ichikawa,2020-09-29,,Active,12,8,1,0,66.67
ASG000283,DUD100188,CLI0028,2022-05-09,2023-06-16,Completed,Experienced Teacher,95,Annual,0,0,Initial Assignment,CAN000499,Thomas,,Sanchez,1976-06-25,Male,Mexican,American,Japan,Bachelor's Degree,Psychology,Native,N1,Eligible,Teacher,2022-04-16,Takashima Education Center,Private School,Tokyo,Hachioji,2021-08-21,2023-05-31,Inactive,12,12,0,0,100.0
ASG000284,DUD100188,CLI0154,2023-07-10,,Active,Experienced Teacher,49,Three-Month,0,0,Staffing Demand,CAN000499,Thomas,,Sanchez,1976-06-25,Male,Mexican,American,Japan,Bachelor's Degree,Psychology,Native,N1,Eligible,Teacher,2022-04-16,Asahi International School,Private School,Tokyo,Nerima,2021-02-20,,Active,12,11,0,0,91.67
ASG000285,DUD100189,CLI0291,2025-01-06,2026-03-11,Ended,Senior Teacher,110,Three-Month,0,0,Replacement,CAN000692,Diego,,Gonzalez,1994-02-14,Prefer not to say,Japanese,Canadian,Japan,Diploma,Psychology,Native,N1,Eligible,Teacher,2021-09-05,Haruka Academy,English School,Chiba,Chiba,2019-11-11,,Active,12,9,1,0,75.0
ASG000286,DUD100189,CLI0124,2026-03-22,2027-08-15,Renewed,Senior Teacher,67,Annual,0,0,Replacement,CAN000692,Diego,,Gonzalez,1994-02-14,Prefer not to say,Japanese,Canadian,Japan,Diploma,Psychology,Native,N1,Eligible,Teacher,2021-09-05,Koyo International School,Public Junior High School,Saitama,Soka,2024-06-11,,Active,12,9,1,0,75.0
ASG000287,DUD100190,CLI0290,2024-09-21,,Active,ALT / English Teacher,97,Six-Month,0,0,Initial Assignment,CAN000586,Laura,,King,2001-04-16,Prefer not to say,Filipino,Brazilian,Japan,Diploma,Education,B2,N2,Eligible,Teacher,2024-02-24,Koganei High School,English School,Chiba,Chiba,2019-03-31,,Active,12,9,0,0,75.0
ASG000288,DUD100191,CLI0197,2025-03-23,,Active,ALT / English Teacher,41,Three-Month,0,0,Client Request,CAN001568,Alejandro,,Gonzalez,1995-09-23,Male,Brazilian,American,Japan,Master's Degree,Psychology,Native,N3,Eligible,Teacher,2024-10-05,Ota High School,English School,Chiba,Urayasu,2022-12-06,,Active,12,8,1,0,66.67
ASG000289,DUD100192,CLI0126,2025-10-04,,Active,Senior Teacher,47,Monthly,0,0,Staffing Demand,CAN000770,Marco,,King,1982-02-14,Male,American,Filipino,Japan,Bachelor's Degree,Psychology,Native,,Eligible,Teacher,2024-08-02,Kawaguchi International School,Private School,Chiba,Chiba,2019-03-09,2022-06-08,Inactive,10,10,0,0,100.0
ASG000290,DUD100193,CLI0192,2025-04-17,2025-09-18,Ended,ALT / English Teacher,104,Annual,0,0,Staffing Demand,CAN000224,Sofia,,Wilson,1983-04-02,Non-binary,American,Brazilian,Japan,Master's Degree,Psychology,Native,Basic,Eligible,Teacher,2021-03-25,Akebono Junior High School,English School,Saitama,Kawaguchi,2020-04-01,2020-12-03,Inactive,5,4,0,0,80.0
ASG000291,DUD100194,CLI0077,2025-01-06,,Active,ALT / English Teacher,52,Six-Month,0,0,Staffing Demand,CAN001350,Juan,,Lopez,1986-06-09,Male,Australian,British,Japan,Diploma,Linguistics,Native,Basic,Eligible,Teacher,2026-05-08,Hikari Elementary School,Kindergarten,Saitama,Kawaguchi,2019-09-03,2020-06-28,Inactive,12,11,1,0,91.67
ASG000292,DUD100195,CLI0147,2025-03-22,2025-07-24,Renewed,Senior Teacher,118,Annual,0,0,Client Request,CAN000416,Matthew,,Hall,1993-05-25,Prefer not to say,French,French,Japan,Master's Degree,English,C1,N1,Eligible,Teacher,2023-03-30,Asahi High School,Public Junior High School,Saitama,Saitama,2020-01-26,,Active,4,4,0,0,100.0
ASG000293,DUD100196,CLI0104,2021-12-14,2022-11-19,Ended,Senior Teacher,116,Annual,0,0,Initial Assignment,CAN001775,Matthew,,Rodriguez,1975-04-22,Prefer not to say,American,American,Japan,Bachelor's Degree,English,B2,,Eligible,Teacher,2025-02-25,Nerima Education Center,High School,Tokyo,Tachikawa,2021-01-05,2023-02-06,Inactive,11,10,0,0,90.91
ASG000294,DUD100196,CLI0014,2022-12-09,2024-02-19,Completed,Experienced Teacher,41,Monthly,0,0,Staffing Demand,CAN001775,Matthew,,Rodriguez,1975-04-22,Prefer not to say,American,American,Japan,Bachelor's Degree,English,B2,,Eligible,Teacher,2025-02-25,Meisei High School,English School,Tokyo,Itabashi,2020-02-25,,Active,12,10,2,0,83.33
ASG000295,DUD100196,CLI0186,2024-03-04,,Active,Senior Teacher,106,Three-Month,0,0,Staffing Demand,CAN001775,Matthew,,Rodriguez,1975-04-22,Prefer not to say,American,American,Japan,Bachelor's Degree,English,B2,,Eligible,Teacher,2025-02-25,Asahi Education Center,Education Center,Kanagawa,Yamato,2026-01-09,,Active,12,12,0,0,100.0
ASG000296,DUD100197,CLI0241,2023-10-07,2024-01-14,Renewed,ALT / English Teacher,84,Six-Month,0,0,Staffing Demand,CAN001126,Emily,,Hall,1978-02-15,Male,Spanish,Spanish,Japan,Master's Degree,English,Native,N2,Eligible,Teacher,2023-12-20,Shinmei High School,Kindergarten,Chiba,Matsudo,2026-04-02,,Active,3,2,0,0,66.67
ASG000297,DUD100197,CLI0050,2024-02-04,2024-09-08,Transferred,Senior Teacher,98,Monthly,0,0,Initial Assignment,CAN001126,Emily,,Hall,1978-02-15,Male,Spanish,Spanish,Japan,Master's Degree,English,Native,N2,Eligible,Teacher,2023-12-20,Mirai High School,English School,Tokyo,Tachikawa,2020-02-13,,Active,7,3,1,0,42.86
ASG000298,DUD100198,CLI0244,2023-06-30,2024-08-09,Completed,ALT / English Teacher,109,Annual,0,0,Client Request,CAN000735,Diego,,Smith,1976-05-20,Non-binary,Brazilian,Filipino,Japan,Associate Degree,English,Native,,Eligible,Teacher,2023-10-27,Nerima Junior High School,Education Center,Saitama,Soka,2020-12-17,,Active,12,9,0,0,75.0
ASG000299,DUD100198,CLI0056,2024-08-22,2024-12-31,Renewed,Experienced Teacher,76,Monthly,0,0,Replacement,CAN000735,Diego,,Smith,1976-05-20,Non-binary,Brazilian,Filipino,Japan,Associate Degree,English,Native,,Eligible,Teacher,2023-10-27,Takashima Elementary School,Public Elementary School,Chiba,Matsudo,2022-09-28,,Active,4,4,0,0,100.0
ASG000300,DUD100198,CLI0104,2025-01-05,2026-06-24,Transferred,ALT / English Teacher,46,Monthly,0,0,Initial Assignment,CAN000735,Diego,,Smith,1976-05-20,Non-binary,Brazilian,Filipino,Japan,Associate Degree,English,Native,,Eligible,Teacher,2023-10-27,Nerima Education Center,High School,Tokyo,Tachikawa,2021-01-05,2023-02-06,Inactive,12,10,0,0,83.33
ASG000301,DUD100199,CLI0080,2024-09-14,,Active,Senior Teacher,105,Three-Month,0,0,Staffing Demand,CAN000042,Daniel,,Rodriguez,1981-09-08,Prefer not to say,Brazilian,British,Japan,Diploma,Linguistics,Native,,Eligible,Teacher,2021-07-30,Musashino Education Center,High School,Saitama,Kawagoe,2023-11-15,,Active,12,10,0,0,83.33
ASG000302,DUD100200,CLI0261,2023-06-11,,Active,ALT / English Teacher,101,Three-Month,0,0,Replacement,CAN000889,Sarah,,Thompson,1993-07-03,Non-binary,Australian,Mexican,Japan,Associate Degree,Business,Native,Basic,Eligible,Teacher,2021-09-24,Shinmei Elementary School,Private School,Tokyo,Kita,2022-12-08,,Active,12,10,0,0,83.33
ASG000303,DUD100201,CLI0169,2023-08-16,2024-09-25,Renewed,Experienced Teacher,102,Three-Month,0,0,Initial Assignment,CAN000641,James,,Allen,1999-01-13,Female,Spanish,Canadian,Japan,Master's Degree,Education,C1,N1,Eligible,Teacher,2022-04-07,Meisei International School,Kindergarten,Saitama,Warabi,2023-05-15,,Active,12,10,0,0,83.33
ASG000304,DUD100202,CLI0114,2023-11-22,,Active,ALT / English Teacher,108,Annual,0,0,Replacement,CAN001381,Michael,,Taylor,1998-05-28,Prefer not to say,Spanish,Brazilian,Japan,Master's Degree,Other,C1,N1,Eligible,Teacher,2021-03-06,Haruka International School,Private School,Saitama,Saitama,2024-07-18,,Active,12,12,0,0,100.0
ASG000305,DUD100203,CLI0015,2022-10-04,,Active,ALT / English Teacher,45,Three-Month,0,0,Client Request,CAN000911,Laura,,Brown,1989-03-07,Male,Australian,Canadian,Japan,Diploma,Other,Native,N2,Eligible,Teacher,2026-01-10,Kita High School,Private School,Tokyo,Itabashi,2025-09-10,2026-08-22,Inactive,12,12,0,0,100.0
ASG000306,DUD100204,CLI0104,2024-12-08,,Active,ALT / English Teacher,24,Three-Month,0,0,Transfer,CAN000906,Jose,,Allen,1986-11-26,Prefer not to say,Canadian,British,Japan,Master's Degree,English,C2,Basic,Eligible,Teacher,2021-02-25,Nerima Education Center,High School,Tokyo,Tachikawa,2021-01-05,2023-02-06,Inactive,12,11,0,0,91.67
ASG000307,DUD100205,CLI0028,2021-09-11,,Active,ALT / English Teacher,63,Six-Month,0,0,Client Request,CAN001767,Sofia,,Torres,1986-07-20,Prefer not to say,Filipino,Filipino,Japan,Diploma,Education,B2,N2,Eligible,Teacher,2025-05-27,Takashima Education Center,Private School,Tokyo,Hachioji,2021-08-21,2023-05-31,Inactive,12,9,0,0,75.0
ASG000308,DUD100206,CLI0298,2022-11-11,2023-05-28,Renewed,ALT / English Teacher,44,Annual,0,0,Initial Assignment,CAN001735,Ana,,Williams,1987-02-05,Female,French,French,Japan,Diploma,English,Native,,Eligible,Teacher,2024-12-02,Koyo Elementary School,English School,Chiba,Matsudo,2023-05-19,,Active,6,5,0,0,83.33
ASG000309,DUD100206,CLI0209,2023-05-30,,Active,Senior Teacher,99,Monthly,0,0,Replacement,CAN001735,Ana,,Williams,1987-02-05,Female,French,French,Japan,Diploma,English,Native,,Eligible,Teacher,2024-12-02,Kawaguchi High School,Private School,Tokyo,Hachioji,2024-02-06,,Active,12,9,2,0,75.0
ASG000310,DUD100207,CLI0033,2022-05-06,2023-02-13,Completed,Experienced Teacher,87,Monthly,0,0,Client Request,CAN001931,Miguel,,Ramirez,2000-11-11,Female,British,Brazilian,Japan,Master's Degree,Education,C2,Basic,Eligible,Teacher,2024-01-07,Haruka International School,English School,Tokyo,Koganei,2026-03-16,,Active,9,5,1,0,55.56
ASG000311,DUD100207,CLI0203,2023-02-27,,Active,ALT / English Teacher,115,Monthly,0,0,Initial Assignment,CAN001931,Miguel,,Ramirez,2000-11-11,Female,British,Brazilian,Japan,Master's Degree,Education,C2,Basic,Eligible,Teacher,2024-01-07,Midori Academy,Public Junior High School,Saitama,Kawaguchi,2023-05-29,,Active,12,10,1,0,83.33
ASG000312,DUD100208,CLI0140,2022-11-21,2023-09-14,Ended,Experienced Teacher,120,Six-Month,0,0,Client Request,CAN001247,Laura,,Anderson,1975-04-01,Prefer not to say,French,Japanese,Japan,Bachelor's Degree,English,C1,N3,Eligible,Teacher,2023-04-24,Kizuna Junior High School,Kindergarten,Kanagawa,Fujisawa,2020-11-14,,Active,9,8,0,0,88.89
ASG000313,DUD100208,CLI0061,2023-10-03,2024-07-04,Renewed,ALT / English Teacher,63,Three-Month,0,0,Replacement,CAN001247,Laura,,Anderson,1975-04-01,Prefer not to say,French,Japanese,Japan,Bachelor's Degree,English,C1,N3,Eligible,Teacher,2023-04-24,Takashima High School,Private School,Saitama,Toda,2020-09-12,,Active,9,9,0,0,100.0
ASG000314,DUD100209,CLI0030,2024-07-10,,Active,Experienced Teacher,40,Three-Month,0,0,Replacement,CAN000305,John,,Smith,1987-07-28,Male,British,Japanese,Japan,Associate Degree,Business,B2,N2,Eligible,Teacher,2021-04-04,Akebono Elementary School,Public Junior High School,Saitama,Kawaguchi,2024-04-09,,Active,12,9,2,0,75.0
ASG000315,DUD100210,CLI0066,2022-12-10,2023-11-08,Ended,Experienced Teacher,85,Three-Month,0,0,Transfer,CAN000184,Emma,,Hall,1978-03-04,Male,Filipino,American,Japan,Associate Degree,Business,C2,Basic,Eligible,Teacher,2021-02-28,Nerima Education Center,Public Junior High School,Saitama,Koshigaya,2024-12-07,,Active,11,9,0,0,81.82
ASG000316,DUD100211,CLI0276,2021-02-16,,Active,ALT / English Teacher,19,Six-Month,0,0,Replacement,CAN001415,Maria,,Martin,1991-12-28,Male,Filipino,French,Japan,Associate Degree,Business,C2,N1,Eligible,Teacher,2024-10-03,Kawaguchi Elementary School,Public Elementary School,Tokyo,Katsushika,2022-10-28,,Active,12,11,0,0,91.67
ASG000317,DUD100212,CLI0232,2025-07-29,2026-01-06,Renewed,ALT / English Teacher,110,Six-Month,0,0,Staffing Demand,CAN001120,Emma,,Moore,1996-07-03,Female,Brazilian,Filipino,Japan,Bachelor's Degree,Linguistics,C2,N1,Eligible,Teacher,2024-09-09,Kizuna Elementary School,Public Elementary School,Kanagawa,Fujisawa,2020-04-21,,Active,5,4,0,0,80.0
ASG000318,DUD100212,CLI0236,2026-01-28,2026-06-10,Transferred,Experienced Teacher,33,Monthly,0,0,Client Request,CAN001120,Emma,,Moore,1996-07-03,Female,Brazilian,Filipino,Japan,Bachelor's Degree,Linguistics,C2,N1,Eligible,Teacher,2024-09-09,Meisei Elementary School,Private School,Tokyo,Edogawa,2021-05-21,2025-01-06,Inactive,4,3,1,0,75.0
ASG000319,DUD100212,CLI0162,2026-07-04,,Active,Experienced Teacher,48,Monthly,0,0,Initial Assignment,CAN001120,Emma,,Moore,1996-07-03,Female,Brazilian,Filipino,Japan,Bachelor's Degree,Linguistics,C2,N1,Eligible,Teacher,2024-09-09,Kawaguchi High School,Public Elementary School,Kanagawa,Yamato,2025-09-27,,Active,3,3,0,0,100.0
ASG000320,DUD100213,CLI0022,2023-07-18,,Active,Senior Teacher,83,Monthly,0,0,Staffing Demand,CAN001984,Jose,,Hall,1993-11-22,Non-binary,Australian,French,Japan,Diploma,Business,B2,,Eligible,Teacher,2023-06-22,Kita Junior High School,High School,Saitama,Warabi,2020-11-12,,Active,12,4,3,0,33.33
ASG000321,DUD100214,CLI0033,2023-11-05,,Active,ALT / English Teacher,27,Three-Month,0,0,Replacement,CAN001970,Olivia,,Hall,1991-05-03,Prefer not to say,British,British,Japan,Associate Degree,Other,C2,N2,Eligible,Teacher,2024-10-08,Haruka International School,English School,Tokyo,Koganei,2026-03-16,,Active,12,10,1,0,83.33
ASG000322,DUD100215,CLI0083,2021-07-19,,Active,Senior Teacher,59,Annual,0,0,Transfer,CAN001356,Andres,,Brown,1983-10-12,Male,Filipino,Mexican,Japan,Bachelor's Degree,Education,Native,Basic,Eligible,Teacher,2022-10-15,Koganei Junior High School,Private School,Kanagawa,Sagamihara,2022-06-28,2024-03-11,Inactive,12,10,0,0,83.33
ASG000323,DUD100216,CLI0154,2025-02-16,,Active,Experienced Teacher,107,Annual,0,0,Transfer,CAN001847,Maria,,Williams,1990-09-13,Prefer not to say,Australian,British,Japan,Master's Degree,Linguistics,Native,N1,Eligible,Teacher,2025-04-18,Asahi International School,Private School,Tokyo,Nerima,2021-02-20,,Active,12,10,1,0,83.33
ASG000324,DUD100217,CLI0265,2023-08-22,,Active,ALT / English Teacher,60,Three-Month,0,0,Replacement,CAN001524,Hannah,,Torres,1998-03-11,Prefer not to say,French,French,Japan,Master's Degree,Business,C2,N1,Eligible,Teacher,2023-06-04,Sakura Junior High School,Public Elementary School,Saitama,Kawaguchi,2024-09-23,,Active,12,10,1,0,83.33
ASG000325,DUD100218,CLI0198,2025-03-24,2026-04-15,Completed,Experienced Teacher,79,Monthly,0,0,Transfer,CAN001781,Sofia,,Hernandez,1983-11-28,Non-binary,Spanish,British,Japan,Master's Degree,Education,C2,N2,Eligible,Teacher,2022-11-25,Ota High School,Public Elementary School,Kanagawa,Yamato,2022-08-29,,Active,12,10,0,0,83.33
ASG000326,DUD100218,CLI0275,2026-05-03,2026-09-17,Ended,ALT / English Teacher,63,Six-Month,0,0,Client Request,CAN001781,Sofia,,Hernandez,1983-11-28,Non-binary,Spanish,British,Japan,Master's Degree,Education,C2,N2,Eligible,Teacher,2022-11-25,Akebono High School,Education Center,Chiba,Urayasu,2021-04-26,,Active,4,4,0,0,100.0
ASG000327,DUD100218,CLI0099,2026-09-21,,Active,ALT / English Teacher,15,Monthly,0,0,Transfer,CAN001781,Sofia,,Hernandez,1983-11-28,Non-binary,Spanish,British,Japan,Master's Degree,Education,C2,N2,Eligible,Teacher,2022-11-25,Nerima International School,Education Center,Tokyo,Hachioji,2025-12-21,,Active,1,1,0,0,100.0
ASG000328,DUD100219,CLI0051,2022-04-27,2023-01-16,Ended,Trainer,46,Three-Month,0,0,Transfer,CAN000480,Olivia,,White,2003-07-01,Prefer not to say,French,Australian,Japan,Master's Degree,Education,C1,N2,Eligible,Teacher,2026-07-19,Seiwa Junior High School,Private School,Saitama,Warabi,2023-01-03,,Active,8,6,0,0,75.0
ASG000329,DUD100219,CLI0014,2023-02-07,,Active,Experienced Teacher,75,Six-Month,0,0,Staffing Demand,CAN000480,Olivia,,White,2003-07-01,Prefer not to say,French,Australian,Japan,Master's Degree,Education,C1,N2,Eligible,Teacher,2026-07-19,Meisei High School,English School,Tokyo,Itabashi,2020-02-25,,Active,12,10,1,0,83.33
ASG000330,DUD100220,CLI0278,2023-09-24,2025-01-07,Renewed,ALT / English Teacher,78,Annual,0,0,Transfer,CAN000970,Juan,,Miller,1983-11-25,Prefer not to say,American,Australian,Japan,Associate Degree,English,Native,N1,Eligible,Teacher,2023-09-24,Hikari International School,Private School,Chiba,Ichikawa,2020-09-29,,Active,12,8,1,0,66.67
ASG000331,DUD100221,CLI0130,2025-01-24,2025-11-14,Renewed,Senior Teacher,104,Three-Month,0,0,Transfer,CAN000638,Maria,,Young,1975-01-27,Female,French,French,Japan,Bachelor's Degree,Other,Native,,Eligible,Teacher,2024-03-21,Koyo Education Center,Public Elementary School,Saitama,Kawagoe,2024-10-08,,Active,9,7,1,0,77.78
ASG000332,DUD100221,CLI0151,2025-12-05,2026-08-19,Transferred,Experienced Teacher,62,Three-Month,0,0,Replacement,CAN000638,Maria,,Young,1975-01-27,Female,French,French,Japan,Bachelor's Degree,Other,Native,,Eligible,Teacher,2024-03-21,Kawaguchi Academy,High School,Chiba,Ichikawa,2026-04-11,,Active,8,6,0,0,75.0
ASG000333,DUD100222,CLI0183,2023-02-01,,Active,Experienced Teacher,50,Three-Month,0,0,Initial Assignment,CAN001038,Jose,,White,1979-09-04,Female,Spanish,Filipino,Japan,Master's Degree,Business,C2,N3,Eligible,Teacher,2023-04-30,Tsubaki High School,Kindergarten,Saitama,Saitama,2026-03-25,,Active,12,10,1,0,83.33
ASG000334,DUD100223,CLI0209,2021-12-18,2022-09-11,Ended,Senior Teacher,57,Six-Month,0,0,Transfer,CAN000423,Robert,,Williams,1975-05-27,Male,French,British,Japan,Master's Degree,Other,C1,N3,Eligible,Teacher,2026-06-26,Kawaguchi High School,Private School,Tokyo,Hachioji,2024-02-06,,Active,8,8,0,0,100.0
ASG000335,DUD100223,CLI0093,2022-09-30,2024-01-03,Transferred,Experienced Teacher,82,Six-Month,0,0,Transfer,CAN000423,Robert,,Williams,1975-05-27,Male,French,British,Japan,Master's Degree,Other,C1,N3,Eligible,Teacher,2026-06-26,Asahi Academy,Public Elementary School,Chiba,Matsudo,2023-07-08,,Active,12,7,2,0,58.33
ASG000336,DUD100224,CLI0029,2024-04-18,,Active,Senior Teacher,110,Annual,0,0,Transfer,CAN000346,Daniel,,Brown,1978-08-11,Male,Canadian,American,Japan,Associate Degree,Linguistics,Native,N1,Eligible,Teacher,2021-11-08,Asahi Education Center,Public Elementary School,Chiba,Matsudo,2022-10-13,,Active,12,10,1,0,83.33
ASG000337,DUD100225,CLI0126,2024-09-02,2025-03-09,Ended,Experienced Teacher,105,Monthly,0,0,Replacement,CAN001836,Matthew,,Garcia,1981-09-23,Non-binary,Brazilian,Brazilian,Japan,Master's Degree,English,Native,N2,Eligible,Teacher,2021-06-29,Kawaguchi International School,Private School,Chiba,Chiba,2019-03-09,2022-06-08,Inactive,6,5,1,0,83.33
ASG000338,DUD100225,CLI0196,2025-04-07,,Active,ALT / English Teacher,83,Six-Month,0,0,Transfer,CAN001836,Matthew,,Garcia,1981-09-23,Non-binary,Brazilian,Brazilian,Japan,Master's Degree,English,Native,N2,Eligible,Teacher,2021-06-29,Asahi Education Center,High School,Saitama,Koshigaya,2025-09-29,,Active,12,10,0,0,83.33
ASG000339,DUD100226,CLI0276,2025-08-11,2026-07-13,Transferred,Experienced Teacher,63,Annual,0,0,Client Request,CAN000989,Emily,,Jackson,1989-09-27,Prefer not to say,Mexican,Mexican,Japan,Master's Degree,English,Native,N1,Eligible,Teacher,2024-09-11,Kawaguchi Elementary School,Public Elementary School,Tokyo,Katsushika,2022-10-28,,Active,11,8,3,0,72.73
ASG000340,DUD100226,CLI0243,2026-08-06,2026-12-04,Completed,Senior Teacher,31,Monthly,0,0,Replacement,CAN000989,Emily,,Jackson,1989-09-27,Prefer not to say,Mexican,Mexican,Japan,Master's Degree,English,Native,N1,Eligible,Teacher,2024-09-11,Hikari Junior High School,English School,Kanagawa,Fujisawa,2021-09-04,,Active,4,3,1,0,75.0
ASG000341,DUD100226,CLI0097,2027-01-02,2027-12-14,Renewed,ALT / English Teacher,28,Three-Month,0,0,Transfer,CAN000989,Emily,,Jackson,1989-09-27,Prefer not to say,Mexican,Mexican,Japan,Master's Degree,English,Native,N1,Eligible,Teacher,2024-09-11,Sakura International School,High School,Chiba,Ichikawa,2025-02-08,,Active,11,9,0,0,81.82
ASG000342,DUD100227,CLI0154,2023-05-13,2024-04-16,Completed,ALT / English Teacher,48,Monthly,0,0,Staffing Demand,CAN000864,Maria,,Smith,1977-05-16,Prefer not to say,Brazilian,Mexican,Japan,Bachelor's Degree,English,C2,N2,Eligible,Teacher,2024-10-08,Asahi International School,Private School,Tokyo,Nerima,2021-02-20,,Active,11,8,1,0,72.73
ASG000343,DUD100227,CLI0221,2024-04-20,2025-06-08,Transferred,ALT / English Teacher,88,Monthly,0,0,Initial Assignment,CAN000864,Maria,,Smith,1977-05-16,Prefer not to say,Brazilian,Mexican,Japan,Bachelor's Degree,English,C2,N2,Eligible,Teacher,2024-10-08,Haruka Education Center,High School,Chiba,Ichikawa,2019-10-29,2021-07-29,Inactive,12,12,0,0,100.0
ASG000344,DUD100228,CLI0178,2022-01-17,,Active,ALT / English Teacher,104,Six-Month,0,0,Replacement,CAN000404,Ana,,Lopez,1993-03-22,Male,Australian,Filipino,Japan,Associate Degree,Business,C1,N1,Eligible,Teacher,2025-09-21,Sakura High School,Education Center,Tokyo,Nerima,2020-03-28,,Active,12,11,1,0,91.67
ASG000345,DUD100229,CLI0158,2024-08-29,,Active,ALT / English Teacher,79,Three-Month,0,0,Initial Assignment,CAN001535,Andres,,Young,1998-07-05,Non-binary,British,Filipino,Japan,Master's Degree,Education,Native,N1,Eligible,Teacher,2025-05-02,Meisei High School,Public Elementary School,Kanagawa,Kawasaki,2025-02-15,,Active,12,10,0,0,83.33
ASG000346,DUD100230,CLI0066,2025-01-13,2025-06-03,Ended,ALT / English Teacher,44,Six-Month,0,0,Initial Assignment,CAN001662,Emma,,Allen,1984-10-18,Male,Brazilian,British,Japan,Bachelor's Degree,English,B2,N1,Eligible,Teacher,2024-04-10,Nerima Education Center,Public Junior High School,Saitama,Koshigaya,2024-12-07,,Active,4,3,0,0,75.0
ASG000347,DUD100230,CLI0151,2025-06-08,2026-10-24,Transferred,Experienced Teacher,36,Annual,0,0,Transfer,CAN001662,Emma,,Allen,1984-10-18,Male,Brazilian,British,Japan,Bachelor's Degree,English,B2,N1,Eligible,Teacher,2024-04-10,Kawaguchi Academy,High School,Chiba,Ichikawa,2026-04-11,,Active,12,11,1,0,91.67
ASG000348,DUD100230,CLI0235,2026-11-14,,Active,ALT / English Teacher,54,Six-Month,0,0,Replacement,CAN001662,Emma,,Allen,1984-10-18,Male,Brazilian,British,Japan,Bachelor's Degree,English,B2,N1,Eligible,Teacher,2024-04-10,Mirai Academy,English School,Chiba,Urayasu,2025-08-06,,Active,1,1,0,0,100.0
ASG000349,DUD100231,CLI0158,2022-04-20,2022-09-19,Ended,Senior Teacher,36,Six-Month,0,0,Staffing Demand,CAN001145,Juan,,Brown,1995-02-25,Male,Spanish,British,Japan,Diploma,Psychology,C1,Basic,Eligible,Teacher,2022-03-30,Meisei High School,Public Elementary School,Kanagawa,Kawasaki,2025-02-15,,Active,5,5,0,0,100.0
ASG000350,DUD100231,CLI0051,2022-10-16,,Active,ALT / English Teacher,85,Annual,0,0,Transfer,CAN001145,Juan,,Brown,1995-02-25,Male,Spanish,British,Japan,Diploma,Psychology,C1,Basic,Eligible,Teacher,2022-03-30,Seiwa Junior High School,Private School,Saitama,Warabi,2023-01-03,,Active,12,12,0,0,100.0
ASG000351,DUD100232,CLI0056,2025-05-26,,Active,ALT / English Teacher,30,Monthly,0,0,Initial Assignment,CAN001673,Hannah,,Thompson,1985-09-09,Prefer not to say,British,Canadian,Japan,Associate Degree,Linguistics,Native,N1,Eligible,Teacher,2024-12-17,Takashima Elementary School,Public Elementary School,Chiba,Matsudo,2022-09-28,,Active,12,11,0,0,91.67
ASG000352,DUD100233,CLI0140,2022-04-06,,Active,Experienced Teacher,112,Annual,0,0,Client Request,CAN000715,Luis,,Johnson,1979-04-22,Prefer not to say,Mexican,American,Japan,Diploma,Linguistics,C1,N3,Eligible,Teacher,2022-10-05,Kizuna Junior High School,Kindergarten,Kanagawa,Fujisawa,2020-11-14,,Active,12,11,1,0,91.67
ASG000353,DUD100234,CLI0203,2022-06-06,,Active,ALT / English Teacher,56,Annual,0,0,Staffing Demand,CAN001176,Jessica,,Lopez,1991-07-04,Male,Mexican,Australian,Japan,Diploma,Psychology,Native,N1,Eligible,Teacher,2021-06-02,Midori Academy,Public Junior High School,Saitama,Kawaguchi,2023-05-29,,Active,12,9,0,0,75.0
ASG000354,DUD100235,CLI0140,2024-09-17,,Active,Experienced Teacher,47,Monthly,0,0,Staffing Demand,CAN000390,Emma,,Thompson,1996-09-14,Non-binary,Canadian,French,Japan,Bachelor's Degree,English,Native,N3,Eligible,Teacher,2022-11-16,Kizuna Junior High School,Kindergarten,Kanagawa,Fujisawa,2020-11-14,,Active,12,9,2,0,75.0
ASG000355,DUD100236,CLI0113,2022-07-17,2023-05-31,Transferred,ALT / English Teacher,37,Annual,0,0,Transfer,CAN000487,Luis,,Gonzalez,1991-10-04,Male,Brazilian,American,Japan,Diploma,English,C1,N2,Eligible,Teacher,2022-11-21,Tsubaki International School,High School,Saitama,Warabi,2020-01-10,2023-02-16,Inactive,10,9,1,0,90.0
ASG000356,DUD100236,CLI0132,2023-06-16,2024-03-13,Transferred,ALT / English Teacher,54,Monthly,0,0,Client Request,CAN000487,Luis,,Gonzalez,1991-10-04,Male,Brazilian,American,Japan,Diploma,English,C1,N2,Eligible,Teacher,2022-11-21,Kawaguchi Elementary School,Kindergarten,Chiba,Kashiwa,2025-09-10,,Active,9,8,1,0,88.89
ASG000357,DUD100237,CLI0006,2025-04-30,2025-10-01,Transferred,Experienced Teacher,48,Six-Month,0,0,Transfer,CAN001321,Thomas,,King,1994-01-10,Non-binary,French,Canadian,Japan,Associate Degree,Education,C1,Basic,Eligible,Teacher,2021-04-03,Hikari Academy,High School,Saitama,Koshigaya,2021-11-10,,Active,5,5,0,0,100.0
ASG000358,DUD100237,CLI0257,2025-10-02,2026-08-21,Renewed,Experienced Teacher,37,Annual,0,0,Initial Assignment,CAN001321,Thomas,,King,1994-01-10,Non-binary,French,Canadian,Japan,Associate Degree,Education,C1,Basic,Eligible,Teacher,2021-04-03,Koyo International School,Public Junior High School,Kanagawa,Yamato,2025-06-05,,Active,10,9,0,0,90.0
ASG000359,DUD100237,CLI0134,2026-09-03,2027-09-28,Transferred,ALT / English Teacher,119,Monthly,0,0,Replacement,CAN001321,Thomas,,King,1994-01-10,Non-binary,French,Canadian,Japan,Associate Degree,Education,C1,Basic,Eligible,Teacher,2021-04-03,Mirai Academy,Education Center,Kanagawa,Sagamihara,2025-05-12,,Active,12,12,0,0,100.0
ASG000360,DUD100238,CLI0034,2022-03-16,2023-07-27,Ended,ALT / English Teacher,98,Three-Month,0,0,Client Request,CAN001519,Juan,,Miller,2003-09-11,Male,Filipino,American,Japan,Associate Degree,English,C2,N1,Eligible,Teacher,2024-02-16,Midori Academy,English School,Saitama,Kawaguchi,2019-02-16,,Active,12,10,1,0,83.33
ASG000361,DUD100238,CLI0154,2023-07-28,,Active,ALT / English Teacher,108,Three-Month,0,0,Transfer,CAN001519,Juan,,Miller,2003-09-11,Male,Filipino,American,Japan,Associate Degree,English,C2,N1,Eligible,Teacher,2024-02-16,Asahi International School,Private School,Tokyo,Nerima,2021-02-20,,Active,12,10,0,0,83.33
ASG000362,DUD100239,CLI0137,2022-12-07,2023-10-26,Renewed,ALT / English Teacher,58,Monthly,0,0,Staffing Demand,CAN000529,Diego,,Walker,1998-06-19,Female,Spanish,Brazilian,Japan,Master's Degree,Psychology,Native,N1,Eligible,Teacher,2025-07-12,Nerima Academy,Private School,Chiba,Chiba,2022-10-01,2023-05-30,Inactive,10,8,2,0,80.0
ASG000363,DUD100239,CLI0108,2023-11-04,2024-11-06,Renewed,ALT / English Teacher,83,Annual,0,0,Staffing Demand,CAN000529,Diego,,Walker,1998-06-19,Female,Spanish,Brazilian,Japan,Master's Degree,Psychology,Native,N1,Eligible,Teacher,2025-07-12,Haruka Elementary School,Public Junior High School,Saitama,Saitama,2021-02-05,,Active,12,11,0,0,91.67
ASG000364,DUD100239,CLI0174,2024-12-01,,Active,ALT / English Teacher,29,Six-Month,0,0,Initial Assignment,CAN000529,Diego,,Walker,1998-06-19,Female,Spanish,Brazilian,Japan,Master's Degree,Psychology,Native,N1,Eligible,Teacher,2025-07-12,Ota Junior High School,Public Elementary School,Saitama,Koshigaya,2026-01-08,,Active,12,9,2,0,75.0
ASG000365,DUD100240,CLI0139,2021-09-09,2022-03-11,Transferred,ALT / English Teacher,105,Annual,0,0,Client Request,CAN000084,Thomas,,Lopez,1989-09-24,Non-binary,Australian,American,Japan,Diploma,English,Native,,Eligible,Teacher,2021-05-25,Kizuna Junior High School,Private School,Kanagawa,Kawasaki,2024-05-03,,Active,6,5,0,0,83.33
ASG000366,DUD100240,CLI0020,2022-03-24,,Active,Experienced Teacher,34,Three-Month,0,0,Transfer,CAN000084,Thomas,,Lopez,1989-09-24,Non-binary,Australian,American,Japan,Diploma,English,Native,,Eligible,Teacher,2021-05-25,Sakura International School,Public Elementary School,Chiba,Kashiwa,2024-10-13,,Active,12,11,0,0,91.67
ASG000367,DUD100241,CLI0113,2022-08-09,,Active,Trainer,91,Three-Month,0,0,Client Request,CAN001997,Sofia,,Gonzalez,1983-04-09,Female,Australian,American,Japan,Bachelor's Degree,Psychology,C1,Basic,Eligible,Teacher,2022-12-31,Tsubaki International School,High School,Saitama,Warabi,2020-01-10,2023-02-16,Inactive,12,9,3,0,75.0
ASG000368,DUD100242,CLI0113,2025-12-21,,Active,ALT / English Teacher,47,Monthly,0,0,Staffing Demand,CAN001957,Christopher,,Garcia,2003-01-04,Male,Filipino,Canadian,Japan,Master's Degree,Psychology,C2,,Eligible,Teacher,2025-12-22,Tsubaki International School,High School,Saitama,Warabi,2020-01-10,2023-02-16,Inactive,8,8,0,0,100.0
ASG000369,DUD100243,CLI0107,2022-05-19,,Active,ALT / English Teacher,62,Annual,0,0,Client Request,CAN001853,Jose,,Miller,1994-04-20,Prefer not to say,Australian,Mexican,Japan,Associate Degree,Linguistics,Native,Basic,Eligible,Teacher,2022-06-19,Sakura High School,High School,Saitama,Soka,2024-03-26,,Active,12,11,0,0,91.67
ASG000370,DUD100244,CLI0074,2024-02-14,,Active,Senior Teacher,106,Six-Month,0,0,Staffing Demand,CAN001597,Christopher,,Johnson,2001-12-27,Prefer not to say,Mexican,Japanese,Japan,Bachelor's Degree,Linguistics,C1,Basic,Eligible,Teacher,2025-05-29,Kita Elementary School,Public Junior High School,Tokyo,Nerima,2023-06-03,2027-07-20,Inactive,12,10,1,0,83.33
ASG000371,DUD100245,CLI0082,2023-04-08,2024-03-13,Transferred,Experienced Teacher,109,Monthly,0,0,Client Request,CAN001425,Alejandro,,Anderson,1985-10-01,Non-binary,Brazilian,Japanese,Japan,Diploma,Psychology,C2,N3,Eligible,Teacher,2024-03-22,Musashino High School,English School,Saitama,Koshigaya,2025-05-13,,Active,11,9,1,0,81.82
ASG000372,DUD100245,CLI0268,2024-03-14,2024-11-08,Renewed,ALT / English Teacher,30,Six-Month,0,0,Replacement,CAN001425,Alejandro,,Anderson,1985-10-01,Non-binary,Brazilian,Japanese,Japan,Diploma,Psychology,C2,N3,Eligible,Teacher,2024-03-22,Akebono International School,Public Junior High School,Saitama,Saitama,2024-07-16,,Active,8,7,0,0,87.5
ASG000373,DUD100245,CLI0256,2024-11-09,,Active,ALT / English Teacher,101,Annual,0,0,Replacement,CAN001425,Alejandro,,Anderson,1985-10-01,Non-binary,Brazilian,Japanese,Japan,Diploma,Psychology,C2,N3,Eligible,Teacher,2024-03-22,Ota International School,Public Elementary School,Saitama,Koshigaya,2019-01-10,,Active,12,8,0,0,66.67
ASG000374,DUD100246,CLI0261,2025-06-03,,Active,Senior Teacher,49,Three-Month,0,0,Transfer,CAN000086,Jose,,Smith,1991-11-25,Female,British,Australian,Japan,Master's Degree,Other,Native,,Eligible,Teacher,2021-12-20,Shinmei Elementary School,Private School,Tokyo,Kita,2022-12-08,,Active,12,11,1,0,91.67
ASG000375,DUD100247,CLI0160,2023-04-28,,Active,Trainer,40,Six-Month,0,0,Transfer,CAN001316,Laura,,Perez,1978-03-09,Prefer not to say,Canadian,Australian,Japan,Associate Degree,Psychology,Native,Basic,Eligible,Teacher,2022-09-13,Asahi High School,Public Junior High School,Chiba,Urayasu,2020-08-02,,Active,12,6,2,0,50.0
ASG000376,DUD100248,CLI0212,2025-09-07,2026-05-09,Ended,ALT / English Teacher,61,Monthly,0,0,Initial Assignment,CAN000828,Emma,,Davis,1994-11-24,Female,Japanese,Mexican,Japan,Bachelor's Degree,Psychology,B2,Basic,Eligible,Teacher,2023-04-27,Mirai Elementary School,Public Elementary School,Saitama,Saitama,2022-11-10,,Active,8,7,0,0,87.5
ASG000377,DUD100248,CLI0230,2026-05-30,2026-09-05,Renewed,ALT / English Teacher,89,Six-Month,0,0,Staffing Demand,CAN000828,Emma,,Davis,1994-11-24,Female,Japanese,Mexican,Japan,Bachelor's Degree,Psychology,B2,Basic,Eligible,Teacher,2023-04-27,Haruka Junior High School,Private School,Tokyo,Ota,2025-09-03,,Active,3,3,0,0,100.0
ASG000378,DUD100248,CLI0107,2026-10-03,2027-04-20,Transferred,Experienced Teacher,59,Monthly,0,0,Transfer,CAN000828,Emma,,Davis,1994-11-24,Female,Japanese,Mexican,Japan,Bachelor's Degree,Psychology,B2,Basic,Eligible,Teacher,2023-04-27,Sakura High School,High School,Saitama,Soka,2024-03-26,,Active,6,6,0,0,100.0
ASG000379,DUD100249,CLI0089,2025-05-28,2026-09-26,Completed,ALT / English Teacher,40,Monthly,0,0,Transfer,CAN001143,Emily,,Young,1986-07-14,Non-binary,Australian,Mexican,Japan,Diploma,Linguistics,B2,,Eligible,Teacher,2022-12-12,Koganei Education Center,High School,Chiba,Matsudo,2024-06-15,,Active,12,12,0,0,100.0
ASG000380,DUD100249,CLI0200,2026-10-23,2028-01-04,Transferred,ALT / English Teacher,81,Six-Month,0,0,Transfer,CAN001143,Emily,,Young,1986-07-14,Non-binary,Australian,Mexican,Japan,Diploma,Linguistics,B2,,Eligible,Teacher,2022-12-12,Seiwa International School,Kindergarten,Chiba,Ichikawa,2025-10-18,,Active,12,9,2,0,75.0
ASG000381,DUD100250,CLI0051,2021-03-26,2021-08-12,Ended,ALT / English Teacher,41,Three-Month,0,0,Replacement,CAN001053,Hannah,,Thompson,1997-09-12,Non-binary,British,Canadian,Japan,Diploma,Education,C2,Basic,Eligible,Teacher,2023-05-05,Seiwa Junior High School,Private School,Saitama,Warabi,2023-01-03,,Active,4,3,1,0,75.0
ASG000382,DUD100250,CLI0058,2021-09-04,,Active,ALT / English Teacher,101,Monthly,0,0,Staffing Demand,CAN001053,Hannah,,Thompson,1997-09-12,Non-binary,British,Canadian,Japan,Diploma,Education,C2,Basic,Eligible,Teacher,2023-05-05,Mirai High School,High School,Chiba,Matsudo,2024-07-16,,Active,12,10,0,0,83.33
ASG000383,DUD100251,CLI0293,2021-10-07,2022-04-03,Ended,ALT / English Teacher,40,Monthly,0,0,Staffing Demand,CAN000503,Andres,,Allen,1999-12-07,Prefer not to say,Filipino,Mexican,Japan,Associate Degree,Psychology,C2,N2,Eligible,Teacher,2021-11-17,Tsubaki Elementary School,Private School,Kanagawa,Fujisawa,2025-06-15,,Active,5,4,1,0,80.0
ASG000384,DUD100251,CLI0138,2022-04-18,2022-12-24,Transferred,ALT / English Teacher,83,Monthly,0,0,Replacement,CAN000503,Andres,,Allen,1999-12-07,Prefer not to say,Filipino,Mexican,Japan,Associate Degree,Psychology,C2,N2,Eligible,Teacher,2021-11-17,Kita Elementary School,Public Elementary School,Chiba,Ichikawa,2022-06-14,,Active,8,5,2,0,62.5
ASG000385,DUD100251,CLI0116,2022-12-25,2023-04-08,Completed,Senior Teacher,45,Three-Month,0,0,Staffing Demand,CAN000503,Andres,,Allen,1999-12-07,Prefer not to say,Filipino,Mexican,Japan,Associate Degree,Psychology,C2,N2,Eligible,Teacher,2021-11-17,Takashima Education Center,Public Junior High School,Kanagawa,Kawasaki,2024-10-21,,Active,3,2,1,0,66.67
ASG000386,DUD100252,CLI0001,2023-12-02,,Active,Senior Teacher,76,Monthly,0,0,Client Request,CAN000409,Ana,,Martin,1983-12-03,Non-binary,Japanese,American,Japan,Bachelor's Degree,English,Native,N3,Eligible,Teacher,2024-09-24,Takashima Elementary School,High School,Tokyo,Ota,2022-08-18,,Active,12,11,0,0,91.67
ASG000387,DUD100253,CLI0285,2022-11-25,2023-08-07,Transferred,ALT / English Teacher,120,Annual,0,0,Replacement,CAN001616,Ana,,Moore,1995-07-22,Male,British,American,Japan,Master's Degree,English,C1,N2,Eligible,Teacher,2024-09-17,Kizuna Education Center,Public Junior High School,Tokyo,Koganei,2023-09-30,,Active,8,7,0,0,87.5
ASG000388,DUD100254,CLI0152,2023-04-28,2024-07-14,Renewed,ALT / English Teacher,96,Monthly,0,0,Initial Assignment,CAN001218,Maria,,Anderson,2001-08-06,Female,Japanese,French,Japan,Bachelor's Degree,Education,C1,N2,Eligible,Teacher,2026-02-04,Meisei International School,English School,Tokyo,Tachikawa,2025-01-26,,Active,12,10,0,0,83.33
ASG000389,DUD100254,CLI0017,2024-08-07,,Active,Senior Teacher,55,Three-Month,0,0,Staffing Demand,CAN001218,Maria,,Anderson,2001-08-06,Female,Japanese,French,Japan,Bachelor's Degree,Education,C1,N2,Eligible,Teacher,2026-02-04,Asahi Education Center,Private School,Kanagawa,Fujisawa,2023-03-24,,Active,12,11,0,0,91.67
ASG000390,DUD100255,CLI0001,2021-02-16,2022-05-12,Ended,ALT / English Teacher,38,Three-Month,0,0,Staffing Demand,CAN001493,Alejandro,,Jackson,1996-12-05,Male,Spanish,Japanese,Japan,Master's Degree,Other,B2,N1,Eligible,Teacher,2021-12-02,Takashima Elementary School,High School,Tokyo,Ota,2022-08-18,,Active,12,11,0,0,91.67
ASG000391,DUD100255,CLI0134,2022-05-21,,Active,Experienced Teacher,53,Three-Month,0,0,Initial Assignment,CAN001493,Alejandro,,Jackson,1996-12-05,Male,Spanish,Japanese,Japan,Master's Degree,Other,B2,N1,Eligible,Teacher,2021-12-02,Mirai Academy,Education Center,Kanagawa,Sagamihara,2025-05-12,,Active,12,10,2,0,83.33
ASG000392,DUD100256,CLI0294,2025-06-17,2026-01-19,Transferred,ALT / English Teacher,108,Six-Month,0,0,Staffing Demand,CAN000685,Olivia,,Torres,2003-02-25,Prefer not to say,Mexican,French,Japan,Master's Degree,Psychology,C1,N3,Eligible,Teacher,2025-08-23,Shinmei Junior High School,Kindergarten,Saitama,Saitama,2020-12-10,,Active,7,6,0,0,85.71
ASG000393,DUD100256,CLI0274,2026-02-07,2026-08-28,Ended,Senior Teacher,52,Three-Month,0,0,Replacement,CAN000685,Olivia,,Torres,2003-02-25,Prefer not to say,Mexican,French,Japan,Master's Degree,Psychology,C1,N3,Eligible,Teacher,2025-08-23,Haruka High School,English School,Kanagawa,Sagamihara,2022-02-06,,Active,6,4,1,0,66.67
ASG000394,DUD100256,CLI0163,2026-09-22,2027-01-03,Renewed,Experienced Teacher,106,Annual,0,0,Staffing Demand,CAN000685,Olivia,,Torres,2003-02-25,Prefer not to say,Mexican,French,Japan,Master's Degree,Psychology,C1,N3,Eligible,Teacher,2025-08-23,Tsubaki Education Center,Private School,Saitama,Koshigaya,2019-08-22,,Active,3,3,0,0,100.0
ASG000395,DUD100257,CLI0291,2021-08-31,,Active,ALT / English Teacher,70,Six-Month,0,0,Staffing Demand,CAN000244,James,,Gonzalez,1996-04-26,Female,American,Spanish,Japan,Master's Degree,Other,B2,N1,Eligible,Teacher,2024-02-17,Haruka Academy,English School,Chiba,Chiba,2019-11-11,,Active,12,9,2,0,75.0
ASG000396,DUD100258,CLI0052,2022-11-10,,Active,ALT / English Teacher,76,Six-Month,0,0,Client Request,CAN000894,Laura,,Martin,1995-02-07,Prefer not to say,Brazilian,French,Japan,Bachelor's Degree,Linguistics,C1,N1,Eligible,Teacher,2025-08-23,Shinmei Academy,Education Center,Tokyo,Nerima,2022-01-09,,Active,12,11,0,0,91.67
ASG000397,DUD100259,CLI0240,2021-07-29,2022-07-14,Renewed,ALT / English Teacher,87,Monthly,0,0,Staffing Demand,CAN000222,Jose,,Smith,2002-06-04,Male,Brazilian,Canadian,Japan,Associate Degree,English,Native,N1,Eligible,Teacher,2024-02-15,Sakura Junior High School,Kindergarten,Saitama,Warabi,2022-01-20,,Active,11,9,1,0,81.82
ASG000398,DUD100259,CLI0156,2022-07-29,2023-03-22,Transferred,Experienced Teacher,36,Monthly,0,0,Replacement,CAN000222,Jose,,Smith,2002-06-04,Male,Brazilian,Canadian,Japan,Associate Degree,English,Native,N1,Eligible,Teacher,2024-02-15,Musashino Elementary School,Public Elementary School,Chiba,Matsudo,2026-03-30,,Active,7,5,1,0,71.43
ASG000399,DUD100259,CLI0271,2023-04-09,2024-08-19,Completed,ALT / English Teacher,110,Monthly,0,0,Staffing Demand,CAN000222,Jose,,Smith,2002-06-04,Male,Brazilian,Canadian,Japan,Associate Degree,English,Native,N1,Eligible,Teacher,2024-02-15,Nerima Elementary School,Kindergarten,Tokyo,Ota,2019-08-26,,Active,12,10,1,0,83.33
ASG000400,DUD100260,CLI0155,2021-08-07,2022-02-01,Completed,ALT / English Teacher,16,Monthly,0,0,Initial Assignment,CAN000617,Luis,,Taylor,1990-05-19,Non-binary,Brazilian,French,Japan,Master's Degree,Other,B2,N1,Eligible,Teacher,2026-02-20,Seiwa Education Center,Kindergarten,Saitama,Warabi,2025-03-15,,Active,5,3,1,0,60.0
ASG000401,DUD100260,CLI0113,2022-02-20,,Active,ALT / English Teacher,58,Monthly,0,0,Staffing Demand,CAN000617,Luis,,Taylor,1990-05-19,Non-binary,Brazilian,French,Japan,Master's Degree,Other,B2,N1,Eligible,Teacher,2026-02-20,Tsubaki International School,High School,Saitama,Warabi,2020-01-10,2023-02-16,Inactive,12,12,0,0,100.0
ASG000402,DUD100261,CLI0047,2023-12-09,2024-11-15,Transferred,Senior Teacher,97,Monthly,0,0,Transfer,CAN000215,John,,Taylor,1988-02-03,Female,Filipino,American,Japan,Master's Degree,Psychology,C2,Basic,Eligible,Teacher,2025-09-09,Akebono High School,Kindergarten,Chiba,Ichikawa,2023-03-18,,Active,11,10,0,0,90.91
ASG000403,DUD100261,CLI0267,2024-12-14,2025-06-23,Renewed,ALT / English Teacher,95,Six-Month,0,0,Transfer,CAN000215,John,,Taylor,1988-02-03,Female,Filipino,American,Japan,Master's Degree,Psychology,C2,Basic,Eligible,Teacher,2025-09-09,Kawaguchi International School,English School,Kanagawa,Kawasaki,2022-07-11,,Active,6,6,0,0,100.0
ASG000404,DUD100262,CLI0004,2025-12-15,2026-10-05,Ended,ALT / English Teacher,97,Annual,0,0,Client Request,CAN000026,John,,Garcia,1978-03-15,Non-binary,Spanish,Australian,Japan,Diploma,Business,C2,Basic,Eligible,Teacher,2023-08-19,Asahi Elementary School,Private School,Saitama,Koshigaya,2023-09-30,,Active,9,9,0,0,100.0
ASG000405,DUD100262,CLI0082,2026-10-07,,Active,ALT / English Teacher,70,Six-Month,0,0,Staffing Demand,CAN000026,John,,Garcia,1978-03-15,Non-binary,Spanish,Australian,Japan,Diploma,Business,C2,Basic,Eligible,Teacher,2023-08-19,Musashino High School,English School,Saitama,Koshigaya,2025-05-13,,Active,1,1,0,0,100.0
ASG000406,DUD100263,CLI0138,2026-03-16,2027-06-10,Ended,ALT / English Teacher,93,Monthly,0,0,Replacement,CAN001886,David,,Allen,1988-12-09,Male,Mexican,Mexican,Japan,Bachelor's Degree,Business,C1,,Eligible,Teacher,2023-08-28,Kita Elementary School,Public Elementary School,Chiba,Ichikawa,2022-06-14,,Active,12,9,3,0,75.0
ASG000407,DUD100263,CLI0264,2027-06-29,2028-09-08,Completed,ALT / English Teacher,60,Annual,0,0,Replacement,CAN001886,David,,Allen,1988-12-09,Male,Mexican,Mexican,Japan,Bachelor's Degree,Business,C1,,Eligible,Teacher,2023-08-28,Musashino Elementary School,Public Elementary School,Chiba,Ichikawa,2023-09-30,,Active,12,9,1,0,75.0
ASG000408,DUD100263,CLI0220,2028-09-10,2029-07-31,Ended,Experienced Teacher,109,Monthly,0,0,Staffing Demand,CAN001886,David,,Allen,1988-12-09,Male,Mexican,Mexican,Japan,Bachelor's Degree,Business,C1,,Eligible,Teacher,2023-08-28,Haruka Elementary School,Private School,Kanagawa,Yamato,2020-11-21,,Active,10,7,2,0,70.0
ASG000409,DUD100264,CLI0118,2021-07-10,2022-02-24,Completed,Experienced Teacher,76,Monthly,0,0,Replacement,CAN000944,Emily,,Perez,1997-11-01,Female,American,British,Japan,Bachelor's Degree,Business,C1,N1,Eligible,Teacher,2024-04-23,Asahi International School,English School,Kanagawa,Sagamihara,2019-11-07,,Active,7,7,0,0,100.0
ASG000410,DUD100264,CLI0161,2022-03-23,2022-12-17,Transferred,ALT / English Teacher,110,Monthly,0,0,Replacement,CAN000944,Emily,,Perez,1997-11-01,Female,American,British,Japan,Bachelor's Degree,Business,C1,N1,Eligible,Teacher,2024-04-23,Nerima Elementary School,Education Center,Saitama,Warabi,2019-12-21,,Active,9,6,1,0,66.67
ASG000411,DUD100265,CLI0297,2023-06-29,2023-10-04,Transferred,ALT / English Teacher,109,Six-Month,0,0,Initial Assignment,CAN000458,Jessica,,Brown,1981-05-09,Male,Canadian,French,Japan,Diploma,Business,C1,N1,Eligible,Teacher,2023-09-01,Shinmei Elementary School,Public Junior High School,Chiba,Kashiwa,2025-02-11,2028-09-20,Inactive,3,3,0,0,100.0
ASG000412,DUD100265,CLI0134,2023-11-02,,Active,ALT / English Teacher,23,Three-Month,0,0,Initial Assignment,CAN000458,Jessica,,Brown,1981-05-09,Male,Canadian,French,Japan,Diploma,Business,C1,N1,Eligible,Teacher,2023-09-01,Mirai Academy,Education Center,Kanagawa,Sagamihara,2025-05-12,,Active,12,9,2,0,75.0
ASG000413,DUD100266,CLI0284,2023-08-30,2024-04-18,Renewed,Experienced Teacher,55,Three-Month,0,0,Transfer,CAN000540,Laura,,Thompson,2003-09-04,Male,Canadian,British,Japan,Bachelor's Degree,Psychology,B2,Basic,Eligible,Teacher,2023-10-30,Shinmei International School,Public Junior High School,Chiba,Chiba,2021-11-18,,Active,7,6,0,0,85.71
ASG000414,DUD100266,CLI0197,2024-04-30,2025-04-19,Ended,ALT / English Teacher,114,Monthly,0,0,Initial Assignment,CAN000540,Laura,,Thompson,2003-09-04,Male,Canadian,British,Japan,Bachelor's Degree,Psychology,B2,Basic,Eligible,Teacher,2023-10-30,Ota High School,English School,Chiba,Urayasu,2022-12-06,,Active,11,11,0,0,100.0
ASG000415,DUD100267,CLI0005,2022-03-15,,Active,ALT / English Teacher,67,Annual,0,0,Replacement,CAN001436,Daniel,,Allen,1993-10-06,Prefer not to say,Canadian,American,Japan,Master's Degree,Linguistics,Native,N1,Eligible,Teacher,2025-02-27,Shinmei Academy,Kindergarten,Chiba,Funabashi,2025-12-15,,Active,12,10,0,0,83.33
ASG000416,DUD100268,CLI0144,2024-06-29,2025-06-02,Ended,ALT / English Teacher,20,Six-Month,0,0,Transfer,CAN000360,Thomas,,Torres,1995-05-06,Female,Mexican,Spanish,Japan,Bachelor's Degree,Psychology,C1,N2,Eligible,Teacher,2023-06-09,Tsubaki High School,Private School,Saitama,Warabi,2021-05-22,,Active,11,6,2,0,54.55
ASG000417,DUD100268,CLI0159,2025-06-23,2026-03-28,Transferred,ALT / English Teacher,120,Monthly,0,0,Initial Assignment,CAN000360,Thomas,,Torres,1995-05-06,Female,Mexican,Spanish,Japan,Bachelor's Degree,Psychology,C1,N2,Eligible,Teacher,2023-06-09,Akebono Academy,High School,Tokyo,Adachi,2026-04-23,,Active,9,8,0,0,88.89
ASG000418,DUD100268,CLI0192,2026-04-26,,Active,Senior Teacher,72,Six-Month,0,0,Client Request,CAN000360,Thomas,,Torres,1995-05-06,Female,Mexican,Spanish,Japan,Bachelor's Degree,Psychology,C1,N2,Eligible,Teacher,2023-06-09,Akebono Junior High School,English School,Saitama,Kawaguchi,2020-04-01,2020-12-03,Inactive,3,3,0,0,100.0
ASG000419,DUD100269,CLI0008,2023-11-07,2024-03-24,Transferred,ALT / English Teacher,24,Monthly,0,0,Client Request,CAN000507,Thomas,,Garcia,1989-07-09,Non-binary,Filipino,Australian,Japan,Master's Degree,Education,C2,N1,Eligible,Teacher,2024-05-09,Shinmei High School,Public Junior High School,Kanagawa,Yamato,2025-02-22,,Active,4,4,0,0,100.0
ASG000420,DUD100269,CLI0285,2024-04-05,,Active,Senior Teacher,62,Three-Month,0,0,Initial Assignment,CAN000507,Thomas,,Garcia,1989-07-09,Non-binary,Filipino,Australian,Japan,Master's Degree,Education,C2,N1,Eligible,Teacher,2024-05-09,Kizuna Education Center,Public Junior High School,Tokyo,Koganei,2023-09-30,,Active,12,11,0,0,91.67
ASG000421,DUD100270,CLI0058,2021-08-15,2022-11-14,Completed,ALT / English Teacher,90,Three-Month,0,0,Client Request,CAN000452,Matthew,,Johnson,1995-01-13,Female,French,American,Japan,Bachelor's Degree,Psychology,Native,N3,Eligible,Teacher,2021-02-13,Mirai High School,High School,Chiba,Matsudo,2024-07-16,,Active,12,11,0,0,91.67
ASG000422,DUD100271,CLI0264,2022-02-19,,Active,Experienced Teacher,77,Three-Month,0,0,Staffing Demand,CAN001626,Carlos,,Jackson,1995-07-17,Female,Japanese,Japanese,Japan,Bachelor's Degree,Other,C1,,Eligible,Teacher,2023-08-13,Musashino Elementary School,Public Elementary School,Chiba,Ichikawa,2023-09-30,,Active,12,9,0,0,75.0
ASG000423,DUD100272,CLI0299,2023-01-25,2023-12-13,Transferred,ALT / English Teacher,103,Monthly,0,0,Replacement,CAN000385,John,,Jackson,1984-01-25,Male,French,Canadian,Japan,Master's Degree,Linguistics,C2,N1,Eligible,Teacher,2021-12-11,Akebono Junior High School,High School,Chiba,Funabashi,2025-11-23,,Active,10,9,0,0,90.0
ASG000424,DUD100273,CLI0260,2025-07-17,2026-03-27,Completed,Experienced Teacher,56,Annual,0,0,Staffing Demand,CAN001939,Emma,,Davis,2002-11-18,Male,Canadian,British,Japan,Associate Degree,English,B2,Basic,Eligible,Teacher,2024-02-18,Koyo Elementary School,Public Elementary School,Tokyo,Kita,2025-03-25,,Active,8,8,0,0,100.0
ASG000425,DUD100273,CLI0123,2026-04-23,,Active,ALT / English Teacher,94,Monthly,0,0,Transfer,CAN001939,Emma,,Davis,2002-11-18,Male,Canadian,British,Japan,Associate Degree,English,B2,Basic,Eligible,Teacher,2024-02-18,Musashino High School,English School,Saitama,Koshigaya,2021-02-09,2021-08-09,Inactive,3,2,0,0,66.67
ASG000426,DUD100274,CLI0010,2024-10-13,2025-05-09,Transferred,ALT / English Teacher,59,Six-Month,0,0,Transfer,CAN001531,Alejandro,,Lopez,1993-04-20,Non-binary,Japanese,Australian,Japan,Master's Degree,Business,Native,,Eligible,Teacher,2025-01-19,Midori International School,Kindergarten,Chiba,Chiba,2022-09-04,,Active,6,6,0,0,100.0
ASG000427,DUD100274,CLI0028,2025-06-08,,Active,Experienced Teacher,90,Annual,0,0,Replacement,CAN001531,Alejandro,,Lopez,1993-04-20,Non-binary,Japanese,Australian,Japan,Master's Degree,Business,Native,,Eligible,Teacher,2025-01-19,Takashima Education Center,Private School,Tokyo,Hachioji,2021-08-21,2023-05-31,Inactive,12,11,0,0,91.67
ASG000428,DUD100275,CLI0036,2024-09-10,2025-12-13,Completed,Senior Teacher,94,Three-Month,0,0,Replacement,CAN000250,John,,Martin,1981-03-13,Male,Filipino,Mexican,Japan,Bachelor's Degree,Psychology,B2,N1,Eligible,Teacher,2021-07-26,Seiwa International School,Public Junior High School,Tokyo,Ota,2019-06-26,2021-06-29,Inactive,12,12,0,0,100.0
ASG000429,DUD100275,CLI0005,2026-01-04,2027-02-18,Renewed,Experienced Teacher,83,Annual,0,0,Client Request,CAN000250,John,,Martin,1981-03-13,Male,Filipino,Mexican,Japan,Bachelor's Degree,Psychology,B2,N1,Eligible,Teacher,2021-07-26,Shinmei Academy,Kindergarten,Chiba,Funabashi,2025-12-15,,Active,12,8,1,0,66.67
ASG000430,DUD100275,CLI0106,2027-03-02,,Active,ALT / English Teacher,95,Three-Month,0,0,Client Request,CAN000250,John,,Martin,1981-03-13,Male,Filipino,Mexican,Japan,Bachelor's Degree,Psychology,B2,N1,Eligible,Teacher,2021-07-26,Hikari High School,High School,Kanagawa,Yamato,2025-10-19,,Active,1,0,0,0,0.0
ASG000431,DUD100276,CLI0246,2025-12-01,2027-03-05,Transferred,ALT / English Teacher,47,Three-Month,0,0,Transfer,CAN001739,William,,Young,2000-05-20,Female,British,Mexican,Japan,Diploma,English,B2,,Eligible,Teacher,2025-07-20,Hikari Junior High School,Private School,Tokyo,Koganei,2019-07-06,,Active,12,9,1,0,75.0
ASG000432,DUD100276,CLI0114,2027-03-14,,Active,Experienced Teacher,71,Six-Month,0,0,Staffing Demand,CAN001739,William,,Young,2000-05-20,Female,British,Mexican,Japan,Diploma,English,B2,,Eligible,Teacher,2025-07-20,Haruka International School,Private School,Saitama,Saitama,2024-07-18,,Active,1,1,0,0,100.0
ASG000433,DUD100277,CLI0280,2025-01-27,2026-03-26,Completed,ALT / English Teacher,82,Annual,0,0,Client Request,CAN001599,Matthew,,Thompson,2001-05-16,Non-binary,French,French,Japan,Bachelor's Degree,Other,Native,N3,Eligible,Teacher,2021-07-09,Seiwa International School,English School,Saitama,Saitama,2019-10-30,2022-12-03,Inactive,12,10,1,0,83.33
ASG000434,DUD100278,CLI0153,2023-12-10,2025-05-09,Ended,ALT / English Teacher,65,Annual,0,0,Transfer,CAN001235,David,,White,1987-09-10,Prefer not to say,Brazilian,Japanese,Japan,Associate Degree,Other,C1,N3,Eligible,Teacher,2023-07-12,Meisei High School,High School,Saitama,Saitama,2023-05-27,2024-06-05,Inactive,12,9,1,0,75.0
ASG000435,DUD100279,CLI0229,2025-07-27,2025-12-16,Renewed,ALT / English Teacher,74,Six-Month,0,0,Client Request,CAN001470,James,,Sanchez,1976-12-24,Female,French,American,Japan,Master's Degree,Psychology,B2,N2,Eligible,Teacher,2023-03-30,Mirai International School,Public Elementary School,Kanagawa,Fujisawa,2024-02-20,,Active,4,3,1,0,75.0
ASG000436,DUD100279,CLI0102,2025-12-25,,Active,ALT / English Teacher,57,Annual,0,0,Staffing Demand,CAN001470,James,,Sanchez,1976-12-24,Female,French,American,Japan,Master's Degree,Psychology,B2,N2,Eligible,Teacher,2023-03-30,Midori High School,Public Elementary School,Saitama,Warabi,2026-04-27,,Active,7,7,0,0,100.0
ASG000437,DUD100280,CLI0090,2022-04-08,2022-08-21,Ended,Experienced Teacher,25,Monthly,0,0,Staffing Demand,CAN001790,Daniel,,Martin,1982-05-06,Male,British,Japanese,Japan,Bachelor's Degree,Other,B2,N1,Eligible,Teacher,2021-02-05,Akebono International School,Public Elementary School,Saitama,Koshigaya,2021-11-15,,Active,4,4,0,0,100.0
ASG000438,DUD100280,CLI0129,2022-09-14,2023-08-18,Transferred,Experienced Teacher,54,Annual,0,0,Initial Assignment,CAN001790,Daniel,,Martin,1982-05-06,Male,British,Japanese,Japan,Bachelor's Degree,Other,B2,N1,Eligible,Teacher,2021-02-05,Kita Elementary School,Public Elementary School,Tokyo,Edogawa,2023-06-03,,Active,11,7,3,0,63.64
ASG000439,DUD100281,CLI0045,2023-05-24,,Active,Experienced Teacher,35,Monthly,0,0,Transfer,CAN000566,Laura,,Garcia,2001-04-18,Male,Canadian,Mexican,Japan,Bachelor's Degree,Psychology,C2,N2,Eligible,Teacher,2025-04-19,Haruka Elementary School,Public Elementary School,Kanagawa,Fujisawa,2024-09-29,,Active,12,10,1,0,83.33
ASG000440,DUD100282,CLI0028,2023-01-17,,Active,ALT / English Teacher,119,Six-Month,0,0,Replacement,CAN000509,Jose,,Young,1979-01-17,Female,American,Brazilian,Japan,Bachelor's Degree,Linguistics,B2,N1,Eligible,Teacher,2021-04-17,Takashima Education Center,Private School,Tokyo,Hachioji,2021-08-21,2023-05-31,Inactive,12,10,1,0,83.33
ASG000441,DUD100283,CLI0215,2024-03-16,2024-10-10,Completed,Experienced Teacher,30,Six-Month,0,0,Transfer,CAN000289,Emily,,Brown,1993-09-20,Prefer not to say,Brazilian,Filipino,Japan,Diploma,Other,C2,N1,Eligible,Teacher,2026-04-01,Ota High School,Private School,Chiba,Urayasu,2022-05-13,,Active,6,5,0,0,83.33
ASG000442,DUD100283,CLI0073,2024-10-13,,Active,Senior Teacher,73,Monthly,0,0,Initial Assignment,CAN000289,Emily,,Brown,1993-09-20,Prefer not to say,Brazilian,Filipino,Japan,Diploma,Other,C2,N1,Eligible,Teacher,2026-04-01,Koganei Junior High School,Kindergarten,Kanagawa,Yamato,2024-02-27,,Active,12,12,0,0,100.0
ASG000443,DUD100284,CLI0186,2023-11-09,,Active,Experienced Teacher,92,Monthly,0,0,Transfer,CAN000429,Thomas,,Hall,1986-06-24,Female,Japanese,Brazilian,Japan,Bachelor's Degree,Other,C1,,Eligible,Teacher,2022-03-15,Asahi Education Center,Education Center,Kanagawa,Yamato,2026-01-09,,Active,12,9,1,0,75.0
ASG000444,DUD100285,CLI0023,2023-04-20,,Active,ALT / English Teacher,30,Annual,0,0,Client Request,CAN001314,Christopher,,Torres,1997-01-03,Prefer not to say,Filipino,Australian,Japan,Master's Degree,Other,B2,N1,Eligible,Teacher,2023-02-06,Tsubaki Elementary School,English School,Chiba,Funabashi,2020-04-17,,Active,12,10,0,0,83.33
ASG000445,DUD100286,CLI0012,2021-07-05,2022-11-28,Renewed,ALT / English Teacher,57,Six-Month,0,0,Initial Assignment,CAN000793,Daniel,,King,1975-07-12,Prefer not to say,American,Japanese,Japan,Master's Degree,Other,C1,N1,Eligible,Teacher,2023-07-13,Akebono Education Center,Kindergarten,Chiba,Matsudo,2023-07-26,,Active,12,11,1,0,91.67
ASG000446,DUD100286,CLI0228,2022-12-20,,Active,ALT / English Teacher,21,Annual,0,0,Initial Assignment,CAN000793,Daniel,,King,1975-07-12,Prefer not to say,American,Japanese,Japan,Master's Degree,Other,C1,N1,Eligible,Teacher,2023-07-13,Takashima Academy,Education Center,Kanagawa,Kawasaki,2025-12-24,,Active,12,11,0,0,91.67
ASG000447,DUD100287,CLI0004,2025-10-26,2026-08-14,Ended,ALT / English Teacher,116,Three-Month,0,0,Staffing Demand,CAN000503,Jessica,,Jackson,1979-04-09,Non-binary,Canadian,Japanese,Japan,Diploma,Education,Native,,Eligible,Teacher,2022-07-14,Asahi Elementary School,Private School,Saitama,Koshigaya,2023-09-30,,Active,9,7,0,0,77.78
ASG000448,DUD100287,CLI0029,2026-08-21,,Active,ALT / English Teacher,96,Annual,0,0,Transfer,CAN000503,Jessica,,Jackson,1979-04-09,Non-binary,Canadian,Japanese,Japan,Diploma,Education,Native,,Eligible,Teacher,2022-07-14,Asahi Education Center,Public Elementary School,Chiba,Matsudo,2022-10-13,,Active,1,1,0,0,100.0
ASG000449,DUD100288,CLI0150,2023-03-16,2024-07-22,Renewed,ALT / English Teacher,15,Six-Month,0,0,Replacement,CAN000450,Michael,,Walker,1983-08-09,Male,Japanese,British,Japan,Bachelor's Degree,Education,Native,Basic,Eligible,Teacher,2026-01-30,Takashima High School,English School,Tokyo,Hachioji,2025-10-12,,Active,12,10,1,0,83.33
ASG000450,DUD100288,CLI0221,2024-08-17,2025-01-12,Renewed,ALT / English Teacher,106,Three-Month,0,0,Staffing Demand,CAN000450,Michael,,Walker,1983-08-09,Male,Japanese,British,Japan,Bachelor's Degree,Education,Native,Basic,Eligible,Teacher,2026-01-30,Haruka Education Center,High School,Chiba,Ichikawa,2019-10-29,2021-07-29,Inactive,4,3,0,0,75.0
ASG000451,DUD100288,CLI0253,2025-01-13,,Active,Experienced Teacher,89,Monthly,0,0,Staffing Demand,CAN000450,Michael,,Walker,1983-08-09,Male,Japanese,British,Japan,Bachelor's Degree,Education,Native,Basic,Eligible,Teacher,2026-01-30,Kita Junior High School,English School,Saitama,Kawagoe,2020-11-17,,Active,12,9,2,0,75.0
ASG000452,DUD100289,CLI0004,2025-07-01,2025-10-13,Completed,ALT / English Teacher,81,Monthly,0,0,Staffing Demand,CAN001365,James,,Perez,1985-12-22,Female,Filipino,Brazilian,Japan,Bachelor's Degree,Psychology,C2,,Eligible,Teacher,2021-05-26,Asahi Elementary School,Private School,Saitama,Koshigaya,2023-09-30,,Active,3,3,0,0,100.0
ASG000453,DUD100289,CLI0185,2025-11-04,,Active,Experienced Teacher,47,Annual,0,0,Client Request,CAN001365,James,,Perez,1985-12-22,Female,Filipino,Brazilian,Japan,Bachelor's Degree,Psychology,C2,,Eligible,Teacher,2021-05-26,Asahi High School,Private School,Kanagawa,Yokohama,2024-03-11,,Active,9,8,1,0,88.89
ASG000454,DUD100290,CLI0139,2025-01-12,2026-04-16,Transferred,Senior Teacher,18,Monthly,0,0,Transfer,CAN001758,Jose,,Young,2001-09-16,Non-binary,Mexican,Filipino,Japan,Master's Degree,Business,Native,Basic,Eligible,Teacher,2025-03-13,Kizuna Junior High School,Private School,Kanagawa,Kawasaki,2024-05-03,,Active,12,9,0,0,75.0
ASG000455,DUD100290,CLI0268,2026-05-09,,Active,ALT / English Teacher,77,Annual,0,0,Replacement,CAN001758,Jose,,Young,2001-09-16,Non-binary,Mexican,Filipino,Japan,Master's Degree,Business,Native,Basic,Eligible,Teacher,2025-03-13,Akebono International School,Public Junior High School,Saitama,Saitama,2024-07-16,,Active,3,2,0,0,66.67
ASG000456,DUD100291,CLI0153,2023-04-26,2024-04-25,Ended,ALT / English Teacher,28,Three-Month,0,0,Client Request,CAN000856,James,,Taylor,1985-09-19,Male,Mexican,Spanish,Japan,Associate Degree,Education,C2,Basic,Eligible,Teacher,2022-10-06,Meisei High School,High School,Saitama,Saitama,2023-05-27,2024-06-05,Inactive,12,10,0,0,83.33
ASG000457,DUD100292,CLI0165,2023-01-28,,Active,Senior Teacher,70,Annual,0,0,Replacement,CAN000174,Marco,,Hall,1990-11-22,Female,Spanish,British,Japan,Diploma,Other,C1,N3,Eligible,Teacher,2024-09-10,Nerima Elementary School,High School,Tokyo,Katsushika,2024-08-08,,Active,12,8,0,0,66.67
ASG000458,DUD100293,CLI0164,2024-05-31,2024-11-04,Completed,Experienced Teacher,15,Three-Month,0,0,Staffing Demand,CAN001991,Matthew,,Anderson,1976-10-22,Prefer not to say,Canadian,American,Japan,Bachelor's Degree,Other,Native,Basic,Eligible,Teacher,2026-07-20,Midori High School,Education Center,Chiba,Matsudo,2022-05-09,,Active,5,4,1,0,80.0
ASG000459,DUD100293,CLI0058,2024-11-09,,Active,ALT / English Teacher,108,Three-Month,0,0,Client Request,CAN001991,Matthew,,Anderson,1976-10-22,Prefer not to say,Canadian,American,Japan,Bachelor's Degree,Other,Native,Basic,Eligible,Teacher,2026-07-20,Mirai High School,High School,Chiba,Matsudo,2024-07-16,,Active,12,8,1,0,66.67
ASG000460,DUD100294,CLI0287,2022-07-15,2023-03-18,Transferred,ALT / English Teacher,112,Three-Month,0,0,Staffing Demand,CAN000506,Emma,,White,1992-04-16,Female,Australian,Japanese,Japan,Master's Degree,Education,C1,Basic,Eligible,Teacher,2024-04-22,Shinmei Elementary School,English School,Kanagawa,Yokohama,2023-09-29,,Active,8,7,0,0,87.5
ASG000461,DUD100294,CLI0150,2023-04-02,2023-10-16,Ended,Senior Teacher,95,Six-Month,0,0,Initial Assignment,CAN000506,Emma,,White,1992-04-16,Female,Australian,Japanese,Japan,Master's Degree,Education,C1,Basic,Eligible,Teacher,2024-04-22,Takashima High School,English School,Tokyo,Hachioji,2025-10-12,,Active,6,5,0,0,83.33
ASG000462,DUD100295,CLI0254,2023-03-24,,Active,Experienced Teacher,98,Monthly,0,0,Staffing Demand,CAN001209,Emma,,Sanchez,1981-12-07,Non-binary,American,French,Japan,Master's Degree,Education,C1,N3,Eligible,Teacher,2026-01-23,Haruka Education Center,Private School,Tokyo,Koganei,2024-08-30,,Active,12,11,0,0,91.67
ASG000463,DUD100296,CLI0124,2023-04-15,,Active,ALT / English Teacher,86,Six-Month,0,0,Initial Assignment,CAN001151,Sarah,,Martinez,1991-04-02,Male,French,American,Japan,Associate Degree,Business,C1,N2,Eligible,Teacher,2021-04-23,Koyo International School,Public Junior High School,Saitama,Soka,2024-06-11,,Active,12,12,0,0,100.0
ASG000464,DUD100297,CLI0133,2024-02-16,2024-06-04,Renewed,Experienced Teacher,73,Annual,0,0,Client Request,CAN000092,Marco,,Moore,1988-08-18,Prefer not to say,French,Canadian,Japan,Diploma,Business,C2,,Eligible,Teacher,2024-09-20,Hikari Academy,Public Elementary School,Kanagawa,Sagamihara,2020-12-19,,Active,3,2,0,0,66.67
ASG000465,DUD100297,CLI0173,2024-06-23,2024-11-28,Ended,Senior Teacher,83,Annual,0,0,Initial Assignment,CAN000092,Marco,,Moore,1988-08-18,Prefer not to say,French,Canadian,Japan,Diploma,Business,C2,,Eligible,Teacher,2024-09-20,Musashino International School,Private School,Chiba,Matsudo,2025-08-22,,Active,5,5,0,0,100.0
ASG000466,DUD100298,CLI0001,2021-01-27,2021-09-04,Ended,Trainer,64,Annual,0,0,Replacement,CAN000157,Carlos,,Davis,1976-08-05,Female,American,Mexican,Japan,Bachelor's Degree,Other,Native,N1,Eligible,Teacher,2021-06-28,Takashima Elementary School,High School,Tokyo,Ota,2022-08-18,,Active,7,7,0,0,100.0
ASG000467,DUD100298,CLI0176,2021-09-29,,Active,ALT / English Teacher,90,Monthly,0,0,Transfer,CAN000157,Carlos,,Davis,1976-08-05,Female,American,Mexican,Japan,Bachelor's Degree,Other,Native,N1,Eligible,Teacher,2021-06-28,Kawaguchi International School,English School,Chiba,Ichikawa,2023-08-12,,Active,12,10,0,0,83.33
ASG000468,DUD100299,CLI0033,2023-04-10,,Active,ALT / English Teacher,54,Six-Month,0,0,Staffing Demand,CAN000716,Andres,,Ramirez,2002-12-04,Prefer not to say,Canadian,Mexican,Japan,Master's Degree,Education,C1,,Eligible,Teacher,2026-06-04,Haruka International School,English School,Tokyo,Koganei,2026-03-16,,Active,12,10,0,0,83.33
ASG000469,DUD100300,CLI0110,2025-11-05,2026-05-24,Renewed,ALT / English Teacher,19,Six-Month,0,0,Replacement,CAN000013,Jose,,Miller,1992-07-08,Female,French,Brazilian,Japan,Associate Degree,Psychology,C2,N2,Eligible,Teacher,2026-03-07,Midori Junior High School,High School,Kanagawa,Yokohama,2021-07-06,,Active,6,4,1,0,66.67
ASG000470,DUD100301,CLI0034,2023-01-28,2023-09-30,Renewed,ALT / English Teacher,80,Six-Month,0,0,Initial Assignment,CAN000364,Matthew,,Williams,2003-05-05,Non-binary,Mexican,Japanese,Japan,Bachelor's Degree,English,Native,N2,Eligible,Teacher,2025-06-07,Midori Academy,English School,Saitama,Kawaguchi,2019-02-16,,Active,8,8,0,0,100.0
ASG000471,DUD100301,CLI0283,2023-10-23,,Active,ALT / English Teacher,39,Monthly,0,0,Transfer,CAN000364,Matthew,,Williams,2003-05-05,Non-binary,Mexican,Japanese,Japan,Bachelor's Degree,English,Native,N2,Eligible,Teacher,2025-06-07,Shinmei Academy,Education Center,Kanagawa,Kawasaki,2020-04-13,,Active,12,10,1,0,83.33
ASG000472,DUD100302,CLI0295,2021-08-02,2022-05-20,Completed,Experienced Teacher,28,Three-Month,0,0,Replacement,CAN000678,Jose,,Thompson,2002-08-04,Prefer not to say,Filipino,Spanish,Japan,Bachelor's Degree,Psychology,C2,N3,Eligible,Teacher,2022-04-23,Tsubaki Junior High School,Public Junior High School,Kanagawa,Fujisawa,2022-02-23,,Active,9,7,1,0,77.78
ASG000473,DUD100303,CLI0165,2021-12-26,2023-02-08,Transferred,ALT / English Teacher,36,Monthly,0,0,Client Request,CAN000984,Andres,,Ramirez,1989-09-14,Prefer not to say,Japanese,Spanish,Japan,Master's Degree,Education,C2,N2,Eligible,Teacher,2024-02-07,Nerima Elementary School,High School,Tokyo,Katsushika,2024-08-08,,Active,12,8,3,0,66.67
ASG000474,DUD100303,CLI0116,2023-02-09,2024-04-25,Ended,ALT / English Teacher,72,Monthly,0,0,Staffing Demand,CAN000984,Andres,,Ramirez,1989-09-14,Prefer not to say,Japanese,Spanish,Japan,Master's Degree,Education,C2,N2,Eligible,Teacher,2024-02-07,Takashima Education Center,Public Junior High School,Kanagawa,Kawasaki,2024-10-21,,Active,12,9,0,0,75.0
ASG000475,DUD100304,CLI0057,2024-05-23,,Active,ALT / English Teacher,67,Monthly,0,0,Staffing Demand,CAN000341,Miguel,,Williams,1987-09-22,Female,Australian,Japanese,Japan,Bachelor's Degree,Education,C1,N1,Eligible,Teacher,2021-03-20,Kawaguchi Elementary School,Kindergarten,Saitama,Toda,2020-03-21,,Active,12,9,0,0,75.0
ASG000476,DUD100305,CLI0014,2022-04-22,,Active,Senior Teacher,115,Six-Month,0,0,Transfer,CAN001453,Olivia,,Martin,1995-01-10,Non-binary,Spanish,British,Japan,Bachelor's Degree,Education,C1,N3,Eligible,Teacher,2024-02-25,Meisei High School,English School,Tokyo,Itabashi,2020-02-25,,Active,12,12,0,0,100.0
ASG000477,DUD100306,CLI0298,2022-11-08,2023-04-07,Ended,ALT / English Teacher,32,Annual,0,0,Staffing Demand,CAN000166,Sofia,,Perez,1985-09-16,Non-binary,French,American,Japan,Master's Degree,Business,C2,,Eligible,Teacher,2024-07-08,Koyo Elementary School,English School,Chiba,Matsudo,2023-05-19,,Active,5,5,0,0,100.0
ASG000478,DUD100306,CLI0075,2023-04-09,,Active,ALT / English Teacher,105,Monthly,0,0,Client Request,CAN000166,Sofia,,Perez,1985-09-16,Non-binary,French,American,Japan,Master's Degree,Business,C2,,Eligible,Teacher,2024-07-08,Akebono Junior High School,High School,Tokyo,Koganei,2019-07-27,2021-10-07,Inactive,12,11,0,0,91.67
ASG000479,DUD100307,CLI0185,2023-08-30,2024-08-13,Transferred,Senior Teacher,97,Annual,0,0,Transfer,CAN000301,Alejandro,,Brown,1978-06-11,Prefer not to say,British,French,Japan,Bachelor's Degree,Other,Native,N1,Eligible,Teacher,2023-03-08,Asahi High School,Private School,Kanagawa,Yokohama,2024-03-11,,Active,11,11,0,0,100.0
ASG000480,DUD100307,CLI0004,2024-09-07,2025-03-30,Completed,Senior Teacher,58,Annual,0,0,Client Request,CAN000301,Alejandro,,Brown,1978-06-11,Prefer not to say,British,French,Japan,Bachelor's Degree,Other,Native,N1,Eligible,Teacher,2023-03-08,Asahi Elementary School,Private School,Saitama,Koshigaya,2023-09-30,,Active,6,6,0,0,100.0
ASG000481,DUD100308,CLI0256,2021-07-21,2021-12-12,Transferred,Experienced Teacher,97,Annual,0,0,Initial Assignment,CAN001109,William,,Davis,1995-04-17,Non-binary,French,Filipino,Japan,Master's Degree,Education,B2,N1,Eligible,Teacher,2023-10-30,Ota International School,Public Elementary School,Saitama,Koshigaya,2019-01-10,,Active,4,3,1,0,75.0
ASG000482,DUD100308,CLI0238,2021-12-30,,Active,Senior Teacher,86,Three-Month,0,0,Replacement,CAN001109,William,,Davis,1995-04-17,Non-binary,French,Filipino,Japan,Master's Degree,Education,B2,N1,Eligible,Teacher,2023-10-30,Kita Elementary School,Private School,Chiba,Matsudo,2021-04-13,,Active,12,10,1,0,83.33
ASG000483,DUD100309,CLI0029,2022-06-21,2023-02-27,Transferred,ALT / English Teacher,55,Three-Month,0,0,Replacement,CAN001253,James,,Hernandez,1989-02-23,Female,French,British,Japan,Associate Degree,Linguistics,C1,,Eligible,Teacher,2025-05-26,Asahi Education Center,Public Elementary School,Chiba,Matsudo,2022-10-13,,Active,8,8,0,0,100.0
ASG000484,DUD100309,CLI0009,2023-03-06,,Active,Experienced Teacher,59,Monthly,0,0,Transfer,CAN001253,James,,Hernandez,1989-02-23,Female,French,British,Japan,Associate Degree,Linguistics,C1,,Eligible,Teacher,2025-05-26,Hikari High School,English School,Tokyo,Kita,2019-09-15,,Active,12,7,0,0,58.33
ASG000485,DUD100310,CLI0211,2024-07-28,2025-12-02,Ended,ALT / English Teacher,77,Monthly,0,0,Staffing Demand,CAN000038,Matthew,,Torres,1989-05-02,Male,Brazilian,Japanese,Japan,Associate Degree,Psychology,B2,,Eligible,Teacher,2021-05-18,Mirai Education Center,Education Center,Tokyo,Koganei,2019-05-25,,Active,12,12,0,0,100.0
ASG000486,DUD100310,CLI0291,2025-12-25,,Active,ALT / English Teacher,43,Annual,0,0,Replacement,CAN000038,Matthew,,Torres,1989-05-02,Male,Brazilian,Japanese,Japan,Associate Degree,Psychology,B2,,Eligible,Teacher,2021-05-18,Haruka Academy,English School,Chiba,Chiba,2019-11-11,,Active,7,4,0,0,57.14
ASG000487,DUD100311,CLI0190,2021-06-15,2022-08-24,Transferred,ALT / English Teacher,27,Three-Month,0,0,Transfer,CAN001281,John,,Hernandez,2003-11-28,Female,Australian,Filipino,Japan,Bachelor's Degree,Education,B2,N2,Eligible,Teacher,2022-04-27,Asahi International School,English School,Kanagawa,Sagamihara,2020-05-23,,Active,12,10,0,0,83.33
ASG000488,DUD100312,CLI0256,2022-12-02,,Active,ALT / English Teacher,57,Three-Month,0,0,Replacement,CAN001918,Ana,,Taylor,2000-04-06,Non-binary,Brazilian,Brazilian,Japan,Associate Degree,Business,C1,,Eligible,Teacher,2026-02-19,Ota International School,Public Elementary School,Saitama,Koshigaya,2019-01-10,,Active,12,11,1,0,91.67
ASG000489,DUD100313,CLI0092,2022-12-28,,Active,ALT / English Teacher,51,Annual,0,0,Initial Assignment,CAN000213,Michael,,Young,1992-05-03,Male,Australian,Mexican,Japan,Master's Degree,Education,Native,N2,Eligible,Teacher,2025-01-29,Kawaguchi Junior High School,Private School,Kanagawa,Yokohama,2025-10-25,,Active,12,10,1,0,83.33
ASG000490,DUD100314,CLI0189,2024-02-26,,Active,ALT / English Teacher,41,Six-Month,0,0,Staffing Demand,CAN000951,Christopher,,Anderson,1980-04-02,Non-binary,French,Australian,Japan,Associate Degree,Psychology,C2,N2,Eligible,Teacher,2021-10-23,Tsubaki High School,Kindergarten,Chiba,Ichikawa,2024-03-18,,Active,12,12,0,0,100.0
ASG000491,DUD100315,CLI0185,2025-08-04,2025-11-27,Completed,Experienced Teacher,67,Monthly,0,0,Initial Assignment,CAN000146,Alejandro,,Garcia,1977-07-08,Female,British,French,Japan,Associate Degree,Education,B2,N3,Eligible,Teacher,2024-05-19,Asahi High School,Private School,Kanagawa,Yokohama,2024-03-11,,Active,3,3,0,0,100.0
ASG000492,DUD100315,CLI0280,2025-12-21,2027-01-25,Ended,Experienced Teacher,95,Annual,0,0,Transfer,CAN000146,Alejandro,,Garcia,1977-07-08,Female,British,French,Japan,Associate Degree,Education,B2,N3,Eligible,Teacher,2024-05-19,Seiwa International School,English School,Saitama,Saitama,2019-10-30,2022-12-03,Inactive,12,10,1,0,83.33
ASG000493,DUD100315,CLI0267,2027-01-28,,Active,ALT / English Teacher,57,Monthly,0,0,Staffing Demand,CAN000146,Alejandro,,Garcia,1977-07-08,Female,British,French,Japan,Associate Degree,Education,B2,N3,Eligible,Teacher,2024-05-19,Kawaguchi International School,English School,Kanagawa,Kawasaki,2022-07-11,,Active,1,1,0,0,100.0
ASG000494,DUD100316,CLI0092,2025-12-30,2026-11-22,Completed,ALT / English Teacher,55,Six-Month,0,0,Staffing Demand,CAN000581,Robert,,Martin,1998-04-20,Non-binary,Japanese,Canadian,Japan,Associate Degree,Other,C2,N2,Eligible,Teacher,2025-11-10,Kawaguchi Junior High School,Private School,Kanagawa,Yokohama,2025-10-25,,Active,10,8,1,0,80.0
ASG000495,DUD100316,CLI0131,2026-12-05,,Active,ALT / English Teacher,72,Annual,0,0,Transfer,CAN000581,Robert,,Martin,1998-04-20,Non-binary,Japanese,Canadian,Japan,Associate Degree,Other,C2,N2,Eligible,Teacher,2025-11-10,Asahi High School,Public Junior High School,Saitama,Kawagoe,2024-10-21,2027-04-26,Inactive,1,0,0,0,0.0
ASG000496,DUD100317,CLI0135,2026-02-06,2027-06-05,Ended,Trainer,102,Six-Month,0,0,Transfer,CAN000207,Andres,,Rodriguez,1996-07-26,Prefer not to say,Canadian,Brazilian,Japan,Diploma,Linguistics,C1,N2,Eligible,Teacher,2026-03-02,Asahi Education Center,Public Elementary School,Saitama,Toda,2024-07-10,,Active,12,8,3,0,66.67
ASG000497,DUD100317,CLI0250,2027-07-04,2028-04-28,Completed,ALT / English Teacher,117,Monthly,0,0,Staffing Demand,CAN000207,Andres,,Rodriguez,1996-07-26,Prefer not to say,Canadian,Brazilian,Japan,Diploma,Linguistics,C1,N2,Eligible,Teacher,2026-03-02,Tsubaki High School,Education Center,Tokyo,Itabashi,2024-11-21,,Active,10,9,0,0,90.0
ASG000498,DUD100317,CLI0120,2028-05-05,,Active,Experienced Teacher,35,Three-Month,0,0,Transfer,CAN000207,Andres,,Rodriguez,1996-07-26,Prefer not to say,Canadian,Brazilian,Japan,Diploma,Linguistics,C1,N2,Eligible,Teacher,2026-03-02,Ota High School,Public Elementary School,Kanagawa,Yokohama,2024-03-23,,Active,1,1,0,0,100.0
ASG000499,DUD100318,CLI0142,2022-03-26,2022-08-22,Transferred,Experienced Teacher,76,Three-Month,0,0,Client Request,CAN000317,Marco,,Martinez,1988-07-28,Prefer not to say,Spanish,Brazilian,Japan,Diploma,Education,Native,Basic,Eligible,Teacher,2026-05-07,Midori Elementary School,English School,Chiba,Urayasu,2025-06-16,,Active,5,5,0,0,100.0
ASG000500,DUD100318,CLI0088,2022-09-04,,Active,ALT / English Teacher,40,Annual,0,0,Client Request,CAN000317,Marco,,Martinez,1988-07-28,Prefer not to say,Spanish,Brazilian,Japan,Diploma,Education,Native,Basic,Eligible,Teacher,2026-05-07,Asahi Education Center,Education Center,Kanagawa,Sagamihara,2024-10-19,,Active,12,11,0,0,91.67
ASG000501,DUD100319,CLI0219,2021-12-29,2023-05-26,Renewed,ALT / English Teacher,45,Monthly,0,0,Replacement,CAN001524,Alejandro,,Torres,2001-06-28,Male,Japanese,Brazilian,Japan,Bachelor's Degree,Other,Native,Basic,Eligible,Teacher,2025-06-12,Seiwa International School,Public Elementary School,Tokyo,Ota,2024-11-19,,Active,12,7,2,0,58.33
ASG000502,DUD100319,CLI0029,2023-05-30,,Active,ALT / English Teacher,36,Annual,0,0,Client Request,CAN001524,Alejandro,,Torres,2001-06-28,Male,Japanese,Brazilian,Japan,Bachelor's Degree,Other,Native,Basic,Eligible,Teacher,2025-06-12,Asahi Education Center,Public Elementary School,Chiba,Matsudo,2022-10-13,,Active,12,10,0,0,83.33
ASG000503,DUD100320,CLI0083,2025-07-21,2025-11-10,Transferred,Experienced Teacher,61,Six-Month,0,0,Replacement,CAN001170,Emma,,Gonzalez,1984-10-02,Prefer not to say,Brazilian,Brazilian,Japan,Master's Degree,Linguistics,C2,N3,Eligible,Teacher,2024-09-09,Koganei Junior High School,Private School,Kanagawa,Sagamihara,2022-06-28,2024-03-11,Inactive,3,2,1,0,66.67
ASG000504,DUD100320,CLI0020,2025-11-12,2027-03-14,Renewed,ALT / English Teacher,108,Monthly,0,0,Staffing Demand,CAN001170,Emma,,Gonzalez,1984-10-02,Prefer not to say,Brazilian,Brazilian,Japan,Master's Degree,Linguistics,C2,N3,Eligible,Teacher,2024-09-09,Sakura International School,Public Elementary School,Chiba,Kashiwa,2024-10-13,,Active,12,10,1,0,83.33
ASG000505,DUD100321,CLI0180,2025-08-18,,Active,ALT / English Teacher,115,Six-Month,0,0,Initial Assignment,CAN000290,Marco,,Taylor,1988-08-02,Non-binary,Brazilian,American,Japan,Associate Degree,English,C2,N2,Eligible,Teacher,2021-04-02,Kawaguchi Junior High School,High School,Kanagawa,Fujisawa,2022-07-31,,Active,12,8,1,0,66.67
ASG000506,DUD100322,CLI0273,2021-05-14,2021-09-11,Renewed,ALT / English Teacher,67,Three-Month,0,0,Transfer,CAN001435,Matthew,,Smith,1993-07-15,Non-binary,Mexican,Japanese,Japan,Bachelor's Degree,Psychology,B2,Basic,Eligible,Teacher,2024-04-04,Meisei International School,Public Junior High School,Kanagawa,Sagamihara,2026-05-05,,Active,4,4,0,0,100.0
ASG000507,DUD100322,CLI0081,2021-10-10,,Active,Senior Teacher,87,Monthly,0,0,Initial Assignment,CAN001435,Matthew,,Smith,1993-07-15,Non-binary,Mexican,Japanese,Japan,Bachelor's Degree,Psychology,B2,Basic,Eligible,Teacher,2024-04-04,Nerima International School,Public Elementary School,Tokyo,Kita,2023-07-23,,Active,12,11,0,0,91.67
ASG000508,DUD100323,CLI0107,2024-11-12,2026-03-19,Renewed,Senior Teacher,64,Three-Month,0,0,Staffing Demand,CAN000809,Sofia,,Sanchez,1997-10-24,Male,Australian,Australian,Japan,Associate Degree,Psychology,C1,,Eligible,Teacher,2023-08-29,Sakura High School,High School,Saitama,Soka,2024-03-26,,Active,12,10,1,0,83.33
ASG000509,DUD100323,CLI0296,2026-04-02,2026-08-27,Completed,ALT / English Teacher,100,Monthly,0,0,Staffing Demand,CAN000809,Sofia,,Sanchez,1997-10-24,Male,Australian,Australian,Japan,Associate Degree,Psychology,C1,,Eligible,Teacher,2023-08-29,Haruka Education Center,Private School,Kanagawa,Kawasaki,2024-06-13,,Active,4,4,0,0,100.0
ASG000510,DUD100324,CLI0202,2025-05-03,2026-03-18,Renewed,ALT / English Teacher,118,Three-Month,0,0,Staffing Demand,CAN001699,Sarah,,Jackson,1991-12-27,Male,American,American,Japan,Bachelor's Degree,Other,C2,,Eligible,Teacher,2026-01-21,Tsubaki Elementary School,High School,Kanagawa,Kawasaki,2023-08-14,,Active,10,8,0,0,80.0
ASG000511,DUD100325,CLI0278,2022-10-06,2024-02-29,Completed,Experienced Teacher,97,Monthly,0,0,Client Request,CAN000298,Michael,,Garcia,1986-01-07,Non-binary,Mexican,Canadian,Japan,Bachelor's Degree,Business,C2,N2,Eligible,Teacher,2026-03-27,Hikari International School,Private School,Chiba,Ichikawa,2020-09-29,,Active,12,9,0,0,75.0
ASG000512,DUD100325,CLI0094,2024-03-28,2025-01-08,Completed,Experienced Teacher,119,Three-Month,0,0,Initial Assignment,CAN000298,Michael,,Garcia,1986-01-07,Non-binary,Mexican,Canadian,Japan,Bachelor's Degree,Business,C2,N2,Eligible,Teacher,2026-03-27,Mirai Academy,Education Center,Tokyo,Kita,2026-05-07,,Active,9,9,0,0,100.0
ASG000513,DUD100325,CLI0100,2025-02-01,2026-07-23,Completed,ALT / English Teacher,50,Annual,0,0,Transfer,CAN000298,Michael,,Garcia,1986-01-07,Non-binary,Mexican,Canadian,Japan,Bachelor's Degree,Business,C2,N2,Eligible,Teacher,2026-03-27,Shinmei Education Center,English School,Tokyo,Katsushika,2023-06-06,,Active,12,8,2,0,66.67
ASG000514,DUD100326,CLI0031,2022-01-05,2023-01-30,Transferred,ALT / English Teacher,101,Six-Month,0,0,Replacement,CAN001665,Emily,,Moore,1978-06-24,Male,British,Canadian,Japan,Associate Degree,Linguistics,C2,N1,Eligible,Teacher,2022-08-23,Kawaguchi International School,Public Junior High School,Saitama,Warabi,2022-07-11,,Active,12,11,0,0,91.67
ASG000515,DUD100327,CLI0199,2023-03-03,,Active,Senior Teacher,41,Six-Month,0,0,Initial Assignment,CAN000994,James,,Hall,1998-07-20,Male,American,British,Japan,Master's Degree,English,Native,,Eligible,Teacher,2023-11-30,Asahi Academy,Public Junior High School,Kanagawa,Sagamihara,2019-11-05,,Active,12,12,0,0,100.0
ASG000516,DUD100328,CLI0204,2022-11-21,2023-09-28,Transferred,ALT / English Teacher,88,Six-Month,0,0,Transfer,CAN001601,Jessica,,Walker,1981-12-18,Prefer not to say,Canadian,British,Japan,Diploma,Education,Native,,Eligible,Teacher,2026-03-13,Nerima International School,Public Elementary School,Saitama,Kawaguchi,2020-11-28,2024-02-01,Inactive,10,5,2,0,50.0
ASG000517,DUD100328,CLI0255,2023-10-21,,Active,ALT / English Teacher,76,Monthly,0,0,Staffing Demand,CAN001601,Jessica,,Walker,1981-12-18,Prefer not to say,Canadian,British,Japan,Diploma,Education,Native,,Eligible,Teacher,2026-03-13,Haruka Academy,Education Center,Saitama,Kawaguchi,2020-03-22,,Active,12,10,1,0,83.33
ASG000518,DUD100329,CLI0289,2022-08-11,2023-12-29,Completed,Experienced Teacher,71,Three-Month,0,0,Initial Assignment,CAN000789,Laura,,Hernandez,1981-09-23,Non-binary,French,Australian,Japan,Associate Degree,Business,C1,N3,Eligible,Teacher,2022-10-19,Kita High School,Private School,Saitama,Warabi,2025-07-06,,Active,12,9,2,0,75.0
ASG000519,DUD100329,CLI0195,2024-01-16,,Active,Senior Teacher,69,Six-Month,0,0,Staffing Demand,CAN000789,Laura,,Hernandez,1981-09-23,Non-binary,French,Australian,Japan,Associate Degree,Business,C1,N3,Eligible,Teacher,2022-10-19,Haruka Academy,English School,Kanagawa,Yamato,2020-09-13,,Active,12,9,1,0,75.0
ASG000520,DUD100330,CLI0017,2022-11-20,2024-02-10,Renewed,Experienced Teacher,15,Six-Month,0,0,Transfer,CAN001697,Carlos,,Hall,2000-10-22,Prefer not to say,American,Mexican,Japan,Diploma,Psychology,C1,Basic,Eligible,Teacher,2022-08-21,Asahi Education Center,Private School,Kanagawa,Fujisawa,2023-03-24,,Active,12,9,2,0,75.0
ASG000521,DUD100331,CLI0202,2022-03-27,2023-02-13,Renewed,Senior Teacher,80,Three-Month,0,0,Client Request,CAN000305,Andres,,Martin,1980-04-15,Female,Japanese,British,Japan,Master's Degree,Psychology,B2,N2,Eligible,Teacher,2022-10-08,Tsubaki Elementary School,High School,Kanagawa,Kawasaki,2023-08-14,,Active,10,7,1,0,70.0
ASG000522,DUD100331,CLI0280,2023-03-05,2024-02-06,Ended,ALT / English Teacher,112,Annual,0,0,Replacement,CAN000305,Andres,,Martin,1980-04-15,Female,Japanese,British,Japan,Master's Degree,Psychology,B2,N2,Eligible,Teacher,2022-10-08,Seiwa International School,English School,Saitama,Saitama,2019-10-30,2022-12-03,Inactive,11,8,1,0,72.73
ASG000523,DUD100332,CLI0127,2024-06-30,,Active,Experienced Teacher,43,Three-Month,0,0,Initial Assignment,CAN001414,Alejandro,,Williams,2001-11-04,Female,Japanese,Filipino,Japan,Diploma,Other,Native,N1,Eligible,Teacher,2022-09-13,Ota High School,English School,Kanagawa,Fujisawa,2026-01-09,,Active,12,8,1,0,66.67
ASG000524,DUD100333,CLI0196,2023-11-12,2024-06-03,Completed,ALT / English Teacher,101,Monthly,0,0,Client Request,CAN001628,Miguel,,Allen,2002-12-11,Non-binary,Filipino,French,Japan,Associate Degree,Linguistics,Native,N1,Eligible,Teacher,2025-07-31,Asahi Education Center,High School,Saitama,Koshigaya,2025-09-29,,Active,6,6,0,0,100.0
ASG000525,DUD100333,CLI0040,2024-06-11,,Active,ALT / English Teacher,107,Monthly,0,0,Initial Assignment,CAN001628,Miguel,,Allen,2002-12-11,Non-binary,Filipino,French,Japan,Associate Degree,Linguistics,Native,N1,Eligible,Teacher,2025-07-31,Sakura Academy,Private School,Saitama,Saitama,2019-05-15,,Active,12,11,1,0,91.67
ASG000526,DUD100334,CLI0018,2025-06-13,2025-11-25,Transferred,ALT / English Teacher,65,Six-Month,0,0,Initial Assignment,CAN000771,Miguel,,Jackson,1989-09-15,Female,Canadian,Brazilian,Japan,Bachelor's Degree,Education,C1,N2,Eligible,Teacher,2022-09-25,Koganei Academy,High School,Tokyo,Ota,2022-07-07,2026-08-23,Inactive,5,4,0,0,80.0
ASG000527,DUD100334,CLI0158,2025-12-04,2027-01-12,Transferred,ALT / English Teacher,37,Six-Month,0,0,Initial Assignment,CAN000771,Miguel,,Jackson,1989-09-15,Female,Canadian,Brazilian,Japan,Bachelor's Degree,Education,C1,N2,Eligible,Teacher,2022-09-25,Meisei High School,Public Elementary School,Kanagawa,Kawasaki,2025-02-15,,Active,12,10,2,0,83.33
ASG000528,DUD100335,CLI0067,2025-02-05,2026-07-14,Ended,Senior Teacher,39,Six-Month,0,0,Client Request,CAN000349,Emma,,Sanchez,1999-11-24,Female,Brazilian,French,Japan,Diploma,Education,B2,,Eligible,Teacher,2023-02-11,Kizuna High School,Public Elementary School,Saitama,Soka,2020-07-29,,Active,12,9,2,0,75.0
ASG000529,DUD100335,CLI0290,2026-08-05,,Active,ALT / English Teacher,103,Three-Month,0,0,Replacement,CAN000349,Emma,,Sanchez,1999-11-24,Female,Brazilian,French,Japan,Diploma,Education,B2,,Eligible,Teacher,2023-02-11,Koganei High School,English School,Chiba,Chiba,2019-03-31,,Active,3,3,0,0,100.0
ASG000530,DUD100336,CLI0266,2024-01-03,,Active,Experienced Teacher,57,Monthly,0,0,Initial Assignment,CAN001104,Olivia,,Martin,1976-05-25,Non-binary,Filipino,Mexican,Japan,Master's Degree,Business,B2,Basic,Eligible,Teacher,2025-09-22,Haruka International School,Kindergarten,Tokyo,Katsushika,2025-11-22,,Active,12,11,0,0,91.67
ASG000531,DUD100337,CLI0088,2025-07-29,,Active,Experienced Teacher,20,Annual,0,0,Replacement,CAN000175,Luis,,Walker,1975-07-12,Non-binary,Australian,Filipino,Japan,Bachelor's Degree,English,C2,N1,Eligible,Teacher,2022-04-12,Asahi Education Center,Education Center,Kanagawa,Sagamihara,2024-10-19,,Active,12,5,4,0,41.67
ASG000532,DUD100338,CLI0128,2023-10-28,2024-09-18,Ended,Experienced Teacher,40,Annual,0,0,Initial Assignment,CAN001745,Hannah,,Sanchez,1998-02-15,Female,Canadian,American,Japan,Diploma,English,B2,N2,Eligible,Teacher,2026-04-27,Tsubaki Junior High School,Education Center,Chiba,Urayasu,2022-11-06,,Active,10,10,0,0,100.0
ASG000533,DUD100339,CLI0181,2024-11-20,,Active,Senior Teacher,59,Annual,0,0,Initial Assignment,CAN001561,Jose,,Moore,1997-07-08,Male,Japanese,Canadian,Japan,Bachelor's Degree,Education,Native,Basic,Eligible,Teacher,2022-10-18,Koyo Junior High School,High School,Tokyo,Katsushika,2022-10-19,,Active,12,8,0,0,66.67
ASG000534,DUD100340,CLI0019,2023-07-27,,Active,ALT / English Teacher,39,Three-Month,0,0,Client Request,CAN000010,James,,Jackson,1987-10-10,Female,Canadian,Canadian,Japan,Bachelor's Degree,Linguistics,B2,Basic,Eligible,Teacher,2024-10-12,Haruka Elementary School,Kindergarten,Saitama,Kawaguchi,2022-08-12,,Active,12,10,1,0,83.33
ASG000535,DUD100341,CLI0161,2025-07-13,2026-05-19,Completed,ALT / English Teacher,76,Monthly,0,0,Client Request,CAN000554,Michael,,Davis,1992-07-02,Prefer not to say,Filipino,British,Japan,Associate Degree,English,C1,,Eligible,Teacher,2023-01-24,Nerima Elementary School,Education Center,Saitama,Warabi,2019-12-21,,Active,10,9,0,0,90.0
ASG000536,DUD100341,CLI0078,2026-06-10,2027-08-29,Renewed,Senior Teacher,18,Six-Month,0,0,Replacement,CAN000554,Michael,,Davis,1992-07-02,Prefer not to say,Filipino,British,Japan,Associate Degree,English,C1,,Eligible,Teacher,2023-01-24,Haruka International School,Education Center,Chiba,Kashiwa,2023-10-31,,Active,12,10,0,0,83.33
ASG000537,DUD100341,CLI0110,2027-09-01,2028-04-16,Ended,Experienced Teacher,49,Six-Month,0,0,Replacement,CAN000554,Michael,,Davis,1992-07-02,Prefer not to say,Filipino,British,Japan,Associate Degree,English,C1,,Eligible,Teacher,2023-01-24,Midori Junior High School,High School,Kanagawa,Yokohama,2021-07-06,,Active,7,7,0,0,100.0
ASG000538,DUD100342,CLI0141,2024-08-28,2025-05-11,Ended,Senior Teacher,107,Six-Month,0,0,Client Request,CAN001553,Jessica,,Thompson,1981-05-08,Female,Mexican,Mexican,Japan,Bachelor's Degree,Business,C1,N1,Eligible,Teacher,2024-10-19,Kawaguchi Elementary School,Education Center,Kanagawa,Kawasaki,2024-12-31,,Active,8,8,0,0,100.0
ASG000539,DUD100342,CLI0217,2025-06-03,2025-09-21,Completed,ALT / English Teacher,76,Monthly,0,0,Transfer,CAN001553,Jessica,,Thompson,1981-05-08,Female,Mexican,Mexican,Japan,Bachelor's Degree,Business,C1,N1,Eligible,Teacher,2024-10-19,Koganei Education Center,Private School,Kanagawa,Kawasaki,2024-01-12,,Active,3,2,0,0,66.67
ASG000540,DUD100343,CLI0135,2024-01-11,2024-08-16,Ended,ALT / English Teacher,21,Three-Month,0,0,Replacement,CAN000871,Christopher,,Martinez,1980-06-17,Male,Brazilian,Mexican,Japan,Associate Degree,Business,Native,N2,Eligible,Teacher,2025-02-16,Asahi Education Center,Public Elementary School,Saitama,Toda,2024-07-10,,Active,7,5,1,0,71.43
ASG000541,DUD100343,CLI0243,2024-09-02,2025-01-25,Ended,Experienced Teacher,80,Six-Month,0,0,Transfer,CAN000871,Christopher,,Martinez,1980-06-17,Male,Brazilian,Mexican,Japan,Associate Degree,Business,Native,N2,Eligible,Teacher,2025-02-16,Hikari Junior High School,English School,Kanagawa,Fujisawa,2021-09-04,,Active,4,1,1,0,25.0
ASG000542,DUD100343,CLI0067,2025-02-24,,Active,ALT / English Teacher,19,Annual,0,0,Client Request,CAN000871,Christopher,,Martinez,1980-06-17,Male,Brazilian,Mexican,Japan,Associate Degree,Business,Native,N2,Eligible,Teacher,2025-02-16,Kizuna High School,Public Elementary School,Saitama,Soka,2020-07-29,,Active,12,11,1,0,91.67
ASG000543,DUD100344,CLI0038,2026-01-02,2027-06-24,Transferred,ALT / English Teacher,77,Three-Month,0,0,Staffing Demand,CAN001812,Robert,,Torres,2003-10-24,Female,Filipino,Canadian,Japan,Master's Degree,Psychology,B2,N1,Eligible,Teacher,2026-01-14,Kizuna International School,High School,Kanagawa,Yokohama,2023-12-19,,Active,12,11,0,0,91.67
ASG000544,DUD100344,CLI0260,2027-07-18,,Active,Experienced Teacher,79,Annual,0,0,Staffing Demand,CAN001812,Robert,,Torres,2003-10-24,Female,Filipino,Canadian,Japan,Master's Degree,Psychology,B2,N1,Eligible,Teacher,2026-01-14,Koyo Elementary School,Public Elementary School,Tokyo,Kita,2025-03-25,,Active,1,1,0,0,100.0
ASG000545,DUD100345,CLI0266,2024-09-17,2025-07-14,Ended,ALT / English Teacher,30,Monthly,0,0,Transfer,CAN001773,Michael,,Young,2000-12-26,Prefer not to say,Mexican,Mexican,Japan,Associate Degree,Other,B2,N3,Eligible,Teacher,2021-03-04,Haruka International School,Kindergarten,Tokyo,Katsushika,2025-11-22,,Active,10,10,0,0,100.0
ASG000546,DUD100345,CLI0299,2025-07-19,,Active,ALT / English Teacher,85,Monthly,0,0,Replacement,CAN001773,Michael,,Young,2000-12-26,Prefer not to say,Mexican,Mexican,Japan,Associate Degree,Other,B2,N3,Eligible,Teacher,2021-03-04,Akebono Junior High School,High School,Chiba,Funabashi,2025-11-23,,Active,12,11,0,0,91.67
ASG000547,DUD100346,CLI0182,2021-09-26,,Active,ALT / English Teacher,64,Three-Month,0,0,Replacement,CAN000744,Daniel,,Hall,1990-08-20,Non-binary,Brazilian,Japanese,Japan,Bachelor's Degree,Linguistics,B2,Basic,Eligible,Teacher,2021-07-12,Kawaguchi International School,Public Elementary School,Kanagawa,Kawasaki,2023-01-22,2024-09-09,Inactive,12,7,1,0,58.33
ASG000548,DUD100347,CLI0249,2022-03-06,2022-10-14,Renewed,ALT / English Teacher,54,Annual,0,0,Staffing Demand,CAN001722,Andres,,Jackson,1989-01-19,Male,Filipino,Mexican,Japan,Associate Degree,English,Native,,Eligible,Teacher,2022-01-05,Haruka High School,Kindergarten,Chiba,Chiba,2019-05-15,,Active,7,5,1,0,71.43
ASG000549,DUD100347,CLI0227,2022-11-07,2023-09-02,Completed,ALT / English Teacher,118,Annual,0,0,Replacement,CAN001722,Andres,,Jackson,1989-01-19,Male,Filipino,Mexican,Japan,Associate Degree,English,Native,,Eligible,Teacher,2022-01-05,Asahi Academy,Education Center,Tokyo,Hachioji,2025-06-04,2027-04-21,Inactive,10,9,1,0,90.0
ASG000550,DUD100348,CLI0023,2022-09-18,2024-01-21,Ended,Trainer,93,Six-Month,0,0,Staffing Demand,CAN000824,Matthew,,Johnson,1987-11-24,Prefer not to say,Canadian,Filipino,Japan,Master's Degree,Business,C1,,Eligible,Teacher,2023-06-05,Tsubaki Elementary School,English School,Chiba,Funabashi,2020-04-17,,Active,12,10,1,0,83.33
ASG000551,DUD100348,CLI0188,2024-01-22,,Active,ALT / English Teacher,30,Monthly,0,0,Replacement,CAN000824,Matthew,,Johnson,1987-11-24,Prefer not to say,Canadian,Filipino,Japan,Master's Degree,Business,C1,,Eligible,Teacher,2023-06-05,Kizuna International School,Education Center,Chiba,Matsudo,2020-11-14,,Active,12,10,1,0,83.33
ASG000552,DUD100349,CLI0141,2022-04-05,2022-08-03,Transferred,ALT / English Teacher,102,Six-Month,0,0,Initial Assignment,CAN001121,Christopher,,Sanchez,1994-03-04,Non-binary,Canadian,Australian,Japan,Master's Degree,Education,B2,N3,Eligible,Teacher,2024-06-02,Kawaguchi Elementary School,Education Center,Kanagawa,Kawasaki,2024-12-31,,Active,4,3,0,0,75.0
ASG000553,DUD100349,CLI0103,2022-08-21,2024-01-22,Renewed,Senior Teacher,84,Three-Month,0,0,Client Request,CAN001121,Christopher,,Sanchez,1994-03-04,Non-binary,Canadian,Australian,Japan,Master's Degree,Education,B2,N3,Eligible,Teacher,2024-06-02,Meisei Academy,Education Center,Saitama,Koshigaya,2025-01-09,,Active,12,10,0,0,83.33
ASG000554,DUD100349,CLI0272,2024-02-21,,Active,ALT / English Teacher,109,Monthly,0,0,Client Request,CAN001121,Christopher,,Sanchez,1994-03-04,Non-binary,Canadian,Australian,Japan,Master's Degree,Education,B2,N3,Eligible,Teacher,2024-06-02,Sakura Junior High School,Education Center,Chiba,Matsudo,2023-11-25,,Active,12,10,1,0,83.33
ASG000555,DUD100350,CLI0074,2022-06-04,,Active,ALT / English Teacher,27,Six-Month,0,0,Client Request,CAN001892,James,,Lopez,1993-09-11,Male,Canadian,Brazilian,Japan,Bachelor's Degree,Psychology,Native,N2,Eligible,Teacher,2022-01-20,Kita Elementary School,Public Junior High School,Tokyo,Nerima,2023-06-03,2027-07-20,Inactive,12,10,0,0,83.33
ASG000556,DUD100351,CLI0257,2021-04-06,,Active,Experienced Teacher,43,Three-Month,0,0,Transfer,CAN001078,Andres,,Martin,1977-07-15,Non-binary,Brazilian,Japanese,Japan,Diploma,Business,C2,N3,Eligible,Teacher,2021-03-07,Koyo International School,Public Junior High School,Kanagawa,Yamato,2025-06-05,,Active,12,11,0,0,91.67
ASG000557,DUD100352,CLI0266,2023-01-19,2024-05-28,Renewed,Senior Teacher,27,Three-Month,0,0,Replacement,CAN000536,William,,Williams,1983-08-20,Male,Brazilian,American,Japan,Diploma,English,C2,N2,Eligible,Teacher,2022-11-01,Haruka International School,Kindergarten,Tokyo,Katsushika,2025-11-22,,Active,12,11,1,0,91.67
ASG000558,DUD100352,CLI0022,2024-06-03,,Active,ALT / English Teacher,100,Three-Month,0,0,Staffing Demand,CAN000536,William,,Williams,1983-08-20,Male,Brazilian,American,Japan,Diploma,English,C2,N2,Eligible,Teacher,2022-11-01,Kita Junior High School,High School,Saitama,Warabi,2020-11-12,,Active,12,12,0,0,100.0
ASG000559,DUD100353,CLI0238,2024-08-04,2025-06-13,Ended,Experienced Teacher,60,Annual,0,0,Initial Assignment,CAN000803,Olivia,,Hernandez,1976-12-01,Female,British,Mexican,Japan,Bachelor's Degree,Education,Native,,Eligible,Teacher,2021-08-19,Kita Elementary School,Private School,Chiba,Matsudo,2021-04-13,,Active,10,10,0,0,100.0
ASG000560,DUD100354,CLI0292,2023-11-23,,Active,ALT / English Teacher,110,Six-Month,0,0,Client Request,CAN001658,Daniel,,Allen,1995-03-05,Prefer not to say,British,French,Japan,Diploma,Education,C1,N3,Eligible,Teacher,2023-09-25,Kizuna Education Center,Education Center,Tokyo,Edogawa,2023-12-25,,Active,12,10,0,0,83.33
ASG000561,DUD100355,CLI0011,2021-06-26,2022-06-26,Ended,ALT / English Teacher,119,Three-Month,0,0,Replacement,CAN001946,Olivia,,Rodriguez,1996-09-26,Female,Australian,Australian,Japan,Master's Degree,Business,C1,N2,Eligible,Teacher,2025-11-25,Takashima High School,Kindergarten,Saitama,Kawagoe,2024-05-26,,Active,12,9,1,0,75.0
ASG000562,DUD100355,CLI0066,2022-07-10,2022-12-28,Transferred,ALT / English Teacher,80,Six-Month,0,0,Staffing Demand,CAN001946,Olivia,,Rodriguez,1996-09-26,Female,Australian,Australian,Japan,Master's Degree,Business,C1,N2,Eligible,Teacher,2025-11-25,Nerima Education Center,Public Junior High School,Saitama,Koshigaya,2024-12-07,,Active,5,2,2,0,40.0
ASG000563,DUD100355,CLI0076,2023-01-01,2023-05-07,Ended,Senior Teacher,74,Monthly,0,0,Staffing Demand,CAN001946,Olivia,,Rodriguez,1996-09-26,Female,Australian,Australian,Japan,Master's Degree,Business,C1,N2,Eligible,Teacher,2025-11-25,Kizuna High School,Public Junior High School,Tokyo,Edogawa,2025-03-19,,Active,4,4,0,0,100.0
ASG000564,DUD100356,CLI0292,2022-09-17,2024-01-20,Transferred,ALT / English Teacher,92,Six-Month,0,0,Replacement,CAN000587,David,,Young,2002-01-28,Male,British,British,Japan,Bachelor's Degree,Education,B2,,Eligible,Teacher,2022-08-27,Kizuna Education Center,Education Center,Tokyo,Edogawa,2023-12-25,,Active,12,8,2,0,66.67
ASG000565,DUD100356,CLI0246,2024-02-03,2024-05-07,Transferred,ALT / English Teacher,22,Three-Month,0,0,Staffing Demand,CAN000587,David,,Young,2002-01-28,Male,British,British,Japan,Bachelor's Degree,Education,B2,,Eligible,Teacher,2022-08-27,Hikari Junior High School,Private School,Tokyo,Koganei,2019-07-06,,Active,3,3,0,0,100.0
ASG000566,DUD100356,CLI0253,2024-05-16,,Active,Experienced Teacher,88,Three-Month,0,0,Staffing Demand,CAN000587,David,,Young,2002-01-28,Male,British,British,Japan,Bachelor's Degree,Education,B2,,Eligible,Teacher,2022-08-27,Kita Junior High School,English School,Saitama,Kawagoe,2020-11-17,,Active,12,12,0,0,100.0
ASG000567,DUD100357,CLI0255,2023-11-06,,Active,ALT / English Teacher,51,Six-Month,0,0,Replacement,CAN000778,James,,Garcia,1994-02-06,Prefer not to say,Brazilian,Australian,Japan,Diploma,Business,C1,,Eligible,Teacher,2021-07-14,Haruka Academy,Education Center,Saitama,Kawaguchi,2020-03-22,,Active,12,10,1,0,83.33
ASG000568,DUD100358,CLI0010,2025-12-14,,Active,ALT / English Teacher,17,Six-Month,0,0,Staffing Demand,CAN000024,Juan,,Wilson,2002-07-03,Female,Japanese,American,Japan,Bachelor's Degree,English,Native,N1,Eligible,Teacher,2021-01-04,Midori International School,Kindergarten,Chiba,Chiba,2022-09-04,,Active,8,8,0,0,100.0
ASG000569,DUD100359,CLI0152,2022-02-22,2023-03-28,Completed,Experienced Teacher,66,Six-Month,0,0,Staffing Demand,CAN000609,Sarah,,Walker,1990-08-07,Prefer not to say,Spanish,Australian,Japan,Master's Degree,English,Native,N2,Eligible,Teacher,2023-09-28,Meisei International School,English School,Tokyo,Tachikawa,2025-01-26,,Active,12,11,0,0,91.67
ASG000570,DUD100360,CLI0098,2022-05-08,2022-12-06,Transferred,ALT / English Teacher,117,Monthly,0,0,Transfer,CAN000980,Daniel,,Moore,1986-02-10,Male,French,British,Japan,Bachelor's Degree,Psychology,B2,N1,Eligible,Teacher,2022-09-19,Meisei Elementary School,Public Junior High School,Saitama,Toda,2024-03-26,,Active,7,6,1,0,85.71
ASG000571,DUD100360,CLI0038,2022-12-20,,Active,ALT / English Teacher,97,Monthly,0,0,Staffing Demand,CAN000980,Daniel,,Moore,1986-02-10,Male,French,British,Japan,Bachelor's Degree,Psychology,B2,N1,Eligible,Teacher,2022-09-19,Kizuna International School,High School,Kanagawa,Yokohama,2023-12-19,,Active,12,12,0,0,100.0
ASG000572,DUD100361,CLI0179,2026-01-01,2026-09-01,Renewed,ALT / English Teacher,50,Three-Month,0,0,Initial Assignment,CAN001321,Michael,,Johnson,1995-01-23,Female,Brazilian,Filipino,Japan,Bachelor's Degree,English,Native,Basic,Eligible,Teacher,2022-01-18,Seiwa Junior High School,Public Junior High School,Tokyo,Nerima,2025-03-03,,Active,8,7,0,0,87.5
ASG000573,DUD100362,CLI0230,2021-07-26,2022-11-18,Completed,ALT / English Teacher,31,Monthly,0,0,Staffing Demand,CAN001531,Maria,,Perez,1997-01-27,Non-binary,Canadian,Japanese,Japan,Bachelor's Degree,English,C2,N2,Eligible,Teacher,2023-06-12,Haruka Junior High School,Private School,Tokyo,Ota,2025-09-03,,Active,12,11,0,0,91.67
ASG000574,DUD100362,CLI0049,2022-12-14,2023-06-02,Renewed,Experienced Teacher,94,Three-Month,0,0,Replacement,CAN001531,Maria,,Perez,1997-01-27,Non-binary,Canadian,Japanese,Japan,Bachelor's Degree,English,C2,N2,Eligible,Teacher,2023-06-12,Haruka Junior High School,High School,Chiba,Ichikawa,2025-01-19,,Active,5,5,0,0,100.0
ASG000575,DUD100362,CLI0004,2023-06-15,,Active,ALT / English Teacher,25,Annual,0,0,Staffing Demand,CAN001531,Maria,,Perez,1997-01-27,Non-binary,Canadian,Japanese,Japan,Bachelor's Degree,English,C2,N2,Eligible,Teacher,2023-06-12,Asahi Elementary School,Private School,Saitama,Koshigaya,2023-09-30,,Active,12,9,1,0,75.0
ASG000576,DUD100363,CLI0245,2023-01-13,2024-03-08,Renewed,Senior Teacher,72,Six-Month,0,0,Staffing Demand,CAN000648,Emily,,Walker,1979-04-21,Female,Australian,Japanese,Japan,Associate Degree,Business,Native,N3,Eligible,Teacher,2026-01-02,Musashino Education Center,Kindergarten,Chiba,Chiba,2024-08-31,,Active,12,11,1,0,91.67
ASG000577,DUD100364,CLI0017,2021-05-07,,Active,ALT / English Teacher,83,Annual,0,0,Replacement,CAN001766,Daniel,,Garcia,1989-04-03,Female,Spanish,Australian,Japan,Associate Degree,Psychology,C1,N3,Eligible,Teacher,2025-06-24,Asahi Education Center,Private School,Kanagawa,Fujisawa,2023-03-24,,Active,12,12,0,0,100.0
ASG000578,DUD100365,CLI0041,2023-01-27,2024-07-08,Renewed,Senior Teacher,62,Three-Month,0,0,Initial Assignment,CAN000630,Emily,,Hernandez,1981-01-07,Prefer not to say,Brazilian,Brazilian,Japan,Diploma,Psychology,C2,Basic,Eligible,Teacher,2021-07-15,Midori Junior High School,Kindergarten,Chiba,Kashiwa,2025-09-17,,Active,12,8,2,0,66.67
ASG000579,DUD100365,CLI0197,2024-07-29,2024-11-29,Transferred,ALT / English Teacher,26,Six-Month,0,0,Initial Assignment,CAN000630,Emily,,Hernandez,1981-01-07,Prefer not to say,Brazilian,Brazilian,Japan,Diploma,Psychology,C2,Basic,Eligible,Teacher,2021-07-15,Ota High School,English School,Chiba,Urayasu,2022-12-06,,Active,4,4,0,0,100.0
ASG000580,DUD100365,CLI0239,2024-12-28,2025-07-23,Renewed,Senior Teacher,45,Three-Month,0,0,Transfer,CAN000630,Emily,,Hernandez,1981-01-07,Prefer not to say,Brazilian,Brazilian,Japan,Diploma,Psychology,C2,Basic,Eligible,Teacher,2021-07-15,Sakura Junior High School,English School,Tokyo,Itabashi,2022-04-12,,Active,6,4,0,0,66.67
ASG000581,DUD100366,CLI0145,2021-03-12,2021-07-09,Completed,Experienced Teacher,94,Six-Month,0,0,Replacement,CAN001599,David,,Smith,1983-08-04,Female,Spanish,Mexican,Japan,Bachelor's Degree,Psychology,B2,N1,Eligible,Teacher,2025-05-01,Musashino Elementary School,English School,Kanagawa,Yokohama,2024-08-24,,Active,4,4,0,0,100.0
ASG000582,DUD100366,CLI0135,2021-07-19,,Active,ALT / English Teacher,97,Monthly,0,0,Staffing Demand,CAN001599,David,,Smith,1983-08-04,Female,Spanish,Mexican,Japan,Bachelor's Degree,Psychology,B2,N1,Eligible,Teacher,2025-05-01,Asahi Education Center,Public Elementary School,Saitama,Toda,2024-07-10,,Active,12,11,0,0,91.67
ASG000583,DUD100367,CLI0290,2021-09-11,2022-07-29,Completed,Senior Teacher,111,Three-Month,0,0,Client Request,CAN001393,John,,Lopez,1977-08-12,Prefer not to say,Spanish,Mexican,Japan,Master's Degree,Education,C2,N2,Eligible,Teacher,2024-04-09,Koganei High School,English School,Chiba,Chiba,2019-03-31,,Active,10,9,1,0,90.0
ASG000584,DUD100367,CLI0180,2022-07-30,2023-11-26,Ended,ALT / English Teacher,59,Monthly,0,0,Client Request,CAN001393,John,,Lopez,1977-08-12,Prefer not to say,Spanish,Mexican,Japan,Master's Degree,Education,C2,N2,Eligible,Teacher,2024-04-09,Kawaguchi Junior High School,High School,Kanagawa,Fujisawa,2022-07-31,,Active,12,11,0,0,91.67
ASG000585,DUD100367,CLI0158,2023-11-30,,Active,ALT / English Teacher,94,Annual,0,0,Initial Assignment,CAN001393,John,,Lopez,1977-08-12,Prefer not to say,Spanish,Mexican,Japan,Master's Degree,Education,C2,N2,Eligible,Teacher,2024-04-09,Meisei High School,Public Elementary School,Kanagawa,Kawasaki,2025-02-15,,Active,12,8,1,0,66.67
ASG000586,DUD100368,CLI0184,2025-10-19,2026-08-20,Ended,ALT / English Teacher,57,Annual,0,0,Staffing Demand,CAN000228,Daniel,,Allen,1979-03-12,Prefer not to say,Brazilian,Australian,Japan,Bachelor's Degree,Linguistics,C2,N3,Eligible,Teacher,2022-05-05,Takashima Junior High School,English School,Tokyo,Edogawa,2022-06-14,,Active,10,10,0,0,100.0
ASG000587,DUD100369,CLI0148,2023-11-07,,Active,Experienced Teacher,106,Six-Month,0,0,Client Request,CAN001605,Jessica,,Brown,1986-06-13,Prefer not to say,Spanish,French,Japan,Bachelor's Degree,Other,C1,N1,Eligible,Teacher,2023-02-26,Nerima Elementary School,Education Center,Chiba,Matsudo,2020-08-17,2021-06-20,Inactive,12,11,0,0,91.67
ASG000588,DUD100370,CLI0181,2024-08-12,,Active,ALT / English Teacher,23,Six-Month,0,0,Client Request,CAN000862,Christopher,,Johnson,1995-12-03,Male,American,Australian,Japan,Associate Degree,Psychology,Native,N2,Eligible,Teacher,2022-10-18,Koyo Junior High School,High School,Tokyo,Katsushika,2022-10-19,,Active,12,11,1,0,91.67
ASG000589,DUD100371,CLI0174,2021-04-28,2021-10-13,Renewed,ALT / English Teacher,52,Monthly,0,0,Initial Assignment,CAN000683,David,,Lee,2000-12-02,Female,Canadian,British,Japan,Diploma,Business,B2,N3,Eligible,Teacher,2023-03-08,Ota Junior High School,Public Elementary School,Saitama,Koshigaya,2026-01-08,,Active,5,5,0,0,100.0
ASG000590,DUD100371,CLI0088,2021-10-15,,Active,ALT / English Teacher,80,Annual,0,0,Transfer,CAN000683,David,,Lee,2000-12-02,Female,Canadian,British,Japan,Diploma,Business,B2,N3,Eligible,Teacher,2023-03-08,Asahi Education Center,Education Center,Kanagawa,Sagamihara,2024-10-19,,Active,12,11,1,0,91.67
ASG000591,DUD100372,CLI0125,2022-04-09,2023-03-23,Transferred,ALT / English Teacher,44,Monthly,0,0,Staffing Demand,CAN000922,Olivia,,Thompson,1978-01-07,Prefer not to say,Australian,Spanish,Japan,Master's Degree,Other,C1,N1,Eligible,Teacher,2026-03-23,Kizuna Junior High School,English School,Saitama,Toda,2019-10-07,,Active,11,8,2,0,72.73
ASG000592,DUD100373,CLI0277,2024-10-17,,Active,ALT / English Teacher,102,Annual,0,0,Client Request,CAN000513,Ana,,Lee,1998-09-24,Prefer not to say,British,French,Japan,Diploma,Education,C1,N3,Eligible,Teacher,2021-08-16,Asahi Elementary School,English School,Kanagawa,Fujisawa,2019-05-04,,Active,12,11,0,0,91.67
ASG000593,DUD100374,CLI0251,2022-10-06,,Active,ALT / English Teacher,54,Annual,0,0,Client Request,CAN000080,Emma,,Sanchez,1995-09-05,Male,Canadian,Mexican,Japan,Associate Degree,Education,C1,N3,Eligible,Teacher,2021-09-17,Ota Education Center,Public Junior High School,Saitama,Saitama,2020-09-07,2021-09-14,Inactive,12,11,0,0,91.67
ASG000594,DUD100375,CLI0018,2026-02-04,2026-07-28,Renewed,ALT / English Teacher,33,Annual,0,0,Client Request,CAN001429,Jessica,,Martin,1985-12-21,Prefer not to say,Brazilian,Filipino,Japan,Associate Degree,Business,C2,N1,Eligible,Teacher,2023-04-19,Koganei Academy,High School,Tokyo,Ota,2022-07-07,2026-08-23,Inactive,5,5,0,0,100.0
ASG000595,DUD100375,CLI0080,2026-08-24,2027-04-16,Renewed,Senior Teacher,75,Three-Month,0,0,Client Request,CAN001429,Jessica,,Martin,1985-12-21,Prefer not to say,Brazilian,Filipino,Japan,Associate Degree,Business,C2,N1,Eligible,Teacher,2023-04-19,Musashino Education Center,High School,Saitama,Kawagoe,2023-11-15,,Active,7,6,0,0,85.71
ASG000596,DUD100375,CLI0123,2027-05-14,,Active,Experienced Teacher,19,Three-Month,0,0,Replacement,CAN001429,Jessica,,Martin,1985-12-21,Prefer not to say,Brazilian,Filipino,Japan,Associate Degree,Business,C2,N1,Eligible,Teacher,2023-04-19,Musashino High School,English School,Saitama,Koshigaya,2021-02-09,2021-08-09,Inactive,1,1,0,0,100.0
ASG000597,DUD100376,CLI0273,2022-04-23,,Active,ALT / English Teacher,119,Monthly,0,0,Client Request,CAN000956,Alejandro,,Sanchez,1976-11-11,Male,Spanish,British,Japan,Bachelor's Degree,Business,C2,N3,Eligible,Teacher,2022-08-27,Meisei International School,Public Junior High School,Kanagawa,Sagamihara,2026-05-05,,Active,12,9,2,0,75.0
ASG000598,DUD100377,CLI0052,2021-08-01,,Active,ALT / English Teacher,50,Three-Month,0,0,Client Request,CAN001599,Maria,,Moore,1979-02-03,Non-binary,American,Japanese,Japan,Bachelor's Degree,English,C1,N3,Eligible,Teacher,2021-09-07,Shinmei Academy,Education Center,Tokyo,Nerima,2022-01-09,,Active,12,11,0,0,91.67
ASG000599,DUD100378,CLI0212,2021-01-31,2021-12-05,Completed,ALT / English Teacher,67,Annual,0,0,Transfer,CAN000996,Ana,,Anderson,2003-07-28,Male,Mexican,Mexican,Japan,Master's Degree,Linguistics,B2,N3,Eligible,Teacher,2026-08-04,Mirai Elementary School,Public Elementary School,Saitama,Saitama,2022-11-10,,Active,10,8,1,0,80.0
ASG000600,DUD100378,CLI0173,2021-12-26,2022-04-09,Completed,ALT / English Teacher,73,Three-Month,0,0,Replacement,CAN000996,Ana,,Anderson,2003-07-28,Male,Mexican,Mexican,Japan,Master's Degree,Linguistics,B2,N3,Eligible,Teacher,2026-08-04,Musashino International School,Private School,Chiba,Matsudo,2025-08-22,,Active,3,2,0,0,66.67
ASG000601,DUD100378,CLI0132,2022-04-17,,Active,Experienced Teacher,63,Annual,0,0,Client Request,CAN000996,Ana,,Anderson,2003-07-28,Male,Mexican,Mexican,Japan,Master's Degree,Linguistics,B2,N3,Eligible,Teacher,2026-08-04,Kawaguchi Elementary School,Kindergarten,Chiba,Kashiwa,2025-09-10,,Active,12,8,3,0,66.67
ASG000602,DUD100379,CLI0151,2023-11-21,2024-04-10,Completed,ALT / English Teacher,79,Three-Month,0,0,Transfer,CAN001636,James,,Williams,2001-07-05,Non-binary,Australian,Mexican,Japan,Associate Degree,Education,C2,N3,Eligible,Teacher,2024-09-07,Kawaguchi Academy,High School,Chiba,Ichikawa,2026-04-11,,Active,4,3,1,0,75.0
ASG000603,DUD100379,CLI0075,2024-04-16,2024-10-07,Renewed,ALT / English Teacher,15,Three-Month,0,0,Replacement,CAN001636,James,,Williams,2001-07-05,Non-binary,Australian,Mexican,Japan,Associate Degree,Education,C2,N3,Eligible,Teacher,2024-09-07,Akebono Junior High School,High School,Tokyo,Koganei,2019-07-27,2021-10-07,Inactive,5,5,0,0,100.0
ASG000604,DUD100380,CLI0183,2024-10-30,,Active,Senior Teacher,58,Annual,0,0,Replacement,CAN001323,Luis,,Hall,1985-01-27,Male,Japanese,Mexican,Japan,Diploma,Business,C2,N3,Eligible,Teacher,2024-10-20,Tsubaki High School,Kindergarten,Saitama,Saitama,2026-03-25,,Active,12,9,2,0,75.0
ASG000605,DUD100381,CLI0114,2025-01-23,,Active,ALT / English Teacher,35,Monthly,0,0,Staffing Demand,CAN001631,Diego,,Sanchez,1994-05-07,Non-binary,Brazilian,Spanish,Japan,Master's Degree,Psychology,C2,N2,Eligible,Teacher,2022-04-04,Haruka International School,Private School,Saitama,Saitama,2024-07-18,,Active,12,11,0,0,91.67
ASG000606,DUD100382,CLI0256,2022-11-10,2023-12-06,Completed,Experienced Teacher,52,Annual,0,0,Transfer,CAN001667,Jose,,Allen,1997-02-28,Non-binary,American,Japanese,Japan,Diploma,Linguistics,C1,N2,Eligible,Teacher,2023-05-26,Ota International School,Public Elementary School,Saitama,Koshigaya,2019-01-10,,Active,12,9,0,0,75.0
ASG000607,DUD100382,CLI0172,2024-01-01,2024-07-19,Renewed,Experienced Teacher,101,Annual,0,0,Transfer,CAN001667,Jose,,Allen,1997-02-28,Non-binary,American,Japanese,Japan,Diploma,Linguistics,C1,N2,Eligible,Teacher,2023-05-26,Haruka High School,Private School,Tokyo,Koganei,2025-12-30,,Active,6,4,1,0,66.67
ASG000608,DUD100382,CLI0108,2024-08-04,,Active,Experienced Teacher,95,Three-Month,0,0,Staffing Demand,CAN001667,Jose,,Allen,1997-02-28,Non-binary,American,Japanese,Japan,Diploma,Linguistics,C1,N2,Eligible,Teacher,2023-05-26,Haruka Elementary School,Public Junior High School,Saitama,Saitama,2021-02-05,,Active,12,10,1,0,83.33
ASG000609,DUD100383,CLI0200,2025-04-28,2025-12-31,Completed,ALT / English Teacher,18,Monthly,0,0,Staffing Demand,CAN001868,Andres,,Torres,1988-09-05,Male,Australian,Brazilian,Japan,Master's Degree,Linguistics,Native,N3,Eligible,Teacher,2022-02-11,Seiwa International School,Kindergarten,Chiba,Ichikawa,2025-10-18,,Active,8,7,1,0,87.5
ASG000610,DUD100384,CLI0225,2022-01-20,,Active,ALT / English Teacher,38,Annual,0,0,Client Request,CAN001458,William,,Miller,1981-02-08,Prefer not to say,Spanish,Mexican,Japan,Associate Degree,Education,C2,N2,Eligible,Teacher,2024-08-20,Takashima High School,Public Elementary School,Saitama,Warabi,2023-11-02,,Active,12,9,1,0,75.0
ASG000611,DUD100385,CLI0102,2023-08-21,,Active,ALT / English Teacher,97,Six-Month,0,0,Initial Assignment,CAN001297,Jessica,,Perez,2003-11-16,Prefer not to say,American,Australian,Japan,Diploma,Psychology,B2,N2,Eligible,Teacher,2022-07-16,Midori High School,Public Elementary School,Saitama,Warabi,2026-04-27,,Active,12,10,1,0,83.33
ASG000612,DUD100386,CLI0201,2023-05-02,2024-06-14,Ended,ALT / English Teacher,103,Six-Month,0,0,Staffing Demand,CAN001111,Carlos,,Martin,2002-04-03,Prefer not to say,Australian,American,Japan,Master's Degree,Linguistics,Native,,Eligible,Teacher,2022-08-17,Haruka Academy,High School,Tokyo,Koganei,2023-10-19,,Active,12,10,1,0,83.33
ASG000613,DUD100386,CLI0075,2024-06-27,2025-07-25,Ended,ALT / English Teacher,18,Monthly,0,0,Client Request,CAN001111,Carlos,,Martin,2002-04-03,Prefer not to say,Australian,American,Japan,Master's Degree,Linguistics,Native,,Eligible,Teacher,2022-08-17,Akebono Junior High School,High School,Tokyo,Koganei,2019-07-27,2021-10-07,Inactive,12,9,1,0,75.0
ASG000614,DUD100387,CLI0068,2022-06-04,,Active,Trainer,91,Monthly,0,0,Client Request,CAN001047,Emily,,Hernandez,1975-07-27,Male,Japanese,Filipino,Japan,Associate Degree,Psychology,Native,N2,Eligible,Teacher,2022-01-05,Asahi Academy,Private School,Tokyo,Tachikawa,2020-07-05,,Active,12,11,1,0,91.67
ASG000615,DUD100388,CLI0248,2024-05-06,,Active,Senior Teacher,101,Three-Month,0,0,Staffing Demand,CAN000231,Carlos,,Ramirez,1981-07-15,Non-binary,British,Australian,Japan,Bachelor's Degree,Education,B2,Basic,Eligible,Teacher,2023-01-09,Asahi Academy,Public Elementary School,Chiba,Funabashi,2020-05-13,,Active,12,11,1,0,91.67
ASG000616,DUD100389,CLI0248,2026-03-02,,Active,ALT / English Teacher,47,Six-Month,0,0,Client Request,CAN001095,Andres,,Anderson,1982-12-18,Prefer not to say,American,Japanese,Japan,Master's Degree,English,Native,N1,Eligible,Teacher,2026-03-17,Asahi Academy,Public Elementary School,Chiba,Funabashi,2020-05-13,,Active,5,4,1,0,80.0
ASG000617,DUD100390,CLI0242,2025-07-31,,Active,Trainer,73,Three-Month,0,0,Staffing Demand,CAN000613,Ana,,King,1990-09-15,Male,Filipino,British,Japan,Bachelor's Degree,Linguistics,C1,Basic,Eligible,Teacher,2021-05-08,Tsubaki Elementary School,English School,Kanagawa,Fujisawa,2026-01-24,,Active,12,5,3,0,41.67
ASG000618,DUD100391,CLI0187,2021-02-17,,Active,Experienced Teacher,110,Three-Month,0,0,Replacement,CAN001399,Emily,,King,1989-09-20,Prefer not to say,Brazilian,Spanish,Japan,Bachelor's Degree,Other,C1,,Eligible,Teacher,2021-12-23,Asahi Junior High School,Public Elementary School,Tokyo,Tachikawa,2020-09-01,,Active,12,10,0,0,83.33
ASG000619,DUD100392,CLI0076,2025-01-15,,Active,Experienced Teacher,26,Annual,0,0,Initial Assignment,CAN001452,Marco,,Rodriguez,1994-04-14,Male,Spanish,Mexican,Japan,Diploma,English,B2,Basic,Eligible,Teacher,2025-06-09,Kizuna High School,Public Junior High School,Tokyo,Edogawa,2025-03-19,,Active,12,9,3,0,75.0
ASG000620,DUD100393,CLI0162,2024-11-26,2025-10-26,Completed,ALT / English Teacher,109,Three-Month,0,0,Staffing Demand,CAN000175,Carlos,,Thompson,1979-10-16,Female,Australian,Japanese,Japan,Bachelor's Degree,Business,B2,,Eligible,Teacher,2025-04-03,Kawaguchi High School,Public Elementary School,Kanagawa,Yamato,2025-09-27,,Active,11,9,0,0,81.82
ASG000621,DUD100393,CLI0186,2025-11-23,,Active,ALT / English Teacher,23,Annual,0,0,Client Request,CAN000175,Carlos,,Thompson,1979-10-16,Female,Australian,Japanese,Japan,Bachelor's Degree,Business,B2,,Eligible,Teacher,2025-04-03,Asahi Education Center,Education Center,Kanagawa,Yamato,2026-01-09,,Active,8,6,2,0,75.0
ASG000622,DUD100394,CLI0270,2025-12-17,2026-07-18,Transferred,Experienced Teacher,27,Monthly,0,0,Transfer,CAN001816,Daniel,,Ramirez,2002-01-03,Prefer not to say,American,Australian,Japan,Diploma,Other,B2,N2,Eligible,Teacher,2022-11-02,Nerima Academy,High School,Chiba,Urayasu,2019-08-19,,Active,7,5,2,0,71.43
ASG000623,DUD100395,CLI0116,2023-03-08,2023-10-02,Ended,ALT / English Teacher,55,Monthly,0,0,Replacement,CAN000114,Christopher,,Smith,1977-10-25,Male,American,American,Japan,Master's Degree,Business,C2,N3,Eligible,Teacher,2021-04-03,Takashima Education Center,Public Junior High School,Kanagawa,Kawasaki,2024-10-21,,Active,6,4,1,0,66.67
ASG000624,DUD100395,CLI0051,2023-10-08,,Active,ALT / English Teacher,98,Annual,0,0,Client Request,CAN000114,Christopher,,Smith,1977-10-25,Male,American,American,Japan,Master's Degree,Business,C2,N3,Eligible,Teacher,2021-04-03,Seiwa Junior High School,Private School,Saitama,Warabi,2023-01-03,,Active,12,7,2,0,58.33
ASG000625,DUD100396,CLI0217,2026-03-05,2027-07-02,Renewed,ALT / English Teacher,16,Monthly,0,0,Transfer,CAN001613,William,,Hernandez,1992-07-04,Prefer not to say,Australian,Canadian,Japan,Diploma,Other,B2,Basic,Eligible,Teacher,2024-06-06,Koganei Education Center,Private School,Kanagawa,Kawasaki,2024-01-12,,Active,12,11,0,0,91.67
ASG000626,DUD100396,CLI0175,2027-07-11,,Active,Experienced Teacher,59,Three-Month,0,0,Initial Assignment,CAN001613,William,,Hernandez,1992-07-04,Prefer not to say,Australian,Canadian,Japan,Diploma,Other,B2,Basic,Eligible,Teacher,2024-06-06,Seiwa Academy,High School,Saitama,Soka,2019-03-18,,Active,1,1,0,0,100.0
ASG000627,DUD100397,CLI0266,2024-02-19,2025-05-16,Transferred,ALT / English Teacher,75,Three-Month,0,0,Replacement,CAN001629,Carlos,,Wilson,2000-04-22,Male,Brazilian,Canadian,Japan,Diploma,Linguistics,C1,,Eligible,Teacher,2025-01-08,Haruka International School,Kindergarten,Tokyo,Katsushika,2025-11-22,,Active,12,10,1,0,83.33
ASG000628,DUD100397,CLI0053,2025-06-02,2026-03-31,Renewed,ALT / English Teacher,87,Three-Month,0,0,Staffing Demand,CAN001629,Carlos,,Wilson,2000-04-22,Male,Brazilian,Canadian,Japan,Diploma,Linguistics,C1,,Eligible,Teacher,2025-01-08,Musashino Junior High School,Public Junior High School,Kanagawa,Yamato,2025-10-31,,Active,10,9,0,0,90.0
ASG000629,DUD100397,CLI0005,2026-04-29,,Active,Senior Teacher,94,Three-Month,0,0,Transfer,CAN001629,Carlos,,Wilson,2000-04-22,Male,Brazilian,Canadian,Japan,Diploma,Linguistics,C1,,Eligible,Teacher,2025-01-08,Shinmei Academy,Kindergarten,Chiba,Funabashi,2025-12-15,,Active,3,2,0,0,66.67
ASG000630,DUD100398,CLI0257,2024-02-22,2024-11-22,Ended,Senior Teacher,94,Six-Month,0,0,Initial Assignment,CAN000155,Emily,,King,1997-08-07,Non-binary,Spanish,Canadian,Japan,Associate Degree,English,B2,N1,Eligible,Teacher,2024-03-13,Koyo International School,Public Junior High School,Kanagawa,Yamato,2025-06-05,,Active,9,7,0,0,77.78
ASG000631,DUD100398,CLI0030,2024-12-04,2026-04-06,Transferred,ALT / English Teacher,81,Three-Month,0,0,Client Request,CAN000155,Emily,,King,1997-08-07,Non-binary,Spanish,Canadian,Japan,Associate Degree,English,B2,N1,Eligible,Teacher,2024-03-13,Akebono Elementary School,Public Junior High School,Saitama,Kawaguchi,2024-04-09,,Active,12,9,0,0,75.0
ASG000632,DUD100399,CLI0147,2024-04-02,,Active,ALT / English Teacher,90,Six-Month,0,0,Transfer,CAN000919,Jose,,Hernandez,1976-07-03,Non-binary,Australian,French,Japan,Bachelor's Degree,English,B2,Basic,Eligible,Teacher,2024-11-29,Asahi High School,Public Junior High School,Saitama,Saitama,2020-01-26,,Active,12,11,1,0,91.67
ASG000633,DUD100400,CLI0016,2024-12-09,,Active,Experienced Teacher,76,Monthly,0,0,Replacement,CAN001822,Emily,,Hall,1993-12-20,Male,Filipino,Mexican,Japan,Master's Degree,English,C2,Basic,Eligible,Teacher,2024-09-06,Ota Education Center,Public Elementary School,Chiba,Chiba,2020-07-04,,Active,12,11,1,0,91.67
ASG000634,DUD100401,CLI0128,2024-04-22,2024-09-18,Ended,ALT / English Teacher,114,Monthly,0,0,Staffing Demand,CAN000893,Laura,,Gonzalez,1993-07-10,Prefer not to say,French,Spanish,Japan,Associate Degree,Linguistics,Native,N3,Eligible,Teacher,2023-10-19,Tsubaki Junior High School,Education Center,Chiba,Urayasu,2022-11-06,,Active,5,4,0,0,80.0
ASG000635,DUD100401,CLI0209,2024-09-29,,Active,Experienced Teacher,77,Annual,0,0,Replacement,CAN000893,Laura,,Gonzalez,1993-07-10,Prefer not to say,French,Spanish,Japan,Associate Degree,Linguistics,Native,N3,Eligible,Teacher,2023-10-19,Kawaguchi High School,Private School,Tokyo,Hachioji,2024-02-06,,Active,12,9,1,0,75.0
ASG000636,DUD100402,CLI0149,2025-10-17,2026-02-02,Transferred,Experienced Teacher,104,Annual,0,0,Transfer,CAN000937,Carlos,,Thompson,1990-10-03,Non-binary,Brazilian,Canadian,Japan,Master's Degree,Education,B2,Basic,Eligible,Teacher,2024-06-01,Haruka Junior High School,Private School,Tokyo,Tachikawa,2025-03-19,,Active,3,3,0,0,100.0
ASG000637,DUD100402,CLI0184,2026-02-16,2026-12-05,Ended,ALT / English Teacher,107,Six-Month,0,0,Initial Assignment,CAN000937,Carlos,,Thompson,1990-10-03,Non-binary,Brazilian,Canadian,Japan,Master's Degree,Education,B2,Basic,Eligible,Teacher,2024-06-01,Takashima Junior High School,English School,Tokyo,Edogawa,2022-06-14,,Active,9,8,1,0,88.89
ASG000638,DUD100403,CLI0009,2023-05-10,2024-05-08,Renewed,Experienced Teacher,43,Six-Month,0,0,Staffing Demand,CAN000191,Andres,,Lopez,1979-08-06,Non-binary,Australian,Australian,Japan,Associate Degree,Business,C1,,Eligible,Teacher,2021-09-29,Hikari High School,English School,Tokyo,Kita,2019-09-15,,Active,12,9,1,0,75.0
ASG000639,DUD100404,CLI0190,2022-04-02,2023-09-19,Ended,ALT / English Teacher,30,Three-Month,0,0,Replacement,CAN001240,Daniel,,Taylor,1980-12-01,Non-binary,Canadian,Spanish,Japan,Associate Degree,Psychology,C2,N1,Eligible,Teacher,2022-04-21,Asahi International School,English School,Kanagawa,Sagamihara,2020-05-23,,Active,12,10,0,0,83.33
ASG000640,DUD100405,CLI0140,2021-06-01,2022-02-12,Ended,Senior Teacher,46,Six-Month,0,0,Transfer,CAN001837,Olivia,,Brown,1995-11-24,Prefer not to say,Spanish,Mexican,Japan,Master's Degree,Business,Native,Basic,Eligible,Teacher,2023-06-18,Kizuna Junior High School,Kindergarten,Kanagawa,Fujisawa,2020-11-14,,Active,8,8,0,0,100.0
ASG000641,DUD100405,CLI0055,2022-02-23,,Active,Senior Teacher,90,Annual,0,0,Transfer,CAN001837,Olivia,,Brown,1995-11-24,Prefer not to say,Spanish,Mexican,Japan,Master's Degree,Business,Native,Basic,Eligible,Teacher,2023-06-18,Kita Education Center,Kindergarten,Kanagawa,Sagamihara,2022-04-12,,Active,12,11,1,0,91.67
ASG000642,DUD100406,CLI0181,2026-01-10,,Active,Trainer,73,Annual,0,0,Initial Assignment,CAN001590,Michael,,Gonzalez,1991-02-26,Prefer not to say,Japanese,Canadian,Japan,Bachelor's Degree,Business,Native,N2,Eligible,Teacher,2021-11-30,Koyo Junior High School,High School,Tokyo,Katsushika,2022-10-19,,Active,7,7,0,0,100.0
ASG000643,DUD100407,CLI0257,2024-10-06,2025-12-06,Renewed,Trainer,80,Six-Month,0,0,Initial Assignment,CAN000027,Matthew,,Moore,1988-12-02,Male,Japanese,Spanish,Japan,Master's Degree,English,B2,,Eligible,Teacher,2026-03-05,Koyo International School,Public Junior High School,Kanagawa,Yamato,2025-06-05,,Active,12,9,2,0,75.0
ASG000644,DUD100407,CLI0264,2025-12-10,,Active,Experienced Teacher,106,Six-Month,0,0,Initial Assignment,CAN000027,Matthew,,Moore,1988-12-02,Male,Japanese,Spanish,Japan,Master's Degree,English,B2,,Eligible,Teacher,2026-03-05,Musashino Elementary School,Public Elementary School,Chiba,Ichikawa,2023-09-30,,Active,8,7,0,0,87.5
ASG000645,DUD100408,CLI0150,2023-03-12,2024-08-08,Ended,Senior Teacher,92,Annual,0,0,Replacement,CAN000470,Emily,,Hall,1994-05-02,Female,Spanish,Japanese,Japan,Diploma,English,B2,N2,Eligible,Teacher,2025-05-12,Takashima High School,English School,Tokyo,Hachioji,2025-10-12,,Active,12,10,1,0,83.33
ASG000646,DUD100409,CLI0109,2022-08-17,,Active,Senior Teacher,109,Monthly,0,0,Client Request,CAN000024,Jessica,,Brown,1992-11-22,Prefer not to say,Japanese,Brazilian,Japan,Associate Degree,Other,Native,,Eligible,Teacher,2024-03-23,Sakura International School,Public Junior High School,Chiba,Kashiwa,2026-03-02,2027-01-17,Inactive,12,9,0,0,75.0
ASG000647,DUD100410,CLI0020,2022-07-05,2023-09-01,Transferred,Trainer,15,Three-Month,0,0,Client Request,CAN001863,Juan,,Perez,1980-06-04,Prefer not to say,Canadian,Filipino,Japan,Master's Degree,Other,C1,N3,Eligible,Teacher,2025-09-19,Sakura International School,Public Elementary School,Chiba,Kashiwa,2024-10-13,,Active,12,9,1,0,75.0
ASG000648,DUD100410,CLI0105,2023-09-19,,Active,Trainer,102,Six-Month,0,0,Transfer,CAN001863,Juan,,Perez,1980-06-04,Prefer not to say,Canadian,Filipino,Japan,Master's Degree,Other,C1,N3,Eligible,Teacher,2025-09-19,Mirai International School,Kindergarten,Chiba,Ichikawa,2025-02-09,,Active,12,11,0,0,91.67
ASG000649,DUD100411,CLI0151,2023-12-13,2025-03-11,Transferred,Experienced Teacher,97,Six-Month,0,0,Client Request,CAN001824,Sofia,,Allen,1988-02-27,Female,American,Japanese,Japan,Diploma,Business,B2,,Eligible,Teacher,2026-04-08,Kawaguchi Academy,High School,Chiba,Ichikawa,2026-04-11,,Active,12,11,0,0,91.67
ASG000650,DUD100412,CLI0023,2024-06-08,,Active,ALT / English Teacher,111,Three-Month,0,0,Replacement,CAN001740,Andres,,Anderson,1988-10-25,Female,Australian,British,Japan,Diploma,English,C2,N3,Eligible,Teacher,2022-10-03,Tsubaki Elementary School,English School,Chiba,Funabashi,2020-04-17,,Active,12,11,0,0,91.67
ASG000651,DUD100413,CLI0296,2024-09-07,,Active,ALT / English Teacher,95,Monthly,0,0,Client Request,CAN001285,Sofia,,Garcia,2002-01-23,Prefer not to say,Canadian,American,Japan,Master's Degree,Psychology,C2,N3,Eligible,Teacher,2026-02-23,Haruka Education Center,Private School,Kanagawa,Kawasaki,2024-06-13,,Active,12,8,2,0,66.67
ASG000652,DUD100414,CLI0168,2024-11-23,2025-12-13,Ended,Senior Teacher,26,Annual,0,0,Transfer,CAN000074,Thomas,,King,1978-05-17,Male,Spanish,Filipino,Japan,Bachelor's Degree,Business,C1,N1,Eligible,Teacher,2022-08-03,Meisei Education Center,Public Junior High School,Kanagawa,Fujisawa,2019-11-11,,Active,12,11,0,0,91.67
ASG000653,DUD100414,CLI0217,2025-12-19,,Active,Trainer,68,Monthly,0,0,Transfer,CAN000074,Thomas,,King,1978-05-17,Male,Spanish,Filipino,Japan,Bachelor's Degree,Business,C1,N1,Eligible,Teacher,2022-08-03,Koganei Education Center,Private School,Kanagawa,Kawasaki,2024-01-12,,Active,8,6,0,0,75.0
ASG000654,DUD100415,CLI0196,2023-11-24,2024-02-22,Renewed,ALT / English Teacher,100,Annual,0,0,Staffing Demand,CAN000049,John,,Hall,1991-03-25,Female,French,American,Japan,Master's Degree,Psychology,C2,N2,Eligible,Teacher,2025-08-02,Asahi Education Center,High School,Saitama,Koshigaya,2025-09-29,,Active,3,3,0,0,100.0
ASG000655,DUD100415,CLI0095,2024-03-04,,Active,ALT / English Teacher,53,Annual,0,0,Staffing Demand,CAN000049,John,,Hall,1991-03-25,Female,French,American,Japan,Master's Degree,Psychology,C2,N2,Eligible,Teacher,2025-08-02,Haruka International School,Private School,Saitama,Kawaguchi,2022-09-27,,Active,12,10,0,0,83.33
ASG000656,DUD100416,CLI0021,2024-05-17,2025-06-13,Ended,Experienced Teacher,29,Monthly,0,0,Client Request,CAN001569,Jose,,Perez,1984-06-19,Non-binary,Brazilian,Canadian,Japan,Master's Degree,Education,Native,N3,Eligible,Teacher,2023-01-07,Sakura International School,Kindergarten,Kanagawa,Yokohama,2025-08-22,2027-08-07,Inactive,12,12,0,0,100.0
ASG000657,DUD100416,CLI0168,2025-07-04,2026-09-27,Completed,Senior Teacher,25,Three-Month,0,0,Initial Assignment,CAN001569,Jose,,Perez,1984-06-19,Non-binary,Brazilian,Canadian,Japan,Master's Degree,Education,Native,N3,Eligible,Teacher,2023-01-07,Meisei Education Center,Public Junior High School,Kanagawa,Fujisawa,2019-11-11,,Active,12,10,2,0,83.33
ASG000658,DUD100417,CLI0203,2021-09-29,2022-06-01,Completed,ALT / English Teacher,75,Monthly,0,0,Transfer,CAN001096,James,,Moore,1986-08-03,Non-binary,Filipino,Mexican,Japan,Master's Degree,Linguistics,C2,N1,Eligible,Teacher,2025-06-07,Midori Academy,Public Junior High School,Saitama,Kawaguchi,2023-05-29,,Active,8,7,0,0,87.5
ASG000659,DUD100418,CLI0196,2025-01-12,2025-05-29,Renewed,Experienced Teacher,105,Six-Month,0,0,Staffing Demand,CAN001582,James,,Martinez,1984-06-28,Non-binary,British,Filipino,Japan,Associate Degree,Linguistics,C2,N2,Eligible,Teacher,2021-01-08,Asahi Education Center,High School,Saitama,Koshigaya,2025-09-29,,Active,4,3,0,0,75.0
ASG000660,DUD100418,CLI0168,2025-06-12,2026-05-24,Transferred,ALT / English Teacher,85,Monthly,0,0,Transfer,CAN001582,James,,Martinez,1984-06-28,Non-binary,British,Filipino,Japan,Associate Degree,Linguistics,C2,N2,Eligible,Teacher,2021-01-08,Meisei Education Center,Public Junior High School,Kanagawa,Fujisawa,2019-11-11,,Active,11,11,0,0,100.0
ASG000661,DUD100418,CLI0203,2026-05-30,2026-09-25,Completed,Experienced Teacher,71,Annual,0,0,Staffing Demand,CAN001582,James,,Martinez,1984-06-28,Non-binary,British,Filipino,Japan,Associate Degree,Linguistics,C2,N2,Eligible,Teacher,2021-01-08,Midori Academy,Public Junior High School,Saitama,Kawaguchi,2023-05-29,,Active,3,3,0,0,100.0
ASG000662,DUD100419,CLI0098,2021-09-26,2022-02-24,Ended,Experienced Teacher,44,Annual,0,0,Initial Assignment,CAN000330,William,,Hernandez,1990-06-10,Female,American,Canadian,Japan,Associate Degree,Other,C1,Basic,Eligible,Teacher,2024-09-20,Meisei Elementary School,Public Junior High School,Saitama,Toda,2024-03-26,,Active,5,5,0,0,100.0
ASG000663,DUD100420,CLI0219,2026-01-18,2026-11-05,Completed,Experienced Teacher,48,Annual,0,0,Staffing Demand,CAN000609,Ana,,Walker,1993-09-13,Male,Japanese,Australian,Japan,Bachelor's Degree,Linguistics,B2,N3,Eligible,Teacher,2024-06-04,Seiwa International School,Public Elementary School,Tokyo,Ota,2024-11-19,,Active,9,7,0,0,77.78
ASG000664,DUD100421,CLI0001,2025-01-30,2025-11-12,Completed,Trainer,51,Annual,0,0,Client Request,CAN001541,Hannah,,Gonzalez,1988-07-09,Female,Spanish,American,Japan,Associate Degree,Linguistics,B2,N1,Eligible,Teacher,2026-01-17,Takashima Elementary School,High School,Tokyo,Ota,2022-08-18,,Active,9,8,0,0,88.89
ASG000665,DUD100421,CLI0247,2025-12-05,,Active,ALT / English Teacher,93,Annual,0,0,Client Request,CAN001541,Hannah,,Gonzalez,1988-07-09,Female,Spanish,American,Japan,Associate Degree,Linguistics,B2,N1,Eligible,Teacher,2026-01-17,Akebono Education Center,Private School,Chiba,Chiba,2026-02-15,,Active,8,7,0,0,87.5
ASG000666,DUD100422,CLI0154,2021-07-23,2022-10-29,Completed,ALT / English Teacher,50,Annual,0,0,Transfer,CAN001239,Marco,,Jackson,1999-07-19,Male,Filipino,Canadian,Japan,Diploma,Psychology,C2,,Eligible,Teacher,2022-11-24,Asahi International School,Private School,Tokyo,Nerima,2021-02-20,,Active,12,9,1,0,75.0
ASG000667,DUD100422,CLI0192,2022-11-22,2023-05-26,Ended,ALT / English Teacher,50,Six-Month,0,0,Initial Assignment,CAN001239,Marco,,Jackson,1999-07-19,Male,Filipino,Canadian,Japan,Diploma,Psychology,C2,,Eligible,Teacher,2022-11-24,Akebono Junior High School,English School,Saitama,Kawaguchi,2020-04-01,2020-12-03,Inactive,6,5,1,0,83.33
ASG000668,DUD100423,CLI0175,2024-10-06,2025-10-04,Ended,ALT / English Teacher,91,Six-Month,0,0,Initial Assignment,CAN001268,Miguel,,Garcia,1978-08-03,Male,Canadian,Japanese,Japan,Bachelor's Degree,Other,C2,N1,Eligible,Teacher,2023-11-10,Seiwa Academy,High School,Saitama,Soka,2019-03-18,,Active,12,11,1,0,91.67
ASG000669,DUD100423,CLI0077,2025-10-13,2026-04-13,Transferred,ALT / English Teacher,93,Three-Month,0,0,Initial Assignment,CAN001268,Miguel,,Garcia,1978-08-03,Male,Canadian,Japanese,Japan,Bachelor's Degree,Other,C2,N1,Eligible,Teacher,2023-11-10,Hikari Elementary School,Kindergarten,Saitama,Kawaguchi,2019-09-03,2020-06-28,Inactive,6,4,0,0,66.67
ASG000670,DUD100424,CLI0245,2025-04-09,2026-08-15,Ended,ALT / English Teacher,28,Annual,0,0,Staffing Demand,CAN001485,Juan,,Torres,1999-09-08,Female,Brazilian,Japanese,Japan,Associate Degree,Other,B2,N3,Eligible,Teacher,2022-07-11,Musashino Education Center,Kindergarten,Chiba,Chiba,2024-08-31,,Active,12,11,0,0,91.67
ASG000671,DUD100425,CLI0068,2021-07-10,2022-04-12,Transferred,ALT / English Teacher,35,Six-Month,0,0,Replacement,CAN001657,Jose,,Allen,1991-07-20,Prefer not to say,Brazilian,Spanish,Japan,Associate Degree,Education,C2,N1,Eligible,Teacher,2022-07-15,Asahi Academy,Private School,Tokyo,Tachikawa,2020-07-05,,Active,9,6,2,0,66.67
ASG000672,DUD100425,CLI0255,2022-05-04,2023-09-03,Ended,Senior Teacher,73,Monthly,0,0,Initial Assignment,CAN001657,Jose,,Allen,1991-07-20,Prefer not to say,Brazilian,Spanish,Japan,Associate Degree,Education,C2,N1,Eligible,Teacher,2022-07-15,Haruka Academy,Education Center,Saitama,Kawaguchi,2020-03-22,,Active,12,10,0,0,83.33
ASG000673,DUD100426,CLI0232,2021-07-27,2022-04-11,Transferred,ALT / English Teacher,98,Three-Month,0,0,Client Request,CAN001766,Jessica,,Garcia,1985-07-12,Female,Canadian,French,Japan,Diploma,Business,B2,N2,Eligible,Teacher,2026-05-01,Kizuna Elementary School,Public Elementary School,Kanagawa,Fujisawa,2020-04-21,,Active,8,5,1,0,62.5
ASG000674,DUD100426,CLI0034,2022-04-27,,Active,Senior Teacher,56,Monthly,0,0,Transfer,CAN001766,Jessica,,Garcia,1985-07-12,Female,Canadian,French,Japan,Diploma,Business,B2,N2,Eligible,Teacher,2026-05-01,Midori Academy,English School,Saitama,Kawaguchi,2019-02-16,,Active,12,10,1,0,83.33
ASG000675,DUD100427,CLI0168,2024-08-09,,Active,ALT / English Teacher,55,Annual,0,0,Staffing Demand,CAN001801,Michael,,Young,1992-07-24,Male,Japanese,Mexican,Japan,Bachelor's Degree,Education,C1,N1,Eligible,Teacher,2025-09-17,Meisei Education Center,Public Junior High School,Kanagawa,Fujisawa,2019-11-11,,Active,12,11,1,0,91.67
ASG000676,DUD100428,CLI0197,2021-09-24,,Active,Experienced Teacher,76,Monthly,0,0,Initial Assignment,CAN000784,Diego,,Perez,1975-09-25,Prefer not to say,Mexican,Filipino,Japan,Master's Degree,Business,C2,Basic,Eligible,Teacher,2023-02-12,Ota High School,English School,Chiba,Urayasu,2022-12-06,,Active,12,11,0,0,91.67
ASG000677,DUD100429,CLI0118,2022-08-29,2023-01-12,Completed,ALT / English Teacher,94,Six-Month,0,0,Initial Assignment,CAN001093,Emma,,Lee,1983-05-25,Non-binary,Brazilian,French,Japan,Associate Degree,Business,B2,Basic,Eligible,Teacher,2023-07-22,Asahi International School,English School,Kanagawa,Sagamihara,2019-11-07,,Active,4,3,0,0,75.0
ASG000678,DUD100430,CLI0101,2021-07-27,2022-01-09,Renewed,ALT / English Teacher,25,Annual,0,0,Staffing Demand,CAN000266,Jose,,King,1975-04-04,Male,Mexican,Australian,Japan,Associate Degree,Education,Native,N1,Eligible,Teacher,2025-07-08,Shinmei International School,Kindergarten,Saitama,Soka,2024-03-31,,Active,5,4,1,0,80.0
ASG000679,DUD100430,CLI0111,2022-01-16,2023-02-18,Completed,Experienced Teacher,49,Three-Month,0,0,Staffing Demand,CAN000266,Jose,,King,1975-04-04,Male,Mexican,Australian,Japan,Associate Degree,Education,Native,N1,Eligible,Teacher,2025-07-08,Haruka Elementary School,English School,Kanagawa,Sagamihara,2020-05-17,,Active,12,9,1,0,75.0
ASG000680,DUD100430,CLI0165,2023-03-17,,Active,ALT / English Teacher,114,Three-Month,0,0,Staffing Demand,CAN000266,Jose,,King,1975-04-04,Male,Mexican,Australian,Japan,Associate Degree,Education,Native,N1,Eligible,Teacher,2025-07-08,Nerima Elementary School,High School,Tokyo,Katsushika,2024-08-08,,Active,12,8,1,0,66.67
ASG000681,DUD100431,CLI0176,2022-05-24,2022-09-10,Transferred,Senior Teacher,116,Monthly,0,0,Transfer,CAN000023,James,,Torres,1997-12-14,Prefer not to say,French,Brazilian,Japan,Diploma,Business,B2,,Eligible,Teacher,2024-12-23,Kawaguchi International School,English School,Chiba,Ichikawa,2023-08-12,,Active,3,2,1,0,66.67
ASG000682,DUD100431,CLI0131,2022-10-05,,Active,ALT / English Teacher,79,Six-Month,0,0,Client Request,CAN000023,James,,Torres,1997-12-14,Prefer not to say,French,Brazilian,Japan,Diploma,Business,B2,,Eligible,Teacher,2024-12-23,Asahi High School,Public Junior High School,Saitama,Kawagoe,2024-10-21,2027-04-26,Inactive,12,10,1,0,83.33
ASG000683,DUD100432,CLI0108,2024-12-12,2025-05-22,Completed,Trainer,110,Annual,0,0,Transfer,CAN001195,Daniel,,Wilson,1987-10-10,Female,Brazilian,Australian,Japan,Master's Degree,Other,C2,N3,Eligible,Teacher,2025-02-03,Haruka Elementary School,Public Junior High School,Saitama,Saitama,2021-02-05,,Active,5,4,0,0,80.0
ASG000684,DUD100432,CLI0020,2025-06-15,,Active,Experienced Teacher,88,Six-Month,0,0,Staffing Demand,CAN001195,Daniel,,Wilson,1987-10-10,Female,Brazilian,Australian,Japan,Master's Degree,Other,C2,N3,Eligible,Teacher,2025-02-03,Sakura International School,Public Elementary School,Chiba,Kashiwa,2024-10-13,,Active,12,11,1,0,91.67
ASG000685,DUD100433,CLI0107,2025-01-31,2026-06-25,Renewed,Senior Teacher,88,Six-Month,0,0,Transfer,CAN001730,James,,White,1992-03-11,Non-binary,Japanese,Japanese,Japan,Diploma,Education,Native,N1,Eligible,Teacher,2026-04-03,Sakura High School,High School,Saitama,Soka,2024-03-26,,Active,12,12,0,0,100.0
ASG000686,DUD100433,CLI0253,2026-06-26,2027-11-25,Completed,ALT / English Teacher,67,Six-Month,0,0,Transfer,CAN001730,James,,White,1992-03-11,Non-binary,Japanese,Japanese,Japan,Diploma,Education,Native,N1,Eligible,Teacher,2026-04-03,Kita Junior High School,English School,Saitama,Kawagoe,2020-11-17,,Active,12,12,0,0,100.0
ASG000687,DUD100434,CLI0033,2025-01-10,2025-12-26,Transferred,ALT / English Teacher,66,Annual,0,0,Initial Assignment,CAN000094,Carlos,,Rodriguez,1983-02-10,Prefer not to say,Japanese,Mexican,Japan,Diploma,Other,C2,N3,Eligible,Teacher,2021-01-04,Haruka International School,English School,Tokyo,Koganei,2026-03-16,,Active,11,10,0,0,90.91
ASG000688,DUD100434,CLI0210,2026-01-06,2026-07-11,Ended,ALT / English Teacher,17,Monthly,0,0,Initial Assignment,CAN000094,Carlos,,Rodriguez,1983-02-10,Prefer not to say,Japanese,Mexican,Japan,Diploma,Other,C2,N3,Eligible,Teacher,2021-01-04,Haruka Education Center,High School,Tokyo,Kita,2022-12-04,,Active,6,5,0,0,83.33
ASG000689,DUD100435,CLI0028,2023-11-21,2024-07-15,Transferred,ALT / English Teacher,75,Annual,0,0,Initial Assignment,CAN001805,Luis,,Torres,1992-12-02,Male,Mexican,Spanish,Japan,Diploma,Other,B2,,Eligible,Teacher,2026-03-06,Takashima Education Center,Private School,Tokyo,Hachioji,2021-08-21,2023-05-31,Inactive,7,6,0,0,85.71
ASG000690,DUD100436,CLI0055,2025-07-03,,Active,ALT / English Teacher,90,Six-Month,0,0,Transfer,CAN001867,Christopher,,Brown,1994-01-21,Prefer not to say,Brazilian,French,Japan,Associate Degree,Business,C1,N3,Eligible,Teacher,2024-04-09,Kita Education Center,Kindergarten,Kanagawa,Sagamihara,2022-04-12,,Active,12,9,2,0,75.0
ASG000691,DUD100437,CLI0177,2024-02-01,2025-07-09,Renewed,ALT / English Teacher,26,Annual,0,0,Staffing Demand,CAN000141,Marco,,Hall,1979-02-24,Female,American,French,Japan,Bachelor's Degree,Psychology,B2,Basic,Eligible,Teacher,2021-12-06,Musashino Elementary School,Private School,Tokyo,Nerima,2021-09-08,,Active,12,10,1,0,83.33
ASG000692,DUD100438,CLI0055,2025-11-22,2027-02-14,Completed,ALT / English Teacher,115,Annual,0,0,Transfer,CAN001523,Thomas,,Hall,1991-08-26,Female,American,Spanish,Japan,Master's Degree,English,C1,N2,Eligible,Teacher,2023-03-25,Kita Education Center,Kindergarten,Kanagawa,Sagamihara,2022-04-12,,Active,12,7,3,0,58.33
ASG000693,DUD100438,CLI0091,2027-03-14,,Active,Senior Teacher,114,Three-Month,0,0,Transfer,CAN001523,Thomas,,Hall,1991-08-26,Female,American,Spanish,Japan,Master's Degree,English,C1,N2,Eligible,Teacher,2023-03-25,Sakura Academy,Private School,Tokyo,Edogawa,2026-01-29,,Active,1,1,0,0,100.0
ASG000694,DUD100439,CLI0179,2026-02-27,2027-02-17,Renewed,ALT / English Teacher,95,Three-Month,0,0,Transfer,CAN000755,Emma,,Smith,1990-09-11,Non-binary,Spanish,Mexican,Japan,Associate Degree,Psychology,B2,N3,Eligible,Teacher,2025-04-08,Seiwa Junior High School,Public Junior High School,Tokyo,Nerima,2025-03-03,,Active,11,8,0,0,72.73
ASG000695,DUD100439,CLI0078,2027-03-13,2027-07-08,Renewed,ALT / English Teacher,93,Six-Month,0,0,Transfer,CAN000755,Emma,,Smith,1990-09-11,Non-binary,Spanish,Mexican,Japan,Associate Degree,Psychology,B2,N3,Eligible,Teacher,2025-04-08,Haruka International School,Education Center,Chiba,Kashiwa,2023-10-31,,Active,3,2,1,0,66.67
ASG000696,DUD100440,CLI0060,2021-05-28,,Active,Senior Teacher,32,Annual,0,0,Transfer,CAN001078,Michael,,Sanchez,1981-02-17,Non-binary,Mexican,Australian,Japan,Master's Degree,Education,B2,N1,Eligible,Teacher,2024-02-06,Kawaguchi Junior High School,Education Center,Chiba,Kashiwa,2023-08-25,2026-07-21,Inactive,12,11,1,0,91.67
ASG000697,DUD100441,CLI0283,2024-05-19,,Active,ALT / English Teacher,44,Six-Month,0,0,Replacement,CAN001752,Hannah,,Lee,1990-11-24,Prefer not to say,Mexican,French,Japan,Diploma,Linguistics,B2,N2,Eligible,Teacher,2022-01-22,Shinmei Academy,Education Center,Kanagawa,Kawasaki,2020-04-13,,Active,12,11,1,0,91.67
ASG000698,DUD100442,CLI0251,2023-08-25,,Active,ALT / English Teacher,44,Six-Month,0,0,Replacement,CAN000693,Matthew,,Thompson,1984-07-04,Non-binary,Canadian,Mexican,Japan,Diploma,Education,C1,N1,Eligible,Teacher,2021-08-14,Ota Education Center,Public Junior High School,Saitama,Saitama,2020-09-07,2021-09-14,Inactive,12,11,1,0,91.67
ASG000699,DUD100443,CLI0009,2021-01-01,,Active,Trainer,116,Three-Month,0,0,Transfer,CAN000490,Marco,,King,1991-11-12,Non-binary,British,Filipino,Japan,Diploma,Psychology,B2,,Eligible,Teacher,2025-11-26,Hikari High School,English School,Tokyo,Kita,2019-09-15,,Active,12,8,1,0,66.67
ASG000700,DUD100444,CLI0108,2022-08-06,2023-06-19,Renewed,ALT / English Teacher,42,Monthly,0,0,Client Request,CAN001988,Miguel,,King,1989-02-24,Female,American,Australian,Japan,Diploma,Linguistics,C2,N1,Eligible,Teacher,2023-06-13,Haruka Elementary School,Public Junior High School,Saitama,Saitama,2021-02-05,,Active,10,5,2,0,50.0
ASG000701,DUD100444,CLI0092,2023-06-23,,Active,Experienced Teacher,74,Monthly,0,0,Replacement,CAN001988,Miguel,,King,1989-02-24,Female,American,Australian,Japan,Diploma,Linguistics,C2,N1,Eligible,Teacher,2023-06-13,Kawaguchi Junior High School,Private School,Kanagawa,Yokohama,2025-10-25,,Active,12,12,0,0,100.0
ASG000702,DUD100445,CLI0089,2025-03-10,2026-02-06,Completed,Experienced Teacher,51,Monthly,0,0,Staffing Demand,CAN001551,William,,Hernandez,1989-08-23,Female,Australian,Spanish,Japan,Master's Degree,Other,C1,Basic,Eligible,Teacher,2022-09-18,Koganei Education Center,High School,Chiba,Matsudo,2024-06-15,,Active,11,8,1,0,72.73
ASG000703,DUD100445,CLI0097,2026-03-03,2027-03-10,Ended,Experienced Teacher,41,Six-Month,0,0,Client Request,CAN001551,William,,Hernandez,1989-08-23,Female,Australian,Spanish,Japan,Master's Degree,Other,C1,Basic,Eligible,Teacher,2022-09-18,Sakura International School,High School,Chiba,Ichikawa,2025-02-08,,Active,12,11,1,0,91.67
ASG000704,DUD100446,CLI0241,2026-01-30,2027-07-23,Transferred,Experienced Teacher,63,Monthly,0,0,Transfer,CAN000899,Emma,,White,1997-05-20,Female,Spanish,French,Japan,Associate Degree,Business,C2,N1,Eligible,Teacher,2022-10-19,Shinmei High School,Kindergarten,Chiba,Matsudo,2026-04-02,,Active,12,10,0,0,83.33
ASG000705,DUD100446,CLI0133,2027-08-19,,Active,ALT / English Teacher,27,Three-Month,0,0,Client Request,CAN000899,Emma,,White,1997-05-20,Female,Spanish,French,Japan,Associate Degree,Business,C2,N1,Eligible,Teacher,2022-10-19,Hikari Academy,Public Elementary School,Kanagawa,Sagamihara,2020-12-19,,Active,1,1,0,0,100.0
ASG000706,DUD100447,CLI0052,2025-08-15,2025-11-14,Renewed,ALT / English Teacher,106,Monthly,0,0,Client Request,CAN001928,Jose,,Williams,1978-04-13,Male,Mexican,Brazilian,Japan,Diploma,Business,Native,Basic,Eligible,Teacher,2022-11-28,Shinmei Academy,Education Center,Tokyo,Nerima,2022-01-09,,Active,3,3,0,0,100.0
ASG000707,DUD100447,CLI0289,2025-11-28,,Active,Senior Teacher,41,Three-Month,0,0,Staffing Demand,CAN001928,Jose,,Williams,1978-04-13,Male,Mexican,Brazilian,Japan,Diploma,Business,Native,Basic,Eligible,Teacher,2022-11-28,Kita High School,Private School,Saitama,Warabi,2025-07-06,,Active,8,7,1,0,87.5
ASG000708,DUD100448,CLI0149,2021-07-31,,Active,Experienced Teacher,59,Six-Month,0,0,Replacement,CAN001247,John,,Rodriguez,1986-11-08,Non-binary,Spanish,American,Japan,Diploma,Other,B2,N3,Eligible,Teacher,2022-07-03,Haruka Junior High School,Private School,Tokyo,Tachikawa,2025-03-19,,Active,12,11,0,0,91.67
ASG000709,DUD100449,CLI0212,2025-04-01,,Active,ALT / English Teacher,17,Annual,0,0,Staffing Demand,CAN001332,Carlos,,Allen,2001-01-17,Prefer not to say,American,French,Japan,Diploma,Psychology,B2,N3,Eligible,Teacher,2026-01-16,Mirai Elementary School,Public Elementary School,Saitama,Saitama,2022-11-10,,Active,12,9,1,0,75.0
ASG000710,DUD100450,CLI0155,2021-08-25,2022-10-07,Ended,Experienced Teacher,65,Monthly,0,0,Replacement,CAN000639,James,,Thompson,1985-05-11,Non-binary,Australian,Spanish,Japan,Diploma,Education,C2,N2,Eligible,Teacher,2021-05-22,Seiwa Education Center,Kindergarten,Saitama,Warabi,2025-03-15,,Active,12,9,0,0,75.0
ASG000711,DUD100451,CLI0199,2023-05-02,2023-10-08,Transferred,ALT / English Teacher,117,Annual,0,0,Initial Assignment,CAN001977,Luis,,Johnson,1977-05-10,Non-binary,Brazilian,Australian,Japan,Diploma,Other,C1,N2,Eligible,Teacher,2025-07-04,Asahi Academy,Public Junior High School,Kanagawa,Sagamihara,2019-11-05,,Active,5,5,0,0,100.0
ASG000712,DUD100451,CLI0277,2023-10-17,2024-09-26,Renewed,Experienced Teacher,28,Three-Month,0,0,Client Request,CAN001977,Luis,,Johnson,1977-05-10,Non-binary,Brazilian,Australian,Japan,Diploma,Other,C1,N2,Eligible,Teacher,2025-07-04,Asahi Elementary School,English School,Kanagawa,Fujisawa,2019-05-04,,Active,11,10,0,0,90.91
ASG000713,DUD100451,CLI0200,2024-10-12,2025-10-25,Ended,Experienced Teacher,118,Annual,0,0,Client Request,CAN001977,Luis,,Johnson,1977-05-10,Non-binary,Brazilian,Australian,Japan,Diploma,Other,C1,N2,Eligible,Teacher,2025-07-04,Seiwa International School,Kindergarten,Chiba,Ichikawa,2025-10-18,,Active,12,10,0,0,83.33
ASG000714,DUD100452,CLI0166,2025-11-09,2026-04-18,Completed,ALT / English Teacher,119,Six-Month,0,0,Initial Assignment,CAN000924,Carlos,,Young,1988-01-16,Prefer not to say,Brazilian,Spanish,Japan,Master's Degree,Psychology,C1,N2,Eligible,Teacher,2025-05-01,Nerima Junior High School,Private School,Kanagawa,Yokohama,2024-03-04,,Active,5,5,0,0,100.0
ASG000715,DUD100453,CLI0289,2021-10-13,2022-08-03,Renewed,Experienced Teacher,27,Annual,0,0,Client Request,CAN001279,Jessica,,Johnson,1980-05-23,Female,French,Mexican,Japan,Master's Degree,English,C1,N1,Eligible,Teacher,2023-07-25,Kita High School,Private School,Saitama,Warabi,2025-07-06,,Active,9,6,1,0,66.67
ASG000716,DUD100453,CLI0011,2022-08-26,,Active,Senior Teacher,108,Annual,0,0,Initial Assignment,CAN001279,Jessica,,Johnson,1980-05-23,Female,French,Mexican,Japan,Master's Degree,English,C1,N1,Eligible,Teacher,2023-07-25,Takashima High School,Kindergarten,Saitama,Kawagoe,2024-05-26,,Active,12,8,0,0,66.67
ASG000717,DUD100454,CLI0189,2024-04-06,2025-07-21,Completed,Senior Teacher,26,Three-Month,0,0,Replacement,CAN001438,Andres,,Allen,1995-04-23,Non-binary,British,Mexican,Japan,Diploma,Business,B2,Basic,Eligible,Teacher,2021-05-21,Tsubaki High School,Kindergarten,Chiba,Ichikawa,2024-03-18,,Active,12,9,2,0,75.0
ASG000718,DUD100454,CLI0124,2025-07-23,,Active,ALT / English Teacher,35,Monthly,0,0,Client Request,CAN001438,Andres,,Allen,1995-04-23,Non-binary,British,Mexican,Japan,Diploma,Business,B2,Basic,Eligible,Teacher,2021-05-21,Koyo International School,Public Junior High School,Saitama,Soka,2024-06-11,,Active,12,12,0,0,100.0
ASG000719,DUD100455,CLI0230,2024-04-01,2025-09-22,Ended,Experienced Teacher,77,Six-Month,0,0,Replacement,CAN000793,Luis,,Wilson,1981-10-19,Prefer not to say,Canadian,Mexican,Japan,Diploma,Linguistics,B2,N3,Eligible,Teacher,2026-01-29,Haruka Junior High School,Private School,Tokyo,Ota,2025-09-03,,Active,12,11,1,0,91.67
ASG000720,DUD100455,CLI0204,2025-10-09,2027-01-23,Transferred,ALT / English Teacher,59,Six-Month,0,0,Replacement,CAN000793,Luis,,Wilson,1981-10-19,Prefer not to say,Canadian,Mexican,Japan,Diploma,Linguistics,B2,N3,Eligible,Teacher,2026-01-29,Nerima International School,Public Elementary School,Saitama,Kawaguchi,2020-11-28,2024-02-01,Inactive,12,10,1,0,83.33
ASG000721,DUD100455,CLI0295,2027-02-06,2027-05-17,Renewed,ALT / English Teacher,85,Three-Month,0,0,Staffing Demand,CAN000793,Luis,,Wilson,1981-10-19,Prefer not to say,Canadian,Mexican,Japan,Diploma,Linguistics,B2,N3,Eligible,Teacher,2026-01-29,Tsubaki Junior High School,Public Junior High School,Kanagawa,Fujisawa,2022-02-23,,Active,3,3,0,0,100.0
ASG000722,DUD100456,CLI0276,2024-09-21,,Active,Experienced Teacher,87,Monthly,0,0,Initial Assignment,CAN000351,Alejandro,,Hall,1980-03-07,Prefer not to say,Mexican,French,Japan,Bachelor's Degree,Education,Native,N3,Eligible,Teacher,2025-11-22,Kawaguchi Elementary School,Public Elementary School,Tokyo,Katsushika,2022-10-28,,Active,12,12,0,0,100.0
ASG000723,DUD100457,CLI0120,2023-04-03,2024-04-27,Renewed,Experienced Teacher,29,Three-Month,0,0,Replacement,CAN001751,Emma,,Allen,1999-07-15,Non-binary,Filipino,Canadian,Japan,Bachelor's Degree,English,C1,N3,Eligible,Teacher,2024-12-04,Ota High School,Public Elementary School,Kanagawa,Yokohama,2024-03-23,,Active,12,10,2,0,83.33
ASG000724,DUD100457,CLI0257,2024-05-13,2024-12-22,Completed,Senior Teacher,15,Six-Month,0,0,Initial Assignment,CAN001751,Emma,,Allen,1999-07-15,Non-binary,Filipino,Canadian,Japan,Bachelor's Degree,English,C1,N3,Eligible,Teacher,2024-12-04,Koyo International School,Public Junior High School,Kanagawa,Yamato,2025-06-05,,Active,7,6,0,0,85.71
ASG000725,DUD100458,CLI0131,2022-05-31,2023-09-21,Ended,Trainer,89,Monthly,0,0,Client Request,CAN000002,Juan,,Young,1976-09-20,Prefer not to say,British,Spanish,Japan,Bachelor's Degree,Business,Native,Basic,Eligible,Teacher,2023-04-29,Asahi High School,Public Junior High School,Saitama,Kawagoe,2024-10-21,2027-04-26,Inactive,12,9,1,0,75.0
ASG000726,DUD100458,CLI0190,2023-10-13,,Active,ALT / English Teacher,89,Three-Month,0,0,Client Request,CAN000002,Juan,,Young,1976-09-20,Prefer not to say,British,Spanish,Japan,Bachelor's Degree,Business,Native,Basic,Eligible,Teacher,2023-04-29,Asahi International School,English School,Kanagawa,Sagamihara,2020-05-23,,Active,12,8,0,0,66.67
ASG000727,DUD100459,CLI0221,2024-03-05,2025-07-26,Completed,ALT / English Teacher,29,Three-Month,0,0,Transfer,CAN001993,Christopher,,Hall,1978-05-20,Female,Australian,Australian,Japan,Associate Degree,Linguistics,B2,N1,Eligible,Teacher,2021-06-24,Haruka Education Center,High School,Chiba,Ichikawa,2019-10-29,2021-07-29,Inactive,12,9,2,0,75.0
ASG000728,DUD100459,CLI0151,2025-08-23,2027-02-01,Renewed,Experienced Teacher,100,Three-Month,0,0,Initial Assignment,CAN001993,Christopher,,Hall,1978-05-20,Female,Australian,Australian,Japan,Associate Degree,Linguistics,B2,N1,Eligible,Teacher,2021-06-24,Kawaguchi Academy,High School,Chiba,Ichikawa,2026-04-11,,Active,12,10,1,0,83.33
ASG000729,DUD100459,CLI0287,2027-02-02,2028-02-24,Renewed,ALT / English Teacher,18,Six-Month,0,0,Client Request,CAN001993,Christopher,,Hall,1978-05-20,Female,Australian,Australian,Japan,Associate Degree,Linguistics,B2,N1,Eligible,Teacher,2021-06-24,Shinmei Elementary School,English School,Kanagawa,Yokohama,2023-09-29,,Active,12,10,1,0,83.33
ASG000730,DUD100460,CLI0067,2024-03-31,,Active,Experienced Teacher,38,Three-Month,0,0,Staffing Demand,CAN000991,Robert,,Moore,1997-01-21,Non-binary,British,Brazilian,Japan,Bachelor's Degree,Psychology,Native,,Eligible,Teacher,2025-05-17,Kizuna High School,Public Elementary School,Saitama,Soka,2020-07-29,,Active,12,10,2,0,83.33
ASG000731,DUD100461,CLI0285,2021-04-25,2022-02-18,Completed,ALT / English Teacher,97,Six-Month,0,0,Transfer,CAN001407,Emma,,Rodriguez,1996-07-21,Female,Mexican,Spanish,Japan,Diploma,Other,C2,N3,Eligible,Teacher,2025-05-02,Kizuna Education Center,Public Junior High School,Tokyo,Koganei,2023-09-30,,Active,10,6,2,0,60.0
ASG000732,DUD100462,CLI0255,2022-07-18,2023-07-10,Transferred,Senior Teacher,30,Monthly,0,0,Staffing Demand,CAN001680,Maria,,Martinez,2001-03-05,Non-binary,French,Japanese,Japan,Master's Degree,Other,C1,N2,Eligible,Teacher,2026-02-15,Haruka Academy,Education Center,Saitama,Kawaguchi,2020-03-22,,Active,11,9,2,0,81.82
ASG000733,DUD100462,CLI0010,2023-07-25,2024-07-05,Renewed,ALT / English Teacher,21,Three-Month,0,0,Staffing Demand,CAN001680,Maria,,Martinez,2001-03-05,Non-binary,French,Japanese,Japan,Master's Degree,Other,C1,N2,Eligible,Teacher,2026-02-15,Midori International School,Kindergarten,Chiba,Chiba,2022-09-04,,Active,11,9,2,0,81.82
ASG000734,DUD100462,CLI0045,2024-07-08,,Active,Senior Teacher,107,Monthly,0,0,Initial Assignment,CAN001680,Maria,,Martinez,2001-03-05,Non-binary,French,Japanese,Japan,Master's Degree,Other,C1,N2,Eligible,Teacher,2026-02-15,Haruka Elementary School,Public Elementary School,Kanagawa,Fujisawa,2024-09-29,,Active,12,9,0,0,75.0
ASG000735,DUD100463,CLI0294,2023-08-11,2024-10-27,Transferred,ALT / English Teacher,54,Annual,0,0,Replacement,CAN001790,Sarah,,Moore,1978-12-18,Male,Spanish,Australian,Japan,Diploma,Linguistics,C2,N2,Eligible,Teacher,2026-03-02,Shinmei Junior High School,Kindergarten,Saitama,Saitama,2020-12-10,,Active,12,12,0,0,100.0
ASG000736,DUD100463,CLI0016,2024-11-04,,Active,Experienced Teacher,97,Annual,0,0,Transfer,CAN001790,Sarah,,Moore,1978-12-18,Male,Spanish,Australian,Japan,Diploma,Linguistics,C2,N2,Eligible,Teacher,2026-03-02,Ota Education Center,Public Elementary School,Chiba,Chiba,2020-07-04,,Active,12,8,2,0,66.67
ASG000737,DUD100464,CLI0180,2025-08-09,,Active,Experienced Teacher,35,Three-Month,0,0,Transfer,CAN001719,Andres,,Martin,1989-04-22,Female,British,Filipino,Japan,Master's Degree,Business,Native,Basic,Eligible,Teacher,2021-09-08,Kawaguchi Junior High School,High School,Kanagawa,Fujisawa,2022-07-31,,Active,12,10,0,0,83.33
ASG000738,DUD100465,CLI0005,2025-11-16,,Active,Experienced Teacher,110,Six-Month,0,0,Transfer,CAN000889,Hannah,,Jackson,1986-11-28,Female,British,Australian,Japan,Associate Degree,Psychology,C2,N3,Eligible,Teacher,2023-02-15,Shinmei Academy,Kindergarten,Chiba,Funabashi,2025-12-15,,Active,9,9,0,0,100.0
ASG000739,DUD100466,CLI0285,2024-01-07,2025-06-08,Transferred,ALT / English Teacher,96,Monthly,0,0,Transfer,CAN001500,Luis,,Wilson,1984-07-13,Male,French,Japanese,Japan,Bachelor's Degree,Other,C1,N2,Eligible,Teacher,2023-03-31,Kizuna Education Center,Public Junior High School,Tokyo,Koganei,2023-09-30,,Active,12,10,2,0,83.33
ASG000740,DUD100466,CLI0008,2025-06-28,2026-03-26,Ended,ALT / English Teacher,36,Annual,0,0,Staffing Demand,CAN001500,Luis,,Wilson,1984-07-13,Male,French,Japanese,Japan,Bachelor's Degree,Other,C1,N2,Eligible,Teacher,2023-03-31,Shinmei High School,Public Junior High School,Kanagawa,Yamato,2025-02-22,,Active,9,8,0,0,88.89
ASG000741,DUD100466,CLI0048,2026-04-05,,Active,Experienced Teacher,85,Three-Month,0,0,Transfer,CAN001500,Luis,,Wilson,1984-07-13,Male,French,Japanese,Japan,Bachelor's Degree,Other,C1,N2,Eligible,Teacher,2023-03-31,Ota Junior High School,Education Center,Kanagawa,Yokohama,2024-09-12,2026-06-19,Inactive,4,3,1,0,75.0
ASG000742,DUD100467,CLI0275,2025-12-06,,Active,Experienced Teacher,57,Annual,0,0,Replacement,CAN001227,John,,Ramirez,1978-04-01,Female,British,Canadian,Japan,Master's Degree,Other,Native,N1,Eligible,Teacher,2021-04-12,Akebono High School,Education Center,Chiba,Urayasu,2021-04-26,,Active,8,6,1,0,75.0
ASG000743,DUD100468,CLI0145,2022-03-07,,Active,ALT / English Teacher,100,Monthly,0,0,Client Request,CAN001129,John,,Torres,2002-08-20,Female,Brazilian,British,Japan,Bachelor's Degree,Other,C2,N2,Eligible,Teacher,2022-01-11,Musashino Elementary School,English School,Kanagawa,Yokohama,2024-08-24,,Active,12,12,0,0,100.0
ASG000744,DUD100469,CLI0169,2023-10-02,2024-06-03,Ended,ALT / English Teacher,115,Six-Month,0,0,Staffing Demand,CAN001118,Emma,,Miller,1998-06-04,Male,Filipino,French,Japan,Associate Degree,Other,C2,Basic,Eligible,Teacher,2024-07-30,Meisei International School,Kindergarten,Saitama,Warabi,2023-05-15,,Active,8,7,0,0,87.5
ASG000745,DUD100470,CLI0036,2023-06-19,,Active,Senior Teacher,21,Monthly,0,0,Transfer,CAN001581,Robert,,Torres,2002-07-20,Prefer not to say,Canadian,Canadian,Japan,Diploma,Business,C1,N2,Eligible,Teacher,2023-10-19,Seiwa International School,Public Junior High School,Tokyo,Ota,2019-06-26,2021-06-29,Inactive,12,9,1,0,75.0
ASG000746,DUD100471,CLI0196,2026-02-22,,Active,Senior Teacher,100,Six-Month,0,0,Transfer,CAN001287,David,,Lee,2002-11-17,Non-binary,Spanish,Australian,Japan,Diploma,Business,C1,,Eligible,Teacher,2025-05-14,Asahi Education Center,High School,Saitama,Koshigaya,2025-09-29,,Active,5,5,0,0,100.0
ASG000747,DUD100472,CLI0168,2024-10-23,,Active,ALT / English Teacher,29,Six-Month,0,0,Replacement,CAN001072,Alejandro,,White,1988-12-28,Female,Japanese,Brazilian,Japan,Associate Degree,Education,C2,N3,Eligible,Teacher,2025-07-26,Meisei Education Center,Public Junior High School,Kanagawa,Fujisawa,2019-11-11,,Active,12,9,1,0,75.0
ASG000748,DUD100473,CLI0202,2022-06-17,,Active,ALT / English Teacher,107,Monthly,0,0,Replacement,CAN000821,Hannah,,Johnson,2002-09-01,Non-binary,Filipino,French,Japan,Associate Degree,Linguistics,B2,,Eligible,Teacher,2021-11-10,Tsubaki Elementary School,High School,Kanagawa,Kawasaki,2023-08-14,,Active,12,8,1,0,66.67
ASG000749,DUD100474,CLI0093,2026-01-23,,Active,ALT / English Teacher,24,Annual,0,0,Client Request,CAN000163,James,,Smith,1989-10-09,Female,Japanese,American,Japan,Diploma,English,B2,Basic,Eligible,Teacher,2026-05-14,Asahi Academy,Public Elementary School,Chiba,Matsudo,2023-07-08,,Active,6,6,0,0,100.0
ASG000750,DUD100475,CLI0293,2022-10-31,2024-04-08,Completed,Experienced Teacher,79,Six-Month,0,0,Transfer,CAN001766,Miguel,,Gonzalez,1987-09-25,Prefer not to say,American,Canadian,Japan,Associate Degree,Linguistics,B2,N2,Eligible,Teacher,2024-11-30,Tsubaki Elementary School,Private School,Kanagawa,Fujisawa,2025-06-15,,Active,12,9,1,0,75.0
ASG000751,DUD100476,CLI0038,2022-11-28,2023-05-17,Transferred,Senior Teacher,99,Three-Month,0,0,Staffing Demand,CAN001977,Matthew,,Sanchez,1997-02-16,Male,Brazilian,Spanish,Japan,Bachelor's Degree,Education,C2,N1,Eligible,Teacher,2025-11-10,Kizuna International School,High School,Kanagawa,Yokohama,2023-12-19,,Active,5,5,0,0,100.0
ASG000752,DUD100477,CLI0132,2024-02-08,2024-05-29,Transferred,Experienced Teacher,75,Three-Month,0,0,Staffing Demand,CAN001745,Hannah,,Williams,1995-11-27,Prefer not to say,Australian,Filipino,Japan,Associate Degree,Other,Native,N1,Eligible,Teacher,2026-06-25,Kawaguchi Elementary School,Kindergarten,Chiba,Kashiwa,2025-09-10,,Active,3,3,0,0,100.0
ASG000753,DUD100477,CLI0109,2024-06-05,2024-10-30,Renewed,Experienced Teacher,55,Three-Month,0,0,Transfer,CAN001745,Hannah,,Williams,1995-11-27,Prefer not to say,Australian,Filipino,Japan,Associate Degree,Other,Native,N1,Eligible,Teacher,2026-06-25,Sakura International School,Public Junior High School,Chiba,Kashiwa,2026-03-02,2027-01-17,Inactive,4,3,1,0,75.0
ASG000754,DUD100478,CLI0222,2023-08-14,2024-12-25,Transferred,ALT / English Teacher,40,Monthly,0,0,Replacement,CAN001430,Juan,,Lopez,1991-10-07,Female,American,Mexican,Japan,Master's Degree,Other,B2,N3,Eligible,Teacher,2022-05-02,Musashino Elementary School,High School,Kanagawa,Yamato,2022-11-26,,Active,12,8,2,0,66.67
ASG000755,DUD100479,CLI0222,2021-04-28,2022-01-11,Transferred,ALT / English Teacher,91,Annual,0,0,Client Request,CAN000078,Miguel,,Lopez,1992-09-13,Prefer not to say,British,Filipino,Japan,Bachelor's Degree,Linguistics,Native,N1,Eligible,Teacher,2021-02-08,Musashino Elementary School,High School,Kanagawa,Yamato,2022-11-26,,Active,8,6,0,0,75.0
ASG000756,DUD100479,CLI0219,2022-01-16,,Active,ALT / English Teacher,120,Three-Month,0,0,Transfer,CAN000078,Miguel,,Lopez,1992-09-13,Prefer not to say,British,Filipino,Japan,Bachelor's Degree,Linguistics,Native,N1,Eligible,Teacher,2021-02-08,Seiwa International School,Public Elementary School,Tokyo,Ota,2024-11-19,,Active,12,11,1,0,91.67
ASG000757,DUD100480,CLI0117,2025-02-07,,Active,ALT / English Teacher,42,Monthly,0,0,Transfer,CAN000937,James,,Rodriguez,1980-07-18,Male,British,Australian,Japan,Master's Degree,Psychology,C1,N3,Eligible,Teacher,2022-06-27,Asahi Junior High School,Public Junior High School,Saitama,Warabi,2019-01-20,,Active,12,9,0,0,75.0
ASG000758,DUD100481,CLI0239,2022-06-14,2023-08-24,Renewed,ALT / English Teacher,43,Annual,0,0,Client Request,CAN000067,Ana,,Sanchez,1991-03-06,Female,Brazilian,Spanish,Japan,Master's Degree,Psychology,B2,N3,Eligible,Teacher,2025-09-28,Sakura Junior High School,English School,Tokyo,Itabashi,2022-04-12,,Active,12,11,0,0,91.67
ASG000759,DUD100482,CLI0139,2022-09-13,,Active,ALT / English Teacher,41,Annual,0,0,Client Request,CAN000813,Jose,,Perez,1990-12-02,Prefer not to say,Brazilian,Mexican,Japan,Master's Degree,Psychology,C1,Basic,Eligible,Teacher,2026-05-20,Kizuna Junior High School,Private School,Kanagawa,Kawasaki,2024-05-03,,Active,12,10,0,0,83.33
ASG000760,DUD100483,CLI0105,2025-07-11,2026-07-27,Ended,ALT / English Teacher,16,Monthly,0,0,Initial Assignment,CAN000972,Luis,,Moore,1996-10-05,Female,French,Spanish,Japan,Diploma,Business,Native,N2,Eligible,Teacher,2023-09-24,Mirai International School,Kindergarten,Chiba,Ichikawa,2025-02-09,,Active,12,12,0,0,100.0
ASG000761,DUD100483,CLI0058,2026-08-14,2028-01-31,Completed,ALT / English Teacher,113,Monthly,0,0,Staffing Demand,CAN000972,Luis,,Moore,1996-10-05,Female,French,Spanish,Japan,Diploma,Business,Native,N2,Eligible,Teacher,2023-09-24,Mirai High School,High School,Chiba,Matsudo,2024-07-16,,Active,12,12,0,0,100.0
ASG000762,DUD100484,CLI0150,2021-03-21,,Active,Senior Teacher,74,Monthly,0,0,Initial Assignment,CAN001781,Jessica,,Walker,2002-02-01,Non-binary,French,French,Japan,Bachelor's Degree,Other,C1,,Eligible,Teacher,2021-10-21,Takashima High School,English School,Tokyo,Hachioji,2025-10-12,,Active,12,12,0,0,100.0
ASG000763,DUD100485,CLI0287,2022-02-02,,Active,ALT / English Teacher,67,Monthly,0,0,Staffing Demand,CAN000019,Daniel,,Torres,1987-05-14,Male,Canadian,French,Japan,Bachelor's Degree,Business,Native,N2,Eligible,Teacher,2023-08-03,Shinmei Elementary School,English School,Kanagawa,Yokohama,2023-09-29,,Active,12,12,0,0,100.0
ASG000764,DUD100486,CLI0092,2025-01-02,,Active,ALT / English Teacher,119,Monthly,0,0,Staffing Demand,CAN000363,Emma,,Williams,1995-01-06,Male,British,Canadian,Japan,Master's Degree,Other,B2,N1,Eligible,Teacher,2022-01-23,Kawaguchi Junior High School,Private School,Kanagawa,Yokohama,2025-10-25,,Active,12,11,1,0,91.67
ASG000765,DUD100487,CLI0090,2021-04-22,2022-01-16,Renewed,Senior Teacher,94,Annual,0,0,Initial Assignment,CAN001129,Sarah,,Moore,1976-04-11,Non-binary,Japanese,British,Japan,Diploma,Education,Native,,Eligible,Teacher,2023-10-17,Akebono International School,Public Elementary School,Saitama,Koshigaya,2021-11-15,,Active,9,8,0,0,88.89
ASG000766,DUD100487,CLI0135,2022-01-28,,Active,Senior Teacher,48,Monthly,0,0,Client Request,CAN001129,Sarah,,Moore,1976-04-11,Non-binary,Japanese,British,Japan,Diploma,Education,Native,,Eligible,Teacher,2023-10-17,Asahi Education Center,Public Elementary School,Saitama,Toda,2024-07-10,,Active,12,12,0,0,100.0
ASG000767,DUD100488,CLI0049,2024-07-21,2025-02-13,Ended,ALT / English Teacher,103,Three-Month,0,0,Client Request,CAN000362,Matthew,,Hernandez,1983-10-06,Prefer not to say,Brazilian,Canadian,Japan,Master's Degree,Other,Native,N1,Eligible,Teacher,2025-10-11,Haruka Junior High School,High School,Chiba,Ichikawa,2025-01-19,,Active,6,5,0,0,83.33
ASG000768,DUD100488,CLI0212,2025-02-15,2026-04-25,Ended,ALT / English Teacher,110,Three-Month,0,0,Transfer,CAN000362,Matthew,,Hernandez,1983-10-06,Prefer not to say,Brazilian,Canadian,Japan,Master's Degree,Other,Native,N1,Eligible,Teacher,2025-10-11,Mirai Elementary School,Public Elementary School,Saitama,Saitama,2022-11-10,,Active,12,10,1,0,83.33
ASG000769,DUD100489,CLI0224,2022-06-04,2023-07-05,Renewed,Experienced Teacher,94,Three-Month,0,0,Transfer,CAN000784,Ana,,Johnson,1975-01-22,Female,Japanese,Spanish,Japan,Diploma,Other,C1,Basic,Eligible,Teacher,2022-09-17,Mirai Junior High School,Education Center,Tokyo,Koganei,2020-06-17,2021-07-31,Inactive,12,10,0,0,83.33
ASG000770,DUD100490,CLI0207,2021-04-14,,Active,ALT / English Teacher,57,Monthly,0,0,Initial Assignment,CAN000001,Daniel,,Martinez,1999-06-18,Female,Australian,American,Japan,Diploma,Education,C1,N3,Eligible,Teacher,2025-01-08,Nerima Elementary School,English School,Chiba,Kashiwa,2024-02-01,,Active,12,10,1,0,83.33
ASG000771,DUD100491,CLI0070,2024-10-08,,Active,Experienced Teacher,25,Six-Month,0,0,Transfer,CAN000196,Andres,,Ramirez,1993-04-17,Male,Mexican,Filipino,Japan,Associate Degree,Business,Native,N3,Eligible,Teacher,2023-11-14,Sakura Elementary School,Public Junior High School,Saitama,Toda,2025-05-15,,Active,12,10,1,0,83.33
ASG000772,DUD100492,CLI0094,2021-06-18,2021-12-14,Ended,Experienced Teacher,68,Six-Month,0,0,Client Request,CAN001283,James,,Brown,1999-11-23,Non-binary,French,British,Japan,Master's Degree,Education,Native,N3,Eligible,Teacher,2023-10-06,Mirai Academy,Education Center,Tokyo,Kita,2026-05-07,,Active,6,5,1,0,83.33
ASG000773,DUD100492,CLI0263,2021-12-16,2023-05-09,Transferred,ALT / English Teacher,17,Annual,0,0,Staffing Demand,CAN001283,James,,Brown,1999-11-23,Non-binary,French,British,Japan,Master's Degree,Education,Native,N3,Eligible,Teacher,2023-10-06,Haruka International School,Public Junior High School,Chiba,Ichikawa,2023-11-15,,Active,12,10,0,0,83.33
ASG000774,DUD100492,CLI0087,2023-05-31,,Active,ALT / English Teacher,33,Three-Month,0,0,Staffing Demand,CAN001283,James,,Brown,1999-11-23,Non-binary,French,British,Japan,Master's Degree,Education,Native,N3,Eligible,Teacher,2023-10-06,Kizuna High School,Public Elementary School,Kanagawa,Yamato,2025-01-04,,Active,12,7,2,0,58.33
ASG000775,DUD100493,CLI0280,2025-03-24,2026-01-20,Completed,ALT / English Teacher,105,Three-Month,0,0,Staffing Demand,CAN001893,Christopher,,Sanchez,1982-04-04,Non-binary,Mexican,Brazilian,Japan,Master's Degree,Business,C2,N3,Eligible,Teacher,2024-05-30,Seiwa International School,English School,Saitama,Saitama,2019-10-30,2022-12-03,Inactive,10,9,1,0,90.0
ASG000776,DUD100493,CLI0164,2026-02-03,2027-02-25,Ended,Experienced Teacher,54,Monthly,0,0,Replacement,CAN001893,Christopher,,Sanchez,1982-04-04,Non-binary,Mexican,Brazilian,Japan,Master's Degree,Business,C2,N3,Eligible,Teacher,2024-05-30,Midori High School,Education Center,Chiba,Matsudo,2022-05-09,,Active,12,10,0,0,83.33
ASG000777,DUD100494,CLI0014,2024-03-12,2025-08-24,Ended,Experienced Teacher,74,Monthly,0,0,Transfer,CAN000484,Hannah,,Sanchez,1999-05-11,Non-binary,Spanish,American,Japan,Master's Degree,Psychology,C2,Basic,Eligible,Teacher,2025-01-12,Meisei High School,English School,Tokyo,Itabashi,2020-02-25,,Active,12,10,0,0,83.33
ASG000778,DUD100495,CLI0044,2025-02-16,2026-02-27,Ended,ALT / English Teacher,44,Monthly,0,0,Transfer,CAN001447,Olivia,,Davis,1978-03-09,Male,American,Mexican,Japan,Associate Degree,English,Native,,Eligible,Teacher,2023-08-09,Nerima Junior High School,Private School,Chiba,Ichikawa,2021-07-30,,Active,12,11,0,0,91.67
ASG000779,DUD100495,CLI0143,2026-03-25,2026-08-31,Completed,Experienced Teacher,45,Monthly,0,0,Transfer,CAN001447,Olivia,,Davis,1978-03-09,Male,American,Mexican,Japan,Associate Degree,English,Native,,Eligible,Teacher,2023-08-09,Kizuna International School,Education Center,Kanagawa,Kawasaki,2022-11-28,,Active,5,5,0,0,100.0
ASG000780,DUD100495,CLI0128,2026-09-03,,Active,ALT / English Teacher,38,Annual,0,0,Replacement,CAN001447,Olivia,,Davis,1978-03-09,Male,American,Mexican,Japan,Associate Degree,English,Native,,Eligible,Teacher,2023-08-09,Tsubaki Junior High School,Education Center,Chiba,Urayasu,2022-11-06,,Active,1,1,0,0,100.0
ASG000781,DUD100496,CLI0020,2024-09-27,2026-01-19,Renewed,Experienced Teacher,52,Monthly,0,0,Client Request,CAN001284,Carlos,,Torres,1996-06-27,Female,Spanish,French,Japan,Bachelor's Degree,Linguistics,C1,N1,Eligible,Teacher,2023-05-23,Sakura International School,Public Elementary School,Chiba,Kashiwa,2024-10-13,,Active,12,11,1,0,91.67
ASG000782,DUD100496,CLI0276,2026-01-20,,Active,ALT / English Teacher,23,Monthly,0,0,Transfer,CAN001284,Carlos,,Torres,1996-06-27,Female,Spanish,French,Japan,Bachelor's Degree,Linguistics,C1,N1,Eligible,Teacher,2023-05-23,Kawaguchi Elementary School,Public Elementary School,Tokyo,Katsushika,2022-10-28,,Active,7,6,0,0,85.71
ASG000783,DUD100497,CLI0195,2024-04-06,2025-09-13,Transferred,Experienced Teacher,55,Six-Month,0,0,Replacement,CAN001332,Sarah,,Wilson,1983-12-25,Non-binary,Japanese,Brazilian,Japan,Associate Degree,English,Native,,Eligible,Teacher,2023-09-26,Haruka Academy,English School,Kanagawa,Yamato,2020-09-13,,Active,12,12,0,0,100.0
ASG000784,DUD100498,CLI0116,2022-06-06,2022-10-29,Renewed,Senior Teacher,66,Six-Month,0,0,Transfer,CAN000942,John,,Thompson,1984-10-05,Male,Australian,Brazilian,Japan,Bachelor's Degree,Psychology,Native,,Eligible,Teacher,2021-07-30,Takashima Education Center,Public Junior High School,Kanagawa,Kawasaki,2024-10-21,,Active,4,3,0,0,75.0
ASG000785,DUD100498,CLI0025,2022-11-24,,Active,ALT / English Teacher,78,Monthly,0,0,Transfer,CAN000942,John,,Thompson,1984-10-05,Male,Australian,Brazilian,Japan,Bachelor's Degree,Psychology,Native,,Eligible,Teacher,2021-07-30,Tsubaki International School,Private School,Chiba,Funabashi,2023-12-05,,Active,12,11,1,0,91.67
ASG000786,DUD100499,CLI0133,2025-05-28,,Active,Experienced Teacher,89,Annual,0,0,Client Request,CAN000008,Miguel,,Moore,1986-04-03,Male,Spanish,Mexican,Japan,Bachelor's Degree,Linguistics,C1,N2,Eligible,Teacher,2025-03-11,Hikari Academy,Public Elementary School,Kanagawa,Sagamihara,2020-12-19,,Active,12,8,2,0,66.67
ASG000787,DUD100500,CLI0205,2025-03-19,,Active,ALT / English Teacher,120,Monthly,0,0,Staffing Demand,CAN000640,Andres,,Martinez,1987-08-10,Prefer not to say,Spanish,Australian,Japan,Bachelor's Degree,English,C1,,Eligible,Teacher,2026-04-06,Mirai High School,Private School,Saitama,Kawagoe,2024-08-28,,Active,12,11,0,0,91.67
ASG000788,DUD100501,CLI0063,2025-01-27,2025-07-21,Transferred,ALT / English Teacher,97,Six-Month,0,0,Replacement,CAN000506,Robert,,Garcia,1988-08-13,Male,Japanese,Brazilian,Japan,Bachelor's Degree,English,C1,N3,Eligible,Teacher,2025-09-18,Koganei Elementary School,Private School,Tokyo,Edogawa,2025-11-18,,Active,5,5,0,0,100.0
ASG000789,DUD100502,CLI0051,2026-03-04,,Active,ALT / English Teacher,40,Six-Month,0,0,Staffing Demand,CAN000152,John,,Gonzalez,1999-08-23,Prefer not to say,Canadian,Mexican,Japan,Master's Degree,Other,C2,Basic,Eligible,Teacher,2025-05-15,Seiwa Junior High School,Private School,Saitama,Warabi,2023-01-03,,Active,5,3,1,0,60.0
ASG000790,DUD100503,CLI0281,2023-01-16,2023-10-06,Transferred,Senior Teacher,103,Three-Month,0,0,Staffing Demand,CAN001018,William,,Martinez,1995-05-14,Female,Brazilian,Japanese,Japan,Associate Degree,Other,C2,Basic,Eligible,Teacher,2025-03-31,Kita Junior High School,English School,Chiba,Ichikawa,2023-10-27,,Active,8,6,0,0,75.0
ASG000791,DUD100504,CLI0037,2021-11-07,2023-03-28,Ended,ALT / English Teacher,103,Three-Month,0,0,Transfer,CAN001310,David,,Perez,1995-09-20,Non-binary,Spanish,Japanese,Japan,Master's Degree,Business,B2,Basic,Eligible,Teacher,2023-02-04,Midori Junior High School,Public Elementary School,Kanagawa,Sagamihara,2025-11-05,,Active,12,10,0,0,83.33
ASG000792,DUD100505,CLI0137,2025-04-14,,Active,Trainer,109,Monthly,0,0,Transfer,CAN001242,Sarah,,Young,1994-11-20,Prefer not to say,Japanese,Japanese,Japan,Diploma,Other,C1,N3,Eligible,Teacher,2026-05-04,Nerima Academy,Private School,Chiba,Chiba,2022-10-01,2023-05-30,Inactive,12,10,0,0,83.33
ASG000793,DUD100506,CLI0267,2024-10-07,2026-01-01,Completed,ALT / English Teacher,100,Three-Month,0,0,Initial Assignment,CAN000473,Marco,,Young,1978-08-04,Male,Mexican,Canadian,Japan,Bachelor's Degree,English,C2,N1,Eligible,Teacher,2022-03-29,Kawaguchi International School,English School,Kanagawa,Kawasaki,2022-07-11,,Active,12,10,1,0,83.33
ASG000794,DUD100507,CLI0289,2022-05-15,2023-10-25,Ended,ALT / English Teacher,77,Three-Month,0,0,Transfer,CAN001586,Ana,,Walker,1990-12-23,Non-binary,British,Japanese,Japan,Master's Degree,Business,C1,Basic,Eligible,Teacher,2025-02-08,Kita High School,Private School,Saitama,Warabi,2025-07-06,,Active,12,10,2,0,83.33
ASG000795,DUD100507,CLI0163,2023-11-23,2024-12-17,Completed,ALT / English Teacher,91,Annual,0,0,Replacement,CAN001586,Ana,,Walker,1990-12-23,Non-binary,British,Japanese,Japan,Master's Degree,Business,C1,Basic,Eligible,Teacher,2025-02-08,Tsubaki Education Center,Private School,Saitama,Koshigaya,2019-08-22,,Active,12,10,0,0,83.33
ASG000796,DUD100508,CLI0007,2023-07-26,2024-09-06,Ended,ALT / English Teacher,23,Three-Month,0,0,Replacement,CAN001263,John,,Perez,1994-11-06,Non-binary,Canadian,Mexican,Japan,Master's Degree,Business,Native,,Eligible,Teacher,2024-07-07,Kawaguchi Junior High School,Kindergarten,Chiba,Ichikawa,2022-08-29,,Active,12,12,0,0,100.0
ASG000797,DUD100508,CLI0016,2024-09-23,2025-03-17,Transferred,Experienced Teacher,83,Six-Month,0,0,Staffing Demand,CAN001263,John,,Perez,1994-11-06,Non-binary,Canadian,Mexican,Japan,Master's Degree,Business,Native,,Eligible,Teacher,2024-07-07,Ota Education Center,Public Elementary School,Chiba,Chiba,2020-07-04,,Active,5,4,0,0,80.0
ASG000798,DUD100508,CLI0004,2025-03-30,,Active,ALT / English Teacher,51,Monthly,0,0,Staffing Demand,CAN001263,John,,Perez,1994-11-06,Non-binary,Canadian,Mexican,Japan,Master's Degree,Business,Native,,Eligible,Teacher,2024-07-07,Asahi Elementary School,Private School,Saitama,Koshigaya,2023-09-30,,Active,12,10,1,0,83.33
ASG000799,DUD100509,CLI0161,2021-08-08,,Active,ALT / English Teacher,29,Three-Month,0,0,Transfer,CAN001407,Emily,,Taylor,1982-08-18,Prefer not to say,Spanish,Spanish,Japan,Associate Degree,Business,C2,Basic,Eligible,Teacher,2022-10-11,Nerima Elementary School,Education Center,Saitama,Warabi,2019-12-21,,Active,12,10,0,0,83.33
ASG000800,DUD100510,CLI0060,2024-07-17,2024-11-28,Completed,Senior Teacher,109,Six-Month,0,0,Staffing Demand,CAN000394,Luis,,Hernandez,1988-06-26,Female,Japanese,British,Japan,Associate Degree,Linguistics,B2,Basic,Eligible,Teacher,2025-08-24,Kawaguchi Junior High School,Education Center,Chiba,Kashiwa,2023-08-25,2026-07-21,Inactive,4,4,0,0,100.0
ASG000801,DUD100511,CLI0091,2022-01-15,2023-05-25,Ended,Trainer,63,Three-Month,0,0,Staffing Demand,CAN000549,Thomas,,Torres,1998-10-11,Female,Filipino,Spanish,Japan,Bachelor's Degree,Education,C2,N1,Eligible,Teacher,2022-11-20,Sakura Academy,Private School,Tokyo,Edogawa,2026-01-29,,Active,12,10,1,0,83.33
ASG000802,DUD100511,CLI0248,2023-06-20,,Active,Senior Teacher,107,Monthly,0,0,Transfer,CAN000549,Thomas,,Torres,1998-10-11,Female,Filipino,Spanish,Japan,Bachelor's Degree,Education,C2,N1,Eligible,Teacher,2022-11-20,Asahi Academy,Public Elementary School,Chiba,Funabashi,2020-05-13,,Active,12,12,0,0,100.0
ASG000803,DUD100512,CLI0095,2021-06-28,2021-12-25,Transferred,Senior Teacher,95,Monthly,0,0,Transfer,CAN001758,Andres,,Hernandez,1998-03-09,Prefer not to say,Japanese,British,Japan,Associate Degree,Other,B2,N1,Eligible,Teacher,2023-11-24,Haruka International School,Private School,Saitama,Kawaguchi,2022-09-27,,Active,6,6,0,0,100.0
ASG000804,DUD100512,CLI0087,2021-12-28,,Active,ALT / English Teacher,85,Six-Month,0,0,Client Request,CAN001758,Andres,,Hernandez,1998-03-09,Prefer not to say,Japanese,British,Japan,Associate Degree,Other,B2,N1,Eligible,Teacher,2023-11-24,Kizuna High School,Public Elementary School,Kanagawa,Yamato,2025-01-04,,Active,12,10,2,0,83.33
ASG000805,DUD100513,CLI0172,2021-01-25,,Active,Experienced Teacher,67,Three-Month,0,0,Staffing Demand,CAN000026,Sarah,,Wilson,1980-04-24,Prefer not to say,American,Canadian,Japan,Diploma,Other,C1,N3,Eligible,Teacher,2026-05-18,Haruka High School,Private School,Tokyo,Koganei,2025-12-30,,Active,12,11,1,0,91.67
ASG000806,DUD100514,CLI0041,2025-05-03,2026-02-10,Renewed,ALT / English Teacher,120,Annual,0,0,Staffing Demand,CAN000716,Michael,,Walker,1983-07-05,Female,French,Australian,Japan,Diploma,Education,Native,Basic,Eligible,Teacher,2025-03-28,Midori Junior High School,Kindergarten,Chiba,Kashiwa,2025-09-17,,Active,9,7,2,0,77.78
ASG000807,DUD100514,CLI0177,2026-02-26,2026-07-12,Transferred,Senior Teacher,21,Annual,0,0,Client Request,CAN000716,Michael,,Walker,1983-07-05,Female,French,Australian,Japan,Diploma,Education,Native,Basic,Eligible,Teacher,2025-03-28,Musashino Elementary School,Private School,Tokyo,Nerima,2021-09-08,,Active,4,3,0,0,75.0
ASG000808,DUD100515,CLI0102,2023-08-11,2025-01-26,Transferred,ALT / English Teacher,37,Annual,0,0,Client Request,CAN001475,Miguel,,Perez,1976-05-16,Female,Japanese,Japanese,Japan,Bachelor's Degree,Other,Native,N2,Eligible,Teacher,2024-10-14,Midori High School,Public Elementary School,Saitama,Warabi,2026-04-27,,Active,12,10,1,0,83.33
ASG000809,DUD100516,CLI0212,2022-02-22,2022-06-11,Ended,Experienced Teacher,44,Six-Month,0,0,Replacement,CAN000163,Emma,,King,1990-02-10,Male,Japanese,French,Japan,Associate Degree,Linguistics,B2,,Eligible,Teacher,2021-04-27,Mirai Elementary School,Public Elementary School,Saitama,Saitama,2022-11-10,,Active,3,2,0,0,66.67
ASG000810,DUD100516,CLI0139,2022-06-22,,Active,Experienced Teacher,84,Monthly,0,0,Replacement,CAN000163,Emma,,King,1990-02-10,Male,Japanese,French,Japan,Associate Degree,Linguistics,B2,,Eligible,Teacher,2021-04-27,Kizuna Junior High School,Private School,Kanagawa,Kawasaki,2024-05-03,,Active,12,11,0,0,91.67
ASG000811,DUD100517,CLI0244,2023-10-03,2024-06-02,Completed,Senior Teacher,17,Three-Month,0,0,Replacement,CAN000075,Hannah,,Jackson,1978-11-04,Non-binary,Spanish,Brazilian,Japan,Master's Degree,Linguistics,B2,N1,Eligible,Teacher,2024-10-16,Nerima Junior High School,Education Center,Saitama,Soka,2020-12-17,,Active,8,5,1,0,62.5
ASG000812,DUD100517,CLI0059,2024-06-13,,Active,Senior Teacher,30,Annual,0,0,Transfer,CAN000075,Hannah,,Jackson,1978-11-04,Non-binary,Spanish,Brazilian,Japan,Master's Degree,Linguistics,B2,N1,Eligible,Teacher,2024-10-16,Mirai Education Center,High School,Chiba,Funabashi,2019-04-11,,Active,12,10,0,0,83.33
ASG000813,DUD100518,CLI0076,2025-02-10,,Active,ALT / English Teacher,45,Three-Month,0,0,Initial Assignment,CAN000667,James,,Allen,1998-02-09,Non-binary,Canadian,Japanese,Japan,Associate Degree,Other,C2,Basic,Eligible,Teacher,2025-09-15,Kizuna High School,Public Junior High School,Tokyo,Edogawa,2025-03-19,,Active,12,9,2,0,75.0
ASG000814,DUD100519,CLI0222,2021-09-08,,Active,Experienced Teacher,86,Annual,0,0,Client Request,CAN001690,Andres,,White,1984-12-20,Male,Brazilian,Spanish,Japan,Master's Degree,Other,C1,N3,Eligible,Teacher,2025-12-02,Musashino Elementary School,High School,Kanagawa,Yamato,2022-11-26,,Active,12,10,0,0,83.33
ASG000815,DUD100520,CLI0192,2023-11-26,2025-01-19,Completed,Experienced Teacher,112,Three-Month,0,0,Staffing Demand,CAN001894,Emily,,Anderson,1981-07-16,Prefer not to say,Brazilian,Filipino,Japan,Master's Degree,Business,C1,N1,Eligible,Teacher,2026-07-29,Akebono Junior High School,English School,Saitama,Kawaguchi,2020-04-01,2020-12-03,Inactive,12,12,0,0,100.0
ASG000816,DUD100520,CLI0141,2025-02-14,2025-11-17,Renewed,ALT / English Teacher,56,Monthly,0,0,Staffing Demand,CAN001894,Emily,,Anderson,1981-07-16,Prefer not to say,Brazilian,Filipino,Japan,Master's Degree,Business,C1,N1,Eligible,Teacher,2026-07-29,Kawaguchi Elementary School,Education Center,Kanagawa,Kawasaki,2024-12-31,,Active,9,6,2,0,66.67
ASG000817,DUD100521,CLI0099,2023-05-25,2024-09-19,Completed,Experienced Teacher,24,Three-Month,0,0,Initial Assignment,CAN000280,James,,Smith,1987-09-11,Prefer not to say,Filipino,Canadian,Japan,Bachelor's Degree,English,C1,Basic,Eligible,Teacher,2023-04-21,Nerima International School,Education Center,Tokyo,Hachioji,2025-12-21,,Active,12,9,1,0,75.0
ASG000818,DUD100522,CLI0210,2025-03-15,2026-08-27,Transferred,Senior Teacher,115,Three-Month,0,0,Replacement,CAN001177,John,,Hernandez,1988-01-23,Male,Canadian,Japanese,Japan,Master's Degree,English,C2,N3,Eligible,Teacher,2021-02-23,Haruka Education Center,High School,Tokyo,Kita,2022-12-04,,Active,12,9,2,0,75.0
ASG000819,DUD100522,CLI0270,2026-09-20,2028-01-15,Renewed,ALT / English Teacher,35,Monthly,0,0,Replacement,CAN001177,John,,Hernandez,1988-01-23,Male,Canadian,Japanese,Japan,Master's Degree,English,C2,N3,Eligible,Teacher,2021-02-23,Nerima Academy,High School,Chiba,Urayasu,2019-08-19,,Active,12,9,1,0,75.0
ASG000820,DUD100522,CLI0234,2028-02-11,,Active,ALT / English Teacher,109,Three-Month,0,0,Transfer,CAN001177,John,,Hernandez,1988-01-23,Male,Canadian,Japanese,Japan,Master's Degree,English,C2,N3,Eligible,Teacher,2021-02-23,Nerima High School,Public Junior High School,Saitama,Koshigaya,2024-12-23,,Active,1,1,0,0,100.0
ASG000821,DUD100523,CLI0211,2022-05-30,,Active,ALT / English Teacher,28,Annual,0,0,Initial Assignment,CAN000585,Laura,,Brown,1979-10-28,Non-binary,Brazilian,Mexican,Japan,Master's Degree,Psychology,Native,N2,Eligible,Teacher,2023-05-21,Mirai Education Center,Education Center,Tokyo,Koganei,2019-05-25,,Active,12,10,1,0,83.33
ASG000822,DUD100524,CLI0277,2025-02-12,2025-08-01,Renewed,ALT / English Teacher,105,Annual,0,0,Initial Assignment,CAN000202,Ana,,King,1993-12-26,Female,Spanish,Mexican,Japan,Master's Degree,Psychology,C1,N2,Eligible,Teacher,2026-02-18,Asahi Elementary School,English School,Kanagawa,Fujisawa,2019-05-04,,Active,5,5,0,0,100.0
ASG000823,DUD100525,CLI0005,2021-04-10,2022-05-17,Ended,Experienced Teacher,43,Monthly,0,0,Initial Assignment,CAN000287,Christopher,,Hernandez,1981-06-16,Male,Australian,Australian,Japan,Associate Degree,English,B2,,Eligible,Teacher,2022-02-17,Shinmei Academy,Kindergarten,Chiba,Funabashi,2025-12-15,,Active,12,9,0,0,75.0
ASG000824,DUD100526,CLI0261,2023-02-09,,Active,Experienced Teacher,20,Annual,0,0,Initial Assignment,CAN001530,David,,Taylor,1978-07-02,Female,Australian,American,Japan,Master's Degree,Psychology,Native,N3,Eligible,Teacher,2021-10-30,Shinmei Elementary School,Private School,Tokyo,Kita,2022-12-08,,Active,12,10,1,0,83.33
ASG000825,DUD100527,CLI0171,2024-07-13,,Active,ALT / English Teacher,20,Monthly,0,0,Initial Assignment,CAN001176,Jessica,,Hall,1988-04-09,Male,Canadian,Australian,Japan,Master's Degree,Linguistics,Native,N3,Eligible,Teacher,2024-08-03,Midori High School,Kindergarten,Saitama,Koshigaya,2022-10-08,,Active,12,9,0,0,75.0
ASG000826,DUD100528,CLI0202,2024-04-10,2024-07-25,Renewed,Experienced Teacher,88,Annual,0,0,Initial Assignment,CAN000939,Laura,,Anderson,2003-10-15,Male,Australian,Canadian,Japan,Master's Degree,Linguistics,Native,,Eligible,Teacher,2025-01-19,Tsubaki Elementary School,High School,Kanagawa,Kawasaki,2023-08-14,,Active,3,2,0,0,66.67
ASG000827,DUD100529,CLI0057,2022-02-24,2023-05-01,Renewed,ALT / English Teacher,91,Monthly,0,0,Staffing Demand,CAN000988,Emma,,King,2002-11-04,Prefer not to say,Filipino,American,Japan,Associate Degree,Linguistics,C2,N2,Eligible,Teacher,2025-04-21,Kawaguchi Elementary School,Kindergarten,Saitama,Toda,2020-03-21,,Active,12,10,1,0,83.33
ASG000828,DUD100529,CLI0258,2023-05-27,,Active,Senior Teacher,19,Annual,0,0,Replacement,CAN000988,Emma,,King,2002-11-04,Prefer not to say,Filipino,American,Japan,Associate Degree,Linguistics,C2,N2,Eligible,Teacher,2025-04-21,Akebono Junior High School,Education Center,Saitama,Koshigaya,2026-02-24,,Active,12,10,0,0,83.33
ASG000829,DUD100530,CLI0067,2024-07-15,2025-07-28,Ended,Experienced Teacher,17,Six-Month,0,0,Staffing Demand,CAN001005,David,,Ramirez,2003-04-20,Prefer not to say,Japanese,American,Japan,Master's Degree,Linguistics,B2,N1,Eligible,Teacher,2025-03-14,Kizuna High School,Public Elementary School,Saitama,Soka,2020-07-29,,Active,12,8,2,0,66.67
ASG000830,DUD100530,CLI0189,2025-08-21,2025-12-14,Ended,ALT / English Teacher,120,Monthly,0,0,Transfer,CAN001005,David,,Ramirez,2003-04-20,Prefer not to say,Japanese,American,Japan,Master's Degree,Linguistics,B2,N1,Eligible,Teacher,2025-03-14,Tsubaki High School,Kindergarten,Chiba,Ichikawa,2024-03-18,,Active,3,2,1,0,66.67
ASG000831,DUD100530,CLI0245,2026-01-11,,Active,ALT / English Teacher,115,Three-Month,0,0,Staffing Demand,CAN001005,David,,Ramirez,2003-04-20,Prefer not to say,Japanese,American,Japan,Master's Degree,Linguistics,B2,N1,Eligible,Teacher,2025-03-14,Musashino Education Center,Kindergarten,Chiba,Chiba,2024-08-31,,Active,7,5,1,0,71.43
ASG000832,DUD100531,CLI0288,2025-01-17,2026-05-14,Transferred,ALT / English Teacher,39,Monthly,0,0,Initial Assignment,CAN000618,Christopher,,Smith,1979-08-04,Prefer not to say,Spanish,Spanish,Japan,Associate Degree,Other,B2,N1,Eligible,Teacher,2022-02-28,Haruka Junior High School,Kindergarten,Chiba,Matsudo,2021-10-26,,Active,12,12,0,0,100.0
ASG000833,DUD100532,CLI0272,2023-12-26,2025-02-18,Renewed,ALT / English Teacher,36,Annual,0,0,Transfer,CAN001006,Jessica,,Ramirez,1983-02-16,Male,Filipino,Spanish,Japan,Master's Degree,English,Native,Basic,Eligible,Teacher,2022-12-08,Sakura Junior High School,Education Center,Chiba,Matsudo,2023-11-25,,Active,12,12,0,0,100.0
ASG000834,DUD100532,CLI0094,2025-03-15,2026-04-29,Ended,Senior Teacher,90,Monthly,0,0,Staffing Demand,CAN001006,Jessica,,Ramirez,1983-02-16,Male,Filipino,Spanish,Japan,Master's Degree,English,Native,Basic,Eligible,Teacher,2022-12-08,Mirai Academy,Education Center,Tokyo,Kita,2026-05-07,,Active,12,9,1,0,75.0
ASG000835,DUD100532,CLI0234,2026-05-03,2026-09-06,Renewed,ALT / English Teacher,80,Annual,0,0,Staffing Demand,CAN001006,Jessica,,Ramirez,1983-02-16,Male,Filipino,Spanish,Japan,Master's Degree,English,Native,Basic,Eligible,Teacher,2022-12-08,Nerima High School,Public Junior High School,Saitama,Koshigaya,2024-12-23,,Active,4,3,1,0,75.0
ASG000836,DUD100533,CLI0217,2022-04-21,,Active,Trainer,115,Monthly,0,0,Initial Assignment,CAN001193,Luis,,Martin,1979-06-09,Female,Spanish,Canadian,Japan,Master's Degree,Education,C2,Basic,Eligible,Teacher,2021-01-11,Koganei Education Center,Private School,Kanagawa,Kawasaki,2024-01-12,,Active,12,11,1,0,91.67
ASG000837,DUD100534,CLI0296,2021-01-06,2021-07-08,Transferred,Experienced Teacher,81,Annual,0,0,Transfer,CAN001492,Alejandro,,Torres,1993-07-15,Female,Canadian,British,Japan,Master's Degree,Education,Native,N1,Eligible,Teacher,2023-08-20,Haruka Education Center,Private School,Kanagawa,Kawasaki,2024-06-13,,Active,6,4,1,0,66.67
ASG000838,DUD100534,CLI0194,2021-07-16,,Active,Experienced Teacher,95,Monthly,0,0,Replacement,CAN001492,Alejandro,,Torres,1993-07-15,Female,Canadian,British,Japan,Master's Degree,Education,Native,N1,Eligible,Teacher,2023-08-20,Midori Academy,Public Elementary School,Kanagawa,Sagamihara,2021-03-11,2023-10-09,Inactive,12,9,2,0,75.0
ASG000839,DUD100535,CLI0149,2021-12-13,2022-11-26,Completed,ALT / English Teacher,110,Three-Month,0,0,Transfer,CAN001490,Thomas,,Jackson,1995-12-12,Prefer not to say,Spanish,French,Japan,Master's Degree,Other,B2,,Eligible,Teacher,2021-12-19,Haruka Junior High School,Private School,Tokyo,Tachikawa,2025-03-19,,Active,11,8,3,0,72.73
ASG000840,DUD100535,CLI0286,2022-11-27,,Active,Experienced Teacher,75,Three-Month,0,0,Staffing Demand,CAN001490,Thomas,,Jackson,1995-12-12,Prefer not to say,Spanish,French,Japan,Master's Degree,Other,B2,,Eligible,Teacher,2021-12-19,Meisei Elementary School,Private School,Kanagawa,Fujisawa,2020-08-20,,Active,12,9,1,0,75.0
ASG000841,DUD100536,CLI0197,2022-12-08,,Active,ALT / English Teacher,72,Monthly,0,0,Replacement,CAN001973,Sofia,,Young,1982-12-22,Prefer not to say,Australian,Spanish,Japan,Master's Degree,Psychology,Native,,Eligible,Teacher,2023-10-06,Ota High School,English School,Chiba,Urayasu,2022-12-06,,Active,12,11,0,0,91.67
ASG000842,DUD100537,CLI0052,2022-08-13,,Active,ALT / English Teacher,94,Three-Month,0,0,Client Request,CAN001928,Ana,,King,1996-09-21,Female,American,Filipino,Japan,Associate Degree,Other,Native,Basic,Eligible,Teacher,2025-10-02,Shinmei Academy,Education Center,Tokyo,Nerima,2022-01-09,,Active,12,12,0,0,100.0
ASG000843,DUD100538,CLI0172,2024-01-16,2024-09-24,Ended,Experienced Teacher,87,Six-Month,0,0,Initial Assignment,CAN001331,Jessica,,Allen,1975-02-09,Male,Filipino,American,Japan,Master's Degree,Business,B2,N1,Eligible,Teacher,2025-02-17,Haruka High School,Private School,Tokyo,Koganei,2025-12-30,,Active,8,7,1,0,87.5
ASG000844,DUD100538,CLI0258,2024-10-01,2025-04-02,Transferred,ALT / English Teacher,92,Six-Month,0,0,Initial Assignment,CAN001331,Jessica,,Allen,1975-02-09,Male,Filipino,American,Japan,Master's Degree,Business,B2,N1,Eligible,Teacher,2025-02-17,Akebono Junior High School,Education Center,Saitama,Koshigaya,2026-02-24,,Active,6,6,0,0,100.0
ASG000845,DUD100538,CLI0007,2025-04-03,,Active,Experienced Teacher,97,Three-Month,0,0,Initial Assignment,CAN001331,Jessica,,Allen,1975-02-09,Male,Filipino,American,Japan,Master's Degree,Business,B2,N1,Eligible,Teacher,2025-02-17,Kawaguchi Junior High School,Kindergarten,Chiba,Ichikawa,2022-08-29,,Active,12,9,0,0,75.0
ASG000846,DUD100539,CLI0142,2022-06-03,2023-03-02,Renewed,ALT / English Teacher,117,Annual,0,0,Staffing Demand,CAN001436,Andres,,Torres,2002-01-05,Female,Australian,British,Japan,Associate Degree,Education,C2,N3,Eligible,Teacher,2026-06-13,Midori Elementary School,English School,Chiba,Urayasu,2025-06-16,,Active,9,8,0,0,88.89
ASG000847,DUD100539,CLI0246,2023-03-12,,Active,ALT / English Teacher,87,Three-Month,0,0,Initial Assignment,CAN001436,Andres,,Torres,2002-01-05,Female,Australian,British,Japan,Associate Degree,Education,C2,N3,Eligible,Teacher,2026-06-13,Hikari Junior High School,Private School,Tokyo,Koganei,2019-07-06,,Active,12,12,0,0,100.0
ASG000848,DUD100540,CLI0215,2022-04-29,2023-10-11,Transferred,Experienced Teacher,51,Annual,0,0,Client Request,CAN000595,Olivia,,Martin,1978-08-06,Male,British,Brazilian,Japan,Bachelor's Degree,English,Native,N2,Eligible,Teacher,2023-11-15,Ota High School,Private School,Chiba,Urayasu,2022-05-13,,Active,12,12,0,0,100.0
ASG000849,DUD100541,CLI0152,2022-08-12,2023-02-08,Transferred,Trainer,57,Three-Month,0,0,Staffing Demand,CAN001668,William,,Sanchez,1990-01-01,Male,Brazilian,Filipino,Japan,Associate Degree,Linguistics,C1,N1,Eligible,Teacher,2022-07-08,Meisei International School,English School,Tokyo,Tachikawa,2025-01-26,,Active,6,4,0,0,66.67
ASG000850,DUD100541,CLI0093,2023-02-16,,Active,Experienced Teacher,30,Monthly,0,0,Initial Assignment,CAN001668,William,,Sanchez,1990-01-01,Male,Brazilian,Filipino,Japan,Associate Degree,Linguistics,C1,N1,Eligible,Teacher,2022-07-08,Asahi Academy,Public Elementary School,Chiba,Matsudo,2023-07-08,,Active,12,9,0,0,75.0
ASG000851,DUD100542,CLI0009,2024-03-26,2025-08-18,Renewed,ALT / English Teacher,97,Six-Month,0,0,Transfer,CAN000593,Daniel,,Thompson,1977-06-14,Female,Mexican,Mexican,Japan,Master's Degree,Other,C1,Basic,Eligible,Teacher,2024-09-01,Hikari High School,English School,Tokyo,Kita,2019-09-15,,Active,12,9,1,0,75.0
ASG000852,DUD100542,CLI0088,2025-08-30,2026-07-17,Ended,ALT / English Teacher,101,Three-Month,0,0,Staffing Demand,CAN000593,Daniel,,Thompson,1977-06-14,Female,Mexican,Mexican,Japan,Master's Degree,Other,C1,Basic,Eligible,Teacher,2024-09-01,Asahi Education Center,Education Center,Kanagawa,Sagamihara,2024-10-19,,Active,10,7,1,0,70.0
ASG000853,DUD100543,CLI0078,2025-02-06,2025-06-16,Ended,ALT / English Teacher,64,Monthly,0,0,Client Request,CAN001517,Emma,,Hall,1998-11-19,Non-binary,British,Australian,Japan,Bachelor's Degree,Education,C1,Basic,Eligible,Teacher,2022-03-10,Haruka International School,Education Center,Chiba,Kashiwa,2023-10-31,,Active,4,4,0,0,100.0
ASG000854,DUD100544,CLI0125,2022-09-02,,Active,ALT / English Teacher,37,Six-Month,0,0,Client Request,CAN001637,Matthew,,Davis,1975-06-16,Non-binary,Mexican,American,Japan,Bachelor's Degree,Psychology,C2,N2,Eligible,Teacher,2022-06-11,Kizuna Junior High School,English School,Saitama,Toda,2019-10-07,,Active,12,11,0,0,91.67
ASG000855,DUD100545,CLI0011,2025-08-05,2026-11-10,Ended,ALT / English Teacher,19,Three-Month,0,0,Client Request,CAN001275,Hannah,,Ramirez,1998-10-24,Female,Canadian,Filipino,Japan,Master's Degree,English,Native,Basic,Eligible,Teacher,2025-03-23,Takashima High School,Kindergarten,Saitama,Kawagoe,2024-05-26,,Active,12,9,2,0,75.0
ASG000856,DUD100545,CLI0138,2026-11-11,2027-02-09,Transferred,ALT / English Teacher,93,Annual,0,0,Replacement,CAN001275,Hannah,,Ramirez,1998-10-24,Female,Canadian,Filipino,Japan,Master's Degree,English,Native,Basic,Eligible,Teacher,2025-03-23,Kita Elementary School,Public Elementary School,Chiba,Ichikawa,2022-06-14,,Active,3,3,0,0,100.0
ASG000857,DUD100546,CLI0159,2024-07-20,,Active,Experienced Teacher,103,Six-Month,0,0,Client Request,CAN000270,Andres,,Johnson,2001-05-20,Male,Mexican,British,Japan,Master's Degree,English,Native,Basic,Eligible,Teacher,2024-03-31,Akebono Academy,High School,Tokyo,Adachi,2026-04-23,,Active,12,9,0,0,75.0
ASG000858,DUD100547,CLI0249,2022-02-12,,Active,Trainer,74,Monthly,0,0,Transfer,CAN000548,Jose,,Lopez,1987-02-26,Female,Brazilian,Mexican,Japan,Master's Degree,Psychology,C1,N2,Eligible,Teacher,2022-04-29,Haruka High School,Kindergarten,Chiba,Chiba,2019-05-15,,Active,12,11,0,0,91.67
ASG000859,DUD100548,CLI0041,2024-02-15,2024-12-14,Renewed,Experienced Teacher,54,Annual,0,0,Transfer,CAN000830,Laura,,Hernandez,1986-05-18,Prefer not to say,Mexican,French,Japan,Diploma,English,Native,Basic,Eligible,Teacher,2021-09-21,Midori Junior High School,Kindergarten,Chiba,Kashiwa,2025-09-17,,Active,10,8,0,0,80.0
ASG000860,DUD100549,CLI0078,2025-12-10,,Active,ALT / English Teacher,113,Six-Month,0,0,Initial Assignment,CAN000394,Jessica,,Smith,1978-09-12,Non-binary,Japanese,French,Japan,Associate Degree,Other,B2,N2,Eligible,Teacher,2023-07-18,Haruka International School,Education Center,Chiba,Kashiwa,2023-10-31,,Active,8,6,0,0,75.0
ASG000861,DUD100550,CLI0185,2022-04-25,,Active,ALT / English Teacher,35,Three-Month,0,0,Transfer,CAN000439,Marco,,Smith,1979-04-19,Non-binary,Spanish,Brazilian,Japan,Bachelor's Degree,Psychology,C1,N3,Eligible,Teacher,2023-11-27,Asahi High School,Private School,Kanagawa,Yokohama,2024-03-11,,Active,12,11,0,0,91.67
ASG000862,DUD100551,CLI0204,2023-10-22,2025-03-30,Transferred,ALT / English Teacher,90,Three-Month,0,0,Staffing Demand,CAN000908,Diego,,Smith,1997-11-12,Female,French,Canadian,Japan,Master's Degree,Education,Native,N3,Eligible,Teacher,2023-01-09,Nerima International School,Public Elementary School,Saitama,Kawaguchi,2020-11-28,2024-02-01,Inactive,12,10,1,0,83.33
ASG000863,DUD100551,CLI0071,2025-04-29,2026-03-19,Transferred,ALT / English Teacher,64,Six-Month,0,0,Client Request,CAN000908,Diego,,Smith,1997-11-12,Female,French,Canadian,Japan,Master's Degree,Education,Native,N3,Eligible,Teacher,2023-01-09,Kita International School,Private School,Saitama,Kawaguchi,2022-09-21,,Active,10,8,1,0,80.0
ASG000864,DUD100552,CLI0012,2024-12-28,,Active,Experienced Teacher,99,Six-Month,0,0,Replacement,CAN000233,Emma,,Walker,1994-05-02,Female,British,American,Japan,Bachelor's Degree,Linguistics,B2,N1,Eligible,Teacher,2021-11-08,Akebono Education Center,Kindergarten,Chiba,Matsudo,2023-07-26,,Active,12,8,3,0,66.67
ASG000865,DUD100553,CLI0047,2022-08-16,2023-11-23,Transferred,Senior Teacher,65,Monthly,0,0,Transfer,CAN000334,Jessica,,Allen,1997-11-08,Non-binary,Brazilian,Australian,Japan,Bachelor's Degree,Business,B2,N2,Eligible,Teacher,2026-06-24,Akebono High School,Kindergarten,Chiba,Ichikawa,2023-03-18,,Active,12,11,0,0,91.67
ASG000866,DUD100554,CLI0180,2022-04-27,,Active,Experienced Teacher,111,Annual,0,0,Transfer,CAN001665,James,,Allen,2001-06-10,Non-binary,Spanish,Japanese,Japan,Diploma,Psychology,C1,,Eligible,Teacher,2024-06-29,Kawaguchi Junior High School,High School,Kanagawa,Fujisawa,2022-07-31,,Active,12,8,2,0,66.67
ASG000867,DUD100555,CLI0056,2025-02-06,2026-02-09,Ended,ALT / English Teacher,109,Three-Month,0,0,Initial Assignment,CAN000116,Sofia,,Hall,1992-07-09,Non-binary,Filipino,Spanish,Japan,Diploma,Education,C1,N1,Eligible,Teacher,2022-02-22,Takashima Elementary School,Public Elementary School,Chiba,Matsudo,2022-09-28,,Active,12,9,2,0,75.0
ASG000868,DUD100555,CLI0005,2026-02-21,2027-02-01,Transferred,ALT / English Teacher,50,Annual,0,0,Staffing Demand,CAN000116,Sofia,,Hall,1992-07-09,Non-binary,Filipino,Spanish,Japan,Diploma,Education,C1,N1,Eligible,Teacher,2022-02-22,Shinmei Academy,Kindergarten,Chiba,Funabashi,2025-12-15,,Active,11,10,1,0,90.91
ASG000869,DUD100556,CLI0151,2024-07-27,2025-03-20,Completed,ALT / English Teacher,94,Annual,0,0,Staffing Demand,CAN000973,Jessica,,Perez,1998-05-22,Male,Mexican,Canadian,Japan,Diploma,English,C2,N2,Eligible,Teacher,2022-04-09,Kawaguchi Academy,High School,Chiba,Ichikawa,2026-04-11,,Active,7,6,0,0,85.71
ASG000870,DUD100556,CLI0023,2025-04-03,2025-10-23,Renewed,ALT / English Teacher,113,Monthly,0,0,Replacement,CAN000973,Jessica,,Perez,1998-05-22,Male,Mexican,Canadian,Japan,Diploma,English,C2,N2,Eligible,Teacher,2022-04-09,Tsubaki Elementary School,English School,Chiba,Funabashi,2020-04-17,,Active,6,6,0,0,100.0
ASG000871,DUD100557,CLI0222,2021-03-12,2022-01-23,Renewed,ALT / English Teacher,18,Monthly,0,0,Client Request,CAN001724,Daniel,,White,1980-04-12,Male,Australian,French,Japan,Diploma,Other,C2,N1,Eligible,Teacher,2026-05-22,Musashino Elementary School,High School,Kanagawa,Yamato,2022-11-26,,Active,10,8,1,0,80.0
ASG000872,DUD100557,CLI0119,2022-02-02,2023-04-21,Ended,ALT / English Teacher,60,Six-Month,0,0,Client Request,CAN001724,Daniel,,White,1980-04-12,Male,Australian,French,Japan,Diploma,Other,C2,N1,Eligible,Teacher,2026-05-22,Koyo Education Center,Kindergarten,Tokyo,Nerima,2023-07-31,,Active,12,12,0,0,100.0
ASG000873,DUD100558,CLI0030,2022-01-12,2023-02-17,Completed,Experienced Teacher,92,Monthly,0,0,Transfer,CAN000495,Marco,,Brown,2000-11-15,Non-binary,Spanish,Mexican,Japan,Diploma,English,C2,,Eligible,Teacher,2021-11-22,Akebono Elementary School,Public Junior High School,Saitama,Kawaguchi,2024-04-09,,Active,12,10,1,0,83.33
ASG000874,DUD100558,CLI0179,2023-02-21,,Active,Trainer,24,Monthly,0,0,Transfer,CAN000495,Marco,,Brown,2000-11-15,Non-binary,Spanish,Mexican,Japan,Diploma,English,C2,,Eligible,Teacher,2021-11-22,Seiwa Junior High School,Public Junior High School,Tokyo,Nerima,2025-03-03,,Active,12,11,0,0,91.67
ASG000875,DUD100559,CLI0172,2026-02-05,2026-07-05,Completed,ALT / English Teacher,36,Three-Month,0,0,Transfer,CAN001371,Andres,,Taylor,1983-03-12,Non-binary,Brazilian,American,Japan,Bachelor's Degree,Education,Native,Basic,Eligible,Teacher,2022-12-14,Haruka High School,Private School,Tokyo,Koganei,2025-12-30,,Active,5,2,1,0,40.0
ASG000876,DUD100559,CLI0004,2026-08-03,2027-09-15,Renewed,Experienced Teacher,105,Three-Month,0,0,Staffing Demand,CAN001371,Andres,,Taylor,1983-03-12,Non-binary,Brazilian,American,Japan,Bachelor's Degree,Education,Native,Basic,Eligible,Teacher,2022-12-14,Asahi Elementary School,Private School,Saitama,Koshigaya,2023-09-30,,Active,12,9,1,0,75.0
ASG000877,DUD100559,CLI0145,2027-10-07,2028-03-07,Renewed,ALT / English Teacher,115,Monthly,0,0,Replacement,CAN001371,Andres,,Taylor,1983-03-12,Non-binary,Brazilian,American,Japan,Bachelor's Degree,Education,Native,Basic,Eligible,Teacher,2022-12-14,Musashino Elementary School,English School,Kanagawa,Yokohama,2024-08-24,,Active,5,3,0,0,60.0
ASG000878,DUD100560,CLI0234,2023-08-10,2025-01-11,Renewed,Experienced Teacher,32,Six-Month,0,0,Initial Assignment,CAN001383,Sofia,,Garcia,1984-10-01,Prefer not to say,Mexican,Mexican,Japan,Diploma,Education,B2,Basic,Eligible,Teacher,2022-11-04,Nerima High School,Public Junior High School,Saitama,Koshigaya,2024-12-23,,Active,12,9,0,0,75.0
ASG000879,DUD100560,CLI0089,2025-01-14,2026-05-10,Transferred,ALT / English Teacher,89,Monthly,0,0,Initial Assignment,CAN001383,Sofia,,Garcia,1984-10-01,Prefer not to say,Mexican,Mexican,Japan,Diploma,Education,B2,Basic,Eligible,Teacher,2022-11-04,Koganei Education Center,High School,Chiba,Matsudo,2024-06-15,,Active,12,9,0,0,75.0
ASG000880,DUD100561,CLI0264,2023-03-18,2023-07-07,Ended,ALT / English Teacher,94,Annual,0,0,Replacement,CAN001034,Diego,,Gonzalez,1987-06-03,Non-binary,Japanese,British,Japan,Bachelor's Degree,Business,C2,,Eligible,Teacher,2024-01-30,Musashino Elementary School,Public Elementary School,Chiba,Ichikawa,2023-09-30,,Active,3,3,0,0,100.0
ASG000881,DUD100562,CLI0084,2022-09-08,2023-07-06,Transferred,Experienced Teacher,15,Three-Month,0,0,Initial Assignment,CAN000344,Andres,,Williams,1991-07-17,Prefer not to say,Canadian,Filipino,Japan,Associate Degree,Psychology,C1,Basic,Eligible,Teacher,2025-12-17,Tsubaki Elementary School,Public Junior High School,Kanagawa,Kawasaki,2023-03-31,,Active,10,10,0,0,100.0
ASG000882,DUD100562,CLI0163,2023-07-23,,Active,Senior Teacher,74,Three-Month,0,0,Staffing Demand,CAN000344,Andres,,Williams,1991-07-17,Prefer not to say,Canadian,Filipino,Japan,Associate Degree,Psychology,C1,Basic,Eligible,Teacher,2025-12-17,Tsubaki Education Center,Private School,Saitama,Koshigaya,2019-08-22,,Active,12,9,1,0,75.0
ASG000883,DUD100563,CLI0112,2023-11-17,,Active,Experienced Teacher,86,Monthly,0,0,Client Request,CAN001676,Marco,,Perez,1982-01-16,Prefer not to say,Mexican,Mexican,Japan,Bachelor's Degree,Business,C1,N1,Eligible,Teacher,2024-04-02,Seiwa International School,High School,Saitama,Koshigaya,2020-08-13,,Active,12,10,0,0,83.33
ASG000884,DUD100564,CLI0168,2022-10-16,2024-03-19,Completed,Trainer,96,Six-Month,0,0,Staffing Demand,CAN000838,Christopher,,Smith,1995-04-26,Prefer not to say,Brazilian,Australian,Japan,Associate Degree,Linguistics,Native,N1,Eligible,Teacher,2025-02-28,Meisei Education Center,Public Junior High School,Kanagawa,Fujisawa,2019-11-11,,Active,12,9,1,0,75.0
ASG000885,DUD100564,CLI0118,2024-03-21,,Active,ALT / English Teacher,93,Annual,0,0,Staffing Demand,CAN000838,Christopher,,Smith,1995-04-26,Prefer not to say,Brazilian,Australian,Japan,Associate Degree,Linguistics,Native,N1,Eligible,Teacher,2025-02-28,Asahi International School,English School,Kanagawa,Sagamihara,2019-11-07,,Active,12,10,1,0,83.33
ASG000886,DUD100565,CLI0103,2024-09-22,,Active,Experienced Teacher,58,Monthly,0,0,Staffing Demand,CAN000159,Daniel,,Martin,1988-07-22,Non-binary,American,British,Japan,Bachelor's Degree,Education,C2,,Eligible,Teacher,2025-10-10,Meisei Academy,Education Center,Saitama,Koshigaya,2025-01-09,,Active,12,12,0,0,100.0
ASG000887,DUD100566,CLI0178,2022-07-13,2023-09-29,Renewed,Experienced Teacher,89,Annual,0,0,Initial Assignment,CAN000221,Maria,,Jackson,2000-09-25,Male,Australian,Brazilian,Japan,Master's Degree,Business,C1,N1,Eligible,Teacher,2021-11-21,Sakura High School,Education Center,Tokyo,Nerima,2020-03-28,,Active,12,9,2,0,75.0
ASG000888,DUD100567,CLI0127,2024-04-24,2025-02-27,Renewed,Experienced Teacher,75,Annual,0,0,Staffing Demand,CAN000756,Sofia,,Garcia,1980-01-14,Non-binary,Japanese,Brazilian,Japan,Associate Degree,Other,C2,N3,Eligible,Teacher,2021-05-26,Ota High School,English School,Kanagawa,Fujisawa,2026-01-09,,Active,10,9,0,0,90.0
ASG000889,DUD100567,CLI0044,2025-03-27,,Active,ALT / English Teacher,17,Annual,0,0,Client Request,CAN000756,Sofia,,Garcia,1980-01-14,Non-binary,Japanese,Brazilian,Japan,Associate Degree,Other,C2,N3,Eligible,Teacher,2021-05-26,Nerima Junior High School,Private School,Chiba,Ichikawa,2021-07-30,,Active,12,10,1,0,83.33
ASG000890,DUD100568,CLI0003,2024-05-14,,Active,Trainer,62,Six-Month,0,0,Transfer,CAN000020,William,,Lee,1992-05-14,Prefer not to say,Canadian,Australian,Japan,Bachelor's Degree,English,Native,N1,Eligible,Teacher,2023-08-19,Koganei High School,Public Elementary School,Saitama,Kawagoe,2025-06-06,,Active,12,10,2,0,83.33
ASG000891,DUD100569,CLI0089,2024-08-28,,Active,ALT / English Teacher,80,Six-Month,0,0,Initial Assignment,CAN001351,Miguel,,Brown,1998-09-24,Male,Mexican,French,Japan,Diploma,Other,C1,N1,Eligible,Teacher,2024-05-30,Koganei Education Center,High School,Chiba,Matsudo,2024-06-15,,Active,12,10,2,0,83.33
ASG000892,DUD100570,CLI0124,2023-03-21,2023-07-02,Renewed,Senior Teacher,93,Three-Month,0,0,Staffing Demand,CAN000208,Laura,,Hall,1986-04-03,Female,Canadian,Brazilian,Japan,Diploma,Linguistics,C1,Basic,Eligible,Teacher,2026-08-07,Koyo International School,Public Junior High School,Saitama,Soka,2024-06-11,,Active,3,3,0,0,100.0
ASG000893,DUD100571,CLI0157,2022-11-30,2024-01-24,Transferred,ALT / English Teacher,27,Six-Month,0,0,Initial Assignment,CAN000842,James,,King,1980-06-07,Non-binary,Japanese,Australian,Japan,Diploma,Education,C1,,Eligible,Teacher,2021-01-25,Akebono High School,Public Elementary School,Saitama,Koshigaya,2024-04-23,2026-09-07,Inactive,12,11,1,0,91.67
ASG000894,DUD100571,CLI0150,2024-01-29,,Active,Senior Teacher,95,Three-Month,0,0,Replacement,CAN000842,James,,King,1980-06-07,Non-binary,Japanese,Australian,Japan,Diploma,Education,C1,,Eligible,Teacher,2021-01-25,Takashima High School,English School,Tokyo,Hachioji,2025-10-12,,Active,12,8,0,0,66.67
ASG000895,DUD100572,CLI0062,2021-06-08,2022-11-06,Renewed,Experienced Teacher,52,Three-Month,0,0,Initial Assignment,CAN001710,Emma,,Brown,1977-04-27,Female,British,Brazilian,Japan,Master's Degree,Psychology,B2,,Eligible,Teacher,2023-01-17,Asahi Junior High School,Kindergarten,Tokyo,Edogawa,2022-05-25,,Active,12,10,1,0,83.33
ASG000896,DUD100572,CLI0013,2022-11-25,,Active,ALT / English Teacher,39,Monthly,0,0,Initial Assignment,CAN001710,Emma,,Brown,1977-04-27,Female,British,Brazilian,Japan,Master's Degree,Psychology,B2,,Eligible,Teacher,2023-01-17,Hikari Education Center,Private School,Tokyo,Hachioji,2021-08-06,,Active,12,12,0,0,100.0
ASG000897,DUD100573,CLI0082,2024-06-27,2025-04-29,Ended,Senior Teacher,37,Annual,0,0,Client Request,CAN001665,John,,Taylor,2001-03-20,Male,Spanish,Brazilian,Japan,Master's Degree,Psychology,Native,Basic,Eligible,Teacher,2023-08-06,Musashino High School,English School,Saitama,Koshigaya,2025-05-13,,Active,10,8,1,0,80.0
ASG000898,DUD100573,CLI0292,2025-05-20,,Active,Experienced Teacher,44,Annual,0,0,Staffing Demand,CAN001665,John,,Taylor,2001-03-20,Male,Spanish,Brazilian,Japan,Master's Degree,Psychology,Native,Basic,Eligible,Teacher,2023-08-06,Kizuna Education Center,Education Center,Tokyo,Edogawa,2023-12-25,,Active,12,11,0,0,91.67
ASG000899,DUD100574,CLI0248,2022-03-05,2023-02-18,Renewed,Senior Teacher,24,Annual,0,0,Transfer,CAN001092,Ana,,Lee,1991-06-12,Non-binary,Canadian,Brazilian,Japan,Associate Degree,Business,B2,N1,Eligible,Teacher,2026-01-03,Asahi Academy,Public Elementary School,Chiba,Funabashi,2020-05-13,,Active,11,10,0,0,90.91
ASG000900,DUD100574,CLI0124,2023-03-03,,Active,ALT / English Teacher,52,Three-Month,0,0,Initial Assignment,CAN001092,Ana,,Lee,1991-06-12,Non-binary,Canadian,Brazilian,Japan,Associate Degree,Business,B2,N1,Eligible,Teacher,2026-01-03,Koyo International School,Public Junior High School,Saitama,Soka,2024-06-11,,Active,12,9,0,0,75.0
ASG000901,DUD100575,CLI0021,2023-11-02,2024-02-20,Renewed,Senior Teacher,49,Three-Month,0,0,Transfer,CAN000518,Olivia,,Allen,1991-05-15,Non-binary,Brazilian,American,Japan,Associate Degree,English,B2,Basic,Eligible,Teacher,2025-12-27,Sakura International School,Kindergarten,Kanagawa,Yokohama,2025-08-22,2027-08-07,Inactive,3,2,0,0,66.67
ASG000902,DUD100575,CLI0165,2024-03-07,,Active,ALT / English Teacher,95,Three-Month,0,0,Initial Assignment,CAN000518,Olivia,,Allen,1991-05-15,Non-binary,Brazilian,American,Japan,Associate Degree,English,B2,Basic,Eligible,Teacher,2025-12-27,Nerima Elementary School,High School,Tokyo,Katsushika,2024-08-08,,Active,12,12,0,0,100.0
ASG000903,DUD100576,CLI0150,2025-11-29,2026-03-21,Renewed,ALT / English Teacher,30,Three-Month,0,0,Replacement,CAN000990,Luis,,Sanchez,1975-09-01,Male,Japanese,Brazilian,Japan,Bachelor's Degree,Education,C1,Basic,Eligible,Teacher,2026-02-18,Takashima High School,English School,Tokyo,Hachioji,2025-10-12,,Active,3,2,0,0,66.67
ASG000904,DUD100576,CLI0065,2026-04-03,2026-09-08,Ended,Senior Teacher,32,Three-Month,0,0,Replacement,CAN000990,Luis,,Sanchez,1975-09-01,Male,Japanese,Brazilian,Japan,Bachelor's Degree,Education,C1,Basic,Eligible,Teacher,2026-02-18,Kawaguchi Junior High School,High School,Chiba,Urayasu,2023-07-15,,Active,5,5,0,0,100.0
ASG000905,DUD100577,CLI0274,2024-12-19,2025-12-20,Renewed,Experienced Teacher,73,Monthly,0,0,Client Request,CAN000631,Jose,,King,1985-07-12,Non-binary,Japanese,Brazilian,Japan,Bachelor's Degree,Education,B2,,Eligible,Teacher,2025-06-01,Haruka High School,English School,Kanagawa,Sagamihara,2022-02-06,,Active,12,11,1,0,91.67
ASG000906,DUD100578,CLI0039,2023-07-03,,Active,ALT / English Teacher,50,Three-Month,0,0,Initial Assignment,CAN001022,Juan,,Torres,1996-08-18,Male,Australian,Mexican,Japan,Diploma,Psychology,C2,,Eligible,Teacher,2023-04-17,Shinmei International School,High School,Tokyo,Kita,2020-04-30,,Active,12,7,2,0,58.33
ASG000907,DUD100579,CLI0264,2026-03-05,2027-04-19,Completed,ALT / English Teacher,47,Three-Month,0,0,Initial Assignment,CAN000662,James,,Johnson,1996-02-08,Non-binary,Canadian,American,Japan,Master's Degree,English,B2,Basic,Eligible,Teacher,2021-03-21,Musashino Elementary School,Public Elementary School,Chiba,Ichikawa,2023-09-30,,Active,12,8,0,0,66.67
ASG000908,DUD100580,CLI0232,2024-03-16,,Active,ALT / English Teacher,113,Annual,0,0,Staffing Demand,CAN000167,William,,Sanchez,1993-06-01,Male,Spanish,British,Japan,Diploma,Psychology,C1,,Eligible,Teacher,2024-10-31,Kizuna Elementary School,Public Elementary School,Kanagawa,Fujisawa,2020-04-21,,Active,12,11,0,0,91.67
ASG000909,DUD100581,CLI0124,2022-02-12,,Active,ALT / English Teacher,81,Monthly,0,0,Client Request,CAN000369,William,,Taylor,1998-05-15,Male,Filipino,Brazilian,Japan,Associate Degree,Psychology,Native,N1,Eligible,Teacher,2023-05-27,Koyo International School,Public Junior High School,Saitama,Soka,2024-06-11,,Active,12,10,0,0,83.33
ASG000910,DUD100582,CLI0275,2023-04-10,2024-08-19,Transferred,ALT / English Teacher,61,Six-Month,0,0,Transfer,CAN001802,Juan,,King,1996-05-09,Non-binary,French,Canadian,Japan,Master's Degree,Psychology,Native,N1,Eligible,Teacher,2026-05-16,Akebono High School,Education Center,Chiba,Urayasu,2021-04-26,,Active,12,11,0,0,91.67
ASG000911,DUD100582,CLI0087,2024-09-01,,Active,ALT / English Teacher,104,Six-Month,0,0,Staffing Demand,CAN001802,Juan,,King,1996-05-09,Non-binary,French,Canadian,Japan,Master's Degree,Psychology,Native,N1,Eligible,Teacher,2026-05-16,Kizuna High School,Public Elementary School,Kanagawa,Yamato,2025-01-04,,Active,12,10,2,0,83.33
ASG000912,DUD100583,CLI0279,2024-01-30,2024-05-31,Transferred,Experienced Teacher,61,Three-Month,0,0,Staffing Demand,CAN001259,Andres,,Lee,1977-02-08,Male,Brazilian,Filipino,Japan,Bachelor's Degree,English,C2,N3,Eligible,Teacher,2026-03-12,Shinmei Education Center,Education Center,Tokyo,Nerima,2019-07-15,,Active,4,3,1,0,75.0
ASG000913,DUD100583,CLI0263,2024-06-12,,Active,ALT / English Teacher,86,Monthly,0,0,Transfer,CAN001259,Andres,,Lee,1977-02-08,Male,Brazilian,Filipino,Japan,Bachelor's Degree,English,C2,N3,Eligible,Teacher,2026-03-12,Haruka International School,Public Junior High School,Chiba,Ichikawa,2023-11-15,,Active,12,9,0,0,75.0
ASG000914,DUD100584,CLI0164,2021-12-13,2022-04-10,Renewed,Senior Teacher,23,Annual,0,0,Initial Assignment,CAN000547,Thomas,,Hall,1980-11-11,Prefer not to say,French,French,Japan,Associate Degree,English,C1,N1,Eligible,Teacher,2021-07-27,Midori High School,Education Center,Chiba,Matsudo,2022-05-09,,Active,3,3,0,0,100.0
ASG000915,DUD100584,CLI0091,2022-05-08,2023-06-24,Ended,ALT / English Teacher,83,Monthly,0,0,Transfer,CAN000547,Thomas,,Hall,1980-11-11,Prefer not to say,French,French,Japan,Associate Degree,English,C1,N1,Eligible,Teacher,2021-07-27,Sakura Academy,Private School,Tokyo,Edogawa,2026-01-29,,Active,12,9,0,0,75.0
ASG000916,DUD100585,CLI0059,2024-12-11,,Active,ALT / English Teacher,96,Six-Month,0,0,Initial Assignment,CAN000941,Michael,,Miller,1976-07-13,Male,Australian,Mexican,Japan,Master's Degree,Psychology,C1,N2,Eligible,Teacher,2024-07-26,Mirai Education Center,High School,Chiba,Funabashi,2019-04-11,,Active,12,11,0,0,91.67
ASG000917,DUD100586,CLI0121,2024-06-26,2025-07-09,Renewed,ALT / English Teacher,68,Three-Month,0,0,Transfer,CAN000052,Diego,,Wilson,2001-05-11,Non-binary,Japanese,Filipino,Japan,Master's Degree,English,B2,Basic,Eligible,Teacher,2025-12-12,Tsubaki Junior High School,High School,Chiba,Matsudo,2020-06-04,,Active,12,10,0,0,83.33
ASG000918,DUD100587,CLI0158,2024-05-24,2025-02-07,Renewed,Senior Teacher,48,Annual,0,0,Replacement,CAN001977,Juan,,Allen,1993-10-09,Non-binary,Mexican,Spanish,Japan,Associate Degree,Business,B2,N3,Eligible,Teacher,2025-02-18,Meisei High School,Public Elementary School,Kanagawa,Kawasaki,2025-02-15,,Active,8,6,2,0,75.0
ASG000919,DUD100588,CLI0234,2024-01-10,2025-04-09,Transferred,ALT / English Teacher,39,Annual,0,0,Initial Assignment,CAN001695,Hannah,,Ramirez,1992-07-18,Male,American,Brazilian,Japan,Diploma,Business,B2,,Eligible,Teacher,2023-05-10,Nerima High School,Public Junior High School,Saitama,Koshigaya,2024-12-23,,Active,12,11,1,0,91.67
ASG000920,DUD100588,CLI0245,2025-05-08,,Active,Senior Teacher,60,Monthly,0,0,Client Request,CAN001695,Hannah,,Ramirez,1992-07-18,Male,American,Brazilian,Japan,Diploma,Business,B2,,Eligible,Teacher,2023-05-10,Musashino Education Center,Kindergarten,Chiba,Chiba,2024-08-31,,Active,12,9,0,0,75.0
ASG000921,DUD100589,CLI0168,2024-09-09,2025-07-16,Renewed,Experienced Teacher,79,Monthly,0,0,Transfer,CAN000312,Thomas,,Williams,1978-03-02,Male,Canadian,British,Japan,Associate Degree,Business,C1,,Eligible,Teacher,2025-10-11,Meisei Education Center,Public Junior High School,Kanagawa,Fujisawa,2019-11-11,,Active,10,7,2,0,70.0
ASG000922,DUD100590,CLI0001,2021-11-08,,Active,Experienced Teacher,45,Annual,0,0,Initial Assignment,CAN001812,Thomas,,Lopez,1980-01-04,Non-binary,British,French,Japan,Associate Degree,Other,B2,N2,Eligible,Teacher,2025-09-21,Takashima Elementary School,High School,Tokyo,Ota,2022-08-18,,Active,12,10,0,0,83.33
ASG000923,DUD100591,CLI0142,2024-01-17,,Active,ALT / English Teacher,61,Six-Month,0,0,Initial Assignment,CAN000695,Daniel,,Perez,1975-10-18,Non-binary,Filipino,Spanish,Japan,Master's Degree,Psychology,C2,,Eligible,Teacher,2023-04-19,Midori Elementary School,English School,Chiba,Urayasu,2025-06-16,,Active,12,9,1,0,75.0
ASG000924,DUD100592,CLI0270,2025-02-19,2026-03-16,Transferred,ALT / English Teacher,86,Three-Month,0,0,Initial Assignment,CAN000744,Sarah,,Moore,1991-07-19,Male,French,Australian,Japan,Diploma,Business,C1,Basic,Eligible,Teacher,2023-06-15,Nerima Academy,High School,Chiba,Urayasu,2019-08-19,,Active,12,7,1,0,58.33
ASG000925,DUD100592,CLI0229,2026-04-15,,Active,Experienced Teacher,69,Annual,0,0,Transfer,CAN000744,Sarah,,Moore,1991-07-19,Male,French,Australian,Japan,Diploma,Business,C1,Basic,Eligible,Teacher,2023-06-15,Mirai International School,Public Elementary School,Kanagawa,Fujisawa,2024-02-20,,Active,4,3,1,0,75.0
ASG000926,DUD100593,CLI0083,2023-01-15,,Active,ALT / English Teacher,31,Monthly,0,0,Replacement,CAN001207,Emily,,Sanchez,2001-02-10,Female,British,American,Japan,Associate Degree,Education,C1,,Eligible,Teacher,2025-11-01,Koganei Junior High School,Private School,Kanagawa,Sagamihara,2022-06-28,2024-03-11,Inactive,12,10,0,0,83.33
ASG000927,DUD100594,CLI0202,2025-06-21,,Active,Experienced Teacher,77,Three-Month,0,0,Initial Assignment,CAN000125,Christopher,,Walker,1995-12-16,Female,Spanish,Mexican,Japan,Master's Degree,Other,C1,Basic,Eligible,Teacher,2024-08-15,Tsubaki Elementary School,High School,Kanagawa,Kawasaki,2023-08-14,,Active,12,9,0,0,75.0
ASG000928,DUD100595,CLI0095,2023-05-12,2023-08-13,Completed,ALT / English Teacher,75,Three-Month,0,0,Replacement,CAN000314,Robert,,Hernandez,1995-05-02,Prefer not to say,Australian,Mexican,Japan,Associate Degree,Linguistics,C2,Basic,Eligible,Teacher,2024-02-26,Haruka International School,Private School,Saitama,Kawaguchi,2022-09-27,,Active,3,3,0,0,100.0
ASG000929,DUD100595,CLI0129,2023-08-24,2025-02-01,Renewed,ALT / English Teacher,109,Three-Month,0,0,Replacement,CAN000314,Robert,,Hernandez,1995-05-02,Prefer not to say,Australian,Mexican,Japan,Associate Degree,Linguistics,C2,Basic,Eligible,Teacher,2024-02-26,Kita Elementary School,Public Elementary School,Tokyo,Edogawa,2023-06-03,,Active,12,10,1,0,83.33
ASG000930,DUD100596,CLI0006,2023-12-17,2024-06-27,Transferred,Experienced Teacher,108,Three-Month,0,0,Staffing Demand,CAN000727,Diego,,Williams,1994-12-09,Female,Canadian,Brazilian,Japan,Bachelor's Degree,Psychology,C1,,Eligible,Teacher,2023-10-26,Hikari Academy,High School,Saitama,Koshigaya,2021-11-10,,Active,6,6,0,0,100.0
ASG000931,DUD100597,CLI0073,2025-01-17,2026-02-10,Ended,ALT / English Teacher,103,Monthly,0,0,Client Request,CAN001582,Emily,,Gonzalez,1996-12-05,Male,Japanese,Filipino,Japan,Bachelor's Degree,Business,B2,N1,Eligible,Teacher,2022-07-22,Koganei Junior High School,Kindergarten,Kanagawa,Yamato,2024-02-27,,Active,12,8,2,0,66.67
ASG000932,DUD100597,CLI0248,2026-02-13,,Active,ALT / English Teacher,111,Three-Month,0,0,Initial Assignment,CAN001582,Emily,,Gonzalez,1996-12-05,Male,Japanese,Filipino,Japan,Bachelor's Degree,Business,B2,N1,Eligible,Teacher,2022-07-22,Asahi Academy,Public Elementary School,Chiba,Funabashi,2020-05-13,,Active,6,6,0,0,100.0
ASG000933,DUD100598,CLI0136,2021-03-27,2021-10-01,Completed,ALT / English Teacher,88,Three-Month,0,0,Transfer,CAN001082,John,,Williams,1977-06-21,Male,Spanish,Japanese,Japan,Master's Degree,Psychology,C1,N2,Eligible,Teacher,2024-01-13,Sakura Elementary School,Kindergarten,Tokyo,Katsushika,2023-02-28,,Active,6,5,0,0,83.33
ASG000934,DUD100599,CLI0162,2023-07-12,2024-06-22,Transferred,Experienced Teacher,45,Monthly,0,0,Staffing Demand,CAN000929,Luis,,Jackson,1976-09-17,Male,Australian,French,Japan,Associate Degree,Education,C2,N3,Eligible,Teacher,2025-07-29,Kawaguchi High School,Public Elementary School,Kanagawa,Yamato,2025-09-27,,Active,11,11,0,0,100.0
ASG000935,DUD100599,CLI0210,2024-07-12,,Active,Experienced Teacher,120,Monthly,0,0,Client Request,CAN000929,Luis,,Jackson,1976-09-17,Male,Australian,French,Japan,Associate Degree,Education,C2,N3,Eligible,Teacher,2025-07-29,Haruka Education Center,High School,Tokyo,Kita,2022-12-04,,Active,12,10,0,0,83.33
ASG000936,DUD100600,CLI0124,2025-08-29,2027-02-16,Completed,Experienced Teacher,77,Monthly,0,0,Staffing Demand,CAN001614,David,,White,1975-10-16,Male,Canadian,Filipino,Japan,Diploma,Linguistics,Native,Basic,Eligible,Teacher,2023-07-05,Koyo International School,Public Junior High School,Saitama,Soka,2024-06-11,,Active,12,10,2,0,83.33
ASG000937,DUD100600,CLI0111,2027-03-07,2028-04-07,Renewed,Senior Teacher,114,Monthly,0,0,Client Request,CAN001614,David,,White,1975-10-16,Male,Canadian,Filipino,Japan,Diploma,Linguistics,Native,Basic,Eligible,Teacher,2023-07-05,Haruka Elementary School,English School,Kanagawa,Sagamihara,2020-05-17,,Active,12,9,1,0,75.0
ASG000938,DUD100600,CLI0160,2028-04-21,,Active,ALT / English Teacher,64,Annual,0,0,Transfer,CAN001614,David,,White,1975-10-16,Male,Canadian,Filipino,Japan,Diploma,Linguistics,Native,Basic,Eligible,Teacher,2023-07-05,Asahi High School,Public Junior High School,Chiba,Urayasu,2020-08-02,,Active,1,1,0,0,100.0
ASG000939,DUD100601,CLI0142,2021-07-29,2023-01-20,Ended,ALT / English Teacher,51,Monthly,0,0,Transfer,CAN000803,Jose,,Anderson,1995-03-27,Male,American,Australian,Japan,Diploma,Other,Native,,Eligible,Teacher,2021-11-23,Midori Elementary School,English School,Chiba,Urayasu,2025-06-16,,Active,12,10,1,0,83.33
ASG000940,DUD100602,CLI0300,2022-06-23,2023-10-01,Transferred,ALT / English Teacher,30,Three-Month,0,0,Staffing Demand,CAN000798,Carlos,,Taylor,1992-04-25,Prefer not to say,French,Brazilian,Japan,Master's Degree,Education,C2,N2,Eligible,Teacher,2023-12-08,Shinmei Academy,Public Junior High School,Chiba,Chiba,2024-05-25,,Active,12,10,0,0,83.33
ASG000941,DUD100602,CLI0008,2023-10-19,,Active,Trainer,36,Six-Month,0,0,Staffing Demand,CAN000798,Carlos,,Taylor,1992-04-25,Prefer not to say,French,Brazilian,Japan,Master's Degree,Education,C2,N2,Eligible,Teacher,2023-12-08,Shinmei High School,Public Junior High School,Kanagawa,Yamato,2025-02-22,,Active,12,9,0,0,75.0
ASG000942,DUD100603,CLI0101,2025-12-11,,Active,Senior Teacher,36,Three-Month,0,0,Replacement,CAN001835,Hannah,,Walker,1987-09-20,Non-binary,French,French,Japan,Bachelor's Degree,Psychology,Native,N2,Eligible,Teacher,2023-07-20,Shinmei International School,Kindergarten,Saitama,Soka,2024-03-31,,Active,8,7,0,0,87.5
ASG000943,DUD100604,CLI0085,2022-05-06,2023-08-30,Renewed,ALT / English Teacher,60,Six-Month,0,0,Replacement,CAN000942,Maria,,Moore,2000-04-15,Non-binary,British,British,Japan,Associate Degree,Business,Native,N1,Eligible,Teacher,2025-07-07,Shinmei Education Center,Public Elementary School,Saitama,Kawagoe,2024-03-19,,Active,12,11,0,0,91.67
ASG000944,DUD100604,CLI0046,2023-09-21,2024-12-19,Renewed,ALT / English Teacher,39,Three-Month,0,0,Staffing Demand,CAN000942,Maria,,Moore,2000-04-15,Non-binary,British,British,Japan,Associate Degree,Business,Native,N1,Eligible,Teacher,2025-07-07,Sakura Junior High School,English School,Chiba,Ichikawa,2019-02-08,,Active,12,10,1,0,83.33
ASG000945,DUD100604,CLI0189,2025-01-15,2025-11-05,Transferred,Experienced Teacher,79,Monthly,0,0,Replacement,CAN000942,Maria,,Moore,2000-04-15,Non-binary,British,British,Japan,Associate Degree,Business,Native,N1,Eligible,Teacher,2025-07-07,Tsubaki High School,Kindergarten,Chiba,Ichikawa,2024-03-18,,Active,9,8,0,0,88.89
ASG000946,DUD100605,CLI0248,2023-04-22,2024-08-23,Renewed,Trainer,39,Annual,0,0,Replacement,CAN000495,Daniel,,Moore,1991-11-12,Prefer not to say,Filipino,Brazilian,Japan,Diploma,Business,Native,N2,Eligible,Teacher,2022-03-08,Asahi Academy,Public Elementary School,Chiba,Funabashi,2020-05-13,,Active,12,8,1,0,66.67
ASG000947,DUD100605,CLI0173,2024-09-15,,Active,Senior Teacher,61,Three-Month,0,0,Initial Assignment,CAN000495,Daniel,,Moore,1991-11-12,Prefer not to say,Filipino,Brazilian,Japan,Diploma,Business,Native,N2,Eligible,Teacher,2022-03-08,Musashino International School,Private School,Chiba,Matsudo,2025-08-22,,Active,12,12,0,0,100.0
ASG000948,DUD100606,CLI0126,2021-01-22,2022-03-17,Renewed,Experienced Teacher,117,Three-Month,0,0,Transfer,CAN001356,Robert,,King,2003-10-15,Male,British,Spanish,Japan,Master's Degree,English,B2,N2,Eligible,Teacher,2021-11-20,Kawaguchi International School,Private School,Chiba,Chiba,2019-03-09,2022-06-08,Inactive,12,10,2,0,83.33
ASG000949,DUD100606,CLI0241,2022-03-19,2023-02-24,Transferred,ALT / English Teacher,91,Three-Month,0,0,Initial Assignment,CAN001356,Robert,,King,2003-10-15,Male,British,Spanish,Japan,Master's Degree,English,B2,N2,Eligible,Teacher,2021-11-20,Shinmei High School,Kindergarten,Chiba,Matsudo,2026-04-02,,Active,11,8,2,0,72.73
ASG000950,DUD100607,CLI0080,2022-12-03,2023-08-27,Completed,Experienced Teacher,63,Three-Month,0,0,Initial Assignment,CAN001789,Michael,,Young,1993-04-05,Male,Filipino,Australian,Japan,Associate Degree,Business,C2,N1,Eligible,Teacher,2024-08-08,Musashino Education Center,High School,Saitama,Kawagoe,2023-11-15,,Active,8,7,0,0,87.5
ASG000951,DUD100608,CLI0202,2023-01-17,,Active,Senior Teacher,95,Three-Month,0,0,Staffing Demand,CAN000545,Marco,,Johnson,1982-06-28,Female,Mexican,Australian,Japan,Master's Degree,Business,Native,Basic,Eligible,Teacher,2024-08-17,Tsubaki Elementary School,High School,Kanagawa,Kawasaki,2023-08-14,,Active,12,10,1,0,83.33
ASG000952,DUD100609,CLI0299,2022-02-12,2023-05-22,Completed,Experienced Teacher,113,Six-Month,0,0,Initial Assignment,CAN001923,Ana,,Brown,1993-09-05,Male,Filipino,Spanish,Japan,Bachelor's Degree,Other,B2,N2,Eligible,Teacher,2022-06-15,Akebono Junior High School,High School,Chiba,Funabashi,2025-11-23,,Active,12,10,0,0,83.33
ASG000953,DUD100609,CLI0169,2023-06-20,,Active,ALT / English Teacher,101,Six-Month,0,0,Replacement,CAN001923,Ana,,Brown,1993-09-05,Male,Filipino,Spanish,Japan,Bachelor's Degree,Other,B2,N2,Eligible,Teacher,2022-06-15,Meisei International School,Kindergarten,Saitama,Warabi,2023-05-15,,Active,12,11,0,0,91.67
ASG000954,DUD100610,CLI0144,2026-02-03,2027-02-09,Ended,Experienced Teacher,56,Three-Month,0,0,Replacement,CAN000816,Thomas,,Hall,2003-02-22,Male,Brazilian,Japanese,Japan,Bachelor's Degree,Other,Native,N3,Eligible,Teacher,2022-08-31,Tsubaki High School,Private School,Saitama,Warabi,2021-05-22,,Active,12,10,1,0,83.33
ASG000955,DUD100610,CLI0278,2027-02-25,,Active,ALT / English Teacher,117,Monthly,0,0,Replacement,CAN000816,Thomas,,Hall,2003-02-22,Male,Brazilian,Japanese,Japan,Bachelor's Degree,Other,Native,N3,Eligible,Teacher,2022-08-31,Hikari International School,Private School,Chiba,Ichikawa,2020-09-29,,Active,1,1,0,0,100.0
ASG000956,DUD100611,CLI0090,2025-04-25,2025-09-09,Completed,ALT / English Teacher,27,Monthly,0,0,Replacement,CAN000453,Alejandro,,Allen,1984-08-17,Female,Canadian,Mexican,Japan,Diploma,Other,B2,N1,Eligible,Teacher,2024-12-24,Akebono International School,Public Elementary School,Saitama,Koshigaya,2021-11-15,,Active,4,4,0,0,100.0
ASG000957,DUD100611,CLI0083,2025-10-05,2026-02-21,Completed,Senior Teacher,104,Monthly,0,0,Transfer,CAN000453,Alejandro,,Allen,1984-08-17,Female,Canadian,Mexican,Japan,Diploma,Other,B2,N1,Eligible,Teacher,2024-12-24,Koganei Junior High School,Private School,Kanagawa,Sagamihara,2022-06-28,2024-03-11,Inactive,4,3,1,0,75.0
ASG000958,DUD100611,CLI0192,2026-03-15,,Active,ALT / English Teacher,75,Monthly,0,0,Replacement,CAN000453,Alejandro,,Allen,1984-08-17,Female,Canadian,Mexican,Japan,Diploma,Other,B2,N1,Eligible,Teacher,2024-12-24,Akebono Junior High School,English School,Saitama,Kawaguchi,2020-04-01,2020-12-03,Inactive,5,2,1,0,40.0
ASG000959,DUD100612,CLI0199,2023-11-18,,Active,Senior Teacher,44,Monthly,0,0,Replacement,CAN000822,Laura,,Martinez,1983-11-26,Non-binary,American,Japanese,Japan,Master's Degree,Linguistics,B2,Basic,Eligible,Teacher,2023-01-22,Asahi Academy,Public Junior High School,Kanagawa,Sagamihara,2019-11-05,,Active,12,10,1,0,83.33
ASG000960,DUD100613,CLI0239,2023-06-18,,Active,ALT / English Teacher,28,Three-Month,0,0,Staffing Demand,CAN001714,Diego,,Anderson,1989-12-06,Non-binary,Japanese,American,Japan,Bachelor's Degree,Psychology,C1,Basic,Eligible,Teacher,2022-11-21,Sakura Junior High School,English School,Tokyo,Itabashi,2022-04-12,,Active,12,8,2,0,66.67
ASG000961,DUD100614,CLI0152,2025-01-03,2025-04-30,Completed,Senior Teacher,30,Three-Month,0,0,Initial Assignment,CAN000024,Alejandro,,Allen,2003-09-27,Non-binary,Mexican,American,Japan,Master's Degree,English,Native,Basic,Eligible,Teacher,2023-09-12,Meisei International School,English School,Tokyo,Tachikawa,2025-01-26,,Active,3,2,0,0,66.67
ASG000962,DUD100614,CLI0154,2025-05-19,,Active,ALT / English Teacher,114,Monthly,0,0,Replacement,CAN000024,Alejandro,,Allen,2003-09-27,Non-binary,Mexican,American,Japan,Master's Degree,English,Native,Basic,Eligible,Teacher,2023-09-12,Asahi International School,Private School,Tokyo,Nerima,2021-02-20,,Active,12,10,2,0,83.33
ASG000963,DUD100615,CLI0295,2025-04-20,2026-03-03,Transferred,Experienced Teacher,113,Three-Month,0,0,Replacement,CAN000020,David,,Hernandez,1979-11-12,Female,Australian,French,Japan,Bachelor's Degree,Other,B2,N3,Eligible,Teacher,2026-01-21,Tsubaki Junior High School,Public Junior High School,Kanagawa,Fujisawa,2022-02-23,,Active,10,10,0,0,100.0
ASG000964,DUD100616,CLI0236,2024-12-20,,Active,ALT / English Teacher,38,Six-Month,0,0,Transfer,CAN001331,Sofia,,King,1975-03-12,Female,Canadian,French,Japan,Bachelor's Degree,Psychology,C2,,Eligible,Teacher,2021-11-23,Meisei Elementary School,Private School,Tokyo,Edogawa,2021-05-21,2025-01-06,Inactive,12,8,2,0,66.67
ASG000965,DUD100617,CLI0269,2023-05-04,2023-12-06,Completed,ALT / English Teacher,45,Annual,0,0,Replacement,CAN001345,James,,Johnson,1999-08-03,Female,Spanish,Filipino,Japan,Bachelor's Degree,Education,Native,Basic,Eligible,Teacher,2024-08-03,Hikari Elementary School,High School,Saitama,Kawagoe,2025-12-11,,Active,7,5,1,0,71.43
ASG000966,DUD100617,CLI0005,2023-12-22,,Active,ALT / English Teacher,61,Three-Month,0,0,Initial Assignment,CAN001345,James,,Johnson,1999-08-03,Female,Spanish,Filipino,Japan,Bachelor's Degree,Education,Native,Basic,Eligible,Teacher,2024-08-03,Shinmei Academy,Kindergarten,Chiba,Funabashi,2025-12-15,,Active,12,10,1,0,83.33
ASG000967,DUD100618,CLI0294,2021-04-28,2021-10-15,Completed,ALT / English Teacher,30,Six-Month,0,0,Transfer,CAN001117,Robert,,Young,1986-11-27,Prefer not to say,French,Australian,Japan,Bachelor's Degree,Business,Native,N1,Eligible,Teacher,2024-08-09,Shinmei Junior High School,Kindergarten,Saitama,Saitama,2020-12-10,,Active,5,4,0,0,80.0
ASG000968,DUD100619,CLI0032,2024-05-18,2025-01-30,Transferred,ALT / English Teacher,50,Annual,0,0,Staffing Demand,CAN001236,William,,Hernandez,2003-03-12,Female,Spanish,Spanish,Japan,Master's Degree,Business,B2,N1,Eligible,Teacher,2021-02-11,Midori Junior High School,Public Elementary School,Chiba,Kashiwa,2024-06-08,,Active,8,8,0,0,100.0
ASG000969,DUD100619,CLI0166,2025-02-05,,Active,Senior Teacher,120,Annual,0,0,Staffing Demand,CAN001236,William,,Hernandez,2003-03-12,Female,Spanish,Spanish,Japan,Master's Degree,Business,B2,N1,Eligible,Teacher,2021-02-11,Nerima Junior High School,Private School,Kanagawa,Yokohama,2024-03-04,,Active,12,9,0,0,75.0
ASG000970,DUD100620,CLI0181,2021-04-13,,Active,ALT / English Teacher,35,Monthly,0,0,Staffing Demand,CAN000749,Maria,,Walker,1991-05-04,Female,French,British,Japan,Associate Degree,Linguistics,Native,N1,Eligible,Teacher,2021-03-21,Koyo Junior High School,High School,Tokyo,Katsushika,2022-10-19,,Active,12,12,0,0,100.0
ASG000971,DUD100621,CLI0298,2021-02-27,2022-08-18,Renewed,Trainer,116,Annual,0,0,Replacement,CAN001009,Hannah,,Jackson,1993-01-09,Male,Mexican,Mexican,Japan,Master's Degree,Linguistics,Native,N1,Eligible,Teacher,2024-04-05,Koyo Elementary School,English School,Chiba,Matsudo,2023-05-19,,Active,12,11,0,0,91.67
ASG000972,DUD100622,CLI0084,2022-09-14,2023-08-05,Completed,Experienced Teacher,26,Annual,0,0,Client Request,CAN000222,John,,Williams,1992-07-06,Male,British,Brazilian,Japan,Master's Degree,Education,C1,N3,Eligible,Teacher,2025-08-12,Tsubaki Elementary School,Public Junior High School,Kanagawa,Kawasaki,2023-03-31,,Active,10,6,0,0,60.0
ASG000973,DUD100622,CLI0155,2023-08-29,,Active,Experienced Teacher,109,Annual,0,0,Client Request,CAN000222,John,,Williams,1992-07-06,Male,British,Brazilian,Japan,Master's Degree,Education,C1,N3,Eligible,Teacher,2025-08-12,Seiwa Education Center,Kindergarten,Saitama,Warabi,2025-03-15,,Active,12,6,1,0,50.0
ASG000974,DUD100623,CLI0099,2021-10-23,2023-04-15,Completed,Experienced Teacher,54,Three-Month,0,0,Initial Assignment,CAN001798,Marco,,Gonzalez,1989-04-28,Male,American,Brazilian,Japan,Master's Degree,Psychology,C2,Basic,Eligible,Teacher,2026-03-20,Nerima International School,Education Center,Tokyo,Hachioji,2025-12-21,,Active,12,10,2,0,83.33
ASG000975,DUD100623,CLI0255,2023-05-11,,Active,Senior Teacher,98,Three-Month,0,0,Client Request,CAN001798,Marco,,Gonzalez,1989-04-28,Male,American,Brazilian,Japan,Master's Degree,Psychology,C2,Basic,Eligible,Teacher,2026-03-20,Haruka Academy,Education Center,Saitama,Kawaguchi,2020-03-22,,Active,12,12,0,0,100.0
ASG000976,DUD100624,CLI0115,2025-09-24,2026-01-13,Transferred,ALT / English Teacher,32,Six-Month,0,0,Staffing Demand,CAN001951,Michael,,Martin,1977-02-26,Female,Japanese,British,Japan,Diploma,Psychology,C1,,Eligible,Teacher,2021-05-07,Takashima High School,Public Elementary School,Saitama,Toda,2023-12-27,2026-04-11,Inactive,3,2,0,0,66.67
ASG000977,DUD100624,CLI0280,2026-02-05,2026-06-25,Completed,ALT / English Teacher,74,Six-Month,0,0,Initial Assignment,CAN001951,Michael,,Martin,1977-02-26,Female,Japanese,British,Japan,Diploma,Psychology,C1,,Eligible,Teacher,2021-05-07,Seiwa International School,English School,Saitama,Saitama,2019-10-30,2022-12-03,Inactive,4,2,1,0,50.0
ASG000978,DUD100624,CLI0086,2026-07-18,2027-12-29,Ended,ALT / English Teacher,31,Three-Month,0,0,Staffing Demand,CAN001951,Michael,,Martin,1977-02-26,Female,Japanese,British,Japan,Diploma,Psychology,C1,,Eligible,Teacher,2021-05-07,Nerima Elementary School,Kindergarten,Kanagawa,Fujisawa,2020-09-21,2022-06-24,Inactive,12,10,0,0,83.33
ASG000979,DUD100625,CLI0257,2022-03-11,2023-03-30,Renewed,ALT / English Teacher,30,Monthly,0,0,Transfer,CAN001869,Andres,,Sanchez,1995-12-09,Non-binary,Australian,Japanese,Japan,Associate Degree,Linguistics,C1,N3,Eligible,Teacher,2024-08-19,Koyo International School,Public Junior High School,Kanagawa,Yamato,2025-06-05,,Active,12,11,0,0,91.67
ASG000980,DUD100626,CLI0227,2025-09-11,,Active,ALT / English Teacher,96,Monthly,0,0,Replacement,CAN000425,Jessica,,Moore,1985-01-13,Prefer not to say,Japanese,Japanese,Japan,Bachelor's Degree,English,C1,,Eligible,Teacher,2023-05-11,Asahi Academy,Education Center,Tokyo,Hachioji,2025-06-04,2027-04-21,Inactive,11,10,0,0,90.91
ASG000981,DUD100627,CLI0103,2023-07-29,2024-08-26,Completed,Senior Teacher,66,Six-Month,0,0,Staffing Demand,CAN001189,Jessica,,Hall,2000-03-07,Non-binary,Mexican,Australian,Japan,Bachelor's Degree,Psychology,C2,N1,Eligible,Teacher,2022-02-24,Meisei Academy,Education Center,Saitama,Koshigaya,2025-01-09,,Active,12,9,1,0,75.0
ASG000982,DUD100628,CLI0190,2024-01-30,2024-10-30,Transferred,ALT / English Teacher,58,Annual,0,0,Staffing Demand,CAN000729,Jose,,Martinez,1990-08-01,Non-binary,Canadian,American,Japan,Associate Degree,Psychology,Native,Basic,Eligible,Teacher,2021-06-11,Asahi International School,English School,Kanagawa,Sagamihara,2020-05-23,,Active,9,9,0,0,100.0
ASG000983,DUD100628,CLI0134,2024-11-05,,Active,Senior Teacher,70,Three-Month,0,0,Initial Assignment,CAN000729,Jose,,Martinez,1990-08-01,Non-binary,Canadian,American,Japan,Associate Degree,Psychology,Native,Basic,Eligible,Teacher,2021-06-11,Mirai Academy,Education Center,Kanagawa,Sagamihara,2025-05-12,,Active,12,10,0,0,83.33
ASG000984,DUD100629,CLI0044,2024-09-16,2026-02-19,Completed,ALT / English Teacher,29,Six-Month,0,0,Replacement,CAN000677,Marco,,Lee,1986-06-13,Non-binary,Filipino,Japanese,Japan,Bachelor's Degree,Linguistics,C2,N1,Eligible,Teacher,2022-05-09,Nerima Junior High School,Private School,Chiba,Ichikawa,2021-07-30,,Active,12,6,3,0,50.0
ASG000985,DUD100629,CLI0220,2026-02-22,2026-12-09,Transferred,ALT / English Teacher,63,Monthly,0,0,Staffing Demand,CAN000677,Marco,,Lee,1986-06-13,Non-binary,Filipino,Japanese,Japan,Bachelor's Degree,Linguistics,C2,N1,Eligible,Teacher,2022-05-09,Haruka Elementary School,Private School,Kanagawa,Yamato,2020-11-21,,Active,9,8,0,0,88.89
ASG000986,DUD100630,CLI0197,2021-09-12,2022-02-25,Transferred,Trainer,80,Annual,0,0,Replacement,CAN000148,Maria,,Miller,1993-02-26,Female,Japanese,Mexican,Japan,Associate Degree,Education,Native,,Eligible,Teacher,2025-02-28,Ota High School,English School,Chiba,Urayasu,2022-12-06,,Active,5,5,0,0,100.0
ASG000987,DUD100630,CLI0203,2022-03-11,2023-07-18,Transferred,Experienced Teacher,41,Six-Month,0,0,Staffing Demand,CAN000148,Maria,,Miller,1993-02-26,Female,Japanese,Mexican,Japan,Associate Degree,Education,Native,,Eligible,Teacher,2025-02-28,Midori Academy,Public Junior High School,Saitama,Kawaguchi,2023-05-29,,Active,12,11,0,0,91.67
ASG000988,DUD100631,CLI0001,2024-11-24,,Active,ALT / English Teacher,88,Six-Month,0,0,Client Request,CAN001748,William,,Davis,1997-08-13,Prefer not to say,British,Japanese,Japan,Master's Degree,English,C2,,Eligible,Teacher,2025-04-13,Takashima Elementary School,High School,Tokyo,Ota,2022-08-18,,Active,12,9,1,0,75.0
ASG000989,DUD100632,CLI0253,2023-05-04,2024-06-04,Completed,ALT / English Teacher,110,Annual,0,0,Transfer,CAN000634,Christopher,,Thompson,1991-03-14,Female,French,Filipino,Japan,Associate Degree,Education,C2,N2,Eligible,Teacher,2021-02-07,Kita Junior High School,English School,Saitama,Kawagoe,2020-11-17,,Active,12,11,0,0,91.67
ASG000990,DUD100633,CLI0069,2021-07-20,2022-01-04,Ended,Experienced Teacher,111,Annual,0,0,Transfer,CAN001676,Jose,,Williams,1998-07-11,Prefer not to say,Spanish,Australian,Japan,Bachelor's Degree,Psychology,C1,N3,Eligible,Teacher,2021-01-22,Ota International School,Public Junior High School,Tokyo,Adachi,2025-08-07,,Active,5,4,0,0,80.0
ASG000991,DUD100634,CLI0157,2022-10-12,2023-10-18,Ended,ALT / English Teacher,70,Three-Month,0,0,Client Request,CAN000550,James,,Moore,1996-04-19,Male,Brazilian,Canadian,Japan,Bachelor's Degree,English,B2,N2,Eligible,Teacher,2025-01-06,Akebono High School,Public Elementary School,Saitama,Koshigaya,2024-04-23,2026-09-07,Inactive,12,7,0,0,58.33
ASG000992,DUD100634,CLI0242,2023-11-10,,Active,ALT / English Teacher,73,Three-Month,0,0,Initial Assignment,CAN000550,James,,Moore,1996-04-19,Male,Brazilian,Canadian,Japan,Bachelor's Degree,English,B2,N2,Eligible,Teacher,2025-01-06,Tsubaki Elementary School,English School,Kanagawa,Fujisawa,2026-01-24,,Active,12,11,0,0,91.67
ASG000993,DUD100635,CLI0239,2024-04-06,2024-08-02,Completed,ALT / English Teacher,69,Six-Month,0,0,Staffing Demand,CAN001410,Ana,,Miller,1992-11-11,Female,Japanese,French,Japan,Bachelor's Degree,Other,C1,,Eligible,Teacher,2023-02-24,Sakura Junior High School,English School,Tokyo,Itabashi,2022-04-12,,Active,3,2,1,0,66.67
ASG000994,DUD100635,CLI0228,2024-08-13,,Active,ALT / English Teacher,120,Monthly,0,0,Client Request,CAN001410,Ana,,Miller,1992-11-11,Female,Japanese,French,Japan,Bachelor's Degree,Other,C1,,Eligible,Teacher,2023-02-24,Takashima Academy,Education Center,Kanagawa,Kawasaki,2025-12-24,,Active,12,10,0,0,83.33
ASG000995,DUD100636,CLI0147,2025-06-16,2026-08-07,Completed,Experienced Teacher,100,Monthly,0,0,Client Request,CAN001735,Robert,,Thompson,1998-10-07,Prefer not to say,American,Brazilian,Japan,Master's Degree,Other,B2,N2,Eligible,Teacher,2025-06-02,Asahi High School,Public Junior High School,Saitama,Saitama,2020-01-26,,Active,12,12,0,0,100.0
ASG000996,DUD100637,CLI0196,2023-09-29,2024-03-16,Transferred,ALT / English Teacher,51,Six-Month,0,0,Initial Assignment,CAN001342,Olivia,,Martin,1975-03-12,Male,British,Mexican,Japan,Bachelor's Degree,Business,Native,N3,Eligible,Teacher,2022-12-20,Asahi Education Center,High School,Saitama,Koshigaya,2025-09-29,,Active,5,4,1,0,80.0
ASG000997,DUD100637,CLI0210,2024-03-29,,Active,Trainer,29,Annual,0,0,Client Request,CAN001342,Olivia,,Martin,1975-03-12,Male,British,Mexican,Japan,Bachelor's Degree,Business,Native,N3,Eligible,Teacher,2022-12-20,Haruka Education Center,High School,Tokyo,Kita,2022-12-04,,Active,12,12,0,0,100.0
ASG000998,DUD100638,CLI0235,2021-09-18,2022-11-18,Completed,Experienced Teacher,71,Monthly,0,0,Transfer,CAN000927,Ana,,Martin,2000-09-17,Male,French,Brazilian,Japan,Associate Degree,Linguistics,B2,N3,Eligible,Teacher,2021-10-31,Mirai Academy,English School,Chiba,Urayasu,2025-08-06,,Active,12,11,0,0,91.67
ASG000999,DUD100639,CLI0021,2024-08-18,2026-01-11,Completed,ALT / English Teacher,97,Six-Month,0,0,Initial Assignment,CAN000982,Diego,,Garcia,1995-12-24,Non-binary,British,Mexican,Japan,Diploma,Business,C2,N1,Eligible,Teacher,2026-02-16,Sakura International School,Kindergarten,Kanagawa,Yokohama,2025-08-22,2027-08-07,Inactive,12,10,1,0,83.33
ASG001000,DUD100639,CLI0188,2026-01-24,,Active,ALT / English Teacher,68,Three-Month,0,0,Client Request,CAN000982,Diego,,Garcia,1995-12-24,Non-binary,British,Mexican,Japan,Diploma,Business,C2,N1,Eligible,Teacher,2026-02-16,Kizuna International School,Education Center,Chiba,Matsudo,2020-11-14,,Active,6,5,0,0,83.33
ASG001001,DUD100640,CLI0201,2021-11-11,,Active,ALT / English Teacher,48,Monthly,0,0,Replacement,CAN001285,Jose,,Thompson,1999-08-25,Prefer not to say,French,American,Japan,Master's Degree,Psychology,C2,,Eligible,Teacher,2025-05-10,Haruka Academy,High School,Tokyo,Koganei,2023-10-19,,Active,12,7,2,0,58.33
ASG001002,DUD100641,CLI0224,2025-08-01,2026-11-28,Transferred,ALT / English Teacher,31,Monthly,0,0,Staffing Demand,CAN000976,Carlos,,Allen,1983-10-06,Female,Brazilian,French,Japan,Diploma,English,C2,N3,Eligible,Teacher,2023-04-15,Mirai Junior High School,Education Center,Tokyo,Koganei,2020-06-17,2021-07-31,Inactive,12,10,1,0,83.33
ASG001003,DUD100641,CLI0016,2026-12-22,2028-05-05,Ended,ALT / English Teacher,87,Monthly,0,0,Initial Assignment,CAN000976,Carlos,,Allen,1983-10-06,Female,Brazilian,French,Japan,Diploma,English,C2,N3,Eligible,Teacher,2023-04-15,Ota Education Center,Public Elementary School,Chiba,Chiba,2020-07-04,,Active,12,11,0,0,91.67
ASG001004,DUD100642,CLI0036,2022-06-03,,Active,ALT / English Teacher,84,Three-Month,0,0,Replacement,CAN001919,Hannah,,Martin,1978-09-12,Non-binary,Brazilian,Brazilian,Japan,Bachelor's Degree,Linguistics,B2,N2,Eligible,Teacher,2023-01-21,Seiwa International School,Public Junior High School,Tokyo,Ota,2019-06-26,2021-06-29,Inactive,12,9,1,0,75.0
ASG001005,DUD100643,CLI0066,2023-11-03,2024-09-17,Renewed,ALT / English Teacher,102,Three-Month,0,0,Transfer,CAN000337,Olivia,,Walker,1992-11-22,Female,Brazilian,Spanish,Japan,Bachelor's Degree,Psychology,C1,N1,Eligible,Teacher,2023-07-08,Nerima Education Center,Public Junior High School,Saitama,Koshigaya,2024-12-07,,Active,10,9,0,0,90.0
ASG001006,DUD100643,CLI0133,2024-10-02,,Active,ALT / English Teacher,26,Six-Month,0,0,Client Request,CAN000337,Olivia,,Walker,1992-11-22,Female,Brazilian,Spanish,Japan,Bachelor's Degree,Psychology,C1,N1,Eligible,Teacher,2023-07-08,Hikari Academy,Public Elementary School,Kanagawa,Sagamihara,2020-12-19,,Active,12,10,0,0,83.33
ASG001007,DUD100644,CLI0251,2025-12-12,2026-05-06,Transferred,Senior Teacher,28,Three-Month,0,0,Transfer,CAN000094,Olivia,,Young,1982-06-13,Female,American,American,Japan,Master's Degree,Education,B2,N1,Eligible,Teacher,2025-03-27,Ota Education Center,Public Junior High School,Saitama,Saitama,2020-09-07,2021-09-14,Inactive,4,4,0,0,100.0
ASG001008,DUD100645,CLI0161,2023-07-22,2023-11-09,Completed,ALT / English Teacher,46,Six-Month,0,0,Replacement,CAN000320,Ana,,Jackson,1980-07-02,Female,Spanish,Canadian,Japan,Master's Degree,Other,Native,,Eligible,Teacher,2025-10-23,Nerima Elementary School,Education Center,Saitama,Warabi,2019-12-21,,Active,3,3,0,0,100.0
ASG001009,DUD100645,CLI0153,2023-12-04,,Active,ALT / English Teacher,24,Annual,0,0,Transfer,CAN000320,Ana,,Jackson,1980-07-02,Female,Spanish,Canadian,Japan,Master's Degree,Other,Native,,Eligible,Teacher,2025-10-23,Meisei High School,High School,Saitama,Saitama,2023-05-27,2024-06-05,Inactive,12,11,1,0,91.67
ASG001010,DUD100646,CLI0014,2024-06-18,,Active,Experienced Teacher,110,Six-Month,0,0,Transfer,CAN000126,Christopher,,Torres,1984-03-13,Non-binary,British,Brazilian,Japan,Bachelor's Degree,Linguistics,B2,,Eligible,Teacher,2026-03-01,Meisei High School,English School,Tokyo,Itabashi,2020-02-25,,Active,12,9,3,0,75.0
ASG001011,DUD100647,CLI0114,2025-04-11,2026-01-02,Renewed,Experienced Teacher,84,Six-Month,0,0,Client Request,CAN000457,Michael,,Anderson,1995-05-14,Female,Japanese,British,Japan,Diploma,Other,Native,,Eligible,Teacher,2025-04-08,Haruka International School,Private School,Saitama,Saitama,2024-07-18,,Active,8,6,1,0,75.0
ASG001012,DUD100648,CLI0187,2024-06-26,2025-09-26,Completed,Senior Teacher,23,Monthly,0,0,Transfer,CAN000832,Thomas,,Torres,1992-02-22,Prefer not to say,Mexican,Filipino,Japan,Bachelor's Degree,Linguistics,B2,N2,Eligible,Teacher,2024-08-05,Asahi Junior High School,Public Elementary School,Tokyo,Tachikawa,2020-09-01,,Active,12,9,1,0,75.0
ASG001013,DUD100649,CLI0018,2023-12-15,2024-12-12,Renewed,ALT / English Teacher,97,Three-Month,0,0,Replacement,CAN001981,Daniel,,King,1982-01-16,Prefer not to say,French,Mexican,Japan,Bachelor's Degree,Psychology,C1,Basic,Eligible,Teacher,2024-10-17,Koganei Academy,High School,Tokyo,Ota,2022-07-07,2026-08-23,Inactive,12,9,1,0,75.0
ASG001014,DUD100650,CLI0218,2026-01-06,,Active,ALT / English Teacher,47,Annual,0,0,Transfer,CAN000546,William,,Hall,1981-02-08,Female,Filipino,French,Japan,Diploma,Other,C1,,Eligible,Teacher,2026-06-29,Asahi Junior High School,English School,Kanagawa,Fujisawa,2021-08-11,,Active,7,6,1,0,85.71
ASG001015,DUD100651,CLI0154,2021-05-14,,Active,ALT / English Teacher,18,Monthly,0,0,Replacement,CAN000203,Juan,,Thompson,1987-06-15,Prefer not to say,American,Mexican,Japan,Diploma,Education,B2,N1,Eligible,Teacher,2025-06-14,Asahi International School,Private School,Tokyo,Nerima,2021-02-20,,Active,12,9,0,0,75.0
ASG001016,DUD100652,CLI0130,2023-03-04,,Active,Experienced Teacher,95,Six-Month,0,0,Transfer,CAN000664,Maria,,Perez,1984-05-24,Prefer not to say,Mexican,Brazilian,Japan,Diploma,Psychology,C1,N2,Eligible,Teacher,2022-01-07,Koyo Education Center,Public Elementary School,Saitama,Kawagoe,2024-10-08,,Active,12,9,3,0,75.0
ASG001017,DUD100653,CLI0022,2021-03-12,2021-10-01,Ended,Experienced Teacher,84,Six-Month,0,0,Transfer,CAN000750,David,,Perez,1977-08-03,Male,Japanese,Australian,Japan,Associate Degree,Other,C2,N1,Eligible,Teacher,2024-05-02,Kita Junior High School,High School,Saitama,Warabi,2020-11-12,,Active,6,6,0,0,100.0
ASG001018,DUD100654,CLI0242,2023-11-19,2024-09-09,Transferred,ALT / English Teacher,82,Six-Month,0,0,Client Request,CAN001349,Michael,,Ramirez,1982-02-28,Prefer not to say,Brazilian,Brazilian,Japan,Associate Degree,Linguistics,B2,,Eligible,Teacher,2021-08-31,Tsubaki Elementary School,English School,Kanagawa,Fujisawa,2026-01-24,,Active,9,7,1,0,77.78
ASG001019,DUD100655,CLI0023,2025-10-03,2026-11-20,Renewed,Experienced Teacher,82,Six-Month,0,0,Transfer,CAN001293,Diego,,Allen,1990-02-13,Male,French,Filipino,Japan,Master's Degree,English,Native,N2,Eligible,Teacher,2021-08-25,Tsubaki Elementary School,English School,Chiba,Funabashi,2020-04-17,,Active,12,9,1,0,75.0
ASG001020,DUD100656,CLI0169,2025-10-30,,Active,Experienced Teacher,33,Six-Month,0,0,Transfer,CAN000517,Laura,,Walker,1980-10-27,Female,Japanese,Brazilian,Japan,Associate Degree,English,C1,N2,Eligible,Teacher,2021-04-13,Meisei International School,Kindergarten,Saitama,Warabi,2023-05-15,,Active,9,9,0,0,100.0
ASG001021,DUD100657,CLI0041,2021-04-04,,Active,ALT / English Teacher,17,Three-Month,0,0,Transfer,CAN000366,Thomas,,Williams,1977-05-02,Prefer not to say,Japanese,Mexican,Japan,Master's Degree,Education,C1,,Eligible,Teacher,2024-03-27,Midori Junior High School,Kindergarten,Chiba,Kashiwa,2025-09-17,,Active,12,10,1,0,83.33
ASG001022,DUD100658,CLI0249,2021-08-09,2022-01-19,Ended,Experienced Teacher,87,Three-Month,0,0,Initial Assignment,CAN001103,Carlos,,Lee,1995-10-22,Prefer not to say,American,Mexican,Japan,Associate Degree,Business,B2,,Eligible,Teacher,2024-05-17,Haruka High School,Kindergarten,Chiba,Chiba,2019-05-15,,Active,5,3,0,0,60.0
ASG001023,DUD100658,CLI0276,2022-02-09,,Active,Senior Teacher,48,Annual,0,0,Client Request,CAN001103,Carlos,,Lee,1995-10-22,Prefer not to say,American,Mexican,Japan,Associate Degree,Business,B2,,Eligible,Teacher,2024-05-17,Kawaguchi Elementary School,Public Elementary School,Tokyo,Katsushika,2022-10-28,,Active,12,11,0,0,91.67
ASG001024,DUD100659,CLI0280,2024-03-05,2024-08-08,Completed,Experienced Teacher,113,Six-Month,0,0,Client Request,CAN000792,Laura,,Lopez,2002-06-12,Prefer not to say,Brazilian,Japanese,Japan,Associate Degree,Education,B2,N2,Eligible,Teacher,2023-09-29,Seiwa International School,English School,Saitama,Saitama,2019-10-30,2022-12-03,Inactive,5,5,0,0,100.0
ASG001025,DUD100659,CLI0006,2024-08-31,2025-03-09,Transferred,ALT / English Teacher,118,Annual,0,0,Initial Assignment,CAN000792,Laura,,Lopez,2002-06-12,Prefer not to say,Brazilian,Japanese,Japan,Associate Degree,Education,B2,N2,Eligible,Teacher,2023-09-29,Hikari Academy,High School,Saitama,Koshigaya,2021-11-10,,Active,6,5,0,0,83.33
ASG001026,DUD100660,CLI0106,2023-12-19,,Active,Senior Teacher,91,Three-Month,0,0,Staffing Demand,CAN001392,Michael,,Anderson,1979-05-04,Male,Mexican,American,Japan,Associate Degree,Education,C1,,Eligible,Teacher,2025-03-29,Hikari High School,High School,Kanagawa,Yamato,2025-10-19,,Active,12,9,1,0,75.0
ASG001027,DUD100661,CLI0275,2023-10-20,2024-10-26,Renewed,ALT / English Teacher,62,Three-Month,0,0,Replacement,CAN001752,Alejandro,,Taylor,1987-06-09,Female,Japanese,Australian,Japan,Master's Degree,Psychology,C2,Basic,Eligible,Teacher,2026-05-04,Akebono High School,Education Center,Chiba,Urayasu,2021-04-26,,Active,12,12,0,0,100.0
ASG001028,DUD100661,CLI0137,2024-11-10,2026-04-02,Renewed,Senior Teacher,61,Annual,0,0,Staffing Demand,CAN001752,Alejandro,,Taylor,1987-06-09,Female,Japanese,Australian,Japan,Master's Degree,Psychology,C2,Basic,Eligible,Teacher,2026-05-04,Nerima Academy,Private School,Chiba,Chiba,2022-10-01,2023-05-30,Inactive,12,12,0,0,100.0
ASG001029,DUD100662,CLI0107,2022-05-06,,Active,ALT / English Teacher,69,Monthly,0,0,Replacement,CAN000404,Ana,,Martin,1986-06-11,Prefer not to say,French,Japanese,Japan,Diploma,Business,C2,Basic,Eligible,Teacher,2023-10-23,Sakura High School,High School,Saitama,Soka,2024-03-26,,Active,12,10,0,0,83.33
ASG001030,DUD100663,CLI0279,2024-08-22,2025-12-10,Ended,ALT / English Teacher,60,Annual,0,0,Transfer,CAN001581,Juan,,Hernandez,1994-10-07,Male,British,Japanese,Japan,Bachelor's Degree,Education,Native,,Eligible,Teacher,2025-10-02,Shinmei Education Center,Education Center,Tokyo,Nerima,2019-07-15,,Active,12,9,0,0,75.0
ASG001031,DUD100663,CLI0270,2026-01-06,2027-02-25,Renewed,ALT / English Teacher,114,Monthly,0,0,Client Request,CAN001581,Juan,,Hernandez,1994-10-07,Male,British,Japanese,Japan,Bachelor's Degree,Education,Native,,Eligible,Teacher,2025-10-02,Nerima Academy,High School,Chiba,Urayasu,2019-08-19,,Active,12,12,0,0,100.0
ASG001032,DUD100663,CLI0056,2027-03-25,2028-03-21,Ended,Experienced Teacher,119,Three-Month,0,0,Replacement,CAN001581,Juan,,Hernandez,1994-10-07,Male,British,Japanese,Japan,Bachelor's Degree,Education,Native,,Eligible,Teacher,2025-10-02,Takashima Elementary School,Public Elementary School,Chiba,Matsudo,2022-09-28,,Active,12,11,0,0,91.67
ASG001033,DUD100664,CLI0238,2025-10-20,,Active,Trainer,21,Three-Month,0,0,Initial Assignment,CAN001163,Emily,,Sanchez,1980-01-14,Male,Filipino,Mexican,Japan,Diploma,Linguistics,Native,Basic,Eligible,Teacher,2023-01-31,Kita Elementary School,Private School,Chiba,Matsudo,2021-04-13,,Active,10,7,1,0,70.0
ASG001034,DUD100665,CLI0102,2021-12-02,2022-11-13,Transferred,Senior Teacher,22,Six-Month,0,0,Initial Assignment,CAN000575,Olivia,,Rodriguez,1975-02-08,Female,French,French,Japan,Bachelor's Degree,Business,C2,Basic,Eligible,Teacher,2026-03-30,Midori High School,Public Elementary School,Saitama,Warabi,2026-04-27,,Active,11,9,0,0,81.82
ASG001035,DUD100665,CLI0130,2022-12-11,2023-06-05,Completed,ALT / English Teacher,108,Monthly,0,0,Initial Assignment,CAN000575,Olivia,,Rodriguez,1975-02-08,Female,French,French,Japan,Bachelor's Degree,Business,C2,Basic,Eligible,Teacher,2026-03-30,Koyo Education Center,Public Elementary School,Saitama,Kawagoe,2024-10-08,,Active,5,5,0,0,100.0
ASG001036,DUD100666,CLI0251,2023-12-06,2024-06-04,Renewed,ALT / English Teacher,52,Annual,0,0,Staffing Demand,CAN000125,Carlos,,Garcia,1991-03-24,Female,Filipino,British,Japan,Diploma,Other,C1,N1,Eligible,Teacher,2023-12-25,Ota Education Center,Public Junior High School,Saitama,Saitama,2020-09-07,2021-09-14,Inactive,6,4,1,0,66.67
ASG001037,DUD100666,CLI0142,2024-06-29,2025-07-27,Transferred,ALT / English Teacher,79,Annual,0,0,Transfer,CAN000125,Carlos,,Garcia,1991-03-24,Female,Filipino,British,Japan,Diploma,Other,C1,N1,Eligible,Teacher,2023-12-25,Midori Elementary School,English School,Chiba,Urayasu,2025-06-16,,Active,12,9,0,0,75.0
ASG001038,DUD100666,CLI0170,2025-08-13,,Active,ALT / English Teacher,24,Six-Month,0,0,Staffing Demand,CAN000125,Carlos,,Garcia,1991-03-24,Female,Filipino,British,Japan,Diploma,Other,C1,N1,Eligible,Teacher,2023-12-25,Kita High School,Public Elementary School,Saitama,Saitama,2019-05-31,,Active,12,11,1,0,91.67
ASG001039,DUD100667,CLI0170,2023-12-09,,Active,Experienced Teacher,106,Six-Month,0,0,Client Request,CAN001242,Marco,,Wilson,1985-08-14,Non-binary,Canadian,American,Japan,Master's Degree,Business,B2,Basic,Eligible,Teacher,2025-06-10,Kita High School,Public Elementary School,Saitama,Saitama,2019-05-31,,Active,12,11,0,0,91.67
ASG001040,DUD100668,CLI0126,2024-05-31,,Active,Senior Teacher,52,Annual,0,0,Transfer,CAN000234,Robert,,Johnson,1989-01-24,Male,Filipino,Spanish,Japan,Diploma,Linguistics,Native,N3,Eligible,Teacher,2026-07-18,Kawaguchi International School,Private School,Chiba,Chiba,2019-03-09,2022-06-08,Inactive,12,10,1,0,83.33
ASG001041,DUD100669,CLI0240,2025-03-04,2026-02-18,Ended,ALT / English Teacher,88,Monthly,0,0,Replacement,CAN000403,Jessica,,Hall,1992-03-27,Male,Canadian,Brazilian,Japan,Bachelor's Degree,Other,Native,,Eligible,Teacher,2021-05-23,Sakura Junior High School,Kindergarten,Saitama,Warabi,2022-01-20,,Active,11,9,0,0,81.82
ASG001042,DUD100670,CLI0095,2024-12-21,2026-04-01,Renewed,Senior Teacher,59,Annual,0,0,Client Request,CAN001374,Andres,,Allen,1990-12-02,Prefer not to say,Brazilian,American,Japan,Master's Degree,Linguistics,B2,Basic,Eligible,Teacher,2022-05-30,Haruka International School,Private School,Saitama,Kawaguchi,2022-09-27,,Active,12,9,2,0,75.0
ASG001043,DUD100671,CLI0055,2023-04-16,2023-12-19,Completed,ALT / English Teacher,92,Three-Month,0,0,Initial Assignment,CAN001847,Daniel,,Martin,1978-11-25,Prefer not to say,Spanish,Spanish,Japan,Master's Degree,Other,Native,Basic,Eligible,Teacher,2023-12-04,Kita Education Center,Kindergarten,Kanagawa,Sagamihara,2022-04-12,,Active,8,7,0,0,87.5
ASG001044,DUD100671,CLI0029,2024-01-16,2025-03-06,Completed,ALT / English Teacher,76,Three-Month,0,0,Transfer,CAN001847,Daniel,,Martin,1978-11-25,Prefer not to say,Spanish,Spanish,Japan,Master's Degree,Other,Native,Basic,Eligible,Teacher,2023-12-04,Asahi Education Center,Public Elementary School,Chiba,Matsudo,2022-10-13,,Active,12,12,0,0,100.0
ASG001045,DUD100672,CLI0228,2024-09-06,,Active,ALT / English Teacher,85,Six-Month,0,0,Client Request,CAN001202,Hannah,,Hall,1976-06-05,Prefer not to say,Brazilian,Japanese,Japan,Diploma,Psychology,Native,N2,Eligible,Teacher,2026-03-01,Takashima Academy,Education Center,Kanagawa,Kawasaki,2025-12-24,,Active,12,11,0,0,91.67
ASG001046,DUD100673,CLI0283,2021-06-02,,Active,Experienced Teacher,76,Six-Month,0,0,Initial Assignment,CAN000054,Christopher,,Taylor,1989-08-17,Male,Spanish,French,Japan,Diploma,Other,B2,N2,Eligible,Teacher,2024-08-17,Shinmei Academy,Education Center,Kanagawa,Kawasaki,2020-04-13,,Active,12,10,1,0,83.33
ASG001047,DUD100674,CLI0279,2021-12-04,2022-05-19,Ended,Experienced Teacher,99,Six-Month,0,0,Replacement,CAN001664,Maria,,Wilson,1996-02-23,Non-binary,Mexican,Brazilian,Japan,Diploma,Other,C1,,Eligible,Teacher,2022-08-28,Shinmei Education Center,Education Center,Tokyo,Nerima,2019-07-15,,Active,5,2,0,0,40.0
ASG001048,DUD100674,CLI0126,2022-06-04,,Active,ALT / English Teacher,53,Annual,0,0,Staffing Demand,CAN001664,Maria,,Wilson,1996-02-23,Non-binary,Mexican,Brazilian,Japan,Diploma,Other,C1,,Eligible,Teacher,2022-08-28,Kawaguchi International School,Private School,Chiba,Chiba,2019-03-09,2022-06-08,Inactive,12,11,0,0,91.67
ASG001049,DUD100675,CLI0189,2021-07-20,,Active,ALT / English Teacher,38,Annual,0,0,Staffing Demand,CAN001510,Daniel,,Smith,1979-12-08,Non-binary,Australian,Filipino,Japan,Master's Degree,Business,C1,Basic,Eligible,Teacher,2023-08-28,Tsubaki High School,Kindergarten,Chiba,Ichikawa,2024-03-18,,Active,12,10,1,0,83.33
ASG001050,DUD100676,CLI0128,2024-08-10,2025-08-01,Transferred,ALT / English Teacher,41,Annual,0,0,Initial Assignment,CAN000053,Maria,,Hernandez,1979-10-09,Male,Japanese,Canadian,Japan,Bachelor's Degree,Other,B2,N3,Eligible,Teacher,2025-12-07,Tsubaki Junior High School,Education Center,Chiba,Urayasu,2022-11-06,,Active,11,8,2,0,72.73
ASG001051,DUD100676,CLI0202,2025-08-13,2026-06-15,Ended,ALT / English Teacher,88,Monthly,0,0,Replacement,CAN000053,Maria,,Hernandez,1979-10-09,Male,Japanese,Canadian,Japan,Bachelor's Degree,Other,B2,N3,Eligible,Teacher,2025-12-07,Tsubaki Elementary School,High School,Kanagawa,Kawasaki,2023-08-14,,Active,10,8,1,0,80.0
ASG001052,DUD100676,CLI0104,2026-06-30,2027-01-03,Completed,ALT / English Teacher,73,Three-Month,0,0,Staffing Demand,CAN000053,Maria,,Hernandez,1979-10-09,Male,Japanese,Canadian,Japan,Bachelor's Degree,Other,B2,N3,Eligible,Teacher,2025-12-07,Nerima Education Center,High School,Tokyo,Tachikawa,2021-01-05,2023-02-06,Inactive,6,3,2,0,50.0
ASG001053,DUD100677,CLI0193,2025-12-02,2026-07-05,Ended,ALT / English Teacher,41,Six-Month,0,0,Initial Assignment,CAN001628,Marco,,Lopez,1987-05-18,Prefer not to say,Filipino,Canadian,Japan,Associate Degree,Other,C2,Basic,Eligible,Teacher,2025-03-24,Nerima International School,Public Junior High School,Saitama,Toda,2023-08-28,,Active,7,5,2,0,71.43
ASG001054,DUD100678,CLI0300,2022-12-07,2023-12-30,Completed,ALT / English Teacher,104,Annual,0,0,Replacement,CAN000922,Carlos,,Rodriguez,1998-02-04,Non-binary,Australian,Mexican,Japan,Diploma,English,Native,N1,Eligible,Teacher,2021-06-13,Shinmei Academy,Public Junior High School,Chiba,Chiba,2024-05-25,,Active,12,11,0,0,91.67
ASG001055,DUD100679,CLI0300,2022-04-23,2023-06-24,Renewed,Experienced Teacher,28,Three-Month,0,0,Client Request,CAN001925,James,,Gonzalez,1985-10-04,Prefer not to say,American,Canadian,Japan,Diploma,English,C1,N3,Eligible,Teacher,2025-02-26,Shinmei Academy,Public Junior High School,Chiba,Chiba,2024-05-25,,Active,12,11,0,0,91.67
ASG001056,DUD100679,CLI0134,2023-07-02,,Active,ALT / English Teacher,40,Annual,0,0,Initial Assignment,CAN001925,James,,Gonzalez,1985-10-04,Prefer not to say,American,Canadian,Japan,Diploma,English,C1,N3,Eligible,Teacher,2025-02-26,Mirai Academy,Education Center,Kanagawa,Sagamihara,2025-05-12,,Active,12,12,0,0,100.0
ASG001057,DUD100680,CLI0203,2023-03-24,2023-06-30,Transferred,Senior Teacher,98,Three-Month,0,0,Transfer,CAN001498,Sofia,,Moore,1993-10-09,Non-binary,Mexican,Brazilian,Japan,Diploma,Linguistics,C2,N1,Eligible,Teacher,2023-07-04,Midori Academy,Public Junior High School,Saitama,Kawaguchi,2023-05-29,,Active,3,3,0,0,100.0
ASG001058,DUD100680,CLI0212,2023-07-09,,Active,Trainer,73,Monthly,0,0,Staffing Demand,CAN001498,Sofia,,Moore,1993-10-09,Non-binary,Mexican,Brazilian,Japan,Diploma,Linguistics,C2,N1,Eligible,Teacher,2023-07-04,Mirai Elementary School,Public Elementary School,Saitama,Saitama,2022-11-10,,Active,12,10,0,0,83.33
ASG001059,DUD100681,CLI0228,2022-05-24,,Active,Senior Teacher,57,Three-Month,0,0,Client Request,CAN001937,Ana,,Hernandez,1992-12-03,Prefer not to say,Brazilian,Canadian,Japan,Diploma,Education,C2,N3,Eligible,Teacher,2026-02-11,Takashima Academy,Education Center,Kanagawa,Kawasaki,2025-12-24,,Active,12,12,0,0,100.0
ASG001060,DUD100682,CLI0242,2026-01-15,,Active,Senior Teacher,84,Monthly,0,0,Client Request,CAN001204,Thomas,,Young,1983-07-16,Male,British,Australian,Japan,Bachelor's Degree,English,Native,Basic,Eligible,Teacher,2025-10-02,Tsubaki Elementary School,English School,Kanagawa,Fujisawa,2026-01-24,,Active,7,6,1,0,85.71
ASG001061,DUD100683,CLI0265,2021-12-07,2022-06-15,Ended,Experienced Teacher,35,Monthly,0,0,Replacement,CAN000656,Laura,,Hall,1982-09-11,Female,Canadian,Filipino,Japan,Master's Degree,Psychology,C2,N2,Eligible,Teacher,2026-04-28,Sakura Junior High School,Public Elementary School,Saitama,Kawaguchi,2024-09-23,,Active,6,6,0,0,100.0
ASG001062,DUD100683,CLI0188,2022-06-26,,Active,ALT / English Teacher,51,Three-Month,0,0,Replacement,CAN000656,Laura,,Hall,1982-09-11,Female,Canadian,Filipino,Japan,Master's Degree,Psychology,C2,N2,Eligible,Teacher,2026-04-28,Kizuna International School,Education Center,Chiba,Matsudo,2020-11-14,,Active,12,10,1,0,83.33
ASG001063,DUD100684,CLI0198,2025-10-25,2026-07-18,Completed,ALT / English Teacher,65,Monthly,0,0,Staffing Demand,CAN000142,Matthew,,Davis,2001-06-26,Non-binary,American,American,Japan,Associate Degree,Other,Native,N1,Eligible,Teacher,2023-09-17,Ota High School,Public Elementary School,Kanagawa,Yamato,2022-08-29,,Active,8,8,0,0,100.0
ASG001064,DUD100684,CLI0104,2026-08-07,2026-11-18,Ended,Experienced Teacher,19,Three-Month,0,0,Replacement,CAN000142,Matthew,,Davis,2001-06-26,Non-binary,American,American,Japan,Associate Degree,Other,Native,N1,Eligible,Teacher,2023-09-17,Nerima Education Center,High School,Tokyo,Tachikawa,2021-01-05,2023-02-06,Inactive,3,2,1,0,66.67
ASG001065,DUD100685,CLI0255,2023-02-02,2024-03-25,Renewed,Senior Teacher,120,Six-Month,0,0,Initial Assignment,CAN001742,Alejandro,,White,1990-05-02,Prefer not to say,American,American,Japan,Bachelor's Degree,English,B2,N2,Eligible,Teacher,2023-02-07,Haruka Academy,Education Center,Saitama,Kawaguchi,2020-03-22,,Active,12,11,0,0,91.67
ASG001066,DUD100685,CLI0174,2024-04-16,,Active,ALT / English Teacher,28,Monthly,0,0,Client Request,CAN001742,Alejandro,,White,1990-05-02,Prefer not to say,American,American,Japan,Bachelor's Degree,English,B2,N2,Eligible,Teacher,2023-02-07,Ota Junior High School,Public Elementary School,Saitama,Koshigaya,2026-01-08,,Active,12,8,0,0,66.67
ASG001067,DUD100686,CLI0155,2021-06-05,,Active,ALT / English Teacher,18,Six-Month,0,0,Initial Assignment,CAN000670,Sarah,,Thompson,1999-03-27,Male,Australian,Filipino,Japan,Master's Degree,English,C1,N1,Eligible,Teacher,2022-12-21,Seiwa Education Center,Kindergarten,Saitama,Warabi,2025-03-15,,Active,12,11,0,0,91.67
ASG001068,DUD100687,CLI0211,2022-04-14,2022-12-16,Renewed,ALT / English Teacher,33,Six-Month,0,0,Client Request,CAN001044,Robert,,Taylor,2002-04-26,Female,British,French,Japan,Bachelor's Degree,English,Native,Basic,Eligible,Teacher,2025-07-03,Mirai Education Center,Education Center,Tokyo,Koganei,2019-05-25,,Active,8,5,2,0,62.5
ASG001069,DUD100688,CLI0153,2022-10-10,,Active,Experienced Teacher,59,Monthly,0,0,Transfer,CAN001569,John,,White,1982-01-21,Non-binary,American,Japanese,Japan,Associate Degree,English,Native,Basic,Eligible,Teacher,2022-04-14,Meisei High School,High School,Saitama,Saitama,2023-05-27,2024-06-05,Inactive,12,10,1,0,83.33
ASG001070,DUD100689,CLI0220,2023-03-31,2024-04-01,Ended,Senior Teacher,97,Annual,0,0,Replacement,CAN000484,Olivia,,Jackson,1983-12-12,Non-binary,Canadian,British,Japan,Bachelor's Degree,Linguistics,Native,N1,Eligible,Teacher,2021-02-26,Haruka Elementary School,Private School,Kanagawa,Yamato,2020-11-21,,Active,12,10,1,0,83.33
ASG001071,DUD100689,CLI0200,2024-04-16,2024-12-06,Completed,ALT / English Teacher,57,Three-Month,0,0,Transfer,CAN000484,Olivia,,Jackson,1983-12-12,Non-binary,Canadian,British,Japan,Bachelor's Degree,Linguistics,Native,N1,Eligible,Teacher,2021-02-26,Seiwa International School,Kindergarten,Chiba,Ichikawa,2025-10-18,,Active,7,6,0,0,85.71
ASG001072,DUD100689,CLI0262,2024-12-25,2025-10-16,Completed,ALT / English Teacher,41,Three-Month,0,0,Transfer,CAN000484,Olivia,,Jackson,1983-12-12,Non-binary,Canadian,British,Japan,Bachelor's Degree,Linguistics,Native,N1,Eligible,Teacher,2021-02-26,Takashima International School,High School,Saitama,Kawaguchi,2024-06-06,2027-01-18,Inactive,9,8,0,0,88.89
ASG001073,DUD100690,CLI0126,2025-07-11,,Active,ALT / English Teacher,106,Monthly,0,0,Initial Assignment,CAN000171,Jose,,Johnson,1994-06-25,Male,British,Mexican,Japan,Master's Degree,Other,Native,N2,Eligible,Teacher,2024-10-24,Kawaguchi International School,Private School,Chiba,Chiba,2019-03-09,2022-06-08,Inactive,12,10,0,0,83.33
ASG001074,DUD100691,CLI0238,2025-06-13,2025-10-04,Ended,ALT / English Teacher,92,Monthly,0,0,Replacement,CAN000482,Robert,,White,1982-08-25,Male,French,American,Japan,Bachelor's Degree,Linguistics,Native,N2,Eligible,Teacher,2025-01-14,Kita Elementary School,Private School,Chiba,Matsudo,2021-04-13,,Active,3,3,0,0,100.0
ASG001075,DUD100692,CLI0279,2026-01-20,2027-04-08,Completed,ALT / English Teacher,100,Three-Month,0,0,Transfer,CAN001648,Marco,,Hernandez,1976-03-09,Female,British,Spanish,Japan,Master's Degree,Psychology,B2,Basic,Eligible,Teacher,2024-03-29,Shinmei Education Center,Education Center,Tokyo,Nerima,2019-07-15,,Active,12,10,1,0,83.33
ASG001076,DUD100693,CLI0100,2025-05-07,2026-06-11,Renewed,Experienced Teacher,114,Three-Month,0,0,Transfer,CAN000343,Luis,,Taylor,2000-05-25,Prefer not to say,Filipino,Spanish,Japan,Bachelor's Degree,Linguistics,C1,N3,Eligible,Teacher,2024-10-11,Shinmei Education Center,English School,Tokyo,Katsushika,2023-06-06,,Active,12,8,1,0,66.67
ASG001077,DUD100693,CLI0281,2026-06-25,2027-02-16,Renewed,ALT / English Teacher,67,Monthly,0,0,Initial Assignment,CAN000343,Luis,,Taylor,2000-05-25,Prefer not to say,Filipino,Spanish,Japan,Bachelor's Degree,Linguistics,C1,N3,Eligible,Teacher,2024-10-11,Kita Junior High School,English School,Chiba,Ichikawa,2023-10-27,,Active,7,4,2,0,57.14
ASG001078,DUD100693,CLI0123,2027-03-03,,Active,ALT / English Teacher,103,Monthly,0,0,Client Request,CAN000343,Luis,,Taylor,2000-05-25,Prefer not to say,Filipino,Spanish,Japan,Bachelor's Degree,Linguistics,C1,N3,Eligible,Teacher,2024-10-11,Musashino High School,English School,Saitama,Koshigaya,2021-02-09,2021-08-09,Inactive,1,0,0,0,0.0
ASG001079,DUD100694,CLI0229,2025-09-08,2026-07-09,Renewed,Senior Teacher,55,Annual,0,0,Replacement,CAN000058,Olivia,,Perez,1997-01-11,Non-binary,Spanish,Filipino,Japan,Master's Degree,English,B2,Basic,Eligible,Teacher,2025-02-04,Mirai International School,Public Elementary School,Kanagawa,Fujisawa,2024-02-20,,Active,10,8,2,0,80.0
ASG001080,DUD100694,CLI0273,2026-07-22,2028-01-12,Completed,ALT / English Teacher,104,Monthly,0,0,Replacement,CAN000058,Olivia,,Perez,1997-01-11,Non-binary,Spanish,Filipino,Japan,Master's Degree,English,B2,Basic,Eligible,Teacher,2025-02-04,Meisei International School,Public Junior High School,Kanagawa,Sagamihara,2026-05-05,,Active,12,12,0,0,100.0
ASG001081,DUD100695,CLI0210,2025-12-13,2026-04-21,Transferred,Experienced Teacher,24,Three-Month,0,0,Client Request,CAN000329,Marco,,Martinez,1981-11-21,Non-binary,Spanish,Canadian,Japan,Bachelor's Degree,Other,C2,N2,Eligible,Teacher,2021-11-05,Haruka Education Center,High School,Tokyo,Kita,2022-12-04,,Active,4,2,0,0,50.0
ASG001082,DUD100695,CLI0293,2026-05-07,,Active,ALT / English Teacher,56,Monthly,0,0,Replacement,CAN000329,Marco,,Martinez,1981-11-21,Non-binary,Spanish,Canadian,Japan,Bachelor's Degree,Other,C2,N2,Eligible,Teacher,2021-11-05,Tsubaki Elementary School,Private School,Kanagawa,Fujisawa,2025-06-15,,Active,3,2,1,0,66.67
ASG001083,DUD100696,CLI0051,2022-02-28,2022-07-10,Ended,Experienced Teacher,78,Six-Month,0,0,Initial Assignment,CAN000836,Christopher,,Hall,1977-05-09,Male,American,British,Japan,Associate Degree,Psychology,B2,N1,Eligible,Teacher,2026-01-15,Seiwa Junior High School,Private School,Saitama,Warabi,2023-01-03,,Active,4,4,0,0,100.0
ASG001084,DUD100696,CLI0147,2022-08-09,2023-07-07,Completed,ALT / English Teacher,69,Annual,0,0,Initial Assignment,CAN000836,Christopher,,Hall,1977-05-09,Male,American,British,Japan,Associate Degree,Psychology,B2,N1,Eligible,Teacher,2026-01-15,Asahi High School,Public Junior High School,Saitama,Saitama,2020-01-26,,Active,11,7,2,0,63.64
ASG001085,DUD100696,CLI0272,2023-08-02,,Active,ALT / English Teacher,79,Annual,0,0,Staffing Demand,CAN000836,Christopher,,Hall,1977-05-09,Male,American,British,Japan,Associate Degree,Psychology,B2,N1,Eligible,Teacher,2026-01-15,Sakura Junior High School,Education Center,Chiba,Matsudo,2023-11-25,,Active,12,10,0,0,83.33
ASG001086,DUD100697,CLI0177,2022-10-18,,Active,ALT / English Teacher,23,Annual,0,0,Transfer,CAN001319,Michael,,Smith,1999-12-15,Female,Brazilian,Canadian,Japan,Master's Degree,Linguistics,Native,Basic,Eligible,Teacher,2026-01-30,Musashino Elementary School,Private School,Tokyo,Nerima,2021-09-08,,Active,12,9,1,0,75.0
ASG001087,DUD100698,CLI0082,2022-05-29,2023-05-17,Transferred,ALT / English Teacher,45,Three-Month,0,0,Transfer,CAN001334,Jose,,Thompson,1997-10-18,Non-binary,Mexican,British,Japan,Master's Degree,Psychology,C1,N1,Eligible,Teacher,2023-06-13,Musashino High School,English School,Saitama,Koshigaya,2025-05-13,,Active,11,10,1,0,90.91
ASG001088,DUD100698,CLI0049,2023-06-10,2024-08-28,Completed,ALT / English Teacher,17,Three-Month,0,0,Client Request,CAN001334,Jose,,Thompson,1997-10-18,Non-binary,Mexican,British,Japan,Master's Degree,Psychology,C1,N1,Eligible,Teacher,2023-06-13,Haruka Junior High School,High School,Chiba,Ichikawa,2025-01-19,,Active,12,11,0,0,91.67
ASG001089,DUD100699,CLI0194,2023-12-08,2024-05-17,Ended,Experienced Teacher,107,Three-Month,0,0,Staffing Demand,CAN000124,Juan,,Lee,1982-07-15,Male,Filipino,French,Japan,Diploma,Education,C2,N1,Eligible,Teacher,2023-10-26,Midori Academy,Public Elementary School,Kanagawa,Sagamihara,2021-03-11,2023-10-09,Inactive,5,4,0,0,80.0
ASG001090,DUD100699,CLI0020,2024-05-28,,Active,ALT / English Teacher,79,Three-Month,0,0,Replacement,CAN000124,Juan,,Lee,1982-07-15,Male,Filipino,French,Japan,Diploma,Education,C2,N1,Eligible,Teacher,2023-10-26,Sakura International School,Public Elementary School,Chiba,Kashiwa,2024-10-13,,Active,12,9,1,0,75.0
ASG001091,DUD100700,CLI0130,2021-06-04,2022-06-28,Renewed,Experienced Teacher,41,Six-Month,0,0,Client Request,CAN001144,Maria,,Rodriguez,1992-11-09,Female,Australian,Spanish,Japan,Associate Degree,Other,C1,N1,Eligible,Teacher,2022-11-20,Koyo Education Center,Public Elementary School,Saitama,Kawagoe,2024-10-08,,Active,12,8,1,0,66.67
ASG001092,DUD100700,CLI0183,2022-07-23,2023-05-14,Ended,ALT / English Teacher,71,Monthly,0,0,Client Request,CAN001144,Maria,,Rodriguez,1992-11-09,Female,Australian,Spanish,Japan,Associate Degree,Other,C1,N1,Eligible,Teacher,2022-11-20,Tsubaki High School,Kindergarten,Saitama,Saitama,2026-03-25,,Active,9,8,1,0,88.89
ASG001093,DUD100700,CLI0070,2023-05-21,,Active,ALT / English Teacher,83,Three-Month,0,0,Staffing Demand,CAN001144,Maria,,Rodriguez,1992-11-09,Female,Australian,Spanish,Japan,Associate Degree,Other,C1,N1,Eligible,Teacher,2022-11-20,Sakura Elementary School,Public Junior High School,Saitama,Toda,2025-05-15,,Active,12,12,0,0,100.0
ASG001094,DUD100701,CLI0221,2022-11-26,2024-03-09,Completed,Senior Teacher,80,Monthly,0,0,Transfer,CAN001611,Luis,,Johnson,2003-06-15,Female,Mexican,French,Japan,Associate Degree,Psychology,B2,N1,Eligible,Teacher,2025-11-19,Haruka Education Center,High School,Chiba,Ichikawa,2019-10-29,2021-07-29,Inactive,12,12,0,0,100.0
ASG001095,DUD100702,CLI0133,2024-01-22,,Active,Experienced Teacher,74,Six-Month,0,0,Staffing Demand,CAN001158,Hannah,,Rodriguez,1996-12-18,Prefer not to say,Canadian,Mexican,Japan,Diploma,English,B2,N1,Eligible,Teacher,2025-05-17,Hikari Academy,Public Elementary School,Kanagawa,Sagamihara,2020-12-19,,Active,12,12,0,0,100.0
ASG001096,DUD100703,CLI0110,2022-10-20,2024-03-24,Renewed,Experienced Teacher,115,Annual,0,0,Staffing Demand,CAN001208,Daniel,,Martinez,2001-06-28,Non-binary,Mexican,French,Japan,Associate Degree,Education,C2,N2,Eligible,Teacher,2021-10-18,Midori Junior High School,High School,Kanagawa,Yokohama,2021-07-06,,Active,12,12,0,0,100.0
ASG001097,DUD100703,CLI0101,2024-03-26,,Active,Experienced Teacher,72,Monthly,0,0,Replacement,CAN001208,Daniel,,Martinez,2001-06-28,Non-binary,Mexican,French,Japan,Associate Degree,Education,C2,N2,Eligible,Teacher,2021-10-18,Shinmei International School,Kindergarten,Saitama,Soka,2024-03-31,,Active,12,11,0,0,91.67
ASG001098,DUD100704,CLI0299,2021-10-23,2022-07-26,Transferred,ALT / English Teacher,86,Annual,0,0,Initial Assignment,CAN000124,Emma,,Taylor,1983-12-21,Prefer not to say,French,Brazilian,Japan,Master's Degree,Other,B2,N2,Eligible,Teacher,2022-05-19,Akebono Junior High School,High School,Chiba,Funabashi,2025-11-23,,Active,9,7,0,0,77.78
ASG001099,DUD100704,CLI0228,2022-08-02,2023-08-05,Completed,ALT / English Teacher,38,Six-Month,0,0,Replacement,CAN000124,Emma,,Taylor,1983-12-21,Prefer not to say,French,Brazilian,Japan,Master's Degree,Other,B2,N2,Eligible,Teacher,2022-05-19,Takashima Academy,Education Center,Kanagawa,Kawasaki,2025-12-24,,Active,12,10,0,0,83.33
ASG001100,DUD100704,CLI0133,2023-08-23,,Active,ALT / English Teacher,29,Six-Month,0,0,Staffing Demand,CAN000124,Emma,,Taylor,1983-12-21,Prefer not to say,French,Brazilian,Japan,Master's Degree,Other,B2,N2,Eligible,Teacher,2022-05-19,Hikari Academy,Public Elementary School,Kanagawa,Sagamihara,2020-12-19,,Active,12,12,0,0,100.0
ASG001101,DUD100705,CLI0152,2025-07-27,,Active,Senior Teacher,101,Annual,0,0,Replacement,CAN001429,Carlos,,Anderson,1984-06-20,Male,Brazilian,Canadian,Japan,Associate Degree,Business,Native,,Eligible,Teacher,2021-06-02,Meisei International School,English School,Tokyo,Tachikawa,2025-01-26,,Active,12,9,1,0,75.0
ASG001102,DUD100706,CLI0235,2023-01-23,,Active,ALT / English Teacher,32,Monthly,0,0,Client Request,CAN001974,Andres,,Smith,1976-02-03,Female,British,French,Japan,Master's Degree,Business,C2,Basic,Eligible,Teacher,2022-11-20,Mirai Academy,English School,Chiba,Urayasu,2025-08-06,,Active,12,10,1,0,83.33
ASG001103,DUD100707,CLI0209,2024-06-12,,Active,ALT / English Teacher,87,Annual,0,0,Initial Assignment,CAN000363,Jose,,Martin,1983-09-25,Female,Australian,Canadian,Japan,Associate Degree,Business,C1,N1,Eligible,Teacher,2026-07-12,Kawaguchi High School,Private School,Tokyo,Hachioji,2024-02-06,,Active,12,8,3,0,66.67
ASG001104,DUD100708,CLI0016,2023-12-11,2025-01-14,Renewed,Experienced Teacher,80,Monthly,0,0,Replacement,CAN000709,Alejandro,,Young,1995-07-03,Prefer not to say,Filipino,American,Japan,Associate Degree,Business,B2,Basic,Eligible,Teacher,2021-01-26,Ota Education Center,Public Elementary School,Chiba,Chiba,2020-07-04,,Active,12,12,0,0,100.0
ASG001105,DUD100708,CLI0144,2025-01-17,,Active,Experienced Teacher,80,Monthly,0,0,Transfer,CAN000709,Alejandro,,Young,1995-07-03,Prefer not to say,Filipino,American,Japan,Associate Degree,Business,B2,Basic,Eligible,Teacher,2021-01-26,Tsubaki High School,Private School,Saitama,Warabi,2021-05-22,,Active,12,11,1,0,91.67
ASG001106,DUD100709,CLI0252,2023-04-13,,Active,Senior Teacher,87,Annual,0,0,Staffing Demand,CAN000986,Ana,,Hall,1993-12-08,Female,Australian,Brazilian,Japan,Diploma,English,Native,N3,Eligible,Teacher,2023-12-03,Musashino Academy,Education Center,Chiba,Kashiwa,2022-12-20,,Active,12,11,1,0,91.67
ASG001107,DUD100710,CLI0240,2022-05-25,2023-02-19,Completed,Experienced Teacher,99,Six-Month,0,0,Staffing Demand,CAN000830,Maria,,White,1991-08-01,Female,French,British,Japan,Master's Degree,Psychology,C1,N2,Eligible,Teacher,2022-11-24,Sakura Junior High School,Kindergarten,Saitama,Warabi,2022-01-20,,Active,9,9,0,0,100.0
ASG001108,DUD100710,CLI0158,2023-03-09,,Active,ALT / English Teacher,108,Six-Month,0,0,Staffing Demand,CAN000830,Maria,,White,1991-08-01,Female,French,British,Japan,Master's Degree,Psychology,C1,N2,Eligible,Teacher,2022-11-24,Meisei High School,Public Elementary School,Kanagawa,Kawasaki,2025-02-15,,Active,12,10,1,0,83.33
ASG001109,DUD100711,CLI0270,2026-01-25,2027-05-17,Renewed,ALT / English Teacher,95,Three-Month,0,0,Staffing Demand,CAN001259,Hannah,,Taylor,1993-10-13,Prefer not to say,Mexican,Canadian,Japan,Associate Degree,Psychology,C1,Basic,Eligible,Teacher,2025-05-17,Nerima Academy,High School,Chiba,Urayasu,2019-08-19,,Active,12,10,0,0,83.33
ASG001110,DUD100711,CLI0054,2027-06-11,,Active,Experienced Teacher,79,Monthly,0,0,Transfer,CAN001259,Hannah,,Taylor,1993-10-13,Prefer not to say,Mexican,Canadian,Japan,Associate Degree,Psychology,C1,Basic,Eligible,Teacher,2025-05-17,Seiwa International School,High School,Chiba,Chiba,2025-02-19,,Active,1,1,0,0,100.0
ASG001111,DUD100712,CLI0168,2021-07-07,2022-07-13,Ended,Experienced Teacher,19,Six-Month,0,0,Initial Assignment,CAN000660,Jessica,,Taylor,1981-02-04,Prefer not to say,Australian,American,Japan,Associate Degree,Other,C2,N2,Eligible,Teacher,2022-03-07,Meisei Education Center,Public Junior High School,Kanagawa,Fujisawa,2019-11-11,,Active,12,9,0,0,75.0
ASG001112,DUD100713,CLI0097,2021-08-09,2022-09-12,Renewed,ALT / English Teacher,21,Three-Month,0,0,Replacement,CAN000629,Alejandro,,Lee,1989-02-21,Non-binary,American,Spanish,Japan,Diploma,Education,Native,N1,Eligible,Teacher,2021-07-29,Sakura International School,High School,Chiba,Ichikawa,2025-02-08,,Active,12,10,0,0,83.33
ASG001113,DUD100713,CLI0228,2022-10-09,2024-03-04,Renewed,Senior Teacher,57,Three-Month,0,0,Staffing Demand,CAN000629,Alejandro,,Lee,1989-02-21,Non-binary,American,Spanish,Japan,Diploma,Education,Native,N1,Eligible,Teacher,2021-07-29,Takashima Academy,Education Center,Kanagawa,Kawasaki,2025-12-24,,Active,12,8,3,0,66.67
ASG001114,DUD100713,CLI0063,2024-03-16,2025-08-01,Transferred,Trainer,50,Monthly,0,0,Initial Assignment,CAN000629,Alejandro,,Lee,1989-02-21,Non-binary,American,Spanish,Japan,Diploma,Education,Native,N1,Eligible,Teacher,2021-07-29,Koganei Elementary School,Private School,Tokyo,Edogawa,2025-11-18,,Active,12,10,0,0,83.33
ASG001115,DUD100714,CLI0159,2023-04-18,,Active,Senior Teacher,26,Six-Month,0,0,Staffing Demand,CAN001085,Ana,,Sanchez,1983-01-04,Male,American,French,Japan,Master's Degree,Other,C1,N2,Eligible,Teacher,2021-11-30,Akebono Academy,High School,Tokyo,Adachi,2026-04-23,,Active,12,9,1,0,75.0
ASG001116,DUD100715,CLI0076,2022-04-07,2022-09-29,Renewed,ALT / English Teacher,43,Monthly,0,0,Replacement,CAN001723,Christopher,,Allen,1999-04-25,Non-binary,Japanese,American,Japan,Bachelor's Degree,Business,C2,N2,Eligible,Teacher,2021-12-28,Kizuna High School,Public Junior High School,Tokyo,Edogawa,2025-03-19,,Active,5,5,0,0,100.0
ASG001117,DUD100716,CLI0153,2025-07-18,2026-12-20,Transferred,Experienced Teacher,59,Three-Month,0,0,Initial Assignment,CAN001603,Matthew,,Lopez,1978-11-16,Male,Filipino,Spanish,Japan,Master's Degree,Education,C1,Basic,Eligible,Teacher,2021-03-09,Meisei High School,High School,Saitama,Saitama,2023-05-27,2024-06-05,Inactive,12,10,1,0,83.33
ASG001118,DUD100716,CLI0047,2026-12-28,2028-03-09,Renewed,Senior Teacher,24,Six-Month,0,0,Replacement,CAN001603,Matthew,,Lopez,1978-11-16,Male,Filipino,Spanish,Japan,Master's Degree,Education,C1,Basic,Eligible,Teacher,2021-03-09,Akebono High School,Kindergarten,Chiba,Ichikawa,2023-03-18,,Active,12,9,2,0,75.0
ASG001119,DUD100717,CLI0115,2022-04-04,2022-07-13,Renewed,ALT / English Teacher,101,Monthly,0,0,Initial Assignment,CAN001282,Maria,,Martinez,1994-01-06,Prefer not to say,Brazilian,Filipino,Japan,Bachelor's Degree,Other,Native,N3,Eligible,Teacher,2022-04-12,Takashima High School,Public Elementary School,Saitama,Toda,2023-12-27,2026-04-11,Inactive,3,3,0,0,100.0
ASG001120,DUD100717,CLI0140,2022-07-20,,Active,ALT / English Teacher,51,Monthly,0,0,Initial Assignment,CAN001282,Maria,,Martinez,1994-01-06,Prefer not to say,Brazilian,Filipino,Japan,Bachelor's Degree,Other,Native,N3,Eligible,Teacher,2022-04-12,Kizuna Junior High School,Kindergarten,Kanagawa,Fujisawa,2020-11-14,,Active,12,10,0,0,83.33
ASG001121,DUD100718,CLI0070,2025-02-19,,Active,ALT / English Teacher,52,Annual,0,0,Client Request,CAN000158,Daniel,,Moore,1978-06-12,Non-binary,British,Spanish,Japan,Master's Degree,Linguistics,C1,,Eligible,Teacher,2025-04-28,Sakura Elementary School,Public Junior High School,Saitama,Toda,2025-05-15,,Active,12,11,0,0,91.67
ASG001122,DUD100719,CLI0258,2025-10-20,,Active,ALT / English Teacher,31,Monthly,0,0,Staffing Demand,CAN000185,Maria,,Sanchez,1976-04-06,Male,British,Brazilian,Japan,Bachelor's Degree,Linguistics,C1,Basic,Eligible,Teacher,2022-08-18,Akebono Junior High School,Education Center,Saitama,Koshigaya,2026-02-24,,Active,10,7,1,0,70.0
ASG001123,DUD100720,CLI0130,2024-08-19,2025-10-04,Ended,Experienced Teacher,53,Six-Month,0,0,Initial Assignment,CAN001030,Miguel,,Torres,1998-01-02,Prefer not to say,Mexican,Australian,Japan,Diploma,Other,B2,N1,Eligible,Teacher,2023-02-25,Koyo Education Center,Public Elementary School,Saitama,Kawagoe,2024-10-08,,Active,12,11,1,0,91.67
ASG001124,DUD100720,CLI0093,2025-10-22,2026-11-27,Completed,Senior Teacher,50,Monthly,0,0,Staffing Demand,CAN001030,Miguel,,Torres,1998-01-02,Prefer not to say,Mexican,Australian,Japan,Diploma,Other,B2,N1,Eligible,Teacher,2023-02-25,Asahi Academy,Public Elementary School,Chiba,Matsudo,2023-07-08,,Active,12,10,1,0,83.33
ASG001125,DUD100721,CLI0106,2021-06-12,,Active,Senior Teacher,40,Monthly,0,0,Transfer,CAN001206,Jessica,,Hernandez,1998-07-19,Female,Filipino,Spanish,Japan,Diploma,Psychology,C1,,Eligible,Teacher,2023-02-26,Hikari High School,High School,Kanagawa,Yamato,2025-10-19,,Active,12,11,0,0,91.67
ASG001126,DUD100722,CLI0086,2025-08-24,,Active,Senior Teacher,59,Three-Month,0,0,Client Request,CAN000995,Jose,,Garcia,1997-01-18,Female,Mexican,Brazilian,Japan,Bachelor's Degree,English,C1,N1,Eligible,Teacher,2023-06-15,Nerima Elementary School,Kindergarten,Kanagawa,Fujisawa,2020-09-21,2022-06-24,Inactive,11,10,1,0,90.91
ASG001127,DUD100723,CLI0252,2021-10-07,2023-01-16,Completed,ALT / English Teacher,100,Annual,0,0,Staffing Demand,CAN001494,Alejandro,,Brown,1978-12-16,Female,Australian,Australian,Japan,Master's Degree,Linguistics,C1,N2,Eligible,Teacher,2023-09-24,Musashino Academy,Education Center,Chiba,Kashiwa,2022-12-20,,Active,12,11,0,0,91.67
ASG001128,DUD100724,CLI0115,2022-12-23,2023-12-22,Transferred,ALT / English Teacher,113,Six-Month,0,0,Client Request,CAN000542,Miguel,,Gonzalez,1976-10-24,Non-binary,Spanish,Australian,Japan,Bachelor's Degree,English,Native,N3,Eligible,Teacher,2025-08-12,Takashima High School,Public Elementary School,Saitama,Toda,2023-12-27,2026-04-11,Inactive,12,9,1,0,75.0
ASG001129,DUD100724,CLI0233,2024-01-10,,Active,Experienced Teacher,72,Monthly,0,0,Replacement,CAN000542,Miguel,,Gonzalez,1976-10-24,Non-binary,Spanish,Australian,Japan,Bachelor's Degree,English,Native,N3,Eligible,Teacher,2025-08-12,Midori International School,Public Elementary School,Saitama,Saitama,2019-07-27,,Active,12,8,0,0,66.67
ASG001130,DUD100725,CLI0261,2025-01-10,2025-04-18,Renewed,Experienced Teacher,55,Six-Month,0,0,Transfer,CAN001219,Maria,,Perez,1986-03-01,Male,British,Brazilian,Japan,Associate Degree,English,B2,,Eligible,Teacher,2025-10-14,Shinmei Elementary School,Private School,Tokyo,Kita,2022-12-08,,Active,3,3,0,0,100.0
ASG001131,DUD100725,CLI0009,2025-05-04,,Active,Senior Teacher,46,Three-Month,0,0,Client Request,CAN001219,Maria,,Perez,1986-03-01,Male,British,Brazilian,Japan,Associate Degree,English,B2,,Eligible,Teacher,2025-10-14,Hikari High School,English School,Tokyo,Kita,2019-09-15,,Active,12,10,1,0,83.33
ASG001132,DUD100726,CLI0222,2022-05-28,,Active,Experienced Teacher,91,Monthly,0,0,Staffing Demand,CAN001962,Sarah,,Gonzalez,1978-03-07,Female,Japanese,Spanish,Japan,Bachelor's Degree,Psychology,B2,Basic,Eligible,Teacher,2022-04-03,Musashino Elementary School,High School,Kanagawa,Yamato,2022-11-26,,Active,12,11,1,0,91.67
ASG001133,DUD100727,CLI0200,2025-03-21,2025-10-07,Renewed,ALT / English Teacher,31,Six-Month,0,0,Client Request,CAN000264,Carlos,,Rodriguez,1989-05-05,Male,Brazilian,French,Japan,Master's Degree,Education,B2,Basic,Eligible,Teacher,2022-03-17,Seiwa International School,Kindergarten,Chiba,Ichikawa,2025-10-18,,Active,6,5,0,0,83.33
ASG001134,DUD100727,CLI0037,2025-10-25,,Active,Experienced Teacher,39,Annual,0,0,Replacement,CAN000264,Carlos,,Rodriguez,1989-05-05,Male,Brazilian,French,Japan,Master's Degree,Education,B2,Basic,Eligible,Teacher,2022-03-17,Midori Junior High School,Public Elementary School,Kanagawa,Sagamihara,2025-11-05,,Active,9,8,0,0,88.89
ASG001135,DUD100728,CLI0103,2025-05-10,2026-03-26,Ended,ALT / English Teacher,118,Monthly,0,0,Client Request,CAN001615,Marco,,Miller,1997-10-21,Non-binary,French,French,Japan,Diploma,Linguistics,C2,N1,Eligible,Teacher,2021-01-01,Meisei Academy,Education Center,Saitama,Koshigaya,2025-01-09,,Active,10,5,1,0,50.0
ASG001136,DUD100728,CLI0121,2026-04-23,2027-07-04,Renewed,ALT / English Teacher,83,Six-Month,0,0,Replacement,CAN001615,Marco,,Miller,1997-10-21,Non-binary,French,French,Japan,Diploma,Linguistics,C2,N1,Eligible,Teacher,2021-01-01,Tsubaki Junior High School,High School,Chiba,Matsudo,2020-06-04,,Active,12,11,0,0,91.67
ASG001137,DUD100729,CLI0130,2022-01-10,,Active,ALT / English Teacher,82,Three-Month,0,0,Initial Assignment,CAN000766,Miguel,,Williams,1976-03-18,Prefer not to say,Japanese,Spanish,Japan,Bachelor's Degree,English,Native,N3,Eligible,Teacher,2021-09-23,Koyo Education Center,Public Elementary School,Saitama,Kawagoe,2024-10-08,,Active,12,10,0,0,83.33
ASG001138,DUD100730,CLI0075,2022-01-11,2023-04-23,Completed,ALT / English Teacher,73,Monthly,0,0,Replacement,CAN000491,Hannah,,Torres,1980-08-18,Male,Filipino,French,Japan,Associate Degree,Other,B2,Basic,Eligible,Teacher,2023-07-10,Akebono Junior High School,High School,Tokyo,Koganei,2019-07-27,2021-10-07,Inactive,12,12,0,0,100.0
ASG001139,DUD100730,CLI0128,2023-04-29,2023-09-28,Transferred,Experienced Teacher,94,Three-Month,0,0,Transfer,CAN000491,Hannah,,Torres,1980-08-18,Male,Filipino,French,Japan,Associate Degree,Other,B2,Basic,Eligible,Teacher,2023-07-10,Tsubaki Junior High School,Education Center,Chiba,Urayasu,2022-11-06,,Active,5,5,0,0,100.0
ASG001140,DUD100731,CLI0208,2023-11-23,2024-04-15,Ended,Experienced Teacher,94,Three-Month,0,0,Replacement,CAN000667,Matthew,,Gonzalez,2001-06-27,Female,Australian,Japanese,Japan,Associate Degree,Education,C1,N2,Eligible,Teacher,2022-03-15,Kawaguchi International School,Kindergarten,Tokyo,Tachikawa,2023-03-10,,Active,4,3,0,0,75.0
ASG001141,DUD100732,CLI0269,2024-11-30,,Active,ALT / English Teacher,22,Annual,0,0,Initial Assignment,CAN001856,Jessica,,Garcia,1987-03-09,Male,French,French,Japan,Associate Degree,Business,C2,Basic,Eligible,Teacher,2024-05-11,Hikari Elementary School,High School,Saitama,Kawagoe,2025-12-11,,Active,12,10,1,0,83.33
ASG001142,DUD100733,CLI0200,2025-07-29,,Active,ALT / English Teacher,112,Six-Month,0,0,Staffing Demand,CAN000606,Olivia,,Gonzalez,2002-10-07,Non-binary,French,Spanish,Japan,Master's Degree,Linguistics,C1,,Eligible,Teacher,2024-05-07,Seiwa International School,Kindergarten,Chiba,Ichikawa,2025-10-18,,Active,12,12,0,0,100.0
ASG001143,DUD100734,CLI0115,2022-09-07,2023-07-27,Ended,Experienced Teacher,99,Monthly,0,0,Transfer,CAN000899,Sofia,,Brown,1983-07-25,Non-binary,Brazilian,Filipino,Japan,Master's Degree,Education,B2,,Eligible,Teacher,2023-02-08,Takashima High School,Public Elementary School,Saitama,Toda,2023-12-27,2026-04-11,Inactive,10,10,0,0,100.0
ASG001144,DUD100735,CLI0240,2022-09-23,2024-01-23,Completed,ALT / English Teacher,50,Six-Month,0,0,Initial Assignment,CAN001798,Michael,,Allen,1986-04-11,Prefer not to say,British,Japanese,Japan,Diploma,Linguistics,C1,Basic,Eligible,Teacher,2026-07-27,Sakura Junior High School,Kindergarten,Saitama,Warabi,2022-01-20,,Active,12,10,1,0,83.33
ASG001145,DUD100736,CLI0043,2026-01-25,,Active,Senior Teacher,110,Six-Month,0,0,Replacement,CAN000026,Laura,,Walker,1986-11-17,Prefer not to say,American,Filipino,Japan,Diploma,Psychology,B2,N1,Eligible,Teacher,2023-01-09,Takashima International School,Private School,Tokyo,Koganei,2024-10-23,2027-04-11,Inactive,6,4,0,0,66.67
ASG001146,DUD100737,CLI0026,2023-03-15,,Active,Senior Teacher,74,Six-Month,0,0,Replacement,CAN000394,Ana,,Ramirez,1995-07-17,Non-binary,Filipino,Brazilian,Japan,Associate Degree,Psychology,Native,,Eligible,Teacher,2021-08-26,Sakura High School,English School,Chiba,Chiba,2021-03-31,,Active,12,9,2,0,75.0
ASG001147,DUD100738,CLI0107,2024-05-28,,Active,Experienced Teacher,95,Six-Month,0,0,Replacement,CAN000508,Ana,,Lee,1997-08-03,Male,American,Australian,Japan,Associate Degree,Business,Native,N1,Eligible,Teacher,2022-01-25,Sakura High School,High School,Saitama,Soka,2024-03-26,,Active,12,10,0,0,83.33
ASG001148,DUD100739,CLI0208,2022-01-29,2023-01-14,Completed,ALT / English Teacher,22,Six-Month,0,0,Client Request,CAN001165,Emily,,Hernandez,1993-05-11,Female,French,British,Japan,Diploma,Linguistics,B2,,Eligible,Teacher,2021-09-12,Kawaguchi International School,Kindergarten,Tokyo,Tachikawa,2023-03-10,,Active,11,9,0,0,81.82
ASG001149,DUD100739,CLI0193,2023-02-07,,Active,ALT / English Teacher,45,Six-Month,0,0,Staffing Demand,CAN001165,Emily,,Hernandez,1993-05-11,Female,French,British,Japan,Diploma,Linguistics,B2,,Eligible,Teacher,2021-09-12,Nerima International School,Public Junior High School,Saitama,Toda,2023-08-28,,Active,12,10,0,0,83.33
ASG001150,DUD100740,CLI0233,2023-08-01,2024-04-04,Completed,ALT / English Teacher,51,Three-Month,0,0,Replacement,CAN000616,James,,Ramirez,1983-01-13,Female,Filipino,British,Japan,Associate Degree,Business,C2,,Eligible,Teacher,2023-10-04,Midori International School,Public Elementary School,Saitama,Saitama,2019-07-27,,Active,8,5,0,0,62.5
ASG001151,DUD100740,CLI0131,2024-04-25,2025-08-07,Ended,Experienced Teacher,82,Three-Month,0,0,Initial Assignment,CAN000616,James,,Ramirez,1983-01-13,Female,Filipino,British,Japan,Associate Degree,Business,C2,,Eligible,Teacher,2023-10-04,Asahi High School,Public Junior High School,Saitama,Kawagoe,2024-10-21,2027-04-26,Inactive,12,11,0,0,91.67
ASG001152,DUD100740,CLI0079,2025-09-05,2026-09-13,Transferred,Experienced Teacher,84,Three-Month,0,0,Initial Assignment,CAN000616,James,,Ramirez,1983-01-13,Female,Filipino,British,Japan,Associate Degree,Business,C2,,Eligible,Teacher,2023-10-04,Tsubaki Academy,High School,Chiba,Funabashi,2021-01-28,,Active,12,11,0,0,91.67
ASG001153,DUD100741,CLI0109,2024-08-21,2025-07-26,Completed,ALT / English Teacher,76,Three-Month,0,0,Initial Assignment,CAN000817,Olivia,,Anderson,1975-06-10,Female,Australian,Spanish,Japan,Diploma,Linguistics,C1,,Eligible,Teacher,2025-10-23,Sakura International School,Public Junior High School,Chiba,Kashiwa,2026-03-02,2027-01-17,Inactive,11,7,1,0,63.64
ASG001154,DUD100741,CLI0160,2025-08-06,,Active,ALT / English Teacher,44,Three-Month,0,0,Replacement,CAN000817,Olivia,,Anderson,1975-06-10,Female,Australian,Spanish,Japan,Diploma,Linguistics,C1,,Eligible,Teacher,2025-10-23,Asahi High School,Public Junior High School,Chiba,Urayasu,2020-08-02,,Active,12,8,2,0,66.67
ASG001155,DUD100742,CLI0121,2022-05-06,2022-10-09,Renewed,ALT / English Teacher,103,Monthly,0,0,Initial Assignment,CAN001924,Marco,,Gonzalez,1978-09-06,Female,Filipino,Filipino,Japan,Bachelor's Degree,Psychology,Native,N3,Eligible,Teacher,2021-08-14,Tsubaki Junior High School,High School,Chiba,Matsudo,2020-06-04,,Active,5,1,2,0,20.0
ASG001156,DUD100742,CLI0085,2022-11-01,,Active,ALT / English Teacher,120,Monthly,0,0,Replacement,CAN001924,Marco,,Gonzalez,1978-09-06,Female,Filipino,Filipino,Japan,Bachelor's Degree,Psychology,Native,N3,Eligible,Teacher,2021-08-14,Shinmei Education Center,Public Elementary School,Saitama,Kawagoe,2024-03-19,,Active,12,12,0,0,100.0
ASG001157,DUD100743,CLI0139,2022-03-01,2022-12-08,Transferred,ALT / English Teacher,66,Annual,0,0,Replacement,CAN001661,Andres,,Hall,1979-04-12,Female,Filipino,British,Japan,Diploma,Linguistics,C2,N1,Eligible,Teacher,2022-05-09,Kizuna Junior High School,Private School,Kanagawa,Kawasaki,2024-05-03,,Active,9,8,0,0,88.89
ASG001158,DUD100743,CLI0045,2022-12-23,,Active,ALT / English Teacher,43,Monthly,0,0,Transfer,CAN001661,Andres,,Hall,1979-04-12,Female,Filipino,British,Japan,Diploma,Linguistics,C2,N1,Eligible,Teacher,2022-05-09,Haruka Elementary School,Public Elementary School,Kanagawa,Fujisawa,2024-09-29,,Active,12,11,1,0,91.67
ASG001159,DUD100744,CLI0112,2024-07-15,2025-06-07,Renewed,ALT / English Teacher,53,Monthly,0,0,Replacement,CAN001208,Daniel,,Thompson,1995-11-17,Female,Australian,French,Japan,Bachelor's Degree,Other,C1,N2,Eligible,Teacher,2024-11-15,Seiwa International School,High School,Saitama,Koshigaya,2020-08-13,,Active,10,9,1,0,90.0
ASG001160,DUD100745,CLI0174,2022-01-23,2023-05-28,Completed,Senior Teacher,72,Monthly,0,0,Staffing Demand,CAN000171,Christopher,,Ramirez,2003-10-19,Female,Mexican,Filipino,Japan,Bachelor's Degree,Other,C2,,Eligible,Teacher,2026-05-24,Ota Junior High School,Public Elementary School,Saitama,Koshigaya,2026-01-08,,Active,12,9,2,0,75.0
ASG001161,DUD100745,CLI0199,2023-06-21,2024-04-11,Ended,ALT / English Teacher,55,Monthly,0,0,Transfer,CAN000171,Christopher,,Ramirez,2003-10-19,Female,Mexican,Filipino,Japan,Bachelor's Degree,Other,C2,,Eligible,Teacher,2026-05-24,Asahi Academy,Public Junior High School,Kanagawa,Sagamihara,2019-11-05,,Active,9,8,0,0,88.89
ASG001162,DUD100745,CLI0137,2024-05-11,,Active,ALT / English Teacher,77,Monthly,0,0,Replacement,CAN000171,Christopher,,Ramirez,2003-10-19,Female,Mexican,Filipino,Japan,Bachelor's Degree,Other,C2,,Eligible,Teacher,2026-05-24,Nerima Academy,Private School,Chiba,Chiba,2022-10-01,2023-05-30,Inactive,12,9,1,0,75.0
ASG001163,DUD100746,CLI0241,2021-12-29,2022-09-09,Transferred,ALT / English Teacher,118,Six-Month,0,0,Initial Assignment,CAN001356,Matthew,,Perez,1988-03-25,Non-binary,Mexican,Filipino,Japan,Associate Degree,Psychology,C2,N3,Eligible,Teacher,2024-07-29,Shinmei High School,Kindergarten,Chiba,Matsudo,2026-04-02,,Active,8,6,1,0,75.0
ASG001164,DUD100747,CLI0249,2025-11-25,,Active,Senior Teacher,119,Monthly,0,0,Replacement,CAN000291,Miguel,,Young,1983-11-11,Prefer not to say,Japanese,Filipino,Japan,Master's Degree,Business,C1,N3,Eligible,Teacher,2024-09-16,Haruka High School,Kindergarten,Chiba,Chiba,2019-05-15,,Active,8,7,1,0,87.5
ASG001165,DUD100748,CLI0091,2022-11-19,2023-04-24,Ended,ALT / English Teacher,88,Three-Month,0,0,Initial Assignment,CAN001543,Jessica,,Smith,1986-02-15,Prefer not to say,British,British,Japan,Diploma,Other,C1,N1,Eligible,Teacher,2021-07-22,Sakura Academy,Private School,Tokyo,Edogawa,2026-01-29,,Active,5,3,0,0,60.0
ASG001166,DUD100749,CLI0169,2022-12-25,,Active,ALT / English Teacher,18,Monthly,0,0,Replacement,CAN001693,Christopher,,Walker,2001-08-05,Non-binary,Australian,Spanish,Japan,Bachelor's Degree,Education,B2,N2,Eligible,Teacher,2023-02-10,Meisei International School,Kindergarten,Saitama,Warabi,2023-05-15,,Active,12,11,0,0,91.67
ASG001167,DUD100750,CLI0025,2024-12-15,2025-08-31,Transferred,Experienced Teacher,119,Six-Month,0,0,Client Request,CAN001439,Emily,,Thompson,1977-11-22,Prefer not to say,Japanese,Canadian,Japan,Bachelor's Degree,Business,B2,,Eligible,Teacher,2023-10-10,Tsubaki International School,Private School,Chiba,Funabashi,2023-12-05,,Active,8,5,1,0,62.5
ASG001168,DUD100750,CLI0253,2025-09-24,,Active,ALT / English Teacher,58,Three-Month,0,0,Staffing Demand,CAN001439,Emily,,Thompson,1977-11-22,Prefer not to say,Japanese,Canadian,Japan,Bachelor's Degree,Business,B2,,Eligible,Teacher,2023-10-10,Kita Junior High School,English School,Saitama,Kawagoe,2020-11-17,,Active,10,7,0,0,70.0
ASG001169,DUD100751,CLI0266,2023-11-25,,Active,ALT / English Teacher,110,Monthly,0,0,Transfer,CAN000028,Michael,,Miller,1999-09-06,Non-binary,Canadian,Brazilian,Japan,Diploma,Education,C2,,Eligible,Teacher,2025-01-18,Haruka International School,Kindergarten,Tokyo,Katsushika,2025-11-22,,Active,12,10,1,0,83.33
ASG001170,DUD100752,CLI0269,2023-02-09,,Active,ALT / English Teacher,30,Six-Month,0,0,Initial Assignment,CAN001336,James,,Garcia,1981-10-08,Prefer not to say,Japanese,Mexican,Japan,Associate Degree,English,C1,,Eligible,Teacher,2025-05-22,Hikari Elementary School,High School,Saitama,Kawagoe,2025-12-11,,Active,12,9,1,0,75.0
ASG001171,DUD100753,CLI0128,2025-12-22,,Active,Experienced Teacher,27,Annual,0,0,Replacement,CAN001996,Hannah,,White,1988-11-13,Prefer not to say,French,French,Japan,Diploma,Psychology,C1,Basic,Eligible,Teacher,2022-11-25,Tsubaki Junior High School,Education Center,Chiba,Urayasu,2022-11-06,,Active,7,5,0,0,71.43
ASG001172,DUD100754,CLI0258,2024-09-21,,Active,ALT / English Teacher,120,Three-Month,0,0,Initial Assignment,CAN001701,Matthew,,Rodriguez,1997-04-14,Female,Australian,American,Japan,Bachelor's Degree,Business,Native,N3,Eligible,Teacher,2025-02-12,Akebono Junior High School,Education Center,Saitama,Koshigaya,2026-02-24,,Active,12,11,0,0,91.67
ASG001173,DUD100755,CLI0243,2025-11-11,,Active,ALT / English Teacher,32,Monthly,0,0,Staffing Demand,CAN001234,Christopher,,Martinez,1982-04-18,Prefer not to say,Japanese,American,Japan,Bachelor's Degree,Linguistics,C1,,Eligible,Teacher,2025-06-06,Hikari Junior High School,English School,Kanagawa,Fujisawa,2021-09-04,,Active,9,9,0,0,100.0
ASG001174,DUD100756,CLI0012,2021-10-19,,Active,ALT / English Teacher,39,Annual,0,0,Staffing Demand,CAN000961,Jessica,,Wilson,1978-02-09,Prefer not to say,Australian,Spanish,Japan,Master's Degree,Linguistics,B2,N2,Eligible,Teacher,2024-12-22,Akebono Education Center,Kindergarten,Chiba,Matsudo,2023-07-26,,Active,12,11,0,0,91.67
ASG001175,DUD100757,CLI0285,2026-01-01,2027-04-11,Completed,ALT / English Teacher,22,Three-Month,0,0,Client Request,CAN001507,Christopher,,Jackson,1986-06-01,Non-binary,Australian,British,Japan,Diploma,Business,C2,N2,Eligible,Teacher,2024-07-25,Kizuna Education Center,Public Junior High School,Tokyo,Koganei,2023-09-30,,Active,12,8,1,0,66.67
ASG001176,DUD100757,CLI0025,2027-04-12,,Active,Trainer,22,Six-Month,0,0,Transfer,CAN001507,Christopher,,Jackson,1986-06-01,Non-binary,Australian,British,Japan,Diploma,Business,C2,N2,Eligible,Teacher,2024-07-25,Tsubaki International School,Private School,Chiba,Funabashi,2023-12-05,,Active,1,1,0,0,100.0
ASG001177,DUD100758,CLI0273,2023-11-07,2024-09-25,Ended,Experienced Teacher,97,Monthly,0,0,Staffing Demand,CAN001936,John,,Hall,1977-01-01,Prefer not to say,British,Brazilian,Japan,Associate Degree,Linguistics,C2,N2,Eligible,Teacher,2022-10-02,Meisei International School,Public Junior High School,Kanagawa,Sagamihara,2026-05-05,,Active,10,8,1,0,80.0
ASG001178,DUD100758,CLI0200,2024-10-22,2025-02-07,Renewed,Experienced Teacher,59,Annual,0,0,Staffing Demand,CAN001936,John,,Hall,1977-01-01,Prefer not to say,British,Brazilian,Japan,Associate Degree,Linguistics,C2,N2,Eligible,Teacher,2022-10-02,Seiwa International School,Kindergarten,Chiba,Ichikawa,2025-10-18,,Active,3,3,0,0,100.0
ASG001179,DUD100758,CLI0177,2025-02-20,,Active,ALT / English Teacher,108,Monthly,0,0,Transfer,CAN001936,John,,Hall,1977-01-01,Prefer not to say,British,Brazilian,Japan,Associate Degree,Linguistics,C2,N2,Eligible,Teacher,2022-10-02,Musashino Elementary School,Private School,Tokyo,Nerima,2021-09-08,,Active,12,9,1,0,75.0
ASG001180,DUD100759,CLI0109,2022-11-17,2023-06-26,Renewed,Experienced Teacher,43,Three-Month,0,0,Initial Assignment,CAN001846,Robert,,White,1999-07-14,Male,Brazilian,Filipino,Japan,Bachelor's Degree,Other,B2,N3,Eligible,Teacher,2021-04-12,Sakura International School,Public Junior High School,Chiba,Kashiwa,2026-03-02,2027-01-17,Inactive,7,7,0,0,100.0
ASG001181,DUD100759,CLI0103,2023-07-11,,Active,ALT / English Teacher,87,Three-Month,0,0,Transfer,CAN001846,Robert,,White,1999-07-14,Male,Brazilian,Filipino,Japan,Bachelor's Degree,Other,B2,N3,Eligible,Teacher,2021-04-12,Meisei Academy,Education Center,Saitama,Koshigaya,2025-01-09,,Active,12,10,2,0,83.33
ASG001182,DUD100760,CLI0016,2024-11-11,2025-06-21,Ended,ALT / English Teacher,112,Six-Month,0,0,Transfer,CAN001461,Christopher,,Williams,1975-08-26,Female,Canadian,Canadian,Japan,Associate Degree,Business,Native,N2,Eligible,Teacher,2025-11-23,Ota Education Center,Public Elementary School,Chiba,Chiba,2020-07-04,,Active,7,6,0,0,85.71
ASG001183,DUD100760,CLI0192,2025-06-24,,Active,ALT / English Teacher,35,Three-Month,0,0,Staffing Demand,CAN001461,Christopher,,Williams,1975-08-26,Female,Canadian,Canadian,Japan,Associate Degree,Business,Native,N2,Eligible,Teacher,2025-11-23,Akebono Junior High School,English School,Saitama,Kawaguchi,2020-04-01,2020-12-03,Inactive,12,11,1,0,91.67
ASG001184,DUD100761,CLI0134,2025-08-21,,Active,ALT / English Teacher,32,Six-Month,0,0,Initial Assignment,CAN001994,Maria,,Lopez,2001-01-14,Prefer not to say,American,Japanese,Japan,Associate Degree,Business,B2,N3,Eligible,Teacher,2025-11-29,Mirai Academy,Education Center,Kanagawa,Sagamihara,2025-05-12,,Active,12,11,1,0,91.67
ASG001185,DUD100762,CLI0199,2023-12-15,2024-08-14,Transferred,ALT / English Teacher,110,Three-Month,0,0,Replacement,CAN000232,Hannah,,Garcia,1991-09-20,Prefer not to say,Brazilian,French,Japan,Master's Degree,Business,Native,N3,Eligible,Teacher,2025-07-10,Asahi Academy,Public Junior High School,Kanagawa,Sagamihara,2019-11-05,,Active,8,5,0,0,62.5
ASG001186,DUD100763,CLI0170,2023-06-26,,Active,ALT / English Teacher,102,Three-Month,0,0,Transfer,CAN000132,Emily,,Ramirez,1992-06-23,Male,Mexican,British,Japan,Associate Degree,English,Native,N2,Eligible,Teacher,2025-01-23,Kita High School,Public Elementary School,Saitama,Saitama,2019-05-31,,Active,12,9,1,0,75.0
ASG001187,DUD100764,CLI0162,2022-07-05,2023-07-21,Ended,Senior Teacher,63,Six-Month,0,0,Initial Assignment,CAN000435,Emma,,Gonzalez,1992-05-07,Female,Filipino,Filipino,Japan,Associate Degree,Other,C2,N3,Eligible,Teacher,2021-01-29,Kawaguchi High School,Public Elementary School,Kanagawa,Yamato,2025-09-27,,Active,12,10,2,0,83.33
ASG001188,DUD100765,CLI0111,2026-01-19,2026-10-22,Ended,Experienced Teacher,93,Annual,0,0,Replacement,CAN000583,Juan,,Hall,1996-05-10,Prefer not to say,Mexican,Australian,Japan,Bachelor's Degree,Linguistics,C2,N1,Eligible,Teacher,2023-02-16,Haruka Elementary School,English School,Kanagawa,Sagamihara,2020-05-17,,Active,9,7,0,0,77.78
ASG001189,DUD100766,CLI0218,2022-01-19,2022-11-07,Renewed,ALT / English Teacher,111,Six-Month,0,0,Transfer,CAN001204,James,,Jackson,1982-11-28,Female,Japanese,Filipino,Japan,Bachelor's Degree,Other,B2,N3,Eligible,Teacher,2024-01-10,Asahi Junior High School,English School,Kanagawa,Fujisawa,2021-08-11,,Active,9,8,0,0,88.89
ASG001190,DUD100766,CLI0111,2022-11-15,2024-01-21,Ended,ALT / English Teacher,32,Monthly,0,0,Replacement,CAN001204,James,,Jackson,1982-11-28,Female,Japanese,Filipino,Japan,Bachelor's Degree,Other,B2,N3,Eligible,Teacher,2024-01-10,Haruka Elementary School,English School,Kanagawa,Sagamihara,2020-05-17,,Active,12,9,0,0,75.0
ASG001191,DUD100766,CLI0279,2024-02-02,,Active,Trainer,59,Annual,0,0,Client Request,CAN001204,James,,Jackson,1982-11-28,Female,Japanese,Filipino,Japan,Bachelor's Degree,Other,B2,N3,Eligible,Teacher,2024-01-10,Shinmei Education Center,Education Center,Tokyo,Nerima,2019-07-15,,Active,12,8,1,0,66.67
ASG001192,DUD100767,CLI0036,2026-01-29,2026-05-21,Renewed,ALT / English Teacher,114,Monthly,0,0,Transfer,CAN001327,Matthew,,Perez,2002-11-12,Non-binary,American,French,Japan,Master's Degree,Other,Native,,Eligible,Teacher,2023-05-12,Seiwa International School,Public Junior High School,Tokyo,Ota,2019-06-26,2021-06-29,Inactive,3,1,1,0,33.33
ASG001193,DUD100767,CLI0290,2026-05-28,,Active,Experienced Teacher,83,Monthly,0,0,Client Request,CAN001327,Matthew,,Perez,2002-11-12,Non-binary,American,French,Japan,Master's Degree,Other,Native,,Eligible,Teacher,2023-05-12,Koganei High School,English School,Chiba,Chiba,2019-03-31,,Active,3,3,0,0,100.0
ASG001194,DUD100768,CLI0216,2024-06-20,2025-01-27,Transferred,ALT / English Teacher,19,Monthly,0,0,Client Request,CAN001142,Ana,,Davis,1990-01-12,Male,Spanish,Filipino,Japan,Bachelor's Degree,Linguistics,B2,N3,Eligible,Teacher,2026-07-05,Nerima High School,Kindergarten,Kanagawa,Kawasaki,2022-12-29,,Active,7,7,0,0,100.0
ASG001195,DUD100769,CLI0002,2023-07-05,2024-01-26,Renewed,ALT / English Teacher,22,Three-Month,0,0,Transfer,CAN001914,Diego,,Sanchez,1990-04-25,Non-binary,Mexican,Canadian,Japan,Bachelor's Degree,English,C2,N1,Eligible,Teacher,2024-03-01,Mirai Junior High School,English School,Tokyo,Adachi,2024-02-06,,Active,6,4,0,0,66.67
ASG001196,DUD100769,CLI0271,2024-02-22,2024-08-07,Renewed,ALT / English Teacher,109,Monthly,0,0,Staffing Demand,CAN001914,Diego,,Sanchez,1990-04-25,Non-binary,Mexican,Canadian,Japan,Bachelor's Degree,English,C2,N1,Eligible,Teacher,2024-03-01,Nerima Elementary School,Kindergarten,Tokyo,Ota,2019-08-26,,Active,5,3,1,0,60.0
ASG001197,DUD100769,CLI0185,2024-08-22,2025-02-26,Transferred,ALT / English Teacher,20,Annual,0,0,Staffing Demand,CAN001914,Diego,,Sanchez,1990-04-25,Non-binary,Mexican,Canadian,Japan,Bachelor's Degree,English,C2,N1,Eligible,Teacher,2024-03-01,Asahi High School,Private School,Kanagawa,Yokohama,2024-03-11,,Active,6,5,1,0,83.33
ASG001198,DUD100770,CLI0069,2023-05-22,,Active,Senior Teacher,78,Monthly,0,0,Initial Assignment,CAN000960,Carlos,,Perez,1987-02-02,Female,Brazilian,American,Japan,Diploma,English,C1,,Eligible,Teacher,2023-06-05,Ota International School,Public Junior High School,Tokyo,Adachi,2025-08-07,,Active,12,11,0,0,91.67
ASG001199,DUD100771,CLI0138,2022-10-18,,Active,Senior Teacher,58,Three-Month,0,0,Replacement,CAN000518,Matthew,,Hall,1984-06-26,Prefer not to say,Canadian,British,Japan,Associate Degree,Psychology,Native,Basic,Eligible,Teacher,2024-11-17,Kita Elementary School,Public Elementary School,Chiba,Ichikawa,2022-06-14,,Active,12,11,0,0,91.67
ASG001200,DUD100772,CLI0027,2021-02-19,,Active,ALT / English Teacher,94,Three-Month,0,0,Staffing Demand,CAN000174,Emma,,Allen,1992-01-18,Non-binary,French,Mexican,Japan,Associate Degree,Other,C2,N1,Eligible,Teacher,2023-04-26,Akebono Elementary School,Private School,Chiba,Ichikawa,2020-02-03,,Active,12,10,1,0,83.33
ASG001201,DUD100773,CLI0247,2023-09-18,2024-03-10,Completed,ALT / English Teacher,87,Annual,0,0,Client Request,CAN001183,David,,Moore,1993-09-27,Non-binary,Spanish,French,Japan,Master's Degree,Business,C2,Basic,Eligible,Teacher,2025-03-29,Akebono Education Center,Private School,Chiba,Chiba,2026-02-15,,Active,5,5,0,0,100.0
ASG001202,DUD100773,CLI0292,2024-03-17,,Active,ALT / English Teacher,84,Annual,0,0,Staffing Demand,CAN001183,David,,Moore,1993-09-27,Non-binary,Spanish,French,Japan,Master's Degree,Business,C2,Basic,Eligible,Teacher,2025-03-29,Kizuna Education Center,Education Center,Tokyo,Edogawa,2023-12-25,,Active,12,10,1,0,83.33
ASG001203,DUD100774,CLI0201,2025-04-03,2025-07-09,Renewed,ALT / English Teacher,30,Annual,0,0,Initial Assignment,CAN000917,Miguel,,Davis,1978-11-06,Female,Spanish,Australian,Japan,Master's Degree,Psychology,C2,N3,Eligible,Teacher,2022-08-01,Haruka Academy,High School,Tokyo,Koganei,2023-10-19,,Active,3,3,0,0,100.0
ASG001204,DUD100774,CLI0103,2025-07-10,,Active,ALT / English Teacher,74,Three-Month,0,0,Staffing Demand,CAN000917,Miguel,,Davis,1978-11-06,Female,Spanish,Australian,Japan,Master's Degree,Psychology,C2,N3,Eligible,Teacher,2022-08-01,Meisei Academy,Education Center,Saitama,Koshigaya,2025-01-09,,Active,12,11,1,0,91.67
ASG001205,DUD100775,CLI0276,2022-12-05,2023-12-03,Ended,ALT / English Teacher,23,Annual,0,0,Replacement,CAN001098,Andres,,Martin,1993-05-04,Non-binary,Filipino,Filipino,Japan,Bachelor's Degree,English,B2,,Eligible,Teacher,2024-06-11,Kawaguchi Elementary School,Public Elementary School,Tokyo,Katsushika,2022-10-28,,Active,12,8,1,0,66.67
ASG001206,DUD100775,CLI0224,2023-12-10,,Active,Senior Teacher,42,Three-Month,0,0,Replacement,CAN001098,Andres,,Martin,1993-05-04,Non-binary,Filipino,Filipino,Japan,Bachelor's Degree,English,B2,,Eligible,Teacher,2024-06-11,Mirai Junior High School,Education Center,Tokyo,Koganei,2020-06-17,2021-07-31,Inactive,12,10,1,0,83.33
ASG001207,DUD100776,CLI0052,2022-09-05,2023-03-16,Transferred,Senior Teacher,52,Three-Month,0,0,Replacement,CAN000491,Diego,,Wilson,1999-06-13,Female,Australian,Spanish,Japan,Master's Degree,Linguistics,C2,,Eligible,Teacher,2024-03-24,Shinmei Academy,Education Center,Tokyo,Nerima,2022-01-09,,Active,6,5,1,0,83.33
ASG001208,DUD100777,CLI0157,2021-11-28,,Active,ALT / English Teacher,91,Six-Month,0,0,Replacement,CAN000640,Jessica,,Thompson,1984-09-27,Female,Mexican,Japanese,Japan,Bachelor's Degree,Linguistics,C2,N1,Eligible,Teacher,2021-05-23,Akebono High School,Public Elementary School,Saitama,Koshigaya,2024-04-23,2026-09-07,Inactive,12,11,0,0,91.67
ASG001209,DUD100778,CLI0131,2023-06-20,2024-05-02,Renewed,Experienced Teacher,94,Three-Month,0,0,Staffing Demand,CAN001104,Sarah,,Johnson,1999-01-04,Male,Brazilian,Japanese,Japan,Associate Degree,Psychology,Native,N1,Eligible,Teacher,2023-06-23,Asahi High School,Public Junior High School,Saitama,Kawagoe,2024-10-21,2027-04-26,Inactive,10,9,1,0,90.0
ASG001210,DUD100778,CLI0246,2024-05-28,,Active,Senior Teacher,95,Monthly,0,0,Client Request,CAN001104,Sarah,,Johnson,1999-01-04,Male,Brazilian,Japanese,Japan,Associate Degree,Psychology,Native,N1,Eligible,Teacher,2023-06-23,Hikari Junior High School,Private School,Tokyo,Koganei,2019-07-06,,Active,12,12,0,0,100.0
ASG001211,DUD100779,CLI0138,2021-05-01,2022-06-26,Completed,Experienced Teacher,86,Annual,0,0,Staffing Demand,CAN001631,David,,Miller,1987-09-21,Female,Spanish,British,Japan,Associate Degree,Other,C2,Basic,Eligible,Teacher,2024-03-15,Kita Elementary School,Public Elementary School,Chiba,Ichikawa,2022-06-14,,Active,12,9,2,0,75.0
ASG001212,DUD100779,CLI0195,2022-07-15,2023-10-27,Ended,ALT / English Teacher,56,Three-Month,0,0,Replacement,CAN001631,David,,Miller,1987-09-21,Female,Spanish,British,Japan,Associate Degree,Other,C2,Basic,Eligible,Teacher,2024-03-15,Haruka Academy,English School,Kanagawa,Yamato,2020-09-13,,Active,12,10,1,0,83.33
ASG001213,DUD100780,CLI0128,2025-07-03,2026-03-06,Transferred,ALT / English Teacher,27,Monthly,0,0,Replacement,CAN001258,Marco,,Wilson,1987-03-14,Female,American,Spanish,Japan,Bachelor's Degree,Linguistics,B2,N3,Eligible,Teacher,2025-03-23,Tsubaki Junior High School,Education Center,Chiba,Urayasu,2022-11-06,,Active,8,7,1,0,87.5
ASG001214,DUD100780,CLI0161,2026-04-05,,Active,Senior Teacher,20,Annual,0,0,Replacement,CAN001258,Marco,,Wilson,1987-03-14,Female,American,Spanish,Japan,Bachelor's Degree,Linguistics,B2,N3,Eligible,Teacher,2025-03-23,Nerima Elementary School,Education Center,Saitama,Warabi,2019-12-21,,Active,4,3,1,0,75.0
ASG001215,DUD100781,CLI0091,2022-03-28,2022-07-30,Transferred,ALT / English Teacher,61,Monthly,0,0,Transfer,CAN001831,William,,Rodriguez,1979-03-25,Male,Mexican,Brazilian,Japan,Master's Degree,Psychology,C2,Basic,Eligible,Teacher,2023-05-30,Sakura Academy,Private School,Tokyo,Edogawa,2026-01-29,,Active,4,3,0,0,75.0
ASG001216,DUD100782,CLI0078,2026-02-18,,Active,Experienced Teacher,17,Three-Month,0,0,Transfer,CAN001811,Andres,,Jackson,1991-06-03,Male,Mexican,French,Japan,Diploma,English,C1,N2,Eligible,Teacher,2026-04-06,Haruka International School,Education Center,Chiba,Kashiwa,2023-10-31,,Active,6,3,1,0,50.0
ASG001217,DUD100783,CLI0086,2024-12-20,2025-11-12,Transferred,ALT / English Teacher,50,Three-Month,0,0,Client Request,CAN000470,Ana,,Moore,1990-11-13,Female,Australian,American,Japan,Bachelor's Degree,Linguistics,C1,,Eligible,Teacher,2026-02-01,Nerima Elementary School,Kindergarten,Kanagawa,Fujisawa,2020-09-21,2022-06-24,Inactive,10,8,0,0,80.0
ASG001218,DUD100783,CLI0121,2025-11-25,,Active,Experienced Teacher,120,Six-Month,0,0,Staffing Demand,CAN000470,Ana,,Moore,1990-11-13,Female,Australian,American,Japan,Bachelor's Degree,Linguistics,C1,,Eligible,Teacher,2026-02-01,Tsubaki Junior High School,High School,Chiba,Matsudo,2020-06-04,,Active,8,8,0,0,100.0
ASG001219,DUD100784,CLI0213,2024-08-20,,Active,ALT / English Teacher,52,Annual,0,0,Replacement,CAN000306,Emma,,Rodriguez,1996-02-22,Male,American,Australian,Japan,Diploma,Other,Native,Basic,Eligible,Teacher,2021-09-20,Meisei International School,Public Elementary School,Tokyo,Katsushika,2019-11-16,2021-07-11,Inactive,12,10,0,0,83.33
ASG001220,DUD100785,CLI0296,2022-01-21,2023-05-15,Transferred,Senior Teacher,68,Annual,0,0,Transfer,CAN000121,Ana,,Martinez,1992-10-09,Prefer not to say,American,Australian,Japan,Bachelor's Degree,Linguistics,C1,N3,Eligible,Teacher,2022-11-21,Haruka Education Center,Private School,Kanagawa,Kawasaki,2024-06-13,,Active,12,11,1,0,91.67
ASG001221,DUD100785,CLI0173,2023-05-29,,Active,Experienced Teacher,96,Annual,0,0,Replacement,CAN000121,Ana,,Martinez,1992-10-09,Prefer not to say,American,Australian,Japan,Bachelor's Degree,Linguistics,C1,N3,Eligible,Teacher,2022-11-21,Musashino International School,Private School,Chiba,Matsudo,2025-08-22,,Active,12,11,0,0,91.67
ASG001222,DUD100786,CLI0189,2021-04-09,2021-11-13,Ended,Experienced Teacher,20,Annual,0,0,Staffing Demand,CAN001013,Andres,,Rodriguez,1981-05-20,Male,Australian,British,Japan,Diploma,Education,C2,N1,Eligible,Teacher,2023-11-06,Tsubaki High School,Kindergarten,Chiba,Ichikawa,2024-03-18,,Active,7,6,0,0,85.71
ASG001223,DUD100786,CLI0198,2021-11-27,2022-06-19,Ended,ALT / English Teacher,51,Monthly,0,0,Transfer,CAN001013,Andres,,Rodriguez,1981-05-20,Male,Australian,British,Japan,Diploma,Education,C2,N1,Eligible,Teacher,2023-11-06,Ota High School,Public Elementary School,Kanagawa,Yamato,2022-08-29,,Active,6,5,0,0,83.33
ASG001224,DUD100786,CLI0175,2022-07-18,,Active,Trainer,107,Annual,0,0,Client Request,CAN001013,Andres,,Rodriguez,1981-05-20,Male,Australian,British,Japan,Diploma,Education,C2,N1,Eligible,Teacher,2023-11-06,Seiwa Academy,High School,Saitama,Soka,2019-03-18,,Active,12,9,3,0,75.0
ASG001225,DUD100787,CLI0117,2024-09-04,2025-09-13,Renewed,Experienced Teacher,50,Three-Month,0,0,Staffing Demand,CAN001608,David,,Rodriguez,1985-10-23,Non-binary,American,Filipino,Japan,Bachelor's Degree,Psychology,Native,,Eligible,Teacher,2024-01-15,Asahi Junior High School,Public Junior High School,Saitama,Warabi,2019-01-20,,Active,12,12,0,0,100.0
ASG001226,DUD100788,CLI0034,2025-07-31,2026-01-29,Ended,ALT / English Teacher,68,Three-Month,0,0,Staffing Demand,CAN001150,Matthew,,Wilson,2002-01-17,Prefer not to say,Australian,British,Japan,Diploma,Other,Native,,Eligible,Teacher,2024-03-07,Midori Academy,English School,Saitama,Kawaguchi,2019-02-16,,Active,6,5,0,0,83.33
ASG001227,DUD100788,CLI0260,2026-02-03,2027-06-15,Completed,Trainer,22,Monthly,0,0,Staffing Demand,CAN001150,Matthew,,Wilson,2002-01-17,Prefer not to say,Australian,British,Japan,Diploma,Other,Native,,Eligible,Teacher,2024-03-07,Koyo Elementary School,Public Elementary School,Tokyo,Kita,2025-03-25,,Active,12,8,2,0,66.67
ASG001228,DUD100789,CLI0073,2022-07-04,,Active,ALT / English Teacher,21,Six-Month,0,0,Transfer,CAN000650,Luis,,Thompson,1990-07-04,Non-binary,French,Australian,Japan,Master's Degree,Business,C1,N2,Eligible,Teacher,2021-11-15,Koganei Junior High School,Kindergarten,Kanagawa,Yamato,2024-02-27,,Active,12,10,0,0,83.33
ASG001229,DUD100790,CLI0181,2023-07-09,,Active,Trainer,15,Monthly,0,0,Replacement,CAN000883,Diego,,Hall,1980-03-28,Non-binary,Japanese,Australian,Japan,Master's Degree,Education,C2,,Eligible,Teacher,2023-08-29,Koyo Junior High School,High School,Tokyo,Katsushika,2022-10-19,,Active,12,10,2,0,83.33
ASG001230,DUD100791,CLI0108,2022-03-07,2022-07-07,Completed,ALT / English Teacher,102,Six-Month,0,0,Replacement,CAN001849,Robert,,Martin,1984-10-14,Prefer not to say,Spanish,American,Japan,Diploma,Psychology,Native,N1,Eligible,Teacher,2021-10-05,Haruka Elementary School,Public Junior High School,Saitama,Saitama,2021-02-05,,Active,4,3,0,0,75.0
ASG001231,DUD100792,CLI0098,2025-05-11,,Active,Senior Teacher,36,Annual,0,0,Client Request,CAN000874,David,,Rodriguez,1976-01-13,Male,French,American,Japan,Master's Degree,Linguistics,B2,N3,Eligible,Teacher,2021-05-28,Meisei Elementary School,Public Junior High School,Saitama,Toda,2024-03-26,,Active,12,11,0,0,91.67
ASG001232,DUD100793,CLI0147,2024-05-26,,Active,ALT / English Teacher,102,Monthly,0,0,Replacement,CAN000830,Emma,,Miller,1991-08-17,Prefer not to say,Spanish,Japanese,Japan,Bachelor's Degree,Psychology,B2,N1,Eligible,Teacher,2022-05-25,Asahi High School,Public Junior High School,Saitama,Saitama,2020-01-26,,Active,12,12,0,0,100.0
ASG001233,DUD100794,CLI0122,2024-09-21,2025-02-07,Completed,Experienced Teacher,81,Three-Month,0,0,Staffing Demand,CAN000404,Hannah,,Miller,1999-03-03,Non-binary,Canadian,Australian,Japan,Bachelor's Degree,English,B2,N2,Eligible,Teacher,2024-05-02,Mirai Education Center,Kindergarten,Saitama,Kawaguchi,2020-09-24,,Active,4,4,0,0,100.0
ASG001234,DUD100794,CLI0096,2025-03-07,2025-08-16,Transferred,ALT / English Teacher,120,Three-Month,0,0,Replacement,CAN000404,Hannah,,Miller,1999-03-03,Non-binary,Canadian,Australian,Japan,Bachelor's Degree,English,B2,N2,Eligible,Teacher,2024-05-02,Haruka Academy,Private School,Tokyo,Tachikawa,2020-12-02,,Active,5,4,0,0,80.0
ASG001235,DUD100795,CLI0227,2021-02-26,,Active,Experienced Teacher,38,Monthly,0,0,Client Request,CAN000897,Emma,,Brown,2003-06-14,Prefer not to say,French,Australian,Japan,Associate Degree,English,C2,N2,Eligible,Teacher,2024-06-02,Asahi Academy,Education Center,Tokyo,Hachioji,2025-06-04,2027-04-21,Inactive,12,9,1,0,75.0
ASG001236,DUD100796,CLI0046,2021-06-23,2022-05-06,Renewed,ALT / English Teacher,109,Six-Month,0,0,Staffing Demand,CAN000331,Emma,,Taylor,1975-12-23,Prefer not to say,Brazilian,Japanese,Japan,Bachelor's Degree,Education,C1,,Eligible,Teacher,2026-01-19,Sakura Junior High School,English School,Chiba,Ichikawa,2019-02-08,,Active,10,9,0,0,90.0
ASG001237,DUD100796,CLI0295,2022-05-18,2023-05-03,Completed,Experienced Teacher,115,Three-Month,0,0,Replacement,CAN000331,Emma,,Taylor,1975-12-23,Prefer not to say,Brazilian,Japanese,Japan,Bachelor's Degree,Education,C1,,Eligible,Teacher,2026-01-19,Tsubaki Junior High School,Public Junior High School,Kanagawa,Fujisawa,2022-02-23,,Active,11,10,0,0,90.91
ASG001238,DUD100796,CLI0114,2023-05-21,,Active,ALT / English Teacher,105,Monthly,0,0,Client Request,CAN000331,Emma,,Taylor,1975-12-23,Prefer not to say,Brazilian,Japanese,Japan,Bachelor's Degree,Education,C1,,Eligible,Teacher,2026-01-19,Haruka International School,Private School,Saitama,Saitama,2024-07-18,,Active,12,9,1,0,75.0
ASG001239,DUD100797,CLI0199,2021-06-07,2022-07-27,Ended,ALT / English Teacher,93,Three-Month,0,0,Transfer,CAN000021,Thomas,,Williams,1978-03-19,Non-binary,Brazilian,Canadian,Japan,Bachelor's Degree,Business,B2,N2,Eligible,Teacher,2024-09-28,Asahi Academy,Public Junior High School,Kanagawa,Sagamihara,2019-11-05,,Active,12,10,1,0,83.33
ASG001240,DUD100797,CLI0283,2022-07-30,2023-04-06,Completed,ALT / English Teacher,115,Three-Month,0,0,Client Request,CAN000021,Thomas,,Williams,1978-03-19,Non-binary,Brazilian,Canadian,Japan,Bachelor's Degree,Business,B2,N2,Eligible,Teacher,2024-09-28,Shinmei Academy,Education Center,Kanagawa,Kawasaki,2020-04-13,,Active,8,6,1,0,75.0
ASG001241,DUD100797,CLI0238,2023-05-01,,Active,ALT / English Teacher,120,Three-Month,0,0,Staffing Demand,CAN000021,Thomas,,Williams,1978-03-19,Non-binary,Brazilian,Canadian,Japan,Bachelor's Degree,Business,B2,N2,Eligible,Teacher,2024-09-28,Kita Elementary School,Private School,Chiba,Matsudo,2021-04-13,,Active,12,11,0,0,91.67
ASG001242,DUD100798,CLI0013,2021-12-04,2023-04-21,Ended,ALT / English Teacher,31,Monthly,0,0,Initial Assignment,CAN000601,Thomas,,Lee,1989-11-23,Non-binary,Brazilian,Spanish,Japan,Master's Degree,Linguistics,B2,N2,Eligible,Teacher,2025-09-04,Hikari Education Center,Private School,Tokyo,Hachioji,2021-08-06,,Active,12,11,0,0,91.67
ASG001243,DUD100798,CLI0032,2023-05-06,,Active,ALT / English Teacher,82,Monthly,0,0,Initial Assignment,CAN000601,Thomas,,Lee,1989-11-23,Non-binary,Brazilian,Spanish,Japan,Master's Degree,Linguistics,B2,N2,Eligible,Teacher,2025-09-04,Midori Junior High School,Public Elementary School,Chiba,Kashiwa,2024-06-08,,Active,12,7,1,0,58.33
ASG001244,DUD100799,CLI0084,2023-03-29,2024-01-14,Ended,Experienced Teacher,44,Monthly,0,0,Staffing Demand,CAN000571,Jessica,,Walker,1995-04-11,Female,Australian,French,Japan,Associate Degree,English,Native,,Eligible,Teacher,2021-10-22,Tsubaki Elementary School,Public Junior High School,Kanagawa,Kawasaki,2023-03-31,,Active,9,8,1,0,88.89
ASG001245,DUD100800,CLI0239,2024-03-18,2025-04-24,Renewed,ALT / English Teacher,18,Three-Month,0,0,Replacement,CAN000774,Luis,,Torres,1996-05-06,Non-binary,Brazilian,Mexican,Japan,Master's Degree,English,C2,,Eligible,Teacher,2022-01-29,Sakura Junior High School,English School,Tokyo,Itabashi,2022-04-12,,Active,12,11,0,0,91.67
ASG001246,DUD100800,CLI0223,2025-05-15,,Active,ALT / English Teacher,17,Annual,0,0,Staffing Demand,CAN000774,Luis,,Torres,1996-05-06,Non-binary,Brazilian,Mexican,Japan,Master's Degree,English,C2,,Eligible,Teacher,2022-01-29,Kita International School,Education Center,Tokyo,Itabashi,2021-11-11,,Active,12,10,0,0,83.33
ASG001247,DUD100801,CLI0233,2022-09-02,,Active,ALT / English Teacher,90,Three-Month,0,0,Replacement,CAN000218,Carlos,,Brown,1991-09-08,Non-binary,British,Mexican,Japan,Bachelor's Degree,English,Native,N2,Eligible,Teacher,2024-09-13,Midori International School,Public Elementary School,Saitama,Saitama,2019-07-27,,Active,12,8,0,0,66.67
ASG001248,DUD100802,CLI0270,2021-12-29,2022-10-03,Transferred,ALT / English Teacher,85,Six-Month,0,0,Client Request,CAN000242,David,,Allen,1990-04-15,Female,French,Japanese,Japan,Bachelor's Degree,Education,C1,Basic,Eligible,Teacher,2024-05-25,Nerima Academy,High School,Chiba,Urayasu,2019-08-19,,Active,9,8,0,0,88.89
ASG001249,DUD100803,CLI0065,2021-05-13,2022-10-03,Completed,Experienced Teacher,60,Three-Month,0,0,Client Request,CAN000676,Ana,,Rodriguez,1982-03-09,Male,Canadian,Canadian,Japan,Associate Degree,Other,B2,,Eligible,Teacher,2025-04-08,Kawaguchi Junior High School,High School,Chiba,Urayasu,2023-07-15,,Active,12,10,0,0,83.33
ASG001250,DUD100803,CLI0295,2022-10-30,2024-04-11,Ended,ALT / English Teacher,109,Annual,0,0,Replacement,CAN000676,Ana,,Rodriguez,1982-03-09,Male,Canadian,Canadian,Japan,Associate Degree,Other,B2,,Eligible,Teacher,2025-04-08,Tsubaki Junior High School,Public Junior High School,Kanagawa,Fujisawa,2022-02-23,,Active,12,8,1,0,66.67
ASG001251,DUD100804,CLI0294,2024-06-30,2024-10-25,Transferred,ALT / English Teacher,37,Three-Month,0,0,Staffing Demand,CAN000253,David,,Miller,1986-05-24,Female,Canadian,Canadian,Japan,Master's Degree,Education,C2,Basic,Eligible,Teacher,2022-03-18,Shinmei Junior High School,Kindergarten,Saitama,Saitama,2020-12-10,,Active,3,2,0,0,66.67
ASG001252,DUD100804,CLI0116,2024-10-30,,Active,ALT / English Teacher,56,Three-Month,0,0,Staffing Demand,CAN000253,David,,Miller,1986-05-24,Female,Canadian,Canadian,Japan,Master's Degree,Education,C2,Basic,Eligible,Teacher,2022-03-18,Takashima Education Center,Public Junior High School,Kanagawa,Kawasaki,2024-10-21,,Active,12,11,0,0,91.67
ASG001253,DUD100805,CLI0084,2025-09-09,,Active,Experienced Teacher,61,Six-Month,0,0,Replacement,CAN001636,Miguel,,Hall,1984-05-26,Male,Spanish,Spanish,Japan,Diploma,Linguistics,B2,N2,Eligible,Teacher,2023-09-30,Tsubaki Elementary School,Public Junior High School,Kanagawa,Kawasaki,2023-03-31,,Active,11,10,0,0,90.91
ASG001254,DUD100806,CLI0146,2021-10-21,2022-11-28,Completed,ALT / English Teacher,29,Six-Month,0,0,Transfer,CAN000488,Hannah,,Taylor,1977-12-01,Female,Filipino,Canadian,Japan,Master's Degree,Education,B2,N3,Eligible,Teacher,2023-08-15,Meisei High School,Private School,Chiba,Funabashi,2022-08-24,,Active,12,9,1,0,75.0
ASG001255,DUD100806,CLI0209,2022-12-05,2024-01-01,Transferred,ALT / English Teacher,74,Three-Month,0,0,Transfer,CAN000488,Hannah,,Taylor,1977-12-01,Female,Filipino,Canadian,Japan,Master's Degree,Education,B2,N3,Eligible,Teacher,2023-08-15,Kawaguchi High School,Private School,Tokyo,Hachioji,2024-02-06,,Active,12,11,0,0,91.67
ASG001256,DUD100806,CLI0028,2024-01-13,,Active,Experienced Teacher,107,Three-Month,0,0,Initial Assignment,CAN000488,Hannah,,Taylor,1977-12-01,Female,Filipino,Canadian,Japan,Master's Degree,Education,B2,N3,Eligible,Teacher,2023-08-15,Takashima Education Center,Private School,Tokyo,Hachioji,2021-08-21,2023-05-31,Inactive,12,12,0,0,100.0
ASG001257,DUD100807,CLI0286,2024-12-08,2025-04-06,Renewed,Senior Teacher,68,Annual,0,0,Transfer,CAN001783,David,,Lopez,1975-12-17,Prefer not to say,Japanese,American,Japan,Master's Degree,Education,Native,N3,Eligible,Teacher,2025-12-20,Meisei Elementary School,Private School,Kanagawa,Fujisawa,2020-08-20,,Active,4,4,0,0,100.0
ASG001258,DUD100808,CLI0020,2024-02-24,2025-02-18,Ended,ALT / English Teacher,98,Annual,0,0,Staffing Demand,CAN000074,Ana,,Taylor,2000-09-21,Female,American,Canadian,Japan,Bachelor's Degree,Business,C1,N3,Eligible,Teacher,2021-08-19,Sakura International School,Public Elementary School,Chiba,Kashiwa,2024-10-13,,Active,12,9,1,0,75.0
ASG001259,DUD100808,CLI0116,2025-02-19,,Active,Experienced Teacher,117,Monthly,0,0,Client Request,CAN000074,Ana,,Taylor,2000-09-21,Female,American,Canadian,Japan,Bachelor's Degree,Business,C1,N3,Eligible,Teacher,2021-08-19,Takashima Education Center,Public Junior High School,Kanagawa,Kawasaki,2024-10-21,,Active,12,11,1,0,91.67
ASG001260,DUD100809,CLI0258,2021-07-21,2021-12-23,Transferred,Experienced Teacher,54,Annual,0,0,Staffing Demand,CAN001668,Olivia,,Perez,1976-05-22,Male,Filipino,Australian,Japan,Associate Degree,Other,C1,N3,Eligible,Teacher,2021-09-27,Akebono Junior High School,Education Center,Saitama,Koshigaya,2026-02-24,,Active,5,4,0,0,80.0
ASG001261,DUD100809,CLI0217,2021-12-25,2022-12-12,Transferred,ALT / English Teacher,61,Three-Month,0,0,Initial Assignment,CAN001668,Olivia,,Perez,1976-05-22,Male,Filipino,Australian,Japan,Associate Degree,Other,C1,N3,Eligible,Teacher,2021-09-27,Koganei Education Center,Private School,Kanagawa,Kawasaki,2024-01-12,,Active,11,9,0,0,81.82
ASG001262,DUD100809,CLI0250,2022-12-14,,Active,Experienced Teacher,88,Annual,0,0,Replacement,CAN001668,Olivia,,Perez,1976-05-22,Male,Filipino,Australian,Japan,Associate Degree,Other,C1,N3,Eligible,Teacher,2021-09-27,Tsubaki High School,Education Center,Tokyo,Itabashi,2024-11-21,,Active,12,11,0,0,91.67
ASG001263,DUD100810,CLI0241,2024-02-14,2025-06-09,Ended,Senior Teacher,28,Annual,0,0,Initial Assignment,CAN001656,Olivia,,Martinez,1980-09-11,Non-binary,Canadian,Filipino,Japan,Master's Degree,Linguistics,Native,N1,Eligible,Teacher,2024-03-13,Shinmei High School,Kindergarten,Chiba,Matsudo,2026-04-02,,Active,12,8,2,0,66.67
ASG001264,DUD100810,CLI0154,2025-06-19,,Active,Experienced Teacher,110,Three-Month,0,0,Initial Assignment,CAN001656,Olivia,,Martinez,1980-09-11,Non-binary,Canadian,Filipino,Japan,Master's Degree,Linguistics,Native,N1,Eligible,Teacher,2024-03-13,Asahi International School,Private School,Tokyo,Nerima,2021-02-20,,Active,12,8,0,0,66.67
ASG001265,DUD100811,CLI0030,2022-03-26,,Active,ALT / English Teacher,16,Monthly,0,0,Staffing Demand,CAN000032,John,,Johnson,2002-07-17,Non-binary,French,Canadian,Japan,Diploma,English,B2,,Eligible,Teacher,2022-04-04,Akebono Elementary School,Public Junior High School,Saitama,Kawaguchi,2024-04-09,,Active,12,11,1,0,91.67
ASG001266,DUD100812,CLI0113,2022-03-21,,Active,Senior Teacher,109,Annual,0,0,Transfer,CAN000356,Emily,,Ramirez,1984-03-05,Male,Mexican,Spanish,Japan,Master's Degree,Psychology,Native,,Eligible,Teacher,2022-06-21,Tsubaki International School,High School,Saitama,Warabi,2020-01-10,2023-02-16,Inactive,12,10,0,0,83.33
ASG001267,DUD100813,CLI0138,2023-06-16,,Active,ALT / English Teacher,36,Annual,0,0,Client Request,CAN001211,Juan,,Jackson,1985-08-22,Female,Canadian,Filipino,Japan,Associate Degree,Other,C2,,Eligible,Teacher,2023-01-28,Kita Elementary School,Public Elementary School,Chiba,Ichikawa,2022-06-14,,Active,12,8,2,0,66.67
ASG001268,DUD100814,CLI0029,2025-03-16,,Active,Senior Teacher,64,Six-Month,0,0,Replacement,CAN000527,Sarah,,Garcia,1981-09-22,Non-binary,Spanish,Spanish,Japan,Associate Degree,Other,C2,N1,Eligible,Teacher,2025-10-22,Asahi Education Center,Public Elementary School,Chiba,Matsudo,2022-10-13,,Active,12,11,0,0,91.67
ASG001269,DUD100815,CLI0158,2025-12-07,,Active,ALT / English Teacher,119,Annual,0,0,Transfer,CAN001207,Maria,,Sanchez,1986-09-19,Male,Spanish,Mexican,Japan,Diploma,Linguistics,B2,N3,Eligible,Teacher,2021-10-17,Meisei High School,Public Elementary School,Kanagawa,Kawasaki,2025-02-15,,Active,8,6,0,0,75.0
ASG001270,DUD100816,CLI0010,2025-02-03,,Active,ALT / English Teacher,32,Annual,0,0,Client Request,CAN000692,Daniel,,Sanchez,1976-08-01,Male,Brazilian,Japanese,Japan,Associate Degree,Education,B2,N1,Eligible,Teacher,2021-08-16,Midori International School,Kindergarten,Chiba,Chiba,2022-09-04,,Active,12,8,1,0,66.67
ASG001271,DUD100817,CLI0162,2021-12-24,2022-10-01,Renewed,ALT / English Teacher,51,Six-Month,0,0,Initial Assignment,CAN001803,Daniel,,Smith,1979-09-14,Non-binary,Japanese,Mexican,Japan,Associate Degree,Linguistics,C1,N3,Eligible,Teacher,2024-09-05,Kawaguchi High School,Public Elementary School,Kanagawa,Yamato,2025-09-27,,Active,9,8,1,0,88.89
ASG001272,DUD100817,CLI0300,2022-10-06,,Active,Experienced Teacher,59,Six-Month,0,0,Replacement,CAN001803,Daniel,,Smith,1979-09-14,Non-binary,Japanese,Mexican,Japan,Associate Degree,Linguistics,C1,N3,Eligible,Teacher,2024-09-05,Shinmei Academy,Public Junior High School,Chiba,Chiba,2024-05-25,,Active,12,8,2,0,66.67
ASG001273,DUD100818,CLI0029,2024-06-24,2025-02-03,Renewed,ALT / English Teacher,21,Annual,0,0,Initial Assignment,CAN001648,John,,Martin,2001-03-27,Prefer not to say,Brazilian,French,Japan,Diploma,Education,Native,N2,Eligible,Teacher,2024-01-14,Asahi Education Center,Public Elementary School,Chiba,Matsudo,2022-10-13,,Active,7,5,2,0,71.43
ASG001274,DUD100819,CLI0022,2025-02-12,2025-08-01,Transferred,ALT / English Teacher,35,Three-Month,0,0,Initial Assignment,CAN001622,William,,Jackson,1993-07-01,Female,French,Canadian,Japan,Diploma,English,C2,N2,Eligible,Teacher,2024-01-24,Kita Junior High School,High School,Saitama,Warabi,2020-11-12,,Active,5,5,0,0,100.0
ASG001275,DUD100820,CLI0192,2022-08-12,,Active,Experienced Teacher,78,Monthly,0,0,Client Request,CAN001799,Diego,,Wilson,1982-04-23,Female,French,American,Japan,Bachelor's Degree,Linguistics,C2,N3,Eligible,Teacher,2023-11-07,Akebono Junior High School,English School,Saitama,Kawaguchi,2020-04-01,2020-12-03,Inactive,12,11,0,0,91.67
ASG001276,DUD100821,CLI0096,2025-02-24,,Active,ALT / English Teacher,35,Six-Month,0,0,Initial Assignment,CAN000834,Carlos,,Perez,1991-04-21,Non-binary,Canadian,Brazilian,Japan,Diploma,Business,C1,N1,Eligible,Teacher,2021-12-01,Haruka Academy,Private School,Tokyo,Tachikawa,2020-12-02,,Active,12,8,0,0,66.67
ASG001277,DUD100822,CLI0174,2023-06-25,2024-09-29,Transferred,ALT / English Teacher,53,Annual,0,0,Transfer,CAN001174,Hannah,,Sanchez,1994-01-26,Female,British,Japanese,Japan,Master's Degree,Psychology,C2,N2,Eligible,Teacher,2024-02-15,Ota Junior High School,Public Elementary School,Saitama,Koshigaya,2026-01-08,,Active,12,8,1,0,66.67
ASG001278,DUD100822,CLI0181,2024-10-13,,Active,ALT / English Teacher,61,Monthly,0,0,Client Request,CAN001174,Hannah,,Sanchez,1994-01-26,Female,British,Japanese,Japan,Master's Degree,Psychology,C2,N2,Eligible,Teacher,2024-02-15,Koyo Junior High School,High School,Tokyo,Katsushika,2022-10-19,,Active,12,7,0,0,58.33
ASG001279,DUD100823,CLI0059,2022-04-11,,Active,ALT / English Teacher,57,Three-Month,0,0,Initial Assignment,CAN001035,James,,Thompson,1993-08-20,Male,Canadian,Filipino,Japan,Bachelor's Degree,Linguistics,C2,Basic,Eligible,Teacher,2021-11-23,Mirai Education Center,High School,Chiba,Funabashi,2019-04-11,,Active,12,12,0,0,100.0
ASG001280,DUD100824,CLI0122,2026-01-12,2026-11-15,Renewed,ALT / English Teacher,25,Annual,0,0,Staffing Demand,CAN000838,Andres,,Moore,1999-07-02,Prefer not to say,Australian,Brazilian,Japan,Diploma,Linguistics,B2,N2,Eligible,Teacher,2021-12-03,Mirai Education Center,Kindergarten,Saitama,Kawaguchi,2020-09-24,,Active,10,8,1,0,80.0
ASG001281,DUD100824,CLI0280,2026-12-04,2027-11-23,Ended,ALT / English Teacher,26,Annual,0,0,Staffing Demand,CAN000838,Andres,,Moore,1999-07-02,Prefer not to say,Australian,Brazilian,Japan,Diploma,Linguistics,B2,N2,Eligible,Teacher,2021-12-03,Seiwa International School,English School,Saitama,Saitama,2019-10-30,2022-12-03,Inactive,11,11,0,0,100.0
ASG001282,DUD100825,CLI0115,2025-01-10,2025-06-15,Renewed,Experienced Teacher,105,Annual,0,0,Replacement,CAN001113,Jose,,Brown,2000-04-25,Male,Brazilian,British,Japan,Associate Degree,Education,C1,N1,Eligible,Teacher,2023-06-09,Takashima High School,Public Elementary School,Saitama,Toda,2023-12-27,2026-04-11,Inactive,5,5,0,0,100.0
ASG001283,DUD100826,CLI0165,2021-11-02,2022-12-22,Renewed,Senior Teacher,53,Monthly,0,0,Client Request,CAN000313,William,,Lopez,1984-01-04,Male,French,Canadian,Japan,Bachelor's Degree,Other,C2,N1,Eligible,Teacher,2021-05-23,Nerima Elementary School,High School,Tokyo,Katsushika,2024-08-08,,Active,12,11,0,0,91.67
ASG001284,DUD100826,CLI0290,2022-12-29,,Active,ALT / English Teacher,40,Annual,0,0,Staffing Demand,CAN000313,William,,Lopez,1984-01-04,Male,French,Canadian,Japan,Bachelor's Degree,Other,C2,N1,Eligible,Teacher,2021-05-23,Koganei High School,English School,Chiba,Chiba,2019-03-31,,Active,12,12,0,0,100.0
ASG001285,DUD100827,CLI0202,2025-08-12,2026-01-09,Transferred,Experienced Teacher,69,Monthly,0,0,Staffing Demand,CAN000047,Sofia,,Davis,1988-12-22,Female,French,Filipino,Japan,Master's Degree,Psychology,C1,Basic,Eligible,Teacher,2022-09-08,Tsubaki Elementary School,High School,Kanagawa,Kawasaki,2023-08-14,,Active,5,4,0,0,80.0
ASG001286,DUD100827,CLI0063,2026-01-28,2027-07-12,Transferred,Experienced Teacher,115,Three-Month,0,0,Transfer,CAN000047,Sofia,,Davis,1988-12-22,Female,French,Filipino,Japan,Master's Degree,Psychology,C1,Basic,Eligible,Teacher,2022-09-08,Koganei Elementary School,Private School,Tokyo,Edogawa,2025-11-18,,Active,12,7,2,0,58.33
ASG001287,DUD100828,CLI0202,2021-09-11,2022-09-30,Ended,ALT / English Teacher,47,Three-Month,0,0,Replacement,CAN000122,Juan,,Hall,1998-12-06,Non-binary,Brazilian,Mexican,Japan,Bachelor's Degree,Linguistics,C1,N2,Eligible,Teacher,2022-08-13,Tsubaki Elementary School,High School,Kanagawa,Kawasaki,2023-08-14,,Active,12,11,0,0,91.67
ASG001288,DUD100828,CLI0249,2022-10-22,,Active,Experienced Teacher,56,Three-Month,0,0,Initial Assignment,CAN000122,Juan,,Hall,1998-12-06,Non-binary,Brazilian,Mexican,Japan,Bachelor's Degree,Linguistics,C1,N2,Eligible,Teacher,2022-08-13,Haruka High School,Kindergarten,Chiba,Chiba,2019-05-15,,Active,12,12,0,0,100.0
ASG001289,DUD100829,CLI0171,2025-03-17,2026-08-11,Renewed,ALT / English Teacher,61,Annual,0,0,Replacement,CAN000270,John,,Rodriguez,1980-03-24,Non-binary,Filipino,Spanish,Japan,Associate Degree,Linguistics,C1,N1,Eligible,Teacher,2024-01-01,Midori High School,Kindergarten,Saitama,Koshigaya,2022-10-08,,Active,12,11,0,0,91.67
ASG001290,DUD100829,CLI0010,2026-08-27,2027-05-16,Completed,ALT / English Teacher,46,Six-Month,0,0,Client Request,CAN000270,John,,Rodriguez,1980-03-24,Non-binary,Filipino,Spanish,Japan,Associate Degree,Linguistics,C1,N1,Eligible,Teacher,2024-01-01,Midori International School,Kindergarten,Chiba,Chiba,2022-09-04,,Active,8,7,0,0,87.5
ASG001291,DUD100830,CLI0105,2025-06-21,2026-03-27,Ended,Experienced Teacher,99,Monthly,0,0,Replacement,CAN001628,Olivia,,Johnson,1994-06-04,Female,Australian,Australian,Japan,Associate Degree,Business,Native,,Eligible,Teacher,2021-12-07,Mirai International School,Kindergarten,Chiba,Ichikawa,2025-02-09,,Active,9,7,0,0,77.78
ASG001292,DUD100830,CLI0241,2026-04-17,,Active,Senior Teacher,70,Six-Month,0,0,Transfer,CAN001628,Olivia,,Johnson,1994-06-04,Female,Australian,Australian,Japan,Associate Degree,Business,Native,,Eligible,Teacher,2021-12-07,Shinmei High School,Kindergarten,Chiba,Matsudo,2026-04-02,,Active,4,4,0,0,100.0
ASG001293,DUD100831,CLI0048,2024-04-14,,Active,Experienced Teacher,21,Three-Month,0,0,Client Request,CAN001649,Matthew,,Lee,1987-03-23,Female,American,French,Japan,Bachelor's Degree,English,C2,Basic,Eligible,Teacher,2022-07-18,Ota Junior High School,Education Center,Kanagawa,Yokohama,2024-09-12,2026-06-19,Inactive,12,11,0,0,91.67
ASG001294,DUD100832,CLI0191,2023-03-31,2023-10-16,Transferred,ALT / English Teacher,86,Three-Month,0,0,Client Request,CAN001113,Sarah,,Williams,2002-05-26,Non-binary,Filipino,Japanese,Japan,Diploma,Linguistics,B2,N1,Eligible,Teacher,2022-01-23,Seiwa High School,High School,Chiba,Matsudo,2019-07-18,,Active,6,6,0,0,100.0
ASG001295,DUD100833,CLI0036,2022-03-12,,Active,ALT / English Teacher,82,Annual,0,0,Replacement,CAN000032,Emily,,Wilson,1997-04-05,Male,Spanish,French,Japan,Associate Degree,Business,B2,Basic,Eligible,Teacher,2023-07-17,Seiwa International School,Public Junior High School,Tokyo,Ota,2019-06-26,2021-06-29,Inactive,12,9,1,0,75.0
ASG001296,DUD100834,CLI0166,2021-02-02,,Active,Senior Teacher,47,Three-Month,0,0,Client Request,CAN001635,Emma,,Davis,1998-01-13,Male,French,French,Japan,Bachelor's Degree,Psychology,Native,N2,Eligible,Teacher,2023-09-26,Nerima Junior High School,Private School,Kanagawa,Yokohama,2024-03-04,,Active,12,9,1,0,75.0
ASG001297,DUD100835,CLI0259,2025-03-12,,Active,ALT / English Teacher,18,Six-Month,0,0,Transfer,CAN000516,Sofia,,Thompson,2001-07-28,Prefer not to say,Spanish,Spanish,Japan,Master's Degree,Business,C1,,Eligible,Teacher,2022-05-28,Ota Elementary School,Kindergarten,Tokyo,Katsushika,2019-11-07,,Active,12,12,0,0,100.0
ASG001298,DUD100836,CLI0028,2022-07-01,2023-12-11,Transferred,ALT / English Teacher,44,Monthly,0,0,Staffing Demand,CAN001629,Jessica,,White,2002-10-23,Prefer not to say,Japanese,American,Japan,Associate Degree,Linguistics,Native,,Eligible,Teacher,2025-02-21,Takashima Education Center,Private School,Tokyo,Hachioji,2021-08-21,2023-05-31,Inactive,12,12,0,0,100.0
ASG001299,DUD100836,CLI0292,2024-01-08,,Active,Experienced Teacher,72,Three-Month,0,0,Staffing Demand,CAN001629,Jessica,,White,2002-10-23,Prefer not to say,Japanese,American,Japan,Associate Degree,Linguistics,Native,,Eligible,Teacher,2025-02-21,Kizuna Education Center,Education Center,Tokyo,Edogawa,2023-12-25,,Active,12,11,0,0,91.67
ASG001300,DUD100837,CLI0245,2021-03-07,,Active,ALT / English Teacher,120,Monthly,0,0,Initial Assignment,CAN000018,Robert,,Wilson,2002-09-23,Female,Mexican,Mexican,Japan,Diploma,English,B2,N3,Eligible,Teacher,2025-12-08,Musashino Education Center,Kindergarten,Chiba,Chiba,2024-08-31,,Active,12,10,2,0,83.33
ASG001301,DUD100838,CLI0152,2025-05-24,2026-03-03,Renewed,Senior Teacher,46,Three-Month,0,0,Replacement,CAN001310,Daniel,,Torres,1990-09-19,Prefer not to say,American,Spanish,Japan,Bachelor's Degree,Business,Native,,Eligible,Teacher,2024-07-31,Meisei International School,English School,Tokyo,Tachikawa,2025-01-26,,Active,9,6,2,0,66.67
ASG001302,DUD100839,CLI0205,2023-06-27,,Active,ALT / English Teacher,60,Annual,0,0,Client Request,CAN000461,Matthew,,Anderson,1994-09-25,Prefer not to say,Canadian,French,Japan,Associate Degree,Psychology,C1,,Eligible,Teacher,2024-09-09,Mirai High School,Private School,Saitama,Kawagoe,2024-08-28,,Active,12,10,0,0,83.33
ASG001303,DUD100840,CLI0030,2024-01-05,,Active,Experienced Teacher,89,Six-Month,0,0,Initial Assignment,CAN000262,Michael,,Wilson,1996-05-07,Female,Filipino,Canadian,Japan,Diploma,Business,C2,,Eligible,Teacher,2021-10-23,Akebono Elementary School,Public Junior High School,Saitama,Kawaguchi,2024-04-09,,Active,12,9,1,0,75.0
ASG001304,DUD100841,CLI0292,2021-10-05,,Active,ALT / English Teacher,76,Six-Month,0,0,Replacement,CAN001501,Carlos,,Davis,1980-11-11,Non-binary,Mexican,American,Japan,Diploma,Education,C1,N2,Eligible,Teacher,2025-12-04,Kizuna Education Center,Education Center,Tokyo,Edogawa,2023-12-25,,Active,12,11,0,0,91.67
ASG001305,DUD100842,CLI0090,2023-11-26,2024-11-08,Renewed,ALT / English Teacher,19,Monthly,0,0,Transfer,CAN001178,Michael,,Thompson,1995-07-12,Prefer not to say,Mexican,Mexican,Japan,Diploma,Other,B2,N3,Eligible,Teacher,2025-11-12,Akebono International School,Public Elementary School,Saitama,Koshigaya,2021-11-15,,Active,11,9,0,0,81.82
ASG001306,DUD100842,CLI0097,2024-11-23,2025-12-01,Ended,ALT / English Teacher,68,Three-Month,0,0,Staffing Demand,CAN001178,Michael,,Thompson,1995-07-12,Prefer not to say,Mexican,Mexican,Japan,Diploma,Other,B2,N3,Eligible,Teacher,2025-11-12,Sakura International School,High School,Chiba,Ichikawa,2025-02-08,,Active,12,9,1,0,75.0
ASG001307,DUD100842,CLI0049,2025-12-27,2026-08-05,Ended,ALT / English Teacher,32,Six-Month,0,0,Initial Assignment,CAN001178,Michael,,Thompson,1995-07-12,Prefer not to say,Mexican,Mexican,Japan,Diploma,Other,B2,N3,Eligible,Teacher,2025-11-12,Haruka Junior High School,High School,Chiba,Ichikawa,2025-01-19,,Active,7,7,0,0,100.0
ASG001308,DUD100843,CLI0015,2024-08-01,,Active,Experienced Teacher,30,Monthly,0,0,Replacement,CAN000407,Ana,,Jackson,1990-08-28,Male,Filipino,Mexican,Japan,Master's Degree,English,Native,N1,Eligible,Teacher,2025-10-16,Kita High School,Private School,Tokyo,Itabashi,2025-09-10,2026-08-22,Inactive,12,10,1,0,83.33
ASG001309,DUD100844,CLI0093,2022-06-02,2023-07-12,Transferred,Experienced Teacher,35,Annual,0,0,Transfer,CAN000196,Hannah,,Walker,1995-11-10,Prefer not to say,Brazilian,French,Japan,Bachelor's Degree,Education,B2,N2,Eligible,Teacher,2022-12-21,Asahi Academy,Public Elementary School,Chiba,Matsudo,2023-07-08,,Active,12,9,1,0,75.0
ASG001310,DUD100844,CLI0158,2023-07-24,2024-02-25,Ended,Senior Teacher,32,Monthly,0,0,Initial Assignment,CAN000196,Hannah,,Walker,1995-11-10,Prefer not to say,Brazilian,French,Japan,Bachelor's Degree,Education,B2,N2,Eligible,Teacher,2022-12-21,Meisei High School,Public Elementary School,Kanagawa,Kawasaki,2025-02-15,,Active,7,7,0,0,100.0
ASG001311,DUD100844,CLI0210,2024-03-01,,Active,ALT / English Teacher,76,Monthly,0,0,Client Request,CAN000196,Hannah,,Walker,1995-11-10,Prefer not to say,Brazilian,French,Japan,Bachelor's Degree,Education,B2,N2,Eligible,Teacher,2022-12-21,Haruka Education Center,High School,Tokyo,Kita,2022-12-04,,Active,12,9,1,0,75.0
ASG001312,DUD100845,CLI0173,2022-10-17,,Active,Senior Teacher,31,Monthly,0,0,Staffing Demand,CAN000762,William,,Martin,1991-07-10,Female,Filipino,British,Japan,Associate Degree,Education,C1,N3,Eligible,Teacher,2023-08-11,Musashino International School,Private School,Chiba,Matsudo,2025-08-22,,Active,12,10,1,0,83.33
ASG001313,DUD100846,CLI0054,2024-03-22,2024-07-06,Renewed,Senior Teacher,66,Annual,0,0,Replacement,CAN001658,Robert,,Moore,1979-04-09,Non-binary,American,Australian,Japan,Diploma,Psychology,C1,N1,Eligible,Teacher,2022-07-22,Seiwa International School,High School,Chiba,Chiba,2025-02-19,,Active,3,3,0,0,100.0
ASG001314,DUD100847,CLI0101,2021-02-03,2021-09-05,Ended,ALT / English Teacher,48,Annual,0,0,Transfer,CAN000727,Juan,,Jackson,1987-09-12,Female,Australian,American,Japan,Associate Degree,Business,B2,Basic,Eligible,Teacher,2024-09-12,Shinmei International School,Kindergarten,Saitama,Soka,2024-03-31,,Active,7,6,0,0,85.71
ASG001315,DUD100847,CLI0124,2021-09-23,2023-02-13,Completed,ALT / English Teacher,62,Monthly,0,0,Transfer,CAN000727,Juan,,Jackson,1987-09-12,Female,Australian,American,Japan,Associate Degree,Business,B2,Basic,Eligible,Teacher,2024-09-12,Koyo International School,Public Junior High School,Saitama,Soka,2024-06-11,,Active,12,10,1,0,83.33
ASG001316,DUD100847,CLI0007,2023-02-19,,Active,Senior Teacher,52,Annual,0,0,Initial Assignment,CAN000727,Juan,,Jackson,1987-09-12,Female,Australian,American,Japan,Associate Degree,Business,B2,Basic,Eligible,Teacher,2024-09-12,Kawaguchi Junior High School,Kindergarten,Chiba,Ichikawa,2022-08-29,,Active,12,8,0,0,66.67
ASG001317,DUD100848,CLI0116,2023-07-10,,Active,ALT / English Teacher,99,Three-Month,0,0,Client Request,CAN001037,Robert,,Torres,2003-05-27,Prefer not to say,Filipino,Australian,Japan,Master's Degree,Business,Native,N3,Eligible,Teacher,2022-01-21,Takashima Education Center,Public Junior High School,Kanagawa,Kawasaki,2024-10-21,,Active,12,9,0,0,75.0
ASG001318,DUD100849,CLI0267,2026-02-07,,Active,ALT / English Teacher,29,Six-Month,0,0,Client Request,CAN001009,Emily,,Wilson,2002-10-15,Male,Spanish,Canadian,Japan,Master's Degree,English,Native,N3,Eligible,Teacher,2023-02-28,Kawaguchi International School,English School,Kanagawa,Kawasaki,2022-07-11,,Active,6,5,0,0,83.33
ASG001319,DUD100850,CLI0140,2023-05-01,2024-07-04,Renewed,ALT / English Teacher,77,Annual,0,0,Staffing Demand,CAN001582,David,,Allen,1991-12-12,Prefer not to say,French,Brazilian,Japan,Bachelor's Degree,Business,Native,N3,Eligible,Teacher,2025-01-01,Kizuna Junior High School,Kindergarten,Kanagawa,Fujisawa,2020-11-14,,Active,12,11,0,0,91.67
ASG001320,DUD100851,CLI0269,2023-07-03,2024-11-21,Renewed,Experienced Teacher,115,Six-Month,0,0,Replacement,CAN000886,Daniel,,Walker,1992-01-16,Female,Spanish,French,Japan,Diploma,Business,C1,N2,Eligible,Teacher,2021-03-12,Hikari Elementary School,High School,Saitama,Kawagoe,2025-12-11,,Active,12,11,0,0,91.67
ASG001321,DUD100851,CLI0061,2024-11-25,2025-08-21,Ended,ALT / English Teacher,43,Six-Month,0,0,Staffing Demand,CAN000886,Daniel,,Walker,1992-01-16,Female,Spanish,French,Japan,Diploma,Business,C1,N2,Eligible,Teacher,2021-03-12,Takashima High School,Private School,Saitama,Toda,2020-09-12,,Active,9,9,0,0,100.0
ASG001322,DUD100851,CLI0294,2025-09-03,2026-06-30,Ended,Senior Teacher,84,Monthly,0,0,Replacement,CAN000886,Daniel,,Walker,1992-01-16,Female,Spanish,French,Japan,Diploma,Business,C1,N2,Eligible,Teacher,2021-03-12,Shinmei Junior High School,Kindergarten,Saitama,Saitama,2020-12-10,,Active,10,9,1,0,90.0
ASG001323,DUD100852,CLI0122,2023-03-14,,Active,ALT / English Teacher,65,Annual,0,0,Transfer,CAN001679,Juan,,Ramirez,2000-12-20,Female,Filipino,Canadian,Japan,Associate Degree,Linguistics,B2,N3,Eligible,Teacher,2025-02-14,Mirai Education Center,Kindergarten,Saitama,Kawaguchi,2020-09-24,,Active,12,6,1,0,50.0
ASG001324,DUD100853,CLI0020,2021-05-20,2021-09-09,Ended,Trainer,78,Three-Month,0,0,Client Request,CAN001394,Christopher,,Hernandez,1983-12-15,Male,Filipino,Canadian,Japan,Bachelor's Degree,Education,Native,N3,Eligible,Teacher,2024-06-25,Sakura International School,Public Elementary School,Chiba,Kashiwa,2024-10-13,,Active,3,3,0,0,100.0
ASG001325,DUD100853,CLI0080,2021-09-25,,Active,Trainer,26,Six-Month,0,0,Transfer,CAN001394,Christopher,,Hernandez,1983-12-15,Male,Filipino,Canadian,Japan,Bachelor's Degree,Education,Native,N3,Eligible,Teacher,2024-06-25,Musashino Education Center,High School,Saitama,Kawagoe,2023-11-15,,Active,12,7,0,0,58.33
ASG001326,DUD100854,CLI0100,2025-11-10,2026-11-22,Completed,Experienced Teacher,67,Monthly,0,0,Staffing Demand,CAN000128,Ana,,Smith,1982-11-16,Male,Japanese,Brazilian,Japan,Bachelor's Degree,Linguistics,B2,N1,Eligible,Teacher,2023-12-10,Shinmei Education Center,English School,Tokyo,Katsushika,2023-06-06,,Active,12,9,2,0,75.0
ASG001327,DUD100854,CLI0234,2026-12-16,,Active,ALT / English Teacher,54,Annual,0,0,Staffing Demand,CAN000128,Ana,,Smith,1982-11-16,Male,Japanese,Brazilian,Japan,Bachelor's Degree,Linguistics,B2,N1,Eligible,Teacher,2023-12-10,Nerima High School,Public Junior High School,Saitama,Koshigaya,2024-12-23,,Active,1,1,0,0,100.0
ASG001328,DUD100855,CLI0198,2022-03-14,,Active,Trainer,108,Six-Month,0,0,Replacement,CAN001035,Luis,,Perez,1997-02-15,Prefer not to say,Spanish,Brazilian,Japan,Associate Degree,Linguistics,C2,N1,Eligible,Teacher,2023-06-11,Ota High School,Public Elementary School,Kanagawa,Yamato,2022-08-29,,Active,12,11,0,0,91.67
ASG001329,DUD100856,CLI0269,2022-01-07,,Active,Experienced Teacher,98,Annual,0,0,Initial Assignment,CAN000776,Jessica,,Anderson,1996-01-06,Female,Spanish,American,Japan,Master's Degree,Psychology,B2,N3,Eligible,Teacher,2026-07-18,Hikari Elementary School,High School,Saitama,Kawagoe,2025-12-11,,Active,12,11,1,0,91.67
ASG001330,DUD100857,CLI0087,2024-08-01,2025-03-27,Completed,ALT / English Teacher,61,Annual,0,0,Transfer,CAN001911,Laura,,Hall,2001-05-09,Prefer not to say,Spanish,British,Japan,Diploma,Business,C2,N3,Eligible,Teacher,2021-09-07,Kizuna High School,Public Elementary School,Kanagawa,Yamato,2025-01-04,,Active,7,4,2,0,57.14
ASG001331,DUD100858,CLI0123,2022-01-10,2023-04-09,Renewed,Experienced Teacher,66,Annual,0,0,Staffing Demand,CAN000592,Jessica,,Brown,1997-11-15,Non-binary,Spanish,Brazilian,Japan,Master's Degree,Other,B2,Basic,Eligible,Teacher,2024-06-01,Musashino High School,English School,Saitama,Koshigaya,2021-02-09,2021-08-09,Inactive,12,9,1,0,75.0
ASG001332,DUD100858,CLI0297,2023-04-25,2024-05-18,Transferred,Experienced Teacher,51,Six-Month,0,0,Initial Assignment,CAN000592,Jessica,,Brown,1997-11-15,Non-binary,Spanish,Brazilian,Japan,Master's Degree,Other,B2,Basic,Eligible,Teacher,2024-06-01,Shinmei Elementary School,Public Junior High School,Chiba,Kashiwa,2025-02-11,2028-09-20,Inactive,12,11,1,0,91.67
ASG001333,DUD100858,CLI0241,2024-06-06,2025-11-24,Completed,Experienced Teacher,105,Annual,0,0,Initial Assignment,CAN000592,Jessica,,Brown,1997-11-15,Non-binary,Spanish,Brazilian,Japan,Master's Degree,Other,B2,Basic,Eligible,Teacher,2024-06-01,Shinmei High School,Kindergarten,Chiba,Matsudo,2026-04-02,,Active,12,11,0,0,91.67
ASG001334,DUD100859,CLI0272,2021-05-11,,Active,ALT / English Teacher,95,Three-Month,0,0,Initial Assignment,CAN000956,Andres,,Torres,1991-02-28,Female,Australian,Australian,Japan,Diploma,Education,B2,Basic,Eligible,Teacher,2021-03-21,Sakura Junior High School,Education Center,Chiba,Matsudo,2023-11-25,,Active,12,11,0,0,91.67
ASG001335,DUD100860,CLI0023,2022-05-02,,Active,Senior Teacher,52,Monthly,0,0,Initial Assignment,CAN001181,Miguel,,Lee,1997-02-15,Prefer not to say,Canadian,British,Japan,Bachelor's Degree,English,C2,,Eligible,Teacher,2021-12-16,Tsubaki Elementary School,English School,Chiba,Funabashi,2020-04-17,,Active,12,8,1,0,66.67
ASG001336,DUD100861,CLI0047,2025-04-11,2026-07-07,Transferred,Experienced Teacher,80,Monthly,0,0,Client Request,CAN000332,Diego,,Lee,1998-01-12,Non-binary,British,Japanese,Japan,Diploma,Psychology,B2,,Eligible,Teacher,2023-04-01,Akebono High School,Kindergarten,Chiba,Ichikawa,2023-03-18,,Active,12,11,0,0,91.67
ASG001337,DUD100862,CLI0072,2025-05-30,,Active,ALT / English Teacher,37,Annual,0,0,Transfer,CAN001884,Emily,,Anderson,1984-11-23,Male,Japanese,Filipino,Japan,Bachelor's Degree,Education,Native,,Eligible,Teacher,2022-03-03,Midori Academy,English School,Chiba,Chiba,2020-07-19,,Active,12,12,0,0,100.0
ASG001338,DUD100863,CLI0267,2023-12-24,,Active,Trainer,31,Three-Month,0,0,Staffing Demand,CAN001509,Emily,,Lee,1988-02-21,Prefer not to say,British,Mexican,Japan,Bachelor's Degree,Psychology,B2,N3,Eligible,Teacher,2022-11-15,Kawaguchi International School,English School,Kanagawa,Kawasaki,2022-07-11,,Active,12,11,1,0,91.67
ASG001339,DUD100864,CLI0063,2021-01-04,,Active,Senior Teacher,28,Monthly,0,0,Initial Assignment,CAN001605,Sofia,,Smith,2003-07-12,Male,Japanese,British,Japan,Diploma,Business,C1,N2,Eligible,Teacher,2026-06-09,Koganei Elementary School,Private School,Tokyo,Edogawa,2025-11-18,,Active,12,10,1,0,83.33
ASG001340,DUD100865,CLI0191,2022-07-05,2023-10-12,Transferred,ALT / English Teacher,33,Six-Month,0,0,Initial Assignment,CAN000090,Sarah,,Torres,1986-09-12,Female,Mexican,Japanese,Japan,Diploma,Linguistics,Native,Basic,Eligible,Teacher,2023-02-02,Seiwa High School,High School,Chiba,Matsudo,2019-07-18,,Active,12,10,1,0,83.33
ASG001341,DUD100865,CLI0242,2023-10-24,2024-06-12,Transferred,Experienced Teacher,35,Three-Month,0,0,Transfer,CAN000090,Sarah,,Torres,1986-09-12,Female,Mexican,Japanese,Japan,Diploma,Linguistics,Native,Basic,Eligible,Teacher,2023-02-02,Tsubaki Elementary School,English School,Kanagawa,Fujisawa,2026-01-24,,Active,7,6,0,0,85.71
ASG001342,DUD100865,CLI0114,2024-06-24,,Active,Experienced Teacher,46,Monthly,0,0,Staffing Demand,CAN000090,Sarah,,Torres,1986-09-12,Female,Mexican,Japanese,Japan,Diploma,Linguistics,Native,Basic,Eligible,Teacher,2023-02-02,Haruka International School,Private School,Saitama,Saitama,2024-07-18,,Active,12,12,0,0,100.0
ASG001343,DUD100866,CLI0137,2026-01-18,2026-11-10,Completed,ALT / English Teacher,45,Annual,0,0,Transfer,CAN001126,Alejandro,,Rodriguez,1981-04-28,Male,Canadian,French,Japan,Master's Degree,Other,C1,Basic,Eligible,Teacher,2022-09-23,Nerima Academy,Private School,Chiba,Chiba,2022-10-01,2023-05-30,Inactive,9,8,1,0,88.89
ASG001344,DUD100867,CLI0170,2021-02-19,2022-06-28,Renewed,Experienced Teacher,94,Six-Month,0,0,Client Request,CAN000512,Sofia,,Martin,1999-07-15,Male,Brazilian,Australian,Japan,Associate Degree,Education,B2,Basic,Eligible,Teacher,2021-07-23,Kita High School,Public Elementary School,Saitama,Saitama,2019-05-31,,Active,12,11,0,0,91.67
ASG001345,DUD100868,CLI0130,2021-06-06,2022-06-18,Ended,ALT / English Teacher,85,Six-Month,0,0,Transfer,CAN001126,Thomas,,Perez,2000-07-06,Non-binary,British,Mexican,Japan,Bachelor's Degree,English,B2,,Eligible,Teacher,2026-06-15,Koyo Education Center,Public Elementary School,Saitama,Kawagoe,2024-10-08,,Active,12,9,1,0,75.0
ASG001346,DUD100868,CLI0243,2022-07-09,2022-10-30,Renewed,ALT / English Teacher,22,Six-Month,0,0,Staffing Demand,CAN001126,Thomas,,Perez,2000-07-06,Non-binary,British,Mexican,Japan,Bachelor's Degree,English,B2,,Eligible,Teacher,2026-06-15,Hikari Junior High School,English School,Kanagawa,Fujisawa,2021-09-04,,Active,3,3,0,0,100.0
ASG001347,DUD100869,CLI0111,2025-05-11,2026-05-09,Completed,ALT / English Teacher,38,Annual,0,0,Staffing Demand,CAN000928,Michael,,Sanchez,1999-06-01,Male,Australian,Brazilian,Japan,Associate Degree,English,C2,Basic,Eligible,Teacher,2025-11-11,Haruka Elementary School,English School,Kanagawa,Sagamihara,2020-05-17,,Active,12,10,1,0,83.33
ASG001348,DUD100870,CLI0172,2024-03-04,2025-03-12,Renewed,ALT / English Teacher,98,Annual,0,0,Client Request,CAN000304,Hannah,,Gonzalez,1981-03-05,Male,Japanese,Filipino,Japan,Bachelor's Degree,Psychology,C1,N2,Eligible,Teacher,2024-11-28,Haruka High School,Private School,Tokyo,Koganei,2025-12-30,,Active,12,10,1,0,83.33
ASG001349,DUD100871,CLI0080,2026-01-14,2026-06-05,Completed,Experienced Teacher,56,Six-Month,0,0,Replacement,CAN001667,Jessica,,Lee,1984-03-16,Non-binary,Canadian,Brazilian,Japan,Diploma,English,C2,N1,Eligible,Teacher,2025-06-15,Musashino Education Center,High School,Saitama,Kawagoe,2023-11-15,,Active,4,2,0,0,50.0
ASG001350,DUD100871,CLI0015,2026-06-06,,Active,Senior Teacher,97,Monthly,0,0,Client Request,CAN001667,Jessica,,Lee,1984-03-16,Non-binary,Canadian,Brazilian,Japan,Diploma,English,C2,N1,Eligible,Teacher,2025-06-15,Kita High School,Private School,Tokyo,Itabashi,2025-09-10,2026-08-22,Inactive,3,2,0,0,66.67
ASG001351,DUD100872,CLI0137,2024-01-08,,Active,Experienced Teacher,35,Annual,0,0,Transfer,CAN001772,Matthew,,Lopez,1989-05-23,Non-binary,Spanish,Brazilian,Japan,Master's Degree,Other,C2,N1,Eligible,Teacher,2024-11-10,Nerima Academy,Private School,Chiba,Chiba,2022-10-01,2023-05-30,Inactive,12,9,1,0,75.0
ASG001352,DUD100873,CLI0034,2023-01-10,,Active,Experienced Teacher,103,Six-Month,0,0,Staffing Demand,CAN000606,Emma,,Allen,2000-04-05,Male,Filipino,American,Japan,Master's Degree,Psychology,C2,N1,Eligible,Teacher,2024-07-15,Midori Academy,English School,Saitama,Kawaguchi,2019-02-16,,Active,12,8,2,0,66.67
ASG001353,DUD100874,CLI0110,2022-08-23,2023-12-17,Renewed,Experienced Teacher,81,Three-Month,0,0,Staffing Demand,CAN001382,Laura,,Hall,1996-04-19,Female,British,Mexican,Japan,Master's Degree,Psychology,Native,N2,Eligible,Teacher,2022-09-15,Midori Junior High School,High School,Kanagawa,Yokohama,2021-07-06,,Active,12,9,1,0,75.0
ASG001354,DUD100875,CLI0283,2025-06-29,,Active,Trainer,38,Three-Month,0,0,Client Request,CAN000778,Sarah,,Sanchez,1996-09-07,Non-binary,Brazilian,American,Japan,Bachelor's Degree,Linguistics,C2,N3,Eligible,Teacher,2026-06-17,Shinmei Academy,Education Center,Kanagawa,Kawasaki,2020-04-13,,Active,12,11,0,0,91.67
ASG001355,DUD100876,CLI0208,2024-10-08,2025-01-11,Renewed,Experienced Teacher,79,Three-Month,0,0,Staffing Demand,CAN001278,Carlos,,White,2003-10-05,Non-binary,Japanese,Filipino,Japan,Master's Degree,Business,C2,N2,Eligible,Teacher,2021-03-06,Kawaguchi International School,Kindergarten,Tokyo,Tachikawa,2023-03-10,,Active,3,3,0,0,100.0
ASG001356,DUD100876,CLI0116,2025-02-05,,Active,Senior Teacher,27,Monthly,0,0,Initial Assignment,CAN001278,Carlos,,White,2003-10-05,Non-binary,Japanese,Filipino,Japan,Master's Degree,Business,C2,N2,Eligible,Teacher,2021-03-06,Takashima Education Center,Public Junior High School,Kanagawa,Kawasaki,2024-10-21,,Active,12,10,0,0,83.33
ASG001357,DUD100877,CLI0164,2025-09-21,,Active,ALT / English Teacher,26,Annual,0,0,Client Request,CAN000687,Maria,,Davis,2000-06-14,Male,Japanese,Filipino,Japan,Diploma,Linguistics,B2,N1,Eligible,Teacher,2025-10-15,Midori High School,Education Center,Chiba,Matsudo,2022-05-09,,Active,11,8,0,0,72.73
ASG001358,DUD100878,CLI0237,2025-01-11,,Active,Experienced Teacher,73,Annual,0,0,Replacement,CAN000143,Robert,,Martin,1978-04-12,Female,Filipino,French,Japan,Diploma,Psychology,C2,N1,Eligible,Teacher,2023-08-31,Midori International School,Public Junior High School,Chiba,Urayasu,2020-01-18,,Active,12,11,1,0,91.67
ASG001359,DUD100879,CLI0278,2023-08-13,,Active,ALT / English Teacher,48,Three-Month,0,0,Client Request,CAN001272,Matthew,,Rodriguez,1996-01-19,Non-binary,British,British,Japan,Bachelor's Degree,Other,Native,,Eligible,Teacher,2022-09-29,Hikari International School,Private School,Chiba,Ichikawa,2020-09-29,,Active,12,6,1,0,50.0
ASG001360,DUD100880,CLI0027,2025-12-12,2027-04-02,Ended,ALT / English Teacher,87,Six-Month,0,0,Replacement,CAN001176,James,,White,1988-12-19,Non-binary,Japanese,Canadian,Japan,Bachelor's Degree,English,C2,N2,Eligible,Teacher,2022-06-19,Akebono Elementary School,Private School,Chiba,Ichikawa,2020-02-03,,Active,12,10,0,0,83.33
ASG001361,DUD100880,CLI0061,2027-04-23,,Active,Experienced Teacher,67,Three-Month,0,0,Client Request,CAN001176,James,,White,1988-12-19,Non-binary,Japanese,Canadian,Japan,Bachelor's Degree,English,C2,N2,Eligible,Teacher,2022-06-19,Takashima High School,Private School,Saitama,Toda,2020-09-12,,Active,1,1,0,0,100.0
ASG001362,DUD100881,CLI0064,2026-03-11,2027-08-25,Renewed,Senior Teacher,47,Three-Month,0,0,Client Request,CAN001896,Juan,,Hall,1983-04-26,Non-binary,British,Australian,Japan,Bachelor's Degree,Psychology,C2,N3,Eligible,Teacher,2025-04-19,Seiwa High School,Education Center,Saitama,Kawagoe,2023-11-28,,Active,12,9,1,0,75.0
ASG001363,DUD100881,CLI0229,2027-09-13,,Active,Trainer,69,Three-Month,0,0,Transfer,CAN001896,Juan,,Hall,1983-04-26,Non-binary,British,Australian,Japan,Bachelor's Degree,Psychology,C2,N3,Eligible,Teacher,2025-04-19,Mirai International School,Public Elementary School,Kanagawa,Fujisawa,2024-02-20,,Active,1,1,0,0,100.0
ASG001364,DUD100882,CLI0125,2022-04-05,,Active,ALT / English Teacher,111,Three-Month,0,0,Replacement,CAN001558,Sofia,,Taylor,1987-07-28,Female,Brazilian,American,Japan,Associate Degree,Business,Native,N3,Eligible,Teacher,2021-05-13,Kizuna Junior High School,English School,Saitama,Toda,2019-10-07,,Active,12,11,0,0,91.67
ASG001365,DUD100883,CLI0039,2023-05-21,2024-02-05,Transferred,ALT / English Teacher,117,Monthly,0,0,Replacement,CAN000782,Olivia,,Miller,1990-08-25,Male,French,Spanish,Japan,Diploma,Education,B2,Basic,Eligible,Teacher,2022-07-18,Shinmei International School,High School,Tokyo,Kita,2020-04-30,,Active,8,7,0,0,87.5
ASG001366,DUD100883,CLI0129,2024-02-19,2024-12-07,Completed,ALT / English Teacher,76,Six-Month,0,0,Initial Assignment,CAN000782,Olivia,,Miller,1990-08-25,Male,French,Spanish,Japan,Diploma,Education,B2,Basic,Eligible,Teacher,2022-07-18,Kita Elementary School,Public Elementary School,Tokyo,Edogawa,2023-06-03,,Active,9,5,1,0,55.56
ASG001367,DUD100884,CLI0062,2022-10-12,2023-11-22,Renewed,ALT / English Teacher,22,Annual,0,0,Replacement,CAN001398,Robert,,Allen,2002-04-24,Prefer not to say,Canadian,Filipino,Japan,Master's Degree,English,C1,N2,Eligible,Teacher,2021-05-11,Asahi Junior High School,Kindergarten,Tokyo,Edogawa,2022-05-25,,Active,12,11,0,0,91.67
ASG001368,DUD100884,CLI0075,2023-12-06,,Active,Senior Teacher,75,Three-Month,0,0,Initial Assignment,CAN001398,Robert,,Allen,2002-04-24,Prefer not to say,Canadian,Filipino,Japan,Master's Degree,English,C1,N2,Eligible,Teacher,2021-05-11,Akebono Junior High School,High School,Tokyo,Koganei,2019-07-27,2021-10-07,Inactive,12,7,1,0,58.33
ASG001369,DUD100885,CLI0274,2024-03-30,,Active,Senior Teacher,102,Six-Month,0,0,Staffing Demand,CAN001533,Matthew,,Miller,1975-02-21,Male,British,Filipino,Japan,Associate Degree,Linguistics,C2,N1,Eligible,Teacher,2025-04-15,Haruka High School,English School,Kanagawa,Sagamihara,2022-02-06,,Active,12,11,0,0,91.67
ASG001370,DUD100886,CLI0267,2022-11-06,,Active,Experienced Teacher,97,Monthly,0,0,Client Request,CAN001331,Jessica,,Anderson,1983-01-19,Female,Filipino,Spanish,Japan,Diploma,Linguistics,B2,N2,Eligible,Teacher,2023-05-30,Kawaguchi International School,English School,Kanagawa,Kawasaki,2022-07-11,,Active,12,11,1,0,91.67
ASG001371,DUD100887,CLI0131,2022-11-10,2023-06-13,Transferred,ALT / English Teacher,107,Annual,0,0,Replacement,CAN000435,Juan,,Rodriguez,1980-07-15,Prefer not to say,Filipino,Australian,Japan,Associate Degree,English,Native,N1,Eligible,Teacher,2026-07-29,Asahi High School,Public Junior High School,Saitama,Kawagoe,2024-10-21,2027-04-26,Inactive,7,6,1,0,85.71
ASG001372,DUD100887,CLI0211,2023-07-05,2024-09-16,Transferred,ALT / English Teacher,89,Three-Month,0,0,Transfer,CAN000435,Juan,,Rodriguez,1980-07-15,Prefer not to say,Filipino,Australian,Japan,Associate Degree,English,Native,N1,Eligible,Teacher,2026-07-29,Mirai Education Center,Education Center,Tokyo,Koganei,2019-05-25,,Active,12,9,1,0,75.0
ASG001373,DUD100887,CLI0239,2024-10-03,2026-03-03,Transferred,ALT / English Teacher,40,Three-Month,0,0,Initial Assignment,CAN000435,Juan,,Rodriguez,1980-07-15,Prefer not to say,Filipino,Australian,Japan,Associate Degree,English,Native,N1,Eligible,Teacher,2026-07-29,Sakura Junior High School,English School,Tokyo,Itabashi,2022-04-12,,Active,12,8,1,0,66.67
ASG001374,DUD100888,CLI0179,2025-04-11,,Active,ALT / English Teacher,26,Annual,0,0,Initial Assignment,CAN001362,Robert,,Torres,1975-07-02,Prefer not to say,French,Brazilian,Japan,Diploma,Business,C2,N3,Eligible,Teacher,2021-03-20,Seiwa Junior High School,Public Junior High School,Tokyo,Nerima,2025-03-03,,Active,12,12,0,0,100.0
ASG001375,DUD100889,CLI0018,2024-04-24,2024-07-29,Renewed,ALT / English Teacher,17,Annual,0,0,Initial Assignment,CAN000316,James,,Anderson,1998-11-19,Prefer not to say,Australian,Brazilian,Japan,Master's Degree,Psychology,B2,N3,Eligible,Teacher,2026-02-01,Koganei Academy,High School,Tokyo,Ota,2022-07-07,2026-08-23,Inactive,3,2,0,0,66.67
ASG001376,DUD100889,CLI0084,2024-08-08,,Active,ALT / English Teacher,111,Six-Month,0,0,Transfer,CAN000316,James,,Anderson,1998-11-19,Prefer not to say,Australian,Brazilian,Japan,Master's Degree,Psychology,B2,N3,Eligible,Teacher,2026-02-01,Tsubaki Elementary School,Public Junior High School,Kanagawa,Kawasaki,2023-03-31,,Active,12,8,2,0,66.67
ASG001377,DUD100890,CLI0158,2021-01-17,,Active,ALT / English Teacher,82,Six-Month,0,0,Initial Assignment,CAN001271,Diego,,Davis,1995-04-01,Male,Filipino,Filipino,Japan,Master's Degree,Psychology,Native,,Eligible,Teacher,2022-11-13,Meisei High School,Public Elementary School,Kanagawa,Kawasaki,2025-02-15,,Active,12,10,0,0,83.33
ASG001378,DUD100891,CLI0106,2025-08-18,,Active,ALT / English Teacher,89,Monthly,0,0,Replacement,CAN000468,Alejandro,,Brown,1980-10-18,Male,Australian,Mexican,Japan,Bachelor's Degree,Other,C1,N3,Eligible,Teacher,2023-09-28,Hikari High School,High School,Kanagawa,Yamato,2025-10-19,,Active,12,10,0,0,83.33
ASG001379,DUD100892,CLI0180,2025-05-12,,Active,Senior Teacher,98,Six-Month,0,0,Replacement,CAN001340,Jessica,,Davis,1994-12-19,Female,Canadian,Mexican,Japan,Associate Degree,Psychology,C2,N1,Eligible,Teacher,2024-04-12,Kawaguchi Junior High School,High School,Kanagawa,Fujisawa,2022-07-31,,Active,12,10,2,0,83.33
ASG001380,DUD100893,CLI0096,2024-07-20,2025-11-07,Completed,ALT / English Teacher,28,Six-Month,0,0,Replacement,CAN001698,Hannah,,Martinez,2001-04-24,Prefer not to say,Brazilian,Mexican,Japan,Bachelor's Degree,English,Native,,Eligible,Teacher,2025-01-18,Haruka Academy,Private School,Tokyo,Tachikawa,2020-12-02,,Active,12,11,0,0,91.67
ASG001381,DUD100893,CLI0066,2025-12-07,2026-11-14,Completed,Trainer,27,Six-Month,0,0,Client Request,CAN001698,Hannah,,Martinez,2001-04-24,Prefer not to say,Brazilian,Mexican,Japan,Bachelor's Degree,English,Native,,Eligible,Teacher,2025-01-18,Nerima Education Center,Public Junior High School,Saitama,Koshigaya,2024-12-07,,Active,11,8,0,0,72.73
ASG001382,DUD100893,CLI0067,2026-11-29,2027-05-26,Ended,Experienced Teacher,47,Three-Month,0,0,Transfer,CAN001698,Hannah,,Martinez,2001-04-24,Prefer not to say,Brazilian,Mexican,Japan,Bachelor's Degree,English,Native,,Eligible,Teacher,2025-01-18,Kizuna High School,Public Elementary School,Saitama,Soka,2020-07-29,,Active,5,4,1,0,80.0
ASG001383,DUD100894,CLI0033,2025-01-28,2025-12-16,Transferred,Experienced Teacher,36,Monthly,0,0,Staffing Demand,CAN001884,Ana,,Martinez,2003-01-02,Female,Spanish,Canadian,Japan,Master's Degree,Psychology,B2,N1,Eligible,Teacher,2023-04-29,Haruka International School,English School,Tokyo,Koganei,2026-03-16,,Active,10,8,0,0,80.0
ASG001384,DUD100894,CLI0238,2026-01-06,,Active,Senior Teacher,109,Three-Month,0,0,Staffing Demand,CAN001884,Ana,,Martinez,2003-01-02,Female,Spanish,Canadian,Japan,Master's Degree,Psychology,B2,N1,Eligible,Teacher,2023-04-29,Kita Elementary School,Private School,Chiba,Matsudo,2021-04-13,,Active,7,7,0,0,100.0
ASG001385,DUD100895,CLI0009,2025-12-05,,Active,Experienced Teacher,73,Six-Month,0,0,Client Request,CAN000507,Diego,,Gonzalez,1981-12-24,Female,Filipino,Australian,Japan,Master's Degree,Psychology,B2,Basic,Eligible,Teacher,2021-08-12,Hikari High School,English School,Tokyo,Kita,2019-09-15,,Active,8,6,1,0,75.0
ASG001386,DUD100896,CLI0039,2021-07-22,,Active,ALT / English Teacher,73,Three-Month,0,0,Transfer,CAN000720,Juan,,Jackson,1986-09-23,Male,Australian,Canadian,Japan,Bachelor's Degree,Business,C1,,Eligible,Teacher,2021-06-09,Shinmei International School,High School,Tokyo,Kita,2020-04-30,,Active,12,12,0,0,100.0
ASG001387,DUD100897,CLI0214,2022-03-26,,Active,Experienced Teacher,84,Six-Month,0,0,Transfer,CAN001480,Thomas,,Rodriguez,1997-12-20,Prefer not to say,Australian,Filipino,Japan,Associate Degree,Psychology,Native,N3,Eligible,Teacher,2022-04-25,Kita Academy,Kindergarten,Kanagawa,Fujisawa,2024-09-21,,Active,12,9,0,0,75.0
ASG001388,DUD100898,CLI0106,2024-04-18,,Active,Experienced Teacher,118,Six-Month,0,0,Staffing Demand,CAN000030,Hannah,,Rodriguez,1989-01-13,Prefer not to say,Filipino,Mexican,Japan,Master's Degree,Psychology,C2,N2,Eligible,Teacher,2021-05-01,Hikari High School,High School,Kanagawa,Yamato,2025-10-19,,Active,12,12,0,0,100.0
ASG001389,DUD100899,CLI0214,2023-12-02,2024-09-12,Transferred,ALT / English Teacher,51,Monthly,0,0,Transfer,CAN001183,Ana,,Young,1975-09-19,Non-binary,Brazilian,Spanish,Japan,Master's Degree,Linguistics,Native,,Eligible,Teacher,2026-07-04,Kita Academy,Kindergarten,Kanagawa,Fujisawa,2024-09-21,,Active,9,9,0,0,100.0
ASG001390,DUD100899,CLI0043,2024-09-15,,Active,ALT / English Teacher,34,Monthly,0,0,Replacement,CAN001183,Ana,,Young,1975-09-19,Non-binary,Brazilian,Spanish,Japan,Master's Degree,Linguistics,Native,,Eligible,Teacher,2026-07-04,Takashima International School,Private School,Tokyo,Koganei,2024-10-23,2027-04-11,Inactive,12,11,1,0,91.67
ASG001391,DUD100900,CLI0223,2021-08-28,,Active,Experienced Teacher,35,Monthly,0,0,Staffing Demand,CAN001381,Michael,,Martin,2001-07-23,Prefer not to say,Spanish,American,Japan,Associate Degree,Psychology,C2,,Eligible,Teacher,2021-02-11,Kita International School,Education Center,Tokyo,Itabashi,2021-11-11,,Active,12,9,2,0,75.0
ASG001392,DUD100901,CLI0278,2023-10-09,2024-02-03,Completed,Senior Teacher,60,Six-Month,0,0,Initial Assignment,CAN001637,Marco,,Brown,2000-01-19,Prefer not to say,French,Japanese,Japan,Diploma,Business,C1,,Eligible,Teacher,2023-07-08,Hikari International School,Private School,Chiba,Ichikawa,2020-09-29,,Active,3,1,0,0,33.33
ASG001393,DUD100901,CLI0219,2024-02-13,2025-03-03,Completed,Senior Teacher,53,Annual,0,0,Staffing Demand,CAN001637,Marco,,Brown,2000-01-19,Prefer not to say,French,Japanese,Japan,Diploma,Business,C1,,Eligible,Teacher,2023-07-08,Seiwa International School,Public Elementary School,Tokyo,Ota,2024-11-19,,Active,12,11,1,0,91.67
ASG001394,DUD100902,CLI0013,2024-08-23,2025-05-28,Transferred,ALT / English Teacher,72,Three-Month,0,0,Staffing Demand,CAN000676,Diego,,Miller,1979-08-15,Male,Spanish,British,Japan,Bachelor's Degree,Psychology,C2,,Eligible,Teacher,2026-02-22,Hikari Education Center,Private School,Tokyo,Hachioji,2021-08-06,,Active,9,7,2,0,77.78
ASG001395,DUD100902,CLI0004,2025-06-14,,Active,ALT / English Teacher,74,Six-Month,0,0,Replacement,CAN000676,Diego,,Miller,1979-08-15,Male,Spanish,British,Japan,Bachelor's Degree,Psychology,C2,,Eligible,Teacher,2026-02-22,Asahi Elementary School,Private School,Saitama,Koshigaya,2023-09-30,,Active,12,11,1,0,91.67
ASG001396,DUD100903,CLI0065,2023-09-15,,Active,ALT / English Teacher,99,Monthly,0,0,Replacement,CAN001736,Jose,,Hernandez,1998-12-26,Male,Brazilian,French,Japan,Diploma,Linguistics,B2,,Eligible,Teacher,2021-01-04,Kawaguchi Junior High School,High School,Chiba,Urayasu,2023-07-15,,Active,12,10,1,0,83.33
ASG001397,DUD100904,CLI0159,2023-02-03,2024-01-25,Ended,ALT / English Teacher,92,Six-Month,0,0,Staffing Demand,CAN001116,David,,Anderson,1981-11-17,Non-binary,Japanese,Japanese,Japan,Diploma,Education,C2,,Eligible,Teacher,2025-05-16,Akebono Academy,High School,Tokyo,Adachi,2026-04-23,,Active,11,9,1,0,81.82
ASG001398,DUD100904,CLI0111,2024-02-13,,Active,ALT / English Teacher,32,Annual,0,0,Transfer,CAN001116,David,,Anderson,1981-11-17,Non-binary,Japanese,Japanese,Japan,Diploma,Education,C2,,Eligible,Teacher,2025-05-16,Haruka Elementary School,English School,Kanagawa,Sagamihara,2020-05-17,,Active,12,9,1,0,75.0
ASG001399,DUD100905,CLI0029,2021-01-04,,Active,ALT / English Teacher,39,Annual,0,0,Replacement,CAN000269,Luis,,White,1999-09-27,Non-binary,Spanish,French,Japan,Master's Degree,Business,Native,Basic,Eligible,Teacher,2024-05-19,Asahi Education Center,Public Elementary School,Chiba,Matsudo,2022-10-13,,Active,12,8,0,0,66.67
ASG001400,DUD100906,CLI0162,2025-08-05,,Active,Experienced Teacher,43,Three-Month,0,0,Transfer,CAN001801,Maria,,Torres,1984-07-26,Female,American,French,Japan,Bachelor's Degree,Business,C1,N3,Eligible,Teacher,2024-05-23,Kawaguchi High School,Public Elementary School,Kanagawa,Yamato,2025-09-27,,Active,12,11,0,0,91.67
ASG001401,DUD100907,CLI0170,2024-07-04,,Active,Senior Teacher,81,Three-Month,0,0,Initial Assignment,CAN000290,Emma,,Smith,1995-03-12,Male,American,Canadian,Japan,Bachelor's Degree,English,C1,N2,Eligible,Teacher,2024-11-22,Kita High School,Public Elementary School,Saitama,Saitama,2019-05-31,,Active,12,9,2,0,75.0
ASG001402,DUD100908,CLI0187,2023-03-08,,Active,ALT / English Teacher,108,Monthly,0,0,Transfer,CAN001436,Laura,,Jackson,1996-11-22,Non-binary,French,British,Japan,Master's Degree,Linguistics,B2,N3,Eligible,Teacher,2022-11-25,Asahi Junior High School,Public Elementary School,Tokyo,Tachikawa,2020-09-01,,Active,12,7,0,0,58.33
ASG001403,DUD100909,CLI0121,2026-02-04,2026-07-17,Completed,Senior Teacher,77,Three-Month,0,0,Initial Assignment,CAN000536,James,,Hall,2000-10-05,Female,Australian,Spanish,Japan,Diploma,Linguistics,C2,N2,Eligible,Teacher,2022-07-30,Tsubaki Junior High School,High School,Chiba,Matsudo,2020-06-04,,Active,5,5,0,0,100.0
ASG001404,DUD100910,CLI0053,2025-06-01,2025-12-27,Completed,ALT / English Teacher,73,Three-Month,0,0,Initial Assignment,CAN000789,Emily,,Torres,2000-09-22,Non-binary,Spanish,American,Japan,Diploma,Other,B2,Basic,Eligible,Teacher,2023-01-11,Musashino Junior High School,Public Junior High School,Kanagawa,Yamato,2025-10-31,,Active,7,5,1,0,71.43
ASG001405,DUD100910,CLI0003,2026-01-19,,Active,Experienced Teacher,117,Monthly,0,0,Client Request,CAN000789,Emily,,Torres,2000-09-22,Non-binary,Spanish,American,Japan,Diploma,Other,B2,Basic,Eligible,Teacher,2023-01-11,Koganei High School,Public Elementary School,Saitama,Kawagoe,2025-06-06,,Active,7,7,0,0,100.0
ASG001406,DUD100911,CLI0118,2024-03-04,2024-10-13,Renewed,ALT / English Teacher,92,Annual,0,0,Transfer,CAN000937,Matthew,,Martinez,1989-04-21,Non-binary,Mexican,Filipino,Japan,Diploma,Psychology,C2,N2,Eligible,Teacher,2021-10-06,Asahi International School,English School,Kanagawa,Sagamihara,2019-11-07,,Active,7,6,0,0,85.71
ASG001407,DUD100912,CLI0256,2021-05-24,,Active,ALT / English Teacher,73,Annual,0,0,Transfer,CAN000670,Olivia,,Anderson,2003-04-08,Male,Filipino,Australian,Japan,Master's Degree,Other,B2,Basic,Eligible,Teacher,2023-01-10,Ota International School,Public Elementary School,Saitama,Koshigaya,2019-01-10,,Active,12,11,0,0,91.67
ASG001408,DUD100913,CLI0077,2022-08-17,,Active,Senior Teacher,42,Six-Month,0,0,Transfer,CAN002000,Alejandro,,White,1993-12-02,Non-binary,British,French,Japan,Associate Degree,Other,C2,N1,Eligible,Teacher,2026-03-09,Hikari Elementary School,Kindergarten,Saitama,Kawaguchi,2019-09-03,2020-06-28,Inactive,12,10,2,0,83.33
ASG001409,DUD100914,CLI0001,2025-03-11,,Active,ALT / English Teacher,94,Monthly,0,0,Transfer,CAN000937,Carlos,,Anderson,1981-03-15,Female,Filipino,Canadian,Japan,Associate Degree,Other,Native,Basic,Eligible,Teacher,2026-08-08,Takashima Elementary School,High School,Tokyo,Ota,2022-08-18,,Active,12,10,2,0,83.33
ASG001410,DUD100915,CLI0087,2026-03-14,2027-05-09,Ended,ALT / English Teacher,32,Six-Month,0,0,Client Request,CAN001702,Carlos,,Torres,1998-03-19,Prefer not to say,Brazilian,Japanese,Japan,Bachelor's Degree,Business,Native,N3,Eligible,Teacher,2025-01-08,Kizuna High School,Public Elementary School,Kanagawa,Yamato,2025-01-04,,Active,12,10,1,0,83.33
ASG001411,DUD100916,CLI0148,2022-11-13,2023-03-05,Completed,ALT / English Teacher,37,Annual,0,0,Replacement,CAN001600,Alejandro,,Williams,1996-03-21,Male,American,Australian,Japan,Diploma,Education,C1,,Eligible,Teacher,2025-01-09,Nerima Elementary School,Education Center,Chiba,Matsudo,2020-08-17,2021-06-20,Inactive,3,3,0,0,100.0
ASG001412,DUD100916,CLI0155,2023-03-23,,Active,ALT / English Teacher,89,Monthly,0,0,Transfer,CAN001600,Alejandro,,Williams,1996-03-21,Male,American,Australian,Japan,Diploma,Education,C1,,Eligible,Teacher,2025-01-09,Seiwa Education Center,Kindergarten,Saitama,Warabi,2025-03-15,,Active,12,10,0,0,83.33
ASG001413,DUD100917,CLI0139,2022-12-23,,Active,Experienced Teacher,102,Monthly,0,0,Client Request,CAN000766,Sarah,,White,1992-10-19,Non-binary,Brazilian,Canadian,Japan,Diploma,Business,C1,N3,Eligible,Teacher,2024-08-04,Kizuna Junior High School,Private School,Kanagawa,Kawasaki,2024-05-03,,Active,12,10,1,0,83.33
ASG001414,DUD100918,CLI0260,2021-07-31,2022-08-19,Renewed,ALT / English Teacher,22,Three-Month,0,0,Transfer,CAN000140,Andres,,Allen,1975-11-12,Prefer not to say,Canadian,French,Japan,Diploma,Business,C2,,Eligible,Teacher,2024-07-26,Koyo Elementary School,Public Elementary School,Tokyo,Kita,2025-03-25,,Active,12,11,0,0,91.67
ASG001415,DUD100918,CLI0233,2022-09-04,2023-09-25,Transferred,ALT / English Teacher,28,Three-Month,0,0,Transfer,CAN000140,Andres,,Allen,1975-11-12,Prefer not to say,Canadian,French,Japan,Diploma,Business,C2,,Eligible,Teacher,2024-07-26,Midori International School,Public Elementary School,Saitama,Saitama,2019-07-27,,Active,12,10,1,0,83.33
ASG001416,DUD100919,CLI0039,2024-11-02,,Active,Experienced Teacher,118,Six-Month,0,0,Transfer,CAN001384,James,,Torres,1998-12-02,Non-binary,Brazilian,Canadian,Japan,Bachelor's Degree,Linguistics,Native,,Eligible,Teacher,2024-03-28,Shinmei International School,High School,Tokyo,Kita,2020-04-30,,Active,12,11,0,0,91.67
ASG001417,DUD100920,CLI0165,2025-02-02,,Active,Experienced Teacher,52,Annual,0,0,Initial Assignment,CAN001023,Emma,,Young,1988-03-08,Prefer not to say,French,Canadian,Japan,Bachelor's Degree,Education,C1,N3,Eligible,Teacher,2022-02-02,Nerima Elementary School,High School,Tokyo,Katsushika,2024-08-08,,Active,12,11,1,0,91.67
ASG001418,DUD100921,CLI0113,2026-02-28,2026-09-03,Transferred,Senior Teacher,23,Three-Month,0,0,Transfer,CAN001683,Maria,,White,1990-04-13,Prefer not to say,Spanish,Australian,Japan,Diploma,Business,Native,,Eligible,Teacher,2021-07-16,Tsubaki International School,High School,Saitama,Warabi,2020-01-10,2023-02-16,Inactive,6,4,0,0,66.67
ASG001419,DUD100922,CLI0256,2022-02-16,2023-04-24,Completed,ALT / English Teacher,94,Annual,0,0,Client Request,CAN000882,Olivia,,Sanchez,1995-02-16,Female,Filipino,American,Japan,Diploma,Psychology,C2,Basic,Eligible,Teacher,2023-08-11,Ota International School,Public Elementary School,Saitama,Koshigaya,2019-01-10,,Active,12,10,1,0,83.33
ASG001420,DUD100923,CLI0191,2025-06-23,,Active,ALT / English Teacher,112,Three-Month,0,0,Client Request,CAN000280,David,,Hall,1976-01-21,Male,British,American,Japan,Master's Degree,English,B2,N1,Eligible,Teacher,2024-01-18,Seiwa High School,High School,Chiba,Matsudo,2019-07-18,,Active,12,9,1,0,75.0
ASG001421,DUD100924,CLI0299,2023-06-08,2024-05-30,Renewed,Experienced Teacher,80,Three-Month,0,0,Replacement,CAN001601,Luis,,Jackson,2002-10-11,Non-binary,Filipino,Australian,Japan,Bachelor's Degree,Education,C1,N3,Eligible,Teacher,2021-02-05,Akebono Junior High School,High School,Chiba,Funabashi,2025-11-23,,Active,11,11,0,0,100.0
ASG001422,DUD100924,CLI0230,2024-06-03,,Active,Experienced Teacher,93,Monthly,0,0,Staffing Demand,CAN001601,Luis,,Jackson,2002-10-11,Non-binary,Filipino,Australian,Japan,Bachelor's Degree,Education,C1,N3,Eligible,Teacher,2021-02-05,Haruka Junior High School,Private School,Tokyo,Ota,2025-09-03,,Active,12,12,0,0,100.0
ASG001423,DUD100925,CLI0219,2023-10-26,2024-05-15,Transferred,Trainer,43,Three-Month,0,0,Initial Assignment,CAN000335,Andres,,Wilson,2002-05-28,Prefer not to say,Filipino,Australian,Japan,Bachelor's Degree,Business,Native,,Eligible,Teacher,2021-02-10,Seiwa International School,Public Elementary School,Tokyo,Ota,2024-11-19,,Active,6,6,0,0,100.0
ASG001424,DUD100926,CLI0211,2026-02-06,2026-10-11,Transferred,ALT / English Teacher,35,Annual,0,0,Staffing Demand,CAN001709,Maria,,Perez,1981-04-11,Non-binary,Australian,British,Japan,Master's Degree,Linguistics,C2,Basic,Eligible,Teacher,2021-12-23,Mirai Education Center,Education Center,Tokyo,Koganei,2019-05-25,,Active,8,7,1,0,87.5
ASG001425,DUD100926,CLI0102,2026-10-30,,Active,ALT / English Teacher,75,Monthly,0,0,Initial Assignment,CAN001709,Maria,,Perez,1981-04-11,Non-binary,Australian,British,Japan,Master's Degree,Linguistics,C2,Basic,Eligible,Teacher,2021-12-23,Midori High School,Public Elementary School,Saitama,Warabi,2026-04-27,,Active,1,1,0,0,100.0
ASG001426,DUD100927,CLI0290,2025-11-05,2026-05-26,Completed,ALT / English Teacher,51,Three-Month,0,0,Initial Assignment,CAN000389,Thomas,,Thompson,1975-10-14,Non-binary,Mexican,British,Japan,Associate Degree,English,C1,N1,Eligible,Teacher,2021-08-16,Koganei High School,English School,Chiba,Chiba,2019-03-31,,Active,6,6,0,0,100.0
ASG001427,DUD100928,CLI0048,2024-10-22,2025-05-31,Renewed,Experienced Teacher,100,Three-Month,0,0,Initial Assignment,CAN000606,Ana,,Rodriguez,1975-03-28,Prefer not to say,British,Japanese,Japan,Bachelor's Degree,English,Native,Basic,Eligible,Teacher,2022-05-11,Ota Junior High School,Education Center,Kanagawa,Yokohama,2024-09-12,2026-06-19,Inactive,7,6,1,0,85.71
ASG001428,DUD100928,CLI0151,2025-06-25,2026-08-27,Completed,Experienced Teacher,78,Six-Month,0,0,Replacement,CAN000606,Ana,,Rodriguez,1975-03-28,Prefer not to say,British,Japanese,Japan,Bachelor's Degree,English,Native,Basic,Eligible,Teacher,2022-05-11,Kawaguchi Academy,High School,Chiba,Ichikawa,2026-04-11,,Active,12,11,1,0,91.67
ASG001429,DUD100928,CLI0083,2026-09-04,,Active,Senior Teacher,58,Annual,0,0,Initial Assignment,CAN000606,Ana,,Rodriguez,1975-03-28,Prefer not to say,British,Japanese,Japan,Bachelor's Degree,English,Native,Basic,Eligible,Teacher,2022-05-11,Koganei Junior High School,Private School,Kanagawa,Sagamihara,2022-06-28,2024-03-11,Inactive,1,1,0,0,100.0
ASG001430,DUD100929,CLI0233,2022-10-07,,Active,ALT / English Teacher,88,Monthly,0,0,Replacement,CAN000229,Emily,,Williams,2002-04-21,Non-binary,Spanish,Canadian,Japan,Bachelor's Degree,Education,B2,N2,Eligible,Teacher,2022-02-25,Midori International School,Public Elementary School,Saitama,Saitama,2019-07-27,,Active,12,8,3,0,66.67
ASG001431,DUD100930,CLI0002,2025-11-11,,Active,Trainer,113,Six-Month,0,0,Client Request,CAN001885,James,,Garcia,1983-08-09,Prefer not to say,Mexican,Canadian,Japan,Master's Degree,Psychology,B2,N1,Eligible,Teacher,2025-12-27,Mirai Junior High School,English School,Tokyo,Adachi,2024-02-06,,Active,9,6,0,0,66.67
ASG001432,DUD100931,CLI0007,2026-03-16,2026-11-01,Renewed,ALT / English Teacher,115,Six-Month,0,0,Replacement,CAN000234,Daniel,,Allen,1980-01-08,Female,Mexican,Japanese,Japan,Master's Degree,Linguistics,Native,Basic,Eligible,Teacher,2026-04-20,Kawaguchi Junior High School,Kindergarten,Chiba,Ichikawa,2022-08-29,,Active,7,6,1,0,85.71
ASG001433,DUD100931,CLI0136,2026-11-02,,Active,Experienced Teacher,87,Annual,0,0,Staffing Demand,CAN000234,Daniel,,Allen,1980-01-08,Female,Mexican,Japanese,Japan,Master's Degree,Linguistics,Native,Basic,Eligible,Teacher,2026-04-20,Sakura Elementary School,Kindergarten,Tokyo,Katsushika,2023-02-28,,Active,1,1,0,0,100.0
ASG001434,DUD100932,CLI0085,2024-01-01,,Active,ALT / English Teacher,90,Annual,0,0,Staffing Demand,CAN000886,David,,Thompson,1980-04-27,Male,French,Spanish,Japan,Master's Degree,Business,C1,N1,Eligible,Teacher,2025-09-16,Shinmei Education Center,Public Elementary School,Saitama,Kawagoe,2024-03-19,,Active,12,11,0,0,91.67
ASG001435,DUD100933,CLI0259,2021-05-10,2022-09-29,Ended,Senior Teacher,118,Three-Month,0,0,Replacement,CAN001165,Michael,,Wilson,1986-07-13,Prefer not to say,Spanish,French,Japan,Master's Degree,Business,Native,N3,Eligible,Teacher,2024-08-03,Ota Elementary School,Kindergarten,Tokyo,Katsushika,2019-11-07,,Active,12,8,0,0,66.67
ASG001436,DUD100933,CLI0085,2022-10-25,,Active,ALT / English Teacher,42,Monthly,0,0,Staffing Demand,CAN001165,Michael,,Wilson,1986-07-13,Prefer not to say,Spanish,French,Japan,Master's Degree,Business,Native,N3,Eligible,Teacher,2024-08-03,Shinmei Education Center,Public Elementary School,Saitama,Kawagoe,2024-03-19,,Active,12,9,2,0,75.0
ASG001437,DUD100934,CLI0200,2022-03-24,2023-07-07,Renewed,ALT / English Teacher,119,Six-Month,0,0,Staffing Demand,CAN001798,Laura,,Walker,1981-06-21,Female,Mexican,Brazilian,Japan,Master's Degree,Psychology,Native,N2,Eligible,Teacher,2021-10-03,Seiwa International School,Kindergarten,Chiba,Ichikawa,2025-10-18,,Active,12,10,1,0,83.33
ASG001438,DUD100934,CLI0237,2023-07-10,2024-03-12,Completed,ALT / English Teacher,38,Monthly,0,0,Initial Assignment,CAN001798,Laura,,Walker,1981-06-21,Female,Mexican,Brazilian,Japan,Master's Degree,Psychology,Native,N2,Eligible,Teacher,2021-10-03,Midori International School,Public Junior High School,Chiba,Urayasu,2020-01-18,,Active,8,7,0,0,87.5
ASG001439,DUD100935,CLI0230,2021-10-19,,Active,ALT / English Teacher,103,Six-Month,0,0,Staffing Demand,CAN001000,David,,Gonzalez,1990-04-10,Non-binary,American,Japanese,Japan,Master's Degree,Psychology,B2,Basic,Eligible,Teacher,2025-03-05,Haruka Junior High School,Private School,Tokyo,Ota,2025-09-03,,Active,12,12,0,0,100.0
ASG001440,DUD100936,CLI0019,2023-06-03,2023-12-03,Renewed,ALT / English Teacher,26,Six-Month,0,0,Staffing Demand,CAN000161,William,,Johnson,1994-01-11,Non-binary,Brazilian,Mexican,Japan,Master's Degree,Psychology,C2,N3,Eligible,Teacher,2021-07-26,Haruka Elementary School,Kindergarten,Saitama,Kawaguchi,2022-08-12,,Active,6,5,0,0,83.33
ASG001441,DUD100936,CLI0273,2023-12-13,,Active,ALT / English Teacher,70,Annual,0,0,Client Request,CAN000161,William,,Johnson,1994-01-11,Non-binary,Brazilian,Mexican,Japan,Master's Degree,Psychology,C2,N3,Eligible,Teacher,2021-07-26,Meisei International School,Public Junior High School,Kanagawa,Sagamihara,2026-05-05,,Active,12,10,0,0,83.33
ASG001442,DUD100937,CLI0038,2024-10-28,2026-02-09,Transferred,Senior Teacher,49,Six-Month,0,0,Initial Assignment,CAN001815,Juan,,Hernandez,1994-07-10,Prefer not to say,Mexican,Filipino,Japan,Master's Degree,Business,Native,Basic,Eligible,Teacher,2026-03-17,Kizuna International School,High School,Kanagawa,Yokohama,2023-12-19,,Active,12,11,1,0,91.67
ASG001443,DUD100937,CLI0127,2026-02-17,2027-06-18,Renewed,ALT / English Teacher,36,Monthly,0,0,Initial Assignment,CAN001815,Juan,,Hernandez,1994-07-10,Prefer not to say,Mexican,Filipino,Japan,Master's Degree,Business,Native,Basic,Eligible,Teacher,2026-03-17,Ota High School,English School,Kanagawa,Fujisawa,2026-01-09,,Active,12,10,2,0,83.33
ASG001444,DUD100938,CLI0036,2023-08-10,2024-04-30,Completed,ALT / English Teacher,69,Six-Month,0,0,Staffing Demand,CAN000295,Olivia,,Moore,1978-05-01,Prefer not to say,Australian,Canadian,Japan,Master's Degree,Psychology,C2,N2,Eligible,Teacher,2022-03-05,Seiwa International School,Public Junior High School,Tokyo,Ota,2019-06-26,2021-06-29,Inactive,8,8,0,0,100.0
ASG001445,DUD100938,CLI0193,2024-05-13,,Active,Experienced Teacher,44,Six-Month,0,0,Client Request,CAN000295,Olivia,,Moore,1978-05-01,Prefer not to say,Australian,Canadian,Japan,Master's Degree,Psychology,C2,N2,Eligible,Teacher,2022-03-05,Nerima International School,Public Junior High School,Saitama,Toda,2023-08-28,,Active,12,7,4,0,58.33
ASG001446,DUD100939,CLI0155,2024-07-09,,Active,ALT / English Teacher,62,Three-Month,0,0,Staffing Demand,CAN000459,Matthew,,Rodriguez,1984-12-17,Non-binary,Brazilian,American,Japan,Associate Degree,English,C1,N2,Eligible,Teacher,2022-07-16,Seiwa Education Center,Kindergarten,Saitama,Warabi,2025-03-15,,Active,12,11,1,0,91.67
ASG001447,DUD100940,CLI0111,2023-06-20,2024-04-06,Completed,Senior Teacher,101,Three-Month,0,0,Staffing Demand,CAN000650,Carlos,,Hernandez,2001-05-01,Male,American,Australian,Japan,Associate Degree,Education,C2,N3,Eligible,Teacher,2025-08-01,Haruka Elementary School,English School,Kanagawa,Sagamihara,2020-05-17,,Active,9,5,0,0,55.56
ASG001448,DUD100941,CLI0163,2023-10-30,2024-07-03,Renewed,ALT / English Teacher,24,Three-Month,0,0,Initial Assignment,CAN001018,Michael,,White,1995-05-04,Female,French,French,Japan,Bachelor's Degree,Linguistics,C1,,Eligible,Teacher,2021-03-22,Tsubaki Education Center,Private School,Saitama,Koshigaya,2019-08-22,,Active,8,8,0,0,100.0
ASG001449,DUD100942,CLI0175,2022-08-23,2023-05-09,Transferred,ALT / English Teacher,23,Annual,0,0,Transfer,CAN000246,James,,Smith,1991-05-13,Non-binary,Canadian,Australian,Japan,Bachelor's Degree,Other,C1,Basic,Eligible,Teacher,2022-04-07,Seiwa Academy,High School,Saitama,Soka,2019-03-18,,Active,8,8,0,0,100.0
ASG001450,DUD100942,CLI0187,2023-06-05,2024-11-09,Transferred,Experienced Teacher,30,Annual,0,0,Transfer,CAN000246,James,,Smith,1991-05-13,Non-binary,Canadian,Australian,Japan,Bachelor's Degree,Other,C1,Basic,Eligible,Teacher,2022-04-07,Asahi Junior High School,Public Elementary School,Tokyo,Tachikawa,2020-09-01,,Active,12,12,0,0,100.0
ASG001451,DUD100942,CLI0022,2024-11-15,,Active,ALT / English Teacher,88,Monthly,0,0,Transfer,CAN000246,James,,Smith,1991-05-13,Non-binary,Canadian,Australian,Japan,Bachelor's Degree,Other,C1,Basic,Eligible,Teacher,2022-04-07,Kita Junior High School,High School,Saitama,Warabi,2020-11-12,,Active,12,11,1,0,91.67
ASG001452,DUD100943,CLI0003,2021-12-05,2022-12-14,Renewed,Experienced Teacher,49,Monthly,0,0,Transfer,CAN000595,Daniel,,Lee,1975-11-23,Prefer not to say,Mexican,French,Japan,Bachelor's Degree,Business,B2,N3,Eligible,Teacher,2022-02-05,Koganei High School,Public Elementary School,Saitama,Kawagoe,2025-06-06,,Active,12,11,1,0,91.67
ASG001453,DUD100943,CLI0257,2022-12-17,,Active,ALT / English Teacher,114,Three-Month,0,0,Staffing Demand,CAN000595,Daniel,,Lee,1975-11-23,Prefer not to say,Mexican,French,Japan,Bachelor's Degree,Business,B2,N3,Eligible,Teacher,2022-02-05,Koyo International School,Public Junior High School,Kanagawa,Yamato,2025-06-05,,Active,12,11,0,0,91.67
ASG001454,DUD100944,CLI0182,2023-09-02,,Active,ALT / English Teacher,76,Three-Month,0,0,Staffing Demand,CAN001365,David,,Lee,1987-08-10,Female,French,American,Japan,Diploma,Education,Native,,Eligible,Teacher,2024-10-12,Kawaguchi International School,Public Elementary School,Kanagawa,Kawasaki,2023-01-22,2024-09-09,Inactive,12,9,2,0,75.0
ASG001455,DUD100945,CLI0136,2021-05-02,,Active,ALT / English Teacher,17,Six-Month,0,0,Initial Assignment,CAN000400,Ana,,Johnson,1980-04-23,Female,American,Australian,Japan,Associate Degree,Education,B2,N2,Eligible,Teacher,2022-01-25,Sakura Elementary School,Kindergarten,Tokyo,Katsushika,2023-02-28,,Active,12,9,0,0,75.0
ASG001456,DUD100946,CLI0204,2021-12-30,2022-08-14,Transferred,ALT / English Teacher,88,Monthly,0,0,Initial Assignment,CAN000275,Carlos,,Anderson,2003-11-17,Prefer not to say,Spanish,Spanish,Japan,Diploma,Education,C2,N3,Eligible,Teacher,2024-03-07,Nerima International School,Public Elementary School,Saitama,Kawaguchi,2020-11-28,2024-02-01,Inactive,7,7,0,0,100.0
ASG001457,DUD100946,CLI0114,2022-08-28,,Active,ALT / English Teacher,36,Six-Month,0,0,Replacement,CAN000275,Carlos,,Anderson,2003-11-17,Prefer not to say,Spanish,Spanish,Japan,Diploma,Education,C2,N3,Eligible,Teacher,2024-03-07,Haruka International School,Private School,Saitama,Saitama,2024-07-18,,Active,12,9,0,0,75.0
ASG001458,DUD100947,CLI0026,2025-02-15,2025-08-12,Transferred,Experienced Teacher,62,Monthly,0,0,Transfer,CAN000983,Michael,,Anderson,1989-12-18,Male,American,Spanish,Japan,Bachelor's Degree,Business,Native,N3,Eligible,Teacher,2026-03-23,Sakura High School,English School,Chiba,Chiba,2021-03-31,,Active,5,5,0,0,100.0
ASG001459,DUD100948,CLI0246,2025-10-04,,Active,ALT / English Teacher,107,Three-Month,0,0,Replacement,CAN000785,Laura,,Lopez,1978-09-08,Male,British,Mexican,Japan,Associate Degree,Other,Native,N3,Eligible,Teacher,2023-08-02,Hikari Junior High School,Private School,Tokyo,Koganei,2019-07-06,,Active,10,8,1,0,80.0
ASG001460,DUD100949,CLI0248,2021-02-11,,Active,ALT / English Teacher,101,Annual,0,0,Replacement,CAN000418,Hannah,,Hall,1993-11-10,Male,American,American,Japan,Master's Degree,Linguistics,Native,Basic,Eligible,Teacher,2022-08-06,Asahi Academy,Public Elementary School,Chiba,Funabashi,2020-05-13,,Active,12,9,2,0,75.0
ASG001461,DUD100950,CLI0287,2022-01-10,,Active,ALT / English Teacher,81,Three-Month,0,0,Client Request,CAN001089,Sarah,,Walker,1980-10-24,Prefer not to say,French,British,Japan,Diploma,Linguistics,C2,,Eligible,Teacher,2021-06-12,Shinmei Elementary School,English School,Kanagawa,Yokohama,2023-09-29,,Active,12,9,1,0,75.0
ASG001462,DUD100951,CLI0070,2024-03-13,,Active,ALT / English Teacher,34,Six-Month,0,0,Replacement,CAN001655,David,,Lee,1980-03-27,Female,French,Filipino,Japan,Diploma,English,B2,N2,Eligible,Teacher,2022-03-21,Sakura Elementary School,Public Junior High School,Saitama,Toda,2025-05-15,,Active,12,12,0,0,100.0
ASG001463,DUD100952,CLI0089,2023-12-15,2024-10-03,Renewed,Experienced Teacher,15,Annual,0,0,Replacement,CAN000098,Jose,,Young,1982-09-01,Non-binary,Australian,Canadian,Japan,Bachelor's Degree,Psychology,B2,N2,Eligible,Teacher,2023-09-03,Koganei Education Center,High School,Chiba,Matsudo,2024-06-15,,Active,9,9,0,0,100.0
ASG001464,DUD100952,CLI0147,2024-10-18,,Active,Senior Teacher,104,Monthly,0,0,Initial Assignment,CAN000098,Jose,,Young,1982-09-01,Non-binary,Australian,Canadian,Japan,Bachelor's Degree,Psychology,B2,N2,Eligible,Teacher,2023-09-03,Asahi High School,Public Junior High School,Saitama,Saitama,2020-01-26,,Active,12,7,2,0,58.33
ASG001465,DUD100953,CLI0271,2023-12-18,,Active,Trainer,32,Monthly,0,0,Staffing Demand,CAN001090,Andres,,Hernandez,1983-03-03,Male,French,British,Japan,Bachelor's Degree,Other,C1,N1,Eligible,Teacher,2025-07-17,Nerima Elementary School,Kindergarten,Tokyo,Ota,2019-08-26,,Active,12,10,2,0,83.33
ASG001466,DUD100954,CLI0247,2024-02-03,2025-05-06,Renewed,Experienced Teacher,53,Three-Month,0,0,Replacement,CAN000589,Jessica,,Thompson,2000-05-28,Prefer not to say,Filipino,Spanish,Japan,Associate Degree,Other,B2,N3,Eligible,Teacher,2023-12-01,Akebono Education Center,Private School,Chiba,Chiba,2026-02-15,,Active,12,11,0,0,91.67
ASG001467,DUD100954,CLI0288,2025-05-28,,Active,Experienced Teacher,108,Three-Month,0,0,Replacement,CAN000589,Jessica,,Thompson,2000-05-28,Prefer not to say,Filipino,Spanish,Japan,Associate Degree,Other,B2,N3,Eligible,Teacher,2023-12-01,Haruka Junior High School,Kindergarten,Chiba,Matsudo,2021-10-26,,Active,12,9,0,0,75.0
ASG001468,DUD100955,CLI0070,2022-04-25,2022-11-05,Ended,ALT / English Teacher,85,Six-Month,0,0,Initial Assignment,CAN001313,Hannah,,Taylor,1986-09-16,Male,Australian,Spanish,Japan,Associate Degree,Business,B2,N2,Eligible,Teacher,2025-12-21,Sakura Elementary School,Public Junior High School,Saitama,Toda,2025-05-15,,Active,6,6,0,0,100.0
ASG001469,DUD100955,CLI0047,2022-11-15,2024-02-20,Renewed,ALT / English Teacher,15,Annual,0,0,Transfer,CAN001313,Hannah,,Taylor,1986-09-16,Male,Australian,Spanish,Japan,Associate Degree,Business,B2,N2,Eligible,Teacher,2025-12-21,Akebono High School,Kindergarten,Chiba,Ichikawa,2023-03-18,,Active,12,9,1,0,75.0
ASG001470,DUD100955,CLI0046,2024-03-19,,Active,Senior Teacher,45,Annual,0,0,Staffing Demand,CAN001313,Hannah,,Taylor,1986-09-16,Male,Australian,Spanish,Japan,Associate Degree,Business,B2,N2,Eligible,Teacher,2025-12-21,Sakura Junior High School,English School,Chiba,Ichikawa,2019-02-08,,Active,12,8,3,0,66.67
ASG001471,DUD100956,CLI0026,2025-10-24,2026-09-12,Completed,ALT / English Teacher,49,Monthly,0,0,Client Request,CAN001661,William,,Jackson,1994-09-19,Female,Spanish,American,Japan,Master's Degree,Other,B2,N2,Eligible,Teacher,2022-07-25,Sakura High School,English School,Chiba,Chiba,2021-03-31,,Active,10,7,1,0,70.0
ASG001472,DUD100956,CLI0083,2026-10-10,2027-03-06,Completed,Senior Teacher,80,Annual,0,0,Client Request,CAN001661,William,,Jackson,1994-09-19,Female,Spanish,American,Japan,Master's Degree,Other,B2,N2,Eligible,Teacher,2022-07-25,Koganei Junior High School,Private School,Kanagawa,Sagamihara,2022-06-28,2024-03-11,Inactive,4,2,1,0,50.0
ASG001473,DUD100957,CLI0099,2023-01-02,2023-06-05,Ended,Experienced Teacher,17,Monthly,0,0,Replacement,CAN001893,Robert,,Smith,1998-03-25,Male,British,Japanese,Japan,Diploma,Business,C1,N1,Eligible,Teacher,2021-03-03,Nerima International School,Education Center,Tokyo,Hachioji,2025-12-21,,Active,5,3,1,0,60.0
ASG001474,DUD100958,CLI0221,2021-06-03,2022-07-09,Transferred,Trainer,73,Monthly,0,0,Replacement,CAN001923,Maria,,Lopez,1980-03-20,Prefer not to say,Brazilian,Filipino,Japan,Diploma,Linguistics,Native,N1,Eligible,Teacher,2022-08-14,Haruka Education Center,High School,Chiba,Ichikawa,2019-10-29,2021-07-29,Inactive,12,9,0,0,75.0
ASG001475,DUD100958,CLI0052,2022-07-23,2023-03-11,Ended,ALT / English Teacher,87,Monthly,0,0,Client Request,CAN001923,Maria,,Lopez,1980-03-20,Prefer not to say,Brazilian,Filipino,Japan,Diploma,Linguistics,Native,N1,Eligible,Teacher,2022-08-14,Shinmei Academy,Education Center,Tokyo,Nerima,2022-01-09,,Active,7,6,0,0,85.71
ASG001476,DUD100959,CLI0202,2023-03-24,,Active,Experienced Teacher,61,Three-Month,0,0,Replacement,CAN001558,Carlos,,Martin,1999-03-17,Non-binary,Mexican,Mexican,Japan,Bachelor's Degree,Business,C1,N1,Eligible,Teacher,2021-12-14,Tsubaki Elementary School,High School,Kanagawa,Kawasaki,2023-08-14,,Active,12,10,1,0,83.33
ASG001477,DUD100960,CLI0215,2021-06-15,,Active,ALT / English Teacher,25,Six-Month,0,0,Replacement,CAN001107,Laura,,Smith,2003-07-24,Female,Brazilian,Australian,Japan,Bachelor's Degree,Education,C2,,Eligible,Teacher,2021-09-14,Ota High School,Private School,Chiba,Urayasu,2022-05-13,,Active,12,8,1,0,66.67
ASG001478,DUD100961,CLI0007,2021-01-31,,Active,Experienced Teacher,117,Three-Month,0,0,Replacement,CAN000085,Miguel,,Hernandez,1988-08-19,Female,American,British,Japan,Master's Degree,Other,C2,N2,Eligible,Teacher,2025-06-25,Kawaguchi Junior High School,Kindergarten,Chiba,Ichikawa,2022-08-29,,Active,12,9,1,0,75.0
ASG001479,DUD100962,CLI0251,2024-03-09,2024-09-07,Completed,Senior Teacher,67,Three-Month,0,0,Client Request,CAN000256,Juan,,Jackson,1998-10-15,Prefer not to say,Spanish,American,Japan,Master's Degree,Business,Native,,Eligible,Teacher,2026-07-30,Ota Education Center,Public Junior High School,Saitama,Saitama,2020-09-07,2021-09-14,Inactive,6,5,0,0,83.33
ASG001480,DUD100962,CLI0102,2024-10-03,,Active,ALT / English Teacher,79,Annual,0,0,Client Request,CAN000256,Juan,,Jackson,1998-10-15,Prefer not to say,Spanish,American,Japan,Master's Degree,Business,Native,,Eligible,Teacher,2026-07-30,Midori High School,Public Elementary School,Saitama,Warabi,2026-04-27,,Active,12,8,2,0,66.67
ASG001481,DUD100963,CLI0007,2022-01-23,,Active,Experienced Teacher,109,Three-Month,0,0,Replacement,CAN000162,Miguel,,Williams,2003-03-21,Non-binary,British,Filipino,Japan,Bachelor's Degree,Linguistics,Native,N1,Eligible,Teacher,2023-11-24,Kawaguchi Junior High School,Kindergarten,Chiba,Ichikawa,2022-08-29,,Active,12,9,2,0,75.0
ASG001482,DUD100964,CLI0081,2025-12-16,,Active,ALT / English Teacher,74,Annual,0,0,Transfer,CAN000425,James,,Johnson,2001-01-15,Non-binary,British,Spanish,Japan,Bachelor's Degree,Education,C2,,Eligible,Teacher,2023-11-18,Nerima International School,Public Elementary School,Tokyo,Kita,2023-07-23,,Active,8,5,1,0,62.5
ASG001483,DUD100965,CLI0109,2025-01-07,2025-04-15,Ended,Experienced Teacher,93,Six-Month,0,0,Initial Assignment,CAN000284,Olivia,,Walker,1975-05-26,Prefer not to say,Mexican,Filipino,Japan,Bachelor's Degree,English,Native,N3,Eligible,Teacher,2026-06-08,Sakura International School,Public Junior High School,Chiba,Kashiwa,2026-03-02,2027-01-17,Inactive,3,3,0,0,100.0
ASG001484,DUD100965,CLI0058,2025-05-13,,Active,Senior Teacher,35,Monthly,0,0,Initial Assignment,CAN000284,Olivia,,Walker,1975-05-26,Prefer not to say,Mexican,Filipino,Japan,Bachelor's Degree,English,Native,N3,Eligible,Teacher,2026-06-08,Mirai High School,High School,Chiba,Matsudo,2024-07-16,,Active,12,10,2,0,83.33
ASG001485,DUD100966,CLI0274,2023-05-09,2024-01-03,Transferred,Senior Teacher,97,Annual,0,0,Replacement,CAN000416,Emily,,Johnson,1992-06-21,Non-binary,Spanish,Mexican,Japan,Bachelor's Degree,Other,C1,,Eligible,Teacher,2023-01-10,Haruka High School,English School,Kanagawa,Sagamihara,2022-02-06,,Active,8,8,0,0,100.0
ASG001486,DUD100966,CLI0159,2024-01-22,,Active,ALT / English Teacher,28,Annual,0,0,Replacement,CAN000416,Emily,,Johnson,1992-06-21,Non-binary,Spanish,Mexican,Japan,Bachelor's Degree,Other,C1,,Eligible,Teacher,2023-01-10,Akebono Academy,High School,Tokyo,Adachi,2026-04-23,,Active,12,11,0,0,91.67
ASG001487,DUD100967,CLI0054,2022-12-31,2024-03-14,Transferred,Senior Teacher,54,Three-Month,0,0,Staffing Demand,CAN001454,Maria,,Walker,1978-02-19,Male,British,Spanish,Japan,Bachelor's Degree,Business,C2,,Eligible,Teacher,2021-08-01,Seiwa International School,High School,Chiba,Chiba,2025-02-19,,Active,12,11,0,0,91.67
ASG001488,DUD100967,CLI0101,2024-03-15,,Active,Experienced Teacher,99,Six-Month,0,0,Initial Assignment,CAN001454,Maria,,Walker,1978-02-19,Male,British,Spanish,Japan,Bachelor's Degree,Business,C2,,Eligible,Teacher,2021-08-01,Shinmei International School,Kindergarten,Saitama,Soka,2024-03-31,,Active,12,11,0,0,91.67
ASG001489,DUD100968,CLI0079,2021-10-26,,Active,Experienced Teacher,74,Monthly,0,0,Transfer,CAN001841,David,,Williams,2003-03-11,Male,Australian,British,Japan,Associate Degree,Other,C2,N3,Eligible,Teacher,2026-07-25,Tsubaki Academy,High School,Chiba,Funabashi,2021-01-28,,Active,12,8,1,0,66.67
ASG001490,DUD100969,CLI0208,2021-10-27,2023-01-01,Renewed,ALT / English Teacher,86,Six-Month,0,0,Initial Assignment,CAN001841,Emma,,Lopez,1975-01-04,Male,Canadian,American,Japan,Associate Degree,Education,B2,N1,Eligible,Teacher,2023-08-29,Kawaguchi International School,Kindergarten,Tokyo,Tachikawa,2023-03-10,,Active,12,10,1,0,83.33
ASG001491,DUD100970,CLI0174,2025-07-30,,Active,Experienced Teacher,35,Three-Month,0,0,Transfer,CAN001792,Alejandro,,Garcia,1987-04-11,Non-binary,British,Spanish,Japan,Bachelor's Degree,Business,C1,,Eligible,Teacher,2025-03-12,Ota Junior High School,Public Elementary School,Saitama,Koshigaya,2026-01-08,,Active,12,9,2,0,75.0
ASG001492,DUD100971,CLI0130,2023-11-16,2024-02-20,Completed,Trainer,94,Six-Month,0,0,Client Request,CAN001019,Olivia,,Hall,1990-12-01,Male,Australian,Japanese,Japan,Bachelor's Degree,Psychology,C2,N3,Eligible,Teacher,2026-06-01,Koyo Education Center,Public Elementary School,Saitama,Kawagoe,2024-10-08,,Active,3,3,0,0,100.0
ASG001493,DUD100971,CLI0028,2024-03-13,,Active,ALT / English Teacher,55,Three-Month,0,0,Staffing Demand,CAN001019,Olivia,,Hall,1990-12-01,Male,Australian,Japanese,Japan,Bachelor's Degree,Psychology,C2,N3,Eligible,Teacher,2026-06-01,Takashima Education Center,Private School,Tokyo,Hachioji,2021-08-21,2023-05-31,Inactive,12,12,0,0,100.0
ASG001494,DUD100972,CLI0002,2021-10-25,2022-08-21,Completed,Experienced Teacher,24,Six-Month,0,0,Transfer,CAN001797,Juan,,Lopez,2003-01-16,Female,Brazilian,American,Japan,Diploma,Business,B2,,Eligible,Teacher,2025-11-03,Mirai Junior High School,English School,Tokyo,Adachi,2024-02-06,,Active,10,6,1,0,60.0
ASG001495,DUD100972,CLI0210,2022-09-08,,Active,Experienced Teacher,90,Six-Month,0,0,Transfer,CAN001797,Juan,,Lopez,2003-01-16,Female,Brazilian,American,Japan,Diploma,Business,B2,,Eligible,Teacher,2025-11-03,Haruka Education Center,High School,Tokyo,Kita,2022-12-04,,Active,12,12,0,0,100.0
ASG001496,DUD100973,CLI0135,2022-04-06,2023-01-17,Transferred,Senior Teacher,116,Six-Month,0,0,Client Request,CAN000998,Laura,,Wilson,2001-01-09,Female,Australian,French,Japan,Master's Degree,Business,C1,N2,Eligible,Teacher,2024-06-27,Asahi Education Center,Public Elementary School,Saitama,Toda,2024-07-10,,Active,9,7,2,0,77.78
ASG001497,DUD100973,CLI0163,2023-02-07,2024-04-03,Ended,ALT / English Teacher,116,Six-Month,0,0,Transfer,CAN000998,Laura,,Wilson,2001-01-09,Female,Australian,French,Japan,Master's Degree,Business,C1,N2,Eligible,Teacher,2024-06-27,Tsubaki Education Center,Private School,Saitama,Koshigaya,2019-08-22,,Active,12,11,1,0,91.67
ASG001498,DUD100974,CLI0095,2022-05-18,,Active,Trainer,67,Annual,0,0,Staffing Demand,CAN000622,Emma,,Young,2001-07-05,Male,Filipino,Brazilian,Japan,Bachelor's Degree,English,Native,,Eligible,Teacher,2025-03-19,Haruka International School,Private School,Saitama,Kawaguchi,2022-09-27,,Active,12,11,1,0,91.67
ASG001499,DUD100975,CLI0169,2024-08-06,2025-03-08,Transferred,Trainer,40,Six-Month,0,0,Staffing Demand,CAN000392,Sofia,,Williams,1988-04-12,Female,Mexican,Filipino,Japan,Diploma,Other,C1,,Eligible,Teacher,2024-11-25,Meisei International School,Kindergarten,Saitama,Warabi,2023-05-15,,Active,7,7,0,0,100.0
ASG001500,DUD100975,CLI0226,2025-03-09,,Active,ALT / English Teacher,93,Annual,0,0,Staffing Demand,CAN000392,Sofia,,Williams,1988-04-12,Female,Mexican,Filipino,Japan,Diploma,Other,C1,,Eligible,Teacher,2024-11-25,Takashima Education Center,Kindergarten,Chiba,Urayasu,2025-11-09,2028-05-26,Inactive,12,12,0,0,100.0
ASG001501,DUD100976,CLI0214,2025-10-10,2027-03-19,Completed,ALT / English Teacher,33,Monthly,0,0,Client Request,CAN001400,Sofia,,Wilson,1988-05-21,Non-binary,American,British,Japan,Diploma,Other,C1,N3,Eligible,Teacher,2021-07-05,Kita Academy,Kindergarten,Kanagawa,Fujisawa,2024-09-21,,Active,12,10,1,0,83.33
ASG001502,DUD100976,CLI0242,2027-04-12,2028-07-22,Transferred,Experienced Teacher,77,Six-Month,0,0,Client Request,CAN001400,Sofia,,Wilson,1988-05-21,Non-binary,American,British,Japan,Diploma,Other,C1,N3,Eligible,Teacher,2021-07-05,Tsubaki Elementary School,English School,Kanagawa,Fujisawa,2026-01-24,,Active,12,6,2,0,50.0
ASG001503,DUD100976,CLI0163,2028-08-11,2029-07-22,Transferred,Experienced Teacher,46,Monthly,0,0,Replacement,CAN001400,Sofia,,Wilson,1988-05-21,Non-binary,American,British,Japan,Diploma,Other,C1,N3,Eligible,Teacher,2021-07-05,Tsubaki Education Center,Private School,Saitama,Koshigaya,2019-08-22,,Active,11,10,0,0,90.91
ASG001504,DUD100977,CLI0144,2021-09-01,,Active,Experienced Teacher,38,Annual,0,0,Replacement,CAN001278,Sofia,,White,1983-01-18,Female,French,American,Japan,Associate Degree,Linguistics,Native,N2,Eligible,Teacher,2025-11-15,Tsubaki High School,Private School,Saitama,Warabi,2021-05-22,,Active,12,11,1,0,91.67
ASG001505,DUD100978,CLI0072,2022-11-25,2023-05-18,Ended,ALT / English Teacher,64,Three-Month,0,0,Transfer,CAN000546,Andres,,Brown,1977-01-14,Non-binary,American,Brazilian,Japan,Associate Degree,Psychology,C2,N1,Eligible,Teacher,2023-03-08,Midori Academy,English School,Chiba,Chiba,2020-07-19,,Active,5,3,0,0,60.0
ASG001506,DUD100979,CLI0270,2022-12-07,,Active,ALT / English Teacher,38,Three-Month,0,0,Client Request,CAN000772,Miguel,,Smith,1982-12-14,Non-binary,Australian,Filipino,Japan,Bachelor's Degree,Business,C2,Basic,Eligible,Teacher,2026-07-09,Nerima Academy,High School,Chiba,Urayasu,2019-08-19,,Active,12,10,0,0,83.33
ASG001507,DUD100980,CLI0060,2022-12-18,,Active,ALT / English Teacher,20,Three-Month,0,0,Transfer,CAN000923,Christopher,,Lee,2002-08-15,Prefer not to say,British,Filipino,Japan,Master's Degree,Education,B2,N1,Eligible,Teacher,2026-03-24,Kawaguchi Junior High School,Education Center,Chiba,Kashiwa,2023-08-25,2026-07-21,Inactive,12,11,0,0,91.67
ASG001508,DUD100981,CLI0251,2021-04-12,2021-07-17,Transferred,Experienced Teacher,53,Annual,0,0,Client Request,CAN001148,Emily,,Garcia,1995-11-27,Female,Japanese,Brazilian,Japan,Associate Degree,Other,C2,N2,Eligible,Teacher,2023-05-16,Ota Education Center,Public Junior High School,Saitama,Saitama,2020-09-07,2021-09-14,Inactive,3,2,0,0,66.67
ASG001509,DUD100981,CLI0202,2021-08-02,,Active,ALT / English Teacher,115,Six-Month,0,0,Initial Assignment,CAN001148,Emily,,Garcia,1995-11-27,Female,Japanese,Brazilian,Japan,Associate Degree,Other,C2,N2,Eligible,Teacher,2023-05-16,Tsubaki Elementary School,High School,Kanagawa,Kawasaki,2023-08-14,,Active,12,10,0,0,83.33
ASG001510,DUD100982,CLI0230,2022-09-26,2024-01-26,Renewed,Experienced Teacher,68,Monthly,0,0,Staffing Demand,CAN001532,William,,Brown,1985-05-14,Female,Australian,French,Japan,Master's Degree,Psychology,B2,N2,Eligible,Teacher,2025-10-11,Haruka Junior High School,Private School,Tokyo,Ota,2025-09-03,,Active,12,9,1,0,75.0
ASG001511,DUD100983,CLI0215,2022-07-25,2023-06-25,Completed,Experienced Teacher,54,Monthly,0,0,Replacement,CAN000064,James,,Lee,1994-03-06,Prefer not to say,American,Mexican,Japan,Bachelor's Degree,Education,B2,N3,Eligible,Teacher,2025-04-14,Ota High School,Private School,Chiba,Urayasu,2022-05-13,,Active,11,11,0,0,100.0
ASG001512,DUD100983,CLI0275,2023-07-20,2024-06-03,Ended,ALT / English Teacher,23,Six-Month,0,0,Initial Assignment,CAN000064,James,,Lee,1994-03-06,Prefer not to say,American,Mexican,Japan,Bachelor's Degree,Education,B2,N3,Eligible,Teacher,2025-04-14,Akebono High School,Education Center,Chiba,Urayasu,2021-04-26,,Active,10,10,0,0,100.0
ASG001513,DUD100983,CLI0232,2024-06-08,,Active,ALT / English Teacher,110,Six-Month,0,0,Staffing Demand,CAN000064,James,,Lee,1994-03-06,Prefer not to say,American,Mexican,Japan,Bachelor's Degree,Education,B2,N3,Eligible,Teacher,2025-04-14,Kizuna Elementary School,Public Elementary School,Kanagawa,Fujisawa,2020-04-21,,Active,12,11,1,0,91.67
ASG001514,DUD100984,CLI0119,2022-02-03,,Active,Senior Teacher,104,Three-Month,0,0,Staffing Demand,CAN001350,David,,Young,1975-11-03,Male,American,Japanese,Japan,Diploma,Other,C2,Basic,Eligible,Teacher,2024-12-04,Koyo Education Center,Kindergarten,Tokyo,Nerima,2023-07-31,,Active,12,11,0,0,91.67
ASG001515,DUD100985,CLI0028,2024-02-03,,Active,Senior Teacher,89,Annual,0,0,Client Request,CAN000128,Jose,,Perez,2003-10-13,Prefer not to say,Spanish,Japanese,Japan,Bachelor's Degree,Business,C2,Basic,Eligible,Teacher,2023-05-11,Takashima Education Center,Private School,Tokyo,Hachioji,2021-08-21,2023-05-31,Inactive,12,9,1,0,75.0
ASG001516,DUD100986,CLI0055,2025-03-21,2025-11-06,Completed,Senior Teacher,92,Annual,0,0,Client Request,CAN000488,Andres,,Brown,1984-06-05,Male,French,Filipino,Japan,Diploma,Linguistics,C2,N3,Eligible,Teacher,2025-07-04,Kita Education Center,Kindergarten,Kanagawa,Sagamihara,2022-04-12,,Active,7,5,1,0,71.43
ASG001517,DUD100986,CLI0074,2025-11-12,2026-05-05,Transferred,ALT / English Teacher,107,Monthly,0,0,Client Request,CAN000488,Andres,,Brown,1984-06-05,Male,French,Filipino,Japan,Diploma,Linguistics,C2,N3,Eligible,Teacher,2025-07-04,Kita Elementary School,Public Junior High School,Tokyo,Nerima,2023-06-03,2027-07-20,Inactive,5,3,2,0,60.0
ASG001518,DUD100986,CLI0022,2026-05-23,,Active,Senior Teacher,97,Six-Month,0,0,Client Request,CAN000488,Andres,,Brown,1984-06-05,Male,French,Filipino,Japan,Diploma,Linguistics,C2,N3,Eligible,Teacher,2025-07-04,Kita Junior High School,High School,Saitama,Warabi,2020-11-12,,Active,3,3,0,0,100.0
ASG001519,DUD100987,CLI0226,2022-07-24,,Active,Experienced Teacher,48,Monthly,0,0,Initial Assignment,CAN000643,Matthew,,Lopez,1999-12-07,Non-binary,Brazilian,Brazilian,Japan,Master's Degree,Business,B2,N3,Eligible,Teacher,2024-08-11,Takashima Education Center,Kindergarten,Chiba,Urayasu,2025-11-09,2028-05-26,Inactive,12,8,1,0,66.67
ASG001520,DUD100988,CLI0063,2023-12-27,,Active,ALT / English Teacher,55,Monthly,0,0,Replacement,CAN001779,Maria,,Jackson,1992-02-12,Non-binary,Japanese,Filipino,Japan,Diploma,Linguistics,B2,Basic,Eligible,Teacher,2022-09-09,Koganei Elementary School,Private School,Tokyo,Edogawa,2025-11-18,,Active,12,10,1,0,83.33
ASG001521,DUD100989,CLI0076,2023-01-09,,Active,ALT / English Teacher,57,Annual,0,0,Staffing Demand,CAN000266,Sofia,,Martin,1997-01-13,Non-binary,Mexican,Mexican,Japan,Master's Degree,English,C1,N1,Eligible,Teacher,2021-07-03,Kizuna High School,Public Junior High School,Tokyo,Edogawa,2025-03-19,,Active,12,10,2,0,83.33
ASG001522,DUD100990,CLI0156,2021-11-18,,Active,Trainer,49,Monthly,0,0,Staffing Demand,CAN001941,James,,White,1982-05-19,Female,Australian,Japanese,Japan,Diploma,Linguistics,Native,N3,Eligible,Teacher,2025-02-12,Musashino Elementary School,Public Elementary School,Chiba,Matsudo,2026-03-30,,Active,12,10,0,0,83.33
ASG001523,DUD100991,CLI0158,2025-03-19,2026-06-08,Renewed,Senior Teacher,59,Monthly,0,0,Staffing Demand,CAN000915,Robert,,Torres,1980-02-14,Male,Australian,Mexican,Japan,Master's Degree,Linguistics,B2,N1,Eligible,Teacher,2026-04-13,Meisei High School,Public Elementary School,Kanagawa,Kawasaki,2025-02-15,,Active,12,11,0,0,91.67
ASG001524,DUD100992,CLI0279,2024-12-27,2025-12-11,Renewed,ALT / English Teacher,60,Six-Month,0,0,Initial Assignment,CAN001053,Christopher,,Smith,1982-07-18,Male,Spanish,Brazilian,Japan,Master's Degree,Psychology,C1,N3,Eligible,Teacher,2021-11-11,Shinmei Education Center,Education Center,Tokyo,Nerima,2019-07-15,,Active,11,8,1,0,72.73
ASG001525,DUD100992,CLI0075,2025-12-13,,Active,Experienced Teacher,32,Three-Month,0,0,Transfer,CAN001053,Christopher,,Smith,1982-07-18,Male,Spanish,Brazilian,Japan,Master's Degree,Psychology,C1,N3,Eligible,Teacher,2021-11-11,Akebono Junior High School,High School,Tokyo,Koganei,2019-07-27,2021-10-07,Inactive,8,8,0,0,100.0
ASG001526,DUD100993,CLI0265,2023-05-26,2023-10-26,Completed,ALT / English Teacher,65,Six-Month,0,0,Replacement,CAN001818,Sofia,,Perez,1997-11-01,Non-binary,Australian,Spanish,Japan,Master's Degree,Psychology,Native,N3,Eligible,Teacher,2024-09-03,Sakura Junior High School,Public Elementary School,Saitama,Kawaguchi,2024-09-23,,Active,5,4,1,0,80.0
ASG001527,DUD100994,CLI0270,2023-02-15,2023-09-23,Transferred,Experienced Teacher,29,Three-Month,0,0,Initial Assignment,CAN000282,Jessica,,Johnson,2000-11-11,Non-binary,Canadian,Spanish,Japan,Associate Degree,Business,C1,N2,Eligible,Teacher,2025-11-25,Nerima Academy,High School,Chiba,Urayasu,2019-08-19,,Active,7,5,0,0,71.43
ASG001528,DUD100994,CLI0087,2023-10-14,,Active,Senior Teacher,63,Three-Month,0,0,Client Request,CAN000282,Jessica,,Johnson,2000-11-11,Non-binary,Canadian,Spanish,Japan,Associate Degree,Business,C1,N2,Eligible,Teacher,2025-11-25,Kizuna High School,Public Elementary School,Kanagawa,Yamato,2025-01-04,,Active,12,6,2,0,50.0
ASG001529,DUD100995,CLI0079,2022-05-02,,Active,Senior Teacher,39,Six-Month,0,0,Transfer,CAN001019,Michael,,Thompson,1992-05-02,Non-binary,Filipino,Filipino,Japan,Diploma,Education,B2,N2,Eligible,Teacher,2022-03-13,Tsubaki Academy,High School,Chiba,Funabashi,2021-01-28,,Active,12,8,2,0,66.67
ASG001530,DUD100996,CLI0261,2021-11-05,2022-05-17,Ended,ALT / English Teacher,57,Six-Month,0,0,Client Request,CAN000086,Marco,,Garcia,1996-06-14,Prefer not to say,Canadian,Mexican,Japan,Diploma,English,B2,N1,Eligible,Teacher,2023-03-02,Shinmei Elementary School,Private School,Tokyo,Kita,2022-12-08,,Active,6,6,0,0,100.0
ASG001531,DUD100996,CLI0098,2022-05-28,,Active,ALT / English Teacher,102,Three-Month,0,0,Transfer,CAN000086,Marco,,Garcia,1996-06-14,Prefer not to say,Canadian,Mexican,Japan,Diploma,English,B2,N1,Eligible,Teacher,2023-03-02,Meisei Elementary School,Public Junior High School,Saitama,Toda,2024-03-26,,Active,12,9,2,0,75.0
ASG001532,DUD100997,CLI0290,2025-11-24,2027-01-20,Transferred,ALT / English Teacher,83,Monthly,0,0,Replacement,CAN000891,Hannah,,Jackson,1990-10-15,Female,Filipino,Canadian,Japan,Diploma,Psychology,C2,Basic,Eligible,Teacher,2021-07-16,Koganei High School,English School,Chiba,Chiba,2019-03-31,,Active,12,10,0,0,83.33
ASG001533,DUD100997,CLI0110,2027-01-29,2028-02-23,Completed,ALT / English Teacher,104,Six-Month,0,0,Staffing Demand,CAN000891,Hannah,,Jackson,1990-10-15,Female,Filipino,Canadian,Japan,Diploma,Psychology,C2,Basic,Eligible,Teacher,2021-07-16,Midori Junior High School,High School,Kanagawa,Yokohama,2021-07-06,,Active,12,9,0,0,75.0
ASG001534,DUD100998,CLI0132,2022-03-15,2022-12-31,Transferred,ALT / English Teacher,104,Three-Month,0,0,Initial Assignment,CAN000137,John,,Jackson,1995-05-11,Prefer not to say,British,Canadian,Japan,Bachelor's Degree,English,B2,N2,Eligible,Teacher,2021-03-30,Kawaguchi Elementary School,Kindergarten,Chiba,Kashiwa,2025-09-10,,Active,9,8,1,0,88.89
ASG001535,DUD100998,CLI0193,2023-01-29,,Active,Senior Teacher,35,Annual,0,0,Replacement,CAN000137,John,,Jackson,1995-05-11,Prefer not to say,British,Canadian,Japan,Bachelor's Degree,English,B2,N2,Eligible,Teacher,2021-03-30,Nerima International School,Public Junior High School,Saitama,Toda,2023-08-28,,Active,12,10,0,0,83.33
ASG001536,DUD100999,CLI0162,2021-02-23,2022-02-08,Transferred,Experienced Teacher,20,Three-Month,0,0,Transfer,CAN000299,Jessica,,Allen,1999-09-03,Prefer not to say,Mexican,Mexican,Japan,Associate Degree,Other,C1,,Eligible,Teacher,2025-03-22,Kawaguchi High School,Public Elementary School,Kanagawa,Yamato,2025-09-27,,Active,11,10,0,0,90.91
ASG001537,DUD101000,CLI0111,2025-07-02,2026-08-20,Transferred,Experienced Teacher,100,Six-Month,0,0,Client Request,CAN000069,Laura,,Davis,2003-07-06,Non-binary,British,Mexican,Japan,Associate Degree,Psychology,Native,N3,Eligible,Teacher,2021-07-31,Haruka Elementary School,English School,Kanagawa,Sagamihara,2020-05-17,,Active,12,7,2,0,58.33
ASG001538,DUD101001,CLI0255,2025-05-11,2026-09-27,Transferred,ALT / English Teacher,91,Annual,0,0,Transfer,CAN001025,Christopher,,King,1989-04-07,Male,Japanese,Brazilian,Japan,Master's Degree,Psychology,C2,Basic,Eligible,Teacher,2022-03-08,Haruka Academy,Education Center,Saitama,Kawaguchi,2020-03-22,,Active,12,10,0,0,83.33
ASG001539,DUD101001,CLI0056,2026-10-14,2028-02-19,Ended,ALT / English Teacher,22,Annual,0,0,Client Request,CAN001025,Christopher,,King,1989-04-07,Male,Japanese,Brazilian,Japan,Master's Degree,Psychology,C2,Basic,Eligible,Teacher,2022-03-08,Takashima Elementary School,Public Elementary School,Chiba,Matsudo,2022-09-28,,Active,12,11,1,0,91.67
ASG001540,DUD101001,CLI0152,2028-03-12,2028-12-02,Completed,ALT / English Teacher,22,Monthly,0,0,Transfer,CAN001025,Christopher,,King,1989-04-07,Male,Japanese,Brazilian,Japan,Master's Degree,Psychology,C2,Basic,Eligible,Teacher,2022-03-08,Meisei International School,English School,Tokyo,Tachikawa,2025-01-26,,Active,8,6,0,0,75.0
ASG001541,DUD101002,CLI0061,2023-12-30,2025-05-26,Completed,ALT / English Teacher,45,Monthly,0,0,Staffing Demand,CAN001827,Diego,,Gonzalez,1992-03-25,Male,Mexican,British,Japan,Diploma,Business,B2,N1,Eligible,Teacher,2023-12-26,Takashima High School,Private School,Saitama,Toda,2020-09-12,,Active,12,12,0,0,100.0
ASG001542,DUD101002,CLI0272,2025-06-14,,Active,Experienced Teacher,74,Three-Month,0,0,Replacement,CAN001827,Diego,,Gonzalez,1992-03-25,Male,Mexican,British,Japan,Diploma,Business,B2,N1,Eligible,Teacher,2023-12-26,Sakura Junior High School,Education Center,Chiba,Matsudo,2023-11-25,,Active,12,12,0,0,100.0
ASG001543,DUD101003,CLI0243,2025-04-20,,Active,Trainer,43,Six-Month,0,0,Initial Assignment,CAN001492,Daniel,,Perez,1989-07-05,Prefer not to say,Filipino,French,Japan,Bachelor's Degree,Psychology,B2,N2,Eligible,Teacher,2026-05-27,Hikari Junior High School,English School,Kanagawa,Fujisawa,2021-09-04,,Active,12,11,1,0,91.67
ASG001544,DUD101004,CLI0260,2021-04-26,,Active,ALT / English Teacher,78,Annual,0,0,Client Request,CAN001804,Ana,,Anderson,2000-05-16,Non-binary,Japanese,Canadian,Japan,Associate Degree,Psychology,C2,N2,Eligible,Teacher,2026-01-14,Koyo Elementary School,Public Elementary School,Tokyo,Kita,2025-03-25,,Active,12,10,1,0,83.33
ASG001545,DUD101005,CLI0236,2021-03-28,2022-02-02,Transferred,Senior Teacher,86,Monthly,0,0,Staffing Demand,CAN001447,Michael,,Brown,1990-04-05,Prefer not to say,American,British,Japan,Diploma,Psychology,Native,,Eligible,Teacher,2025-02-11,Meisei Elementary School,Private School,Tokyo,Edogawa,2021-05-21,2025-01-06,Inactive,10,10,0,0,100.0
ASG001546,DUD101005,CLI0198,2022-02-21,,Active,Senior Teacher,75,Annual,0,0,Client Request,CAN001447,Michael,,Brown,1990-04-05,Prefer not to say,American,British,Japan,Diploma,Psychology,Native,,Eligible,Teacher,2025-02-11,Ota High School,Public Elementary School,Kanagawa,Yamato,2022-08-29,,Active,12,9,0,0,75.0
ASG001547,DUD101006,CLI0217,2024-04-26,2024-12-12,Renewed,ALT / English Teacher,73,Six-Month,0,0,Transfer,CAN001702,Robert,,White,1984-07-26,Female,Australian,Japanese,Japan,Master's Degree,English,C2,,Eligible,Teacher,2024-09-26,Koganei Education Center,Private School,Kanagawa,Kawasaki,2024-01-12,,Active,7,7,0,0,100.0
ASG001548,DUD101006,CLI0125,2024-12-19,,Active,Senior Teacher,112,Annual,0,0,Staffing Demand,CAN001702,Robert,,White,1984-07-26,Female,Australian,Japanese,Japan,Master's Degree,English,C2,,Eligible,Teacher,2024-09-26,Kizuna Junior High School,English School,Saitama,Toda,2019-10-07,,Active,12,9,1,0,75.0
ASG001549,DUD101007,CLI0281,2022-09-05,2023-07-20,Transferred,ALT / English Teacher,54,Six-Month,0,0,Transfer,CAN001409,Sarah,,Moore,1987-02-26,Non-binary,Australian,Japanese,Japan,Bachelor's Degree,Business,C1,N1,Eligible,Teacher,2026-03-09,Kita Junior High School,English School,Chiba,Ichikawa,2023-10-27,,Active,10,9,0,0,90.0
ASG001550,DUD101007,CLI0021,2023-08-15,2024-12-19,Renewed,Experienced Teacher,44,Three-Month,0,0,Client Request,CAN001409,Sarah,,Moore,1987-02-26,Non-binary,Australian,Japanese,Japan,Bachelor's Degree,Business,C1,N1,Eligible,Teacher,2026-03-09,Sakura International School,Kindergarten,Kanagawa,Yokohama,2025-08-22,2027-08-07,Inactive,12,9,2,0,75.0
ASG001551,DUD101007,CLI0178,2024-12-29,2025-05-13,Completed,Experienced Teacher,30,Three-Month,0,0,Staffing Demand,CAN001409,Sarah,,Moore,1987-02-26,Non-binary,Australian,Japanese,Japan,Bachelor's Degree,Business,C1,N1,Eligible,Teacher,2026-03-09,Sakura High School,Education Center,Tokyo,Nerima,2020-03-28,,Active,4,3,0,0,75.0
ASG001552,DUD101008,CLI0154,2024-07-25,2024-12-21,Ended,Experienced Teacher,62,Monthly,0,0,Transfer,CAN000198,Hannah,,Smith,1990-04-14,Female,Mexican,British,Japan,Diploma,Business,Native,Basic,Eligible,Teacher,2023-10-13,Asahi International School,Private School,Tokyo,Nerima,2021-02-20,,Active,5,4,0,0,80.0
ASG001553,DUD101008,CLI0078,2024-12-31,2025-05-18,Transferred,ALT / English Teacher,114,Three-Month,0,0,Staffing Demand,CAN000198,Hannah,,Smith,1990-04-14,Female,Mexican,British,Japan,Diploma,Business,Native,Basic,Eligible,Teacher,2023-10-13,Haruka International School,Education Center,Chiba,Kashiwa,2023-10-31,,Active,4,4,0,0,100.0
ASG001554,DUD101009,CLI0019,2021-11-07,2022-12-11,Transferred,Senior Teacher,89,Six-Month,0,0,Replacement,CAN000510,John,,Sanchez,1980-09-06,Non-binary,Brazilian,British,Japan,Diploma,Other,C1,N1,Eligible,Teacher,2024-04-28,Haruka Elementary School,Kindergarten,Saitama,Kawaguchi,2022-08-12,,Active,12,12,0,0,100.0
ASG001555,DUD101010,CLI0127,2022-08-13,2023-07-22,Renewed,Trainer,55,Six-Month,0,0,Transfer,CAN000283,Laura,,Johnson,1996-01-21,Male,British,Spanish,Japan,Master's Degree,Linguistics,C1,N3,Eligible,Teacher,2025-07-11,Ota High School,English School,Kanagawa,Fujisawa,2026-01-09,,Active,11,10,0,0,90.91
ASG001556,DUD101010,CLI0143,2023-07-30,2024-07-01,Renewed,Experienced Teacher,80,Six-Month,0,0,Transfer,CAN000283,Laura,,Johnson,1996-01-21,Male,British,Spanish,Japan,Master's Degree,Linguistics,C1,N3,Eligible,Teacher,2025-07-11,Kizuna International School,Education Center,Kanagawa,Kawasaki,2022-11-28,,Active,11,7,2,0,63.64
ASG001557,DUD101010,CLI0169,2024-07-06,2025-01-25,Ended,Experienced Teacher,118,Annual,0,0,Initial Assignment,CAN000283,Laura,,Johnson,1996-01-21,Male,British,Spanish,Japan,Master's Degree,Linguistics,C1,N3,Eligible,Teacher,2025-07-11,Meisei International School,Kindergarten,Saitama,Warabi,2023-05-15,,Active,6,5,0,0,83.33
ASG001558,DUD101011,CLI0040,2021-10-17,2022-12-08,Renewed,ALT / English Teacher,102,Six-Month,0,0,Replacement,CAN001262,Luis,,Thompson,1984-02-17,Male,American,Brazilian,Japan,Master's Degree,Education,C1,Basic,Eligible,Teacher,2022-06-26,Sakura Academy,Private School,Saitama,Saitama,2019-05-15,,Active,12,10,0,0,83.33
ASG001559,DUD101012,CLI0147,2021-02-06,2022-02-21,Renewed,Senior Teacher,94,Monthly,0,0,Client Request,CAN000312,Sarah,,Martinez,2002-07-24,Prefer not to say,Mexican,Mexican,Japan,Associate Degree,Education,Native,,Eligible,Teacher,2026-01-04,Asahi High School,Public Junior High School,Saitama,Saitama,2020-01-26,,Active,12,10,1,0,83.33
ASG001560,DUD101012,CLI0104,2022-03-14,,Active,Senior Teacher,95,Annual,0,0,Transfer,CAN000312,Sarah,,Martinez,2002-07-24,Prefer not to say,Mexican,Mexican,Japan,Associate Degree,Education,Native,,Eligible,Teacher,2026-01-04,Nerima Education Center,High School,Tokyo,Tachikawa,2021-01-05,2023-02-06,Inactive,12,9,2,0,75.0
ASG001561,DUD101013,CLI0080,2021-10-19,2023-01-03,Renewed,Senior Teacher,65,Three-Month,0,0,Staffing Demand,CAN001520,Emily,,Lopez,1987-03-16,Non-binary,American,Brazilian,Japan,Master's Degree,English,B2,N3,Eligible,Teacher,2024-03-28,Musashino Education Center,High School,Saitama,Kawagoe,2023-11-15,,Active,12,10,0,0,83.33
ASG001562,DUD101014,CLI0236,2022-03-26,2023-05-10,Transferred,ALT / English Teacher,34,Three-Month,0,0,Replacement,CAN000241,Andres,,Young,1981-08-14,Non-binary,French,Australian,Japan,Diploma,Psychology,Native,N1,Eligible,Teacher,2021-08-15,Meisei Elementary School,Private School,Tokyo,Edogawa,2021-05-21,2025-01-06,Inactive,12,10,0,0,83.33
ASG001563,DUD101015,CLI0296,2024-03-24,2025-07-30,Transferred,ALT / English Teacher,30,Three-Month,0,0,Replacement,CAN000193,Emma,,Lopez,1993-01-12,Female,Japanese,French,Japan,Diploma,Other,B2,N1,Eligible,Teacher,2024-05-21,Haruka Education Center,Private School,Kanagawa,Kawasaki,2024-06-13,,Active,12,8,2,0,66.67
ASG001564,DUD101016,CLI0170,2025-12-27,2026-10-19,Transferred,ALT / English Teacher,109,Six-Month,0,0,Staffing Demand,CAN000096,Jessica,,Hernandez,1996-02-22,Female,Japanese,French,Japan,Diploma,Psychology,C2,N2,Eligible,Teacher,2022-12-14,Kita High School,Public Elementary School,Saitama,Saitama,2019-05-31,,Active,9,8,0,0,88.89
ASG001565,DUD101016,CLI0248,2026-11-14,,Active,Experienced Teacher,49,Six-Month,0,0,Replacement,CAN000096,Jessica,,Hernandez,1996-02-22,Female,Japanese,French,Japan,Diploma,Psychology,C2,N2,Eligible,Teacher,2022-12-14,Asahi Academy,Public Elementary School,Chiba,Funabashi,2020-05-13,,Active,1,1,0,0,100.0
ASG001566,DUD101017,CLI0070,2024-05-29,,Active,Experienced Teacher,118,Monthly,0,0,Transfer,CAN001348,Daniel,,Walker,1984-12-08,Female,Canadian,Japanese,Japan,Bachelor's Degree,Linguistics,B2,N3,Eligible,Teacher,2024-02-15,Sakura Elementary School,Public Junior High School,Saitama,Toda,2025-05-15,,Active,12,11,1,0,91.67
ASG001567,DUD101018,CLI0202,2025-03-18,,Active,ALT / English Teacher,95,Three-Month,0,0,Replacement,CAN001735,Matthew,,Torres,1981-03-25,Male,British,Canadian,Japan,Diploma,Education,B2,N2,Eligible,Teacher,2022-02-27,Tsubaki Elementary School,High School,Kanagawa,Kawasaki,2023-08-14,,Active,12,11,0,0,91.67
ASG001568,DUD101019,CLI0296,2022-10-26,,Active,Experienced Teacher,116,Monthly,0,0,Staffing Demand,CAN001576,Miguel,,Martin,1994-02-19,Non-binary,American,Australian,Japan,Diploma,Psychology,B2,N3,Eligible,Teacher,2025-05-27,Haruka Education Center,Private School,Kanagawa,Kawasaki,2024-06-13,,Active,12,11,0,0,91.67
ASG001569,DUD101020,CLI0292,2023-02-05,2023-06-19,Renewed,ALT / English Teacher,36,Six-Month,0,0,Replacement,CAN001901,David,,Brown,1998-08-07,Non-binary,Spanish,Mexican,Japan,Bachelor's Degree,Education,C1,N2,Eligible,Teacher,2025-02-27,Kizuna Education Center,Education Center,Tokyo,Edogawa,2023-12-25,,Active,4,3,0,0,75.0
ASG001570,DUD101021,CLI0166,2021-06-17,2022-02-27,Ended,Trainer,120,Annual,0,0,Initial Assignment,CAN001010,William,,Williams,1978-07-01,Male,Mexican,Japanese,Japan,Bachelor's Degree,Education,Native,,Eligible,Teacher,2021-08-07,Nerima Junior High School,Private School,Kanagawa,Yokohama,2024-03-04,,Active,8,7,1,0,87.5
ASG001571,DUD101021,CLI0283,2022-03-17,2022-12-03,Renewed,Experienced Teacher,33,Three-Month,0,0,Transfer,CAN001010,William,,Williams,1978-07-01,Male,Mexican,Japanese,Japan,Bachelor's Degree,Education,Native,,Eligible,Teacher,2021-08-07,Shinmei Academy,Education Center,Kanagawa,Kawasaki,2020-04-13,,Active,8,6,0,0,75.0
ASG001572,DUD101021,CLI0101,2022-12-30,,Active,ALT / English Teacher,52,Three-Month,0,0,Transfer,CAN001010,William,,Williams,1978-07-01,Male,Mexican,Japanese,Japan,Bachelor's Degree,Education,Native,,Eligible,Teacher,2021-08-07,Shinmei International School,Kindergarten,Saitama,Soka,2024-03-31,,Active,12,10,1,0,83.33
ASG001573,DUD101022,CLI0095,2021-06-10,2022-07-13,Transferred,ALT / English Teacher,61,Annual,0,0,Staffing Demand,CAN000325,William,,White,1986-02-02,Male,Filipino,American,Japan,Diploma,English,C2,N2,Eligible,Teacher,2026-05-18,Haruka International School,Private School,Saitama,Kawaguchi,2022-09-27,,Active,12,10,1,0,83.33
ASG001574,DUD101022,CLI0033,2022-07-29,2023-03-15,Completed,Experienced Teacher,106,Annual,0,0,Transfer,CAN000325,William,,White,1986-02-02,Male,Filipino,American,Japan,Diploma,English,C2,N2,Eligible,Teacher,2026-05-18,Haruka International School,English School,Tokyo,Koganei,2026-03-16,,Active,7,7,0,0,100.0
ASG001575,DUD101023,CLI0055,2025-12-25,2026-11-08,Completed,Experienced Teacher,105,Six-Month,0,0,Initial Assignment,CAN001183,Ana,,Sanchez,1986-07-22,Non-binary,Filipino,American,Japan,Associate Degree,Business,C1,N3,Eligible,Teacher,2025-03-06,Kita Education Center,Kindergarten,Kanagawa,Sagamihara,2022-04-12,,Active,10,8,0,0,80.0
ASG001576,DUD101023,CLI0048,2026-11-26,,Active,Experienced Teacher,114,Monthly,0,0,Transfer,CAN001183,Ana,,Sanchez,1986-07-22,Non-binary,Filipino,American,Japan,Associate Degree,Business,C1,N3,Eligible,Teacher,2025-03-06,Ota Junior High School,Education Center,Kanagawa,Yokohama,2024-09-12,2026-06-19,Inactive,1,0,1,0,0.0
ASG001577,DUD101024,CLI0067,2024-09-26,2025-05-26,Renewed,ALT / English Teacher,110,Six-Month,0,0,Client Request,CAN000710,Michael,,Lopez,2003-03-25,Male,Spanish,American,Japan,Diploma,Linguistics,Native,N3,Eligible,Teacher,2024-12-17,Kizuna High School,Public Elementary School,Saitama,Soka,2020-07-29,,Active,8,8,0,0,100.0
ASG001578,DUD101024,CLI0283,2025-06-02,,Active,Trainer,106,Annual,0,0,Staffing Demand,CAN000710,Michael,,Lopez,2003-03-25,Male,Spanish,American,Japan,Diploma,Linguistics,Native,N3,Eligible,Teacher,2024-12-17,Shinmei Academy,Education Center,Kanagawa,Kawasaki,2020-04-13,,Active,12,11,0,0,91.67
ASG001579,DUD101025,CLI0131,2023-02-25,2024-07-15,Transferred,Experienced Teacher,28,Three-Month,0,0,Replacement,CAN000896,David,,White,1983-02-11,Male,Japanese,French,Japan,Bachelor's Degree,Psychology,B2,,Eligible,Teacher,2026-03-13,Asahi High School,Public Junior High School,Saitama,Kawagoe,2024-10-21,2027-04-26,Inactive,12,11,0,0,91.67
ASG001580,DUD101026,CLI0271,2024-08-25,2025-11-15,Transferred,ALT / English Teacher,78,Six-Month,0,0,Transfer,CAN000782,Michael,,Wilson,2000-12-07,Male,Filipino,Canadian,Japan,Master's Degree,Education,B2,N1,Eligible,Teacher,2023-05-05,Nerima Elementary School,Kindergarten,Tokyo,Ota,2019-08-26,,Active,12,8,1,0,66.67
ASG001581,DUD101027,CLI0040,2025-10-14,2027-03-15,Transferred,Trainer,54,Monthly,0,0,Initial Assignment,CAN001148,Thomas,,Hall,1988-11-08,Male,Filipino,Australian,Japan,Bachelor's Degree,Other,C2,N2,Eligible,Teacher,2023-07-22,Sakura Academy,Private School,Saitama,Saitama,2019-05-15,,Active,12,10,0,0,83.33
ASG001582,DUD101027,CLI0299,2027-04-07,2027-09-15,Transferred,Experienced Teacher,52,Monthly,0,0,Transfer,CAN001148,Thomas,,Hall,1988-11-08,Male,Filipino,Australian,Japan,Bachelor's Degree,Other,C2,N2,Eligible,Teacher,2023-07-22,Akebono Junior High School,High School,Chiba,Funabashi,2025-11-23,,Active,5,3,0,0,60.0
ASG001583,DUD101028,CLI0063,2024-02-26,2024-10-03,Completed,ALT / English Teacher,43,Three-Month,0,0,Client Request,CAN001716,Miguel,,Ramirez,1978-04-19,Prefer not to say,American,British,Japan,Master's Degree,Other,C1,N3,Eligible,Teacher,2024-12-02,Koganei Elementary School,Private School,Tokyo,Edogawa,2025-11-18,,Active,7,6,0,0,85.71
ASG001584,DUD101028,CLI0077,2024-10-09,2025-06-10,Transferred,ALT / English Teacher,88,Monthly,0,0,Client Request,CAN001716,Miguel,,Ramirez,1978-04-19,Prefer not to say,American,British,Japan,Master's Degree,Other,C1,N3,Eligible,Teacher,2024-12-02,Hikari Elementary School,Kindergarten,Saitama,Kawaguchi,2019-09-03,2020-06-28,Inactive,8,4,1,0,50.0
ASG001585,DUD101029,CLI0092,2026-01-13,,Active,Experienced Teacher,51,Three-Month,0,0,Client Request,CAN001174,Emily,,Lee,1994-07-28,Female,American,British,Japan,Master's Degree,Psychology,C2,N3,Eligible,Teacher,2023-03-14,Kawaguchi Junior High School,Private School,Kanagawa,Yokohama,2025-10-25,,Active,7,6,0,0,85.71
ASG001586,DUD101030,CLI0180,2023-04-22,2023-10-24,Renewed,ALT / English Teacher,44,Three-Month,0,0,Replacement,CAN000952,Marco,,Allen,1990-03-24,Female,Japanese,French,Japan,Associate Degree,Business,B2,N1,Eligible,Teacher,2026-01-23,Kawaguchi Junior High School,High School,Kanagawa,Fujisawa,2022-07-31,,Active,6,4,1,0,66.67
ASG001587,DUD101030,CLI0178,2023-10-26,,Active,Experienced Teacher,80,Annual,0,0,Replacement,CAN000952,Marco,,Allen,1990-03-24,Female,Japanese,French,Japan,Associate Degree,Business,B2,N1,Eligible,Teacher,2026-01-23,Sakura High School,Education Center,Tokyo,Nerima,2020-03-28,,Active,12,12,0,0,100.0
ASG001588,DUD101031,CLI0222,2026-01-08,2026-12-21,Completed,Senior Teacher,66,Three-Month,0,0,Initial Assignment,CAN001463,Jessica,,Smith,1976-03-21,Prefer not to say,Spanish,Brazilian,Japan,Bachelor's Degree,Linguistics,C2,N1,Eligible,Teacher,2022-12-11,Musashino Elementary School,High School,Kanagawa,Yamato,2022-11-26,,Active,11,9,0,0,81.82
ASG001589,DUD101031,CLI0251,2026-12-29,,Active,Trainer,52,Six-Month,0,0,Client Request,CAN001463,Jessica,,Smith,1976-03-21,Prefer not to say,Spanish,Brazilian,Japan,Bachelor's Degree,Linguistics,C2,N1,Eligible,Teacher,2022-12-11,Ota Education Center,Public Junior High School,Saitama,Saitama,2020-09-07,2021-09-14,Inactive,1,1,0,0,100.0
ASG001590,DUD101032,CLI0273,2023-03-05,2023-07-17,Renewed,Experienced Teacher,92,Three-Month,0,0,Client Request,CAN000694,Daniel,,Anderson,1978-11-18,Non-binary,Japanese,Australian,Japan,Bachelor's Degree,Education,Native,N2,Eligible,Teacher,2023-06-07,Meisei International School,Public Junior High School,Kanagawa,Sagamihara,2026-05-05,,Active,4,3,0,0,75.0
ASG001591,DUD101032,CLI0010,2023-07-27,2023-11-03,Transferred,Senior Teacher,79,Six-Month,0,0,Initial Assignment,CAN000694,Daniel,,Anderson,1978-11-18,Non-binary,Japanese,Australian,Japan,Bachelor's Degree,Education,Native,N2,Eligible,Teacher,2023-06-07,Midori International School,Kindergarten,Chiba,Chiba,2022-09-04,,Active,3,2,1,0,66.67
ASG001592,DUD101032,CLI0037,2023-11-20,,Active,Senior Teacher,98,Monthly,0,0,Replacement,CAN000694,Daniel,,Anderson,1978-11-18,Non-binary,Japanese,Australian,Japan,Bachelor's Degree,Education,Native,N2,Eligible,Teacher,2023-06-07,Midori Junior High School,Public Elementary School,Kanagawa,Sagamihara,2025-11-05,,Active,12,7,0,0,58.33
ASG001593,DUD101033,CLI0296,2022-02-20,2023-01-16,Renewed,Experienced Teacher,26,Annual,0,0,Replacement,CAN001582,Jessica,,Perez,1978-12-19,Non-binary,Mexican,British,Japan,Bachelor's Degree,Psychology,B2,Basic,Eligible,Teacher,2023-06-24,Haruka Education Center,Private School,Kanagawa,Kawasaki,2024-06-13,,Active,11,9,1,0,81.82
ASG001594,DUD101033,CLI0173,2023-02-01,2023-07-10,Renewed,Senior Teacher,82,Monthly,0,0,Client Request,CAN001582,Jessica,,Perez,1978-12-19,Non-binary,Mexican,British,Japan,Bachelor's Degree,Psychology,B2,Basic,Eligible,Teacher,2023-06-24,Musashino International School,Private School,Chiba,Matsudo,2025-08-22,,Active,5,5,0,0,100.0
ASG001595,DUD101034,CLI0003,2025-05-20,2026-04-17,Completed,ALT / English Teacher,114,Six-Month,0,0,Initial Assignment,CAN000264,Sofia,,Williams,1989-01-19,Prefer not to say,American,Brazilian,Japan,Diploma,Business,Native,Basic,Eligible,Teacher,2023-06-10,Koganei High School,Public Elementary School,Saitama,Kawagoe,2025-06-06,,Active,11,10,0,0,90.91
ASG001596,DUD101034,CLI0081,2026-05-03,,Active,Experienced Teacher,66,Monthly,0,0,Staffing Demand,CAN000264,Sofia,,Williams,1989-01-19,Prefer not to say,American,Brazilian,Japan,Diploma,Business,Native,Basic,Eligible,Teacher,2023-06-10,Nerima International School,Public Elementary School,Tokyo,Kita,2023-07-23,,Active,3,2,0,0,66.67
ASG001597,DUD101035,CLI0110,2023-02-17,2024-06-07,Renewed,ALT / English Teacher,63,Monthly,0,0,Client Request,CAN000521,James,,Moore,1996-09-05,Prefer not to say,Spanish,Canadian,Japan,Associate Degree,Business,Native,N1,Eligible,Teacher,2022-09-08,Midori Junior High School,High School,Kanagawa,Yokohama,2021-07-06,,Active,12,10,0,0,83.33
ASG001598,DUD101035,CLI0138,2024-07-05,,Active,ALT / English Teacher,114,Six-Month,0,0,Initial Assignment,CAN000521,James,,Moore,1996-09-05,Prefer not to say,Spanish,Canadian,Japan,Associate Degree,Business,Native,N1,Eligible,Teacher,2022-09-08,Kita Elementary School,Public Elementary School,Chiba,Ichikawa,2022-06-14,,Active,12,9,0,0,75.0
ASG001599,DUD101036,CLI0021,2022-01-15,,Active,ALT / English Teacher,15,Annual,0,0,Replacement,CAN000665,Michael,,Wilson,1993-03-14,Prefer not to say,Japanese,Mexican,Japan,Diploma,Business,C2,Basic,Eligible,Teacher,2026-07-27,Sakura International School,Kindergarten,Kanagawa,Yokohama,2025-08-22,2027-08-07,Inactive,12,9,0,0,75.0
ASG001600,DUD101037,CLI0106,2021-07-10,,Active,Senior Teacher,60,Annual,0,0,Staffing Demand,CAN001110,William,,Jackson,1991-05-13,Prefer not to say,Japanese,Japanese,Japan,Associate Degree,Business,C2,,Eligible,Teacher,2024-12-15,Hikari High School,High School,Kanagawa,Yamato,2025-10-19,,Active,12,11,1,0,91.67
ASG001601,DUD101038,CLI0132,2021-09-13,2022-11-25,Completed,ALT / English Teacher,87,Monthly,0,0,Client Request,CAN001964,Sofia,,Anderson,1990-09-28,Non-binary,Canadian,British,Japan,Associate Degree,Linguistics,C1,N1,Eligible,Teacher,2021-09-03,Kawaguchi Elementary School,Kindergarten,Chiba,Kashiwa,2025-09-10,,Active,12,10,1,0,83.33
ASG001602,DUD101039,CLI0278,2022-06-19,2023-01-15,Ended,ALT / English Teacher,63,Three-Month,0,0,Transfer,CAN001522,Juan,,Miller,1997-05-07,Male,Mexican,Canadian,Japan,Associate Degree,English,C1,Basic,Eligible,Teacher,2024-02-09,Hikari International School,Private School,Chiba,Ichikawa,2020-09-29,,Active,7,5,0,0,71.43
ASG001603,DUD101039,CLI0114,2023-01-17,,Active,ALT / English Teacher,108,Annual,0,0,Initial Assignment,CAN001522,Juan,,Miller,1997-05-07,Male,Mexican,Canadian,Japan,Associate Degree,English,C1,Basic,Eligible,Teacher,2024-02-09,Haruka International School,Private School,Saitama,Saitama,2024-07-18,,Active,12,7,0,0,58.33
ASG001604,DUD101040,CLI0007,2021-01-06,2021-10-08,Ended,Senior Teacher,84,Annual,0,0,Client Request,CAN000093,Andres,,Brown,1994-04-12,Female,Australian,Filipino,Japan,Bachelor's Degree,Psychology,B2,N2,Eligible,Teacher,2024-06-24,Kawaguchi Junior High School,Kindergarten,Chiba,Ichikawa,2022-08-29,,Active,9,8,0,0,88.89
ASG001605,DUD101041,CLI0217,2021-12-25,2022-10-12,Transferred,ALT / English Teacher,61,Six-Month,0,0,Replacement,CAN000131,Thomas,,Taylor,1977-05-18,Non-binary,Filipino,Australian,Japan,Bachelor's Degree,Business,C2,,Eligible,Teacher,2021-12-14,Koganei Education Center,Private School,Kanagawa,Kawasaki,2024-01-12,,Active,9,8,0,0,88.89
ASG001606,DUD101042,CLI0078,2021-07-06,2022-02-16,Completed,Senior Teacher,65,Three-Month,0,0,Staffing Demand,CAN000143,Olivia,,Martin,1983-04-13,Female,Filipino,British,Japan,Diploma,Education,C1,,Eligible,Teacher,2026-03-25,Haruka International School,Education Center,Chiba,Kashiwa,2023-10-31,,Active,7,6,0,0,85.71
ASG001607,DUD101042,CLI0225,2022-02-27,,Active,ALT / English Teacher,70,Monthly,0,0,Client Request,CAN000143,Olivia,,Martin,1983-04-13,Female,Filipino,British,Japan,Diploma,Education,C1,,Eligible,Teacher,2026-03-25,Takashima High School,Public Elementary School,Saitama,Warabi,2023-11-02,,Active,12,9,2,0,75.0
ASG001608,DUD101043,CLI0128,2021-07-11,2022-05-01,Completed,Experienced Teacher,67,Three-Month,0,0,Replacement,CAN000901,Thomas,,Johnson,1981-02-04,Female,British,French,Japan,Master's Degree,Business,B2,,Eligible,Teacher,2021-09-22,Tsubaki Junior High School,Education Center,Chiba,Urayasu,2022-11-06,,Active,9,8,0,0,88.89
ASG001609,DUD101043,CLI0153,2022-05-31,,Active,Senior Teacher,45,Annual,0,0,Transfer,CAN000901,Thomas,,Johnson,1981-02-04,Female,British,French,Japan,Master's Degree,Business,B2,,Eligible,Teacher,2021-09-22,Meisei High School,High School,Saitama,Saitama,2023-05-27,2024-06-05,Inactive,12,9,1,0,75.0
ASG001610,DUD101044,CLI0061,2024-05-31,2025-04-23,Renewed,ALT / English Teacher,82,Monthly,0,0,Client Request,CAN000557,William,,Rodriguez,1982-02-22,Male,Australian,Brazilian,Japan,Diploma,Psychology,Native,N3,Eligible,Teacher,2021-04-14,Takashima High School,Private School,Saitama,Toda,2020-09-12,,Active,10,9,1,0,90.0
ASG001611,DUD101044,CLI0221,2025-05-13,2025-12-05,Transferred,Experienced Teacher,29,Monthly,0,0,Client Request,CAN000557,William,,Rodriguez,1982-02-22,Male,Australian,Brazilian,Japan,Diploma,Psychology,Native,N3,Eligible,Teacher,2021-04-14,Haruka Education Center,High School,Chiba,Ichikawa,2019-10-29,2021-07-29,Inactive,6,3,2,0,50.0
ASG001612,DUD101045,CLI0180,2025-03-31,,Active,ALT / English Teacher,61,Annual,0,0,Staffing Demand,CAN000305,Hannah,,Brown,2001-03-04,Non-binary,British,British,Japan,Associate Degree,Education,C1,N2,Eligible,Teacher,2025-09-23,Kawaguchi Junior High School,High School,Kanagawa,Fujisawa,2022-07-31,,Active,12,8,1,0,66.67
ASG001613,DUD101046,CLI0091,2024-02-13,2024-06-19,Ended,ALT / English Teacher,37,Three-Month,0,0,Initial Assignment,CAN000834,Laura,,Torres,1991-01-10,Female,Spanish,Japanese,Japan,Master's Degree,Psychology,C1,N1,Eligible,Teacher,2025-07-07,Sakura Academy,Private School,Tokyo,Edogawa,2026-01-29,,Active,4,3,0,0,75.0
ASG001614,DUD101046,CLI0099,2024-07-03,,Active,Experienced Teacher,113,Monthly,0,0,Client Request,CAN000834,Laura,,Torres,1991-01-10,Female,Spanish,Japanese,Japan,Master's Degree,Psychology,C1,N1,Eligible,Teacher,2025-07-07,Nerima International School,Education Center,Tokyo,Hachioji,2025-12-21,,Active,12,12,0,0,100.0
ASG001615,DUD101047,CLI0074,2021-09-19,2023-01-01,Renewed,Senior Teacher,47,Annual,0,0,Initial Assignment,CAN001323,Jessica,,Rodriguez,1979-06-04,Female,Spanish,British,Japan,Bachelor's Degree,Psychology,Native,N2,Eligible,Teacher,2022-09-19,Kita Elementary School,Public Junior High School,Tokyo,Nerima,2023-06-03,2027-07-20,Inactive,12,6,2,0,50.0
ASG001616,DUD101047,CLI0041,2023-01-06,,Active,ALT / English Teacher,62,Monthly,0,0,Client Request,CAN001323,Jessica,,Rodriguez,1979-06-04,Female,Spanish,British,Japan,Bachelor's Degree,Psychology,Native,N2,Eligible,Teacher,2022-09-19,Midori Junior High School,Kindergarten,Chiba,Kashiwa,2025-09-17,,Active,12,11,0,0,91.67
ASG001617,DUD101048,CLI0221,2022-03-11,,Active,ALT / English Teacher,103,Three-Month,0,0,Replacement,CAN000267,Christopher,,Lee,1995-06-13,Non-binary,Spanish,Canadian,Japan,Bachelor's Degree,Other,Native,,Eligible,Teacher,2023-11-16,Haruka Education Center,High School,Chiba,Ichikawa,2019-10-29,2021-07-29,Inactive,12,11,0,0,91.67
ASG001618,DUD101049,CLI0140,2025-11-16,,Active,Trainer,77,Three-Month,0,0,Replacement,CAN000296,Sofia,,Brown,1996-02-28,Male,Mexican,British,Japan,Bachelor's Degree,Business,C2,N3,Eligible,Teacher,2021-03-16,Kizuna Junior High School,Kindergarten,Kanagawa,Fujisawa,2020-11-14,,Active,9,6,3,0,66.67
ASG001619,DUD101050,CLI0102,2021-06-15,2022-09-13,Renewed,ALT / English Teacher,80,Annual,0,0,Staffing Demand,CAN001727,Maria,,Martin,1977-02-14,Prefer not to say,British,Filipino,Japan,Associate Degree,Education,C2,N1,Eligible,Teacher,2024-03-28,Midori High School,Public Elementary School,Saitama,Warabi,2026-04-27,,Active,12,11,1,0,91.67
ASG001620,DUD101050,CLI0149,2022-09-17,2023-05-14,Renewed,Experienced Teacher,26,Three-Month,0,0,Replacement,CAN001727,Maria,,Martin,1977-02-14,Prefer not to say,British,Filipino,Japan,Associate Degree,Education,C2,N1,Eligible,Teacher,2024-03-28,Haruka Junior High School,Private School,Tokyo,Tachikawa,2025-03-19,,Active,8,7,1,0,87.5
ASG001621,DUD101051,CLI0073,2024-01-17,2024-06-22,Ended,Senior Teacher,112,Six-Month,0,0,Replacement,CAN001121,Alejandro,,Gonzalez,1994-06-18,Prefer not to say,Canadian,British,Japan,Master's Degree,Business,Native,N1,Eligible,Teacher,2024-12-14,Koganei Junior High School,Kindergarten,Kanagawa,Yamato,2024-02-27,,Active,5,3,0,0,60.0
ASG001622,DUD101051,CLI0259,2024-06-26,2025-04-13,Renewed,ALT / English Teacher,94,Monthly,0,0,Transfer,CAN001121,Alejandro,,Gonzalez,1994-06-18,Prefer not to say,Canadian,British,Japan,Master's Degree,Business,Native,N1,Eligible,Teacher,2024-12-14,Ota Elementary School,Kindergarten,Tokyo,Katsushika,2019-11-07,,Active,9,7,0,0,77.78
ASG001623,DUD101052,CLI0214,2023-12-14,2024-05-26,Renewed,Experienced Teacher,92,Annual,0,0,Transfer,CAN000290,Diego,,Anderson,1990-01-13,Prefer not to say,American,Japanese,Japan,Bachelor's Degree,Education,Native,N2,Eligible,Teacher,2024-01-02,Kita Academy,Kindergarten,Kanagawa,Fujisawa,2024-09-21,,Active,5,5,0,0,100.0
ASG001624,DUD101052,CLI0035,2024-06-22,,Active,ALT / English Teacher,76,Six-Month,0,0,Staffing Demand,CAN000290,Diego,,Anderson,1990-01-13,Prefer not to say,American,Japanese,Japan,Bachelor's Degree,Education,Native,N2,Eligible,Teacher,2024-01-02,Akebono Academy,Public Junior High School,Saitama,Toda,2021-01-30,2023-06-07,Inactive,12,10,0,0,83.33
ASG001625,DUD101053,CLI0111,2025-06-12,2026-07-26,Transferred,Experienced Teacher,60,Six-Month,0,0,Client Request,CAN000404,Jose,,Ramirez,1982-01-26,Non-binary,French,Australian,Japan,Associate Degree,Education,C1,N1,Eligible,Teacher,2021-09-03,Haruka Elementary School,English School,Kanagawa,Sagamihara,2020-05-17,,Active,12,9,0,0,75.0
ASG001626,DUD101053,CLI0250,2026-08-15,2027-05-12,Renewed,Experienced Teacher,65,Monthly,0,0,Replacement,CAN000404,Jose,,Ramirez,1982-01-26,Non-binary,French,Australian,Japan,Associate Degree,Education,C1,N1,Eligible,Teacher,2021-09-03,Tsubaki High School,Education Center,Tokyo,Itabashi,2024-11-21,,Active,9,8,0,0,88.89
ASG001627,DUD101054,CLI0074,2026-01-14,,Active,ALT / English Teacher,45,Monthly,0,0,Client Request,CAN001466,Sarah,,Jackson,1990-03-17,Prefer not to say,Spanish,Filipino,Japan,Diploma,Other,C2,N3,Eligible,Teacher,2022-06-21,Kita Elementary School,Public Junior High School,Tokyo,Nerima,2023-06-03,2027-07-20,Inactive,7,6,1,0,85.71
ASG001628,DUD101055,CLI0196,2024-08-26,,Active,Experienced Teacher,83,Monthly,0,0,Replacement,CAN000830,Ana,,Martinez,1999-11-04,Non-binary,Brazilian,Australian,Japan,Bachelor's Degree,Education,Native,N1,Eligible,Teacher,2021-12-16,Asahi Education Center,High School,Saitama,Koshigaya,2025-09-29,,Active,12,11,0,0,91.67
ASG001629,DUD101056,CLI0140,2022-08-03,,Active,ALT / English Teacher,77,Three-Month,0,0,Initial Assignment,CAN001858,Laura,,Lopez,2001-01-27,Prefer not to say,Mexican,Mexican,Japan,Diploma,Business,Native,N1,Eligible,Teacher,2023-05-09,Kizuna Junior High School,Kindergarten,Kanagawa,Fujisawa,2020-11-14,,Active,12,11,0,0,91.67
ASG001630,DUD101057,CLI0044,2025-09-27,,Active,ALT / English Teacher,35,Three-Month,0,0,Staffing Demand,CAN000037,Diego,,Walker,2000-10-23,Male,Japanese,American,Japan,Associate Degree,Business,B2,N1,Eligible,Teacher,2023-09-05,Nerima Junior High School,Private School,Chiba,Ichikawa,2021-07-30,,Active,10,9,0,0,90.0
ASG001631,DUD101058,CLI0295,2022-12-25,2024-02-26,Renewed,ALT / English Teacher,36,Three-Month,0,0,Transfer,CAN001343,David,,Smith,1991-07-19,Non-binary,Filipino,Filipino,Japan,Diploma,Psychology,C2,,Eligible,Teacher,2022-12-07,Tsubaki Junior High School,Public Junior High School,Kanagawa,Fujisawa,2022-02-23,,Active,12,11,1,0,91.67
ASG001632,DUD101058,CLI0206,2024-03-21,,Active,ALT / English Teacher,111,Annual,0,0,Initial Assignment,CAN001343,David,,Smith,1991-07-19,Non-binary,Filipino,Filipino,Japan,Diploma,Psychology,C2,,Eligible,Teacher,2022-12-07,Nerima Education Center,Education Center,Saitama,Kawagoe,2023-03-30,,Active,12,10,2,0,83.33
ASG001633,DUD101059,CLI0009,2025-06-22,2026-06-02,Transferred,ALT / English Teacher,28,Three-Month,0,0,Initial Assignment,CAN001945,Christopher,,Smith,1979-05-26,Female,Australian,American,Japan,Diploma,English,Native,N2,Eligible,Teacher,2024-02-23,Hikari High School,English School,Tokyo,Kita,2019-09-15,,Active,11,9,0,0,81.82
ASG001634,DUD101059,CLI0077,2026-06-27,2026-11-26,Renewed,Experienced Teacher,42,Monthly,0,0,Initial Assignment,CAN001945,Christopher,,Smith,1979-05-26,Female,Australian,American,Japan,Diploma,English,Native,N2,Eligible,Teacher,2024-02-23,Hikari Elementary School,Kindergarten,Saitama,Kawaguchi,2019-09-03,2020-06-28,Inactive,5,3,0,0,60.0
ASG001635,DUD101060,CLI0003,2024-01-21,,Active,Experienced Teacher,87,Three-Month,0,0,Client Request,CAN001980,Carlos,,Thompson,1988-04-05,Male,French,Mexican,Japan,Master's Degree,Psychology,C2,Basic,Eligible,Teacher,2024-11-13,Koganei High School,Public Elementary School,Saitama,Kawagoe,2025-06-06,,Active,12,11,0,0,91.67
ASG001636,DUD101061,CLI0067,2025-01-27,2025-05-30,Completed,ALT / English Teacher,63,Monthly,0,0,Staffing Demand,CAN001407,John,,Hall,1997-11-16,Prefer not to say,Spanish,Spanish,Japan,Bachelor's Degree,English,B2,,Eligible,Teacher,2026-01-14,Kizuna High School,Public Elementary School,Saitama,Soka,2020-07-29,,Active,4,3,0,0,75.0
ASG001637,DUD101061,CLI0164,2025-06-11,,Active,ALT / English Teacher,32,Six-Month,0,0,Replacement,CAN001407,John,,Hall,1997-11-16,Prefer not to say,Spanish,Spanish,Japan,Bachelor's Degree,English,B2,,Eligible,Teacher,2026-01-14,Midori High School,Education Center,Chiba,Matsudo,2022-05-09,,Active,12,10,1,0,83.33
ASG001638,DUD101062,CLI0238,2021-07-29,,Active,ALT / English Teacher,118,Three-Month,0,0,Transfer,CAN001717,Robert,,Martinez,1988-09-10,Non-binary,Canadian,Spanish,Japan,Associate Degree,Linguistics,B2,Basic,Eligible,Teacher,2025-02-22,Kita Elementary School,Private School,Chiba,Matsudo,2021-04-13,,Active,12,11,0,0,91.67
ASG001639,DUD101063,CLI0038,2023-04-24,2023-11-05,Renewed,ALT / English Teacher,115,Six-Month,0,0,Transfer,CAN000003,John,,Perez,1989-07-06,Female,French,American,Japan,Associate Degree,Linguistics,Native,,Eligible,Teacher,2023-07-05,Kizuna International School,High School,Kanagawa,Yokohama,2023-12-19,,Active,6,5,0,0,83.33
ASG001640,DUD101063,CLI0232,2023-11-25,2024-07-22,Transferred,ALT / English Teacher,71,Monthly,0,0,Transfer,CAN000003,John,,Perez,1989-07-06,Female,French,American,Japan,Associate Degree,Linguistics,Native,,Eligible,Teacher,2023-07-05,Kizuna Elementary School,Public Elementary School,Kanagawa,Fujisawa,2020-04-21,,Active,8,6,0,0,75.0
ASG001641,DUD101063,CLI0211,2024-07-27,,Active,Experienced Teacher,119,Monthly,0,0,Initial Assignment,CAN000003,John,,Perez,1989-07-06,Female,French,American,Japan,Associate Degree,Linguistics,Native,,Eligible,Teacher,2023-07-05,Mirai Education Center,Education Center,Tokyo,Koganei,2019-05-25,,Active,12,10,0,0,83.33
ASG001642,DUD101064,CLI0029,2023-11-19,2024-04-07,Ended,Experienced Teacher,107,Annual,0,0,Client Request,CAN001318,Robert,,Wilson,1997-06-10,Non-binary,Brazilian,Canadian,Japan,Master's Degree,Psychology,C1,N2,Eligible,Teacher,2024-03-10,Asahi Education Center,Public Elementary School,Chiba,Matsudo,2022-10-13,,Active,4,4,0,0,100.0
ASG001643,DUD101065,CLI0219,2025-03-16,2025-11-13,Completed,Senior Teacher,63,Annual,0,0,Replacement,CAN000106,Jose,,Ramirez,1997-03-17,Male,Japanese,French,Japan,Diploma,English,B2,N1,Eligible,Teacher,2023-06-15,Seiwa International School,Public Elementary School,Tokyo,Ota,2024-11-19,,Active,8,6,0,0,75.0
ASG001644,DUD101065,CLI0192,2025-11-26,2027-04-29,Transferred,Trainer,80,Three-Month,0,0,Replacement,CAN000106,Jose,,Ramirez,1997-03-17,Male,Japanese,French,Japan,Diploma,English,B2,N1,Eligible,Teacher,2023-06-15,Akebono Junior High School,English School,Saitama,Kawaguchi,2020-04-01,2020-12-03,Inactive,12,10,1,0,83.33
ASG001645,DUD101066,CLI0298,2022-12-16,2024-05-27,Completed,Experienced Teacher,64,Six-Month,0,0,Initial Assignment,CAN000508,Carlos,,Garcia,1983-04-19,Non-binary,Mexican,Brazilian,Japan,Diploma,Business,C2,N2,Eligible,Teacher,2021-12-13,Koyo Elementary School,English School,Chiba,Matsudo,2023-05-19,,Active,12,10,1,0,83.33
ASG001646,DUD101066,CLI0173,2024-06-10,,Active,Experienced Teacher,84,Monthly,0,0,Replacement,CAN000508,Carlos,,Garcia,1983-04-19,Non-binary,Mexican,Brazilian,Japan,Diploma,Business,C2,N2,Eligible,Teacher,2021-12-13,Musashino International School,Private School,Chiba,Matsudo,2025-08-22,,Active,12,11,1,0,91.67
ASG001647,DUD101067,CLI0124,2022-02-17,2022-09-20,Completed,ALT / English Teacher,37,Annual,0,0,Initial Assignment,CAN000642,Daniel,,Gonzalez,1985-11-14,Non-binary,Japanese,Filipino,Japan,Associate Degree,English,Native,N2,Eligible,Teacher,2021-03-27,Koyo International School,Public Junior High School,Saitama,Soka,2024-06-11,,Active,7,6,0,0,85.71
ASG001648,DUD101067,CLI0001,2022-10-02,,Active,ALT / English Teacher,15,Monthly,0,0,Initial Assignment,CAN000642,Daniel,,Gonzalez,1985-11-14,Non-binary,Japanese,Filipino,Japan,Associate Degree,English,Native,N2,Eligible,Teacher,2021-03-27,Takashima Elementary School,High School,Tokyo,Ota,2022-08-18,,Active,12,9,2,0,75.0
ASG001649,DUD101068,CLI0285,2023-06-04,2023-11-28,Transferred,ALT / English Teacher,27,Monthly,0,0,Initial Assignment,CAN001759,Diego,,Davis,1989-08-18,Male,Filipino,Canadian,Japan,Master's Degree,Business,C2,Basic,Eligible,Teacher,2022-05-27,Kizuna Education Center,Public Junior High School,Tokyo,Koganei,2023-09-30,,Active,5,5,0,0,100.0
ASG001650,DUD101068,CLI0235,2023-12-17,,Active,ALT / English Teacher,88,Six-Month,0,0,Replacement,CAN001759,Diego,,Davis,1989-08-18,Male,Filipino,Canadian,Japan,Master's Degree,Business,C2,Basic,Eligible,Teacher,2022-05-27,Mirai Academy,English School,Chiba,Urayasu,2025-08-06,,Active,12,11,1,0,91.67
ASG001651,DUD101069,CLI0272,2023-02-10,2023-10-09,Ended,Senior Teacher,41,Monthly,0,0,Replacement,CAN001992,Marco,,Martinez,1993-04-23,Male,British,American,Japan,Diploma,Other,B2,N1,Eligible,Teacher,2025-12-25,Sakura Junior High School,Education Center,Chiba,Matsudo,2023-11-25,,Active,8,6,2,0,75.0
ASG001652,DUD101069,CLI0086,2023-10-20,2024-12-06,Ended,Experienced Teacher,98,Six-Month,0,0,Staffing Demand,CAN001992,Marco,,Martinez,1993-04-23,Male,British,American,Japan,Diploma,Other,B2,N1,Eligible,Teacher,2025-12-25,Nerima Elementary School,Kindergarten,Kanagawa,Fujisawa,2020-09-21,2022-06-24,Inactive,12,9,0,0,75.0
ASG001653,DUD101070,CLI0224,2023-07-04,2024-08-22,Renewed,ALT / English Teacher,52,Six-Month,0,0,Initial Assignment,CAN001407,William,,Gonzalez,1994-07-08,Non-binary,American,British,Japan,Bachelor's Degree,Education,C2,N3,Eligible,Teacher,2024-03-23,Mirai Junior High School,Education Center,Tokyo,Koganei,2020-06-17,2021-07-31,Inactive,12,10,2,0,83.33
ASG001654,DUD101071,CLI0161,2022-08-17,2023-09-07,Transferred,ALT / English Teacher,24,Six-Month,0,0,Initial Assignment,CAN001051,Emily,,Moore,1988-08-06,Prefer not to say,Australian,Canadian,Japan,Diploma,Education,C1,Basic,Eligible,Teacher,2024-05-03,Nerima Elementary School,Education Center,Saitama,Warabi,2019-12-21,,Active,12,11,0,0,91.67
ASG001655,DUD101071,CLI0206,2023-10-05,2025-01-12,Transferred,Experienced Teacher,93,Monthly,0,0,Transfer,CAN001051,Emily,,Moore,1988-08-06,Prefer not to say,Australian,Canadian,Japan,Diploma,Education,C1,Basic,Eligible,Teacher,2024-05-03,Nerima Education Center,Education Center,Saitama,Kawagoe,2023-03-30,,Active,12,10,0,0,83.33
ASG001656,DUD101071,CLI0079,2025-01-26,,Active,ALT / English Teacher,54,Monthly,0,0,Transfer,CAN001051,Emily,,Moore,1988-08-06,Prefer not to say,Australian,Canadian,Japan,Diploma,Education,C1,Basic,Eligible,Teacher,2024-05-03,Tsubaki Academy,High School,Chiba,Funabashi,2021-01-28,,Active,12,9,1,0,75.0
ASG001657,DUD101072,CLI0194,2022-05-25,,Active,Senior Teacher,116,Monthly,0,0,Client Request,CAN000774,Olivia,,Davis,2000-11-26,Non-binary,Canadian,Brazilian,Japan,Bachelor's Degree,Business,C1,N1,Eligible,Teacher,2022-09-30,Midori Academy,Public Elementary School,Kanagawa,Sagamihara,2021-03-11,2023-10-09,Inactive,12,11,1,0,91.67
ASG001658,DUD101073,CLI0132,2023-06-16,,Active,Senior Teacher,38,Annual,0,0,Client Request,CAN001389,Robert,,Johnson,1978-05-26,Female,Australian,British,Japan,Master's Degree,Other,B2,N2,Eligible,Teacher,2021-10-07,Kawaguchi Elementary School,Kindergarten,Chiba,Kashiwa,2025-09-10,,Active,12,11,1,0,91.67
ASG001659,DUD101074,CLI0240,2026-01-03,2026-05-29,Ended,ALT / English Teacher,26,Six-Month,0,0,Replacement,CAN001558,Emily,,Martinez,1985-12-04,Male,Canadian,British,Japan,Master's Degree,Education,B2,,Eligible,Teacher,2025-11-19,Sakura Junior High School,Kindergarten,Saitama,Warabi,2022-01-20,,Active,4,3,1,0,75.0
ASG001660,DUD101074,CLI0202,2026-06-05,2026-12-11,Transferred,ALT / English Teacher,98,Annual,0,0,Client Request,CAN001558,Emily,,Martinez,1985-12-04,Male,Canadian,British,Japan,Master's Degree,Education,B2,,Eligible,Teacher,2025-11-19,Tsubaki Elementary School,High School,Kanagawa,Kawasaki,2023-08-14,,Active,6,5,0,0,83.33
ASG001661,DUD101074,CLI0037,2026-12-15,,Active,Trainer,82,Monthly,0,0,Staffing Demand,CAN001558,Emily,,Martinez,1985-12-04,Male,Canadian,British,Japan,Master's Degree,Education,B2,,Eligible,Teacher,2025-11-19,Midori Junior High School,Public Elementary School,Kanagawa,Sagamihara,2025-11-05,,Active,1,1,0,0,100.0
ASG001662,DUD101075,CLI0164,2021-11-20,2022-03-27,Completed,Senior Teacher,60,Six-Month,0,0,Replacement,CAN001148,Jose,,Martinez,1982-03-26,Prefer not to say,Japanese,Australian,Japan,Diploma,Business,C2,Basic,Eligible,Teacher,2026-06-12,Midori High School,Education Center,Chiba,Matsudo,2022-05-09,,Active,4,4,0,0,100.0
ASG001663,DUD101075,CLI0012,2022-04-18,,Active,ALT / English Teacher,48,Six-Month,0,0,Replacement,CAN001148,Jose,,Martinez,1982-03-26,Prefer not to say,Japanese,Australian,Japan,Diploma,Business,C2,Basic,Eligible,Teacher,2026-06-12,Akebono Education Center,Kindergarten,Chiba,Matsudo,2023-07-26,,Active,12,11,0,0,91.67
ASG001664,DUD101076,CLI0162,2025-12-21,2026-05-10,Completed,ALT / English Teacher,76,Six-Month,0,0,Client Request,CAN000026,Sarah,,Martinez,1981-10-18,Male,Mexican,Canadian,Japan,Master's Degree,Business,C1,,Eligible,Teacher,2021-05-24,Kawaguchi High School,Public Elementary School,Kanagawa,Yamato,2025-09-27,,Active,4,2,0,0,50.0
ASG001665,DUD101076,CLI0109,2026-05-20,2027-06-24,Ended,Experienced Teacher,55,Annual,0,0,Staffing Demand,CAN000026,Sarah,,Martinez,1981-10-18,Male,Mexican,Canadian,Japan,Master's Degree,Business,C1,,Eligible,Teacher,2021-05-24,Sakura International School,Public Junior High School,Chiba,Kashiwa,2026-03-02,2027-01-17,Inactive,12,9,0,0,75.0
ASG001666,DUD101076,CLI0260,2027-06-25,2027-11-07,Transferred,Senior Teacher,32,Three-Month,0,0,Transfer,CAN000026,Sarah,,Martinez,1981-10-18,Male,Mexican,Canadian,Japan,Master's Degree,Business,C1,,Eligible,Teacher,2021-05-24,Koyo Elementary School,Public Elementary School,Tokyo,Kita,2025-03-25,,Active,4,4,0,0,100.0
ASG001667,DUD101077,CLI0249,2025-03-27,2026-05-27,Transferred,ALT / English Teacher,89,Three-Month,0,0,Client Request,CAN001174,Miguel,,Jackson,1986-11-20,Prefer not to say,American,Mexican,Japan,Master's Degree,Linguistics,C1,Basic,Eligible,Teacher,2024-02-26,Haruka High School,Kindergarten,Chiba,Chiba,2019-05-15,,Active,12,10,0,0,83.33
ASG001668,DUD101077,CLI0245,2026-06-02,2027-08-31,Transferred,Experienced Teacher,41,Three-Month,0,0,Transfer,CAN001174,Miguel,,Jackson,1986-11-20,Prefer not to say,American,Mexican,Japan,Master's Degree,Linguistics,C1,Basic,Eligible,Teacher,2024-02-26,Musashino Education Center,Kindergarten,Chiba,Chiba,2024-08-31,,Active,12,9,2,0,75.0
ASG001669,DUD101078,CLI0063,2024-09-18,2025-02-11,Completed,ALT / English Teacher,41,Three-Month,0,0,Initial Assignment,CAN000549,Juan,,Johnson,1984-05-27,Male,British,American,Japan,Associate Degree,Other,B2,N2,Eligible,Teacher,2023-11-17,Koganei Elementary School,Private School,Tokyo,Edogawa,2025-11-18,,Active,4,3,0,0,75.0
ASG001670,DUD101078,CLI0145,2025-02-23,,Active,ALT / English Teacher,22,Annual,0,0,Initial Assignment,CAN000549,Juan,,Johnson,1984-05-27,Male,British,American,Japan,Associate Degree,Other,B2,N2,Eligible,Teacher,2023-11-17,Musashino Elementary School,English School,Kanagawa,Yokohama,2024-08-24,,Active,12,8,1,0,66.67
ASG001671,DUD101079,CLI0012,2025-11-12,2027-02-13,Completed,Trainer,18,Three-Month,0,0,Transfer,CAN000043,Sarah,,Thompson,1991-01-14,Non-binary,British,Filipino,Japan,Bachelor's Degree,Other,C2,Basic,Eligible,Teacher,2023-01-23,Akebono Education Center,Kindergarten,Chiba,Matsudo,2023-07-26,,Active,12,10,1,0,83.33
ASG001672,DUD101079,CLI0049,2027-03-03,,Active,ALT / English Teacher,30,Monthly,0,0,Transfer,CAN000043,Sarah,,Thompson,1991-01-14,Non-binary,British,Filipino,Japan,Bachelor's Degree,Other,C2,Basic,Eligible,Teacher,2023-01-23,Haruka Junior High School,High School,Chiba,Ichikawa,2025-01-19,,Active,1,0,0,0,0.0
ASG001673,DUD101080,CLI0090,2021-06-09,2021-12-25,Renewed,Experienced Teacher,63,Monthly,0,0,Transfer,CAN000262,Olivia,,Smith,2001-08-18,Female,American,Mexican,Japan,Bachelor's Degree,Linguistics,Native,N2,Eligible,Teacher,2023-10-16,Akebono International School,Public Elementary School,Saitama,Koshigaya,2021-11-15,,Active,6,6,0,0,100.0
ASG001674,DUD101080,CLI0233,2021-12-28,2023-06-14,Renewed,Senior Teacher,51,Six-Month,0,0,Replacement,CAN000262,Olivia,,Smith,2001-08-18,Female,American,Mexican,Japan,Bachelor's Degree,Linguistics,Native,N2,Eligible,Teacher,2023-10-16,Midori International School,Public Elementary School,Saitama,Saitama,2019-07-27,,Active,12,10,0,0,83.33
ASG001675,DUD101081,CLI0130,2022-10-03,,Active,Experienced Teacher,51,Six-Month,0,0,Replacement,CAN001298,Emily,,Hall,1998-02-27,Prefer not to say,Canadian,British,Japan,Master's Degree,Psychology,B2,,Eligible,Teacher,2022-05-15,Koyo Education Center,Public Elementary School,Saitama,Kawagoe,2024-10-08,,Active,12,7,2,0,58.33
ASG001676,DUD101082,CLI0243,2022-11-15,2023-11-27,Renewed,ALT / English Teacher,39,Monthly,0,0,Staffing Demand,CAN000020,Jessica,,Miller,1995-01-05,Female,British,Filipino,Japan,Bachelor's Degree,English,C1,,Eligible,Teacher,2026-07-24,Hikari Junior High School,English School,Kanagawa,Fujisawa,2021-09-04,,Active,12,10,1,0,83.33
ASG001677,DUD101082,CLI0062,2023-12-18,2024-12-22,Ended,ALT / English Teacher,108,Three-Month,0,0,Client Request,CAN000020,Jessica,,Miller,1995-01-05,Female,British,Filipino,Japan,Bachelor's Degree,English,C1,,Eligible,Teacher,2026-07-24,Asahi Junior High School,Kindergarten,Tokyo,Edogawa,2022-05-25,,Active,12,10,0,0,83.33
ASG001678,DUD101083,CLI0102,2022-08-18,,Active,Senior Teacher,104,Six-Month,0,0,Staffing Demand,CAN001840,Jose,,Jackson,1979-08-18,Non-binary,Spanish,Japanese,Japan,Diploma,English,C2,N2,Eligible,Teacher,2022-02-16,Midori High School,Public Elementary School,Saitama,Warabi,2026-04-27,,Active,12,10,0,0,83.33
ASG001679,DUD101084,CLI0014,2022-02-10,,Active,Trainer,45,Annual,0,0,Client Request,CAN001457,Maria,,Rodriguez,2000-05-26,Non-binary,British,Japanese,Japan,Associate Degree,Business,C2,N2,Eligible,Teacher,2025-11-23,Meisei High School,English School,Tokyo,Itabashi,2020-02-25,,Active,12,10,2,0,83.33
ASG001680,DUD101085,CLI0240,2025-11-25,2026-03-23,Ended,ALT / English Teacher,110,Annual,0,0,Initial Assignment,CAN001725,Matthew,,White,2003-08-12,Non-binary,British,French,Japan,Bachelor's Degree,Psychology,Native,,Eligible,Teacher,2021-06-04,Sakura Junior High School,Kindergarten,Saitama,Warabi,2022-01-20,,Active,3,1,1,0,33.33
ASG001681,DUD101085,CLI0241,2026-03-31,2027-05-30,Ended,Experienced Teacher,84,Six-Month,0,0,Transfer,CAN001725,Matthew,,White,2003-08-12,Non-binary,British,French,Japan,Bachelor's Degree,Psychology,Native,,Eligible,Teacher,2021-06-04,Shinmei High School,Kindergarten,Chiba,Matsudo,2026-04-02,,Active,12,8,2,0,66.67
ASG001682,DUD101085,CLI0159,2027-06-09,,Active,ALT / English Teacher,57,Annual,0,0,Transfer,CAN001725,Matthew,,White,2003-08-12,Non-binary,British,French,Japan,Bachelor's Degree,Psychology,Native,,Eligible,Teacher,2021-06-04,Akebono Academy,High School,Tokyo,Adachi,2026-04-23,,Active,1,1,0,0,100.0
ASG001683,DUD101086,CLI0094,2021-06-03,2022-03-23,Renewed,ALT / English Teacher,102,Monthly,0,0,Transfer,CAN001715,Robert,,Davis,1980-04-02,Non-binary,French,Canadian,Japan,Master's Degree,Business,C1,,Eligible,Teacher,2022-06-07,Mirai Academy,Education Center,Tokyo,Kita,2026-05-07,,Active,9,7,2,0,77.78
ASG001684,DUD101086,CLI0197,2022-04-19,2023-06-14,Renewed,ALT / English Teacher,95,Six-Month,0,0,Staffing Demand,CAN001715,Robert,,Davis,1980-04-02,Non-binary,French,Canadian,Japan,Master's Degree,Business,C1,,Eligible,Teacher,2022-06-07,Ota High School,English School,Chiba,Urayasu,2022-12-06,,Active,12,11,0,0,91.67
ASG001685,DUD101087,CLI0107,2025-02-02,,Active,ALT / English Teacher,107,Annual,0,0,Transfer,CAN001846,Sarah,,Martin,1982-03-12,Female,Brazilian,Filipino,Japan,Bachelor's Degree,Other,B2,,Eligible,Teacher,2023-12-26,Sakura High School,High School,Saitama,Soka,2024-03-26,,Active,12,8,2,0,66.67
ASG001686,DUD101088,CLI0043,2025-09-23,,Active,Senior Teacher,42,Monthly,0,0,Staffing Demand,CAN001661,John,,Brown,1998-01-04,Male,Filipino,French,Japan,Associate Degree,English,C2,Basic,Eligible,Teacher,2025-03-07,Takashima International School,Private School,Tokyo,Koganei,2024-10-23,2027-04-11,Inactive,10,6,2,0,60.0
ASG001687,DUD101089,CLI0019,2024-07-13,2024-11-29,Completed,ALT / English Teacher,96,Six-Month,0,0,Replacement,CAN001804,James,,Young,1975-01-01,Prefer not to say,American,Filipino,Japan,Diploma,Other,B2,N2,Eligible,Teacher,2026-06-28,Haruka Elementary School,Kindergarten,Saitama,Kawaguchi,2022-08-12,,Active,4,3,0,0,75.0
ASG001688,DUD101090,CLI0097,2024-07-08,2025-09-14,Completed,ALT / English Teacher,15,Monthly,0,0,Transfer,CAN001935,Laura,,Smith,1981-07-26,Non-binary,French,Brazilian,Japan,Diploma,Education,B2,N3,Eligible,Teacher,2021-05-08,Sakura International School,High School,Chiba,Ichikawa,2025-02-08,,Active,12,10,1,0,83.33
ASG001689,DUD101090,CLI0132,2025-10-07,,Active,ALT / English Teacher,60,Monthly,0,0,Transfer,CAN001935,Laura,,Smith,1981-07-26,Non-binary,French,Brazilian,Japan,Diploma,Education,B2,N3,Eligible,Teacher,2021-05-08,Kawaguchi Elementary School,Kindergarten,Chiba,Kashiwa,2025-09-10,,Active,10,10,0,0,100.0
ASG001690,DUD101091,CLI0088,2022-12-18,2023-12-06,Completed,ALT / English Teacher,62,Six-Month,0,0,Staffing Demand,CAN001553,Daniel,,Young,1983-06-10,Non-binary,Canadian,Australian,Japan,Associate Degree,Business,C1,N2,Eligible,Teacher,2024-07-15,Asahi Education Center,Education Center,Kanagawa,Sagamihara,2024-10-19,,Active,11,9,1,0,81.82
ASG001691,DUD101091,CLI0125,2023-12-10,2025-04-16,Renewed,ALT / English Teacher,55,Monthly,0,0,Client Request,CAN001553,Daniel,,Young,1983-06-10,Non-binary,Canadian,Australian,Japan,Associate Degree,Business,C1,N2,Eligible,Teacher,2024-07-15,Kizuna Junior High School,English School,Saitama,Toda,2019-10-07,,Active,12,10,0,0,83.33
ASG001692,DUD101092,CLI0275,2023-04-06,,Active,Trainer,86,Six-Month,0,0,Transfer,CAN000226,Sarah,,Allen,1986-11-06,Non-binary,Australian,American,Japan,Associate Degree,Psychology,C1,N3,Eligible,Teacher,2021-04-22,Akebono High School,Education Center,Chiba,Urayasu,2021-04-26,,Active,12,11,0,0,91.67
ASG001693,DUD101093,CLI0165,2024-12-31,,Active,Experienced Teacher,25,Monthly,0,0,Initial Assignment,CAN001873,Carlos,,Thompson,2000-09-21,Male,Filipino,Australian,Japan,Associate Degree,Psychology,C2,N3,Eligible,Teacher,2022-02-21,Nerima Elementary School,High School,Tokyo,Katsushika,2024-08-08,,Active,12,9,1,0,75.0
ASG001694,DUD101094,CLI0027,2023-08-17,2023-12-02,Renewed,Senior Teacher,81,Six-Month,0,0,Client Request,CAN000308,Emma,,Davis,1982-07-16,Female,Filipino,French,Japan,Bachelor's Degree,Other,B2,N3,Eligible,Teacher,2026-03-08,Akebono Elementary School,Private School,Chiba,Ichikawa,2020-02-03,,Active,3,0,0,0,0.0
ASG001695,DUD101095,CLI0001,2025-04-19,2025-08-16,Renewed,ALT / English Teacher,49,Annual,0,0,Staffing Demand,CAN001071,James,,Lopez,1997-04-06,Male,Mexican,Japanese,Japan,Associate Degree,Education,C1,Basic,Eligible,Teacher,2022-09-20,Takashima Elementary School,High School,Tokyo,Ota,2022-08-18,,Active,4,2,2,0,50.0
ASG001696,DUD101096,CLI0063,2025-02-16,,Active,ALT / English Teacher,118,Annual,0,0,Staffing Demand,CAN001459,Andres,,Martin,1995-05-08,Prefer not to say,American,Filipino,Japan,Master's Degree,Business,C2,Basic,Eligible,Teacher,2022-09-22,Koganei Elementary School,Private School,Tokyo,Edogawa,2025-11-18,,Active,12,9,1,0,75.0
ASG001697,DUD101097,CLI0025,2023-02-03,2024-07-10,Transferred,Senior Teacher,93,Three-Month,0,0,Staffing Demand,CAN001607,Andres,,Miller,1998-09-28,Prefer not to say,American,Brazilian,Japan,Associate Degree,Education,B2,N1,Eligible,Teacher,2021-03-12,Tsubaki International School,Private School,Chiba,Funabashi,2023-12-05,,Active,12,11,0,0,91.67
ASG001698,DUD101098,CLI0022,2025-08-10,,Active,ALT / English Teacher,27,Monthly,0,0,Client Request,CAN001893,Ana,,Davis,1988-09-02,Non-binary,Japanese,Australian,Japan,Bachelor's Degree,Psychology,C1,N1,Eligible,Teacher,2025-04-26,Kita Junior High School,High School,Saitama,Warabi,2020-11-12,,Active,12,11,0,0,91.67
ASG001699,DUD101099,CLI0100,2025-11-13,2026-08-11,Ended,ALT / English Teacher,72,Six-Month,0,0,Initial Assignment,CAN000968,Alejandro,,Torres,1985-12-11,Prefer not to say,Canadian,Brazilian,Japan,Diploma,Education,C1,N2,Eligible,Teacher,2023-09-02,Shinmei Education Center,English School,Tokyo,Katsushika,2023-06-06,,Active,9,6,0,0,66.67
ASG001700,DUD101100,CLI0225,2021-10-19,2022-01-21,Transferred,ALT / English Teacher,119,Annual,0,0,Initial Assignment,CAN000758,Jessica,,Martinez,1977-11-20,Prefer not to say,Canadian,Mexican,Japan,Diploma,Other,Native,N3,Eligible,Teacher,2024-03-14,Takashima High School,Public Elementary School,Saitama,Warabi,2023-11-02,,Active,3,3,0,0,100.0
ASG001701,DUD101101,CLI0241,2024-02-22,,Active,ALT / English Teacher,23,Monthly,0,0,Transfer,CAN001220,Marco,,Allen,1998-07-06,Prefer not to say,Mexican,Mexican,Japan,Diploma,Linguistics,C1,Basic,Eligible,Teacher,2023-05-19,Shinmei High School,Kindergarten,Chiba,Matsudo,2026-04-02,,Active,12,12,0,0,100.0
ASG001702,DUD101102,CLI0049,2024-10-17,2025-11-17,Ended,ALT / English Teacher,29,Three-Month,0,0,Staffing Demand,CAN000659,Emily,,Hernandez,2001-02-18,Prefer not to say,Japanese,Mexican,Japan,Master's Degree,Business,Native,N1,Eligible,Teacher,2021-04-21,Haruka Junior High School,High School,Chiba,Ichikawa,2025-01-19,,Active,12,10,0,0,83.33
ASG001703,DUD101103,CLI0189,2025-02-28,,Active,ALT / English Teacher,48,Monthly,0,0,Staffing Demand,CAN001120,John,,Hall,1977-12-21,Female,American,Brazilian,Japan,Diploma,Business,Native,N3,Eligible,Teacher,2023-12-11,Tsubaki High School,Kindergarten,Chiba,Ichikawa,2024-03-18,,Active,12,10,0,0,83.33
ASG001704,DUD101104,CLI0245,2021-04-11,,Active,Senior Teacher,81,Three-Month,0,0,Replacement,CAN001687,John,,Moore,1985-04-19,Female,Spanish,Filipino,Japan,Bachelor's Degree,English,Native,N3,Eligible,Teacher,2025-03-02,Musashino Education Center,Kindergarten,Chiba,Chiba,2024-08-31,,Active,12,11,1,0,91.67
ASG001705,DUD101105,CLI0255,2024-08-12,2025-06-04,Completed,ALT / English Teacher,35,Three-Month,0,0,Client Request,CAN001773,Sarah,,Martin,1975-08-28,Non-binary,Japanese,British,Japan,Bachelor's Degree,English,C1,N2,Eligible,Teacher,2024-03-28,Haruka Academy,Education Center,Saitama,Kawaguchi,2020-03-22,,Active,9,8,0,0,88.89
ASG001706,DUD101105,CLI0257,2025-06-28,2025-10-18,Completed,ALT / English Teacher,102,Monthly,0,0,Initial Assignment,CAN001773,Sarah,,Martin,1975-08-28,Non-binary,Japanese,British,Japan,Bachelor's Degree,English,C1,N2,Eligible,Teacher,2024-03-28,Koyo International School,Public Junior High School,Kanagawa,Yamato,2025-06-05,,Active,3,2,0,0,66.67
ASG001707,DUD101105,CLI0248,2025-11-05,2027-01-10,Completed,Senior Teacher,60,Three-Month,0,0,Replacement,CAN001773,Sarah,,Martin,1975-08-28,Non-binary,Japanese,British,Japan,Bachelor's Degree,English,C1,N2,Eligible,Teacher,2024-03-28,Asahi Academy,Public Elementary School,Chiba,Funabashi,2020-05-13,,Active,12,12,0,0,100.0
ASG001708,DUD101106,CLI0263,2022-10-20,,Active,Trainer,69,Annual,0,0,Initial Assignment,CAN001840,Sofia,,Williams,1995-11-10,Female,Filipino,Mexican,Japan,Bachelor's Degree,Education,Native,N2,Eligible,Teacher,2021-03-14,Haruka International School,Public Junior High School,Chiba,Ichikawa,2023-11-15,,Active,12,8,0,0,66.67
ASG001709,DUD101107,CLI0173,2025-12-01,2026-07-13,Transferred,Trainer,78,Monthly,0,0,Transfer,CAN001530,Carlos,,Smith,1990-03-22,Male,Mexican,Canadian,Japan,Master's Degree,Linguistics,C2,N2,Eligible,Teacher,2025-07-25,Musashino International School,Private School,Chiba,Matsudo,2025-08-22,,Active,7,4,0,0,57.14
ASG001710,DUD101107,CLI0053,2026-08-10,2027-03-25,Renewed,Experienced Teacher,23,Six-Month,0,0,Staffing Demand,CAN001530,Carlos,,Smith,1990-03-22,Male,Mexican,Canadian,Japan,Master's Degree,Linguistics,C2,N2,Eligible,Teacher,2025-07-25,Musashino Junior High School,Public Junior High School,Kanagawa,Yamato,2025-10-31,,Active,7,7,0,0,100.0
ASG001711,DUD101107,CLI0262,2027-04-16,,Active,ALT / English Teacher,86,Three-Month,0,0,Staffing Demand,CAN001530,Carlos,,Smith,1990-03-22,Male,Mexican,Canadian,Japan,Master's Degree,Linguistics,C2,N2,Eligible,Teacher,2025-07-25,Takashima International School,High School,Saitama,Kawaguchi,2024-06-06,2027-01-18,Inactive,1,1,0,0,100.0
ASG001712,DUD101108,CLI0137,2025-06-09,,Active,ALT / English Teacher,17,Three-Month,0,0,Staffing Demand,CAN000558,Sarah,,Brown,2003-09-17,Male,Japanese,American,Japan,Diploma,Education,Native,N3,Eligible,Teacher,2022-08-31,Nerima Academy,Private School,Chiba,Chiba,2022-10-01,2023-05-30,Inactive,12,11,1,0,91.67
ASG001713,DUD101109,CLI0297,2025-11-19,,Active,ALT / English Teacher,83,Six-Month,0,0,Initial Assignment,CAN000416,Marco,,Jackson,1991-04-21,Male,Mexican,Filipino,Japan,Associate Degree,Other,B2,Basic,Eligible,Teacher,2022-07-27,Shinmei Elementary School,Public Junior High School,Chiba,Kashiwa,2025-02-11,2028-09-20,Inactive,9,8,0,0,88.89
ASG001714,DUD101110,CLI0104,2021-09-05,,Active,ALT / English Teacher,29,Monthly,0,0,Transfer,CAN000895,Thomas,,Torres,2001-10-04,Male,British,Filipino,Japan,Associate Degree,English,B2,N2,Eligible,Teacher,2026-07-14,Nerima Education Center,High School,Tokyo,Tachikawa,2021-01-05,2023-02-06,Inactive,12,9,0,0,75.0
ASG001715,DUD101111,CLI0080,2025-08-27,2026-11-22,Transferred,Experienced Teacher,103,Annual,0,0,Client Request,CAN000625,David,,Lee,2002-01-27,Prefer not to say,Brazilian,Australian,Japan,Bachelor's Degree,English,C1,N1,Eligible,Teacher,2025-11-02,Musashino Education Center,High School,Saitama,Kawagoe,2023-11-15,,Active,12,8,0,0,66.67
ASG001716,DUD101112,CLI0235,2022-12-03,,Active,ALT / English Teacher,82,Three-Month,0,0,Replacement,CAN000292,Sofia,,Hernandez,1999-09-17,Non-binary,Spanish,Filipino,Japan,Associate Degree,Linguistics,Native,N1,Eligible,Teacher,2021-10-20,Mirai Academy,English School,Chiba,Urayasu,2025-08-06,,Active,12,10,1,0,83.33
ASG001717,DUD101113,CLI0010,2021-07-05,2022-04-03,Ended,ALT / English Teacher,103,Six-Month,0,0,Transfer,CAN001685,Olivia,,King,1984-11-20,Prefer not to say,British,Canadian,Japan,Associate Degree,Education,B2,Basic,Eligible,Teacher,2022-11-16,Midori International School,Kindergarten,Chiba,Chiba,2022-09-04,,Active,9,7,0,0,77.78
ASG001718,DUD101113,CLI0283,2022-04-17,,Active,Senior Teacher,46,Six-Month,0,0,Replacement,CAN001685,Olivia,,King,1984-11-20,Prefer not to say,British,Canadian,Japan,Associate Degree,Education,B2,Basic,Eligible,Teacher,2022-11-16,Shinmei Academy,Education Center,Kanagawa,Kawasaki,2020-04-13,,Active,12,11,1,0,91.67
ASG001719,DUD101114,CLI0087,2022-03-21,2022-10-04,Completed,ALT / English Teacher,99,Three-Month,0,0,Transfer,CAN000395,Miguel,,White,1987-10-01,Non-binary,Filipino,French,Japan,Bachelor's Degree,Linguistics,C2,,Eligible,Teacher,2023-11-02,Kizuna High School,Public Elementary School,Kanagawa,Yamato,2025-01-04,,Active,6,6,0,0,100.0
ASG001720,DUD101114,CLI0096,2022-10-19,2023-01-25,Transferred,ALT / English Teacher,117,Six-Month,0,0,Client Request,CAN000395,Miguel,,White,1987-10-01,Non-binary,Filipino,French,Japan,Bachelor's Degree,Linguistics,C2,,Eligible,Teacher,2023-11-02,Haruka Academy,Private School,Tokyo,Tachikawa,2020-12-02,,Active,3,2,1,0,66.67
ASG001721,DUD101115,CLI0083,2022-01-09,,Active,Experienced Teacher,59,Monthly,0,0,Staffing Demand,CAN001920,David,,White,1979-12-02,Prefer not to say,Brazilian,French,Japan,Associate Degree,Other,Native,N3,Eligible,Teacher,2024-05-11,Koganei Junior High School,Private School,Kanagawa,Sagamihara,2022-06-28,2024-03-11,Inactive,12,9,1,0,75.0
ASG001722,DUD101116,CLI0264,2025-06-20,2026-06-16,Ended,Experienced Teacher,94,Six-Month,0,0,Client Request,CAN001301,Andres,,Wilson,1986-01-06,Prefer not to say,Brazilian,Mexican,Japan,Bachelor's Degree,Psychology,C1,,Eligible,Teacher,2025-09-18,Musashino Elementary School,Public Elementary School,Chiba,Ichikawa,2023-09-30,,Active,12,12,0,0,100.0
ASG001723,DUD101116,CLI0118,2026-06-22,,Active,Experienced Teacher,108,Six-Month,0,0,Initial Assignment,CAN001301,Andres,,Wilson,1986-01-06,Prefer not to say,Brazilian,Mexican,Japan,Bachelor's Degree,Psychology,C1,,Eligible,Teacher,2025-09-18,Asahi International School,English School,Kanagawa,Sagamihara,2019-11-07,,Active,3,3,0,0,100.0
ASG001724,DUD101117,CLI0118,2025-05-19,2025-09-07,Completed,Experienced Teacher,99,Monthly,0,0,Replacement,CAN000150,Andres,,Wilson,1995-01-13,Prefer not to say,American,Australian,Japan,Bachelor's Degree,Linguistics,C1,N3,Eligible,Teacher,2021-02-12,Asahi International School,English School,Kanagawa,Sagamihara,2019-11-07,,Active,3,1,1,0,33.33
ASG001725,DUD101118,CLI0094,2026-01-26,2027-02-22,Completed,ALT / English Teacher,72,Three-Month,0,0,Staffing Demand,CAN001473,Hannah,,Thompson,1979-06-26,Non-binary,Japanese,Canadian,Japan,Diploma,English,C2,N1,Eligible,Teacher,2024-03-01,Mirai Academy,Education Center,Tokyo,Kita,2026-05-07,,Active,12,10,0,0,83.33
ASG001726,DUD101118,CLI0220,2027-03-05,2027-10-22,Transferred,ALT / English Teacher,40,Three-Month,0,0,Staffing Demand,CAN001473,Hannah,,Thompson,1979-06-26,Non-binary,Japanese,Canadian,Japan,Diploma,English,C2,N1,Eligible,Teacher,2024-03-01,Haruka Elementary School,Private School,Kanagawa,Yamato,2020-11-21,,Active,7,7,0,0,100.0
ASG001727,DUD101119,CLI0294,2024-08-11,,Active,ALT / English Teacher,100,Three-Month,0,0,Initial Assignment,CAN000192,Andres,,Sanchez,1989-04-01,Female,Canadian,Australian,Japan,Master's Degree,English,C1,N1,Eligible,Teacher,2023-05-29,Shinmei Junior High School,Kindergarten,Saitama,Saitama,2020-12-10,,Active,12,11,0,0,91.67
ASG001728,DUD101120,CLI0035,2023-08-28,,Active,ALT / English Teacher,62,Six-Month,0,0,Replacement,CAN001037,Ana,,Hernandez,2000-10-26,Male,Mexican,Canadian,Japan,Diploma,Linguistics,Native,,Eligible,Teacher,2021-05-29,Akebono Academy,Public Junior High School,Saitama,Toda,2021-01-30,2023-06-07,Inactive,12,10,0,0,83.33
ASG001729,DUD101121,CLI0168,2022-03-09,,Active,ALT / English Teacher,28,Three-Month,0,0,Initial Assignment,CAN000740,Jose,,Martinez,1992-01-04,Prefer not to say,French,American,Japan,Diploma,Linguistics,C2,N2,Eligible,Teacher,2022-06-25,Meisei Education Center,Public Junior High School,Kanagawa,Fujisawa,2019-11-11,,Active,12,12,0,0,100.0
ASG001730,DUD101122,CLI0007,2022-10-10,2024-01-01,Renewed,Senior Teacher,56,Monthly,0,0,Client Request,CAN000459,Marco,,Anderson,1989-05-13,Non-binary,Japanese,Mexican,Japan,Diploma,Psychology,C2,,Eligible,Teacher,2021-01-29,Kawaguchi Junior High School,Kindergarten,Chiba,Ichikawa,2022-08-29,,Active,12,11,0,0,91.67
ASG001731,DUD101122,CLI0184,2024-01-04,,Active,ALT / English Teacher,39,Six-Month,0,0,Initial Assignment,CAN000459,Marco,,Anderson,1989-05-13,Non-binary,Japanese,Mexican,Japan,Diploma,Psychology,C2,,Eligible,Teacher,2021-01-29,Takashima Junior High School,English School,Tokyo,Edogawa,2022-06-14,,Active,12,11,1,0,91.67
ASG001732,DUD101123,CLI0094,2022-07-18,,Active,ALT / English Teacher,47,Six-Month,0,0,Replacement,CAN000604,Maria,,Jackson,1976-09-06,Female,Brazilian,Canadian,Japan,Bachelor's Degree,English,C2,N1,Eligible,Teacher,2025-08-03,Mirai Academy,Education Center,Tokyo,Kita,2026-05-07,,Active,12,10,2,0,83.33
ASG001733,DUD101124,CLI0101,2021-03-19,,Active,ALT / English Teacher,74,Six-Month,0,0,Staffing Demand,CAN001570,Marco,,Garcia,1981-08-20,Non-binary,British,Filipino,Japan,Master's Degree,Business,C2,Basic,Eligible,Teacher,2024-03-07,Shinmei International School,Kindergarten,Saitama,Soka,2024-03-31,,Active,12,11,1,0,91.67
ASG001734,DUD101125,CLI0204,2023-10-28,2024-11-14,Renewed,ALT / English Teacher,47,Six-Month,0,0,Replacement,CAN001401,Michael,,Martin,1998-10-07,Non-binary,French,Japanese,Japan,Bachelor's Degree,Business,Native,N1,Eligible,Teacher,2026-05-19,Nerima International School,Public Elementary School,Saitama,Kawaguchi,2020-11-28,2024-02-01,Inactive,12,10,1,0,83.33
ASG001735,DUD101126,CLI0165,2021-11-18,,Active,ALT / English Teacher,89,Six-Month,0,0,Initial Assignment,CAN000223,Juan,,Davis,1981-06-05,Male,British,Canadian,Japan,Master's Degree,Psychology,C2,N1,Eligible,Teacher,2022-02-04,Nerima Elementary School,High School,Tokyo,Katsushika,2024-08-08,,Active,12,8,1,0,66.67
ASG001736,DUD101127,CLI0205,2022-09-26,,Active,Trainer,108,Three-Month,0,0,Initial Assignment,CAN000530,Thomas,,Williams,1990-01-16,Non-binary,Brazilian,Spanish,Japan,Master's Degree,Psychology,C2,N3,Eligible,Teacher,2022-04-27,Mirai High School,Private School,Saitama,Kawagoe,2024-08-28,,Active,12,9,1,0,75.0
ASG001737,DUD101128,CLI0058,2022-03-12,2023-02-10,Transferred,ALT / English Teacher,64,Six-Month,0,0,Transfer,CAN001614,Hannah,,Torres,1981-03-04,Female,Spanish,British,Japan,Master's Degree,Other,B2,N3,Eligible,Teacher,2025-04-26,Mirai High School,High School,Chiba,Matsudo,2024-07-16,,Active,11,9,1,0,81.82
ASG001738,DUD101129,CLI0242,2023-08-25,2024-11-28,Transferred,Senior Teacher,42,Three-Month,0,0,Staffing Demand,CAN000404,Matthew,,Lee,2001-07-07,Prefer not to say,Filipino,Canadian,Japan,Associate Degree,Psychology,Native,Basic,Eligible,Teacher,2022-06-06,Tsubaki Elementary School,English School,Kanagawa,Fujisawa,2026-01-24,,Active,12,12,0,0,100.0
ASG001739,DUD101130,CLI0205,2022-01-25,2022-08-05,Completed,ALT / English Teacher,90,Three-Month,0,0,Replacement,CAN000134,Olivia,,Lopez,1991-05-05,Male,Mexican,Filipino,Japan,Master's Degree,Linguistics,C2,N3,Eligible,Teacher,2025-11-08,Mirai High School,Private School,Saitama,Kawagoe,2024-08-28,,Active,6,6,0,0,100.0
ASG001740,DUD101130,CLI0038,2022-08-28,,Active,Experienced Teacher,47,Monthly,0,0,Client Request,CAN000134,Olivia,,Lopez,1991-05-05,Male,Mexican,Filipino,Japan,Master's Degree,Linguistics,C2,N3,Eligible,Teacher,2025-11-08,Kizuna International School,High School,Kanagawa,Yokohama,2023-12-19,,Active,12,11,1,0,91.67
ASG001741,DUD101131,CLI0239,2025-11-28,,Active,ALT / English Teacher,89,Annual,0,0,Initial Assignment,CAN000570,Jessica,,Williams,1981-01-01,Male,Australian,Canadian,Japan,Master's Degree,Psychology,B2,N2,Eligible,Teacher,2022-03-07,Sakura Junior High School,English School,Tokyo,Itabashi,2022-04-12,,Active,8,8,0,0,100.0
ASG001742,DUD101132,CLI0243,2021-04-04,2021-07-27,Renewed,ALT / English Teacher,51,Annual,0,0,Initial Assignment,CAN000419,David,,Davis,1991-10-05,Prefer not to say,French,British,Japan,Bachelor's Degree,English,B2,N2,Eligible,Teacher,2023-02-06,Hikari Junior High School,English School,Kanagawa,Fujisawa,2021-09-04,,Active,3,2,0,0,66.67
ASG001743,DUD101132,CLI0119,2021-08-25,2021-12-06,Completed,Senior Teacher,60,Three-Month,0,0,Replacement,CAN000419,David,,Davis,1991-10-05,Prefer not to say,French,British,Japan,Bachelor's Degree,English,B2,N2,Eligible,Teacher,2023-02-06,Koyo Education Center,Kindergarten,Tokyo,Nerima,2023-07-31,,Active,3,2,0,0,66.67
ASG001744,DUD101132,CLI0071,2022-01-02,,Active,ALT / English Teacher,39,Three-Month,0,0,Staffing Demand,CAN000419,David,,Davis,1991-10-05,Prefer not to say,French,British,Japan,Bachelor's Degree,English,B2,N2,Eligible,Teacher,2023-02-06,Kita International School,Private School,Saitama,Kawaguchi,2022-09-21,,Active,12,10,0,0,83.33
ASG001745,DUD101133,CLI0102,2021-06-17,2021-10-02,Ended,ALT / English Teacher,61,Six-Month,0,0,Staffing Demand,CAN001093,Olivia,,Allen,2003-03-24,Male,British,British,Japan,Associate Degree,Linguistics,C1,N2,Eligible,Teacher,2023-06-12,Midori High School,Public Elementary School,Saitama,Warabi,2026-04-27,,Active,3,2,0,0,66.67
ASG001746,DUD101133,CLI0029,2021-10-03,2022-02-08,Transferred,Senior Teacher,80,Annual,0,0,Transfer,CAN001093,Olivia,,Allen,2003-03-24,Male,British,British,Japan,Associate Degree,Linguistics,C1,N2,Eligible,Teacher,2023-06-12,Asahi Education Center,Public Elementary School,Chiba,Matsudo,2022-10-13,,Active,4,4,0,0,100.0
ASG001747,DUD101133,CLI0224,2022-03-02,,Active,ALT / English Teacher,29,Three-Month,0,0,Transfer,CAN001093,Olivia,,Allen,2003-03-24,Male,British,British,Japan,Associate Degree,Linguistics,C1,N2,Eligible,Teacher,2023-06-12,Mirai Junior High School,Education Center,Tokyo,Koganei,2020-06-17,2021-07-31,Inactive,12,10,2,0,83.33
ASG001748,DUD101134,CLI0040,2021-04-04,2021-10-14,Transferred,Experienced Teacher,52,Six-Month,0,0,Transfer,CAN001622,Marco,,Young,1991-12-15,Male,Brazilian,British,Japan,Diploma,Education,C1,N1,Eligible,Teacher,2025-06-03,Sakura Academy,Private School,Saitama,Saitama,2019-05-15,,Active,6,4,1,0,66.67
ASG001749,DUD101135,CLI0192,2026-03-14,,Active,ALT / English Teacher,116,Three-Month,0,0,Replacement,CAN001390,Thomas,,Hernandez,1991-02-21,Female,Australian,Filipino,Japan,Master's Degree,Linguistics,C1,Basic,Eligible,Teacher,2023-04-11,Akebono Junior High School,English School,Saitama,Kawaguchi,2020-04-01,2020-12-03,Inactive,5,4,1,0,80.0
ASG001750,DUD101136,CLI0095,2025-07-11,2026-01-10,Completed,ALT / English Teacher,94,Annual,0,0,Initial Assignment,CAN001163,Daniel,,Gonzalez,1977-10-18,Male,Canadian,Australian,Japan,Associate Degree,Linguistics,Native,,Eligible,Teacher,2023-08-26,Haruka International School,Private School,Saitama,Kawaguchi,2022-09-27,,Active,6,4,0,0,66.67
ASG001751,DUD101137,CLI0218,2025-04-08,2026-03-11,Completed,ALT / English Teacher,33,Six-Month,0,0,Initial Assignment,CAN000674,Emily,,Sanchez,1998-03-06,Female,Japanese,Mexican,Japan,Diploma,Psychology,C1,N1,Eligible,Teacher,2025-03-30,Asahi Junior High School,English School,Kanagawa,Fujisawa,2021-08-11,,Active,11,9,1,0,81.82
ASG001752,DUD101137,CLI0219,2026-03-31,2027-02-07,Transferred,Senior Teacher,52,Six-Month,0,0,Replacement,CAN000674,Emily,,Sanchez,1998-03-06,Female,Japanese,Mexican,Japan,Diploma,Psychology,C1,N1,Eligible,Teacher,2025-03-30,Seiwa International School,Public Elementary School,Tokyo,Ota,2024-11-19,,Active,10,8,1,0,80.0
ASG001753,DUD101138,CLI0287,2021-11-01,2023-03-17,Completed,ALT / English Teacher,86,Monthly,0,0,Client Request,CAN001944,Miguel,,Thompson,1996-02-19,Prefer not to say,Mexican,American,Japan,Bachelor's Degree,Education,C1,N1,Eligible,Teacher,2021-07-07,Shinmei Elementary School,English School,Kanagawa,Yokohama,2023-09-29,,Active,12,11,1,0,91.67
ASG001754,DUD101138,CLI0056,2023-04-12,2024-04-02,Transferred,ALT / English Teacher,15,Monthly,0,0,Client Request,CAN001944,Miguel,,Thompson,1996-02-19,Prefer not to say,Mexican,American,Japan,Bachelor's Degree,Education,C1,N1,Eligible,Teacher,2021-07-07,Takashima Elementary School,Public Elementary School,Chiba,Matsudo,2022-09-28,,Active,11,8,1,0,72.73
ASG001755,DUD101139,CLI0124,2022-08-29,,Active,Experienced Teacher,58,Six-Month,0,0,Initial Assignment,CAN001312,Robert,,Davis,1994-06-04,Prefer not to say,American,Mexican,Japan,Bachelor's Degree,Education,C2,,Eligible,Teacher,2022-01-15,Koyo International School,Public Junior High School,Saitama,Soka,2024-06-11,,Active,12,11,1,0,91.67
ASG001756,DUD101140,CLI0123,2021-06-27,,Active,ALT / English Teacher,106,Three-Month,0,0,Staffing Demand,CAN000025,Maria,,Miller,1979-03-13,Prefer not to say,Canadian,Filipino,Japan,Associate Degree,English,B2,,Eligible,Teacher,2024-12-13,Musashino High School,English School,Saitama,Koshigaya,2021-02-09,2021-08-09,Inactive,12,9,0,0,75.0
ASG001757,DUD101141,CLI0068,2024-04-27,,Active,Experienced Teacher,95,Three-Month,0,0,Replacement,CAN001542,Andres,,Martin,2002-10-02,Female,American,American,Japan,Master's Degree,Business,Native,N2,Eligible,Teacher,2021-05-23,Asahi Academy,Private School,Tokyo,Tachikawa,2020-07-05,,Active,12,9,1,0,75.0
ASG001758,DUD101142,CLI0171,2022-11-03,,Active,Experienced Teacher,96,Monthly,0,0,Staffing Demand,CAN001704,Emily,,Torres,1982-06-03,Male,Canadian,Australian,Japan,Diploma,Other,C2,,Eligible,Teacher,2022-01-07,Midori High School,Kindergarten,Saitama,Koshigaya,2022-10-08,,Active,12,10,1,0,83.33
ASG001759,DUD101143,CLI0034,2023-03-07,,Active,Trainer,57,Three-Month,0,0,Initial Assignment,CAN000807,Ana,,King,2001-11-12,Female,Canadian,Brazilian,Japan,Associate Degree,English,Native,,Eligible,Teacher,2022-01-09,Midori Academy,English School,Saitama,Kawaguchi,2019-02-16,,Active,12,10,0,0,83.33
ASG001760,DUD101144,CLI0179,2023-11-28,,Active,ALT / English Teacher,80,Three-Month,0,0,Replacement,CAN001268,Ana,,Smith,1975-05-06,Female,French,Canadian,Japan,Master's Degree,Business,B2,,Eligible,Teacher,2024-08-11,Seiwa Junior High School,Public Junior High School,Tokyo,Nerima,2025-03-03,,Active,12,8,3,0,66.67
ASG001761,DUD101145,CLI0019,2025-03-19,2025-11-03,Renewed,ALT / English Teacher,38,Monthly,0,0,Replacement,CAN000115,Ana,,Rodriguez,1980-02-14,Non-binary,Japanese,Canadian,Japan,Associate Degree,Psychology,B2,Basic,Eligible,Teacher,2026-02-10,Haruka Elementary School,Kindergarten,Saitama,Kawaguchi,2022-08-12,,Active,7,6,0,0,85.71
ASG001762,DUD101145,CLI0264,2025-11-13,2026-08-15,Ended,ALT / English Teacher,19,Six-Month,0,0,Initial Assignment,CAN000115,Ana,,Rodriguez,1980-02-14,Non-binary,Japanese,Canadian,Japan,Associate Degree,Psychology,B2,Basic,Eligible,Teacher,2026-02-10,Musashino Elementary School,Public Elementary School,Chiba,Ichikawa,2023-09-30,,Active,9,8,0,0,88.89
ASG001763,DUD101145,CLI0140,2026-08-19,,Active,ALT / English Teacher,49,Six-Month,0,0,Replacement,CAN000115,Ana,,Rodriguez,1980-02-14,Non-binary,Japanese,Canadian,Japan,Associate Degree,Psychology,B2,Basic,Eligible,Teacher,2026-02-10,Kizuna Junior High School,Kindergarten,Kanagawa,Fujisawa,2020-11-14,,Active,1,1,0,0,100.0
ASG001764,DUD101146,CLI0164,2024-08-03,2025-09-14,Ended,ALT / English Teacher,103,Annual,0,0,Transfer,CAN000458,David,,Anderson,2001-07-15,Male,Canadian,Brazilian,Japan,Master's Degree,Linguistics,B2,Basic,Eligible,Teacher,2024-08-23,Midori High School,Education Center,Chiba,Matsudo,2022-05-09,,Active,12,9,0,0,75.0
ASG001765,DUD101146,CLI0162,2025-09-19,2027-03-05,Completed,Experienced Teacher,74,Three-Month,0,0,Staffing Demand,CAN000458,David,,Anderson,2001-07-15,Male,Canadian,Brazilian,Japan,Master's Degree,Linguistics,B2,Basic,Eligible,Teacher,2024-08-23,Kawaguchi High School,Public Elementary School,Kanagawa,Yamato,2025-09-27,,Active,12,11,1,0,91.67
ASG001766,DUD101146,CLI0134,2027-04-01,,Active,ALT / English Teacher,42,Three-Month,0,0,Client Request,CAN000458,David,,Anderson,2001-07-15,Male,Canadian,Brazilian,Japan,Master's Degree,Linguistics,B2,Basic,Eligible,Teacher,2024-08-23,Mirai Academy,Education Center,Kanagawa,Sagamihara,2025-05-12,,Active,1,0,0,0,0.0
ASG001767,DUD101147,CLI0055,2026-03-11,2026-07-13,Renewed,Senior Teacher,96,Three-Month,0,0,Staffing Demand,CAN001006,Maria,,Martin,1975-06-26,Non-binary,Canadian,Brazilian,Japan,Bachelor's Degree,Linguistics,Native,Basic,Eligible,Teacher,2023-09-23,Kita Education Center,Kindergarten,Kanagawa,Sagamihara,2022-04-12,,Active,4,4,0,0,100.0
ASG001768,DUD101147,CLI0105,2026-07-30,2027-12-20,Completed,ALT / English Teacher,69,Three-Month,0,0,Staffing Demand,CAN001006,Maria,,Martin,1975-06-26,Non-binary,Canadian,Brazilian,Japan,Bachelor's Degree,Linguistics,Native,Basic,Eligible,Teacher,2023-09-23,Mirai International School,Kindergarten,Chiba,Ichikawa,2025-02-09,,Active,12,11,0,0,91.67
ASG001769,DUD101148,CLI0284,2024-07-14,,Active,Experienced Teacher,37,Monthly,0,0,Replacement,CAN000303,Carlos,,Williams,2003-06-25,Female,Brazilian,Filipino,Japan,Diploma,English,B2,,Eligible,Teacher,2022-06-18,Shinmei International School,Public Junior High School,Chiba,Chiba,2021-11-18,,Active,12,11,0,0,91.67
ASG001770,DUD101149,CLI0258,2024-04-10,2024-11-12,Completed,Experienced Teacher,71,Six-Month,0,0,Initial Assignment,CAN001239,Juan,,Johnson,1977-06-23,Female,British,Spanish,Japan,Bachelor's Degree,English,C2,N2,Eligible,Teacher,2022-06-11,Akebono Junior High School,Education Center,Saitama,Koshigaya,2026-02-24,,Active,7,5,0,0,71.43
ASG001771,DUD101150,CLI0195,2025-12-04,,Active,Senior Teacher,98,Annual,0,0,Client Request,CAN001316,Jose,,Hernandez,1989-11-01,Male,Mexican,French,Japan,Master's Degree,Linguistics,Native,N3,Eligible,Teacher,2024-10-01,Haruka Academy,English School,Kanagawa,Yamato,2020-09-13,,Active,8,6,2,0,75.0
ASG001772,DUD101151,CLI0190,2022-09-14,,Active,Experienced Teacher,101,Six-Month,0,0,Staffing Demand,CAN001491,Marco,,Thompson,1998-10-09,Non-binary,American,Japanese,Japan,Master's Degree,Business,Native,N2,Eligible,Teacher,2021-12-21,Asahi International School,English School,Kanagawa,Sagamihara,2020-05-23,,Active,12,11,0,0,91.67
ASG001773,DUD101152,CLI0057,2021-11-01,2022-04-24,Transferred,ALT / English Teacher,104,Three-Month,0,0,Replacement,CAN001884,Hannah,,Jackson,1987-11-01,Male,French,Australian,Japan,Bachelor's Degree,Psychology,B2,N1,Eligible,Teacher,2023-06-15,Kawaguchi Elementary School,Kindergarten,Saitama,Toda,2020-03-21,,Active,5,4,0,0,80.0
ASG001774,DUD101152,CLI0230,2022-05-24,2023-07-24,Ended,Experienced Teacher,76,Three-Month,0,0,Initial Assignment,CAN001884,Hannah,,Jackson,1987-11-01,Male,French,Australian,Japan,Bachelor's Degree,Psychology,B2,N1,Eligible,Teacher,2023-06-15,Haruka Junior High School,Private School,Tokyo,Ota,2025-09-03,,Active,12,11,0,0,91.67
ASG001775,DUD101152,CLI0287,2023-07-30,,Active,ALT / English Teacher,30,Three-Month,0,0,Staffing Demand,CAN001884,Hannah,,Jackson,1987-11-01,Male,French,Australian,Japan,Bachelor's Degree,Psychology,B2,N1,Eligible,Teacher,2023-06-15,Shinmei Elementary School,English School,Kanagawa,Yokohama,2023-09-29,,Active,12,11,0,0,91.67
ASG001776,DUD101153,CLI0100,2025-01-07,,Active,ALT / English Teacher,51,Monthly,0,0,Client Request,CAN000170,Michael,,Martinez,1981-02-15,Prefer not to say,Spanish,Mexican,Japan,Master's Degree,Education,C1,Basic,Eligible,Teacher,2023-10-14,Shinmei Education Center,English School,Tokyo,Katsushika,2023-06-06,,Active,12,9,1,0,75.0
ASG001777,DUD101154,CLI0121,2026-03-16,2027-07-22,Transferred,Senior Teacher,21,Annual,0,0,Client Request,CAN000890,Jose,,Allen,1976-12-27,Non-binary,Spanish,Spanish,Japan,Master's Degree,Business,C2,,Eligible,Teacher,2024-05-16,Tsubaki Junior High School,High School,Chiba,Matsudo,2020-06-04,,Active,12,11,0,0,91.67
ASG001778,DUD101154,CLI0265,2027-07-26,,Active,ALT / English Teacher,65,Three-Month,0,0,Client Request,CAN000890,Jose,,Allen,1976-12-27,Non-binary,Spanish,Spanish,Japan,Master's Degree,Business,C2,,Eligible,Teacher,2024-05-16,Sakura Junior High School,Public Elementary School,Saitama,Kawaguchi,2024-09-23,,Active,1,1,0,0,100.0
ASG001779,DUD101155,CLI0016,2021-04-15,,Active,Experienced Teacher,32,Six-Month,0,0,Transfer,CAN001083,James,,Perez,1992-07-12,Male,Japanese,Japanese,Japan,Associate Degree,Education,Native,,Eligible,Teacher,2024-08-01,Ota Education Center,Public Elementary School,Chiba,Chiba,2020-07-04,,Active,12,10,0,0,83.33
ASG001780,DUD101156,CLI0155,2024-12-12,2025-12-13,Transferred,ALT / English Teacher,53,Six-Month,0,0,Client Request,CAN001408,Laura,,Hall,1999-07-09,Female,American,American,Japan,Associate Degree,Education,C1,Basic,Eligible,Teacher,2026-03-11,Seiwa Education Center,Kindergarten,Saitama,Warabi,2025-03-15,,Active,12,11,0,0,91.67
ASG001781,DUD101157,CLI0071,2026-02-09,2027-06-24,Completed,Experienced Teacher,70,Three-Month,0,0,Replacement,CAN000732,Emily,,Taylor,2002-02-16,Non-binary,British,French,Japan,Master's Degree,Education,Native,,Eligible,Teacher,2024-01-18,Kita International School,Private School,Saitama,Kawaguchi,2022-09-21,,Active,12,11,0,0,91.67
ASG001782,DUD101157,CLI0288,2027-07-04,2028-08-16,Ended,Experienced Teacher,110,Six-Month,0,0,Initial Assignment,CAN000732,Emily,,Taylor,2002-02-16,Non-binary,British,French,Japan,Master's Degree,Education,Native,,Eligible,Teacher,2024-01-18,Haruka Junior High School,Kindergarten,Chiba,Matsudo,2021-10-26,,Active,12,10,1,0,83.33
ASG001783,DUD101158,CLI0295,2022-12-20,,Active,ALT / English Teacher,34,Monthly,0,0,Replacement,CAN001245,Michael,,Anderson,1994-09-06,Non-binary,Spanish,Filipino,Japan,Master's Degree,Other,C2,N3,Eligible,Teacher,2022-03-02,Tsubaki Junior High School,Public Junior High School,Kanagawa,Fujisawa,2022-02-23,,Active,12,10,1,0,83.33
ASG001784,DUD101159,CLI0179,2024-01-02,,Active,ALT / English Teacher,85,Six-Month,0,0,Client Request,CAN000690,Matthew,,Miller,2002-12-10,Non-binary,Australian,Brazilian,Japan,Diploma,English,C2,Basic,Eligible,Teacher,2022-10-20,Seiwa Junior High School,Public Junior High School,Tokyo,Nerima,2025-03-03,,Active,12,10,1,0,83.33
ASG001785,DUD101160,CLI0160,2024-09-09,2024-12-19,Renewed,ALT / English Teacher,106,Six-Month,0,0,Transfer,CAN000053,Jose,,Young,1975-07-22,Male,American,American,Japan,Diploma,Other,Native,N3,Eligible,Teacher,2021-07-25,Asahi High School,Public Junior High School,Chiba,Urayasu,2020-08-02,,Active,3,3,0,0,100.0
ASG001786,DUD101160,CLI0048,2025-01-01,2026-05-13,Completed,ALT / English Teacher,38,Annual,0,0,Initial Assignment,CAN000053,Jose,,Young,1975-07-22,Male,American,American,Japan,Diploma,Other,Native,N3,Eligible,Teacher,2021-07-25,Ota Junior High School,Education Center,Kanagawa,Yokohama,2024-09-12,2026-06-19,Inactive,12,12,0,0,100.0
ASG001787,DUD101161,CLI0244,2025-12-02,2027-02-23,Transferred,ALT / English Teacher,22,Six-Month,0,0,Initial Assignment,CAN000573,John,,Brown,1996-04-16,Male,French,American,Japan,Bachelor's Degree,Psychology,B2,,Eligible,Teacher,2024-10-28,Nerima Junior High School,Education Center,Saitama,Soka,2020-12-17,,Active,12,10,1,0,83.33
ASG001788,DUD101161,CLI0009,2027-03-04,,Active,Senior Teacher,32,Annual,0,0,Transfer,CAN000573,John,,Brown,1996-04-16,Male,French,American,Japan,Bachelor's Degree,Psychology,B2,,Eligible,Teacher,2024-10-28,Hikari High School,English School,Tokyo,Kita,2019-09-15,,Active,1,1,0,0,100.0
ASG001789,DUD101162,CLI0255,2022-09-13,2023-06-27,Completed,ALT / English Teacher,52,Three-Month,0,0,Replacement,CAN000230,Emma,,White,2000-03-20,Female,Filipino,British,Japan,Bachelor's Degree,Psychology,B2,Basic,Eligible,Teacher,2022-09-21,Haruka Academy,Education Center,Saitama,Kawaguchi,2020-03-22,,Active,9,8,1,0,88.89
ASG001790,DUD101163,CLI0139,2024-01-02,,Active,Experienced Teacher,84,Annual,0,0,Initial Assignment,CAN000799,Maria,,Williams,1985-09-27,Prefer not to say,Spanish,British,Japan,Diploma,English,Native,Basic,Eligible,Teacher,2023-12-14,Kizuna Junior High School,Private School,Kanagawa,Kawasaki,2024-05-03,,Active,12,9,1,0,75.0
ASG001791,DUD101164,CLI0184,2024-09-08,2025-10-10,Ended,ALT / English Teacher,96,Monthly,0,0,Staffing Demand,CAN000994,Sarah,,Lopez,1989-02-23,Female,American,Mexican,Japan,Bachelor's Degree,Education,B2,N2,Eligible,Teacher,2021-03-29,Takashima Junior High School,English School,Tokyo,Edogawa,2022-06-14,,Active,12,10,1,0,83.33
ASG001792,DUD101165,CLI0020,2021-09-15,2022-06-17,Renewed,Experienced Teacher,47,Six-Month,0,0,Transfer,CAN001359,Hannah,,Lee,1989-08-07,Prefer not to say,Australian,Canadian,Japan,Diploma,English,C2,N3,Eligible,Teacher,2021-11-30,Sakura International School,Public Elementary School,Chiba,Kashiwa,2024-10-13,,Active,9,7,0,0,77.78
ASG001793,DUD101166,CLI0086,2023-05-08,,Active,ALT / English Teacher,109,Three-Month,0,0,Client Request,CAN001847,Miguel,,Miller,1981-12-04,Non-binary,British,Mexican,Japan,Master's Degree,English,B2,N1,Eligible,Teacher,2025-01-03,Nerima Elementary School,Kindergarten,Kanagawa,Fujisawa,2020-09-21,2022-06-24,Inactive,12,10,1,0,83.33
ASG001794,DUD101167,CLI0003,2024-03-20,2024-08-11,Transferred,ALT / English Teacher,21,Monthly,0,0,Transfer,CAN000774,Jessica,,Brown,1982-04-25,Non-binary,British,French,Japan,Diploma,Psychology,C2,N2,Eligible,Teacher,2022-08-25,Koganei High School,Public Elementary School,Saitama,Kawagoe,2025-06-06,,Active,4,3,0,0,75.0
ASG001795,DUD101168,CLI0299,2024-05-12,2025-07-30,Renewed,ALT / English Teacher,68,Six-Month,0,0,Transfer,CAN001080,Olivia,,Martin,1985-02-11,Male,Canadian,Australian,Japan,Bachelor's Degree,English,C1,N3,Eligible,Teacher,2021-03-14,Akebono Junior High School,High School,Chiba,Funabashi,2025-11-23,,Active,12,10,0,0,83.33
ASG001796,DUD101169,CLI0034,2021-05-29,2021-11-13,Transferred,ALT / English Teacher,47,Six-Month,0,0,Initial Assignment,CAN001642,William,,Lopez,1990-10-25,Prefer not to say,Mexican,French,Japan,Master's Degree,English,C2,N1,Eligible,Teacher,2021-02-07,Midori Academy,English School,Saitama,Kawaguchi,2019-02-16,,Active,5,5,0,0,100.0
ASG001797,DUD101169,CLI0063,2021-11-16,,Active,Experienced Teacher,15,Monthly,0,0,Staffing Demand,CAN001642,William,,Lopez,1990-10-25,Prefer not to say,Mexican,French,Japan,Master's Degree,English,C2,N1,Eligible,Teacher,2021-02-07,Koganei Elementary School,Private School,Tokyo,Edogawa,2025-11-18,,Active,12,11,0,0,91.67
ASG001798,DUD101170,CLI0075,2022-05-10,2023-10-28,Renewed,ALT / English Teacher,62,Annual,0,0,Replacement,CAN001551,Laura,,King,1989-07-25,Male,Mexican,Canadian,Japan,Diploma,Other,C1,,Eligible,Teacher,2021-07-01,Akebono Junior High School,High School,Tokyo,Koganei,2019-07-27,2021-10-07,Inactive,12,12,0,0,100.0
ASG001799,DUD101170,CLI0148,2023-11-26,,Active,Senior Teacher,42,Monthly,0,0,Staffing Demand,CAN001551,Laura,,King,1989-07-25,Male,Mexican,Canadian,Japan,Diploma,Other,C1,,Eligible,Teacher,2021-07-01,Nerima Elementary School,Education Center,Chiba,Matsudo,2020-08-17,2021-06-20,Inactive,12,11,1,0,91.67
ASG001800,DUD101171,CLI0238,2025-11-27,2026-04-30,Renewed,ALT / English Teacher,90,Three-Month,0,0,Client Request,CAN000999,Diego,,Davis,1997-02-28,Female,Brazilian,Australian,Japan,Diploma,Other,Native,N2,Eligible,Teacher,2025-07-12,Kita Elementary School,Private School,Chiba,Matsudo,2021-04-13,,Active,5,5,0,0,100.0
ASG001801,DUD101171,CLI0130,2026-05-06,,Active,ALT / English Teacher,92,Three-Month,0,0,Client Request,CAN000999,Diego,,Davis,1997-02-28,Female,Brazilian,Australian,Japan,Diploma,Other,Native,N2,Eligible,Teacher,2025-07-12,Koyo Education Center,Public Elementary School,Saitama,Kawagoe,2024-10-08,,Active,3,3,0,0,100.0
ASG001802,DUD101172,CLI0183,2025-07-07,2026-11-27,Completed,Experienced Teacher,115,Three-Month,0,0,Initial Assignment,CAN001572,Diego,,Miller,1977-10-04,Non-binary,Japanese,Filipino,Japan,Associate Degree,English,Native,N2,Eligible,Teacher,2024-06-06,Tsubaki High School,Kindergarten,Saitama,Saitama,2026-03-25,,Active,12,10,0,0,83.33
ASG001803,DUD101172,CLI0212,2026-11-29,2027-04-22,Transferred,ALT / English Teacher,27,Three-Month,0,0,Transfer,CAN001572,Diego,,Miller,1977-10-04,Non-binary,Japanese,Filipino,Japan,Associate Degree,English,Native,N2,Eligible,Teacher,2024-06-06,Mirai Elementary School,Public Elementary School,Saitama,Saitama,2022-11-10,,Active,4,3,0,0,75.0
ASG001804,DUD101172,CLI0216,2027-05-08,2028-03-25,Completed,Senior Teacher,22,Monthly,0,0,Client Request,CAN001572,Diego,,Miller,1977-10-04,Non-binary,Japanese,Filipino,Japan,Associate Degree,English,Native,N2,Eligible,Teacher,2024-06-06,Nerima High School,Kindergarten,Kanagawa,Kawasaki,2022-12-29,,Active,10,8,0,0,80.0
ASG001805,DUD101173,CLI0294,2023-01-23,2024-05-14,Transferred,ALT / English Teacher,98,Three-Month,0,0,Staffing Demand,CAN000687,Sarah,,White,1984-01-21,Male,Japanese,Filipino,Japan,Bachelor's Degree,Psychology,B2,Basic,Eligible,Teacher,2021-02-22,Shinmei Junior High School,Kindergarten,Saitama,Saitama,2020-12-10,,Active,12,8,1,0,66.67
ASG001806,DUD101174,CLI0292,2022-04-03,2022-09-06,Renewed,ALT / English Teacher,33,Six-Month,0,0,Replacement,CAN000543,Emily,,Martin,1979-06-03,Female,Japanese,Canadian,Japan,Associate Degree,Psychology,C2,,Eligible,Teacher,2022-06-25,Kizuna Education Center,Education Center,Tokyo,Edogawa,2023-12-25,,Active,5,4,0,0,80.0
ASG001807,DUD101174,CLI0220,2022-09-22,2023-02-02,Completed,ALT / English Teacher,95,Monthly,0,0,Client Request,CAN000543,Emily,,Martin,1979-06-03,Female,Japanese,Canadian,Japan,Associate Degree,Psychology,C2,,Eligible,Teacher,2022-06-25,Haruka Elementary School,Private School,Kanagawa,Yamato,2020-11-21,,Active,4,3,0,0,75.0
ASG001808,DUD101174,CLI0219,2023-02-20,,Active,Senior Teacher,95,Annual,0,0,Staffing Demand,CAN000543,Emily,,Martin,1979-06-03,Female,Japanese,Canadian,Japan,Associate Degree,Psychology,C2,,Eligible,Teacher,2022-06-25,Seiwa International School,Public Elementary School,Tokyo,Ota,2024-11-19,,Active,12,11,0,0,91.67
ASG001809,DUD101175,CLI0251,2023-08-07,,Active,ALT / English Teacher,35,Six-Month,0,0,Replacement,CAN000801,Emily,,Taylor,1997-03-14,Prefer not to say,French,Australian,Japan,Diploma,Linguistics,B2,,Eligible,Teacher,2026-06-27,Ota Education Center,Public Junior High School,Saitama,Saitama,2020-09-07,2021-09-14,Inactive,12,8,1,0,66.67
ASG001810,DUD101176,CLI0256,2022-07-09,2022-12-14,Renewed,Experienced Teacher,87,Monthly,0,0,Client Request,CAN000251,James,,Johnson,1977-11-27,Male,French,Brazilian,Japan,Master's Degree,English,C1,N1,Eligible,Teacher,2025-07-07,Ota International School,Public Elementary School,Saitama,Koshigaya,2019-01-10,,Active,5,4,0,0,80.0
ASG001811,DUD101176,CLI0182,2023-01-10,2023-12-11,Renewed,Experienced Teacher,103,Six-Month,0,0,Replacement,CAN000251,James,,Johnson,1977-11-27,Male,French,Brazilian,Japan,Master's Degree,English,C1,N1,Eligible,Teacher,2025-07-07,Kawaguchi International School,Public Elementary School,Kanagawa,Kawasaki,2023-01-22,2024-09-09,Inactive,11,9,2,0,81.82
ASG001812,DUD101176,CLI0059,2023-12-23,,Active,ALT / English Teacher,60,Annual,0,0,Staffing Demand,CAN000251,James,,Johnson,1977-11-27,Male,French,Brazilian,Japan,Master's Degree,English,C1,N1,Eligible,Teacher,2025-07-07,Mirai Education Center,High School,Chiba,Funabashi,2019-04-11,,Active,12,9,2,0,75.0
ASG001813,DUD101177,CLI0043,2024-11-13,2025-05-01,Ended,Senior Teacher,40,Three-Month,0,0,Transfer,CAN000183,Ana,,Thompson,2002-10-04,Non-binary,Canadian,Brazilian,Japan,Master's Degree,Other,B2,N1,Eligible,Teacher,2021-03-29,Takashima International School,Private School,Tokyo,Koganei,2024-10-23,2027-04-11,Inactive,5,4,0,0,80.0
ASG001814,DUD101178,CLI0119,2023-04-24,2024-08-20,Transferred,Senior Teacher,63,Monthly,0,0,Replacement,CAN000144,Alejandro,,Davis,1994-09-26,Non-binary,French,Brazilian,Japan,Associate Degree,English,C1,N1,Eligible,Teacher,2026-04-11,Koyo Education Center,Kindergarten,Tokyo,Nerima,2023-07-31,,Active,12,12,0,0,100.0
ASG001815,DUD101178,CLI0139,2024-09-04,2025-10-03,Renewed,ALT / English Teacher,29,Annual,0,0,Initial Assignment,CAN000144,Alejandro,,Davis,1994-09-26,Non-binary,French,Brazilian,Japan,Associate Degree,English,C1,N1,Eligible,Teacher,2026-04-11,Kizuna Junior High School,Private School,Kanagawa,Kawasaki,2024-05-03,,Active,12,10,0,0,83.33
ASG001816,DUD101179,CLI0229,2022-11-09,,Active,ALT / English Teacher,112,Annual,0,0,Replacement,CAN001297,Miguel,,Martin,1995-10-15,Non-binary,Spanish,French,Japan,Bachelor's Degree,Business,Native,,Eligible,Teacher,2024-07-26,Mirai International School,Public Elementary School,Kanagawa,Fujisawa,2024-02-20,,Active,12,11,0,0,91.67
ASG001817,DUD101180,CLI0069,2021-06-18,2021-12-03,Ended,Trainer,96,Annual,0,0,Staffing Demand,CAN000298,Thomas,,Anderson,1976-04-02,Non-binary,Mexican,Spanish,Japan,Bachelor's Degree,Education,C1,N2,Eligible,Teacher,2022-06-01,Ota International School,Public Junior High School,Tokyo,Adachi,2025-08-07,,Active,5,5,0,0,100.0
ASG001818,DUD101180,CLI0044,2021-12-12,2022-11-16,Transferred,ALT / English Teacher,59,Monthly,0,0,Transfer,CAN000298,Thomas,,Anderson,1976-04-02,Non-binary,Mexican,Spanish,Japan,Bachelor's Degree,Education,C1,N2,Eligible,Teacher,2022-06-01,Nerima Junior High School,Private School,Chiba,Ichikawa,2021-07-30,,Active,11,9,2,0,81.82
ASG001819,DUD101181,CLI0158,2021-05-24,2022-09-14,Transferred,Senior Teacher,41,Annual,0,0,Client Request,CAN000796,David,,Brown,1981-08-11,Male,Japanese,Filipino,Japan,Associate Degree,Education,C1,N1,Eligible,Teacher,2022-05-27,Meisei High School,Public Elementary School,Kanagawa,Kawasaki,2025-02-15,,Active,12,10,2,0,83.33
ASG001820,DUD101181,CLI0263,2022-10-12,2023-11-08,Transferred,ALT / English Teacher,45,Three-Month,0,0,Initial Assignment,CAN000796,David,,Brown,1981-08-11,Male,Japanese,Filipino,Japan,Associate Degree,Education,C1,N1,Eligible,Teacher,2022-05-27,Haruka International School,Public Junior High School,Chiba,Ichikawa,2023-11-15,,Active,12,11,1,0,91.67
ASG001821,DUD101181,CLI0155,2023-11-25,,Active,ALT / English Teacher,119,Monthly,0,0,Client Request,CAN000796,David,,Brown,1981-08-11,Male,Japanese,Filipino,Japan,Associate Degree,Education,C1,N1,Eligible,Teacher,2022-05-27,Seiwa Education Center,Kindergarten,Saitama,Warabi,2025-03-15,,Active,12,12,0,0,100.0
ASG001822,DUD101182,CLI0225,2026-02-19,2026-08-20,Ended,ALT / English Teacher,98,Monthly,0,0,Replacement,CAN000721,Michael,,Moore,1994-08-10,Male,Canadian,Filipino,Japan,Associate Degree,Other,C1,N1,Eligible,Teacher,2022-05-29,Takashima High School,Public Elementary School,Saitama,Warabi,2023-11-02,,Active,6,6,0,0,100.0
ASG001823,DUD101182,CLI0090,2026-09-18,,Active,ALT / English Teacher,98,Monthly,0,0,Replacement,CAN000721,Michael,,Moore,1994-08-10,Male,Canadian,Filipino,Japan,Associate Degree,Other,C1,N1,Eligible,Teacher,2022-05-29,Akebono International School,Public Elementary School,Saitama,Koshigaya,2021-11-15,,Active,1,0,1,0,0.0
ASG001824,DUD101183,CLI0024,2025-03-21,2026-08-24,Completed,ALT / English Teacher,72,Monthly,0,0,Transfer,CAN000172,Sofia,,Johnson,1984-03-08,Male,British,British,Japan,Associate Degree,Business,B2,,Eligible,Teacher,2023-02-16,Hikari Academy,English School,Tokyo,Edogawa,2023-10-24,2027-03-01,Inactive,12,10,1,0,83.33
ASG001825,DUD101183,CLI0010,2026-09-06,2027-11-14,Ended,ALT / English Teacher,98,Monthly,0,0,Initial Assignment,CAN000172,Sofia,,Johnson,1984-03-08,Male,British,British,Japan,Associate Degree,Business,B2,,Eligible,Teacher,2023-02-16,Midori International School,Kindergarten,Chiba,Chiba,2022-09-04,,Active,12,9,2,0,75.0
ASG001826,DUD101183,CLI0186,2027-12-04,2029-03-12,Ended,Senior Teacher,70,Six-Month,0,0,Client Request,CAN000172,Sofia,,Johnson,1984-03-08,Male,British,British,Japan,Associate Degree,Business,B2,,Eligible,Teacher,2023-02-16,Asahi Education Center,Education Center,Kanagawa,Yamato,2026-01-09,,Active,12,11,0,0,91.67
ASG001827,DUD101184,CLI0153,2021-09-22,,Active,Experienced Teacher,40,Six-Month,0,0,Client Request,CAN000755,Emily,,Garcia,1987-12-21,Male,Mexican,British,Japan,Diploma,Business,C1,N2,Eligible,Teacher,2025-11-13,Meisei High School,High School,Saitama,Saitama,2023-05-27,2024-06-05,Inactive,12,11,1,0,91.67
ASG001828,DUD101185,CLI0098,2022-03-24,2022-06-23,Ended,Experienced Teacher,78,Six-Month,0,0,Staffing Demand,CAN000106,Jessica,,Lee,1992-03-12,Male,Mexican,British,Japan,Associate Degree,Education,B2,N3,Eligible,Teacher,2022-05-09,Meisei Elementary School,Public Junior High School,Saitama,Toda,2024-03-26,,Active,3,3,0,0,100.0
ASG001829,DUD101185,CLI0122,2022-07-18,,Active,ALT / English Teacher,21,Monthly,0,0,Client Request,CAN000106,Jessica,,Lee,1992-03-12,Male,Mexican,British,Japan,Associate Degree,Education,B2,N3,Eligible,Teacher,2022-05-09,Mirai Education Center,Kindergarten,Saitama,Kawaguchi,2020-09-24,,Active,12,10,1,0,83.33
ASG001830,DUD101186,CLI0061,2023-02-28,2024-07-02,Completed,ALT / English Teacher,60,Six-Month,0,0,Initial Assignment,CAN000796,Matthew,,Allen,1990-12-22,Prefer not to say,Japanese,Brazilian,Japan,Diploma,Linguistics,C2,N1,Eligible,Teacher,2021-02-22,Takashima High School,Private School,Saitama,Toda,2020-09-12,,Active,12,11,1,0,91.67
ASG001831,DUD101186,CLI0197,2024-07-04,,Active,ALT / English Teacher,92,Monthly,0,0,Staffing Demand,CAN000796,Matthew,,Allen,1990-12-22,Prefer not to say,Japanese,Brazilian,Japan,Diploma,Linguistics,C2,N1,Eligible,Teacher,2021-02-22,Ota High School,English School,Chiba,Urayasu,2022-12-06,,Active,12,12,0,0,100.0
ASG001832,DUD101187,CLI0012,2022-09-23,2024-02-29,Completed,Experienced Teacher,40,Three-Month,0,0,Client Request,CAN001366,James,,Martin,1995-06-07,Prefer not to say,Filipino,British,Japan,Associate Degree,Psychology,Native,,Eligible,Teacher,2023-07-26,Akebono Education Center,Kindergarten,Chiba,Matsudo,2023-07-26,,Active,12,9,2,0,75.0
ASG001833,DUD101188,CLI0012,2022-02-13,,Active,ALT / English Teacher,50,Monthly,0,0,Initial Assignment,CAN000142,William,,King,1990-01-04,Non-binary,French,Mexican,Japan,Associate Degree,Linguistics,C2,N2,Eligible,Teacher,2026-05-04,Akebono Education Center,Kindergarten,Chiba,Matsudo,2023-07-26,,Active,12,11,0,0,91.67
ASG001834,DUD101189,CLI0178,2025-05-07,2025-11-20,Ended,Experienced Teacher,49,Annual,0,0,Transfer,CAN001271,Christopher,,Jackson,1986-04-10,Male,Brazilian,Canadian,Japan,Associate Degree,Psychology,B2,N1,Eligible,Teacher,2021-11-28,Sakura High School,Education Center,Tokyo,Nerima,2020-03-28,,Active,6,5,0,0,83.33
ASG001835,DUD101189,CLI0260,2025-11-27,,Active,ALT / English Teacher,94,Three-Month,0,0,Client Request,CAN001271,Christopher,,Jackson,1986-04-10,Male,Brazilian,Canadian,Japan,Associate Degree,Psychology,B2,N1,Eligible,Teacher,2021-11-28,Koyo Elementary School,Public Elementary School,Tokyo,Kita,2025-03-25,,Active,8,7,0,0,87.5
ASG001836,DUD101190,CLI0249,2022-06-13,2022-10-08,Transferred,Senior Teacher,98,Three-Month,0,0,Transfer,CAN001977,Jose,,Young,1998-02-28,Prefer not to say,Canadian,Spanish,Japan,Diploma,Linguistics,Native,N2,Eligible,Teacher,2023-02-05,Haruka High School,Kindergarten,Chiba,Chiba,2019-05-15,,Active,3,3,0,0,100.0
ASG001837,DUD101190,CLI0220,2022-10-14,,Active,Senior Teacher,47,Three-Month,0,0,Client Request,CAN001977,Jose,,Young,1998-02-28,Prefer not to say,Canadian,Spanish,Japan,Diploma,Linguistics,Native,N2,Eligible,Teacher,2023-02-05,Haruka Elementary School,Private School,Kanagawa,Yamato,2020-11-21,,Active,12,11,1,0,91.67
ASG001838,DUD101191,CLI0115,2024-11-28,2025-08-20,Transferred,ALT / English Teacher,23,Annual,0,0,Staffing Demand,CAN000383,Carlos,,Martinez,1983-08-20,Non-binary,American,Japanese,Japan,Associate Degree,Education,Native,Basic,Eligible,Teacher,2022-05-08,Takashima High School,Public Elementary School,Saitama,Toda,2023-12-27,2026-04-11,Inactive,8,7,0,0,87.5
ASG001839,DUD101191,CLI0041,2025-09-02,2026-03-23,Transferred,Senior Teacher,80,Six-Month,0,0,Staffing Demand,CAN000383,Carlos,,Martinez,1983-08-20,Non-binary,American,Japanese,Japan,Associate Degree,Education,Native,Basic,Eligible,Teacher,2022-05-08,Midori Junior High School,Kindergarten,Chiba,Kashiwa,2025-09-17,,Active,6,6,0,0,100.0
ASG001840,DUD101191,CLI0254,2026-04-18,,Active,Experienced Teacher,64,Six-Month,0,0,Initial Assignment,CAN000383,Carlos,,Martinez,1983-08-20,Non-binary,American,Japanese,Japan,Associate Degree,Education,Native,Basic,Eligible,Teacher,2022-05-08,Haruka Education Center,Private School,Tokyo,Koganei,2024-08-30,,Active,4,4,0,0,100.0
ASG001841,DUD101192,CLI0059,2021-01-28,2021-06-06,Completed,ALT / English Teacher,85,Monthly,0,0,Replacement,CAN000905,Maria,,Miller,1987-07-01,Prefer not to say,British,British,Japan,Bachelor's Degree,Other,B2,Basic,Eligible,Teacher,2024-05-18,Mirai Education Center,High School,Chiba,Funabashi,2019-04-11,,Active,4,2,1,0,50.0
ASG001842,DUD101192,CLI0084,2021-06-28,,Active,ALT / English Teacher,103,Monthly,0,0,Initial Assignment,CAN000905,Maria,,Miller,1987-07-01,Prefer not to say,British,British,Japan,Bachelor's Degree,Other,B2,Basic,Eligible,Teacher,2024-05-18,Tsubaki Elementary School,Public Junior High School,Kanagawa,Kawasaki,2023-03-31,,Active,12,11,0,0,91.67
ASG001843,DUD101193,CLI0190,2024-06-13,2024-12-09,Completed,ALT / English Teacher,91,Three-Month,0,0,Client Request,CAN001884,Sarah,,Jackson,1996-02-14,Prefer not to say,French,Filipino,Japan,Bachelor's Degree,Education,B2,N2,Eligible,Teacher,2022-08-07,Asahi International School,English School,Kanagawa,Sagamihara,2020-05-23,,Active,6,5,0,0,83.33
ASG001844,DUD101193,CLI0258,2024-12-14,2025-03-17,Transferred,ALT / English Teacher,92,Three-Month,0,0,Transfer,CAN001884,Sarah,,Jackson,1996-02-14,Prefer not to say,French,Filipino,Japan,Bachelor's Degree,Education,B2,N2,Eligible,Teacher,2022-08-07,Akebono Junior High School,Education Center,Saitama,Koshigaya,2026-02-24,,Active,3,3,0,0,100.0
ASG001845,DUD101193,CLI0249,2025-03-30,2026-03-15,Ended,ALT / English Teacher,25,Six-Month,0,0,Initial Assignment,CAN001884,Sarah,,Jackson,1996-02-14,Prefer not to say,French,Filipino,Japan,Bachelor's Degree,Education,B2,N2,Eligible,Teacher,2022-08-07,Haruka High School,Kindergarten,Chiba,Chiba,2019-05-15,,Active,11,9,0,0,81.82
ASG001846,DUD101194,CLI0083,2024-09-12,2025-02-18,Completed,Experienced Teacher,31,Monthly,0,0,Client Request,CAN000382,Alejandro,,Gonzalez,1981-05-13,Male,Filipino,American,Japan,Diploma,Linguistics,C2,N1,Eligible,Teacher,2021-04-06,Koganei Junior High School,Private School,Kanagawa,Sagamihara,2022-06-28,2024-03-11,Inactive,5,4,0,0,80.0
ASG001847,DUD101194,CLI0016,2025-03-19,,Active,ALT / English Teacher,50,Annual,0,0,Replacement,CAN000382,Alejandro,,Gonzalez,1981-05-13,Male,Filipino,American,Japan,Diploma,Linguistics,C2,N1,Eligible,Teacher,2021-04-06,Ota Education Center,Public Elementary School,Chiba,Chiba,2020-07-04,,Active,12,9,1,0,75.0
ASG001848,DUD101195,CLI0228,2023-01-19,2024-02-28,Renewed,Experienced Teacher,79,Annual,0,0,Initial Assignment,CAN001194,James,,Walker,1992-11-06,Male,Japanese,British,Japan,Bachelor's Degree,Other,B2,,Eligible,Teacher,2021-01-29,Takashima Academy,Education Center,Kanagawa,Kawasaki,2025-12-24,,Active,12,10,1,0,83.33
ASG001849,DUD101195,CLI0100,2024-03-14,,Active,Experienced Teacher,16,Annual,0,0,Transfer,CAN001194,James,,Walker,1992-11-06,Male,Japanese,British,Japan,Bachelor's Degree,Other,B2,,Eligible,Teacher,2021-01-29,Shinmei Education Center,English School,Tokyo,Katsushika,2023-06-06,,Active,12,9,0,0,75.0
ASG001850,DUD101196,CLI0155,2022-07-05,,Active,ALT / English Teacher,41,Monthly,0,0,Replacement,CAN000485,Juan,,Moore,1995-03-16,Prefer not to say,Brazilian,Mexican,Japan,Diploma,Other,Native,,Eligible,Teacher,2023-11-25,Seiwa Education Center,Kindergarten,Saitama,Warabi,2025-03-15,,Active,12,11,0,0,91.67
ASG001851,DUD101197,CLI0233,2023-10-01,2024-08-12,Completed,ALT / English Teacher,27,Monthly,0,0,Transfer,CAN001128,William,,Ramirez,1978-07-06,Male,Japanese,French,Japan,Master's Degree,Psychology,C2,N2,Eligible,Teacher,2022-07-28,Midori International School,Public Elementary School,Saitama,Saitama,2019-07-27,,Active,10,6,1,0,60.0
ASG001852,DUD101197,CLI0151,2024-08-18,,Active,ALT / English Teacher,33,Annual,0,0,Replacement,CAN001128,William,,Ramirez,1978-07-06,Male,Japanese,French,Japan,Master's Degree,Psychology,C2,N2,Eligible,Teacher,2022-07-28,Kawaguchi Academy,High School,Chiba,Ichikawa,2026-04-11,,Active,12,11,1,0,91.67
ASG001853,DUD101198,CLI0120,2022-12-14,2023-08-22,Transferred,Experienced Teacher,31,Monthly,0,0,Replacement,CAN000688,Olivia,,Sanchez,1986-10-13,Male,Filipino,Canadian,Japan,Bachelor's Degree,Linguistics,C2,N3,Eligible,Teacher,2021-09-26,Ota High School,Public Elementary School,Kanagawa,Yokohama,2024-03-23,,Active,8,7,1,0,87.5
ASG001854,DUD101198,CLI0158,2023-09-21,2024-10-06,Ended,ALT / English Teacher,94,Three-Month,0,0,Transfer,CAN000688,Olivia,,Sanchez,1986-10-13,Male,Filipino,Canadian,Japan,Bachelor's Degree,Linguistics,C2,N3,Eligible,Teacher,2021-09-26,Meisei High School,Public Elementary School,Kanagawa,Kawasaki,2025-02-15,,Active,12,9,1,0,75.0
ASG001855,DUD101198,CLI0070,2024-10-13,2025-12-08,Completed,ALT / English Teacher,116,Annual,0,0,Transfer,CAN000688,Olivia,,Sanchez,1986-10-13,Male,Filipino,Canadian,Japan,Bachelor's Degree,Linguistics,C2,N3,Eligible,Teacher,2021-09-26,Sakura Elementary School,Public Junior High School,Saitama,Toda,2025-05-15,,Active,12,9,1,0,75.0
ASG001856,DUD101199,CLI0195,2026-03-07,2026-07-04,Ended,ALT / English Teacher,57,Monthly,0,0,Replacement,CAN000164,Luis,,Garcia,1976-10-12,Female,Canadian,British,Japan,Master's Degree,Education,C1,,Eligible,Teacher,2022-04-30,Haruka Academy,English School,Kanagawa,Yamato,2020-09-13,,Active,4,4,0,0,100.0
ASG001857,DUD101199,CLI0236,2026-07-28,,Active,Experienced Teacher,46,Six-Month,0,0,Initial Assignment,CAN000164,Luis,,Garcia,1976-10-12,Female,Canadian,British,Japan,Master's Degree,Education,C1,,Eligible,Teacher,2022-04-30,Meisei Elementary School,Private School,Tokyo,Edogawa,2021-05-21,2025-01-06,Inactive,3,2,1,0,66.67
ASG001858,DUD101200,CLI0249,2025-10-06,2027-01-27,Renewed,ALT / English Teacher,84,Six-Month,0,0,Staffing Demand,CAN000724,Luis,,Lee,1989-07-03,Non-binary,American,Japanese,Japan,Bachelor's Degree,Business,Native,N3,Eligible,Teacher,2025-07-04,Haruka High School,Kindergarten,Chiba,Chiba,2019-05-15,,Active,12,8,0,0,66.67
ASG001859,DUD101200,CLI0129,2027-02-12,2027-05-16,Ended,ALT / English Teacher,97,Six-Month,0,0,Replacement,CAN000724,Luis,,Lee,1989-07-03,Non-binary,American,Japanese,Japan,Bachelor's Degree,Business,Native,N3,Eligible,Teacher,2025-07-04,Kita Elementary School,Public Elementary School,Tokyo,Edogawa,2023-06-03,,Active,3,3,0,0,100.0
ASG001860,DUD101200,CLI0210,2027-06-10,,Active,Senior Teacher,82,Three-Month,0,0,Client Request,CAN000724,Luis,,Lee,1989-07-03,Non-binary,American,Japanese,Japan,Bachelor's Degree,Business,Native,N3,Eligible,Teacher,2025-07-04,Haruka Education Center,High School,Tokyo,Kita,2022-12-04,,Active,1,1,0,0,100.0
ASG001861,DUD101201,CLI0238,2024-07-29,2024-12-12,Completed,ALT / English Teacher,97,Annual,0,0,Transfer,CAN001217,Luis,,Anderson,1988-03-07,Male,British,Australian,Japan,Diploma,Psychology,Native,Basic,Eligible,Teacher,2026-06-29,Kita Elementary School,Private School,Chiba,Matsudo,2021-04-13,,Active,4,3,1,0,75.0
ASG001862,DUD101202,CLI0067,2024-04-07,2025-02-21,Transferred,Experienced Teacher,25,Annual,0,0,Replacement,CAN001619,William,,Walker,1998-04-14,Male,Japanese,Japanese,Japan,Associate Degree,Education,C1,N2,Eligible,Teacher,2026-04-20,Kizuna High School,Public Elementary School,Saitama,Soka,2020-07-29,,Active,10,10,0,0,100.0
ASG001863,DUD101203,CLI0267,2021-02-26,,Active,ALT / English Teacher,69,Six-Month,0,0,Replacement,CAN000179,Hannah,,Hernandez,1990-08-14,Prefer not to say,Brazilian,Spanish,Japan,Associate Degree,Linguistics,B2,,Eligible,Teacher,2021-11-29,Kawaguchi International School,English School,Kanagawa,Kawasaki,2022-07-11,,Active,12,9,2,0,75.0
ASG001864,DUD101204,CLI0173,2021-08-15,2022-07-12,Completed,ALT / English Teacher,43,Monthly,0,0,Transfer,CAN000185,Hannah,,Rodriguez,1986-02-07,Female,French,French,Japan,Associate Degree,Education,Native,,Eligible,Teacher,2026-04-10,Musashino International School,Private School,Chiba,Matsudo,2025-08-22,,Active,11,8,2,0,72.73
ASG001865,DUD101204,CLI0043,2022-07-23,,Active,Experienced Teacher,58,Annual,0,0,Replacement,CAN000185,Hannah,,Rodriguez,1986-02-07,Female,French,French,Japan,Associate Degree,Education,Native,,Eligible,Teacher,2026-04-10,Takashima International School,Private School,Tokyo,Koganei,2024-10-23,2027-04-11,Inactive,12,9,2,0,75.0
ASG001866,DUD101205,CLI0255,2025-09-14,2026-11-15,Ended,Experienced Teacher,87,Six-Month,0,0,Transfer,CAN001405,John,,Sanchez,1993-09-19,Male,Mexican,Japanese,Japan,Associate Degree,Psychology,C2,N3,Eligible,Teacher,2025-12-27,Haruka Academy,Education Center,Saitama,Kawaguchi,2020-03-22,,Active,12,12,0,0,100.0
ASG001867,DUD101205,CLI0265,2026-12-08,2028-03-05,Transferred,ALT / English Teacher,67,Six-Month,0,0,Client Request,CAN001405,John,,Sanchez,1993-09-19,Male,Mexican,Japanese,Japan,Associate Degree,Psychology,C2,N3,Eligible,Teacher,2025-12-27,Sakura Junior High School,Public Elementary School,Saitama,Kawaguchi,2024-09-23,,Active,12,12,0,0,100.0
ASG001868,DUD101206,CLI0193,2022-06-01,,Active,ALT / English Teacher,101,Three-Month,0,0,Initial Assignment,CAN000320,William,,White,1989-04-12,Male,Australian,Spanish,Japan,Master's Degree,Psychology,C1,,Eligible,Teacher,2024-11-29,Nerima International School,Public Junior High School,Saitama,Toda,2023-08-28,,Active,12,11,0,0,91.67
ASG001869,DUD101207,CLI0288,2024-09-15,,Active,ALT / English Teacher,61,Annual,0,0,Replacement,CAN000899,David,,Hernandez,1989-08-23,Prefer not to say,French,Filipino,Japan,Master's Degree,English,C2,,Eligible,Teacher,2024-01-16,Haruka Junior High School,Kindergarten,Chiba,Matsudo,2021-10-26,,Active,12,12,0,0,100.0
ASG001870,DUD101208,CLI0200,2022-07-25,2023-06-16,Renewed,ALT / English Teacher,85,Three-Month,0,0,Transfer,CAN001512,Carlos,,Taylor,1978-12-02,Non-binary,Mexican,Spanish,Japan,Bachelor's Degree,Linguistics,C2,N2,Eligible,Teacher,2022-02-25,Seiwa International School,Kindergarten,Chiba,Ichikawa,2025-10-18,,Active,10,6,2,0,60.0
ASG001871,DUD101208,CLI0113,2023-07-11,,Active,ALT / English Teacher,55,Annual,0,0,Client Request,CAN001512,Carlos,,Taylor,1978-12-02,Non-binary,Mexican,Spanish,Japan,Bachelor's Degree,Linguistics,C2,N2,Eligible,Teacher,2022-02-25,Tsubaki International School,High School,Saitama,Warabi,2020-01-10,2023-02-16,Inactive,12,8,0,0,66.67
ASG001872,DUD101209,CLI0089,2025-12-15,,Active,Experienced Teacher,76,Annual,0,0,Staffing Demand,CAN001037,Juan,,Martin,1985-10-10,Prefer not to say,Filipino,British,Japan,Associate Degree,Business,C1,N3,Eligible,Teacher,2024-02-19,Koganei Education Center,High School,Chiba,Matsudo,2024-06-15,,Active,8,8,0,0,100.0
ASG001873,DUD101210,CLI0123,2023-11-10,2024-10-19,Ended,Senior Teacher,76,Monthly,0,0,Staffing Demand,CAN001540,Marco,,Jackson,1975-03-13,Male,Spanish,American,Japan,Diploma,Business,C1,N3,Eligible,Teacher,2023-11-15,Musashino High School,English School,Saitama,Koshigaya,2021-02-09,2021-08-09,Inactive,11,8,2,0,72.73
ASG001874,DUD101210,CLI0066,2024-11-18,2025-06-23,Transferred,Experienced Teacher,17,Annual,0,0,Transfer,CAN001540,Marco,,Jackson,1975-03-13,Male,Spanish,American,Japan,Diploma,Business,C1,N3,Eligible,Teacher,2023-11-15,Nerima Education Center,Public Junior High School,Saitama,Koshigaya,2024-12-07,,Active,7,7,0,0,100.0
ASG001875,DUD101211,CLI0258,2021-05-25,,Active,Experienced Teacher,35,Three-Month,0,0,Transfer,CAN000708,Michael,,Perez,1982-03-10,Prefer not to say,Brazilian,British,Japan,Diploma,Education,C2,N1,Eligible,Teacher,2023-07-19,Akebono Junior High School,Education Center,Saitama,Koshigaya,2026-02-24,,Active,12,11,0,0,91.67
ASG001876,DUD101212,CLI0039,2021-09-30,2022-10-30,Completed,Senior Teacher,46,Six-Month,0,0,Transfer,CAN001970,Ana,,Miller,1984-02-27,Female,Spanish,Japanese,Japan,Associate Degree,Other,Native,N2,Eligible,Teacher,2021-10-05,Shinmei International School,High School,Tokyo,Kita,2020-04-30,,Active,12,10,1,0,83.33
ASG001877,DUD101212,CLI0096,2022-11-04,2023-06-02,Renewed,ALT / English Teacher,88,Annual,0,0,Client Request,CAN001970,Ana,,Miller,1984-02-27,Female,Spanish,Japanese,Japan,Associate Degree,Other,Native,N2,Eligible,Teacher,2021-10-05,Haruka Academy,Private School,Tokyo,Tachikawa,2020-12-02,,Active,7,7,0,0,100.0
ASG001878,DUD101213,CLI0217,2024-09-02,,Active,Experienced Teacher,106,Monthly,0,0,Staffing Demand,CAN000159,Miguel,,White,1995-08-25,Prefer not to say,Filipino,American,Japan,Associate Degree,English,Native,N2,Eligible,Teacher,2026-07-05,Koganei Education Center,Private School,Kanagawa,Kawasaki,2024-01-12,,Active,12,10,2,0,83.33
ASG001879,DUD101214,CLI0081,2022-01-29,2022-10-05,Completed,Experienced Teacher,42,Six-Month,0,0,Replacement,CAN001539,Michael,,King,1983-04-08,Female,Brazilian,Spanish,Japan,Diploma,Psychology,B2,N3,Eligible,Teacher,2021-01-14,Nerima International School,Public Elementary School,Tokyo,Kita,2023-07-23,,Active,8,6,0,0,75.0
ASG001880,DUD101214,CLI0272,2022-10-23,2023-11-18,Transferred,Experienced Teacher,26,Monthly,0,0,Replacement,CAN001539,Michael,,King,1983-04-08,Female,Brazilian,Spanish,Japan,Diploma,Psychology,B2,N3,Eligible,Teacher,2021-01-14,Sakura Junior High School,Education Center,Chiba,Matsudo,2023-11-25,,Active,12,11,1,0,91.67
ASG001881,DUD101214,CLI0077,2023-11-22,,Active,Experienced Teacher,68,Six-Month,0,0,Replacement,CAN001539,Michael,,King,1983-04-08,Female,Brazilian,Spanish,Japan,Diploma,Psychology,B2,N3,Eligible,Teacher,2021-01-14,Hikari Elementary School,Kindergarten,Saitama,Kawaguchi,2019-09-03,2020-06-28,Inactive,12,11,1,0,91.67
ASG001882,DUD101215,CLI0268,2024-01-12,,Active,ALT / English Teacher,29,Six-Month,0,0,Transfer,CAN001521,Michael,,White,1987-05-25,Prefer not to say,Japanese,American,Japan,Bachelor's Degree,Linguistics,Native,N2,Eligible,Teacher,2023-01-09,Akebono International School,Public Junior High School,Saitama,Saitama,2024-07-16,,Active,12,9,1,0,75.0
ASG001883,DUD101216,CLI0138,2024-02-14,,Active,ALT / English Teacher,63,Three-Month,0,0,Staffing Demand,CAN001280,Maria,,Rodriguez,1977-01-06,Non-binary,Spanish,American,Japan,Master's Degree,Other,C2,,Eligible,Teacher,2023-12-21,Kita Elementary School,Public Elementary School,Chiba,Ichikawa,2022-06-14,,Active,12,9,2,0,75.0
ASG001884,DUD101217,CLI0266,2022-12-03,,Active,Experienced Teacher,115,Three-Month,0,0,Transfer,CAN001503,Sofia,,Rodriguez,1990-10-07,Prefer not to say,French,Brazilian,Japan,Diploma,Other,B2,,Eligible,Teacher,2023-01-18,Haruka International School,Kindergarten,Tokyo,Katsushika,2025-11-22,,Active,12,12,0,0,100.0
ASG001885,DUD101218,CLI0145,2024-10-13,,Active,ALT / English Teacher,99,Six-Month,0,0,Staffing Demand,CAN001443,Daniel,,Perez,1977-09-12,Female,Filipino,Australian,Japan,Associate Degree,Business,C2,N1,Eligible,Teacher,2022-09-25,Musashino Elementary School,English School,Kanagawa,Yokohama,2024-08-24,,Active,12,8,1,0,66.67
ASG001886,DUD101219,CLI0247,2021-09-17,2022-02-09,Transferred,ALT / English Teacher,63,Annual,0,0,Initial Assignment,CAN000763,John,,Miller,1989-11-25,Male,Spanish,Spanish,Japan,Bachelor's Degree,Other,B2,,Eligible,Teacher,2025-10-05,Akebono Education Center,Private School,Chiba,Chiba,2026-02-15,,Active,4,4,0,0,100.0
ASG001887,DUD101220,CLI0044,2025-07-26,2026-10-09,Ended,ALT / English Teacher,79,Monthly,0,0,Transfer,CAN001501,Miguel,,Hall,1976-06-12,Prefer not to say,Canadian,American,Japan,Diploma,English,B2,N1,Eligible,Teacher,2022-10-27,Nerima Junior High School,Private School,Chiba,Ichikawa,2021-07-30,,Active,12,11,0,0,91.67
ASG001888,DUD101220,CLI0065,2026-10-22,,Active,Trainer,73,Monthly,0,0,Client Request,CAN001501,Miguel,,Hall,1976-06-12,Prefer not to say,Canadian,American,Japan,Diploma,English,B2,N1,Eligible,Teacher,2022-10-27,Kawaguchi Junior High School,High School,Chiba,Urayasu,2023-07-15,,Active,1,1,0,0,100.0
ASG001889,DUD101221,CLI0119,2022-06-02,,Active,ALT / English Teacher,103,Three-Month,0,0,Staffing Demand,CAN000145,James,,Ramirez,1979-02-12,Non-binary,Mexican,Filipino,Japan,Master's Degree,Business,B2,N3,Eligible,Teacher,2022-07-05,Koyo Education Center,Kindergarten,Tokyo,Nerima,2023-07-31,,Active,12,10,1,0,83.33
ASG001890,DUD101222,CLI0119,2025-09-26,,Active,ALT / English Teacher,90,Three-Month,0,0,Replacement,CAN001640,William,,Moore,1977-02-27,Male,Spanish,Filipino,Japan,Bachelor's Degree,English,C1,N1,Eligible,Teacher,2024-08-26,Koyo Education Center,Kindergarten,Tokyo,Nerima,2023-07-31,,Active,10,10,0,0,100.0
ASG001891,DUD101223,CLI0079,2021-03-19,,Active,Experienced Teacher,96,Annual,0,0,Client Request,CAN001170,Sarah,,Gonzalez,1981-07-11,Female,British,Canadian,Japan,Master's Degree,Linguistics,C2,N3,Eligible,Teacher,2021-09-08,Tsubaki Academy,High School,Chiba,Funabashi,2021-01-28,,Active,12,10,0,0,83.33
ASG001892,DUD101224,CLI0152,2023-07-22,2024-07-30,Renewed,ALT / English Teacher,113,Monthly,0,0,Staffing Demand,CAN001113,Andres,,Taylor,2003-02-28,Male,French,American,Japan,Master's Degree,English,C1,N3,Eligible,Teacher,2025-03-13,Meisei International School,English School,Tokyo,Tachikawa,2025-01-26,,Active,12,11,1,0,91.67
ASG001893,DUD101225,CLI0198,2023-11-23,2024-06-17,Renewed,ALT / English Teacher,42,Monthly,0,0,Transfer,CAN001475,Juan,,Perez,1998-04-19,Non-binary,British,Filipino,Japan,Master's Degree,Education,Native,N1,Eligible,Teacher,2024-07-16,Ota High School,Public Elementary School,Kanagawa,Yamato,2022-08-29,,Active,6,5,0,0,83.33
ASG001894,DUD101225,CLI0180,2024-07-17,2025-11-19,Ended,ALT / English Teacher,81,Three-Month,0,0,Transfer,CAN001475,Juan,,Perez,1998-04-19,Non-binary,British,Filipino,Japan,Master's Degree,Education,Native,N1,Eligible,Teacher,2024-07-16,Kawaguchi Junior High School,High School,Kanagawa,Fujisawa,2022-07-31,,Active,12,10,1,0,83.33
ASG001895,DUD101225,CLI0054,2025-12-11,2026-07-24,Ended,ALT / English Teacher,66,Annual,0,0,Transfer,CAN001475,Juan,,Perez,1998-04-19,Non-binary,British,Filipino,Japan,Master's Degree,Education,Native,N1,Eligible,Teacher,2024-07-16,Seiwa International School,High School,Chiba,Chiba,2025-02-19,,Active,7,5,1,0,71.43
ASG001896,DUD101226,CLI0131,2025-05-08,2026-10-15,Ended,ALT / English Teacher,68,Six-Month,0,0,Replacement,CAN001143,Juan,,Smith,1989-05-21,Prefer not to say,Australian,Filipino,Japan,Bachelor's Degree,Psychology,C1,N1,Eligible,Teacher,2025-02-28,Asahi High School,Public Junior High School,Saitama,Kawagoe,2024-10-21,2027-04-26,Inactive,12,8,1,0,66.67
ASG001897,DUD101226,CLI0260,2026-10-30,,Active,ALT / English Teacher,21,Annual,0,0,Replacement,CAN001143,Juan,,Smith,1989-05-21,Prefer not to say,Australian,Filipino,Japan,Bachelor's Degree,Psychology,C1,N1,Eligible,Teacher,2025-02-28,Koyo Elementary School,Public Elementary School,Tokyo,Kita,2025-03-25,,Active,1,1,0,0,100.0
ASG001898,DUD101227,CLI0212,2025-08-03,,Active,Experienced Teacher,74,Three-Month,0,0,Replacement,CAN000436,David,,Lopez,1975-02-11,Prefer not to say,Filipino,Brazilian,Japan,Associate Degree,Psychology,B2,N2,Eligible,Teacher,2025-05-02,Mirai Elementary School,Public Elementary School,Saitama,Saitama,2022-11-10,,Active,12,10,0,0,83.33
ASG001899,DUD101228,CLI0176,2021-08-23,,Active,ALT / English Teacher,66,Annual,0,0,Replacement,CAN001588,John,,Jackson,1997-02-06,Female,French,Canadian,Japan,Associate Degree,English,B2,Basic,Eligible,Teacher,2025-10-05,Kawaguchi International School,English School,Chiba,Ichikawa,2023-08-12,,Active,12,10,0,0,83.33
ASG001900,DUD101229,CLI0069,2025-01-09,2025-06-30,Transferred,ALT / English Teacher,62,Annual,0,0,Initial Assignment,CAN000860,Michael,,Anderson,1991-04-06,Male,Filipino,British,Japan,Master's Degree,Business,B2,N2,Eligible,Teacher,2022-03-18,Ota International School,Public Junior High School,Tokyo,Adachi,2025-08-07,,Active,5,5,0,0,100.0
ASG001901,DUD101229,CLI0176,2025-07-08,,Active,Experienced Teacher,80,Six-Month,0,0,Transfer,CAN000860,Michael,,Anderson,1991-04-06,Male,Filipino,British,Japan,Master's Degree,Business,B2,N2,Eligible,Teacher,2022-03-18,Kawaguchi International School,English School,Chiba,Ichikawa,2023-08-12,,Active,12,9,1,0,75.0
ASG001902,DUD101230,CLI0056,2022-10-20,2024-03-09,Renewed,ALT / English Teacher,48,Six-Month,0,0,Staffing Demand,CAN000275,Carlos,,Moore,1993-11-07,Male,Japanese,Australian,Japan,Diploma,Linguistics,C2,N1,Eligible,Teacher,2025-03-23,Takashima Elementary School,Public Elementary School,Chiba,Matsudo,2022-09-28,,Active,12,12,0,0,100.0
ASG001903,DUD101230,CLI0127,2024-04-05,,Active,ALT / English Teacher,116,Monthly,0,0,Staffing Demand,CAN000275,Carlos,,Moore,1993-11-07,Male,Japanese,Australian,Japan,Diploma,Linguistics,C2,N1,Eligible,Teacher,2025-03-23,Ota High School,English School,Kanagawa,Fujisawa,2026-01-09,,Active,12,9,0,0,75.0
ASG001904,DUD101231,CLI0007,2023-01-08,,Active,Experienced Teacher,24,Three-Month,0,0,Replacement,CAN000408,Carlos,,Davis,1984-05-19,Female,Filipino,Australian,Japan,Associate Degree,English,Native,,Eligible,Teacher,2023-08-04,Kawaguchi Junior High School,Kindergarten,Chiba,Ichikawa,2022-08-29,,Active,12,11,0,0,91.67
ASG001905,DUD101232,CLI0135,2026-03-02,2027-06-11,Ended,Experienced Teacher,86,Six-Month,0,0,Transfer,CAN001384,Alejandro,,Hall,1977-11-24,Prefer not to say,Canadian,British,Japan,Master's Degree,Business,C2,N2,Eligible,Teacher,2026-03-16,Asahi Education Center,Public Elementary School,Saitama,Toda,2024-07-10,,Active,12,9,2,0,75.0
ASG001906,DUD101232,CLI0149,2027-06-14,2028-08-26,Completed,ALT / English Teacher,28,Annual,0,0,Client Request,CAN001384,Alejandro,,Hall,1977-11-24,Prefer not to say,Canadian,British,Japan,Master's Degree,Business,C2,N2,Eligible,Teacher,2026-03-16,Haruka Junior High School,Private School,Tokyo,Tachikawa,2025-03-19,,Active,12,10,0,0,83.33
ASG001907,DUD101233,CLI0043,2026-03-02,2027-05-10,Transferred,ALT / English Teacher,84,Three-Month,0,0,Replacement,CAN000474,Luis,,Ramirez,1978-07-13,Non-binary,Brazilian,Australian,Japan,Bachelor's Degree,Other,C1,Basic,Eligible,Teacher,2025-10-02,Takashima International School,Private School,Tokyo,Koganei,2024-10-23,2027-04-11,Inactive,12,12,0,0,100.0
ASG001908,DUD101233,CLI0145,2027-06-08,2028-08-19,Transferred,ALT / English Teacher,83,Monthly,0,0,Client Request,CAN000474,Luis,,Ramirez,1978-07-13,Non-binary,Brazilian,Australian,Japan,Bachelor's Degree,Other,C1,Basic,Eligible,Teacher,2025-10-02,Musashino Elementary School,English School,Kanagawa,Yokohama,2024-08-24,,Active,12,11,1,0,91.67
ASG001909,DUD101234,CLI0205,2024-08-17,2025-02-18,Ended,Senior Teacher,101,Three-Month,0,0,Replacement,CAN001251,Robert,,Davis,1978-02-24,Male,American,Mexican,Japan,Diploma,Education,C1,N1,Eligible,Teacher,2024-09-02,Mirai High School,Private School,Saitama,Kawagoe,2024-08-28,,Active,6,6,0,0,100.0
ASG001910,DUD101234,CLI0001,2025-03-09,,Active,Senior Teacher,44,Monthly,0,0,Client Request,CAN001251,Robert,,Davis,1978-02-24,Male,American,Mexican,Japan,Diploma,Education,C1,N1,Eligible,Teacher,2024-09-02,Takashima Elementary School,High School,Tokyo,Ota,2022-08-18,,Active,12,11,1,0,91.67
ASG001911,DUD101235,CLI0142,2025-05-19,2026-10-20,Ended,Experienced Teacher,90,Three-Month,0,0,Initial Assignment,CAN001288,William,,Ramirez,2003-11-02,Female,Canadian,Canadian,Japan,Master's Degree,Other,C2,N3,Eligible,Teacher,2025-05-19,Midori Elementary School,English School,Chiba,Urayasu,2025-06-16,,Active,12,10,0,0,83.33
ASG001912,DUD101235,CLI0090,2026-11-07,2027-10-07,Completed,Trainer,112,Monthly,0,0,Initial Assignment,CAN001288,William,,Ramirez,2003-11-02,Female,Canadian,Canadian,Japan,Master's Degree,Other,C2,N3,Eligible,Teacher,2025-05-19,Akebono International School,Public Elementary School,Saitama,Koshigaya,2021-11-15,,Active,11,10,0,0,90.91
ASG001913,DUD101235,CLI0082,2027-10-13,,Active,Experienced Teacher,44,Three-Month,0,0,Replacement,CAN001288,William,,Ramirez,2003-11-02,Female,Canadian,Canadian,Japan,Master's Degree,Other,C2,N3,Eligible,Teacher,2025-05-19,Musashino High School,English School,Saitama,Koshigaya,2025-05-13,,Active,1,1,0,0,100.0
ASG001914,DUD101236,CLI0233,2021-10-13,2022-03-10,Transferred,ALT / English Teacher,116,Monthly,0,0,Initial Assignment,CAN000799,John,,Walker,1975-07-22,Female,Japanese,Japanese,Japan,Master's Degree,English,B2,N2,Eligible,Teacher,2023-12-08,Midori International School,Public Elementary School,Saitama,Saitama,2019-07-27,,Active,4,2,0,0,50.0
ASG001915,DUD101236,CLI0145,2022-03-30,2023-03-29,Renewed,ALT / English Teacher,83,Monthly,0,0,Replacement,CAN000799,John,,Walker,1975-07-22,Female,Japanese,Japanese,Japan,Master's Degree,English,B2,N2,Eligible,Teacher,2023-12-08,Musashino Elementary School,English School,Kanagawa,Yokohama,2024-08-24,,Active,12,11,1,0,91.67
ASG001916,DUD101236,CLI0150,2023-04-24,,Active,ALT / English Teacher,81,Three-Month,0,0,Transfer,CAN000799,John,,Walker,1975-07-22,Female,Japanese,Japanese,Japan,Master's Degree,English,B2,N2,Eligible,Teacher,2023-12-08,Takashima High School,English School,Tokyo,Hachioji,2025-10-12,,Active,12,11,0,0,91.67
ASG001917,DUD101237,CLI0062,2021-11-18,,Active,Senior Teacher,89,Monthly,0,0,Initial Assignment,CAN000392,James,,Perez,1997-09-12,Male,British,American,Japan,Master's Degree,Psychology,C2,,Eligible,Teacher,2023-04-03,Asahi Junior High School,Kindergarten,Tokyo,Edogawa,2022-05-25,,Active,12,9,1,0,75.0
ASG001918,DUD101238,CLI0230,2024-09-27,,Active,Experienced Teacher,17,Monthly,0,0,Replacement,CAN000902,Andres,,Garcia,1990-09-28,Female,Brazilian,French,Japan,Associate Degree,Education,B2,Basic,Eligible,Teacher,2024-04-05,Haruka Junior High School,Private School,Tokyo,Ota,2025-09-03,,Active,12,9,3,0,75.0
ASG001919,DUD101239,CLI0168,2022-08-21,2023-05-07,Transferred,ALT / English Teacher,85,Three-Month,0,0,Staffing Demand,CAN001878,Alejandro,,Martinez,1982-03-16,Prefer not to say,Canadian,Japanese,Japan,Bachelor's Degree,Business,C2,,Eligible,Teacher,2022-03-19,Meisei Education Center,Public Junior High School,Kanagawa,Fujisawa,2019-11-11,,Active,8,6,1,0,75.0
ASG001920,DUD101240,CLI0003,2024-05-24,,Active,ALT / English Teacher,93,Six-Month,0,0,Staffing Demand,CAN000457,Christopher,,Martinez,1991-11-10,Female,Mexican,Brazilian,Japan,Associate Degree,Psychology,C1,N3,Eligible,Teacher,2022-09-13,Koganei High School,Public Elementary School,Saitama,Kawagoe,2025-06-06,,Active,12,10,0,0,83.33
ASG001921,DUD101241,CLI0224,2024-10-12,,Active,Experienced Teacher,115,Six-Month,0,0,Replacement,CAN001995,Daniel,,Allen,1982-02-25,Male,British,Spanish,Japan,Diploma,Other,B2,N3,Eligible,Teacher,2021-09-28,Mirai Junior High School,Education Center,Tokyo,Koganei,2020-06-17,2021-07-31,Inactive,12,11,0,0,91.67
ASG001922,DUD101242,CLI0016,2024-09-04,2025-10-13,Transferred,Experienced Teacher,26,Three-Month,0,0,Replacement,CAN001626,Thomas,,Perez,1975-04-26,Prefer not to say,Australian,Canadian,Japan,Associate Degree,Business,B2,N1,Eligible,Teacher,2025-08-19,Ota Education Center,Public Elementary School,Chiba,Chiba,2020-07-04,,Active,12,10,0,0,83.33
ASG001923,DUD101242,CLI0238,2025-10-14,2026-04-05,Renewed,ALT / English Teacher,99,Three-Month,0,0,Transfer,CAN001626,Thomas,,Perez,1975-04-26,Prefer not to say,Australian,Canadian,Japan,Associate Degree,Business,B2,N1,Eligible,Teacher,2025-08-19,Kita Elementary School,Private School,Chiba,Matsudo,2021-04-13,,Active,5,4,0,0,80.0
ASG001924,DUD101242,CLI0140,2026-04-15,,Active,Experienced Teacher,16,Six-Month,0,0,Initial Assignment,CAN001626,Thomas,,Perez,1975-04-26,Prefer not to say,Australian,Canadian,Japan,Associate Degree,Business,B2,N1,Eligible,Teacher,2025-08-19,Kizuna Junior High School,Kindergarten,Kanagawa,Fujisawa,2020-11-14,,Active,4,3,1,0,75.0
ASG001925,DUD101243,CLI0284,2021-12-19,2023-02-12,Renewed,Experienced Teacher,41,Three-Month,0,0,Staffing Demand,CAN001593,Matthew,,Johnson,1977-02-03,Male,Japanese,Australian,Japan,Associate Degree,Linguistics,Native,N1,Eligible,Teacher,2022-07-21,Shinmei International School,Public Junior High School,Chiba,Chiba,2021-11-18,,Active,12,9,3,0,75.0
ASG001926,DUD101243,CLI0079,2023-03-10,,Active,Experienced Teacher,47,Six-Month,0,0,Staffing Demand,CAN001593,Matthew,,Johnson,1977-02-03,Male,Japanese,Australian,Japan,Associate Degree,Linguistics,Native,N1,Eligible,Teacher,2022-07-21,Tsubaki Academy,High School,Chiba,Funabashi,2021-01-28,,Active,12,12,0,0,100.0
ASG001927,DUD101244,CLI0251,2025-07-19,2026-03-12,Renewed,ALT / English Teacher,71,Monthly,0,0,Initial Assignment,CAN000255,Sofia,,King,1985-09-14,Prefer not to say,Australian,British,Japan,Associate Degree,Psychology,C1,N1,Eligible,Teacher,2023-06-20,Ota Education Center,Public Junior High School,Saitama,Saitama,2020-09-07,2021-09-14,Inactive,7,5,0,0,71.43
ASG001928,DUD101244,CLI0168,2026-03-28,2027-01-15,Ended,Senior Teacher,19,Six-Month,0,0,Transfer,CAN000255,Sofia,,King,1985-09-14,Prefer not to say,Australian,British,Japan,Associate Degree,Psychology,C1,N1,Eligible,Teacher,2023-06-20,Meisei Education Center,Public Junior High School,Kanagawa,Fujisawa,2019-11-11,,Active,9,9,0,0,100.0
ASG001929,DUD101244,CLI0115,2027-02-06,,Active,ALT / English Teacher,42,Annual,0,0,Transfer,CAN000255,Sofia,,King,1985-09-14,Prefer not to say,Australian,British,Japan,Associate Degree,Psychology,C1,N1,Eligible,Teacher,2023-06-20,Takashima High School,Public Elementary School,Saitama,Toda,2023-12-27,2026-04-11,Inactive,1,1,0,0,100.0
ASG001930,DUD101245,CLI0172,2024-09-09,2026-01-25,Transferred,ALT / English Teacher,116,Six-Month,0,0,Staffing Demand,CAN000106,Laura,,Davis,1992-11-03,Female,Australian,Mexican,Japan,Associate Degree,Business,C2,N2,Eligible,Teacher,2024-03-21,Haruka High School,Private School,Tokyo,Koganei,2025-12-30,,Active,12,10,1,0,83.33
ASG001931,DUD101245,CLI0163,2026-01-27,2027-06-22,Completed,Experienced Teacher,82,Six-Month,0,0,Transfer,CAN000106,Laura,,Davis,1992-11-03,Female,Australian,Mexican,Japan,Associate Degree,Business,C2,N2,Eligible,Teacher,2024-03-21,Tsubaki Education Center,Private School,Saitama,Koshigaya,2019-08-22,,Active,12,11,1,0,91.67
ASG001932,DUD101246,CLI0170,2024-12-27,,Active,ALT / English Teacher,52,Monthly,0,0,Initial Assignment,CAN000397,David,,Rodriguez,1981-05-12,Prefer not to say,Japanese,French,Japan,Diploma,Other,C1,N3,Eligible,Teacher,2026-01-25,Kita High School,Public Elementary School,Saitama,Saitama,2019-05-31,,Active,12,12,0,0,100.0
ASG001933,DUD101247,CLI0210,2024-11-16,,Active,ALT / English Teacher,42,Three-Month,0,0,Staffing Demand,CAN000262,Jose,,Wilson,1996-06-25,Prefer not to say,Mexican,French,Japan,Bachelor's Degree,Linguistics,B2,,Eligible,Teacher,2023-06-23,Haruka Education Center,High School,Tokyo,Kita,2022-12-04,,Active,12,10,0,0,83.33
ASG001934,DUD101248,CLI0218,2025-03-21,2026-07-04,Completed,Senior Teacher,120,Annual,0,0,Initial Assignment,CAN000443,Hannah,,Hall,1999-12-08,Female,Canadian,Canadian,Japan,Master's Degree,Psychology,B2,N1,Eligible,Teacher,2024-10-27,Asahi Junior High School,English School,Kanagawa,Fujisawa,2021-08-11,,Active,12,10,1,0,83.33
ASG001935,DUD101248,CLI0204,2026-07-28,,Active,ALT / English Teacher,22,Six-Month,0,0,Staffing Demand,CAN000443,Hannah,,Hall,1999-12-08,Female,Canadian,Canadian,Japan,Master's Degree,Psychology,B2,N1,Eligible,Teacher,2024-10-27,Nerima International School,Public Elementary School,Saitama,Kawaguchi,2020-11-28,2024-02-01,Inactive,3,1,1,0,33.33
ASG001936,DUD101249,CLI0127,2024-12-13,2026-04-21,Renewed,ALT / English Teacher,104,Monthly,0,0,Replacement,CAN001932,Andres,,Torres,1977-04-14,Female,Brazilian,Filipino,Japan,Diploma,Linguistics,C1,Basic,Eligible,Teacher,2021-07-07,Ota High School,English School,Kanagawa,Fujisawa,2026-01-09,,Active,12,12,0,0,100.0
ASG001937,DUD101249,CLI0126,2026-05-11,,Active,Senior Teacher,29,Six-Month,0,0,Transfer,CAN001932,Andres,,Torres,1977-04-14,Female,Brazilian,Filipino,Japan,Diploma,Linguistics,C1,Basic,Eligible,Teacher,2021-07-07,Kawaguchi International School,Private School,Chiba,Chiba,2019-03-09,2022-06-08,Inactive,3,2,0,0,66.67
ASG001938,DUD101250,CLI0228,2021-02-16,,Active,ALT / English Teacher,102,Six-Month,0,0,Staffing Demand,CAN001719,Maria,,Brown,1992-03-28,Non-binary,Filipino,Japanese,Japan,Diploma,English,B2,N2,Eligible,Teacher,2025-07-11,Takashima Academy,Education Center,Kanagawa,Kawasaki,2025-12-24,,Active,12,10,1,0,83.33
ASG001939,DUD101251,CLI0205,2024-12-16,,Active,ALT / English Teacher,23,Three-Month,0,0,Client Request,CAN001259,Alejandro,,Perez,1994-12-05,Male,Mexican,Mexican,Japan,Associate Degree,English,C2,N2,Eligible,Teacher,2025-02-28,Mirai High School,Private School,Saitama,Kawagoe,2024-08-28,,Active,12,10,1,0,83.33
ASG001940,DUD101252,CLI0191,2021-09-01,,Active,Experienced Teacher,75,Three-Month,0,0,Initial Assignment,CAN001018,Robert,,Jackson,1983-01-14,Prefer not to say,French,Filipino,Japan,Associate Degree,Business,B2,Basic,Eligible,Teacher,2022-06-20,Seiwa High School,High School,Chiba,Matsudo,2019-07-18,,Active,12,9,0,0,75.0
ASG001941,DUD101253,CLI0230,2024-10-15,,Active,ALT / English Teacher,105,Six-Month,0,0,Replacement,CAN001298,Andres,,Brown,1986-12-08,Male,Australian,Spanish,Japan,Bachelor's Degree,Other,C2,N1,Eligible,Teacher,2023-07-20,Haruka Junior High School,Private School,Tokyo,Ota,2025-09-03,,Active,12,11,0,0,91.67
ASG001942,DUD101254,CLI0174,2021-12-20,2022-07-15,Ended,ALT / English Teacher,56,Annual,0,0,Client Request,CAN000454,Robert,,Johnson,1977-09-26,Prefer not to say,Canadian,Filipino,Japan,Diploma,Other,C2,N3,Eligible,Teacher,2026-07-25,Ota Junior High School,Public Elementary School,Saitama,Koshigaya,2026-01-08,,Active,6,6,0,0,100.0
ASG001943,DUD101254,CLI0253,2022-07-31,2023-05-18,Renewed,ALT / English Teacher,98,Three-Month,0,0,Transfer,CAN000454,Robert,,Johnson,1977-09-26,Prefer not to say,Canadian,Filipino,Japan,Diploma,Other,C2,N3,Eligible,Teacher,2026-07-25,Kita Junior High School,English School,Saitama,Kawagoe,2020-11-17,,Active,9,8,1,0,88.89
ASG001944,DUD101254,CLI0093,2023-06-12,2024-08-06,Completed,ALT / English Teacher,38,Monthly,0,0,Client Request,CAN000454,Robert,,Johnson,1977-09-26,Prefer not to say,Canadian,Filipino,Japan,Diploma,Other,C2,N3,Eligible,Teacher,2026-07-25,Asahi Academy,Public Elementary School,Chiba,Matsudo,2023-07-08,,Active,12,10,2,0,83.33
ASG001945,DUD101255,CLI0073,2021-10-01,2022-03-24,Transferred,Senior Teacher,117,Monthly,0,0,Staffing Demand,CAN001597,Emily,,King,1998-09-12,Male,Spanish,Japanese,Japan,Bachelor's Degree,English,C1,N3,Eligible,Teacher,2024-05-14,Koganei Junior High School,Kindergarten,Kanagawa,Yamato,2024-02-27,,Active,5,5,0,0,100.0
ASG001946,DUD101256,CLI0133,2024-02-09,2024-05-23,Transferred,Experienced Teacher,105,Six-Month,0,0,Transfer,CAN001589,Ana,,Smith,1990-04-06,Prefer not to say,Japanese,Canadian,Japan,Diploma,Psychology,B2,N3,Eligible,Teacher,2022-10-18,Hikari Academy,Public Elementary School,Kanagawa,Sagamihara,2020-12-19,,Active,3,3,0,0,100.0
ASG001947,DUD101256,CLI0285,2024-06-06,2025-11-19,Completed,ALT / English Teacher,33,Six-Month,0,0,Replacement,CAN001589,Ana,,Smith,1990-04-06,Prefer not to say,Japanese,Canadian,Japan,Diploma,Psychology,B2,N3,Eligible,Teacher,2022-10-18,Kizuna Education Center,Public Junior High School,Tokyo,Koganei,2023-09-30,,Active,12,11,1,0,91.67
ASG001948,DUD101256,CLI0117,2025-12-03,2026-11-28,Ended,ALT / English Teacher,93,Monthly,0,0,Initial Assignment,CAN001589,Ana,,Smith,1990-04-06,Prefer not to say,Japanese,Canadian,Japan,Diploma,Psychology,B2,N3,Eligible,Teacher,2022-10-18,Asahi Junior High School,Public Junior High School,Saitama,Warabi,2019-01-20,,Active,12,11,1,0,91.67
ASG001949,DUD101257,CLI0200,2023-11-12,2024-10-24,Completed,Senior Teacher,22,Monthly,0,0,Transfer,CAN000313,Laura,,Miller,1988-09-26,Prefer not to say,French,Australian,Japan,Bachelor's Degree,English,B2,Basic,Eligible,Teacher,2021-11-16,Seiwa International School,Kindergarten,Chiba,Ichikawa,2025-10-18,,Active,11,9,0,0,81.82
ASG001950,DUD101258,CLI0167,2026-01-03,2026-09-12,Transferred,Senior Teacher,39,Annual,0,0,Initial Assignment,CAN000809,Diego,,Martinez,1990-08-21,Female,American,Mexican,Japan,Bachelor's Degree,Business,Native,N3,Eligible,Teacher,2022-09-01,Midori Education Center,Public Junior High School,Saitama,Kawaguchi,2026-04-17,,Active,8,8,0,0,100.0
ASG001951,DUD101258,CLI0044,2026-09-15,,Active,Trainer,102,Monthly,0,0,Replacement,CAN000809,Diego,,Martinez,1990-08-21,Female,American,Mexican,Japan,Bachelor's Degree,Business,Native,N3,Eligible,Teacher,2022-09-01,Nerima Junior High School,Private School,Chiba,Ichikawa,2021-07-30,,Active,1,0,1,0,0.0
ASG001952,DUD101259,CLI0261,2021-01-11,2021-12-22,Ended,ALT / English Teacher,66,Six-Month,0,0,Client Request,CAN001752,Marco,,Ramirez,1988-11-24,Female,Filipino,Spanish,Japan,Associate Degree,English,C1,N1,Eligible,Teacher,2022-03-14,Shinmei Elementary School,Private School,Tokyo,Kita,2022-12-08,,Active,11,10,0,0,90.91
ASG001953,DUD101259,CLI0188,2021-12-26,2022-12-02,Renewed,Experienced Teacher,79,Monthly,0,0,Initial Assignment,CAN001752,Marco,,Ramirez,1988-11-24,Female,Filipino,Spanish,Japan,Associate Degree,English,C1,N1,Eligible,Teacher,2022-03-14,Kizuna International School,Education Center,Chiba,Matsudo,2020-11-14,,Active,11,8,3,0,72.73
ASG001954,DUD101260,CLI0170,2022-07-14,,Active,Experienced Teacher,69,Annual,0,0,Staffing Demand,CAN001521,Alejandro,,Martinez,2000-11-17,Non-binary,Japanese,Canadian,Japan,Bachelor's Degree,Other,B2,,Eligible,Teacher,2022-09-22,Kita High School,Public Elementary School,Saitama,Saitama,2019-05-31,,Active,12,10,0,0,83.33
ASG001955,DUD101261,CLI0005,2026-02-01,2026-08-28,Transferred,Senior Teacher,83,Annual,0,0,Replacement,CAN000492,Diego,,Perez,1986-06-10,Male,Filipino,British,Japan,Master's Degree,Psychology,C2,Basic,Eligible,Teacher,2025-10-28,Shinmei Academy,Kindergarten,Chiba,Funabashi,2025-12-15,,Active,6,6,0,0,100.0
ASG001956,DUD101261,CLI0153,2026-08-30,,Active,ALT / English Teacher,60,Monthly,0,0,Client Request,CAN000492,Diego,,Perez,1986-06-10,Male,Filipino,British,Japan,Master's Degree,Psychology,C2,Basic,Eligible,Teacher,2025-10-28,Meisei High School,High School,Saitama,Saitama,2023-05-27,2024-06-05,Inactive,1,1,0,0,100.0
ASG001957,DUD101262,CLI0200,2024-07-21,2025-07-10,Renewed,ALT / English Teacher,109,Six-Month,0,0,Client Request,CAN001063,Carlos,,Hall,1999-07-16,Male,Canadian,Brazilian,Japan,Master's Degree,Psychology,C1,Basic,Eligible,Teacher,2021-02-17,Seiwa International School,Kindergarten,Chiba,Ichikawa,2025-10-18,,Active,11,8,1,0,72.73
ASG001958,DUD101263,CLI0218,2026-01-21,2026-05-20,Transferred,Experienced Teacher,71,Three-Month,0,0,Replacement,CAN001485,Sarah,,Lee,1988-07-05,Male,Filipino,Canadian,Japan,Associate Degree,Psychology,C2,N2,Eligible,Teacher,2024-05-03,Asahi Junior High School,English School,Kanagawa,Fujisawa,2021-08-11,,Active,4,4,0,0,100.0
ASG001959,DUD101263,CLI0274,2026-06-17,2027-06-26,Ended,Experienced Teacher,26,Annual,0,0,Replacement,CAN001485,Sarah,,Lee,1988-07-05,Male,Filipino,Canadian,Japan,Associate Degree,Psychology,C2,N2,Eligible,Teacher,2024-05-03,Haruka High School,English School,Kanagawa,Sagamihara,2022-02-06,,Active,12,11,1,0,91.67
ASG001960,DUD101263,CLI0248,2027-07-08,,Active,Experienced Teacher,65,Three-Month,0,0,Replacement,CAN001485,Sarah,,Lee,1988-07-05,Male,Filipino,Canadian,Japan,Associate Degree,Psychology,C2,N2,Eligible,Teacher,2024-05-03,Asahi Academy,Public Elementary School,Chiba,Funabashi,2020-05-13,,Active,1,1,0,0,100.0
ASG001961,DUD101264,CLI0076,2025-03-05,2025-12-03,Ended,ALT / English Teacher,45,Three-Month,0,0,Staffing Demand,CAN000341,Sofia,,Perez,1982-08-04,Female,American,Spanish,Japan,Master's Degree,Linguistics,Native,,Eligible,Teacher,2021-08-29,Kizuna High School,Public Junior High School,Tokyo,Edogawa,2025-03-19,,Active,9,6,1,0,66.67
ASG001962,DUD101264,CLI0211,2026-01-02,2026-07-02,Completed,Experienced Teacher,18,Three-Month,0,0,Initial Assignment,CAN000341,Sofia,,Perez,1982-08-04,Female,American,Spanish,Japan,Master's Degree,Linguistics,Native,,Eligible,Teacher,2021-08-29,Mirai Education Center,Education Center,Tokyo,Koganei,2019-05-25,,Active,6,6,0,0,100.0
ASG001963,DUD101264,CLI0021,2026-07-13,2027-01-26,Renewed,Experienced Teacher,113,Three-Month,0,0,Client Request,CAN000341,Sofia,,Perez,1982-08-04,Female,American,Spanish,Japan,Master's Degree,Linguistics,Native,,Eligible,Teacher,2021-08-29,Sakura International School,Kindergarten,Kanagawa,Yokohama,2025-08-22,2027-08-07,Inactive,6,5,0,0,83.33
ASG001964,DUD101265,CLI0057,2024-11-25,2025-10-25,Transferred,Senior Teacher,26,Three-Month,0,0,Transfer,CAN000945,Maria,,Martin,1990-05-15,Prefer not to say,Japanese,Australian,Japan,Associate Degree,Business,C1,,Eligible,Teacher,2025-03-14,Kawaguchi Elementary School,Kindergarten,Saitama,Toda,2020-03-21,,Active,11,9,1,0,81.82
ASG001965,DUD101266,CLI0044,2021-12-05,2022-11-19,Transferred,Experienced Teacher,99,Monthly,0,0,Transfer,CAN001258,Emma,,Jackson,1995-10-09,Female,Canadian,Spanish,Japan,Bachelor's Degree,Business,C1,,Eligible,Teacher,2024-12-29,Nerima Junior High School,Private School,Chiba,Ichikawa,2021-07-30,,Active,11,8,0,0,72.73
ASG001966,DUD101266,CLI0276,2022-12-03,,Active,ALT / English Teacher,104,Monthly,0,0,Transfer,CAN001258,Emma,,Jackson,1995-10-09,Female,Canadian,Spanish,Japan,Bachelor's Degree,Business,C1,,Eligible,Teacher,2024-12-29,Kawaguchi Elementary School,Public Elementary School,Tokyo,Katsushika,2022-10-28,,Active,12,10,1,0,83.33
ASG001967,DUD101267,CLI0270,2025-01-06,,Active,ALT / English Teacher,88,Six-Month,0,0,Initial Assignment,CAN001312,Jose,,Smith,1978-08-09,Female,Filipino,Brazilian,Japan,Associate Degree,Business,B2,N1,Eligible,Teacher,2024-05-25,Nerima Academy,High School,Chiba,Urayasu,2019-08-19,,Active,12,11,0,0,91.67
ASG001968,DUD101268,CLI0198,2023-01-08,,Active,Senior Teacher,36,Monthly,0,0,Client Request,CAN001755,Matthew,,Young,1976-09-06,Non-binary,Filipino,French,Japan,Master's Degree,Business,C2,,Eligible,Teacher,2026-08-11,Ota High School,Public Elementary School,Kanagawa,Yamato,2022-08-29,,Active,12,10,0,0,83.33
ASG001969,DUD101269,CLI0167,2024-07-14,2025-02-25,Completed,ALT / English Teacher,46,Monthly,0,0,Transfer,CAN000661,Emily,,Walker,1977-11-11,Prefer not to say,Australian,Filipino,Japan,Associate Degree,Psychology,B2,N1,Eligible,Teacher,2024-03-04,Midori Education Center,Public Junior High School,Saitama,Kawaguchi,2026-04-17,,Active,7,7,0,0,100.0
ASG001970,DUD101270,CLI0026,2025-02-25,,Active,ALT / English Teacher,118,Annual,0,0,Client Request,CAN001600,Andres,,Sanchez,1977-11-24,Female,Brazilian,Filipino,Japan,Diploma,Linguistics,Native,N2,Eligible,Teacher,2022-01-06,Sakura High School,English School,Chiba,Chiba,2021-03-31,,Active,12,9,1,0,75.0
ASG001971,DUD101271,CLI0225,2024-09-20,,Active,Experienced Teacher,27,Annual,0,0,Client Request,CAN000310,Michael,,Hall,1984-09-16,Female,French,British,Japan,Diploma,Linguistics,B2,N1,Eligible,Teacher,2025-06-06,Takashima High School,Public Elementary School,Saitama,Warabi,2023-11-02,,Active,12,7,0,0,58.33
ASG001972,DUD101272,CLI0142,2023-10-14,,Active,Trainer,67,Six-Month,0,0,Client Request,CAN000558,Diego,,Martin,1976-09-11,Female,Spanish,Filipino,Japan,Master's Degree,Education,Native,N1,Eligible,Teacher,2024-12-11,Midori Elementary School,English School,Chiba,Urayasu,2025-06-16,,Active,12,11,0,0,91.67
ASG001973,DUD101273,CLI0100,2023-03-13,,Active,Experienced Teacher,103,Six-Month,0,0,Transfer,CAN000020,Juan,,Lopez,1985-03-05,Female,Canadian,British,Japan,Bachelor's Degree,English,Native,N3,Eligible,Teacher,2026-02-23,Shinmei Education Center,English School,Tokyo,Katsushika,2023-06-06,,Active,12,10,1,0,83.33
ASG001974,DUD101274,CLI0267,2021-02-19,,Active,ALT / English Teacher,102,Three-Month,0,0,Initial Assignment,CAN001659,Ana,,King,1986-09-16,Non-binary,Brazilian,American,Japan,Diploma,Business,B2,N1,Eligible,Teacher,2022-01-03,Kawaguchi International School,English School,Kanagawa,Kawasaki,2022-07-11,,Active,12,10,1,0,83.33
ASG001975,DUD101275,CLI0252,2023-08-28,2024-12-01,Transferred,ALT / English Teacher,113,Six-Month,0,0,Client Request,CAN000059,William,,Johnson,1991-11-27,Non-binary,American,Spanish,Japan,Bachelor's Degree,Psychology,B2,N3,Eligible,Teacher,2021-04-01,Musashino Academy,Education Center,Chiba,Kashiwa,2022-12-20,,Active,12,11,0,0,91.67
ASG001976,DUD101275,CLI0286,2024-12-25,2025-07-20,Ended,Experienced Teacher,27,Annual,0,0,Replacement,CAN000059,William,,Johnson,1991-11-27,Non-binary,American,Spanish,Japan,Bachelor's Degree,Psychology,B2,N3,Eligible,Teacher,2021-04-01,Meisei Elementary School,Private School,Kanagawa,Fujisawa,2020-08-20,,Active,6,5,0,0,83.33
ASG001977,DUD101275,CLI0156,2025-08-11,,Active,Trainer,90,Three-Month,0,0,Transfer,CAN000059,William,,Johnson,1991-11-27,Non-binary,American,Spanish,Japan,Bachelor's Degree,Psychology,B2,N3,Eligible,Teacher,2021-04-01,Musashino Elementary School,Public Elementary School,Chiba,Matsudo,2026-03-30,,Active,12,10,1,0,83.33
ASG001978,DUD101276,CLI0279,2024-01-30,2024-07-31,Renewed,ALT / English Teacher,107,Monthly,0,0,Transfer,CAN000084,Emma,,Williams,1980-01-15,Female,Mexican,French,Japan,Master's Degree,English,C1,N2,Eligible,Teacher,2025-03-12,Shinmei Education Center,Education Center,Tokyo,Nerima,2019-07-15,,Active,6,6,0,0,100.0
ASG001979,DUD101276,CLI0119,2024-08-28,,Active,Experienced Teacher,91,Monthly,0,0,Transfer,CAN000084,Emma,,Williams,1980-01-15,Female,Mexican,French,Japan,Master's Degree,English,C1,N2,Eligible,Teacher,2025-03-12,Koyo Education Center,Kindergarten,Tokyo,Nerima,2023-07-31,,Active,12,12,0,0,100.0
ASG001980,DUD101277,CLI0131,2023-05-18,,Active,ALT / English Teacher,101,Six-Month,0,0,Transfer,CAN000103,Sarah,,Thompson,1984-01-20,Non-binary,French,Canadian,Japan,Diploma,Linguistics,B2,Basic,Eligible,Teacher,2023-04-01,Asahi High School,Public Junior High School,Saitama,Kawagoe,2024-10-21,2027-04-26,Inactive,12,9,2,0,75.0
ASG001981,DUD101278,CLI0066,2026-03-16,,Active,Experienced Teacher,37,Six-Month,0,0,Client Request,CAN001787,Maria,,Walker,1990-07-10,Prefer not to say,Australian,American,Japan,Diploma,Linguistics,Native,,Eligible,Teacher,2026-06-13,Nerima Education Center,Public Junior High School,Saitama,Koshigaya,2024-12-07,,Active,5,4,0,0,80.0
ASG001982,DUD101279,CLI0047,2023-06-27,2024-06-20,Ended,ALT / English Teacher,106,Six-Month,0,0,Client Request,CAN000226,Michael,,Torres,1987-11-09,Prefer not to say,American,Mexican,Japan,Diploma,Psychology,C1,N3,Eligible,Teacher,2023-06-13,Akebono High School,Kindergarten,Chiba,Ichikawa,2023-03-18,,Active,12,10,1,0,83.33
ASG001983,DUD101279,CLI0257,2024-06-21,,Active,Experienced Teacher,47,Annual,0,0,Initial Assignment,CAN000226,Michael,,Torres,1987-11-09,Prefer not to say,American,Mexican,Japan,Diploma,Psychology,C1,N3,Eligible,Teacher,2023-06-13,Koyo International School,Public Junior High School,Kanagawa,Yamato,2025-06-05,,Active,12,11,1,0,91.67
ASG001984,DUD101280,CLI0192,2024-05-17,2024-09-27,Completed,ALT / English Teacher,80,Monthly,0,0,Replacement,CAN000909,James,,Hall,1989-04-01,Prefer not to say,Filipino,Filipino,Japan,Master's Degree,English,Native,Basic,Eligible,Teacher,2022-02-10,Akebono Junior High School,English School,Saitama,Kawaguchi,2020-04-01,2020-12-03,Inactive,4,3,0,0,75.0
ASG001985,DUD101281,CLI0192,2025-09-08,2027-01-19,Completed,Senior Teacher,78,Monthly,0,0,Initial Assignment,CAN001640,Sofia,,Hall,1982-11-11,Prefer not to say,British,Spanish,Japan,Associate Degree,English,C2,Basic,Eligible,Teacher,2022-05-27,Akebono Junior High School,English School,Saitama,Kawaguchi,2020-04-01,2020-12-03,Inactive,12,11,1,0,91.67
ASG001986,DUD101281,CLI0270,2027-02-03,2028-06-01,Transferred,ALT / English Teacher,48,Monthly,0,0,Transfer,CAN001640,Sofia,,Hall,1982-11-11,Prefer not to say,British,Spanish,Japan,Associate Degree,English,C2,Basic,Eligible,Teacher,2022-05-27,Nerima Academy,High School,Chiba,Urayasu,2019-08-19,,Active,12,11,0,0,91.67
ASG001987,DUD101282,CLI0290,2025-07-30,,Active,ALT / English Teacher,77,Annual,0,0,Staffing Demand,CAN001719,Emily,,Miller,1977-01-14,Non-binary,Brazilian,American,Japan,Bachelor's Degree,Other,B2,N2,Eligible,Teacher,2022-01-18,Koganei High School,English School,Chiba,Chiba,2019-03-31,,Active,12,8,4,0,66.67
ASG001988,DUD101283,CLI0083,2023-10-01,2024-01-21,Completed,ALT / English Teacher,66,Monthly,0,0,Initial Assignment,CAN000919,Matthew,,Sanchez,2003-09-24,Female,Japanese,American,Japan,Master's Degree,Psychology,C2,N1,Eligible,Teacher,2024-08-10,Koganei Junior High School,Private School,Kanagawa,Sagamihara,2022-06-28,2024-03-11,Inactive,3,3,0,0,100.0
ASG001989,DUD101284,CLI0148,2022-01-30,2023-04-04,Transferred,Experienced Teacher,79,Six-Month,0,0,Transfer,CAN001666,Jessica,,Martin,1996-08-07,Female,French,Spanish,Japan,Diploma,Business,B2,N3,Eligible,Teacher,2026-05-15,Nerima Elementary School,Education Center,Chiba,Matsudo,2020-08-17,2021-06-20,Inactive,12,7,1,0,58.33
ASG001990,DUD101284,CLI0089,2023-04-10,2024-05-25,Transferred,Senior Teacher,36,Six-Month,0,0,Initial Assignment,CAN001666,Jessica,,Martin,1996-08-07,Female,French,Spanish,Japan,Diploma,Business,B2,N3,Eligible,Teacher,2026-05-15,Koganei Education Center,High School,Chiba,Matsudo,2024-06-15,,Active,12,10,0,0,83.33
ASG001991,DUD101285,CLI0130,2022-10-16,2023-03-02,Transferred,ALT / English Teacher,60,Annual,0,0,Replacement,CAN001612,Robert,,King,1991-11-24,Prefer not to say,American,Filipino,Japan,Master's Degree,English,B2,N2,Eligible,Teacher,2022-01-23,Koyo Education Center,Public Elementary School,Saitama,Kawagoe,2024-10-08,,Active,4,4,0,0,100.0
ASG001992,DUD101286,CLI0007,2023-09-17,,Active,ALT / English Teacher,71,Annual,0,0,Transfer,CAN000569,Marco,,Thompson,1991-10-24,Female,Spanish,Brazilian,Japan,Associate Degree,Education,Native,N1,Eligible,Teacher,2023-04-21,Kawaguchi Junior High School,Kindergarten,Chiba,Ichikawa,2022-08-29,,Active,12,7,1,0,58.33
ASG001993,DUD101287,CLI0177,2023-02-06,2024-03-23,Renewed,Experienced Teacher,104,Six-Month,0,0,Client Request,CAN000249,Emma,,Taylor,1978-03-08,Female,Filipino,Canadian,Japan,Associate Degree,Other,Native,,Eligible,Teacher,2024-07-31,Musashino Elementary School,Private School,Tokyo,Nerima,2021-09-08,,Active,12,11,0,0,91.67
ASG001994,DUD101287,CLI0095,2024-03-24,,Active,ALT / English Teacher,59,Monthly,0,0,Replacement,CAN000249,Emma,,Taylor,1978-03-08,Female,Filipino,Canadian,Japan,Associate Degree,Other,Native,,Eligible,Teacher,2024-07-31,Haruka International School,Private School,Saitama,Kawaguchi,2022-09-27,,Active,12,11,0,0,91.67
ASG001995,DUD101288,CLI0047,2025-01-29,,Active,ALT / English Teacher,58,Three-Month,0,0,Client Request,CAN000897,Miguel,,Perez,1993-07-25,Prefer not to say,Canadian,Japanese,Japan,Diploma,Education,C1,N2,Eligible,Teacher,2026-06-28,Akebono High School,Kindergarten,Chiba,Ichikawa,2023-03-18,,Active,12,10,0,0,83.33
ASG001996,DUD101289,CLI0275,2023-11-03,,Active,ALT / English Teacher,93,Monthly,0,0,Client Request,CAN001037,Laura,,Martin,1976-12-17,Male,Filipino,Mexican,Japan,Master's Degree,Education,C2,Basic,Eligible,Teacher,2024-02-13,Akebono High School,Education Center,Chiba,Urayasu,2021-04-26,,Active,12,12,0,0,100.0
ASG001997,DUD101290,CLI0014,2024-12-22,2026-03-23,Ended,Experienced Teacher,84,Six-Month,0,0,Initial Assignment,CAN001421,Sarah,,Torres,1998-06-13,Female,Spanish,Japanese,Japan,Associate Degree,Other,C1,Basic,Eligible,Teacher,2022-12-10,Meisei High School,English School,Tokyo,Itabashi,2020-02-25,,Active,12,8,0,0,66.67
ASG001998,DUD101290,CLI0118,2026-04-12,,Active,Experienced Teacher,60,Six-Month,0,0,Transfer,CAN001421,Sarah,,Torres,1998-06-13,Female,Spanish,Japanese,Japan,Associate Degree,Other,C1,Basic,Eligible,Teacher,2022-12-10,Asahi International School,English School,Kanagawa,Sagamihara,2019-11-07,,Active,4,4,0,0,100.0
ASG001999,DUD101291,CLI0059,2021-05-20,2022-11-10,Transferred,Experienced Teacher,45,Three-Month,0,0,Initial Assignment,CAN000670,Diego,,Brown,1993-09-08,Male,French,French,Japan,Master's Degree,Psychology,C1,,Eligible,Teacher,2023-06-12,Mirai Education Center,High School,Chiba,Funabashi,2019-04-11,,Active,12,11,1,0,91.67
ASG002000,DUD101291,CLI0212,2022-11-24,2024-02-06,Ended,ALT / English Teacher,61,Six-Month,0,0,Client Request,CAN000670,Diego,,Brown,1993-09-08,Male,French,French,Japan,Master's Degree,Psychology,C1,,Eligible,Teacher,2023-06-12,Mirai Elementary School,Public Elementary School,Saitama,Saitama,2022-11-10,,Active,12,12,0,0,100.0
ASG002001,DUD101292,CLI0243,2023-10-06,,Active,Experienced Teacher,100,Three-Month,0,0,Staffing Demand,CAN000752,William,,Perez,1981-10-26,Prefer not to say,Mexican,Japanese,Japan,Bachelor's Degree,Education,B2,Basic,Eligible,Teacher,2023-10-28,Hikari Junior High School,English School,Kanagawa,Fujisawa,2021-09-04,,Active,12,9,1,0,75.0
ASG002002,DUD101293,CLI0021,2021-05-29,2022-08-28,Ended,ALT / English Teacher,47,Monthly,0,0,Staffing Demand,CAN000004,Christopher,,King,1996-02-27,Prefer not to say,French,Australian,Japan,Master's Degree,Business,C2,Basic,Eligible,Teacher,2025-04-02,Sakura International School,Kindergarten,Kanagawa,Yokohama,2025-08-22,2027-08-07,Inactive,12,10,2,0,83.33
ASG002003,DUD101293,CLI0288,2022-09-21,2023-11-07,Ended,Senior Teacher,82,Monthly,0,0,Replacement,CAN000004,Christopher,,King,1996-02-27,Prefer not to say,French,Australian,Japan,Master's Degree,Business,C2,Basic,Eligible,Teacher,2025-04-02,Haruka Junior High School,Kindergarten,Chiba,Matsudo,2021-10-26,,Active,12,10,0,0,83.33
ASG002004,DUD101294,CLI0101,2022-09-10,2023-01-25,Transferred,ALT / English Teacher,116,Annual,0,0,Staffing Demand,CAN001910,Maria,,Thompson,1980-10-10,Female,Filipino,Japanese,Japan,Master's Degree,Psychology,Native,N1,Eligible,Teacher,2022-01-01,Shinmei International School,Kindergarten,Saitama,Soka,2024-03-31,,Active,4,3,0,0,75.0
ASG002005,DUD101295,CLI0097,2021-03-20,,Active,ALT / English Teacher,117,Annual,0,0,Staffing Demand,CAN001544,Marco,,Thompson,1984-11-27,Female,British,American,Japan,Associate Degree,Psychology,C2,,Eligible,Teacher,2025-01-13,Sakura International School,High School,Chiba,Ichikawa,2025-02-08,,Active,12,10,1,0,83.33
ASG002006,DUD101296,CLI0111,2021-03-30,2022-04-02,Completed,Experienced Teacher,29,Annual,0,0,Staffing Demand,CAN001584,Laura,,Martin,1995-10-05,Non-binary,Spanish,Spanish,Japan,Diploma,Education,C1,N3,Eligible,Teacher,2025-04-02,Haruka Elementary School,English School,Kanagawa,Sagamihara,2020-05-17,,Active,12,11,1,0,91.67
ASG002007,DUD101296,CLI0293,2022-04-23,2023-06-18,Ended,Senior Teacher,27,Monthly,0,0,Client Request,CAN001584,Laura,,Martin,1995-10-05,Non-binary,Spanish,Spanish,Japan,Diploma,Education,C1,N3,Eligible,Teacher,2025-04-02,Tsubaki Elementary School,Private School,Kanagawa,Fujisawa,2025-06-15,,Active,12,9,1,0,75.0
ASG002008,DUD101296,CLI0107,2023-07-17,2023-11-23,Ended,ALT / English Teacher,23,Monthly,0,0,Staffing Demand,CAN001584,Laura,,Martin,1995-10-05,Non-binary,Spanish,Spanish,Japan,Diploma,Education,C1,N3,Eligible,Teacher,2025-04-02,Sakura High School,High School,Saitama,Soka,2024-03-26,,Active,4,2,1,0,50.0
ASG002009,DUD101297,CLI0019,2024-03-10,2025-06-17,Renewed,ALT / English Teacher,60,Three-Month,0,0,Client Request,CAN001108,Thomas,,Lee,1977-12-02,Prefer not to say,American,Japanese,Japan,Master's Degree,Psychology,B2,Basic,Eligible,Teacher,2021-03-23,Haruka Elementary School,Kindergarten,Saitama,Kawaguchi,2022-08-12,,Active,12,10,1,0,83.33
ASG002010,DUD101297,CLI0103,2025-07-04,2026-11-16,Completed,ALT / English Teacher,88,Monthly,0,0,Transfer,CAN001108,Thomas,,Lee,1977-12-02,Prefer not to say,American,Japanese,Japan,Master's Degree,Psychology,B2,Basic,Eligible,Teacher,2021-03-23,Meisei Academy,Education Center,Saitama,Koshigaya,2025-01-09,,Active,12,9,2,0,75.0
ASG002011,DUD101298,CLI0113,2025-02-07,2025-05-13,Completed,ALT / English Teacher,52,Monthly,0,0,Transfer,CAN000809,Christopher,,Thompson,1996-06-07,Female,British,Brazilian,Japan,Master's Degree,English,B2,,Eligible,Teacher,2024-04-01,Tsubaki International School,High School,Saitama,Warabi,2020-01-10,2023-02-16,Inactive,3,2,1,0,66.67
ASG002012,DUD101298,CLI0206,2025-05-21,,Active,ALT / English Teacher,48,Six-Month,0,0,Client Request,CAN000809,Christopher,,Thompson,1996-06-07,Female,British,Brazilian,Japan,Master's Degree,English,B2,,Eligible,Teacher,2024-04-01,Nerima Education Center,Education Center,Saitama,Kawagoe,2023-03-30,,Active,12,9,1,0,75.0
ASG002013,DUD101299,CLI0062,2024-09-03,2025-07-14,Renewed,Senior Teacher,120,Annual,0,0,Transfer,CAN000847,Matthew,,Moore,1999-08-22,Male,Australian,Japanese,Japan,Associate Degree,English,C1,N3,Eligible,Teacher,2025-10-20,Asahi Junior High School,Kindergarten,Tokyo,Edogawa,2022-05-25,,Active,10,8,2,0,80.0
ASG002014,DUD101299,CLI0187,2025-07-20,,Active,Senior Teacher,35,Monthly,0,0,Transfer,CAN000847,Matthew,,Moore,1999-08-22,Male,Australian,Japanese,Japan,Associate Degree,English,C1,N3,Eligible,Teacher,2025-10-20,Asahi Junior High School,Public Elementary School,Tokyo,Tachikawa,2020-09-01,,Active,12,10,0,0,83.33
ASG002015,DUD101300,CLI0102,2022-04-21,2022-12-09,Completed,Trainer,88,Annual,0,0,Initial Assignment,CAN000745,Jose,,Anderson,1991-03-24,Male,French,French,Japan,Associate Degree,Psychology,C2,,Eligible,Teacher,2026-07-27,Midori High School,Public Elementary School,Saitama,Warabi,2026-04-27,,Active,7,5,0,0,71.43
ASG002016,DUD101301,CLI0140,2021-06-30,2022-07-11,Completed,ALT / English Teacher,84,Annual,0,0,Transfer,CAN000720,Jose,,Smith,1999-06-20,Prefer not to say,French,Australian,Japan,Diploma,Psychology,Native,Basic,Eligible,Teacher,2025-10-01,Kizuna Junior High School,Kindergarten,Kanagawa,Fujisawa,2020-11-14,,Active,12,9,2,0,75.0
ASG002017,DUD101302,CLI0264,2025-06-19,2025-10-19,Ended,Experienced Teacher,83,Annual,0,0,Client Request,CAN000556,Diego,,Jackson,1995-09-19,Non-binary,French,Filipino,Japan,Associate Degree,Business,C2,N3,Eligible,Teacher,2025-08-25,Musashino Elementary School,Public Elementary School,Chiba,Ichikawa,2023-09-30,,Active,4,3,0,0,75.0
ASG002018,DUD101302,CLI0247,2025-10-21,,Active,ALT / English Teacher,74,Monthly,0,0,Staffing Demand,CAN000556,Diego,,Jackson,1995-09-19,Non-binary,French,Filipino,Japan,Associate Degree,Business,C2,N3,Eligible,Teacher,2025-08-25,Akebono Education Center,Private School,Chiba,Chiba,2026-02-15,,Active,10,9,0,0,90.0
ASG002019,DUD101303,CLI0168,2023-03-16,2024-06-14,Completed,ALT / English Teacher,64,Six-Month,0,0,Replacement,CAN001714,Michael,,Martinez,1984-03-18,Male,American,American,Japan,Bachelor's Degree,English,C1,N3,Eligible,Teacher,2023-07-29,Meisei Education Center,Public Junior High School,Kanagawa,Fujisawa,2019-11-11,,Active,12,10,2,0,83.33
ASG002020,DUD101303,CLI0231,2024-06-15,2025-10-08,Renewed,Experienced Teacher,81,Annual,0,0,Client Request,CAN001714,Michael,,Martinez,1984-03-18,Male,American,American,Japan,Bachelor's Degree,English,C1,N3,Eligible,Teacher,2023-07-29,Koyo Elementary School,Public Elementary School,Chiba,Urayasu,2021-10-05,,Active,12,10,1,0,83.33
ASG002021,DUD101303,CLI0039,2025-10-11,2026-09-21,Transferred,ALT / English Teacher,45,Six-Month,0,0,Replacement,CAN001714,Michael,,Martinez,1984-03-18,Male,American,American,Japan,Bachelor's Degree,English,C1,N3,Eligible,Teacher,2023-07-29,Shinmei International School,High School,Tokyo,Kita,2020-04-30,,Active,11,10,1,0,90.91
ASG002022,DUD101304,CLI0104,2024-05-10,2024-09-30,Renewed,ALT / English Teacher,99,Annual,0,0,Transfer,CAN001513,David,,Wilson,1989-09-27,Non-binary,American,Mexican,Japan,Master's Degree,English,Native,N1,Eligible,Teacher,2023-03-08,Nerima Education Center,High School,Tokyo,Tachikawa,2021-01-05,2023-02-06,Inactive,4,3,0,0,75.0
ASG002023,DUD101304,CLI0130,2024-10-24,2026-03-12,Completed,ALT / English Teacher,63,Monthly,0,0,Staffing Demand,CAN001513,David,,Wilson,1989-09-27,Non-binary,American,Mexican,Japan,Master's Degree,English,Native,N1,Eligible,Teacher,2023-03-08,Koyo Education Center,Public Elementary School,Saitama,Kawagoe,2024-10-08,,Active,12,11,1,0,91.67
ASG002024,DUD101304,CLI0229,2026-03-18,,Active,Experienced Teacher,23,Three-Month,0,0,Initial Assignment,CAN001513,David,,Wilson,1989-09-27,Non-binary,American,Mexican,Japan,Master's Degree,English,Native,N1,Eligible,Teacher,2023-03-08,Mirai International School,Public Elementary School,Kanagawa,Fujisawa,2024-02-20,,Active,5,4,1,0,80.0
ASG002025,DUD101305,CLI0011,2022-11-03,2024-03-16,Ended,ALT / English Teacher,84,Monthly,0,0,Client Request,CAN000553,Emma,,Williams,1992-06-08,Non-binary,American,French,Japan,Bachelor's Degree,Education,Native,,Eligible,Teacher,2024-08-03,Takashima High School,Kindergarten,Saitama,Kawagoe,2024-05-26,,Active,12,10,2,0,83.33
ASG002026,DUD101306,CLI0199,2022-02-14,,Active,ALT / English Teacher,43,Monthly,0,0,Staffing Demand,CAN000344,Carlos,,Rodriguez,1991-04-12,Female,French,Australian,Japan,Associate Degree,Education,B2,N2,Eligible,Teacher,2025-12-16,Asahi Academy,Public Junior High School,Kanagawa,Sagamihara,2019-11-05,,Active,12,11,0,0,91.67
ASG002027,DUD101307,CLI0283,2021-12-05,2022-10-04,Completed,Senior Teacher,78,Annual,0,0,Transfer,CAN001330,Marco,,Jackson,1976-07-17,Male,Canadian,Canadian,Japan,Associate Degree,Education,Native,,Eligible,Teacher,2025-07-26,Shinmei Academy,Education Center,Kanagawa,Kawasaki,2020-04-13,,Active,10,9,1,0,90.0
ASG002028,DUD101308,CLI0010,2023-09-02,2024-05-14,Ended,Senior Teacher,70,Monthly,0,0,Replacement,CAN001685,Diego,,Young,2002-08-26,Male,Filipino,American,Japan,Associate Degree,Business,C2,Basic,Eligible,Teacher,2022-04-17,Midori International School,Kindergarten,Chiba,Chiba,2022-09-04,,Active,8,7,0,0,87.5
ASG002029,DUD101309,CLI0072,2025-05-24,,Active,Experienced Teacher,114,Monthly,0,0,Client Request,CAN001436,Alejandro,,Garcia,1988-09-09,Non-binary,Spanish,Filipino,Japan,Diploma,Psychology,C2,N3,Eligible,Teacher,2021-11-09,Midori Academy,English School,Chiba,Chiba,2020-07-19,,Active,12,10,1,0,83.33
ASG002030,DUD101310,CLI0182,2021-06-15,,Active,ALT / English Teacher,18,Annual,0,0,Replacement,CAN000410,James,,Wilson,2003-10-12,Prefer not to say,Canadian,Brazilian,Japan,Associate Degree,Linguistics,C1,Basic,Eligible,Teacher,2023-10-19,Kawaguchi International School,Public Elementary School,Kanagawa,Kawasaki,2023-01-22,2024-09-09,Inactive,12,10,2,0,83.33
ASG002031,DUD101311,CLI0036,2026-01-15,2026-11-04,Renewed,Trainer,26,Three-Month,0,0,Initial Assignment,CAN000956,John,,Garcia,1994-08-26,Female,Spanish,Mexican,Japan,Bachelor's Degree,Other,C2,N3,Eligible,Teacher,2023-03-19,Seiwa International School,Public Junior High School,Tokyo,Ota,2019-06-26,2021-06-29,Inactive,9,5,0,0,55.56
ASG002032,DUD101311,CLI0262,2026-11-07,,Active,ALT / English Teacher,32,Annual,0,0,Transfer,CAN000956,John,,Garcia,1994-08-26,Female,Spanish,Mexican,Japan,Bachelor's Degree,Other,C2,N3,Eligible,Teacher,2023-03-19,Takashima International School,High School,Saitama,Kawaguchi,2024-06-06,2027-01-18,Inactive,1,1,0,0,100.0
ASG002033,DUD101312,CLI0129,2022-09-10,2023-10-30,Renewed,ALT / English Teacher,52,Three-Month,0,0,Transfer,CAN001297,Alejandro,,Lee,1979-07-21,Male,Australian,Canadian,Japan,Master's Degree,English,Native,N1,Eligible,Teacher,2025-02-16,Kita Elementary School,Public Elementary School,Tokyo,Edogawa,2023-06-03,,Active,12,11,1,0,91.67
ASG002034,DUD101312,CLI0070,2023-11-04,,Active,ALT / English Teacher,94,Three-Month,0,0,Transfer,CAN001297,Alejandro,,Lee,1979-07-21,Male,Australian,Canadian,Japan,Master's Degree,English,Native,N1,Eligible,Teacher,2025-02-16,Sakura Elementary School,Public Junior High School,Saitama,Toda,2025-05-15,,Active,12,9,1,0,75.0
ASG002035,DUD101313,CLI0189,2023-04-04,,Active,Experienced Teacher,58,Annual,0,0,Replacement,CAN001862,Diego,,Taylor,1991-07-18,Female,British,French,Japan,Master's Degree,English,C2,N3,Eligible,Teacher,2025-12-06,Tsubaki High School,Kindergarten,Chiba,Ichikawa,2024-03-18,,Active,12,10,0,0,83.33
ASG002036,DUD101314,CLI0253,2022-08-21,,Active,Senior Teacher,27,Six-Month,0,0,Client Request,CAN001262,Jessica,,Allen,2000-04-25,Male,Filipino,Spanish,Japan,Associate Degree,Other,C2,N3,Eligible,Teacher,2023-11-20,Kita Junior High School,English School,Saitama,Kawagoe,2020-11-17,,Active,12,12,0,0,100.0
ASG002037,DUD101315,CLI0072,2023-05-27,,Active,ALT / English Teacher,109,Annual,0,0,Replacement,CAN000532,Robert,,Thompson,1984-08-12,Prefer not to say,British,Japanese,Japan,Master's Degree,Other,C2,N2,Eligible,Teacher,2026-05-28,Midori Academy,English School,Chiba,Chiba,2020-07-19,,Active,12,11,0,0,91.67
ASG002038,DUD101316,CLI0018,2022-09-11,2023-09-27,Transferred,ALT / English Teacher,54,Monthly,0,0,Transfer,CAN000704,Andres,,Garcia,1984-12-02,Female,Brazilian,Canadian,Japan,Bachelor's Degree,Linguistics,B2,N1,Eligible,Teacher,2024-10-02,Koganei Academy,High School,Tokyo,Ota,2022-07-07,2026-08-23,Inactive,12,8,0,0,66.67
ASG002039,DUD101317,CLI0213,2024-08-28,2025-02-04,Completed,Experienced Teacher,49,Annual,0,0,Client Request,CAN001920,Luis,,Hernandez,1977-03-24,Non-binary,Mexican,Brazilian,Japan,Master's Degree,Other,C2,N3,Eligible,Teacher,2023-10-19,Meisei International School,Public Elementary School,Tokyo,Katsushika,2019-11-16,2021-07-11,Inactive,5,5,0,0,100.0
ASG002040,DUD101317,CLI0043,2025-02-20,2026-06-09,Transferred,ALT / English Teacher,16,Six-Month,0,0,Client Request,CAN001920,Luis,,Hernandez,1977-03-24,Non-binary,Mexican,Brazilian,Japan,Master's Degree,Other,C2,N3,Eligible,Teacher,2023-10-19,Takashima International School,Private School,Tokyo,Koganei,2024-10-23,2027-04-11,Inactive,12,12,0,0,100.0
ASG002041,DUD101318,CLI0252,2022-06-27,,Active,Experienced Teacher,22,Annual,0,0,Staffing Demand,CAN001168,Sarah,,Wilson,1994-01-21,Non-binary,Japanese,British,Japan,Master's Degree,Psychology,B2,N3,Eligible,Teacher,2021-04-25,Musashino Academy,Education Center,Chiba,Kashiwa,2022-12-20,,Active,12,11,1,0,91.67
ASG002042,DUD101319,CLI0088,2021-08-02,2021-12-18,Renewed,Trainer,84,Monthly,0,0,Initial Assignment,CAN001971,Jose,,Lopez,1998-06-15,Prefer not to say,Brazilian,Brazilian,Japan,Diploma,Other,C1,Basic,Eligible,Teacher,2021-10-03,Asahi Education Center,Education Center,Kanagawa,Sagamihara,2024-10-19,,Active,4,4,0,0,100.0
ASG002043,DUD101319,CLI0228,2022-01-15,2022-04-23,Completed,ALT / English Teacher,103,Annual,0,0,Staffing Demand,CAN001971,Jose,,Lopez,1998-06-15,Prefer not to say,Brazilian,Brazilian,Japan,Diploma,Other,C1,Basic,Eligible,Teacher,2021-10-03,Takashima Academy,Education Center,Kanagawa,Kawasaki,2025-12-24,,Active,3,3,0,0,100.0
ASG002044,DUD101319,CLI0129,2022-05-06,,Active,Experienced Teacher,76,Six-Month,0,0,Replacement,CAN001971,Jose,,Lopez,1998-06-15,Prefer not to say,Brazilian,Brazilian,Japan,Diploma,Other,C1,Basic,Eligible,Teacher,2021-10-03,Kita Elementary School,Public Elementary School,Tokyo,Edogawa,2023-06-03,,Active,12,11,0,0,91.67
ASG002045,DUD101320,CLI0073,2023-02-24,2023-06-30,Ended,Trainer,105,Six-Month,0,0,Staffing Demand,CAN000609,Matthew,,Allen,1981-07-24,Male,American,Japanese,Japan,Diploma,English,C2,N3,Eligible,Teacher,2023-08-06,Koganei Junior High School,Kindergarten,Kanagawa,Yamato,2024-02-27,,Active,4,4,0,0,100.0
ASG002046,DUD101320,CLI0284,2023-07-05,2024-10-06,Renewed,Experienced Teacher,31,Annual,0,0,Initial Assignment,CAN000609,Matthew,,Allen,1981-07-24,Male,American,Japanese,Japan,Diploma,English,C2,N3,Eligible,Teacher,2023-08-06,Shinmei International School,Public Junior High School,Chiba,Chiba,2021-11-18,,Active,12,10,0,0,83.33
ASG002047,DUD101321,CLI0219,2021-12-25,,Active,Experienced Teacher,40,Monthly,0,0,Staffing Demand,CAN001084,Michael,,Torres,1997-08-25,Male,Brazilian,Brazilian,Japan,Associate Degree,Linguistics,B2,Basic,Eligible,Teacher,2024-02-29,Seiwa International School,Public Elementary School,Tokyo,Ota,2024-11-19,,Active,12,11,1,0,91.67
ASG002048,DUD101322,CLI0048,2022-01-31,2022-11-13,Ended,Senior Teacher,98,Three-Month,0,0,Replacement,CAN000166,James,,Wilson,1992-04-25,Female,Filipino,Australian,Japan,Master's Degree,Psychology,B2,Basic,Eligible,Teacher,2026-04-13,Ota Junior High School,Education Center,Kanagawa,Yokohama,2024-09-12,2026-06-19,Inactive,9,7,1,0,77.78
ASG002049,DUD101322,CLI0016,2022-12-11,2023-12-13,Renewed,ALT / English Teacher,21,Annual,0,0,Initial Assignment,CAN000166,James,,Wilson,1992-04-25,Female,Filipino,Australian,Japan,Master's Degree,Psychology,B2,Basic,Eligible,Teacher,2026-04-13,Ota Education Center,Public Elementary School,Chiba,Chiba,2020-07-04,,Active,12,9,1,0,75.0
ASG002050,DUD101322,CLI0060,2024-01-02,,Active,Experienced Teacher,66,Monthly,0,0,Initial Assignment,CAN000166,James,,Wilson,1992-04-25,Female,Filipino,Australian,Japan,Master's Degree,Psychology,B2,Basic,Eligible,Teacher,2026-04-13,Kawaguchi Junior High School,Education Center,Chiba,Kashiwa,2023-08-25,2026-07-21,Inactive,12,12,0,0,100.0
ASG002051,DUD101323,CLI0158,2021-08-13,2022-02-28,Renewed,ALT / English Teacher,29,Annual,0,0,Client Request,CAN001281,Christopher,,Miller,1998-07-21,Male,Australian,Spanish,Japan,Diploma,Linguistics,Native,N2,Eligible,Teacher,2025-03-11,Meisei High School,Public Elementary School,Kanagawa,Kawasaki,2025-02-15,,Active,6,4,0,0,66.67
ASG002052,DUD101323,CLI0102,2022-03-23,2023-05-22,Renewed,ALT / English Teacher,78,Three-Month,0,0,Client Request,CAN001281,Christopher,,Miller,1998-07-21,Male,Australian,Spanish,Japan,Diploma,Linguistics,Native,N2,Eligible,Teacher,2025-03-11,Midori High School,Public Elementary School,Saitama,Warabi,2026-04-27,,Active,12,10,1,0,83.33
ASG002053,DUD101324,CLI0156,2025-04-30,,Active,Senior Teacher,72,Monthly,0,0,Replacement,CAN001830,Matthew,,White,2000-08-01,Female,Australian,Australian,Japan,Associate Degree,Education,C2,N1,Eligible,Teacher,2024-08-07,Musashino Elementary School,Public Elementary School,Chiba,Matsudo,2026-03-30,,Active,12,9,2,0,75.0
ASG002054,DUD101325,CLI0193,2025-01-02,2026-02-21,Renewed,ALT / English Teacher,48,Three-Month,0,0,Staffing Demand,CAN001347,Michael,,Perez,2003-11-16,Non-binary,Japanese,Australian,Japan,Master's Degree,English,B2,N2,Eligible,Teacher,2023-10-22,Nerima International School,Public Junior High School,Saitama,Toda,2023-08-28,,Active,12,10,2,0,83.33
ASG002055,DUD101325,CLI0076,2026-03-16,,Active,ALT / English Teacher,102,Three-Month,0,0,Transfer,CAN001347,Michael,,Perez,2003-11-16,Non-binary,Japanese,Australian,Japan,Master's Degree,English,B2,N2,Eligible,Teacher,2023-10-22,Kizuna High School,Public Junior High School,Tokyo,Edogawa,2025-03-19,,Active,5,2,2,0,40.0
ASG002056,DUD101326,CLI0172,2023-01-05,2023-05-26,Transferred,Trainer,108,Three-Month,0,0,Initial Assignment,CAN000452,Juan,,Torres,1990-01-24,Female,French,American,Japan,Master's Degree,Other,B2,,Eligible,Teacher,2025-03-05,Haruka High School,Private School,Tokyo,Koganei,2025-12-30,,Active,4,4,0,0,100.0
ASG002057,DUD101326,CLI0267,2023-06-17,,Active,Senior Teacher,23,Three-Month,0,0,Initial Assignment,CAN000452,Juan,,Torres,1990-01-24,Female,French,American,Japan,Master's Degree,Other,B2,,Eligible,Teacher,2025-03-05,Kawaguchi International School,English School,Kanagawa,Kawasaki,2022-07-11,,Active,12,12,0,0,100.0
ASG002058,DUD101327,CLI0259,2023-04-12,2023-09-19,Renewed,ALT / English Teacher,36,Three-Month,0,0,Staffing Demand,CAN001670,Matthew,,Miller,1998-06-22,Non-binary,Mexican,Brazilian,Japan,Associate Degree,Education,Native,N3,Eligible,Teacher,2022-01-01,Ota Elementary School,Kindergarten,Tokyo,Katsushika,2019-11-07,,Active,5,4,0,0,80.0
ASG002059,DUD101327,CLI0276,2023-10-16,2024-10-14,Transferred,Senior Teacher,93,Monthly,0,0,Staffing Demand,CAN001670,Matthew,,Miller,1998-06-22,Non-binary,Mexican,Brazilian,Japan,Associate Degree,Education,Native,N3,Eligible,Teacher,2022-01-01,Kawaguchi Elementary School,Public Elementary School,Tokyo,Katsushika,2022-10-28,,Active,12,9,1,0,75.0
ASG002060,DUD101327,CLI0131,2024-10-28,,Active,ALT / English Teacher,61,Annual,0,0,Client Request,CAN001670,Matthew,,Miller,1998-06-22,Non-binary,Mexican,Brazilian,Japan,Associate Degree,Education,Native,N3,Eligible,Teacher,2022-01-01,Asahi High School,Public Junior High School,Saitama,Kawagoe,2024-10-21,2027-04-26,Inactive,12,9,0,0,75.0
ASG002061,DUD101328,CLI0211,2023-10-12,2025-03-17,Transferred,ALT / English Teacher,30,Annual,0,0,Initial Assignment,CAN000854,Diego,,Walker,1986-05-21,Female,Australian,Canadian,Japan,Bachelor's Degree,Psychology,C1,Basic,Eligible,Teacher,2021-04-06,Mirai Education Center,Education Center,Tokyo,Koganei,2019-05-25,,Active,12,11,0,0,91.67
ASG002062,DUD101328,CLI0185,2025-04-06,2025-09-25,Renewed,Senior Teacher,26,Six-Month,0,0,Replacement,CAN000854,Diego,,Walker,1986-05-21,Female,Australian,Canadian,Japan,Bachelor's Degree,Psychology,C1,Basic,Eligible,Teacher,2021-04-06,Asahi High School,Private School,Kanagawa,Yokohama,2024-03-11,,Active,5,5,0,0,100.0
ASG002063,DUD101329,CLI0215,2022-11-04,,Active,ALT / English Teacher,76,Monthly,0,0,Replacement,CAN000211,Sarah,,Moore,1977-11-09,Female,Spanish,British,Japan,Diploma,Business,B2,Basic,Eligible,Teacher,2022-12-20,Ota High School,Private School,Chiba,Urayasu,2022-05-13,,Active,12,10,1,0,83.33
ASG002064,DUD101330,CLI0068,2021-02-09,,Active,ALT / English Teacher,110,Annual,0,0,Staffing Demand,CAN001592,Diego,,Allen,1982-11-13,Prefer not to say,Brazilian,French,Japan,Diploma,Psychology,Native,,Eligible,Teacher,2023-02-16,Asahi Academy,Private School,Tokyo,Tachikawa,2020-07-05,,Active,12,11,0,0,91.67
ASG002065,DUD101331,CLI0084,2025-02-25,2025-07-04,Renewed,Senior Teacher,16,Six-Month,0,0,Transfer,CAN001693,Maria,,White,1980-08-18,Female,French,Mexican,Japan,Diploma,Linguistics,Native,N2,Eligible,Teacher,2022-07-06,Tsubaki Elementary School,Public Junior High School,Kanagawa,Kawasaki,2023-03-31,,Active,4,2,1,0,50.0
ASG002066,DUD101331,CLI0269,2025-07-11,,Active,ALT / English Teacher,111,Monthly,0,0,Client Request,CAN001693,Maria,,White,1980-08-18,Female,French,Mexican,Japan,Diploma,Linguistics,Native,N2,Eligible,Teacher,2022-07-06,Hikari Elementary School,High School,Saitama,Kawagoe,2025-12-11,,Active,12,10,0,0,83.33
ASG002067,DUD101332,CLI0109,2025-02-06,2026-07-04,Completed,ALT / English Teacher,100,Three-Month,0,0,Staffing Demand,CAN001899,Hannah,,Sanchez,1993-02-18,Female,British,French,Japan,Associate Degree,Psychology,C1,N3,Eligible,Teacher,2021-03-21,Sakura International School,Public Junior High School,Chiba,Kashiwa,2026-03-02,2027-01-17,Inactive,12,12,0,0,100.0
ASG002068,DUD101332,CLI0092,2026-07-31,,Active,ALT / English Teacher,87,Monthly,0,0,Client Request,CAN001899,Hannah,,Sanchez,1993-02-18,Female,British,French,Japan,Associate Degree,Psychology,C1,N3,Eligible,Teacher,2021-03-21,Kawaguchi Junior High School,Private School,Kanagawa,Yokohama,2025-10-25,,Active,3,3,0,0,100.0
ASG002069,DUD101333,CLI0252,2025-12-08,,Active,Experienced Teacher,66,Annual,0,0,Client Request,CAN000986,Luis,,Wilson,1981-02-14,Non-binary,Brazilian,Australian,Japan,Bachelor's Degree,Other,B2,Basic,Eligible,Teacher,2025-12-14,Musashino Academy,Education Center,Chiba,Kashiwa,2022-12-20,,Active,8,7,0,0,87.5
ASG002070,DUD101334,CLI0056,2022-12-04,2023-10-22,Renewed,Senior Teacher,45,Annual,0,0,Replacement,CAN000767,Emily,,Garcia,1992-05-19,Prefer not to say,Spanish,Brazilian,Japan,Diploma,Education,C2,Basic,Eligible,Teacher,2022-07-27,Takashima Elementary School,Public Elementary School,Chiba,Matsudo,2022-09-28,,Active,10,9,0,0,90.0
ASG002071,DUD101334,CLI0052,2023-11-01,,Active,ALT / English Teacher,24,Six-Month,0,0,Replacement,CAN000767,Emily,,Garcia,1992-05-19,Prefer not to say,Spanish,Brazilian,Japan,Diploma,Education,C2,Basic,Eligible,Teacher,2022-07-27,Shinmei Academy,Education Center,Tokyo,Nerima,2022-01-09,,Active,12,10,0,0,83.33
ASG002072,DUD101335,CLI0012,2024-07-30,,Active,ALT / English Teacher,39,Annual,0,0,Transfer,CAN000316,Andres,,Torres,1977-06-01,Male,Brazilian,British,Japan,Diploma,Other,C1,N3,Eligible,Teacher,2025-11-04,Akebono Education Center,Kindergarten,Chiba,Matsudo,2023-07-26,,Active,12,12,0,0,100.0
ASG002073,DUD101336,CLI0186,2025-10-04,2026-08-08,Renewed,ALT / English Teacher,109,Six-Month,0,0,Initial Assignment,CAN000971,Jose,,Wilson,1978-12-16,Prefer not to say,Australian,American,Japan,Diploma,Business,B2,N3,Eligible,Teacher,2021-12-05,Asahi Education Center,Education Center,Kanagawa,Yamato,2026-01-09,,Active,10,10,0,0,100.0
ASG002074,DUD101336,CLI0295,2026-08-20,,Active,Experienced Teacher,94,Six-Month,0,0,Replacement,CAN000971,Jose,,Wilson,1978-12-16,Prefer not to say,Australian,American,Japan,Diploma,Business,B2,N3,Eligible,Teacher,2021-12-05,Tsubaki Junior High School,Public Junior High School,Kanagawa,Fujisawa,2022-02-23,,Active,1,1,0,0,100.0
ASG002075,DUD101337,CLI0288,2026-03-06,,Active,Senior Teacher,73,Three-Month,0,0,Staffing Demand,CAN001006,Emma,,Martinez,2000-06-14,Male,Australian,French,Japan,Master's Degree,Linguistics,C2,N2,Eligible,Teacher,2025-08-12,Haruka Junior High School,Kindergarten,Chiba,Matsudo,2021-10-26,,Active,5,4,0,0,80.0
ASG002076,DUD101338,CLI0012,2025-09-07,2026-12-09,Renewed,ALT / English Teacher,99,Monthly,0,0,Client Request,CAN001199,Alejandro,,Johnson,1988-09-26,Non-binary,French,Canadian,Japan,Associate Degree,Education,C2,N1,Eligible,Teacher,2021-01-03,Akebono Education Center,Kindergarten,Chiba,Matsudo,2023-07-26,,Active,12,11,0,0,91.67
ASG002077,DUD101339,CLI0288,2024-11-16,2025-11-17,Renewed,ALT / English Teacher,52,Annual,0,0,Replacement,CAN001958,Carlos,,Martin,1975-10-23,Male,Spanish,Canadian,Japan,Master's Degree,Business,C1,N1,Eligible,Teacher,2021-08-31,Haruka Junior High School,Kindergarten,Chiba,Matsudo,2021-10-26,,Active,12,11,1,0,91.67
ASG002078,DUD101340,CLI0061,2023-01-13,2023-11-27,Renewed,ALT / English Teacher,70,Three-Month,0,0,Initial Assignment,CAN001992,Laura,,Perez,1977-02-27,Male,American,Canadian,Japan,Master's Degree,Psychology,Native,Basic,Eligible,Teacher,2023-09-14,Takashima High School,Private School,Saitama,Toda,2020-09-12,,Active,10,9,1,0,90.0
ASG002079,DUD101340,CLI0235,2023-12-19,2024-06-16,Renewed,Senior Teacher,92,Monthly,0,0,Client Request,CAN001992,Laura,,Perez,1977-02-27,Male,American,Canadian,Japan,Master's Degree,Psychology,Native,Basic,Eligible,Teacher,2023-09-14,Mirai Academy,English School,Chiba,Urayasu,2025-08-06,,Active,6,5,0,0,83.33
ASG002080,DUD101341,CLI0106,2023-09-29,,Active,Senior Teacher,42,Annual,0,0,Transfer,CAN000382,Ana,,Torres,1977-06-13,Non-binary,Filipino,Mexican,Japan,Bachelor's Degree,Psychology,C2,,Eligible,Teacher,2025-06-08,Hikari High School,High School,Kanagawa,Yamato,2025-10-19,,Active,12,10,0,0,83.33
ASG002081,DUD101342,CLI0130,2025-02-05,2025-05-28,Renewed,Experienced Teacher,63,Annual,0,0,Replacement,CAN001555,Laura,,Perez,1984-04-05,Male,Australian,American,Japan,Associate Degree,Business,Native,N1,Eligible,Teacher,2021-12-16,Koyo Education Center,Public Elementary School,Saitama,Kawagoe,2024-10-08,,Active,3,3,0,0,100.0
ASG002082,DUD101342,CLI0058,2025-06-27,2026-05-31,Completed,ALT / English Teacher,113,Three-Month,0,0,Client Request,CAN001555,Laura,,Perez,1984-04-05,Male,Australian,American,Japan,Associate Degree,Business,Native,N1,Eligible,Teacher,2021-12-16,Mirai High School,High School,Chiba,Matsudo,2024-07-16,,Active,11,10,0,0,90.91
ASG002083,DUD101342,CLI0176,2026-06-13,,Active,ALT / English Teacher,88,Annual,0,0,Staffing Demand,CAN001555,Laura,,Perez,1984-04-05,Male,Australian,American,Japan,Associate Degree,Business,Native,N1,Eligible,Teacher,2021-12-16,Kawaguchi International School,English School,Chiba,Ichikawa,2023-08-12,,Active,3,2,1,0,66.67
ASG002084,DUD101343,CLI0112,2021-11-05,2022-07-03,Transferred,ALT / English Teacher,120,Monthly,0,0,Client Request,CAN001517,Olivia,,Moore,1979-06-10,Female,Japanese,French,Japan,Master's Degree,Linguistics,B2,N2,Eligible,Teacher,2021-02-23,Seiwa International School,High School,Saitama,Koshigaya,2020-08-13,,Active,8,8,0,0,100.0
ASG002085,DUD101344,CLI0162,2021-12-22,2023-04-04,Transferred,Experienced Teacher,98,Six-Month,0,0,Transfer,CAN000826,Daniel,,Moore,2001-02-15,Prefer not to say,Australian,Filipino,Japan,Master's Degree,Business,C2,N1,Eligible,Teacher,2021-10-04,Kawaguchi High School,Public Elementary School,Kanagawa,Yamato,2025-09-27,,Active,12,9,1,0,75.0
ASG002086,DUD101344,CLI0188,2023-04-15,2024-04-01,Ended,ALT / English Teacher,53,Annual,0,0,Staffing Demand,CAN000826,Daniel,,Moore,2001-02-15,Prefer not to say,Australian,Filipino,Japan,Master's Degree,Business,C2,N1,Eligible,Teacher,2021-10-04,Kizuna International School,Education Center,Chiba,Matsudo,2020-11-14,,Active,11,7,1,0,63.64
ASG002087,DUD101345,CLI0284,2024-09-01,,Active,ALT / English Teacher,38,Three-Month,0,0,Staffing Demand,CAN000007,Alejandro,,Moore,1992-08-21,Prefer not to say,American,American,Japan,Master's Degree,Other,B2,,Eligible,Teacher,2021-01-16,Shinmei International School,Public Junior High School,Chiba,Chiba,2021-11-18,,Active,12,9,2,0,75.0
ASG002088,DUD101346,CLI0260,2022-04-25,,Active,Senior Teacher,118,Three-Month,0,0,Replacement,CAN001746,Robert,,Martinez,1986-05-20,Prefer not to say,Brazilian,Mexican,Japan,Master's Degree,English,C1,N2,Eligible,Teacher,2022-08-29,Koyo Elementary School,Public Elementary School,Tokyo,Kita,2025-03-25,,Active,12,11,1,0,91.67
ASG002089,DUD101347,CLI0182,2021-07-06,2022-02-21,Transferred,Senior Teacher,68,Six-Month,0,0,Initial Assignment,CAN001495,Olivia,,Thompson,1992-01-25,Male,French,French,Japan,Diploma,Business,C2,N3,Eligible,Teacher,2024-11-01,Kawaguchi International School,Public Elementary School,Kanagawa,Kawasaki,2023-01-22,2024-09-09,Inactive,7,6,1,0,85.71
ASG002090,DUD101347,CLI0034,2022-03-22,,Active,Senior Teacher,85,Monthly,0,0,Replacement,CAN001495,Olivia,,Thompson,1992-01-25,Male,French,French,Japan,Diploma,Business,C2,N3,Eligible,Teacher,2024-11-01,Midori Academy,English School,Saitama,Kawaguchi,2019-02-16,,Active,12,10,1,0,83.33
ASG002091,DUD101348,CLI0279,2023-11-04,2024-06-13,Renewed,ALT / English Teacher,106,Annual,0,0,Replacement,CAN001877,Jose,,Martinez,2001-03-16,Prefer not to say,Japanese,French,Japan,Bachelor's Degree,Linguistics,Native,N1,Eligible,Teacher,2022-04-09,Shinmei Education Center,Education Center,Tokyo,Nerima,2019-07-15,,Active,7,6,0,0,85.71
ASG002092,DUD101349,CLI0120,2021-12-01,,Active,ALT / English Teacher,118,Six-Month,0,0,Staffing Demand,CAN001943,Matthew,,Williams,1987-07-20,Non-binary,Canadian,Canadian,Japan,Master's Degree,Other,C2,,Eligible,Teacher,2023-11-04,Ota High School,Public Elementary School,Kanagawa,Yokohama,2024-03-23,,Active,12,12,0,0,100.0
ASG002093,DUD101350,CLI0036,2024-01-14,2024-09-21,Transferred,Experienced Teacher,55,Monthly,0,0,Initial Assignment,CAN000361,Alejandro,,Miller,1993-09-27,Female,British,Brazilian,Japan,Bachelor's Degree,Other,C2,N1,Eligible,Teacher,2025-08-16,Seiwa International School,Public Junior High School,Tokyo,Ota,2019-06-26,2021-06-29,Inactive,8,6,0,0,75.0
ASG002094,DUD101350,CLI0240,2024-09-28,,Active,Experienced Teacher,84,Six-Month,0,0,Initial Assignment,CAN000361,Alejandro,,Miller,1993-09-27,Female,British,Brazilian,Japan,Bachelor's Degree,Other,C2,N1,Eligible,Teacher,2025-08-16,Sakura Junior High School,Kindergarten,Saitama,Warabi,2022-01-20,,Active,12,10,2,0,83.33
ASG002095,DUD101351,CLI0080,2021-05-03,2021-12-22,Renewed,ALT / English Teacher,98,Annual,0,0,Staffing Demand,CAN000111,William,,Ramirez,1986-11-14,Prefer not to say,French,Mexican,Japan,Associate Degree,Education,C2,N3,Eligible,Teacher,2022-09-17,Musashino Education Center,High School,Saitama,Kawagoe,2023-11-15,,Active,7,6,0,0,85.71
ASG002096,DUD101351,CLI0201,2021-12-24,,Active,ALT / English Teacher,72,Three-Month,0,0,Initial Assignment,CAN000111,William,,Ramirez,1986-11-14,Prefer not to say,French,Mexican,Japan,Associate Degree,Education,C2,N3,Eligible,Teacher,2022-09-17,Haruka Academy,High School,Tokyo,Koganei,2023-10-19,,Active,12,10,1,0,83.33
ASG002097,DUD101352,CLI0092,2024-02-28,2025-01-04,Transferred,ALT / English Teacher,79,Monthly,0,0,Replacement,CAN001376,Sarah,,Davis,1977-04-15,Non-binary,French,Brazilian,Japan,Bachelor's Degree,Linguistics,C2,N3,Eligible,Teacher,2023-02-25,Kawaguchi Junior High School,Private School,Kanagawa,Yokohama,2025-10-25,,Active,10,8,0,0,80.0
ASG002098,DUD101352,CLI0105,2025-01-18,2025-11-15,Ended,ALT / English Teacher,71,Annual,0,0,Initial Assignment,CAN001376,Sarah,,Davis,1977-04-15,Non-binary,French,Brazilian,Japan,Bachelor's Degree,Linguistics,C2,N3,Eligible,Teacher,2023-02-25,Mirai International School,Kindergarten,Chiba,Ichikawa,2025-02-09,,Active,10,7,0,0,70.0
ASG002099,DUD101353,CLI0259,2025-08-02,2027-01-12,Transferred,ALT / English Teacher,90,Three-Month,0,0,Initial Assignment,CAN000299,Diego,,Lopez,1998-12-18,Non-binary,French,British,Japan,Bachelor's Degree,English,C1,N3,Eligible,Teacher,2026-01-10,Ota Elementary School,Kindergarten,Tokyo,Katsushika,2019-11-07,,Active,12,10,1,0,83.33
ASG002100,DUD101353,CLI0152,2027-01-15,2027-08-18,Renewed,ALT / English Teacher,94,Annual,0,0,Client Request,CAN000299,Diego,,Lopez,1998-12-18,Non-binary,French,British,Japan,Bachelor's Degree,English,C1,N3,Eligible,Teacher,2026-01-10,Meisei International School,English School,Tokyo,Tachikawa,2025-01-26,,Active,7,5,1,0,71.43
ASG002101,DUD101354,CLI0153,2021-11-06,2022-11-22,Transferred,ALT / English Teacher,24,Six-Month,0,0,Staffing Demand,CAN001956,Ana,,Moore,1999-02-10,Non-binary,American,Spanish,Japan,Diploma,Education,Native,N3,Eligible,Teacher,2022-07-01,Meisei High School,High School,Saitama,Saitama,2023-05-27,2024-06-05,Inactive,12,9,3,0,75.0
ASG002102,DUD101354,CLI0089,2022-12-07,,Active,Senior Teacher,120,Annual,0,0,Staffing Demand,CAN001956,Ana,,Moore,1999-02-10,Non-binary,American,Spanish,Japan,Diploma,Education,Native,N3,Eligible,Teacher,2022-07-01,Koganei Education Center,High School,Chiba,Matsudo,2024-06-15,,Active,12,12,0,0,100.0
ASG002103,DUD101355,CLI0032,2022-10-16,2024-02-20,Ended,ALT / English Teacher,52,Annual,0,0,Client Request,CAN001771,Maria,,Davis,1997-07-25,Non-binary,Mexican,American,Japan,Diploma,Linguistics,C1,N1,Eligible,Teacher,2021-08-26,Midori Junior High School,Public Elementary School,Chiba,Kashiwa,2024-06-08,,Active,12,11,0,0,91.67
ASG002104,DUD101355,CLI0115,2024-02-29,,Active,Senior Teacher,65,Three-Month,0,0,Replacement,CAN001771,Maria,,Davis,1997-07-25,Non-binary,Mexican,American,Japan,Diploma,Linguistics,C1,N1,Eligible,Teacher,2021-08-26,Takashima High School,Public Elementary School,Saitama,Toda,2023-12-27,2026-04-11,Inactive,12,11,0,0,91.67
ASG002105,DUD101356,CLI0247,2025-10-08,2026-07-05,Completed,Experienced Teacher,41,Six-Month,0,0,Client Request,CAN000323,Emily,,Martin,2001-06-24,Non-binary,Australian,Mexican,Japan,Master's Degree,Linguistics,B2,,Eligible,Teacher,2025-05-29,Akebono Education Center,Private School,Chiba,Chiba,2026-02-15,,Active,9,9,0,0,100.0
ASG002106,DUD101356,CLI0221,2026-07-16,,Active,ALT / English Teacher,42,Six-Month,0,0,Initial Assignment,CAN000323,Emily,,Martin,2001-06-24,Non-binary,Australian,Mexican,Japan,Master's Degree,Linguistics,B2,,Eligible,Teacher,2025-05-29,Haruka Education Center,High School,Chiba,Ichikawa,2019-10-29,2021-07-29,Inactive,3,3,0,0,100.0
ASG002107,DUD101357,CLI0100,2025-04-25,,Active,ALT / English Teacher,46,Three-Month,0,0,Client Request,CAN000100,Emma,,Moore,1994-12-02,Prefer not to say,Spanish,Canadian,Japan,Diploma,English,C1,Basic,Eligible,Teacher,2025-01-15,Shinmei Education Center,English School,Tokyo,Katsushika,2023-06-06,,Active,12,11,1,0,91.67
ASG002108,DUD101358,CLI0086,2023-03-29,,Active,Senior Teacher,70,Three-Month,0,0,Initial Assignment,CAN001323,Jose,,Lee,1986-01-26,Female,Mexican,British,Japan,Associate Degree,Other,C1,N3,Eligible,Teacher,2022-05-01,Nerima Elementary School,Kindergarten,Kanagawa,Fujisawa,2020-09-21,2022-06-24,Inactive,12,11,1,0,91.67
ASG002109,DUD101359,CLI0019,2024-10-01,2025-05-18,Transferred,Experienced Teacher,116,Monthly,0,0,Initial Assignment,CAN001034,Maria,,Perez,1993-02-25,Female,Mexican,Brazilian,Japan,Bachelor's Degree,Psychology,B2,Basic,Eligible,Teacher,2024-09-21,Haruka Elementary School,Kindergarten,Saitama,Kawaguchi,2022-08-12,,Active,7,6,0,0,85.71
ASG002110,DUD101360,CLI0135,2021-01-13,2022-05-31,Transferred,ALT / English Teacher,113,Monthly,0,0,Replacement,CAN000920,Thomas,,Young,1994-05-22,Male,French,Mexican,Japan,Associate Degree,Business,C1,Basic,Eligible,Teacher,2026-08-10,Asahi Education Center,Public Elementary School,Saitama,Toda,2024-07-10,,Active,12,7,2,0,58.33
ASG002111,DUD101360,CLI0037,2022-06-19,,Active,ALT / English Teacher,57,Annual,0,0,Replacement,CAN000920,Thomas,,Young,1994-05-22,Male,French,Mexican,Japan,Associate Degree,Business,C1,Basic,Eligible,Teacher,2026-08-10,Midori Junior High School,Public Elementary School,Kanagawa,Sagamihara,2025-11-05,,Active,12,11,0,0,91.67
ASG002112,DUD101361,CLI0074,2024-10-06,2026-01-29,Transferred,Senior Teacher,108,Three-Month,0,0,Transfer,CAN001598,Luis,,Lee,1996-09-05,Male,Filipino,Canadian,Japan,Master's Degree,Linguistics,B2,,Eligible,Teacher,2023-09-02,Kita Elementary School,Public Junior High School,Tokyo,Nerima,2023-06-03,2027-07-20,Inactive,12,11,0,0,91.67
ASG002113,DUD101361,CLI0020,2026-02-09,,Active,ALT / English Teacher,78,Six-Month,0,0,Initial Assignment,CAN001598,Luis,,Lee,1996-09-05,Male,Filipino,Canadian,Japan,Master's Degree,Linguistics,B2,,Eligible,Teacher,2023-09-02,Sakura International School,Public Elementary School,Chiba,Kashiwa,2024-10-13,,Active,6,6,0,0,100.0
ASG002114,DUD101362,CLI0018,2024-07-23,,Active,ALT / English Teacher,56,Annual,0,0,Transfer,CAN001222,Jessica,,Martinez,2003-03-07,Female,British,Australian,Japan,Master's Degree,Psychology,C1,N1,Eligible,Teacher,2024-10-13,Koganei Academy,High School,Tokyo,Ota,2022-07-07,2026-08-23,Inactive,12,11,0,0,91.67
ASG002115,DUD101363,CLI0132,2023-02-15,2023-06-18,Ended,ALT / English Teacher,57,Six-Month,0,0,Initial Assignment,CAN001962,Sofia,,Anderson,1994-05-15,Prefer not to say,Spanish,Spanish,Japan,Bachelor's Degree,Other,B2,N3,Eligible,Teacher,2023-10-16,Kawaguchi Elementary School,Kindergarten,Chiba,Kashiwa,2025-09-10,,Active,4,4,0,0,100.0
ASG002116,DUD101363,CLI0143,2023-06-27,,Active,Senior Teacher,76,Six-Month,0,0,Replacement,CAN001962,Sofia,,Anderson,1994-05-15,Prefer not to say,Spanish,Spanish,Japan,Bachelor's Degree,Other,B2,N3,Eligible,Teacher,2023-10-16,Kizuna International School,Education Center,Kanagawa,Kawasaki,2022-11-28,,Active,12,7,2,0,58.33
ASG002117,DUD101364,CLI0299,2022-07-16,2022-11-15,Completed,Trainer,20,Three-Month,0,0,Replacement,CAN000744,Emma,,Smith,1999-09-16,Non-binary,Canadian,American,Japan,Diploma,Business,C1,N1,Eligible,Teacher,2022-01-12,Akebono Junior High School,High School,Chiba,Funabashi,2025-11-23,,Active,4,4,0,0,100.0
ASG002118,DUD101364,CLI0112,2022-12-11,,Active,Senior Teacher,73,Annual,0,0,Staffing Demand,CAN000744,Emma,,Smith,1999-09-16,Non-binary,Canadian,American,Japan,Diploma,Business,C1,N1,Eligible,Teacher,2022-01-12,Seiwa International School,High School,Saitama,Koshigaya,2020-08-13,,Active,12,11,0,0,91.67
ASG002119,DUD101365,CLI0066,2024-12-30,2025-06-19,Completed,ALT / English Teacher,118,Six-Month,0,0,Transfer,CAN000075,Ana,,Taylor,1993-01-06,Non-binary,Brazilian,Australian,Japan,Master's Degree,Education,B2,,Eligible,Teacher,2025-07-02,Nerima Education Center,Public Junior High School,Saitama,Koshigaya,2024-12-07,,Active,5,4,0,0,80.0
ASG002120,DUD101365,CLI0013,2025-06-30,2026-07-15,Transferred,Experienced Teacher,80,Six-Month,0,0,Replacement,CAN000075,Ana,,Taylor,1993-01-06,Non-binary,Brazilian,Australian,Japan,Master's Degree,Education,B2,,Eligible,Teacher,2025-07-02,Hikari Education Center,Private School,Tokyo,Hachioji,2021-08-06,,Active,12,7,3,0,58.33
ASG002121,DUD101365,CLI0008,2026-08-09,,Active,ALT / English Teacher,88,Annual,0,0,Staffing Demand,CAN000075,Ana,,Taylor,1993-01-06,Non-binary,Brazilian,Australian,Japan,Master's Degree,Education,B2,,Eligible,Teacher,2025-07-02,Shinmei High School,Public Junior High School,Kanagawa,Yamato,2025-02-22,,Active,3,3,0,0,100.0
ASG002122,DUD101366,CLI0075,2021-05-09,,Active,ALT / English Teacher,36,Six-Month,0,0,Client Request,CAN001604,Olivia,,Rodriguez,1990-10-24,Female,Canadian,Mexican,Japan,Master's Degree,Other,C2,Basic,Eligible,Teacher,2021-06-23,Akebono Junior High School,High School,Tokyo,Koganei,2019-07-27,2021-10-07,Inactive,12,8,0,0,66.67
ASG002123,DUD101367,CLI0207,2022-10-15,2023-08-22,Ended,ALT / English Teacher,72,Six-Month,0,0,Client Request,CAN000146,Thomas,,King,1977-10-21,Female,Canadian,Spanish,Japan,Master's Degree,Psychology,C1,,Eligible,Teacher,2022-01-11,Nerima Elementary School,English School,Chiba,Kashiwa,2024-02-01,,Active,10,8,1,0,80.0
ASG002124,DUD101367,CLI0289,2023-09-09,,Active,Experienced Teacher,115,Monthly,0,0,Replacement,CAN000146,Thomas,,King,1977-10-21,Female,Canadian,Spanish,Japan,Master's Degree,Psychology,C1,,Eligible,Teacher,2022-01-11,Kita High School,Private School,Saitama,Warabi,2025-07-06,,Active,12,12,0,0,100.0
ASG002125,DUD101368,CLI0128,2024-03-07,2024-08-04,Renewed,ALT / English Teacher,36,Six-Month,0,0,Initial Assignment,CAN001049,Diego,,Smith,1980-12-01,Male,Spanish,French,Japan,Associate Degree,Education,Native,N3,Eligible,Teacher,2021-12-20,Tsubaki Junior High School,Education Center,Chiba,Urayasu,2022-11-06,,Active,5,4,1,0,80.0
ASG002126,DUD101369,CLI0034,2024-02-13,2024-08-03,Transferred,Trainer,81,Three-Month,0,0,Client Request,CAN000674,Michael,,Johnson,1991-07-13,Male,Mexican,Canadian,Japan,Bachelor's Degree,Education,B2,,Eligible,Teacher,2026-04-16,Midori Academy,English School,Saitama,Kawaguchi,2019-02-16,,Active,5,2,2,0,40.0
ASG002127,DUD101369,CLI0182,2024-08-19,,Active,Senior Teacher,28,Six-Month,0,0,Staffing Demand,CAN000674,Michael,,Johnson,1991-07-13,Male,Mexican,Canadian,Japan,Bachelor's Degree,Education,B2,,Eligible,Teacher,2026-04-16,Kawaguchi International School,Public Elementary School,Kanagawa,Kawasaki,2023-01-22,2024-09-09,Inactive,12,12,0,0,100.0
ASG002128,DUD101370,CLI0159,2025-01-02,,Active,Senior Teacher,94,Six-Month,0,0,Transfer,CAN001406,Sarah,,Perez,1995-06-18,Prefer not to say,Spanish,Brazilian,Japan,Associate Degree,Psychology,B2,N1,Eligible,Teacher,2022-07-06,Akebono Academy,High School,Tokyo,Adachi,2026-04-23,,Active,12,11,0,0,91.67
ASG002129,DUD101371,CLI0262,2026-01-18,,Active,ALT / English Teacher,78,Annual,0,0,Transfer,CAN001218,John,,Williams,1994-11-17,Prefer not to say,Japanese,Spanish,Japan,Diploma,Education,B2,Basic,Eligible,Teacher,2026-01-04,Takashima International School,High School,Saitama,Kawaguchi,2024-06-06,2027-01-18,Inactive,7,5,1,0,71.43
ASG002130,DUD101372,CLI0194,2025-01-29,2026-06-24,Ended,Senior Teacher,43,Six-Month,0,0,Staffing Demand,CAN001404,Juan,,White,1982-07-11,Female,Japanese,American,Japan,Bachelor's Degree,Education,B2,,Eligible,Teacher,2021-07-14,Midori Academy,Public Elementary School,Kanagawa,Sagamihara,2021-03-11,2023-10-09,Inactive,12,9,1,0,75.0
ASG002131,DUD101372,CLI0189,2026-07-13,2027-03-14,Renewed,ALT / English Teacher,91,Monthly,0,0,Client Request,CAN001404,Juan,,White,1982-07-11,Female,Japanese,American,Japan,Bachelor's Degree,Education,B2,,Eligible,Teacher,2021-07-14,Tsubaki High School,Kindergarten,Chiba,Ichikawa,2024-03-18,,Active,8,7,0,0,87.5
ASG002132,DUD101372,CLI0270,2027-03-20,,Active,Trainer,61,Six-Month,0,0,Staffing Demand,CAN001404,Juan,,White,1982-07-11,Female,Japanese,American,Japan,Bachelor's Degree,Education,B2,,Eligible,Teacher,2021-07-14,Nerima Academy,High School,Chiba,Urayasu,2019-08-19,,Active,1,1,0,0,100.0
ASG002133,DUD101373,CLI0036,2025-01-01,,Active,ALT / English Teacher,44,Three-Month,0,0,Client Request,CAN001524,Olivia,,Taylor,2002-09-20,Female,Canadian,Filipino,Japan,Bachelor's Degree,English,Native,N1,Eligible,Teacher,2022-10-21,Seiwa International School,Public Junior High School,Tokyo,Ota,2019-06-26,2021-06-29,Inactive,12,11,0,0,91.67
ASG002134,DUD101374,CLI0047,2023-05-21,2023-08-31,Renewed,ALT / English Teacher,107,Three-Month,0,0,Transfer,CAN000740,Luis,,Hall,1991-01-08,Female,American,Mexican,Japan,Diploma,English,Native,N1,Eligible,Teacher,2024-06-05,Akebono High School,Kindergarten,Chiba,Ichikawa,2023-03-18,,Active,3,3,0,0,100.0
ASG002135,DUD101374,CLI0024,2023-09-07,,Active,ALT / English Teacher,29,Six-Month,0,0,Client Request,CAN000740,Luis,,Hall,1991-01-08,Female,American,Mexican,Japan,Diploma,English,Native,N1,Eligible,Teacher,2024-06-05,Hikari Academy,English School,Tokyo,Edogawa,2023-10-24,2027-03-01,Inactive,12,9,1,0,75.0
ASG002136,DUD101375,CLI0234,2024-02-12,2025-04-23,Ended,ALT / English Teacher,26,Three-Month,0,0,Client Request,CAN000928,Matthew,,Lee,1992-02-28,Prefer not to say,Canadian,Spanish,Japan,Associate Degree,Other,Native,Basic,Eligible,Teacher,2024-05-30,Nerima High School,Public Junior High School,Saitama,Koshigaya,2024-12-23,,Active,12,9,2,0,75.0
ASG002137,DUD101375,CLI0023,2025-05-01,,Active,ALT / English Teacher,58,Annual,0,0,Staffing Demand,CAN000928,Matthew,,Lee,1992-02-28,Prefer not to say,Canadian,Spanish,Japan,Associate Degree,Other,Native,Basic,Eligible,Teacher,2024-05-30,Tsubaki Elementary School,English School,Chiba,Funabashi,2020-04-17,,Active,12,10,1,0,83.33
ASG002138,DUD101376,CLI0011,2023-03-04,2024-04-22,Renewed,ALT / English Teacher,96,Annual,0,0,Initial Assignment,CAN000568,Ana,,Anderson,1985-06-03,Non-binary,Canadian,American,Japan,Diploma,Other,Native,N1,Eligible,Teacher,2021-12-02,Takashima High School,Kindergarten,Saitama,Kawagoe,2024-05-26,,Active,12,9,1,0,75.0
ASG002139,DUD101376,CLI0210,2024-04-30,,Active,ALT / English Teacher,46,Six-Month,0,0,Staffing Demand,CAN000568,Ana,,Anderson,1985-06-03,Non-binary,Canadian,American,Japan,Diploma,Other,Native,N1,Eligible,Teacher,2021-12-02,Haruka Education Center,High School,Tokyo,Kita,2022-12-04,,Active,12,9,2,0,75.0
ASG002140,DUD101377,CLI0061,2023-07-25,,Active,ALT / English Teacher,48,Six-Month,0,0,Transfer,CAN001103,Alejandro,,Moore,1997-07-12,Male,Japanese,Spanish,Japan,Diploma,Business,Native,N3,Eligible,Teacher,2025-07-18,Takashima High School,Private School,Saitama,Toda,2020-09-12,,Active,12,9,0,0,75.0
ASG002141,DUD101378,CLI0048,2024-09-17,2026-03-02,Completed,Experienced Teacher,80,Annual,0,0,Staffing Demand,CAN000501,Jessica,,Hernandez,1990-05-18,Non-binary,Australian,Japanese,Japan,Bachelor's Degree,Linguistics,C1,N3,Eligible,Teacher,2023-11-10,Ota Junior High School,Education Center,Kanagawa,Yokohama,2024-09-12,2026-06-19,Inactive,12,9,1,0,75.0
ASG002142,DUD101378,CLI0264,2026-03-23,2026-08-07,Renewed,Senior Teacher,79,Three-Month,0,0,Initial Assignment,CAN000501,Jessica,,Hernandez,1990-05-18,Non-binary,Australian,Japanese,Japan,Bachelor's Degree,Linguistics,C1,N3,Eligible,Teacher,2023-11-10,Musashino Elementary School,Public Elementary School,Chiba,Ichikawa,2023-09-30,,Active,4,4,0,0,100.0
ASG002143,DUD101378,CLI0216,2026-08-30,,Active,ALT / English Teacher,74,Monthly,0,0,Initial Assignment,CAN000501,Jessica,,Hernandez,1990-05-18,Non-binary,Australian,Japanese,Japan,Bachelor's Degree,Linguistics,C1,N3,Eligible,Teacher,2023-11-10,Nerima High School,Kindergarten,Kanagawa,Kawasaki,2022-12-29,,Active,1,1,0,0,100.0
ASG002144,DUD101379,CLI0062,2024-02-14,,Active,ALT / English Teacher,116,Three-Month,0,0,Client Request,CAN000918,Daniel,,Ramirez,2001-02-15,Non-binary,French,Canadian,Japan,Master's Degree,Other,B2,N2,Eligible,Teacher,2021-10-27,Asahi Junior High School,Kindergarten,Tokyo,Edogawa,2022-05-25,,Active,12,11,1,0,91.67
ASG002145,DUD101380,CLI0004,2024-06-12,,Active,ALT / English Teacher,19,Three-Month,0,0,Transfer,CAN000370,Emma,,Jackson,1998-12-09,Non-binary,Spanish,Japanese,Japan,Associate Degree,Other,Native,N2,Eligible,Teacher,2022-11-21,Asahi Elementary School,Private School,Saitama,Koshigaya,2023-09-30,,Active,12,12,0,0,100.0
ASG002146,DUD101381,CLI0241,2024-10-28,2026-04-08,Ended,ALT / English Teacher,30,Monthly,0,0,Initial Assignment,CAN001649,Maria,,Johnson,1986-04-03,Female,Filipino,Filipino,Japan,Master's Degree,Linguistics,C1,N2,Eligible,Teacher,2023-10-09,Shinmei High School,Kindergarten,Chiba,Matsudo,2026-04-02,,Active,12,7,1,0,58.33
ASG002147,DUD101381,CLI0217,2026-05-08,,Active,Experienced Teacher,61,Six-Month,0,0,Staffing Demand,CAN001649,Maria,,Johnson,1986-04-03,Female,Filipino,Filipino,Japan,Master's Degree,Linguistics,C1,N2,Eligible,Teacher,2023-10-09,Koganei Education Center,Private School,Kanagawa,Kawasaki,2024-01-12,,Active,3,3,0,0,100.0
ASG002148,DUD101382,CLI0003,2022-03-23,2022-07-31,Transferred,Experienced Teacher,119,Six-Month,0,0,Client Request,CAN001273,Marco,,Allen,1992-03-12,Non-binary,British,Spanish,Japan,Associate Degree,Other,C1,N1,Eligible,Teacher,2026-03-21,Koganei High School,Public Elementary School,Saitama,Kawagoe,2025-06-06,,Active,4,3,0,0,75.0
ASG002149,DUD101382,CLI0204,2022-08-28,,Active,ALT / English Teacher,67,Three-Month,0,0,Transfer,CAN001273,Marco,,Allen,1992-03-12,Non-binary,British,Spanish,Japan,Associate Degree,Other,C1,N1,Eligible,Teacher,2026-03-21,Nerima International School,Public Elementary School,Saitama,Kawaguchi,2020-11-28,2024-02-01,Inactive,12,11,0,0,91.67
ASG002150,DUD101383,CLI0167,2022-07-23,2023-04-13,Transferred,Experienced Teacher,116,Annual,0,0,Replacement,CAN001345,Carlos,,Davis,1990-10-16,Male,Filipino,Mexican,Japan,Bachelor's Degree,Business,C1,Basic,Eligible,Teacher,2026-04-08,Midori Education Center,Public Junior High School,Saitama,Kawaguchi,2026-04-17,,Active,8,7,1,0,87.5
ASG002151,DUD101384,CLI0195,2025-10-26,,Active,ALT / English Teacher,17,Six-Month,0,0,Client Request,CAN000045,Daniel,,Taylor,2000-10-14,Prefer not to say,Brazilian,Japanese,Japan,Bachelor's Degree,Business,Native,N1,Eligible,Teacher,2024-07-26,Haruka Academy,English School,Kanagawa,Yamato,2020-09-13,,Active,9,9,0,0,100.0
ASG002152,DUD101385,CLI0224,2021-12-28,2022-10-14,Completed,ALT / English Teacher,50,Monthly,0,0,Client Request,CAN001098,William,,Miller,1984-05-08,Non-binary,Filipino,Australian,Japan,Master's Degree,Psychology,C2,N1,Eligible,Teacher,2025-03-25,Mirai Junior High School,Education Center,Tokyo,Koganei,2020-06-17,2021-07-31,Inactive,9,7,0,0,77.78
ASG002153,DUD101385,CLI0067,2022-10-31,2023-06-13,Completed,Experienced Teacher,38,Monthly,0,0,Initial Assignment,CAN001098,William,,Miller,1984-05-08,Non-binary,Filipino,Australian,Japan,Master's Degree,Psychology,C2,N1,Eligible,Teacher,2025-03-25,Kizuna High School,Public Elementary School,Saitama,Soka,2020-07-29,,Active,7,6,0,0,85.71
ASG002154,DUD101385,CLI0257,2023-06-20,,Active,ALT / English Teacher,87,Six-Month,0,0,Initial Assignment,CAN001098,William,,Miller,1984-05-08,Non-binary,Filipino,Australian,Japan,Master's Degree,Psychology,C2,N1,Eligible,Teacher,2025-03-25,Koyo International School,Public Junior High School,Kanagawa,Yamato,2025-06-05,,Active,12,11,0,0,91.67
ASG002155,DUD101386,CLI0090,2023-09-10,,Active,Experienced Teacher,45,Six-Month,0,0,Initial Assignment,CAN001901,James,,Rodriguez,2003-09-26,Male,Spanish,American,Japan,Associate Degree,Other,B2,N1,Eligible,Teacher,2021-04-16,Akebono International School,Public Elementary School,Saitama,Koshigaya,2021-11-15,,Active,12,10,0,0,83.33
ASG002156,DUD101387,CLI0092,2021-01-19,,Active,ALT / English Teacher,39,Annual,0,0,Initial Assignment,CAN000031,Luis,,King,1981-07-12,Female,Brazilian,Australian,Japan,Diploma,Linguistics,B2,N2,Eligible,Teacher,2024-05-25,Kawaguchi Junior High School,Private School,Kanagawa,Yokohama,2025-10-25,,Active,12,9,2,0,75.0
ASG002157,DUD101388,CLI0277,2026-01-29,,Active,ALT / English Teacher,19,Three-Month,0,0,Client Request,CAN000310,Jessica,,Thompson,1983-12-16,Prefer not to say,French,French,Japan,Associate Degree,Linguistics,B2,N1,Eligible,Teacher,2024-05-28,Asahi Elementary School,English School,Kanagawa,Fujisawa,2019-05-04,,Active,6,3,1,0,50.0
ASG002158,DUD101389,CLI0190,2022-07-21,2022-12-26,Completed,Trainer,22,Six-Month,0,0,Client Request,CAN001488,Miguel,,Garcia,2003-10-04,Prefer not to say,Spanish,Canadian,Japan,Bachelor's Degree,English,B2,N3,Eligible,Teacher,2023-08-20,Asahi International School,English School,Kanagawa,Sagamihara,2020-05-23,,Active,5,5,0,0,100.0
ASG002159,DUD101389,CLI0081,2023-01-12,,Active,ALT / English Teacher,114,Annual,0,0,Transfer,CAN001488,Miguel,,Garcia,2003-10-04,Prefer not to say,Spanish,Canadian,Japan,Bachelor's Degree,English,B2,N3,Eligible,Teacher,2023-08-20,Nerima International School,Public Elementary School,Tokyo,Kita,2023-07-23,,Active,12,9,0,0,75.0
ASG002160,DUD101390,CLI0209,2024-10-31,,Active,Experienced Teacher,37,Annual,0,0,Replacement,CAN001551,Robert,,Jackson,2002-02-08,Prefer not to say,Brazilian,Canadian,Japan,Bachelor's Degree,Other,C2,Basic,Eligible,Teacher,2023-03-11,Kawaguchi High School,Private School,Tokyo,Hachioji,2024-02-06,,Active,12,9,0,0,75.0
ASG002161,DUD101391,CLI0208,2023-07-19,2024-04-25,Completed,Senior Teacher,90,Six-Month,0,0,Client Request,CAN001129,Michael,,White,2002-08-03,Female,French,British,Japan,Master's Degree,Linguistics,C2,Basic,Eligible,Teacher,2023-02-07,Kawaguchi International School,Kindergarten,Tokyo,Tachikawa,2023-03-10,,Active,9,8,1,0,88.89
ASG002162,DUD101391,CLI0090,2024-05-04,,Active,Senior Teacher,53,Three-Month,0,0,Client Request,CAN001129,Michael,,White,2002-08-03,Female,French,British,Japan,Master's Degree,Linguistics,C2,Basic,Eligible,Teacher,2023-02-07,Akebono International School,Public Elementary School,Saitama,Koshigaya,2021-11-15,,Active,12,10,1,0,83.33
ASG002163,DUD101392,CLI0266,2024-12-15,2026-05-17,Ended,Senior Teacher,82,Annual,0,0,Initial Assignment,CAN001563,Luis,,Gonzalez,1977-10-27,Non-binary,Canadian,Japanese,Japan,Associate Degree,Psychology,C2,N2,Eligible,Teacher,2024-07-05,Haruka International School,Kindergarten,Tokyo,Katsushika,2025-11-22,,Active,12,11,1,0,91.67
ASG002164,DUD101392,CLI0251,2026-05-29,,Active,Experienced Teacher,89,Three-Month,0,0,Replacement,CAN001563,Luis,,Gonzalez,1977-10-27,Non-binary,Canadian,Japanese,Japan,Associate Degree,Psychology,C2,N2,Eligible,Teacher,2024-07-05,Ota Education Center,Public Junior High School,Saitama,Saitama,2020-09-07,2021-09-14,Inactive,3,3,0,0,100.0
ASG002165,DUD101393,CLI0260,2022-06-23,2023-12-03,Transferred,ALT / English Teacher,98,Monthly,0,0,Staffing Demand,CAN000470,Christopher,,Gonzalez,1988-11-19,Non-binary,Filipino,Mexican,Japan,Bachelor's Degree,English,C2,N2,Eligible,Teacher,2023-05-18,Koyo Elementary School,Public Elementary School,Tokyo,Kita,2025-03-25,,Active,12,11,0,0,91.67
ASG002166,DUD101393,CLI0159,2023-12-18,2024-10-25,Ended,ALT / English Teacher,108,Three-Month,0,0,Replacement,CAN000470,Christopher,,Gonzalez,1988-11-19,Non-binary,Filipino,Mexican,Japan,Bachelor's Degree,English,C2,N2,Eligible,Teacher,2023-05-18,Akebono Academy,High School,Tokyo,Adachi,2026-04-23,,Active,10,7,0,0,70.0
ASG002167,DUD101393,CLI0269,2024-10-30,2025-09-19,Completed,ALT / English Teacher,16,Six-Month,0,0,Transfer,CAN000470,Christopher,,Gonzalez,1988-11-19,Non-binary,Filipino,Mexican,Japan,Bachelor's Degree,English,C2,N2,Eligible,Teacher,2023-05-18,Hikari Elementary School,High School,Saitama,Kawagoe,2025-12-11,,Active,10,7,1,0,70.0
ASG002168,DUD101394,CLI0149,2022-10-30,,Active,Experienced Teacher,100,Annual,0,0,Transfer,CAN000511,Luis,,Ramirez,1994-10-08,Non-binary,British,Brazilian,Japan,Diploma,Other,C2,N3,Eligible,Teacher,2025-11-26,Haruka Junior High School,Private School,Tokyo,Tachikawa,2025-03-19,,Active,12,10,2,0,83.33
ASG002169,DUD101395,CLI0236,2021-01-26,2021-07-11,Ended,ALT / English Teacher,26,Annual,0,0,Initial Assignment,CAN000758,Andres,,Perez,1992-12-25,Non-binary,American,Spanish,Japan,Diploma,Education,B2,Basic,Eligible,Teacher,2022-06-06,Meisei Elementary School,Private School,Tokyo,Edogawa,2021-05-21,2025-01-06,Inactive,5,5,0,0,100.0
ASG002170,DUD101395,CLI0169,2021-07-24,2021-11-01,Completed,ALT / English Teacher,17,Monthly,0,0,Staffing Demand,CAN000758,Andres,,Perez,1992-12-25,Non-binary,American,Spanish,Japan,Diploma,Education,B2,Basic,Eligible,Teacher,2022-06-06,Meisei International School,Kindergarten,Saitama,Warabi,2023-05-15,,Active,3,3,0,0,100.0
ASG002171,DUD101396,CLI0171,2026-03-01,,Active,ALT / English Teacher,56,Six-Month,0,0,Client Request,CAN001143,Michael,,Gonzalez,1988-01-07,Prefer not to say,Brazilian,Spanish,Japan,Diploma,Psychology,B2,Basic,Eligible,Teacher,2021-01-06,Midori High School,Kindergarten,Saitama,Koshigaya,2022-10-08,,Active,5,5,0,0,100.0
ASG002172,DUD101397,CLI0288,2024-02-15,,Active,ALT / English Teacher,94,Monthly,0,0,Staffing Demand,CAN001813,Diego,,Smith,1981-10-25,Non-binary,Canadian,Spanish,Japan,Master's Degree,Other,C2,N1,Eligible,Teacher,2023-07-26,Haruka Junior High School,Kindergarten,Chiba,Matsudo,2021-10-26,,Active,12,10,1,0,83.33
ASG002173,DUD101398,CLI0189,2025-10-09,2026-09-15,Transferred,ALT / English Teacher,78,Six-Month,0,0,Staffing Demand,CAN000488,Andres,,Perez,2003-05-06,Male,Japanese,British,Japan,Associate Degree,English,B2,N1,Eligible,Teacher,2021-11-09,Tsubaki High School,Kindergarten,Chiba,Ichikawa,2024-03-18,,Active,11,7,1,0,63.64
ASG002174,DUD101398,CLI0253,2026-09-29,2027-02-13,Ended,ALT / English Teacher,45,Monthly,0,0,Transfer,CAN000488,Andres,,Perez,2003-05-06,Male,Japanese,British,Japan,Associate Degree,English,B2,N1,Eligible,Teacher,2021-11-09,Kita Junior High School,English School,Saitama,Kawagoe,2020-11-17,,Active,4,2,0,0,50.0
ASG002175,DUD101399,CLI0296,2023-08-27,,Active,ALT / English Teacher,28,Six-Month,0,0,Replacement,CAN000489,Andres,,Thompson,1984-04-10,Female,American,Australian,Japan,Associate Degree,Linguistics,B2,,Eligible,Teacher,2024-08-25,Haruka Education Center,Private School,Kanagawa,Kawasaki,2024-06-13,,Active,12,11,1,0,91.67
ASG002176,DUD101400,CLI0262,2025-05-11,2025-10-14,Renewed,ALT / English Teacher,20,Three-Month,0,0,Transfer,CAN001927,Diego,,Sanchez,1999-08-12,Male,Filipino,British,Japan,Bachelor's Degree,Other,Native,N1,Eligible,Teacher,2024-05-10,Takashima International School,High School,Saitama,Kawaguchi,2024-06-06,2027-01-18,Inactive,5,3,2,0,60.0
ASG002177,DUD101400,CLI0241,2025-10-29,2026-12-30,Transferred,Experienced Teacher,97,Annual,0,0,Initial Assignment,CAN001927,Diego,,Sanchez,1999-08-12,Male,Filipino,British,Japan,Bachelor's Degree,Other,Native,N1,Eligible,Teacher,2024-05-10,Shinmei High School,Kindergarten,Chiba,Matsudo,2026-04-02,,Active,12,12,0,0,100.0
ASG002178,DUD101400,CLI0044,2027-01-13,2028-06-30,Completed,Experienced Teacher,74,Three-Month,0,0,Transfer,CAN001927,Diego,,Sanchez,1999-08-12,Male,Filipino,British,Japan,Bachelor's Degree,Other,Native,N1,Eligible,Teacher,2024-05-10,Nerima Junior High School,Private School,Chiba,Ichikawa,2021-07-30,,Active,12,7,2,0,58.33
ASG002179,DUD101401,CLI0294,2023-01-19,2023-08-08,Ended,Senior Teacher,92,Six-Month,0,0,Replacement,CAN001666,Maria,,Anderson,2000-08-09,Male,Australian,Brazilian,Japan,Associate Degree,Business,C2,Basic,Eligible,Teacher,2026-05-24,Shinmei Junior High School,Kindergarten,Saitama,Saitama,2020-12-10,,Active,6,4,1,0,66.67
ASG002180,DUD101401,CLI0128,2023-08-21,,Active,ALT / English Teacher,15,Monthly,0,0,Transfer,CAN001666,Maria,,Anderson,2000-08-09,Male,Australian,Brazilian,Japan,Associate Degree,Business,C2,Basic,Eligible,Teacher,2026-05-24,Tsubaki Junior High School,Education Center,Chiba,Urayasu,2022-11-06,,Active,12,10,1,0,83.33
ASG002181,DUD101402,CLI0182,2024-04-24,,Active,Experienced Teacher,114,Annual,0,0,Client Request,CAN000989,John,,Young,1998-01-24,Prefer not to say,American,Filipino,Japan,Associate Degree,Linguistics,C2,N2,Eligible,Teacher,2024-03-19,Kawaguchi International School,Public Elementary School,Kanagawa,Kawasaki,2023-01-22,2024-09-09,Inactive,12,10,1,0,83.33
ASG002182,DUD101403,CLI0269,2025-03-24,2026-07-26,Renewed,ALT / English Teacher,42,Six-Month,0,0,Initial Assignment,CAN001784,Daniel,,Young,1990-03-23,Prefer not to say,Spanish,British,Japan,Associate Degree,Education,C2,N2,Eligible,Teacher,2024-07-01,Hikari Elementary School,High School,Saitama,Kawagoe,2025-12-11,,Active,12,9,0,0,75.0
ASG002183,DUD101403,CLI0048,2026-08-07,,Active,Senior Teacher,19,Annual,0,0,Replacement,CAN001784,Daniel,,Young,1990-03-23,Prefer not to say,Spanish,British,Japan,Associate Degree,Education,C2,N2,Eligible,Teacher,2024-07-01,Ota Junior High School,Education Center,Kanagawa,Yokohama,2024-09-12,2026-06-19,Inactive,3,3,0,0,100.0
ASG002184,DUD101404,CLI0289,2025-10-12,2026-11-26,Transferred,ALT / English Teacher,23,Monthly,0,0,Replacement,CAN001146,Robert,,Garcia,1999-02-07,Male,Japanese,French,Japan,Associate Degree,Psychology,Native,,Eligible,Teacher,2026-03-03,Kita High School,Private School,Saitama,Warabi,2025-07-06,,Active,12,10,0,0,83.33
ASG002185,DUD101405,CLI0140,2023-08-29,,Active,ALT / English Teacher,19,Three-Month,0,0,Replacement,CAN001493,Marco,,Lee,1989-07-17,Non-binary,Canadian,Brazilian,Japan,Master's Degree,English,Native,N3,Eligible,Teacher,2025-04-06,Kizuna Junior High School,Kindergarten,Kanagawa,Fujisawa,2020-11-14,,Active,12,9,1,0,75.0
ASG002186,DUD101406,CLI0067,2022-03-06,2023-06-19,Transferred,ALT / English Teacher,46,Monthly,0,0,Replacement,CAN000189,Jose,,Smith,1983-01-18,Prefer not to say,Spanish,Brazilian,Japan,Diploma,Education,C1,Basic,Eligible,Teacher,2023-05-04,Kizuna High School,Public Elementary School,Saitama,Soka,2020-07-29,,Active,12,10,0,0,83.33
ASG002187,DUD101406,CLI0004,2023-07-08,2024-01-19,Transferred,ALT / English Teacher,40,Monthly,0,0,Replacement,CAN000189,Jose,,Smith,1983-01-18,Prefer not to say,Spanish,Brazilian,Japan,Diploma,Education,C1,Basic,Eligible,Teacher,2023-05-04,Asahi Elementary School,Private School,Saitama,Koshigaya,2023-09-30,,Active,6,6,0,0,100.0
ASG002188,DUD101407,CLI0233,2023-04-23,2024-01-04,Renewed,Senior Teacher,90,Six-Month,0,0,Transfer,CAN000805,Luis,,Brown,1982-06-15,Prefer not to say,Japanese,Japanese,Japan,Associate Degree,English,B2,N1,Eligible,Teacher,2023-10-14,Midori International School,Public Elementary School,Saitama,Saitama,2019-07-27,,Active,8,6,1,0,75.0
ASG002189,DUD101407,CLI0056,2024-01-23,2025-02-08,Transferred,ALT / English Teacher,103,Annual,0,0,Initial Assignment,CAN000805,Luis,,Brown,1982-06-15,Prefer not to say,Japanese,Japanese,Japan,Associate Degree,English,B2,N1,Eligible,Teacher,2023-10-14,Takashima Elementary School,Public Elementary School,Chiba,Matsudo,2022-09-28,,Active,12,8,2,0,66.67
ASG002190,DUD101407,CLI0142,2025-03-02,2025-09-21,Completed,Experienced Teacher,53,Annual,0,0,Initial Assignment,CAN000805,Luis,,Brown,1982-06-15,Prefer not to say,Japanese,Japanese,Japan,Associate Degree,English,B2,N1,Eligible,Teacher,2023-10-14,Midori Elementary School,English School,Chiba,Urayasu,2025-06-16,,Active,6,6,0,0,100.0
ASG002191,DUD101408,CLI0002,2024-06-22,2025-08-24,Ended,Experienced Teacher,26,Three-Month,0,0,Initial Assignment,CAN001270,Carlos,,Hernandez,1986-11-11,Non-binary,Canadian,French,Japan,Associate Degree,Other,C1,Basic,Eligible,Teacher,2023-09-02,Mirai Junior High School,English School,Tokyo,Adachi,2024-02-06,,Active,12,11,0,0,91.67
ASG002192,DUD101408,CLI0257,2025-09-17,,Active,Trainer,28,Six-Month,0,0,Staffing Demand,CAN001270,Carlos,,Hernandez,1986-11-11,Non-binary,Canadian,French,Japan,Associate Degree,Other,C1,Basic,Eligible,Teacher,2023-09-02,Koyo International School,Public Junior High School,Kanagawa,Yamato,2025-06-05,,Active,11,10,1,0,90.91
ASG002193,DUD101409,CLI0159,2022-01-05,2022-06-27,Renewed,ALT / English Teacher,32,Three-Month,0,0,Client Request,CAN000876,John,,Martin,1979-08-08,Male,Japanese,French,Japan,Associate Degree,Education,Native,N1,Eligible,Teacher,2025-11-23,Akebono Academy,High School,Tokyo,Adachi,2026-04-23,,Active,5,4,1,0,80.0
ASG002194,DUD101409,CLI0277,2022-07-20,,Active,Experienced Teacher,42,Monthly,0,0,Transfer,CAN000876,John,,Martin,1979-08-08,Male,Japanese,French,Japan,Associate Degree,Education,Native,N1,Eligible,Teacher,2025-11-23,Asahi Elementary School,English School,Kanagawa,Fujisawa,2019-05-04,,Active,12,11,0,0,91.67
ASG002195,DUD101410,CLI0017,2025-10-22,,Active,Trainer,110,Three-Month,0,0,Initial Assignment,CAN000184,David,,Miller,1985-02-22,Prefer not to say,Filipino,Brazilian,Japan,Diploma,Other,C2,,Eligible,Teacher,2025-08-19,Asahi Education Center,Private School,Kanagawa,Fujisawa,2023-03-24,,Active,10,9,1,0,90.0
ASG002196,DUD101411,CLI0044,2023-04-02,2024-05-10,Completed,Experienced Teacher,28,Annual,0,0,Transfer,CAN001606,Hannah,,Perez,1994-03-13,Prefer not to say,French,Filipino,Japan,Bachelor's Degree,English,Native,,Eligible,Teacher,2025-06-07,Nerima Junior High School,Private School,Chiba,Ichikawa,2021-07-30,,Active,12,6,2,0,50.0
ASG002197,DUD101411,CLI0192,2024-06-08,2024-12-24,Transferred,Experienced Teacher,15,Six-Month,0,0,Client Request,CAN001606,Hannah,,Perez,1994-03-13,Prefer not to say,French,Filipino,Japan,Bachelor's Degree,English,Native,,Eligible,Teacher,2025-06-07,Akebono Junior High School,English School,Saitama,Kawaguchi,2020-04-01,2020-12-03,Inactive,6,6,0,0,100.0
ASG002198,DUD101411,CLI0198,2025-01-12,,Active,Senior Teacher,26,Six-Month,0,0,Replacement,CAN001606,Hannah,,Perez,1994-03-13,Prefer not to say,French,Filipino,Japan,Bachelor's Degree,English,Native,,Eligible,Teacher,2025-06-07,Ota High School,Public Elementary School,Kanagawa,Yamato,2022-08-29,,Active,12,10,1,0,83.33
ASG002199,DUD101412,CLI0071,2023-06-19,2024-05-06,Transferred,Trainer,43,Monthly,0,0,Staffing Demand,CAN001947,Daniel,,Garcia,1975-06-02,Prefer not to say,Brazilian,Japanese,Japan,Diploma,Education,B2,N3,Eligible,Teacher,2023-07-04,Kita International School,Private School,Saitama,Kawaguchi,2022-09-21,,Active,10,8,1,0,80.0
ASG002200,DUD101412,CLI0252,2024-05-15,,Active,ALT / English Teacher,103,Annual,0,0,Transfer,CAN001947,Daniel,,Garcia,1975-06-02,Prefer not to say,Brazilian,Japanese,Japan,Diploma,Education,B2,N3,Eligible,Teacher,2023-07-04,Musashino Academy,Education Center,Chiba,Kashiwa,2022-12-20,,Active,12,10,1,0,83.33
ASG002201,DUD101413,CLI0188,2022-06-12,,Active,Experienced Teacher,82,Three-Month,0,0,Initial Assignment,CAN000090,David,,Rodriguez,1984-07-18,Female,Mexican,Australian,Japan,Bachelor's Degree,Education,B2,N2,Eligible,Teacher,2021-04-18,Kizuna International School,Education Center,Chiba,Matsudo,2020-11-14,,Active,12,10,1,0,83.33
ASG002202,DUD101414,CLI0029,2022-01-20,,Active,ALT / English Teacher,22,Annual,0,0,Transfer,CAN000096,David,,Gonzalez,1980-02-26,Female,Australian,Brazilian,Japan,Associate Degree,Other,C2,Basic,Eligible,Teacher,2022-03-09,Asahi Education Center,Public Elementary School,Chiba,Matsudo,2022-10-13,,Active,12,12,0,0,100.0
ASG002203,DUD101415,CLI0159,2022-11-09,,Active,Senior Teacher,94,Annual,0,0,Staffing Demand,CAN001704,Sofia,,Ramirez,1985-07-27,Male,Canadian,Canadian,Japan,Bachelor's Degree,Other,B2,N3,Eligible,Teacher,2023-01-08,Akebono Academy,High School,Tokyo,Adachi,2026-04-23,,Active,12,10,0,0,83.33
ASG002204,DUD101416,CLI0158,2026-01-26,2027-05-02,Renewed,Experienced Teacher,58,Monthly,0,0,Client Request,CAN001545,John,,Thompson,2001-12-16,Female,Mexican,American,Japan,Associate Degree,Education,Native,N1,Eligible,Teacher,2024-12-09,Meisei High School,Public Elementary School,Kanagawa,Kawasaki,2025-02-15,,Active,12,10,0,0,83.33
ASG002205,DUD101416,CLI0260,2027-06-01,2028-09-10,Transferred,ALT / English Teacher,81,Six-Month,0,0,Staffing Demand,CAN001545,John,,Thompson,2001-12-16,Female,Mexican,American,Japan,Associate Degree,Education,Native,N1,Eligible,Teacher,2024-12-09,Koyo Elementary School,Public Elementary School,Tokyo,Kita,2025-03-25,,Active,12,12,0,0,100.0
ASG002206,DUD101416,CLI0021,2028-09-19,,Active,Senior Teacher,19,Six-Month,0,0,Replacement,CAN001545,John,,Thompson,2001-12-16,Female,Mexican,American,Japan,Associate Degree,Education,Native,N1,Eligible,Teacher,2024-12-09,Sakura International School,Kindergarten,Kanagawa,Yokohama,2025-08-22,2027-08-07,Inactive,1,1,0,0,100.0
ASG002207,DUD101417,CLI0152,2022-04-12,2023-03-22,Renewed,Trainer,54,Three-Month,0,0,Staffing Demand,CAN000256,Carlos,,Miller,1976-03-02,Male,Australian,Canadian,Japan,Diploma,English,Native,Basic,Eligible,Teacher,2023-02-09,Meisei International School,English School,Tokyo,Tachikawa,2025-01-26,,Active,11,7,3,0,63.64
ASG002208,DUD101417,CLI0107,2023-04-10,,Active,ALT / English Teacher,91,Three-Month,0,0,Staffing Demand,CAN000256,Carlos,,Miller,1976-03-02,Male,Australian,Canadian,Japan,Diploma,English,Native,Basic,Eligible,Teacher,2023-02-09,Sakura High School,High School,Saitama,Soka,2024-03-26,,Active,12,11,1,0,91.67
ASG002209,DUD101418,CLI0253,2023-01-24,2023-08-15,Transferred,ALT / English Teacher,100,Annual,0,0,Replacement,CAN000332,Michael,,Moore,1992-11-21,Prefer not to say,Australian,Canadian,Japan,Associate Degree,English,C2,,Eligible,Teacher,2021-11-15,Kita Junior High School,English School,Saitama,Kawagoe,2020-11-17,,Active,6,5,1,0,83.33
ASG002210,DUD101418,CLI0241,2023-09-10,2024-02-16,Renewed,Experienced Teacher,42,Three-Month,0,0,Staffing Demand,CAN000332,Michael,,Moore,1992-11-21,Prefer not to say,Australian,Canadian,Japan,Associate Degree,English,C2,,Eligible,Teacher,2021-11-15,Shinmei High School,Kindergarten,Chiba,Matsudo,2026-04-02,,Active,5,4,1,0,80.0
ASG002211,DUD101419,CLI0058,2023-11-16,,Active,Experienced Teacher,96,Six-Month,0,0,Client Request,CAN001979,Emma,,Martin,1987-11-17,Prefer not to say,American,Spanish,Japan,Diploma,Linguistics,Native,N2,Eligible,Teacher,2021-02-25,Mirai High School,High School,Chiba,Matsudo,2024-07-16,,Active,12,9,2,0,75.0
ASG002212,DUD101420,CLI0105,2025-08-14,2026-01-29,Renewed,ALT / English Teacher,110,Monthly,0,0,Client Request,CAN000196,Emily,,Taylor,1984-10-19,Prefer not to say,Filipino,Australian,Japan,Associate Degree,Other,C1,N3,Eligible,Teacher,2021-04-17,Mirai International School,Kindergarten,Chiba,Ichikawa,2025-02-09,,Active,5,2,2,0,40.0
ASG002213,DUD101420,CLI0294,2026-02-11,2027-05-07,Completed,Experienced Teacher,111,Three-Month,0,0,Replacement,CAN000196,Emily,,Taylor,1984-10-19,Prefer not to say,Filipino,Australian,Japan,Associate Degree,Other,C1,N3,Eligible,Teacher,2021-04-17,Shinmei Junior High School,Kindergarten,Saitama,Saitama,2020-12-10,,Active,12,10,0,0,83.33
ASG002214,DUD101421,CLI0265,2023-09-30,,Active,ALT / English Teacher,97,Annual,0,0,Client Request,CAN000463,Hannah,,Lopez,1986-09-01,Male,Filipino,British,Japan,Associate Degree,Business,C2,Basic,Eligible,Teacher,2023-01-02,Sakura Junior High School,Public Elementary School,Saitama,Kawaguchi,2024-09-23,,Active,12,10,0,0,83.33
ASG002215,DUD101422,CLI0117,2022-02-11,2023-02-04,Completed,Senior Teacher,110,Three-Month,0,0,Initial Assignment,CAN000180,James,,Martin,1992-04-18,Male,Japanese,American,Japan,Bachelor's Degree,Business,C2,Basic,Eligible,Teacher,2026-02-10,Asahi Junior High School,Public Junior High School,Saitama,Warabi,2019-01-20,,Active,11,9,1,0,81.82
ASG002216,DUD101423,CLI0050,2023-01-15,2023-06-17,Transferred,ALT / English Teacher,87,Three-Month,0,0,Initial Assignment,CAN000616,James,,Brown,1996-11-04,Female,American,Filipino,Japan,Bachelor's Degree,English,B2,,Eligible,Teacher,2022-06-20,Mirai High School,English School,Tokyo,Tachikawa,2020-02-13,,Active,5,5,0,0,100.0
ASG002217,DUD101423,CLI0039,2023-06-26,2024-05-04,Completed,Experienced Teacher,28,Monthly,0,0,Replacement,CAN000616,James,,Brown,1996-11-04,Female,American,Filipino,Japan,Bachelor's Degree,English,B2,,Eligible,Teacher,2022-06-20,Shinmei International School,High School,Tokyo,Kita,2020-04-30,,Active,10,8,2,0,80.0
ASG002218,DUD101424,CLI0183,2023-03-17,2024-02-21,Transferred,ALT / English Teacher,46,Annual,0,0,Client Request,CAN001953,James,,Johnson,1976-10-24,Prefer not to say,Australian,Spanish,Japan,Master's Degree,Education,C2,N3,Eligible,Teacher,2024-03-24,Tsubaki High School,Kindergarten,Saitama,Saitama,2026-03-25,,Active,11,10,0,0,90.91
ASG002219,DUD101424,CLI0124,2024-02-28,2025-08-16,Completed,ALT / English Teacher,97,Annual,0,0,Client Request,CAN001953,James,,Johnson,1976-10-24,Prefer not to say,Australian,Spanish,Japan,Master's Degree,Education,C2,N3,Eligible,Teacher,2024-03-24,Koyo International School,Public Junior High School,Saitama,Soka,2024-06-11,,Active,12,11,0,0,91.67
ASG002220,DUD101424,CLI0099,2025-08-31,2026-08-25,Transferred,ALT / English Teacher,99,Three-Month,0,0,Client Request,CAN001953,James,,Johnson,1976-10-24,Prefer not to say,Australian,Spanish,Japan,Master's Degree,Education,C2,N3,Eligible,Teacher,2024-03-24,Nerima International School,Education Center,Tokyo,Hachioji,2025-12-21,,Active,12,10,1,0,83.33
ASG002221,DUD101425,CLI0170,2022-10-09,2023-05-17,Transferred,ALT / English Teacher,26,Three-Month,0,0,Transfer,CAN001219,Emma,,Lee,1978-09-25,Female,British,American,Japan,Bachelor's Degree,Psychology,Native,,Eligible,Teacher,2022-07-14,Kita High School,Public Elementary School,Saitama,Saitama,2019-05-31,,Active,7,6,0,0,85.71
ASG002222,DUD101425,CLI0215,2023-05-23,,Active,ALT / English Teacher,53,Monthly,0,0,Transfer,CAN001219,Emma,,Lee,1978-09-25,Female,British,American,Japan,Bachelor's Degree,Psychology,Native,,Eligible,Teacher,2022-07-14,Ota High School,Private School,Chiba,Urayasu,2022-05-13,,Active,12,10,1,0,83.33
ASG002223,DUD101426,CLI0075,2022-09-25,2023-05-20,Completed,ALT / English Teacher,45,Three-Month,0,0,Initial Assignment,CAN001745,Diego,,Brown,1996-03-23,Prefer not to say,Mexican,Canadian,Japan,Associate Degree,Education,C2,N1,Eligible,Teacher,2021-11-19,Akebono Junior High School,High School,Tokyo,Koganei,2019-07-27,2021-10-07,Inactive,7,5,1,0,71.43
ASG002224,DUD101426,CLI0180,2023-05-24,,Active,Experienced Teacher,88,Annual,0,0,Initial Assignment,CAN001745,Diego,,Brown,1996-03-23,Prefer not to say,Mexican,Canadian,Japan,Associate Degree,Education,C2,N1,Eligible,Teacher,2021-11-19,Kawaguchi Junior High School,High School,Kanagawa,Fujisawa,2022-07-31,,Active,12,8,1,0,66.67
ASG002225,DUD101427,CLI0123,2023-04-08,,Active,Experienced Teacher,64,Six-Month,0,0,Client Request,CAN001479,Andres,,Sanchez,2000-09-20,Non-binary,Spanish,French,Japan,Diploma,Business,C1,N1,Eligible,Teacher,2024-01-08,Musashino High School,English School,Saitama,Koshigaya,2021-02-09,2021-08-09,Inactive,12,10,0,0,83.33
ASG002226,DUD101428,CLI0096,2025-10-04,,Active,ALT / English Teacher,104,Three-Month,0,0,Staffing Demand,CAN001409,Daniel,,Johnson,1985-10-17,Male,Spanish,Spanish,Japan,Diploma,Psychology,B2,,Eligible,Teacher,2021-11-19,Haruka Academy,Private School,Tokyo,Tachikawa,2020-12-02,,Active,10,8,1,0,80.0
ASG002227,DUD101429,CLI0019,2021-11-06,,Active,ALT / English Teacher,83,Annual,0,0,Replacement,CAN000774,Sofia,,Davis,1996-04-17,Prefer not to say,Japanese,Brazilian,Japan,Master's Degree,Other,C1,Basic,Eligible,Teacher,2024-06-20,Haruka Elementary School,Kindergarten,Saitama,Kawaguchi,2022-08-12,,Active,12,10,1,0,83.33
ASG002228,DUD101430,CLI0136,2022-09-26,2023-04-30,Renewed,ALT / English Teacher,113,Monthly,0,0,Client Request,CAN001403,James,,Johnson,1976-07-26,Prefer not to say,American,Spanish,Japan,Diploma,Linguistics,C2,N1,Eligible,Teacher,2024-01-26,Sakura Elementary School,Kindergarten,Tokyo,Katsushika,2023-02-28,,Active,7,7,0,0,100.0
ASG002229,DUD101430,CLI0236,2023-05-10,,Active,ALT / English Teacher,20,Three-Month,0,0,Initial Assignment,CAN001403,James,,Johnson,1976-07-26,Prefer not to say,American,Spanish,Japan,Diploma,Linguistics,C2,N1,Eligible,Teacher,2024-01-26,Meisei Elementary School,Private School,Tokyo,Edogawa,2021-05-21,2025-01-06,Inactive,12,7,2,0,58.33
ASG002230,DUD101431,CLI0172,2024-06-08,,Active,Experienced Teacher,101,Three-Month,0,0,Replacement,CAN000690,Daniel,,Gonzalez,1987-12-05,Female,French,Brazilian,Japan,Associate Degree,Linguistics,B2,,Eligible,Teacher,2022-09-24,Haruka High School,Private School,Tokyo,Koganei,2025-12-30,,Active,12,10,1,0,83.33
ASG002231,DUD101432,CLI0141,2022-05-08,,Active,ALT / English Teacher,110,Three-Month,0,0,Client Request,CAN001438,Juan,,Ramirez,1985-02-05,Female,French,Mexican,Japan,Bachelor's Degree,Linguistics,B2,,Eligible,Teacher,2025-02-18,Kawaguchi Elementary School,Education Center,Kanagawa,Kawasaki,2024-12-31,,Active,12,11,0,0,91.67
ASG002232,DUD101433,CLI0097,2021-03-08,,Active,ALT / English Teacher,30,Monthly,0,0,Initial Assignment,CAN000464,Jose,,Young,1985-09-17,Prefer not to say,American,Spanish,Japan,Diploma,Other,C2,N3,Eligible,Teacher,2024-01-20,Sakura International School,High School,Chiba,Ichikawa,2025-02-08,,Active,12,9,1,0,75.0
ASG002233,DUD101434,CLI0230,2025-03-28,2026-02-25,Completed,Experienced Teacher,38,Three-Month,0,0,Client Request,CAN001462,Andres,,Miller,2000-06-21,Male,French,Filipino,Japan,Bachelor's Degree,Other,C1,N2,Eligible,Teacher,2024-08-17,Haruka Junior High School,Private School,Tokyo,Ota,2025-09-03,,Active,11,9,1,0,81.82
ASG002234,DUD101434,CLI0151,2026-03-14,2026-07-28,Renewed,Trainer,42,Monthly,0,0,Transfer,CAN001462,Andres,,Miller,2000-06-21,Male,French,Filipino,Japan,Bachelor's Degree,Other,C1,N2,Eligible,Teacher,2024-08-17,Kawaguchi Academy,High School,Chiba,Ichikawa,2026-04-11,,Active,4,3,0,0,75.0
ASG002235,DUD101435,CLI0231,2025-11-16,,Active,ALT / English Teacher,31,Six-Month,0,0,Transfer,CAN000681,Maria,,Hernandez,1989-02-12,Prefer not to say,Canadian,French,Japan,Diploma,Psychology,C2,N3,Eligible,Teacher,2021-11-13,Koyo Elementary School,Public Elementary School,Chiba,Urayasu,2021-10-05,,Active,9,7,1,0,77.78
ASG002236,DUD101436,CLI0064,2024-03-24,,Active,ALT / English Teacher,46,Monthly,0,0,Client Request,CAN000436,Andres,,Gonzalez,1984-06-16,Non-binary,Australian,Brazilian,Japan,Diploma,English,C2,Basic,Eligible,Teacher,2025-04-09,Seiwa High School,Education Center,Saitama,Kawagoe,2023-11-28,,Active,12,10,2,0,83.33
ASG002237,DUD101437,CLI0183,2021-09-05,2022-10-17,Transferred,Experienced Teacher,91,Monthly,0,0,Staffing Demand,CAN001478,Daniel,,Martinez,1982-06-08,Female,Filipino,Japanese,Japan,Bachelor's Degree,Education,Native,Basic,Eligible,Teacher,2025-05-23,Tsubaki High School,Kindergarten,Saitama,Saitama,2026-03-25,,Active,12,11,0,0,91.67
ASG002238,DUD101437,CLI0251,2022-11-15,2023-03-22,Completed,Experienced Teacher,112,Three-Month,0,0,Transfer,CAN001478,Daniel,,Martinez,1982-06-08,Female,Filipino,Japanese,Japan,Bachelor's Degree,Education,Native,Basic,Eligible,Teacher,2025-05-23,Ota Education Center,Public Junior High School,Saitama,Saitama,2020-09-07,2021-09-14,Inactive,4,4,0,0,100.0
ASG002239,DUD101438,CLI0123,2025-06-17,,Active,Experienced Teacher,41,Monthly,0,0,Client Request,CAN000447,Sarah,,Jackson,1983-01-16,Male,Australian,Mexican,Japan,Master's Degree,Psychology,C1,Basic,Eligible,Teacher,2023-02-04,Musashino High School,English School,Saitama,Koshigaya,2021-02-09,2021-08-09,Inactive,12,10,0,0,83.33
ASG002240,DUD101439,CLI0298,2024-10-18,2025-03-02,Completed,Trainer,105,Monthly,0,0,Staffing Demand,CAN001587,Daniel,,Walker,1977-08-10,Female,Mexican,Brazilian,Japan,Associate Degree,Psychology,Native,N1,Eligible,Teacher,2025-09-08,Koyo Elementary School,English School,Chiba,Matsudo,2023-05-19,,Active,4,3,0,0,75.0
ASG002241,DUD101439,CLI0178,2025-03-22,2026-08-12,Ended,ALT / English Teacher,69,Three-Month,0,0,Staffing Demand,CAN001587,Daniel,,Walker,1977-08-10,Female,Mexican,Brazilian,Japan,Associate Degree,Psychology,Native,N1,Eligible,Teacher,2025-09-08,Sakura High School,Education Center,Tokyo,Nerima,2020-03-28,,Active,12,12,0,0,100.0
ASG002242,DUD101439,CLI0219,2026-08-18,2027-08-26,Transferred,Senior Teacher,49,Monthly,0,0,Client Request,CAN001587,Daniel,,Walker,1977-08-10,Female,Mexican,Brazilian,Japan,Associate Degree,Psychology,Native,N1,Eligible,Teacher,2025-09-08,Seiwa International School,Public Elementary School,Tokyo,Ota,2024-11-19,,Active,12,10,1,0,83.33
ASG002243,DUD101440,CLI0091,2022-03-23,,Active,Senior Teacher,44,Three-Month,0,0,Staffing Demand,CAN001995,Andres,,Garcia,1986-10-14,Non-binary,Australian,British,Japan,Associate Degree,Linguistics,C2,Basic,Eligible,Teacher,2023-12-12,Sakura Academy,Private School,Tokyo,Edogawa,2026-01-29,,Active,12,9,0,0,75.0
ASG002244,DUD101441,CLI0036,2023-11-24,2025-03-22,Ended,Experienced Teacher,35,Annual,0,0,Replacement,CAN000610,Hannah,,Rodriguez,1984-02-12,Female,Mexican,Spanish,Japan,Associate Degree,Linguistics,C1,,Eligible,Teacher,2024-04-14,Seiwa International School,Public Junior High School,Tokyo,Ota,2019-06-26,2021-06-29,Inactive,12,7,2,0,58.33
ASG002245,DUD101442,CLI0176,2022-01-15,2022-04-24,Completed,ALT / English Teacher,75,Six-Month,0,0,Transfer,CAN001788,Diego,,Perez,1982-10-06,Male,Australian,Australian,Japan,Bachelor's Degree,Psychology,B2,N1,Eligible,Teacher,2021-01-24,Kawaguchi International School,English School,Chiba,Ichikawa,2023-08-12,,Active,3,2,1,0,66.67
ASG002246,DUD101443,CLI0176,2021-09-26,2022-05-13,Completed,ALT / English Teacher,73,Monthly,0,0,Client Request,CAN000221,Ana,,White,2003-11-19,Female,Australian,Spanish,Japan,Master's Degree,Linguistics,Native,Basic,Eligible,Teacher,2026-03-10,Kawaguchi International School,English School,Chiba,Ichikawa,2023-08-12,,Active,7,4,1,0,57.14
ASG002247,DUD101443,CLI0274,2022-06-12,2023-02-12,Transferred,Senior Teacher,45,Annual,0,0,Client Request,CAN000221,Ana,,White,2003-11-19,Female,Australian,Spanish,Japan,Master's Degree,Linguistics,Native,Basic,Eligible,Teacher,2026-03-10,Haruka High School,English School,Kanagawa,Sagamihara,2022-02-06,,Active,8,7,0,0,87.5
ASG002248,DUD101444,CLI0234,2021-12-12,,Active,Experienced Teacher,97,Monthly,0,0,Staffing Demand,CAN001420,Miguel,,Lee,2002-06-21,Male,Canadian,French,Japan,Master's Degree,Linguistics,B2,N1,Eligible,Teacher,2025-02-02,Nerima High School,Public Junior High School,Saitama,Koshigaya,2024-12-23,,Active,12,11,0,0,91.67
ASG002249,DUD101445,CLI0300,2023-10-30,2025-01-31,Transferred,ALT / English Teacher,60,Monthly,0,0,Replacement,CAN000529,John,,Thompson,1993-12-12,Prefer not to say,Filipino,Mexican,Japan,Diploma,Business,C2,Basic,Eligible,Teacher,2022-02-26,Shinmei Academy,Public Junior High School,Chiba,Chiba,2024-05-25,,Active,12,12,0,0,100.0
ASG002250,DUD101446,CLI0264,2021-10-30,2023-02-18,Renewed,Senior Teacher,108,Six-Month,0,0,Initial Assignment,CAN001098,Miguel,,Smith,1985-05-26,Non-binary,American,Japanese,Japan,Bachelor's Degree,Education,C2,N2,Eligible,Teacher,2023-08-13,Musashino Elementary School,Public Elementary School,Chiba,Ichikawa,2023-09-30,,Active,12,7,1,0,58.33
ASG002251,DUD101446,CLI0084,2023-02-26,,Active,Senior Teacher,21,Annual,0,0,Transfer,CAN001098,Miguel,,Smith,1985-05-26,Non-binary,American,Japanese,Japan,Bachelor's Degree,Education,C2,N2,Eligible,Teacher,2023-08-13,Tsubaki Elementary School,Public Junior High School,Kanagawa,Kawasaki,2023-03-31,,Active,12,8,1,0,66.67
ASG002252,DUD101447,CLI0048,2023-07-18,2024-01-20,Renewed,Senior Teacher,82,Six-Month,0,0,Staffing Demand,CAN000542,Miguel,,Gonzalez,1982-10-07,Male,Brazilian,American,Japan,Bachelor's Degree,Psychology,C1,N3,Eligible,Teacher,2024-06-21,Ota Junior High School,Education Center,Kanagawa,Yokohama,2024-09-12,2026-06-19,Inactive,6,6,0,0,100.0
ASG002253,DUD101447,CLI0133,2024-02-05,2024-05-15,Renewed,Experienced Teacher,74,Six-Month,0,0,Initial Assignment,CAN000542,Miguel,,Gonzalez,1982-10-07,Male,Brazilian,American,Japan,Bachelor's Degree,Psychology,C1,N3,Eligible,Teacher,2024-06-21,Hikari Academy,Public Elementary School,Kanagawa,Sagamihara,2020-12-19,,Active,3,3,0,0,100.0
ASG002254,DUD101448,CLI0266,2025-08-21,,Active,ALT / English Teacher,82,Monthly,0,0,Replacement,CAN001432,Carlos,,Smith,2002-05-17,Prefer not to say,Spanish,Australian,Japan,Bachelor's Degree,Linguistics,C1,N2,Eligible,Teacher,2025-12-25,Haruka International School,Kindergarten,Tokyo,Katsushika,2025-11-22,,Active,12,11,0,0,91.67
ASG002255,DUD101449,CLI0058,2025-12-16,,Active,ALT / English Teacher,118,Annual,0,0,Replacement,CAN000110,Ana,,King,1993-03-18,Male,Brazilian,Brazilian,Japan,Master's Degree,Other,B2,N3,Eligible,Teacher,2023-01-04,Mirai High School,High School,Chiba,Matsudo,2024-07-16,,Active,8,7,0,0,87.5
ASG002256,DUD101450,CLI0011,2025-08-12,2026-05-17,Transferred,Senior Teacher,41,Monthly,0,0,Initial Assignment,CAN000306,Maria,,Ramirez,1975-08-07,Male,Filipino,Canadian,Japan,Bachelor's Degree,Education,C1,Basic,Eligible,Teacher,2025-11-25,Takashima High School,Kindergarten,Saitama,Kawagoe,2024-05-26,,Active,9,6,1,0,66.67
ASG002257,DUD101451,CLI0108,2022-04-11,2023-04-29,Completed,Experienced Teacher,119,Three-Month,0,0,Replacement,CAN000534,Emily,,Perez,1996-05-15,Prefer not to say,Canadian,American,Japan,Bachelor's Degree,Other,C1,N2,Eligible,Teacher,2023-12-11,Haruka Elementary School,Public Junior High School,Saitama,Saitama,2021-02-05,,Active,12,11,0,0,91.67
ASG002258,DUD101452,CLI0123,2024-05-22,2025-06-19,Transferred,Experienced Teacher,63,Monthly,0,0,Client Request,CAN001295,Andres,,Brown,1991-06-12,Male,Canadian,American,Japan,Bachelor's Degree,Psychology,B2,N3,Eligible,Teacher,2025-11-18,Musashino High School,English School,Saitama,Koshigaya,2021-02-09,2021-08-09,Inactive,12,10,1,0,83.33
ASG002259,DUD101453,CLI0125,2022-02-26,2022-09-10,Renewed,ALT / English Teacher,84,Three-Month,0,0,Staffing Demand,CAN001980,Sarah,,Perez,2002-05-16,Prefer not to say,Mexican,American,Japan,Associate Degree,Psychology,B2,N3,Eligible,Teacher,2021-12-11,Kizuna Junior High School,English School,Saitama,Toda,2019-10-07,,Active,6,5,1,0,83.33
ASG002260,DUD101454,CLI0050,2021-01-03,2022-04-16,Transferred,Senior Teacher,117,Three-Month,0,0,Transfer,CAN001169,Laura,,Garcia,1986-04-12,Female,Japanese,Mexican,Japan,Associate Degree,English,C1,N2,Eligible,Teacher,2025-08-18,Mirai High School,English School,Tokyo,Tachikawa,2020-02-13,,Active,12,9,0,0,75.0
ASG002261,DUD101454,CLI0185,2022-05-07,2022-10-08,Completed,ALT / English Teacher,47,Six-Month,0,0,Transfer,CAN001169,Laura,,Garcia,1986-04-12,Female,Japanese,Mexican,Japan,Associate Degree,English,C1,N2,Eligible,Teacher,2025-08-18,Asahi High School,Private School,Kanagawa,Yokohama,2024-03-11,,Active,5,4,0,0,80.0
ASG002262,DUD101455,CLI0153,2025-01-25,2025-11-10,Renewed,Trainer,36,Three-Month,0,0,Client Request,CAN000532,Luis,,Taylor,1985-03-17,Prefer not to say,Brazilian,Japanese,Japan,Master's Degree,Business,Native,Basic,Eligible,Teacher,2024-12-30,Meisei High School,High School,Saitama,Saitama,2023-05-27,2024-06-05,Inactive,9,8,0,0,88.89
ASG002263,DUD101455,CLI0241,2025-11-29,2026-04-27,Ended,Experienced Teacher,35,Monthly,0,0,Client Request,CAN000532,Luis,,Taylor,1985-03-17,Prefer not to say,Brazilian,Japanese,Japan,Master's Degree,Business,Native,Basic,Eligible,Teacher,2024-12-30,Shinmei High School,Kindergarten,Chiba,Matsudo,2026-04-02,,Active,5,4,1,0,80.0
ASG002264,DUD101456,CLI0204,2024-04-04,2025-05-26,Ended,Experienced Teacher,51,Three-Month,0,0,Staffing Demand,CAN000474,Robert,,Johnson,1988-01-09,Male,Brazilian,French,Japan,Master's Degree,Psychology,Native,Basic,Eligible,Teacher,2022-02-12,Nerima International School,Public Elementary School,Saitama,Kawaguchi,2020-11-28,2024-02-01,Inactive,12,9,0,0,75.0
ASG002265,DUD101457,CLI0046,2021-01-02,2021-04-21,Completed,ALT / English Teacher,62,Six-Month,0,0,Client Request,CAN000382,Robert,,Williams,1984-01-13,Female,British,Canadian,Japan,Bachelor's Degree,Linguistics,B2,,Eligible,Teacher,2021-06-14,Sakura Junior High School,English School,Chiba,Ichikawa,2019-02-08,,Active,3,3,0,0,100.0
ASG002266,DUD101457,CLI0300,2021-04-22,,Active,Experienced Teacher,54,Three-Month,0,0,Initial Assignment,CAN000382,Robert,,Williams,1984-01-13,Female,British,Canadian,Japan,Bachelor's Degree,Linguistics,B2,,Eligible,Teacher,2021-06-14,Shinmei Academy,Public Junior High School,Chiba,Chiba,2024-05-25,,Active,12,9,1,0,75.0
ASG002267,DUD101458,CLI0148,2023-02-06,2024-05-28,Transferred,Senior Teacher,103,Three-Month,0,0,Staffing Demand,CAN000561,Sofia,,Hernandez,1982-04-23,Non-binary,Spanish,British,Japan,Associate Degree,Education,C2,,Eligible,Teacher,2023-07-08,Nerima Elementary School,Education Center,Chiba,Matsudo,2020-08-17,2021-06-20,Inactive,12,11,0,0,91.67
ASG002268,DUD101458,CLI0218,2024-05-29,,Active,Experienced Teacher,59,Monthly,0,0,Replacement,CAN000561,Sofia,,Hernandez,1982-04-23,Non-binary,Spanish,British,Japan,Associate Degree,Education,C2,,Eligible,Teacher,2023-07-08,Asahi Junior High School,English School,Kanagawa,Fujisawa,2021-08-11,,Active,12,10,0,0,83.33
ASG002269,DUD101459,CLI0279,2021-05-08,2022-02-10,Transferred,ALT / English Teacher,99,Monthly,0,0,Transfer,CAN000668,Alejandro,,Ramirez,1998-05-27,Female,British,Mexican,Japan,Bachelor's Degree,Business,C1,N2,Eligible,Teacher,2022-08-06,Shinmei Education Center,Education Center,Tokyo,Nerima,2019-07-15,,Active,9,8,0,0,88.89
ASG002270,DUD101459,CLI0176,2022-02-22,2022-05-26,Renewed,Experienced Teacher,81,Three-Month,0,0,Transfer,CAN000668,Alejandro,,Ramirez,1998-05-27,Female,British,Mexican,Japan,Bachelor's Degree,Business,C1,N2,Eligible,Teacher,2022-08-06,Kawaguchi International School,English School,Chiba,Ichikawa,2023-08-12,,Active,3,3,0,0,100.0
ASG002271,DUD101460,CLI0255,2021-06-16,,Active,ALT / English Teacher,93,Monthly,0,0,Staffing Demand,CAN000350,Robert,,Thompson,1998-03-24,Male,Canadian,Australian,Japan,Associate Degree,Psychology,B2,N2,Eligible,Teacher,2024-04-10,Haruka Academy,Education Center,Saitama,Kawaguchi,2020-03-22,,Active,12,12,0,0,100.0
ASG002272,DUD101461,CLI0056,2022-01-24,,Active,ALT / English Teacher,62,Monthly,0,0,Transfer,CAN000140,Robert,,Anderson,1983-01-16,Prefer not to say,British,Brazilian,Japan,Bachelor's Degree,Psychology,Native,N3,Eligible,Teacher,2026-04-11,Takashima Elementary School,Public Elementary School,Chiba,Matsudo,2022-09-28,,Active,12,10,0,0,83.33
ASG002273,DUD101462,CLI0270,2023-05-10,2024-10-28,Transferred,ALT / English Teacher,91,Three-Month,0,0,Client Request,CAN001950,John,,Miller,1989-07-17,Prefer not to say,Japanese,Japanese,Japan,Diploma,Linguistics,Native,N3,Eligible,Teacher,2022-09-29,Nerima Academy,High School,Chiba,Urayasu,2019-08-19,,Active,12,11,1,0,91.67
ASG002274,DUD101462,CLI0213,2024-11-21,,Active,ALT / English Teacher,64,Annual,0,0,Initial Assignment,CAN001950,John,,Miller,1989-07-17,Prefer not to say,Japanese,Japanese,Japan,Diploma,Linguistics,Native,N3,Eligible,Teacher,2022-09-29,Meisei International School,Public Elementary School,Tokyo,Katsushika,2019-11-16,2021-07-11,Inactive,12,11,1,0,91.67
ASG002275,DUD101463,CLI0019,2023-12-30,2025-01-12,Ended,ALT / English Teacher,104,Monthly,0,0,Initial Assignment,CAN000602,Miguel,,Johnson,1991-02-22,Male,American,American,Japan,Bachelor's Degree,Linguistics,C1,N1,Eligible,Teacher,2024-10-11,Haruka Elementary School,Kindergarten,Saitama,Kawaguchi,2022-08-12,,Active,12,8,1,0,66.67
ASG002276,DUD101463,CLI0123,2025-01-24,,Active,ALT / English Teacher,68,Six-Month,0,0,Transfer,CAN000602,Miguel,,Johnson,1991-02-22,Male,American,American,Japan,Bachelor's Degree,Linguistics,C1,N1,Eligible,Teacher,2024-10-11,Musashino High School,English School,Saitama,Koshigaya,2021-02-09,2021-08-09,Inactive,12,11,0,0,91.67
ASG002277,DUD101464,CLI0172,2022-05-22,2023-02-12,Completed,Senior Teacher,51,Monthly,0,0,Replacement,CAN000395,Laura,,Wilson,1979-08-02,Female,Filipino,Filipino,Japan,Associate Degree,Linguistics,B2,N3,Eligible,Teacher,2025-08-01,Haruka High School,Private School,Tokyo,Koganei,2025-12-30,,Active,8,4,2,0,50.0
ASG002278,DUD101464,CLI0183,2023-03-07,,Active,ALT / English Teacher,28,Monthly,0,0,Client Request,CAN000395,Laura,,Wilson,1979-08-02,Female,Filipino,Filipino,Japan,Associate Degree,Linguistics,B2,N3,Eligible,Teacher,2025-08-01,Tsubaki High School,Kindergarten,Saitama,Saitama,2026-03-25,,Active,12,12,0,0,100.0
ASG002279,DUD101465,CLI0088,2022-05-29,,Active,ALT / English Teacher,115,Six-Month,0,0,Transfer,CAN001122,Thomas,,Anderson,1997-10-10,Non-binary,Brazilian,French,Japan,Master's Degree,Linguistics,B2,N3,Eligible,Teacher,2024-06-13,Asahi Education Center,Education Center,Kanagawa,Sagamihara,2024-10-19,,Active,12,9,0,0,75.0
ASG002280,DUD101466,CLI0280,2022-05-24,2023-01-17,Ended,Senior Teacher,101,Monthly,0,0,Initial Assignment,CAN001064,Alejandro,,Torres,1991-09-03,Female,Mexican,American,Japan,Associate Degree,Linguistics,Native,Basic,Eligible,Teacher,2022-09-17,Seiwa International School,English School,Saitama,Saitama,2019-10-30,2022-12-03,Inactive,7,5,0,0,71.43
ASG002281,DUD101466,CLI0156,2023-02-07,,Active,ALT / English Teacher,88,Annual,0,0,Replacement,CAN001064,Alejandro,,Torres,1991-09-03,Female,Mexican,American,Japan,Associate Degree,Linguistics,Native,Basic,Eligible,Teacher,2022-09-17,Musashino Elementary School,Public Elementary School,Chiba,Matsudo,2026-03-30,,Active,12,11,0,0,91.67
ASG002282,DUD101467,CLI0078,2023-10-18,,Active,ALT / English Teacher,100,Annual,0,0,Initial Assignment,CAN001904,Miguel,,King,1995-06-25,Female,Mexican,French,Japan,Master's Degree,English,C1,N1,Eligible,Teacher,2026-06-08,Haruka International School,Education Center,Chiba,Kashiwa,2023-10-31,,Active,12,10,1,0,83.33
ASG002283,DUD101468,CLI0230,2024-07-08,2025-01-02,Transferred,ALT / English Teacher,119,Monthly,0,0,Replacement,CAN001970,Andres,,Thompson,1976-12-06,Non-binary,Brazilian,Japanese,Japan,Master's Degree,Education,C1,N1,Eligible,Teacher,2022-11-29,Haruka Junior High School,Private School,Tokyo,Ota,2025-09-03,,Active,5,4,1,0,80.0
ASG002284,DUD101468,CLI0208,2025-01-08,,Active,Experienced Teacher,85,Six-Month,0,0,Staffing Demand,CAN001970,Andres,,Thompson,1976-12-06,Non-binary,Brazilian,Japanese,Japan,Master's Degree,Education,C1,N1,Eligible,Teacher,2022-11-29,Kawaguchi International School,Kindergarten,Tokyo,Tachikawa,2023-03-10,,Active,12,10,0,0,83.33
ASG002285,DUD101469,CLI0162,2024-09-06,2025-11-15,Ended,Experienced Teacher,67,Annual,0,0,Client Request,CAN000223,Luis,,Jackson,1993-11-11,Prefer not to say,Canadian,American,Japan,Bachelor's Degree,Linguistics,B2,,Eligible,Teacher,2026-03-17,Kawaguchi High School,Public Elementary School,Kanagawa,Yamato,2025-09-27,,Active,12,10,0,0,83.33
ASG002286,DUD101470,CLI0061,2023-07-04,2024-10-21,Renewed,ALT / English Teacher,31,Six-Month,0,0,Initial Assignment,CAN001713,William,,White,1990-11-08,Prefer not to say,French,French,Japan,Associate Degree,Other,Native,N3,Eligible,Teacher,2026-07-30,Takashima High School,Private School,Saitama,Toda,2020-09-12,,Active,12,7,0,0,58.33
ASG002287,DUD101471,CLI0184,2025-01-10,2025-08-06,Ended,ALT / English Teacher,55,Three-Month,0,0,Replacement,CAN001174,Jessica,,Lopez,2001-09-16,Non-binary,Canadian,Filipino,Japan,Diploma,Other,C1,N2,Eligible,Teacher,2022-08-23,Takashima Junior High School,English School,Tokyo,Edogawa,2022-06-14,,Active,6,6,0,0,100.0
ASG002288,DUD101471,CLI0222,2025-08-28,,Active,ALT / English Teacher,53,Six-Month,0,0,Client Request,CAN001174,Jessica,,Lopez,2001-09-16,Non-binary,Canadian,Filipino,Japan,Diploma,Other,C1,N2,Eligible,Teacher,2022-08-23,Musashino Elementary School,High School,Kanagawa,Yamato,2022-11-26,,Active,11,9,0,0,81.82
ASG002289,DUD101472,CLI0051,2021-06-28,2022-05-23,Ended,ALT / English Teacher,72,Monthly,0,0,Client Request,CAN001943,Emma,,White,1976-10-18,Female,Japanese,Spanish,Japan,Master's Degree,Psychology,B2,N3,Eligible,Teacher,2025-06-23,Seiwa Junior High School,Private School,Saitama,Warabi,2023-01-03,,Active,11,6,2,0,54.55
ASG002290,DUD101472,CLI0059,2022-06-08,2022-09-15,Ended,ALT / English Teacher,42,Annual,0,0,Client Request,CAN001943,Emma,,White,1976-10-18,Female,Japanese,Spanish,Japan,Master's Degree,Psychology,B2,N3,Eligible,Teacher,2025-06-23,Mirai Education Center,High School,Chiba,Funabashi,2019-04-11,,Active,3,2,0,0,66.67
ASG002291,DUD101472,CLI0255,2022-10-08,,Active,Senior Teacher,44,Annual,0,0,Initial Assignment,CAN001943,Emma,,White,1976-10-18,Female,Japanese,Spanish,Japan,Master's Degree,Psychology,B2,N3,Eligible,Teacher,2025-06-23,Haruka Academy,Education Center,Saitama,Kawaguchi,2020-03-22,,Active,12,11,0,0,91.67
ASG002292,DUD101473,CLI0007,2021-08-09,,Active,ALT / English Teacher,107,Six-Month,0,0,Replacement,CAN000110,Maria,,Lee,1995-02-28,Prefer not to say,American,American,Japan,Bachelor's Degree,Linguistics,C2,,Eligible,Teacher,2024-01-18,Kawaguchi Junior High School,Kindergarten,Chiba,Ichikawa,2022-08-29,,Active,12,10,1,0,83.33
ASG002293,DUD101474,CLI0230,2022-04-14,2022-10-04,Renewed,ALT / English Teacher,82,Six-Month,0,0,Client Request,CAN001283,Juan,,Garcia,1994-08-14,Female,British,Canadian,Japan,Bachelor's Degree,Other,Native,N2,Eligible,Teacher,2022-01-24,Haruka Junior High School,Private School,Tokyo,Ota,2025-09-03,,Active,5,5,0,0,100.0
ASG002294,DUD101474,CLI0196,2022-10-29,2023-05-19,Renewed,ALT / English Teacher,42,Three-Month,0,0,Staffing Demand,CAN001283,Juan,,Garcia,1994-08-14,Female,British,Canadian,Japan,Bachelor's Degree,Other,Native,N2,Eligible,Teacher,2022-01-24,Asahi Education Center,High School,Saitama,Koshigaya,2025-09-29,,Active,6,5,0,0,83.33
ASG002295,DUD101474,CLI0201,2023-06-13,,Active,Experienced Teacher,70,Six-Month,0,0,Transfer,CAN001283,Juan,,Garcia,1994-08-14,Female,British,Canadian,Japan,Bachelor's Degree,Other,Native,N2,Eligible,Teacher,2022-01-24,Haruka Academy,High School,Tokyo,Koganei,2023-10-19,,Active,12,9,0,0,75.0
ASG002296,DUD101475,CLI0036,2023-10-19,2025-02-10,Ended,ALT / English Teacher,104,Annual,0,0,Initial Assignment,CAN001270,John,,Martin,1991-02-15,Female,Canadian,Brazilian,Japan,Associate Degree,English,C2,N1,Eligible,Teacher,2024-07-20,Seiwa International School,Public Junior High School,Tokyo,Ota,2019-06-26,2021-06-29,Inactive,12,10,1,0,83.33
ASG002297,DUD101476,CLI0264,2022-04-06,2022-08-17,Transferred,ALT / English Teacher,69,Monthly,0,0,Transfer,CAN000996,John,,Martin,1987-02-15,Prefer not to say,Mexican,Spanish,Japan,Master's Degree,Business,C2,,Eligible,Teacher,2023-03-16,Musashino Elementary School,Public Elementary School,Chiba,Ichikawa,2023-09-30,,Active,4,3,1,0,75.0
ASG002298,DUD101476,CLI0133,2022-09-10,,Active,ALT / English Teacher,17,Annual,0,0,Replacement,CAN000996,John,,Martin,1987-02-15,Prefer not to say,Mexican,Spanish,Japan,Master's Degree,Business,C2,,Eligible,Teacher,2023-03-16,Hikari Academy,Public Elementary School,Kanagawa,Sagamihara,2020-12-19,,Active,12,10,0,0,83.33
ASG002299,DUD101477,CLI0168,2021-08-23,2022-04-03,Transferred,Senior Teacher,69,Three-Month,0,0,Initial Assignment,CAN001196,Olivia,,Brown,2000-11-22,Female,French,Mexican,Japan,Diploma,Linguistics,Native,Basic,Eligible,Teacher,2022-09-18,Meisei Education Center,Public Junior High School,Kanagawa,Fujisawa,2019-11-11,,Active,7,4,0,0,57.14
ASG002300,DUD101478,CLI0028,2022-08-06,,Active,ALT / English Teacher,70,Annual,0,0,Replacement,CAN000608,Robert,,Wilson,2001-02-03,Non-binary,American,Filipino,Japan,Diploma,Education,Native,Basic,Eligible,Teacher,2022-10-15,Takashima Education Center,Private School,Tokyo,Hachioji,2021-08-21,2023-05-31,Inactive,12,11,1,0,91.67
ASG002301,DUD101479,CLI0156,2023-08-08,2024-08-05,Completed,ALT / English Teacher,83,Three-Month,0,0,Transfer,CAN001108,Diego,,Wilson,2001-12-26,Male,Spanish,Mexican,Japan,Associate Degree,English,B2,N3,Eligible,Teacher,2021-08-22,Musashino Elementary School,Public Elementary School,Chiba,Matsudo,2026-03-30,,Active,12,12,0,0,100.0
ASG002302,DUD101479,CLI0059,2024-08-18,2025-03-11,Completed,ALT / English Teacher,20,Six-Month,0,0,Client Request,CAN001108,Diego,,Wilson,2001-12-26,Male,Spanish,Mexican,Japan,Associate Degree,English,B2,N3,Eligible,Teacher,2021-08-22,Mirai Education Center,High School,Chiba,Funabashi,2019-04-11,,Active,6,6,0,0,100.0
ASG002303,DUD101479,CLI0023,2025-03-22,2026-02-16,Renewed,ALT / English Teacher,38,Annual,0,0,Transfer,CAN001108,Diego,,Wilson,2001-12-26,Male,Spanish,Mexican,Japan,Associate Degree,English,B2,N3,Eligible,Teacher,2021-08-22,Tsubaki Elementary School,English School,Chiba,Funabashi,2020-04-17,,Active,11,8,0,0,72.73
ASG002304,DUD101480,CLI0164,2025-09-13,2026-04-28,Completed,Experienced Teacher,119,Six-Month,0,0,Transfer,CAN000513,Diego,,Wilson,1979-07-17,Female,Japanese,French,Japan,Diploma,Linguistics,C1,N2,Eligible,Teacher,2025-07-15,Midori High School,Education Center,Chiba,Matsudo,2022-05-09,,Active,7,4,1,0,57.14
ASG002305,DUD101480,CLI0219,2026-05-08,,Active,ALT / English Teacher,48,Six-Month,0,0,Client Request,CAN000513,Diego,,Wilson,1979-07-17,Female,Japanese,French,Japan,Diploma,Linguistics,C1,N2,Eligible,Teacher,2025-07-15,Seiwa International School,Public Elementary School,Tokyo,Ota,2024-11-19,,Active,3,2,1,0,66.67
ASG002306,DUD101481,CLI0185,2022-04-27,2023-02-23,Completed,Experienced Teacher,73,Three-Month,0,0,Client Request,CAN000891,Christopher,,Thompson,1992-11-19,Non-binary,Australian,French,Japan,Associate Degree,Other,C1,,Eligible,Teacher,2023-03-27,Asahi High School,Private School,Kanagawa,Yokohama,2024-03-11,,Active,10,9,1,0,90.0
ASG002307,DUD101481,CLI0006,2023-03-05,,Active,Experienced Teacher,48,Six-Month,0,0,Replacement,CAN000891,Christopher,,Thompson,1992-11-19,Non-binary,Australian,French,Japan,Associate Degree,Other,C1,,Eligible,Teacher,2023-03-27,Hikari Academy,High School,Saitama,Koshigaya,2021-11-10,,Active,12,10,0,0,83.33
ASG002308,DUD101482,CLI0158,2025-06-05,2026-09-27,Ended,ALT / English Teacher,69,Annual,0,0,Client Request,CAN000368,Miguel,,Smith,1995-11-23,Prefer not to say,Brazilian,Canadian,Japan,Associate Degree,Other,C1,,Eligible,Teacher,2024-02-20,Meisei High School,Public Elementary School,Kanagawa,Kawasaki,2025-02-15,,Active,12,10,1,0,83.33
ASG002309,DUD101482,CLI0099,2026-10-24,2027-10-02,Transferred,ALT / English Teacher,110,Six-Month,0,0,Replacement,CAN000368,Miguel,,Smith,1995-11-23,Prefer not to say,Brazilian,Canadian,Japan,Associate Degree,Other,C1,,Eligible,Teacher,2024-02-20,Nerima International School,Education Center,Tokyo,Hachioji,2025-12-21,,Active,11,10,1,0,90.91
ASG002310,DUD101483,CLI0171,2025-11-25,2026-08-26,Ended,Trainer,60,Annual,0,0,Client Request,CAN000929,Emily,,Miller,1979-02-15,Non-binary,French,Brazilian,Japan,Master's Degree,Other,C2,N1,Eligible,Teacher,2025-04-01,Midori High School,Kindergarten,Saitama,Koshigaya,2022-10-08,,Active,9,8,0,0,88.89
ASG002311,DUD101483,CLI0024,2026-09-10,2027-01-15,Ended,ALT / English Teacher,93,Three-Month,0,0,Replacement,CAN000929,Emily,,Miller,1979-02-15,Non-binary,French,Brazilian,Japan,Master's Degree,Other,C2,N1,Eligible,Teacher,2025-04-01,Hikari Academy,English School,Tokyo,Edogawa,2023-10-24,2027-03-01,Inactive,4,4,0,0,100.0
ASG002312,DUD101484,CLI0043,2021-03-28,2022-06-08,Completed,ALT / English Teacher,35,Three-Month,0,0,Replacement,CAN001553,Luis,,Moore,2001-10-12,Female,British,French,Japan,Associate Degree,Business,Native,N3,Eligible,Teacher,2023-06-20,Takashima International School,Private School,Tokyo,Koganei,2024-10-23,2027-04-11,Inactive,12,11,0,0,91.67
ASG002313,DUD101484,CLI0090,2022-06-20,,Active,Experienced Teacher,46,Three-Month,0,0,Transfer,CAN001553,Luis,,Moore,2001-10-12,Female,British,French,Japan,Associate Degree,Business,Native,N3,Eligible,Teacher,2023-06-20,Akebono International School,Public Elementary School,Saitama,Koshigaya,2021-11-15,,Active,12,11,0,0,91.67
ASG002314,DUD101485,CLI0048,2023-03-09,,Active,ALT / English Teacher,69,Three-Month,0,0,Transfer,CAN000720,Carlos,,Sanchez,1978-07-20,Female,American,Japanese,Japan,Master's Degree,Education,C1,N2,Eligible,Teacher,2022-12-31,Ota Junior High School,Education Center,Kanagawa,Yokohama,2024-09-12,2026-06-19,Inactive,12,11,0,0,91.67
ASG002315,DUD101486,CLI0025,2025-05-01,,Active,Trainer,27,Monthly,0,0,Client Request,CAN000476,Marco,,King,1990-03-19,Non-binary,Spanish,American,Japan,Bachelor's Degree,Business,C1,N1,Eligible,Teacher,2022-12-26,Tsubaki International School,Private School,Chiba,Funabashi,2023-12-05,,Active,12,10,2,0,83.33
ASG002316,DUD101487,CLI0033,2021-03-23,2021-12-07,Renewed,ALT / English Teacher,106,Six-Month,0,0,Staffing Demand,CAN001217,Sarah,,Lopez,1994-08-11,Female,Japanese,British,Japan,Diploma,Business,C1,N2,Eligible,Teacher,2023-04-03,Haruka International School,English School,Tokyo,Koganei,2026-03-16,,Active,8,6,2,0,75.0
ASG002317,DUD101488,CLI0060,2025-09-19,2026-01-25,Completed,ALT / English Teacher,16,Annual,0,0,Staffing Demand,CAN000006,Laura,,Taylor,1995-12-01,Non-binary,Filipino,French,Japan,Associate Degree,Education,C1,N1,Eligible,Teacher,2023-12-22,Kawaguchi Junior High School,Education Center,Chiba,Kashiwa,2023-08-25,2026-07-21,Inactive,4,3,1,0,75.0
ASG002318,DUD101488,CLI0164,2026-02-03,2026-06-03,Ended,ALT / English Teacher,110,Six-Month,0,0,Transfer,CAN000006,Laura,,Taylor,1995-12-01,Non-binary,Filipino,French,Japan,Associate Degree,Education,C1,N1,Eligible,Teacher,2023-12-22,Midori High School,Education Center,Chiba,Matsudo,2022-05-09,,Active,4,3,1,0,75.0
ASG002319,DUD101489,CLI0143,2023-08-02,2024-05-05,Completed,Experienced Teacher,113,Annual,0,0,Initial Assignment,CAN000651,Maria,,Hernandez,1994-10-26,Prefer not to say,British,Brazilian,Japan,Associate Degree,Education,B2,,Eligible,Teacher,2021-03-22,Kizuna International School,Education Center,Kanagawa,Kawasaki,2022-11-28,,Active,9,7,1,0,77.78
ASG002320,DUD101490,CLI0097,2021-10-18,2022-01-31,Transferred,Experienced Teacher,43,Six-Month,0,0,Staffing Demand,CAN001654,David,,Allen,1987-10-28,Female,Australian,Brazilian,Japan,Master's Degree,Other,C2,N3,Eligible,Teacher,2023-11-05,Sakura International School,High School,Chiba,Ichikawa,2025-02-08,,Active,3,2,0,0,66.67
ASG002321,DUD101490,CLI0213,2022-02-07,2022-05-15,Ended,ALT / English Teacher,116,Three-Month,0,0,Client Request,CAN001654,David,,Allen,1987-10-28,Female,Australian,Brazilian,Japan,Master's Degree,Other,C2,N3,Eligible,Teacher,2023-11-05,Meisei International School,Public Elementary School,Tokyo,Katsushika,2019-11-16,2021-07-11,Inactive,3,3,0,0,100.0
ASG002322,DUD101490,CLI0202,2022-06-10,,Active,Experienced Teacher,108,Three-Month,0,0,Client Request,CAN001654,David,,Allen,1987-10-28,Female,Australian,Brazilian,Japan,Master's Degree,Other,C2,N3,Eligible,Teacher,2023-11-05,Tsubaki Elementary School,High School,Kanagawa,Kawasaki,2023-08-14,,Active,12,9,0,0,75.0
ASG002323,DUD101491,CLI0162,2025-11-21,2026-12-03,Renewed,ALT / English Teacher,76,Three-Month,0,0,Initial Assignment,CAN001510,Michael,,Perez,1983-11-03,Prefer not to say,Canadian,Brazilian,Japan,Master's Degree,Business,Native,N3,Eligible,Teacher,2026-03-10,Kawaguchi High School,Public Elementary School,Kanagawa,Yamato,2025-09-27,,Active,12,11,0,0,91.67
ASG002324,DUD101491,CLI0029,2026-12-19,2028-06-01,Completed,ALT / English Teacher,119,Six-Month,0,0,Staffing Demand,CAN001510,Michael,,Perez,1983-11-03,Prefer not to say,Canadian,Brazilian,Japan,Master's Degree,Business,Native,N3,Eligible,Teacher,2026-03-10,Asahi Education Center,Public Elementary School,Chiba,Matsudo,2022-10-13,,Active,12,9,2,0,75.0
ASG002325,DUD101491,CLI0032,2028-06-26,,Active,Senior Teacher,70,Annual,0,0,Replacement,CAN001510,Michael,,Perez,1983-11-03,Prefer not to say,Canadian,Brazilian,Japan,Master's Degree,Business,Native,N3,Eligible,Teacher,2026-03-10,Midori Junior High School,Public Elementary School,Chiba,Kashiwa,2024-06-08,,Active,1,0,0,0,0.0
ASG002326,DUD101492,CLI0179,2023-11-06,2024-11-17,Renewed,ALT / English Teacher,82,Three-Month,0,0,Staffing Demand,CAN001668,Robert,,Ramirez,1997-10-10,Prefer not to say,Canadian,Filipino,Japan,Diploma,Education,Native,N2,Eligible,Teacher,2023-12-27,Seiwa Junior High School,Public Junior High School,Tokyo,Nerima,2025-03-03,,Active,12,11,1,0,91.67
ASG002327,DUD101492,CLI0047,2024-12-11,2025-05-01,Completed,Senior Teacher,40,Monthly,0,0,Staffing Demand,CAN001668,Robert,,Ramirez,1997-10-10,Prefer not to say,Canadian,Filipino,Japan,Diploma,Education,Native,N2,Eligible,Teacher,2023-12-27,Akebono High School,Kindergarten,Chiba,Ichikawa,2023-03-18,,Active,4,4,0,0,100.0
ASG002328,DUD101492,CLI0112,2025-05-15,,Active,ALT / English Teacher,116,Monthly,0,0,Client Request,CAN001668,Robert,,Ramirez,1997-10-10,Prefer not to say,Canadian,Filipino,Japan,Diploma,Education,Native,N2,Eligible,Teacher,2023-12-27,Seiwa International School,High School,Saitama,Koshigaya,2020-08-13,,Active,12,9,1,0,75.0
ASG002329,DUD101493,CLI0006,2026-01-26,,Active,Experienced Teacher,66,Six-Month,0,0,Replacement,CAN001238,Andres,,Rodriguez,1977-04-22,Female,Brazilian,Australian,Japan,Associate Degree,Other,C2,N2,Eligible,Teacher,2025-07-28,Hikari Academy,High School,Saitama,Koshigaya,2021-11-10,,Active,6,3,2,0,50.0
ASG002330,DUD101494,CLI0246,2023-04-01,2024-07-05,Transferred,Experienced Teacher,25,Annual,0,0,Staffing Demand,CAN001367,Maria,,Martinez,1988-12-22,Male,Canadian,Australian,Japan,Master's Degree,Business,B2,,Eligible,Teacher,2022-01-21,Hikari Junior High School,Private School,Tokyo,Koganei,2019-07-06,,Active,12,10,1,0,83.33
ASG002331,DUD101494,CLI0122,2024-07-16,2025-08-01,Transferred,ALT / English Teacher,78,Annual,0,0,Staffing Demand,CAN001367,Maria,,Martinez,1988-12-22,Male,Canadian,Australian,Japan,Master's Degree,Business,B2,,Eligible,Teacher,2022-01-21,Mirai Education Center,Kindergarten,Saitama,Kawaguchi,2020-09-24,,Active,12,10,1,0,83.33
ASG002332,DUD101495,CLI0087,2024-05-30,2025-04-14,Transferred,Experienced Teacher,53,Annual,0,0,Client Request,CAN001045,Hannah,,King,1994-10-03,Prefer not to say,Filipino,Australian,Japan,Associate Degree,Education,B2,N1,Eligible,Teacher,2025-01-17,Kizuna High School,Public Elementary School,Kanagawa,Yamato,2025-01-04,,Active,10,10,0,0,100.0
ASG002333,DUD101495,CLI0266,2025-05-01,,Active,Experienced Teacher,95,Three-Month,0,0,Client Request,CAN001045,Hannah,,King,1994-10-03,Prefer not to say,Filipino,Australian,Japan,Associate Degree,Education,B2,N1,Eligible,Teacher,2025-01-17,Haruka International School,Kindergarten,Tokyo,Katsushika,2025-11-22,,Active,12,11,1,0,91.67
ASG002334,DUD101496,CLI0150,2022-05-09,,Active,Experienced Teacher,40,Three-Month,0,0,Transfer,CAN001219,Marco,,Anderson,1988-05-15,Prefer not to say,Australian,American,Japan,Diploma,Linguistics,C2,N2,Eligible,Teacher,2022-04-14,Takashima High School,English School,Tokyo,Hachioji,2025-10-12,,Active,12,9,0,0,75.0
ASG002335,DUD101497,CLI0055,2021-11-10,2022-08-29,Transferred,Experienced Teacher,35,Six-Month,0,0,Initial Assignment,CAN001369,Alejandro,,Lee,1982-03-04,Prefer not to say,Australian,Japanese,Japan,Bachelor's Degree,Business,C1,,Eligible,Teacher,2023-04-05,Kita Education Center,Kindergarten,Kanagawa,Sagamihara,2022-04-12,,Active,9,7,2,0,77.78
ASG002336,DUD101497,CLI0282,2022-09-22,2023-03-27,Renewed,Experienced Teacher,49,Annual,0,0,Transfer,CAN001369,Alejandro,,Lee,1982-03-04,Prefer not to say,Australian,Japanese,Japan,Bachelor's Degree,Business,C1,,Eligible,Teacher,2023-04-05,Akebono Education Center,High School,Chiba,Urayasu,2025-09-24,,Active,6,6,0,0,100.0
ASG002337,DUD101498,CLI0001,2022-09-02,2023-01-19,Renewed,Experienced Teacher,111,Six-Month,0,0,Transfer,CAN001181,Marco,,Rodriguez,1990-03-08,Male,Japanese,Mexican,Japan,Bachelor's Degree,Linguistics,Native,N3,Eligible,Teacher,2023-03-22,Takashima Elementary School,High School,Tokyo,Ota,2022-08-18,,Active,4,4,0,0,100.0
ASG002338,DUD101498,CLI0055,2023-01-22,,Active,Experienced Teacher,21,Annual,0,0,Transfer,CAN001181,Marco,,Rodriguez,1990-03-08,Male,Japanese,Mexican,Japan,Bachelor's Degree,Linguistics,Native,N3,Eligible,Teacher,2023-03-22,Kita Education Center,Kindergarten,Kanagawa,Sagamihara,2022-04-12,,Active,12,12,0,0,100.0
ASG002339,DUD101499,CLI0266,2021-09-27,2022-03-04,Ended,Experienced Teacher,61,Annual,0,0,Replacement,CAN000851,Emily,,Brown,2000-05-07,Non-binary,Filipino,Australian,Japan,Master's Degree,Education,C2,N2,Eligible,Teacher,2022-05-09,Haruka International School,Kindergarten,Tokyo,Katsushika,2025-11-22,,Active,5,4,1,0,80.0
ASG002340,DUD101499,CLI0019,2022-03-17,2023-07-28,Completed,ALT / English Teacher,75,Six-Month,0,0,Client Request,CAN000851,Emily,,Brown,2000-05-07,Non-binary,Filipino,Australian,Japan,Master's Degree,Education,C2,N2,Eligible,Teacher,2022-05-09,Haruka Elementary School,Kindergarten,Saitama,Kawaguchi,2022-08-12,,Active,12,8,3,0,66.67
ASG002341,DUD101500,CLI0093,2022-06-06,,Active,ALT / English Teacher,35,Monthly,0,0,Staffing Demand,CAN000223,William,,White,1977-02-07,Female,American,Spanish,Japan,Bachelor's Degree,English,Native,Basic,Eligible,Teacher,2022-01-03,Asahi Academy,Public Elementary School,Chiba,Matsudo,2023-07-08,,Active,12,9,1,0,75.0
