application_id,candidate_id,application_date,position_applied,recruiter_id,screening_date,interview_date,offer_date,offer_response_date,rejection_date,application_status,rejection_reason
APP000001,CAN000079,2023-12-25,Senior Teacher,REC016,2024-01-02,2024-01-14,2024-01-16,2024-01-20,,Hired,
APP000002,CAN001248,2021-09-14,Experienced Teacher,REC006,2021-09-24,,,,2021-10-04,Rejected,Position Filled
APP000003,CAN000119,2021-02-13,Experienced Teacher,REC020,2021-02-16,2021-02-24,2021-02-27,2021-03-06,,Hired,
APP000004,CAN001038,2023-10-06,ALT / English Teacher,REC010,2023-10-07,2023-10-10,2023-10-11,2023-10-18,,Hired,
APP000005,CAN000564,2021-09-20,Senior Teacher,REC015,2021-09-30,2021-10-11,2021-10-12,2021-10-13,,Hired,
APP000006,CAN001612,2026-12-11,Experienced Teacher,REC002,2026-12-19,2027-01-02,2027-01-04,2027-01-11,,Hired,
APP000007,CAN001795,2025-05-12,Experienced Teacher,REC016,2025-05-22,2025-05-31,,,2025-06-05,Rejected,Experience
APP000008,CAN001842,2026-06-23,Senior Teacher,REC025,2026-07-01,,,,,Hired,
APP000009,CAN000172,2023-03-21,Senior Teacher,REC014,2023-03-24,2023-03-29,2023-03-31,2023-04-06,,Hired,
APP000010,CAN000908,2025-01-05,Senior Teacher,REC018,2025-01-07,2025-01-08,2025-01-14,2025-01-15,,Hired,
APP000011,CAN001021,2023-12-15,Experienced Teacher,REC003,,,,,,Withdrawn,
APP000012,CAN001459,2021-02-23,Senior Teacher,REC019,2021-03-02,2021-03-12,2021-03-19,2021-03-22,,Hired,
APP000013,CAN000838,2023-07-12,Senior Teacher,REC002,2023-07-21,2023-08-04,2023-08-08,2023-08-14,,Hired,
APP000014,CAN001372,2022-05-08,Experienced Teacher,REC008,2022-05-12,,,,,Hired,
APP000015,CAN000125,2024-09-02,Senior Teacher,REC004,2024-09-03,2024-09-13,2024-09-22,2024-09-27,,Hired,
APP000016,CAN001186,2023-05-08,ALT / English Teacher,REC004,2023-05-15,2023-05-16,2023-05-18,2023-05-24,,Hired,
APP000017,CAN001160,2025-07-07,Experienced Teacher,REC009,2025-07-09,2025-07-16,2025-07-18,2025-07-21,,Hired,
APP000018,CAN001103,2022-09-19,Experienced Teacher,REC023,2022-09-23,2022-09-24,2022-09-26,2022-09-29,,Hired,
APP000019,CAN001917,2023-11-26,ALT / English Teacher,REC016,2023-12-02,2023-12-06,2023-12-07,2023-12-13,,Hired,
APP000020,CAN001988,2026-03-10,Senior Teacher,REC018,2026-03-18,2026-03-26,,,2026-03-27,Rejected,Availability
APP000021,CAN000998,2025-10-14,Senior Teacher,REC021,2025-10-23,2025-10-25,,,2025-10-23,Rejected,Work Eligibility
APP000022,CAN001488,2022-10-24,Senior Teacher,REC008,2022-10-26,2022-11-06,2022-11-08,2022-11-15,,Hired,
APP000023,CAN000385,2022-10-26,Experienced Teacher,REC010,2022-11-04,2022-11-07,,,2022-11-13,Rejected,Position Filled
APP000024,CAN000132,2023-08-15,Experienced Teacher,REC012,2023-08-23,2023-09-05,,,2023-08-28,Rejected,Availability
APP000025,CAN000207,2024-12-15,Experienced Teacher,REC014,2024-12-19,2024-12-27,2024-12-30,2025-01-02,,Hired,
APP000026,CAN000492,2025-05-17,ALT / English Teacher,REC005,2025-05-20,2025-05-23,,,2025-06-14,Rejected,Interview Result
APP000027,CAN000366,2026-11-19,ALT / English Teacher,REC009,2026-11-23,2026-12-01,,,2026-12-04,Rejected,Work Eligibility
APP000028,CAN001707,2021-12-17,Experienced Teacher,REC017,2021-12-19,,,,,Hired,
APP000029,CAN001552,2023-02-05,Senior Teacher,REC015,2023-02-14,2023-02-21,,,2023-02-26,Rejected,Position Filled
APP000030,CAN001151,2024-09-21,Experienced Teacher,REC003,2024-09-22,2024-09-30,,,,Interviewing,
APP000031,CAN000589,2021-11-24,ALT / English Teacher,REC006,2021-11-26,2021-12-05,2021-12-12,2021-12-16,,Hired,
APP000032,CAN000735,2021-02-09,ALT / English Teacher,REC021,2021-02-10,2021-02-19,2021-02-25,2021-02-27,,Hired,
APP000033,CAN000730,2022-06-28,ALT / English Teacher,REC007,2022-07-06,2022-07-17,2022-07-19,2022-07-21,,Hired,
APP000034,CAN001258,2022-04-02,ALT / English Teacher,REC004,,,,,,Withdrawn,
APP000035,CAN000204,2023-01-03,Senior Teacher,REC008,2023-01-12,2023-01-25,,,2023-01-31,Rejected,Language Requirements
APP000036,CAN000531,2023-07-20,Senior Teacher,REC014,2023-07-23,2023-07-29,2023-08-06,2023-08-13,,Hired,
APP000037,CAN001940,2026-12-28,Experienced Teacher,REC021,2027-01-03,2027-01-13,2027-01-17,2027-01-21,,Hired,
APP000038,CAN001706,2024-01-17,ALT / English Teacher,REC015,,,,,,Withdrawn,
APP000039,CAN000067,2025-03-25,ALT / English Teacher,REC004,2025-03-27,2025-04-04,,,,Interviewing,
APP000040,CAN000041,2026-05-23,ALT / English Teacher,REC011,2026-06-01,2026-06-09,,,2026-06-19,Rejected,Experience
APP000041,CAN000750,2021-07-03,Experienced Teacher,REC002,2021-07-12,2021-07-23,2021-07-25,2021-08-01,,Hired,
APP000042,CAN001393,2021-04-24,ALT / English Teacher,REC012,2021-05-03,2021-05-10,,,2021-05-22,Rejected,Work Eligibility
APP000043,CAN001435,2025-06-12,Senior Teacher,REC001,2025-06-19,2025-06-27,2025-06-29,2025-06-30,,Hired,
APP000044,CAN000121,2021-07-09,ALT / English Teacher,REC004,2021-07-18,2021-07-24,2021-08-01,2021-08-04,,Hired,
APP000045,CAN001924,2026-07-10,Experienced Teacher,REC003,,,,,,Withdrawn,
APP000046,CAN000724,2021-12-07,ALT / English Teacher,REC016,2021-12-14,2021-12-24,,,2021-12-24,Rejected,Availability
APP000047,CAN000732,2025-03-04,Experienced Teacher,REC009,2025-03-11,2025-03-15,2025-03-25,2025-03-31,,Hired,
APP000048,CAN001013,2026-07-04,Senior Teacher,REC017,2026-07-10,2026-07-23,,,,Interviewing,
APP000049,CAN001047,2026-08-25,Experienced Teacher,REC025,2026-09-02,2026-09-15,,,2026-09-23,Rejected,Language Requirements
APP000050,CAN000825,2021-01-21,ALT / English Teacher,REC010,,,,,,Withdrawn,
APP000051,CAN000390,2026-06-28,Experienced Teacher,REC019,2026-07-04,2026-07-14,,,2026-07-17,Rejected,Position Filled
APP000052,CAN000016,2023-11-08,Senior Teacher,REC006,2023-11-13,2023-11-25,,,2023-11-11,Rejected,Work Eligibility
APP000053,CAN000125,2023-12-28,ALT / English Teacher,REC021,2023-12-30,2024-01-11,2024-01-17,2024-01-20,,Hired,
APP000054,CAN000471,2021-11-26,ALT / English Teacher,REC006,2021-12-01,2021-12-09,2021-12-18,2021-12-25,,Hired,
APP000055,CAN000190,2024-05-18,ALT / English Teacher,REC012,2024-05-28,2024-06-11,,,2024-06-10,Rejected,Availability
APP000056,CAN001262,2024-11-12,Senior Teacher,REC016,,,,,,Withdrawn,
APP000057,CAN001212,2021-02-05,ALT / English Teacher,REC021,2021-02-12,2021-02-17,2021-02-18,2021-02-22,,Hired,
APP000058,CAN000937,2025-12-23,Senior Teacher,REC012,2026-01-02,,,,,Interviewing,
APP000059,CAN000646,2026-10-01,Senior Teacher,REC011,2026-10-05,,,,,Hired,
APP000060,CAN000190,2026-09-27,Senior Teacher,REC006,2026-09-28,2026-10-03,,,,Interviewing,
APP000061,CAN000496,2022-07-18,ALT / English Teacher,REC011,2022-07-25,,,,2022-07-28,Rejected,Language Requirements
APP000062,CAN000472,2024-02-10,Senior Teacher,REC011,2024-02-12,,,,,Hired,
APP000063,CAN000255,2024-01-01,ALT / English Teacher,REC024,2024-01-07,2024-01-08,2024-01-15,2024-01-20,,Hired,
APP000064,CAN001171,2023-01-02,Senior Teacher,REC025,2023-01-04,2023-01-07,,,2023-01-06,Rejected,Language Requirements
APP000065,CAN001167,2024-06-03,ALT / English Teacher,REC015,2024-06-07,2024-06-12,,,,Interviewing,
APP000066,CAN000198,2022-06-23,Senior Teacher,REC022,2022-07-01,2022-07-15,,,,Interviewing,
APP000067,CAN001320,2023-11-12,ALT / English Teacher,REC012,2023-11-14,2023-11-19,,,,Interviewing,
APP000068,CAN001255,2024-08-19,ALT / English Teacher,REC004,2024-08-29,,,,,Interviewing,
APP000069,CAN000786,2023-04-14,ALT / English Teacher,REC012,2023-04-17,2023-04-29,,,2023-05-06,Rejected,Work Eligibility
APP000070,CAN001908,2026-03-01,Experienced Teacher,REC014,2026-03-02,2026-03-09,,,2026-03-14,Rejected,Interview Result
APP000071,CAN000362,2024-09-02,Senior Teacher,REC024,2024-09-03,2024-09-15,2024-09-20,2024-09-25,,Hired,
APP000072,CAN000911,2023-03-26,Senior Teacher,REC018,2023-03-30,2023-04-06,,,,Interviewing,
APP000073,CAN001778,2025-10-12,Experienced Teacher,REC010,2025-10-21,,,,2025-10-27,Rejected,Experience
APP000074,CAN001925,2023-11-05,Senior Teacher,REC020,2023-11-13,,,,,Hired,
APP000075,CAN001709,2021-10-06,ALT / English Teacher,REC022,2021-10-15,2021-10-16,,,2021-10-27,Rejected,Availability
APP000076,CAN000334,2025-01-13,ALT / English Teacher,REC020,2025-01-20,2025-01-23,,,,Interviewing,
APP000077,CAN000901,2025-04-03,Experienced Teacher,REC009,2025-04-12,2025-04-14,2025-04-16,2025-04-18,,Hired,
APP000078,CAN001376,2024-05-17,Experienced Teacher,REC023,2024-05-23,2024-05-25,2024-05-27,2024-05-28,,Hired,
APP000079,CAN000174,2026-10-08,ALT / English Teacher,REC001,2026-10-09,2026-10-14,2026-10-21,2026-10-28,,Hired,
APP000080,CAN000251,2022-06-27,ALT / English Teacher,REC009,2022-07-05,2022-07-10,,,2022-07-26,Rejected,Availability
APP000081,CAN000164,2024-12-01,ALT / English Teacher,REC009,2024-12-07,,,,,Hired,
APP000082,CAN000813,2024-12-23,Experienced Teacher,REC004,2024-12-24,,,,2025-01-09,Rejected,Availability
APP000083,CAN001324,2025-02-02,Experienced Teacher,REC004,2025-02-08,2025-02-22,,,2025-02-11,Rejected,Position Filled
APP000084,CAN001214,2022-12-25,ALT / English Teacher,REC006,2023-01-04,2023-01-17,,,2023-01-08,Rejected,Position Filled
APP000085,CAN000051,2022-02-27,Senior Teacher,REC001,2022-03-06,2022-03-07,,,,Interviewing,
APP000086,CAN000937,2026-12-26,Experienced Teacher,REC004,2026-12-29,2027-01-02,,,,Interviewing,
APP000087,CAN000773,2021-01-10,Experienced Teacher,REC021,2021-01-16,2021-01-30,2021-02-02,2021-02-08,,Hired,
APP000088,CAN001990,2022-08-02,Senior Teacher,REC007,2022-08-10,2022-08-16,2022-08-20,2022-08-25,,Hired,
APP000089,CAN001758,2024-06-18,Senior Teacher,REC017,2024-06-27,,,,2024-07-07,Rejected,Availability
APP000090,CAN000224,2025-07-23,ALT / English Teacher,REC008,2025-08-02,,,,2025-08-18,Rejected,Availability
APP000091,CAN001820,2023-06-16,ALT / English Teacher,REC020,,,,,,Withdrawn,
APP000092,CAN000063,2026-08-01,Experienced Teacher,REC014,2026-08-09,2026-08-18,,,2026-08-27,Rejected,Availability
APP000093,CAN001312,2024-05-02,ALT / English Teacher,REC004,2024-05-03,2024-05-10,,,2024-05-23,Rejected,Work Eligibility
APP000094,CAN000002,2022-05-16,ALT / English Teacher,REC003,2022-05-22,2022-05-26,,,,Interviewing,
APP000095,CAN001041,2023-06-03,Experienced Teacher,REC006,2023-06-05,2023-06-08,,,2023-06-21,Rejected,Availability
APP000096,CAN001603,2025-11-06,Senior Teacher,REC011,,,,,,Withdrawn,
APP000097,CAN001718,2021-01-01,Experienced Teacher,REC020,2021-01-07,2021-01-09,2021-01-11,2021-01-18,,Hired,
APP000098,CAN000422,2026-09-27,Senior Teacher,REC018,2026-09-29,,,,,Interviewing,
APP000099,CAN000874,2025-04-27,Senior Teacher,REC014,2025-05-03,2025-05-08,2025-05-17,2025-05-18,,Hired,
APP000100,CAN000778,2022-01-01,Senior Teacher,REC002,2022-01-03,2022-01-05,,,2022-01-22,Rejected,Experience
APP000101,CAN000940,2021-10-08,ALT / English Teacher,REC001,,,,,,Withdrawn,
APP000102,CAN000080,2025-08-06,ALT / English Teacher,REC014,2025-08-09,2025-08-18,2025-08-24,2025-08-26,,Hired,
APP000103,CAN001648,2022-09-09,Senior Teacher,REC018,2022-09-18,2022-09-29,,,,Interviewing,
APP000104,CAN000486,2024-07-04,ALT / English Teacher,REC013,2024-07-10,2024-07-20,,,,Interviewing,
APP000105,CAN000566,2026-07-23,Experienced Teacher,REC012,2026-07-28,2026-07-30,2026-08-02,2026-08-09,,Hired,
APP000106,CAN000093,2021-08-10,ALT / English Teacher,REC018,2021-08-11,2021-08-21,,,,Interviewing,
APP000107,CAN001111,2024-06-02,Experienced Teacher,REC019,2024-06-08,2024-06-15,2024-06-18,2024-06-23,,Hired,
APP000108,CAN001549,2026-09-02,ALT / English Teacher,REC007,2026-09-07,,,,,Hired,
APP000109,CAN001197,2022-01-19,Senior Teacher,REC001,2022-01-26,2022-02-09,,,,Interviewing,
APP000110,CAN000786,2021-04-01,Senior Teacher,REC001,,,,,,Withdrawn,
APP000111,CAN000126,2026-09-06,Senior Teacher,REC003,2026-09-14,2026-09-18,2026-09-19,2026-09-22,,Hired,
APP000112,CAN000521,2023-02-22,ALT / English Teacher,REC010,2023-03-02,2023-03-03,2023-03-08,2023-03-14,,Hired,
APP000113,CAN000174,2024-05-11,Experienced Teacher,REC015,2024-05-14,2024-05-22,2024-06-01,2024-06-04,,Hired,
APP000114,CAN000184,2026-10-19,Experienced Teacher,REC008,2026-10-25,2026-10-30,2026-11-04,2026-11-05,,Hired,
APP000115,CAN000484,2025-11-18,Experienced Teacher,REC017,2025-11-21,,,,,Hired,
APP000116,CAN000655,2021-07-02,ALT / English Teacher,REC009,2021-07-07,2021-07-19,2021-07-27,2021-08-03,,Hired,
APP000117,CAN000256,2026-12-15,Experienced Teacher,REC014,2026-12-20,2026-12-31,2027-01-01,2027-01-04,,Hired,
APP000118,CAN001437,2022-06-26,Experienced Teacher,REC018,2022-06-30,2022-07-10,,,,Interviewing,
APP000119,CAN001272,2025-09-17,Senior Teacher,REC022,2025-09-27,2025-10-03,,,2025-09-22,Rejected,Availability
APP000120,CAN001097,2024-01-01,Senior Teacher,REC015,2024-01-06,2024-01-08,2024-01-12,2024-01-13,,Hired,
APP000121,CAN000201,2023-08-09,Experienced Teacher,REC024,2023-08-13,2023-08-21,,,2023-08-23,Rejected,Position Filled
APP000122,CAN000939,2026-08-27,Experienced Teacher,REC012,2026-09-04,2026-09-17,2026-09-27,2026-10-01,,Hired,
APP000123,CAN001954,2022-05-01,ALT / English Teacher,REC003,,,,,,Withdrawn,
APP000124,CAN000291,2025-01-15,Senior Teacher,REC003,2025-01-22,2025-02-01,,,,Interviewing,
APP000125,CAN001013,2021-12-09,Experienced Teacher,REC010,2021-12-12,2021-12-15,,,,Interviewing,
APP000126,CAN001740,2023-04-09,ALT / English Teacher,REC022,2023-04-16,2023-04-28,2023-05-07,2023-05-09,,Hired,
APP000127,CAN001151,2022-11-28,Senior Teacher,REC001,2022-12-04,2022-12-10,2022-12-11,2022-12-12,,Hired,
APP000128,CAN000212,2024-06-26,Experienced Teacher,REC023,2024-06-28,2024-07-02,,,,Interviewing,
APP000129,CAN000408,2024-10-10,Experienced Teacher,REC018,2024-10-16,,,,,Interviewing,
APP000130,CAN000945,2026-10-23,ALT / English Teacher,REC015,2026-10-29,2026-11-10,2026-11-19,2026-11-20,,Hired,
APP000131,CAN001897,2024-09-23,Experienced Teacher,REC012,2024-10-01,,,,2024-10-09,Rejected,Work Eligibility
APP000132,CAN000711,2024-01-24,Senior Teacher,REC024,2024-02-01,2024-02-15,,,2024-02-10,Rejected,Experience
APP000133,CAN000776,2021-06-09,Senior Teacher,REC006,2021-06-10,2021-06-22,2021-06-28,2021-07-04,,Hired,
APP000134,CAN000374,2022-05-24,ALT / English Teacher,REC025,2022-05-29,2022-06-10,,,2022-06-16,Rejected,Language Requirements
APP000135,CAN000630,2024-10-13,ALT / English Teacher,REC008,,,,,,Withdrawn,
APP000136,CAN001808,2021-03-24,Senior Teacher,REC001,2021-03-28,2021-04-01,,,2021-04-21,Rejected,Experience
APP000137,CAN001703,2023-06-17,Senior Teacher,REC009,2023-06-20,2023-07-03,2023-07-06,2023-07-10,,Hired,
APP000138,CAN000799,2023-09-20,Senior Teacher,REC024,2023-09-22,2023-10-01,,,2023-10-14,Rejected,Availability
APP000139,CAN001045,2025-06-03,Experienced Teacher,REC003,,,,,,Withdrawn,
APP000140,CAN000173,2026-10-09,Senior Teacher,REC010,2026-10-13,,,,2026-10-28,Rejected,Availability
APP000141,CAN000232,2024-10-22,Senior Teacher,REC012,2024-10-26,2024-10-27,2024-10-31,2024-11-03,,Hired,
APP000142,CAN001183,2025-02-22,ALT / English Teacher,REC007,2025-02-25,2025-03-05,2025-03-10,2025-03-17,,Hired,
APP000143,CAN000784,2023-05-02,ALT / English Teacher,REC007,2023-05-09,,,,,Interviewing,
APP000144,CAN001523,2025-09-04,ALT / English Teacher,REC023,2025-09-14,2025-09-17,,,2025-09-25,Rejected,Interview Result
APP000145,CAN001350,2021-04-02,ALT / English Teacher,REC013,2021-04-04,2021-04-18,2021-04-25,2021-05-01,,Hired,
APP000146,CAN001753,2022-10-21,Senior Teacher,REC016,,,,,,Withdrawn,
APP000147,CAN000727,2022-09-06,Experienced Teacher,REC007,2022-09-16,,,,,Hired,
APP000148,CAN001178,2021-08-05,Senior Teacher,REC009,2021-08-14,,,,,Hired,
APP000149,CAN001368,2021-11-18,Senior Teacher,REC013,2021-11-21,2021-12-01,,,2021-11-22,Rejected,Experience
APP000150,CAN001841,2022-03-25,ALT / English Teacher,REC006,2022-03-26,2022-03-27,,,2022-03-31,Rejected,Interview Result
APP000151,CAN000188,2022-08-24,Senior Teacher,REC012,2022-08-31,2022-09-12,,,,Interviewing,
APP000152,CAN001712,2021-09-20,Experienced Teacher,REC018,2021-09-25,2021-10-04,2021-10-08,2021-10-14,,Hired,
APP000153,CAN001428,2026-04-21,Experienced Teacher,REC011,2026-04-30,2026-05-06,2026-05-13,2026-05-20,,Hired,
APP000154,CAN000907,2021-12-19,Senior Teacher,REC014,2021-12-28,2022-01-08,,,2021-12-27,Rejected,Language Requirements
APP000155,CAN001955,2026-10-08,ALT / English Teacher,REC023,2026-10-16,2026-10-23,2026-10-29,2026-11-05,,Hired,
APP000156,CAN001421,2025-12-16,Senior Teacher,REC021,2025-12-23,,,,,Hired,
APP000157,CAN000216,2023-10-20,Senior Teacher,REC015,2023-10-30,,,,,Hired,
APP000158,CAN000519,2023-08-10,Experienced Teacher,REC010,2023-08-15,2023-08-21,2023-08-31,2023-09-02,,Hired,
APP000159,CAN000136,2025-02-06,ALT / English Teacher,REC012,2025-02-10,2025-02-13,,,2025-02-21,Rejected,Work Eligibility
APP000160,CAN001651,2023-04-28,Experienced Teacher,REC009,2023-04-30,2023-05-12,2023-05-17,2023-05-21,,Hired,
APP000161,CAN001155,2024-07-05,ALT / English Teacher,REC013,2024-07-12,2024-07-16,,,,Interviewing,
APP000162,CAN000557,2024-05-07,Experienced Teacher,REC020,2024-05-12,2024-05-24,2024-05-27,2024-05-29,,Hired,
APP000163,CAN001923,2024-06-04,ALT / English Teacher,REC013,2024-06-11,2024-06-22,,,2024-06-10,Rejected,Work Eligibility
APP000164,CAN000710,2024-08-17,ALT / English Teacher,REC009,2024-08-21,2024-08-30,,,2024-09-02,Rejected,Interview Result
APP000165,CAN001364,2024-03-16,Senior Teacher,REC019,2024-03-22,2024-04-05,2024-04-11,2024-04-15,,Hired,
APP000166,CAN000726,2021-06-10,ALT / English Teacher,REC004,2021-06-20,2021-06-28,2021-07-02,2021-07-03,,Hired,
APP000167,CAN000718,2025-05-07,Experienced Teacher,REC008,,,,,,Withdrawn,
APP000168,CAN000989,2021-02-28,ALT / English Teacher,REC022,2021-03-08,2021-03-17,,,2021-03-06,Rejected,Experience
APP000169,CAN001654,2024-04-10,Experienced Teacher,REC014,2024-04-12,2024-04-14,2024-04-16,2024-04-17,,Hired,
APP000170,CAN001678,2024-05-11,Senior Teacher,REC021,2024-05-19,2024-06-02,,,,Interviewing,
APP000171,CAN001717,2021-01-01,Experienced Teacher,REC001,2021-01-10,,,,,Interviewing,
APP000172,CAN001614,2023-08-25,Experienced Teacher,REC006,2023-09-01,2023-09-04,2023-09-09,2023-09-14,,Hired,
APP000173,CAN000438,2024-10-26,ALT / English Teacher,REC022,2024-10-31,2024-11-14,,,2024-11-20,Rejected,Position Filled
APP000174,CAN001809,2023-08-18,Experienced Teacher,REC013,2023-08-21,2023-08-30,2023-08-31,2023-09-05,,Hired,
APP000175,CAN001364,2021-12-14,ALT / English Teacher,REC015,2021-12-24,2021-12-29,2022-01-03,2022-01-09,,Hired,
APP000176,CAN000592,2023-03-27,Senior Teacher,REC025,2023-04-04,2023-04-16,2023-04-20,2023-04-23,,Hired,
APP000177,CAN000074,2021-02-21,Experienced Teacher,REC020,2021-03-03,,,,2021-03-14,Rejected,Position Filled
APP000178,CAN001877,2025-01-26,Senior Teacher,REC022,2025-02-04,2025-02-11,,,2025-02-16,Rejected,Experience
APP000179,CAN001836,2024-01-21,Senior Teacher,REC007,,,,,,Withdrawn,
APP000180,CAN001302,2022-12-11,Experienced Teacher,REC025,2022-12-18,2022-12-23,,,,Interviewing,
APP000181,CAN001269,2022-11-06,Experienced Teacher,REC013,2022-11-11,2022-11-14,2022-11-21,2022-11-23,,Hired,
APP000182,CAN001295,2021-01-26,Senior Teacher,REC007,2021-01-30,2021-01-31,,,2021-02-02,Rejected,Position Filled
APP000183,CAN001567,2022-12-07,ALT / English Teacher,REC022,2022-12-11,2022-12-23,2022-12-26,2022-12-28,,Hired,
APP000184,CAN001029,2022-07-08,ALT / English Teacher,REC011,2022-07-09,,,,,Hired,
APP000185,CAN001216,2024-08-18,Experienced Teacher,REC011,2024-08-28,2024-09-11,2024-09-21,2024-09-26,,Hired,
APP000186,CAN000852,2024-08-27,Senior Teacher,REC023,2024-08-29,2024-09-09,,,2024-09-12,Rejected,Work Eligibility
APP000187,CAN001871,2025-03-21,Experienced Teacher,REC007,2025-03-30,2025-04-11,,,,Interviewing,
APP000188,CAN000966,2022-11-28,ALT / English Teacher,REC014,2022-12-01,2022-12-09,2022-12-12,2022-12-13,,Hired,
APP000189,CAN000483,2024-09-27,Senior Teacher,REC016,,,,,,Withdrawn,
APP000190,CAN000400,2024-02-25,Experienced Teacher,REC017,2024-02-26,2024-03-05,2024-03-06,2024-03-11,,Hired,
APP000191,CAN001952,2022-05-07,Experienced Teacher,REC014,2022-05-13,2022-05-24,2022-05-29,2022-06-02,,Hired,
APP000192,CAN000366,2022-06-21,Experienced Teacher,REC003,2022-06-30,2022-07-01,2022-07-02,2022-07-09,,Hired,
APP000193,CAN001271,2025-06-01,Senior Teacher,REC014,2025-06-10,2025-06-13,,,2025-06-28,Rejected,Interview Result
APP000194,CAN001526,2021-06-06,Experienced Teacher,REC006,2021-06-16,2021-06-24,2021-07-04,2021-07-08,,Hired,
APP000195,CAN001208,2021-06-12,Experienced Teacher,REC023,2021-06-18,,,,2021-07-02,Rejected,Position Filled
APP000196,CAN001169,2026-03-03,ALT / English Teacher,REC009,2026-03-05,2026-03-16,2026-03-25,2026-03-31,,Hired,
APP000197,CAN001527,2026-03-19,Experienced Teacher,REC021,2026-03-28,2026-03-30,2026-04-09,2026-04-11,,Hired,
APP000198,CAN000076,2026-04-22,ALT / English Teacher,REC013,2026-04-27,2026-05-07,,,2026-04-26,Rejected,Work Eligibility
APP000199,CAN001845,2023-04-22,ALT / English Teacher,REC009,2023-05-01,,,,2023-05-10,Rejected,Interview Result
APP000200,CAN000206,2022-12-21,ALT / English Teacher,REC011,2022-12-31,2023-01-10,,,2023-01-07,Rejected,Work Eligibility
APP000201,CAN001937,2023-06-02,Senior Teacher,REC021,2023-06-11,,,,,Interviewing,
APP000202,CAN001953,2026-02-20,ALT / English Teacher,REC016,2026-03-02,2026-03-14,,,2026-03-08,Rejected,Work Eligibility
APP000203,CAN000349,2021-05-21,Senior Teacher,REC013,2021-05-30,,,,,Hired,
APP000204,CAN000082,2023-09-21,Senior Teacher,REC015,,,,,,Withdrawn,
APP000205,CAN000075,2026-12-18,Experienced Teacher,REC002,2026-12-26,2026-12-29,,,2027-01-04,Rejected,Work Eligibility
APP000206,CAN001204,2024-04-06,ALT / English Teacher,REC025,2024-04-09,2024-04-12,,,2024-04-19,Rejected,Experience
APP000207,CAN001713,2023-05-22,Senior Teacher,REC011,2023-05-29,2023-06-06,,,2023-05-25,Rejected,Work Eligibility
APP000208,CAN000324,2024-10-18,Experienced Teacher,REC013,2024-10-21,2024-11-02,2024-11-11,2024-11-18,,Hired,
APP000209,CAN000130,2023-04-03,Senior Teacher,REC019,2023-04-06,2023-04-12,2023-04-18,2023-04-21,,Hired,
APP000210,CAN000880,2023-12-03,ALT / English Teacher,REC022,2023-12-12,2023-12-24,,,2023-12-22,Rejected,Availability
APP000211,CAN001469,2023-06-27,Experienced Teacher,REC003,2023-06-28,,,,,Hired,
APP000212,CAN001511,2023-11-15,ALT / English Teacher,REC007,2023-11-17,2023-11-27,,,2023-11-18,Rejected,Language Requirements
APP000213,CAN001721,2025-02-20,Experienced Teacher,REC023,2025-02-21,2025-03-07,,,2025-02-25,Rejected,Interview Result
APP000214,CAN001197,2026-06-02,ALT / English Teacher,REC016,,,,,,Withdrawn,
APP000215,CAN001743,2023-08-18,Senior Teacher,REC020,2023-08-23,,,,,Hired,
APP000216,CAN000618,2021-06-15,ALT / English Teacher,REC012,2021-06-21,2021-07-03,,,2021-06-22,Rejected,Interview Result
APP000217,CAN001062,2021-05-16,Experienced Teacher,REC018,,,,,,Withdrawn,
APP000218,CAN001313,2022-09-28,Senior Teacher,REC007,2022-09-30,,,,2022-10-02,Rejected,Availability
APP000219,CAN001232,2026-08-08,Senior Teacher,REC013,2026-08-15,2026-08-22,,,2026-08-24,Rejected,Availability
APP000220,CAN000750,2025-08-19,Experienced Teacher,REC014,,,,,,Withdrawn,
APP000221,CAN001200,2024-11-09,Senior Teacher,REC018,2024-11-17,2024-11-22,2024-11-30,2024-12-07,,Hired,
APP000222,CAN000230,2026-05-26,Experienced Teacher,REC009,,,,,,Withdrawn,
APP000223,CAN001203,2022-07-22,Experienced Teacher,REC020,2022-07-24,,,,,Interviewing,
APP000224,CAN000585,2024-07-01,Experienced Teacher,REC010,2024-07-07,2024-07-11,2024-07-16,2024-07-22,,Hired,
APP000225,CAN001731,2023-05-09,ALT / English Teacher,REC025,2023-05-14,2023-05-20,,,2023-05-24,Rejected,Position Filled
APP000226,CAN000349,2025-01-27,Senior Teacher,REC015,2025-02-01,2025-02-07,,,2025-02-12,Rejected,Experience
APP000227,CAN001615,2023-02-04,ALT / English Teacher,REC017,2023-02-13,2023-02-15,2023-02-19,2023-02-22,,Hired,
APP000228,CAN001628,2021-10-15,ALT / English Teacher,REC015,2021-10-24,2021-11-05,2021-11-11,2021-11-16,,Hired,
APP000229,CAN000589,2022-02-17,ALT / English Teacher,REC019,2022-02-24,2022-02-26,2022-03-06,2022-03-08,,Hired,
APP000230,CAN001398,2022-02-06,Senior Teacher,REC004,2022-02-12,2022-02-14,2022-02-23,2022-02-25,,Hired,
APP000231,CAN001390,2022-05-01,Experienced Teacher,REC003,2022-05-11,2022-05-20,,,2022-05-18,Rejected,Work Eligibility
APP000232,CAN000667,2024-05-09,ALT / English Teacher,REC010,2024-05-16,2024-05-23,,,2024-06-01,Rejected,Experience
APP000233,CAN000572,2026-07-26,ALT / English Teacher,REC023,2026-08-02,2026-08-14,2026-08-16,2026-08-19,,Hired,
APP000234,CAN001986,2024-02-17,ALT / English Teacher,REC002,2024-02-26,2024-03-04,2024-03-13,2024-03-17,,Hired,
APP000235,CAN001474,2023-08-16,ALT / English Teacher,REC006,2023-08-20,2023-08-22,2023-08-31,2023-09-07,,Hired,
APP000236,CAN001952,2023-04-26,Experienced Teacher,REC003,2023-04-27,2023-05-06,,,,Interviewing,
APP000237,CAN001057,2023-05-13,Experienced Teacher,REC011,2023-05-16,2023-05-23,,,2023-05-30,Rejected,Language Requirements
APP000238,CAN001736,2023-03-21,ALT / English Teacher,REC014,2023-03-22,,,,,Hired,
APP000239,CAN000635,2021-03-11,ALT / English Teacher,REC021,2021-03-15,2021-03-27,2021-04-06,2021-04-08,,Hired,
APP000240,CAN000243,2026-10-08,Senior Teacher,REC005,2026-10-11,,,,,Hired,
APP000241,CAN000748,2024-10-18,Senior Teacher,REC002,2024-10-24,2024-10-29,2024-11-05,2024-11-08,,Hired,
APP000242,CAN001977,2022-03-21,Experienced Teacher,REC020,2022-03-31,2022-04-04,2022-04-12,2022-04-16,,Hired,
APP000243,CAN001911,2023-12-14,Experienced Teacher,REC007,2023-12-23,2023-12-30,2024-01-07,2024-01-08,,Hired,
APP000244,CAN001776,2024-08-15,Experienced Teacher,REC004,2024-08-18,2024-08-28,2024-08-29,2024-09-04,,Hired,
APP000245,CAN000788,2021-04-22,ALT / English Teacher,REC011,2021-04-28,2021-05-01,,,2021-05-20,Rejected,Position Filled
APP000246,CAN001957,2025-03-16,Experienced Teacher,REC012,2025-03-19,2025-03-26,2025-03-28,2025-04-02,,Hired,
APP000247,CAN001312,2023-04-27,Experienced Teacher,REC014,2023-04-28,2023-04-30,,,,Interviewing,
APP000248,CAN001285,2025-06-21,Experienced Teacher,REC019,2025-06-23,,,,,Hired,
APP000249,CAN001083,2023-05-22,Senior Teacher,REC002,2023-05-23,2023-05-31,,,2023-06-12,Rejected,Experience
APP000250,CAN000745,2024-10-10,ALT / English Teacher,REC012,2024-10-13,2024-10-24,,,2024-10-29,Rejected,Position Filled
APP000251,CAN000871,2026-12-28,Experienced Teacher,REC020,2027-01-04,2027-01-13,,,2027-01-24,Rejected,Availability
APP000252,CAN000349,2023-02-05,ALT / English Teacher,REC020,2023-02-10,2023-02-19,2023-02-23,2023-02-25,,Hired,
APP000253,CAN001459,2021-12-21,ALT / English Teacher,REC024,2021-12-23,2021-12-29,,,2022-01-02,Rejected,Interview Result
APP000254,CAN000435,2021-11-17,Senior Teacher,REC021,2021-11-23,2021-11-26,,,2021-12-03,Rejected,Availability
APP000255,CAN001285,2023-07-10,Senior Teacher,REC005,2023-07-19,2023-07-31,,,2023-07-29,Rejected,Interview Result
APP000256,CAN000380,2024-06-22,Senior Teacher,REC024,2024-06-23,2024-06-27,2024-06-28,2024-07-03,,Hired,
APP000257,CAN001934,2024-03-23,ALT / English Teacher,REC014,2024-03-24,2024-04-07,2024-04-15,2024-04-20,,Hired,
APP000258,CAN000845,2022-09-14,Senior Teacher,REC012,,,,,,Withdrawn,
APP000259,CAN001936,2026-05-01,Experienced Teacher,REC014,2026-05-09,2026-05-12,2026-05-16,2026-05-18,,Hired,
APP000260,CAN000902,2025-11-13,Senior Teacher,REC011,,,,,,Withdrawn,
APP000261,CAN001112,2025-06-25,Senior Teacher,REC022,2025-07-05,2025-07-14,2025-07-24,2025-07-28,,Hired,
APP000262,CAN000512,2024-06-12,Senior Teacher,REC008,2024-06-13,2024-06-25,,,2024-06-16,Rejected,Availability
APP000263,CAN000768,2023-06-11,Experienced Teacher,REC011,2023-06-18,,,,,Interviewing,
APP000264,CAN001791,2024-05-25,Senior Teacher,REC024,2024-06-04,2024-06-09,,,2024-06-10,Rejected,Experience
APP000265,CAN001808,2021-03-25,Experienced Teacher,REC013,2021-04-03,2021-04-10,2021-04-14,2021-04-19,,Hired,
APP000266,CAN001852,2021-10-02,ALT / English Teacher,REC021,2021-10-03,2021-10-12,,,2021-10-13,Rejected,Work Eligibility
APP000267,CAN000616,2022-11-02,ALT / English Teacher,REC012,2022-11-10,2022-11-22,2022-11-27,2022-12-04,,Hired,
APP000268,CAN000406,2024-02-09,Experienced Teacher,REC012,2024-02-18,2024-03-03,,,2024-03-08,Rejected,Position Filled
APP000269,CAN000293,2021-07-27,ALT / English Teacher,REC005,2021-07-28,2021-08-09,2021-08-12,2021-08-17,,Hired,
APP000270,CAN001005,2023-07-26,Experienced Teacher,REC018,2023-08-02,2023-08-15,2023-08-22,2023-08-29,,Hired,
APP000271,CAN000257,2022-08-07,Experienced Teacher,REC002,2022-08-13,2022-08-14,2022-08-19,2022-08-21,,Hired,
APP000272,CAN001032,2023-05-08,Experienced Teacher,REC013,2023-05-16,2023-05-18,,,2023-06-03,Rejected,Interview Result
APP000273,CAN000144,2026-03-04,ALT / English Teacher,REC005,,,,,,Withdrawn,
APP000274,CAN001782,2021-05-11,Experienced Teacher,REC002,,,,,,Withdrawn,
APP000275,CAN001128,2026-04-24,Experienced Teacher,REC001,2026-04-29,2026-05-06,2026-05-16,2026-05-20,,Hired,
APP000276,CAN000266,2025-10-23,ALT / English Teacher,REC011,2025-10-29,2025-11-08,2025-11-09,2025-11-11,,Hired,
APP000277,CAN000692,2023-03-08,ALT / English Teacher,REC007,2023-03-11,,,,2023-03-26,Rejected,Availability
APP000278,CAN001582,2024-06-19,Experienced Teacher,REC006,2024-06-21,2024-06-29,,,,Interviewing,
APP000279,CAN000403,2026-02-20,Experienced Teacher,REC007,2026-03-02,2026-03-12,,,2026-03-14,Rejected,Availability
APP000280,CAN001134,2021-11-10,ALT / English Teacher,REC010,2021-11-16,,,,,Hired,
APP000281,CAN000829,2021-03-26,Experienced Teacher,REC001,,,,,,Withdrawn,
APP000282,CAN000175,2024-12-07,ALT / English Teacher,REC019,2024-12-12,2024-12-23,,,,Interviewing,
APP000283,CAN000098,2022-02-06,ALT / English Teacher,REC020,2022-02-08,2022-02-13,,,,Interviewing,
APP000284,CAN000325,2024-09-01,Senior Teacher,REC024,2024-09-10,2024-09-23,2024-09-27,2024-09-30,,Hired,
APP000285,CAN001071,2022-06-23,ALT / English Teacher,REC006,2022-06-29,2022-07-09,2022-07-10,2022-07-14,,Hired,
APP000286,CAN001504,2024-08-12,Experienced Teacher,REC005,2024-08-20,,,,,Hired,
APP000287,CAN001671,2025-02-12,Experienced Teacher,REC015,2025-02-22,2025-03-01,2025-03-07,2025-03-12,,Hired,
APP000288,CAN000034,2023-12-12,Experienced Teacher,REC021,2023-12-15,2023-12-24,2024-01-02,2024-01-06,,Hired,
APP000289,CAN000192,2022-11-19,ALT / English Teacher,REC023,,,,,,Withdrawn,
APP000290,CAN000662,2022-03-07,Experienced Teacher,REC018,2022-03-11,,,,,Hired,
APP000291,CAN001235,2022-01-20,Senior Teacher,REC020,2022-01-24,2022-02-06,2022-02-08,2022-02-14,,Hired,
APP000292,CAN000335,2025-08-05,Experienced Teacher,REC012,2025-08-10,,,,2025-08-26,Rejected,Work Eligibility
APP000293,CAN000990,2023-04-05,Experienced Teacher,REC010,2023-04-10,,,,2023-04-08,Rejected,Interview Result
APP000294,CAN001897,2022-03-03,Experienced Teacher,REC022,2022-03-09,2022-03-23,,,2022-03-28,Rejected,Experience
APP000295,CAN000223,2022-12-05,Senior Teacher,REC018,2022-12-13,2022-12-27,2023-01-03,2023-01-04,,Hired,
APP000296,CAN001717,2021-04-11,Experienced Teacher,REC006,2021-04-21,2021-05-01,,,2021-05-05,Rejected,Interview Result
APP000297,CAN000030,2021-10-16,Senior Teacher,REC019,2021-10-22,2021-11-01,2021-11-11,2021-11-18,,Hired,
APP000298,CAN000609,2025-11-06,Experienced Teacher,REC011,2025-11-11,2025-11-21,2025-11-29,2025-12-03,,Hired,
APP000299,CAN000413,2026-08-01,ALT / English Teacher,REC005,2026-08-03,2026-08-05,2026-08-11,2026-08-15,,Hired,
APP000300,CAN000150,2023-03-22,Senior Teacher,REC001,2023-03-28,2023-03-29,,,2023-04-18,Rejected,Experience
APP000301,CAN001719,2026-05-20,Senior Teacher,REC006,2026-05-26,2026-05-27,2026-06-05,2026-06-06,,Hired,
APP000302,CAN001436,2024-06-27,Experienced Teacher,REC021,2024-07-03,2024-07-05,,,,Interviewing,
APP000303,CAN001267,2022-12-09,Experienced Teacher,REC014,2022-12-15,2022-12-20,,,,Interviewing,
APP000304,CAN001037,2025-12-10,Experienced Teacher,REC005,2025-12-11,2025-12-17,,,,Interviewing,
APP000305,CAN001612,2025-07-23,Senior Teacher,REC025,2025-07-25,2025-07-29,2025-08-05,2025-08-12,,Hired,
APP000306,CAN001668,2025-10-08,Senior Teacher,REC013,2025-10-12,,,,2025-10-19,Rejected,Availability
APP000307,CAN001067,2023-07-02,Experienced Teacher,REC018,2023-07-06,2023-07-14,,,,Interviewing,
APP000308,CAN000199,2026-05-03,Senior Teacher,REC009,2026-05-04,2026-05-05,,,,Interviewing,
APP000309,CAN000482,2022-12-02,Senior Teacher,REC003,2022-12-09,2022-12-16,,,2023-01-01,Rejected,Language Requirements
APP000310,CAN000576,2025-10-10,Experienced Teacher,REC023,2025-10-20,2025-11-02,2025-11-04,2025-11-09,,Hired,
APP000311,CAN001684,2021-06-15,Experienced Teacher,REC005,2021-06-19,2021-06-26,2021-06-28,2021-07-01,,Hired,
APP000312,CAN000605,2024-11-23,Experienced Teacher,REC019,2024-12-02,2024-12-06,,,2024-12-22,Rejected,Work Eligibility
APP000313,CAN001194,2021-04-23,Senior Teacher,REC012,2021-05-03,,,,,Hired,
APP000314,CAN001334,2021-05-04,Experienced Teacher,REC013,2021-05-06,2021-05-11,2021-05-12,2021-05-13,,Hired,
APP000315,CAN000441,2025-01-24,Senior Teacher,REC025,2025-02-01,,,,,Interviewing,
APP000316,CAN001541,2024-11-09,ALT / English Teacher,REC017,2024-11-14,2024-11-21,,,2024-11-12,Rejected,Language Requirements
APP000317,CAN000201,2025-08-17,ALT / English Teacher,REC006,2025-08-25,2025-08-29,,,,Interviewing,
APP000318,CAN001078,2025-05-02,ALT / English Teacher,REC018,2025-05-08,2025-05-18,2025-05-21,2025-05-24,,Hired,
APP000319,CAN001270,2024-01-19,Experienced Teacher,REC023,,,,,,Withdrawn,
APP000320,CAN000245,2021-10-25,Senior Teacher,REC007,2021-10-31,2021-11-09,2021-11-19,2021-11-22,,Hired,
APP000321,CAN000017,2024-09-20,ALT / English Teacher,REC020,2024-09-23,2024-09-30,,,2024-09-28,Rejected,Availability
APP000322,CAN000067,2024-08-19,Senior Teacher,REC011,2024-08-20,2024-08-27,,,,Interviewing,
APP000323,CAN001461,2024-11-21,Senior Teacher,REC002,,,,,,Withdrawn,
APP000324,CAN000498,2023-09-05,Senior Teacher,REC013,2023-09-14,,,,,Hired,
APP000325,CAN001252,2024-02-08,Experienced Teacher,REC022,2024-02-10,2024-02-21,2024-03-01,2024-03-03,,Hired,
APP000326,CAN001888,2025-04-22,ALT / English Teacher,REC023,2025-04-23,2025-04-28,2025-05-01,2025-05-07,,Hired,
APP000327,CAN000628,2021-06-09,ALT / English Teacher,REC025,2021-06-14,2021-06-24,2021-06-25,2021-06-28,,Hired,
APP000328,CAN001416,2025-01-05,Senior Teacher,REC013,2025-01-11,2025-01-17,2025-01-19,2025-01-23,,Hired,
APP000329,CAN001365,2024-08-28,Experienced Teacher,REC006,2024-09-03,2024-09-05,,,2024-09-12,Rejected,Availability
APP000330,CAN000761,2026-02-12,Senior Teacher,REC018,2026-02-20,2026-02-26,,,,Interviewing,
APP000331,CAN000491,2023-08-03,Experienced Teacher,REC014,2023-08-09,,,,2023-08-11,Rejected,Experience
APP000332,CAN001074,2024-04-01,Senior Teacher,REC022,2024-04-02,2024-04-10,2024-04-16,2024-04-21,,Hired,
APP000333,CAN001839,2023-06-09,Senior Teacher,REC002,2023-06-16,2023-06-28,,,2023-06-15,Rejected,Position Filled
APP000334,CAN001712,2023-10-06,ALT / English Teacher,REC016,2023-10-12,,,,2023-10-19,Rejected,Position Filled
APP000335,CAN000017,2025-07-09,Experienced Teacher,REC017,2025-07-12,,,,,Hired,
APP000336,CAN001925,2025-10-13,Experienced Teacher,REC025,2025-10-16,2025-10-28,2025-11-01,2025-11-03,,Hired,
APP000337,CAN001476,2026-12-19,Senior Teacher,REC016,2026-12-27,2026-12-31,2027-01-01,2027-01-06,,Hired,
APP000338,CAN000508,2024-10-20,ALT / English Teacher,REC021,2024-10-29,2024-11-10,,,,Interviewing,
APP000339,CAN001116,2024-05-05,Senior Teacher,REC013,2024-05-11,,,,,Hired,
APP000340,CAN001053,2024-07-28,Experienced Teacher,REC019,,,,,,Withdrawn,
APP000341,CAN001818,2023-12-26,Experienced Teacher,REC001,2024-01-04,2024-01-17,2024-01-24,2024-01-29,,Hired,
APP000342,CAN000922,2025-06-25,ALT / English Teacher,REC018,2025-07-01,2025-07-08,2025-07-15,2025-07-17,,Hired,
APP000343,CAN001844,2026-07-22,ALT / English Teacher,REC021,2026-07-25,2026-07-29,2026-08-02,2026-08-06,,Hired,
APP000344,CAN000493,2022-06-16,Experienced Teacher,REC025,2022-06-23,2022-07-06,2022-07-15,2022-07-19,,Hired,
APP000345,CAN000730,2022-02-24,Experienced Teacher,REC024,2022-02-26,2022-02-27,2022-03-09,2022-03-16,,Hired,
APP000346,CAN000280,2025-07-04,ALT / English Teacher,REC012,2025-07-05,2025-07-14,,,,Interviewing,
APP000347,CAN001136,2023-09-14,Senior Teacher,REC010,,,,,,Withdrawn,
APP000348,CAN001209,2024-02-09,ALT / English Teacher,REC007,2024-02-11,2024-02-13,2024-02-18,2024-02-19,,Hired,
APP000349,CAN000607,2026-09-18,Experienced Teacher,REC003,2026-09-23,,,,,Hired,
APP000350,CAN001645,2026-03-10,ALT / English Teacher,REC008,2026-03-13,,,,,Hired,
APP000351,CAN000887,2021-11-08,ALT / English Teacher,REC007,2021-11-10,2021-11-12,,,2021-12-01,Rejected,Language Requirements
APP000352,CAN000401,2024-10-18,ALT / English Teacher,REC014,2024-10-25,,,,,Interviewing,
APP000353,CAN000864,2026-08-22,Senior Teacher,REC009,2026-08-24,2026-08-29,,,2026-09-11,Rejected,Language Requirements
APP000354,CAN000313,2026-12-23,ALT / English Teacher,REC008,2027-01-02,2027-01-07,,,,Interviewing,
APP000355,CAN001536,2026-07-22,ALT / English Teacher,REC004,2026-07-26,2026-07-29,2026-08-03,2026-08-10,,Hired,
APP000356,CAN001331,2024-01-10,Senior Teacher,REC025,2024-01-13,2024-01-18,2024-01-22,2024-01-29,,Hired,
APP000357,CAN000266,2023-09-06,Senior Teacher,REC023,2023-09-15,2023-09-16,,,,Interviewing,
APP000358,CAN000576,2026-11-09,ALT / English Teacher,REC014,2026-11-17,2026-11-25,,,,Interviewing,
APP000359,CAN001162,2023-06-19,Experienced Teacher,REC006,2023-06-29,,,,,Hired,
APP000360,CAN000054,2023-10-09,ALT / English Teacher,REC001,2023-10-15,2023-10-17,,,2023-10-21,Rejected,Experience
APP000361,CAN000643,2024-02-15,Experienced Teacher,REC020,2024-02-20,2024-02-24,2024-03-02,2024-03-08,,Hired,
APP000362,CAN001830,2023-09-12,ALT / English Teacher,REC002,2023-09-18,2023-09-30,2023-10-05,2023-10-11,,Hired,
APP000363,CAN000613,2026-10-05,Senior Teacher,REC006,2026-10-11,2026-10-23,2026-10-28,2026-10-29,,Hired,
APP000364,CAN000350,2025-11-09,Experienced Teacher,REC019,2025-11-17,2025-11-23,2025-12-03,2025-12-06,,Hired,
APP000365,CAN001409,2021-11-02,Senior Teacher,REC018,2021-11-12,2021-11-22,2021-11-29,2021-12-04,,Hired,
APP000366,CAN001138,2023-05-16,Senior Teacher,REC003,2023-05-24,2023-06-05,,,2023-06-14,Rejected,Language Requirements
APP000367,CAN000840,2021-11-03,ALT / English Teacher,REC025,2021-11-13,2021-11-19,,,2021-11-28,Rejected,Work Eligibility
APP000368,CAN001347,2021-07-07,ALT / English Teacher,REC015,2021-07-14,2021-07-16,,,,Interviewing,
APP000369,CAN000279,2026-01-20,ALT / English Teacher,REC014,2026-01-26,2026-02-06,,,,Interviewing,
APP000370,CAN001231,2024-09-05,ALT / English Teacher,REC016,2024-09-09,2024-09-19,,,2024-09-18,Rejected,Experience
APP000371,CAN001406,2026-09-11,Experienced Teacher,REC003,2026-09-16,2026-09-28,,,,Interviewing,
APP000372,CAN000640,2021-06-17,Senior Teacher,REC024,2021-06-23,2021-06-25,2021-07-01,2021-07-02,,Hired,
APP000373,CAN001506,2021-12-21,ALT / English Teacher,REC016,2021-12-27,2022-01-02,2022-01-05,2022-01-11,,Hired,
APP000374,CAN000888,2021-11-25,ALT / English Teacher,REC016,2021-12-03,,,,,Hired,
APP000375,CAN001727,2023-11-04,Senior Teacher,REC012,2023-11-09,2023-11-20,2023-11-22,2023-11-28,,Hired,
APP000376,CAN000676,2022-09-21,ALT / English Teacher,REC003,2022-09-30,2022-10-13,,,2022-10-21,Rejected,Position Filled
APP000377,CAN001465,2023-09-26,Experienced Teacher,REC005,2023-10-05,2023-10-08,,,2023-10-07,Rejected,Position Filled
APP000378,CAN000701,2025-03-12,Senior Teacher,REC017,2025-03-20,2025-03-22,,,2025-04-07,Rejected,Interview Result
APP000379,CAN000524,2024-06-10,Experienced Teacher,REC011,2024-06-13,,,,2024-07-10,Rejected,Interview Result
APP000380,CAN000490,2025-05-04,Experienced Teacher,REC025,2025-05-08,,,,2025-05-19,Rejected,Availability
APP000381,CAN000621,2021-03-15,ALT / English Teacher,REC018,2021-03-16,2021-03-30,2021-03-31,2021-04-05,,Hired,
APP000382,CAN001481,2021-02-03,ALT / English Teacher,REC011,2021-02-09,2021-02-16,,,2021-02-09,Rejected,Interview Result
APP000383,CAN001746,2024-04-28,Experienced Teacher,REC008,2024-05-03,2024-05-10,,,2024-05-14,Rejected,Interview Result
APP000384,CAN001267,2026-10-13,Experienced Teacher,REC001,2026-10-22,,,,,Hired,
APP000385,CAN001667,2024-08-09,Senior Teacher,REC010,,,,,,Withdrawn,
APP000386,CAN000493,2021-05-24,ALT / English Teacher,REC013,2021-05-29,2021-06-01,2021-06-11,2021-06-18,,Hired,
APP000387,CAN000379,2022-04-18,ALT / English Teacher,REC023,2022-04-19,2022-05-02,2022-05-10,2022-05-17,,Hired,
APP000388,CAN000808,2022-03-09,Experienced Teacher,REC014,2022-03-11,2022-03-16,,,2022-04-03,Rejected,Position Filled
APP000389,CAN000198,2021-04-12,ALT / English Teacher,REC021,2021-04-20,,,,,Hired,
APP000390,CAN001074,2023-08-24,Experienced Teacher,REC014,2023-08-28,2023-08-29,2023-08-30,2023-09-03,,Hired,
APP000391,CAN001432,2026-07-27,Senior Teacher,REC024,2026-07-30,2026-08-09,2026-08-18,2026-08-20,,Hired,
APP000392,CAN000923,2021-08-26,Senior Teacher,REC013,2021-08-29,2021-09-05,2021-09-07,2021-09-11,,Hired,
APP000393,CAN000068,2026-07-15,ALT / English Teacher,REC011,2026-07-24,2026-07-30,,,,Interviewing,
APP000394,CAN000687,2026-05-21,Experienced Teacher,REC010,2026-05-26,2026-06-07,2026-06-11,2026-06-16,,Hired,
APP000395,CAN000355,2022-08-28,Experienced Teacher,REC018,2022-08-31,2022-09-02,2022-09-10,2022-09-16,,Hired,
APP000396,CAN001482,2024-12-21,Senior Teacher,REC021,2024-12-22,,,,,Hired,
APP000397,CAN001590,2026-04-01,Experienced Teacher,REC025,2026-04-08,2026-04-17,,,2026-04-06,Rejected,Interview Result
APP000398,CAN001074,2026-04-24,Senior Teacher,REC010,2026-04-29,2026-05-07,2026-05-13,2026-05-18,,Hired,
APP000399,CAN000009,2023-05-27,ALT / English Teacher,REC008,2023-06-04,2023-06-10,2023-06-14,2023-06-15,,Hired,
APP000400,CAN001201,2023-11-14,Experienced Teacher,REC009,2023-11-20,2023-11-29,,,,Interviewing,
APP000401,CAN000070,2024-02-02,ALT / English Teacher,REC003,2024-02-11,2024-02-16,2024-02-23,2024-02-24,,Hired,
APP000402,CAN001908,2022-02-19,Experienced Teacher,REC007,2022-02-24,,,,,Hired,
APP000403,CAN000660,2024-06-28,ALT / English Teacher,REC012,2024-07-07,2024-07-13,,,2024-07-01,Rejected,Work Eligibility
APP000404,CAN000677,2022-05-04,ALT / English Teacher,REC009,2022-05-12,2022-05-14,2022-05-22,2022-05-27,,Hired,
APP000405,CAN001376,2024-03-13,Experienced Teacher,REC017,2024-03-16,2024-03-26,2024-03-29,2024-04-02,,Hired,
APP000406,CAN001670,2022-10-01,Senior Teacher,REC003,2022-10-10,2022-10-20,,,2022-10-13,Rejected,Work Eligibility
APP000407,CAN001993,2025-06-15,ALT / English Teacher,REC011,2025-06-22,2025-06-30,2025-07-10,2025-07-17,,Hired,
APP000408,CAN001450,2024-09-03,Senior Teacher,REC006,2024-09-04,2024-09-17,,,,Interviewing,
APP000409,CAN001029,2025-03-26,Senior Teacher,REC009,2025-04-03,,,,,Hired,
APP000410,CAN000685,2025-11-24,Senior Teacher,REC019,2025-12-04,,,,,Hired,
APP000411,CAN001432,2022-02-03,Experienced Teacher,REC001,2022-02-09,2022-02-10,,,2022-02-24,Rejected,Interview Result
APP000412,CAN001722,2024-03-09,Senior Teacher,REC021,2024-03-15,,,,,Hired,
APP000413,CAN001610,2026-02-24,ALT / English Teacher,REC024,2026-03-05,2026-03-09,2026-03-18,2026-03-24,,Hired,
APP000414,CAN001973,2025-11-24,Experienced Teacher,REC021,2025-11-28,2025-12-08,,,2025-12-20,Rejected,Availability
APP000415,CAN001945,2021-08-19,ALT / English Teacher,REC017,2021-08-28,2021-09-02,2021-09-05,2021-09-07,,Hired,
APP000416,CAN001657,2025-03-25,Senior Teacher,REC006,2025-04-03,2025-04-07,2025-04-09,2025-04-16,,Hired,
APP000417,CAN001482,2025-05-18,Experienced Teacher,REC015,2025-05-28,2025-05-29,2025-06-06,2025-06-08,,Hired,
APP000418,CAN001945,2025-10-01,Experienced Teacher,REC004,2025-10-07,2025-10-08,2025-10-09,2025-10-10,,Hired,
APP000419,CAN001440,2022-08-09,Senior Teacher,REC002,2022-08-12,2022-08-26,2022-09-01,2022-09-06,,Hired,
APP000420,CAN001941,2022-05-01,Experienced Teacher,REC025,2022-05-10,2022-05-23,,,,Interviewing,
APP000421,CAN000901,2026-12-25,Experienced Teacher,REC013,2026-12-31,2027-01-07,2027-01-17,2027-01-18,,Hired,
APP000422,CAN000770,2025-06-09,Experienced Teacher,REC014,2025-06-17,2025-06-25,2025-07-05,2025-07-11,,Hired,
APP000423,CAN000854,2024-02-22,Experienced Teacher,REC013,2024-03-01,2024-03-09,2024-03-12,2024-03-16,,Hired,
APP000424,CAN000727,2024-06-19,Senior Teacher,REC013,2024-06-25,2024-06-28,2024-07-08,2024-07-09,,Hired,
APP000425,CAN000109,2023-02-13,Experienced Teacher,REC024,2023-02-19,,,,2023-03-14,Rejected,Work Eligibility
APP000426,CAN001977,2024-04-10,Experienced Teacher,REC017,2024-04-16,2024-04-27,,,,Interviewing,
APP000427,CAN001537,2022-07-03,ALT / English Teacher,REC019,2022-07-06,2022-07-17,,,2022-07-20,Rejected,Availability
APP000428,CAN001481,2024-08-22,Senior Teacher,REC017,,,,,,Withdrawn,
APP000429,CAN001736,2024-06-09,Senior Teacher,REC009,2024-06-13,,,,2024-06-29,Rejected,Work Eligibility
APP000430,CAN000169,2022-06-18,Experienced Teacher,REC004,2022-06-25,2022-06-28,,,,Interviewing,
APP000431,CAN001221,2026-12-23,ALT / English Teacher,REC002,2026-12-29,2027-01-03,,,2026-12-31,Rejected,Interview Result
APP000432,CAN001591,2025-06-15,Senior Teacher,REC017,,,,,,Withdrawn,
APP000433,CAN000362,2025-12-27,ALT / English Teacher,REC015,2026-01-06,,,,,Hired,
APP000434,CAN001126,2025-03-06,Senior Teacher,REC015,2025-03-10,,,,,Hired,
APP000435,CAN001747,2025-02-18,Senior Teacher,REC008,2025-02-28,2025-03-11,2025-03-20,2025-03-27,,Hired,
APP000436,CAN000834,2025-10-02,Senior Teacher,REC009,2025-10-05,2025-10-13,2025-10-17,2025-10-24,,Hired,
APP000437,CAN001304,2024-10-16,Senior Teacher,REC012,2024-10-22,2024-11-01,,,2024-10-31,Rejected,Language Requirements
APP000438,CAN001210,2024-02-04,ALT / English Teacher,REC017,2024-02-09,2024-02-22,2024-02-29,2024-03-05,,Hired,
APP000439,CAN000424,2026-01-24,Senior Teacher,REC025,2026-01-29,2026-02-04,2026-02-09,2026-02-11,,Hired,
APP000440,CAN001434,2021-03-06,Senior Teacher,REC013,2021-03-15,2021-03-19,2021-03-20,2021-03-26,,Hired,
APP000441,CAN001019,2024-08-24,Experienced Teacher,REC013,2024-08-29,2024-09-07,2024-09-10,2024-09-12,,Hired,
APP000442,CAN001921,2021-08-25,Senior Teacher,REC012,2021-09-01,2021-09-10,2021-09-15,2021-09-21,,Hired,
APP000443,CAN001579,2023-11-20,Senior Teacher,REC009,2023-11-30,2023-12-05,2023-12-07,2023-12-10,,Hired,
APP000444,CAN000913,2022-06-21,Senior Teacher,REC013,2022-06-26,2022-07-10,2022-07-18,2022-07-22,,Hired,
APP000445,CAN001806,2025-01-03,ALT / English Teacher,REC017,2025-01-06,2025-01-16,2025-01-26,2025-02-01,,Hired,
APP000446,CAN001354,2026-09-01,Senior Teacher,REC016,2026-09-04,2026-09-07,2026-09-12,2026-09-16,,Hired,
APP000447,CAN000915,2026-09-18,ALT / English Teacher,REC019,2026-09-25,2026-09-27,,,2026-10-12,Rejected,Language Requirements
APP000448,CAN000357,2025-08-04,Experienced Teacher,REC013,2025-08-08,2025-08-17,,,2025-08-15,Rejected,Work Eligibility
APP000449,CAN001210,2026-01-15,Senior Teacher,REC021,2026-01-21,2026-01-31,2026-02-06,2026-02-07,,Hired,
APP000450,CAN001385,2024-10-06,ALT / English Teacher,REC023,2024-10-14,2024-10-23,,,2024-10-23,Rejected,Language Requirements
APP000451,CAN000359,2024-11-15,Senior Teacher,REC024,2024-11-21,2024-11-29,,,2024-11-18,Rejected,Experience
APP000452,CAN001166,2026-02-02,ALT / English Teacher,REC005,2026-02-11,,,,,Hired,
APP000453,CAN000771,2022-04-05,Experienced Teacher,REC004,2022-04-11,2022-04-15,2022-04-22,2022-04-25,,Hired,
APP000454,CAN001946,2023-03-01,Experienced Teacher,REC011,2023-03-06,,,,,Hired,
APP000455,CAN001224,2021-09-25,Experienced Teacher,REC003,2021-09-28,2021-09-29,2021-10-07,2021-10-13,,Hired,
APP000456,CAN000766,2025-06-21,ALT / English Teacher,REC012,2025-06-29,,,,,Hired,
APP000457,CAN000104,2024-12-23,ALT / English Teacher,REC015,,,,,,Withdrawn,
APP000458,CAN001279,2021-04-03,Senior Teacher,REC014,2021-04-10,2021-04-18,2021-04-25,2021-05-02,,Hired,
APP000459,CAN001073,2022-07-01,ALT / English Teacher,REC010,2022-07-07,2022-07-17,,,2022-07-09,Rejected,Position Filled
APP000460,CAN000703,2024-10-12,ALT / English Teacher,REC006,,,,,,Withdrawn,
APP000461,CAN001546,2021-07-23,ALT / English Teacher,REC023,2021-07-31,2021-08-13,,,2021-08-07,Rejected,Availability
APP000462,CAN001096,2021-06-02,Senior Teacher,REC001,2021-06-08,2021-06-19,,,2021-07-01,Rejected,Experience
APP000463,CAN001320,2023-11-13,Senior Teacher,REC020,2023-11-22,2023-11-28,2023-12-02,2023-12-08,,Hired,
APP000464,CAN000047,2025-05-23,Senior Teacher,REC016,2025-05-25,2025-06-05,,,2025-05-31,Rejected,Work Eligibility
APP000465,CAN001795,2024-01-04,ALT / English Teacher,REC007,2024-01-10,2024-01-21,,,,Interviewing,
APP000466,CAN000052,2026-06-26,ALT / English Teacher,REC015,2026-06-29,2026-07-02,,,2026-07-17,Rejected,Availability
APP000467,CAN000480,2022-07-20,Senior Teacher,REC003,2022-07-27,2022-08-06,2022-08-11,2022-08-18,,Hired,
APP000468,CAN001988,2026-03-12,Experienced Teacher,REC005,2026-03-22,2026-03-27,2026-04-06,2026-04-09,,Hired,
APP000469,CAN001621,2022-02-18,Experienced Teacher,REC016,2022-02-19,,,,,Hired,
APP000470,CAN001046,2022-01-07,ALT / English Teacher,REC013,2022-01-11,,,,,Hired,
APP000471,CAN001154,2026-01-15,Senior Teacher,REC024,2026-01-17,2026-01-19,2026-01-24,2026-01-31,,Hired,
APP000472,CAN001571,2023-01-13,ALT / English Teacher,REC023,,,,,,Withdrawn,
APP000473,CAN000017,2025-09-24,Experienced Teacher,REC021,2025-09-27,2025-10-08,,,2025-10-15,Rejected,Work Eligibility
APP000474,CAN001593,2021-07-08,Experienced Teacher,REC011,2021-07-16,2021-07-28,2021-08-01,2021-08-02,,Hired,
APP000475,CAN001001,2026-10-15,Senior Teacher,REC020,,,,,,Withdrawn,
APP000476,CAN001542,2022-07-27,Senior Teacher,REC018,2022-07-30,2022-07-31,2022-08-05,2022-08-06,,Hired,
APP000477,CAN000115,2021-06-07,Experienced Teacher,REC025,2021-06-08,2021-06-17,,,2021-06-29,Rejected,Language Requirements
APP000478,CAN000385,2025-07-26,Experienced Teacher,REC002,2025-08-04,2025-08-14,,,,Interviewing,
APP000479,CAN001789,2021-12-10,Experienced Teacher,REC002,,,,,,Withdrawn,
APP000480,CAN000419,2022-08-15,ALT / English Teacher,REC010,2022-08-20,2022-08-21,2022-08-27,2022-09-01,,Hired,
APP000481,CAN001311,2022-12-13,ALT / English Teacher,REC014,2022-12-19,2023-01-01,2023-01-10,2023-01-13,,Hired,
APP000482,CAN000156,2021-08-18,Senior Teacher,REC021,2021-08-26,2021-09-05,,,2021-08-21,Rejected,Language Requirements
APP000483,CAN000608,2022-06-26,Senior Teacher,REC005,2022-07-04,2022-07-13,,,2022-07-23,Rejected,Position Filled
APP000484,CAN001102,2024-06-09,ALT / English Teacher,REC008,2024-06-13,2024-06-19,,,2024-06-24,Rejected,Position Filled
APP000485,CAN000610,2021-11-23,Experienced Teacher,REC011,2021-12-03,2021-12-16,,,2021-12-07,Rejected,Experience
APP000486,CAN000328,2025-03-16,Senior Teacher,REC005,2025-03-24,2025-03-30,,,2025-03-21,Rejected,Availability
APP000487,CAN001258,2026-04-07,Experienced Teacher,REC020,2026-04-17,2026-04-28,2026-05-02,2026-05-04,,Hired,
APP000488,CAN001632,2021-04-22,Senior Teacher,REC017,2021-04-28,2021-04-30,2021-05-02,2021-05-03,,Hired,
APP000489,CAN001206,2025-10-06,Experienced Teacher,REC001,2025-10-11,2025-10-18,,,,Interviewing,
APP000490,CAN000058,2021-01-28,Experienced Teacher,REC021,2021-02-02,2021-02-03,2021-02-13,2021-02-15,,Hired,
APP000491,CAN001032,2023-12-05,Senior Teacher,REC016,2023-12-06,2023-12-10,,,2023-12-22,Rejected,Language Requirements
APP000492,CAN000450,2025-08-10,Experienced Teacher,REC025,2025-08-16,2025-08-30,,,2025-08-17,Rejected,Availability
APP000493,CAN000509,2024-07-20,ALT / English Teacher,REC002,2024-07-26,2024-07-28,,,,Interviewing,
APP000494,CAN001674,2022-04-18,Senior Teacher,REC024,2022-04-23,2022-04-30,2022-05-03,2022-05-04,,Hired,
APP000495,CAN000157,2026-01-10,Senior Teacher,REC010,2026-01-12,2026-01-21,,,,Interviewing,
APP000496,CAN001518,2025-12-26,Experienced Teacher,REC008,,,,,,Withdrawn,
APP000497,CAN000070,2026-06-24,Experienced Teacher,REC024,2026-06-25,2026-07-08,,,2026-07-09,Rejected,Availability
APP000498,CAN001126,2022-12-06,ALT / English Teacher,REC011,2022-12-13,2022-12-19,,,,Interviewing,
APP000499,CAN000139,2023-10-18,Experienced Teacher,REC016,,,,,,Withdrawn,
APP000500,CAN001251,2023-07-10,ALT / English Teacher,REC023,2023-07-13,2023-07-21,,,,Interviewing,
APP000501,CAN001782,2023-10-27,ALT / English Teacher,REC009,2023-11-06,2023-11-07,,,2023-11-09,Rejected,Availability
APP000502,CAN001629,2025-08-23,Senior Teacher,REC013,2025-09-02,2025-09-12,,,,Interviewing,
APP000503,CAN000294,2021-07-28,Experienced Teacher,REC020,2021-08-02,2021-08-03,,,2021-08-26,Rejected,Language Requirements
APP000504,CAN001923,2025-08-09,ALT / English Teacher,REC012,2025-08-11,2025-08-14,,,2025-08-14,Rejected,Experience
APP000505,CAN000260,2021-03-17,Experienced Teacher,REC009,2021-03-26,2021-04-06,,,,Interviewing,
APP000506,CAN000613,2023-04-10,ALT / English Teacher,REC009,2023-04-11,2023-04-23,2023-04-29,2023-05-04,,Hired,
APP000507,CAN001539,2024-11-24,Senior Teacher,REC015,2024-11-29,2024-12-07,,,2024-12-08,Rejected,Position Filled
APP000508,CAN000457,2024-03-10,ALT / English Teacher,REC021,2024-03-19,2024-03-31,2024-04-03,2024-04-07,,Hired,
APP000509,CAN001976,2021-01-19,ALT / English Teacher,REC024,2021-01-29,2021-02-10,2021-02-16,2021-02-23,,Hired,
APP000510,CAN001452,2023-12-04,Experienced Teacher,REC007,2023-12-13,2023-12-16,,,,Interviewing,
APP000511,CAN001747,2024-07-09,Senior Teacher,REC010,2024-07-18,2024-07-31,2024-08-09,2024-08-11,,Hired,
APP000512,CAN001697,2021-01-01,ALT / English Teacher,REC011,2021-01-10,2021-01-19,2021-01-27,2021-01-31,,Hired,
APP000513,CAN000396,2023-11-06,Experienced Teacher,REC024,2023-11-09,2023-11-20,,,,Interviewing,
APP000514,CAN000349,2023-03-04,Experienced Teacher,REC021,2023-03-14,2023-03-27,,,,Interviewing,
APP000515,CAN000822,2025-01-15,Senior Teacher,REC022,2025-01-20,2025-02-02,,,2025-02-14,Rejected,Language Requirements
APP000516,CAN001636,2025-08-26,Senior Teacher,REC009,2025-08-30,2025-09-12,,,2025-09-23,Rejected,Availability
APP000517,CAN001447,2021-03-06,Experienced Teacher,REC001,2021-03-09,2021-03-22,,,2021-03-10,Rejected,Language Requirements
APP000518,CAN001241,2023-08-07,Experienced Teacher,REC004,2023-08-12,2023-08-13,2023-08-18,2023-08-25,,Hired,
APP000519,CAN001394,2024-08-07,ALT / English Teacher,REC021,2024-08-09,2024-08-18,,,2024-09-01,Rejected,Language Requirements
APP000520,CAN001838,2024-05-07,Senior Teacher,REC024,2024-05-14,,,,,Hired,
APP000521,CAN000647,2024-07-14,Experienced Teacher,REC016,2024-07-24,2024-08-02,,,2024-07-27,Rejected,Work Eligibility
APP000522,CAN001623,2021-07-27,ALT / English Teacher,REC003,2021-08-01,2021-08-13,,,2021-08-10,Rejected,Work Eligibility
APP000523,CAN001856,2025-07-12,ALT / English Teacher,REC001,2025-07-16,2025-07-18,2025-07-23,2025-07-26,,Hired,
APP000524,CAN000043,2021-10-14,ALT / English Teacher,REC008,2021-10-21,,,,2021-11-11,Rejected,Interview Result
APP000525,CAN000007,2021-05-28,Experienced Teacher,REC020,2021-06-07,2021-06-16,,,2021-06-16,Rejected,Work Eligibility
APP000526,CAN001353,2025-09-07,Senior Teacher,REC006,2025-09-13,2025-09-20,2025-09-22,2025-09-23,,Hired,
APP000527,CAN001233,2022-11-25,ALT / English Teacher,REC018,,,,,,Withdrawn,
APP000528,CAN001886,2021-06-09,Senior Teacher,REC017,2021-06-12,2021-06-23,,,2021-06-15,Rejected,Experience
APP000529,CAN001090,2025-03-14,Experienced Teacher,REC021,2025-03-17,,,,,Hired,
APP000530,CAN001839,2025-01-17,ALT / English Teacher,REC008,,,,,,Withdrawn,
APP000531,CAN000345,2021-04-12,Senior Teacher,REC016,,,,,,Withdrawn,
APP000532,CAN000296,2022-03-12,Senior Teacher,REC011,,,,,,Withdrawn,
APP000533,CAN001625,2025-04-11,Senior Teacher,REC011,2025-04-17,2025-04-20,,,2025-04-27,Rejected,Work Eligibility
APP000534,CAN000034,2023-11-18,ALT / English Teacher,REC022,2023-11-24,2023-12-03,,,,Interviewing,
APP000535,CAN001331,2026-10-24,ALT / English Teacher,REC006,2026-10-25,2026-10-26,,,,Interviewing,
APP000536,CAN000260,2022-09-09,ALT / English Teacher,REC007,2022-09-10,2022-09-11,2022-09-20,2022-09-21,,Hired,
APP000537,CAN000338,2024-09-28,ALT / English Teacher,REC016,2024-10-07,2024-10-09,,,2024-10-19,Rejected,Availability
APP000538,CAN001341,2022-08-02,ALT / English Teacher,REC006,2022-08-04,,,,2022-08-23,Rejected,Availability
APP000539,CAN001202,2026-05-23,Experienced Teacher,REC023,2026-05-31,2026-06-06,2026-06-09,2026-06-10,,Hired,
APP000540,CAN000363,2026-01-24,Experienced Teacher,REC019,2026-01-27,2026-02-06,2026-02-13,2026-02-14,,Hired,
APP000541,CAN000507,2021-08-09,ALT / English Teacher,REC019,2021-08-13,2021-08-15,2021-08-21,2021-08-22,,Hired,
APP000542,CAN000022,2024-01-21,ALT / English Teacher,REC016,2024-01-26,2024-01-29,,,2024-02-19,Rejected,Work Eligibility
APP000543,CAN000471,2025-11-21,Experienced Teacher,REC015,2025-11-28,,,,,Interviewing,
APP000544,CAN000825,2024-01-06,Experienced Teacher,REC014,2024-01-14,2024-01-18,,,,Interviewing,
APP000545,CAN000321,2024-08-08,Experienced Teacher,REC023,,,,,,Withdrawn,
APP000546,CAN001666,2022-11-05,ALT / English Teacher,REC013,2022-11-12,2022-11-20,2022-11-24,2022-11-29,,Hired,
APP000547,CAN001175,2022-08-26,Experienced Teacher,REC017,2022-08-31,2022-09-10,,,,Interviewing,
APP000548,CAN000522,2025-10-12,ALT / English Teacher,REC002,2025-10-16,,,,,Interviewing,
APP000549,CAN001578,2023-08-03,Senior Teacher,REC016,2023-08-09,2023-08-10,,,,Interviewing,
APP000550,CAN001141,2025-06-21,Experienced Teacher,REC007,,,,,,Withdrawn,
APP000551,CAN001447,2025-02-11,Experienced Teacher,REC011,2025-02-18,2025-02-23,,,2025-03-02,Rejected,Interview Result
APP000552,CAN000628,2025-07-14,ALT / English Teacher,REC024,2025-07-21,2025-08-04,,,2025-08-03,Rejected,Work Eligibility
APP000553,CAN000465,2024-11-12,Senior Teacher,REC004,2024-11-21,2024-12-02,2024-12-08,2024-12-11,,Hired,
APP000554,CAN001316,2022-01-01,Experienced Teacher,REC024,2022-01-09,2022-01-11,2022-01-17,2022-01-22,,Hired,
APP000555,CAN001458,2026-05-18,Senior Teacher,REC014,2026-05-19,2026-05-21,,,,Interviewing,
APP000556,CAN001607,2021-01-19,Experienced Teacher,REC001,2021-01-29,2021-02-09,2021-02-16,2021-02-18,,Hired,
APP000557,CAN001615,2023-01-03,ALT / English Teacher,REC025,2023-01-07,2023-01-18,2023-01-28,2023-01-30,,Hired,
APP000558,CAN001349,2022-03-02,Senior Teacher,REC005,2022-03-11,2022-03-16,2022-03-25,2022-03-29,,Hired,
APP000559,CAN000298,2024-07-05,ALT / English Teacher,REC024,2024-07-08,2024-07-21,,,2024-07-20,Rejected,Experience
APP000560,CAN001500,2022-12-10,ALT / English Teacher,REC012,2022-12-17,,,,,Hired,
APP000561,CAN000737,2025-01-15,ALT / English Teacher,REC006,2025-01-18,,,,2025-01-22,Rejected,Language Requirements
APP000562,CAN001350,2025-02-15,Experienced Teacher,REC020,2025-02-24,2025-02-27,,,,Interviewing,
APP000563,CAN001806,2021-02-28,Senior Teacher,REC009,2021-03-02,2021-03-09,2021-03-14,2021-03-21,,Hired,
APP000564,CAN000432,2025-03-01,Senior Teacher,REC015,2025-03-09,2025-03-22,,,2025-03-07,Rejected,Work Eligibility
APP000565,CAN000837,2026-03-03,Experienced Teacher,REC010,2026-03-07,,,,,Hired,
APP000566,CAN000619,2025-11-08,ALT / English Teacher,REC004,2025-11-14,2025-11-25,2025-12-02,2025-12-03,,Hired,
APP000567,CAN001617,2026-04-06,Senior Teacher,REC008,2026-04-14,2026-04-17,2026-04-27,2026-04-30,,Hired,
APP000568,CAN000745,2021-03-04,Experienced Teacher,REC025,2021-03-11,2021-03-12,2021-03-15,2021-03-16,,Hired,
APP000569,CAN001650,2026-02-02,ALT / English Teacher,REC018,,,,,,Withdrawn,
APP000570,CAN000700,2026-02-05,Senior Teacher,REC016,2026-02-15,2026-02-26,,,2026-02-27,Rejected,Experience
APP000571,CAN000253,2026-05-15,Senior Teacher,REC009,2026-05-22,2026-05-30,,,2026-06-08,Rejected,Experience
APP000572,CAN000407,2022-03-09,Senior Teacher,REC007,2022-03-14,2022-03-15,2022-03-19,2022-03-24,,Hired,
APP000573,CAN000401,2025-10-07,Experienced Teacher,REC014,2025-10-10,,,,,Interviewing,
APP000574,CAN001188,2022-07-17,Experienced Teacher,REC012,2022-07-21,2022-08-02,,,,Interviewing,
APP000575,CAN001780,2026-09-16,Experienced Teacher,REC003,2026-09-23,2026-09-24,2026-09-30,2026-10-04,,Hired,
APP000576,CAN001550,2025-08-09,Experienced Teacher,REC021,2025-08-11,2025-08-23,,,2025-08-14,Rejected,Position Filled
APP000577,CAN000594,2025-10-26,ALT / English Teacher,REC005,2025-11-02,2025-11-08,,,,Interviewing,
APP000578,CAN000171,2022-02-08,Experienced Teacher,REC015,2022-02-15,2022-02-17,,,,Interviewing,
APP000579,CAN001860,2023-04-10,Senior Teacher,REC021,2023-04-15,2023-04-20,,,,Interviewing,
APP000580,CAN000123,2025-09-13,Experienced Teacher,REC013,2025-09-23,2025-09-26,,,,Interviewing,
APP000581,CAN000967,2025-09-05,Experienced Teacher,REC006,2025-09-11,,,,2025-09-17,Rejected,Work Eligibility
APP000582,CAN001851,2021-08-10,ALT / English Teacher,REC003,2021-08-18,2021-08-29,,,2021-08-19,Rejected,Experience
APP000583,CAN001910,2024-12-24,Experienced Teacher,REC019,2025-01-01,2025-01-09,,,2025-01-03,Rejected,Availability
APP000584,CAN001993,2023-08-12,Senior Teacher,REC022,2023-08-18,2023-08-20,,,2023-08-30,Rejected,Availability
APP000585,CAN001143,2024-06-18,Experienced Teacher,REC016,2024-06-28,,,,,Hired,
APP000586,CAN000147,2021-02-10,ALT / English Teacher,REC022,2021-02-13,2021-02-19,,,2021-02-13,Rejected,Availability
APP000587,CAN000558,2024-06-27,Experienced Teacher,REC025,2024-07-06,,,,,Hired,
APP000588,CAN001253,2021-12-24,Senior Teacher,REC013,2021-12-31,2022-01-13,2022-01-19,2022-01-25,,Hired,
APP000589,CAN001349,2022-08-10,ALT / English Teacher,REC004,2022-08-14,,,,,Hired,
APP000590,CAN000108,2025-04-13,ALT / English Teacher,REC005,2025-04-15,2025-04-28,2025-05-07,2025-05-10,,Hired,
APP000591,CAN000561,2024-10-03,Experienced Teacher,REC013,2024-10-13,2024-10-27,2024-10-28,2024-11-03,,Hired,
APP000592,CAN000135,2023-09-08,Senior Teacher,REC004,2023-09-11,2023-09-18,,,2023-09-21,Rejected,Work Eligibility
APP000593,CAN000267,2021-09-13,Senior Teacher,REC019,2021-09-23,,,,2021-09-24,Rejected,Position Filled
APP000594,CAN001582,2025-07-26,ALT / English Teacher,REC012,2025-08-02,2025-08-13,2025-08-15,2025-08-19,,Hired,
APP000595,CAN001748,2023-02-21,Experienced Teacher,REC011,,,,,,Withdrawn,
APP000596,CAN001673,2024-07-08,Senior Teacher,REC015,2024-07-09,2024-07-10,,,2024-07-19,Rejected,Work Eligibility
APP000597,CAN001785,2021-10-24,Experienced Teacher,REC010,2021-11-02,2021-11-14,,,,Interviewing,
APP000598,CAN000408,2023-11-05,ALT / English Teacher,REC021,2023-11-09,,,,,Hired,
APP000599,CAN000961,2021-03-06,Experienced Teacher,REC010,2021-03-12,2021-03-26,,,2021-03-22,Rejected,Availability
APP000600,CAN001136,2022-09-03,Experienced Teacher,REC010,2022-09-12,,,,,Hired,
APP000601,CAN001607,2021-02-09,Experienced Teacher,REC003,2021-02-17,2021-03-03,2021-03-13,2021-03-14,,Hired,
APP000602,CAN001122,2023-03-12,Experienced Teacher,REC009,2023-03-21,2023-03-24,,,,Interviewing,
APP000603,CAN001882,2021-10-14,Senior Teacher,REC012,2021-10-22,2021-10-27,2021-10-31,2021-11-04,,Hired,
APP000604,CAN001305,2023-07-11,ALT / English Teacher,REC012,2023-07-20,2023-07-29,2023-07-30,2023-08-03,,Hired,
APP000605,CAN000312,2021-07-26,ALT / English Teacher,REC013,,,,,,Withdrawn,
APP000606,CAN001950,2024-05-11,Experienced Teacher,REC020,2024-05-16,2024-05-23,,,,Interviewing,
APP000607,CAN001484,2026-02-26,Experienced Teacher,REC018,,,,,,Withdrawn,
APP000608,CAN000924,2024-11-05,Senior Teacher,REC004,2024-11-07,2024-11-16,2024-11-17,2024-11-19,,Hired,
APP000609,CAN001532,2026-11-08,Experienced Teacher,REC002,2026-11-15,2026-11-27,,,2026-12-03,Rejected,Work Eligibility
APP000610,CAN001597,2025-09-24,Experienced Teacher,REC025,2025-09-30,,,,2025-10-22,Rejected,Interview Result
APP000611,CAN000957,2026-11-24,Experienced Teacher,REC006,2026-12-02,,,,2026-12-17,Rejected,Availability
APP000612,CAN001200,2024-07-15,Experienced Teacher,REC005,2024-07-24,2024-08-01,2024-08-06,2024-08-11,,Hired,
APP000613,CAN001973,2022-10-06,ALT / English Teacher,REC016,2022-10-08,2022-10-10,2022-10-15,2022-10-20,,Hired,
APP000614,CAN001953,2025-10-24,Senior Teacher,REC016,2025-10-28,2025-10-31,,,2025-11-07,Rejected,Position Filled
APP000615,CAN001513,2024-07-21,Senior Teacher,REC022,2024-07-22,2024-07-27,2024-08-05,2024-08-12,,Hired,
APP000616,CAN000046,2026-09-28,Experienced Teacher,REC022,2026-09-30,2026-10-02,2026-10-10,2026-10-11,,Hired,
APP000617,CAN001163,2021-05-10,ALT / English Teacher,REC022,2021-05-12,2021-05-21,2021-05-25,2021-05-27,,Hired,
APP000618,CAN001909,2022-07-22,Experienced Teacher,REC021,,,,,,Withdrawn,
APP000619,CAN000880,2023-01-09,ALT / English Teacher,REC014,2023-01-16,,,,,Hired,
APP000620,CAN001852,2022-11-01,Senior Teacher,REC004,,,,,,Withdrawn,
APP000621,CAN001390,2025-07-27,Senior Teacher,REC002,2025-08-03,2025-08-06,2025-08-08,2025-08-12,,Hired,
APP000622,CAN001513,2026-12-24,ALT / English Teacher,REC023,2026-12-30,,,,,Hired,
APP000623,CAN000285,2021-10-05,ALT / English Teacher,REC022,2021-10-14,2021-10-18,,,2021-10-19,Rejected,Experience
APP000624,CAN000695,2026-07-09,ALT / English Teacher,REC025,2026-07-15,2026-07-23,2026-07-30,2026-08-04,,Hired,
APP000625,CAN000989,2023-04-22,Senior Teacher,REC009,2023-04-29,2023-05-06,,,2023-05-14,Rejected,Availability
APP000626,CAN001340,2022-02-27,ALT / English Teacher,REC008,2022-03-05,,,,,Hired,
APP000627,CAN000339,2024-08-08,ALT / English Teacher,REC014,2024-08-14,2024-08-21,2024-08-31,2024-09-07,,Hired,
APP000628,CAN000546,2023-10-07,Experienced Teacher,REC017,2023-10-10,,,,,Interviewing,
APP000629,CAN001734,2021-07-23,ALT / English Teacher,REC024,2021-07-30,,,,2021-07-29,Rejected,Experience
APP000630,CAN001117,2026-04-01,ALT / English Teacher,REC018,2026-04-06,,,,2026-04-18,Rejected,Work Eligibility
APP000631,CAN000994,2025-10-25,Experienced Teacher,REC015,2025-11-02,2025-11-06,,,,Interviewing,
APP000632,CAN001803,2026-05-08,Senior Teacher,REC007,2026-05-16,2026-05-26,2026-06-04,2026-06-08,,Hired,
APP000633,CAN001504,2022-12-03,ALT / English Teacher,REC011,2022-12-06,2022-12-18,,,2022-12-31,Rejected,Language Requirements
APP000634,CAN000546,2026-04-15,Senior Teacher,REC016,2026-04-18,,,,,Interviewing,
APP000635,CAN001210,2021-03-24,Senior Teacher,REC004,2021-03-26,2021-04-04,,,2021-03-27,Rejected,Experience
APP000636,CAN000534,2026-11-18,ALT / English Teacher,REC015,2026-11-24,2026-12-05,,,2026-12-12,Rejected,Interview Result
APP000637,CAN001961,2024-04-14,ALT / English Teacher,REC005,2024-04-16,2024-04-28,2024-05-02,2024-05-09,,Hired,
APP000638,CAN000964,2021-01-17,Experienced Teacher,REC001,2021-01-25,2021-02-05,2021-02-11,2021-02-17,,Hired,
APP000639,CAN000653,2023-12-11,Senior Teacher,REC012,2023-12-16,2023-12-20,2023-12-29,2024-01-05,,Hired,
APP000640,CAN000302,2026-01-28,Senior Teacher,REC005,2026-02-01,2026-02-08,2026-02-13,2026-02-16,,Hired,
APP000641,CAN000885,2026-04-19,Senior Teacher,REC014,2026-04-29,2026-05-13,,,,Interviewing,
APP000642,CAN000181,2023-12-18,Experienced Teacher,REC018,2023-12-22,2023-12-29,2024-01-06,2024-01-11,,Hired,
APP000643,CAN001421,2024-06-01,Senior Teacher,REC014,2024-06-11,2024-06-17,,,2024-06-05,Rejected,Availability
APP000644,CAN001375,2021-06-06,Senior Teacher,REC014,2021-06-07,2021-06-10,2021-06-14,2021-06-16,,Hired,
APP000645,CAN000243,2022-11-21,Senior Teacher,REC016,2022-12-01,,,,,Hired,
APP000646,CAN001993,2021-08-06,ALT / English Teacher,REC024,2021-08-07,2021-08-15,2021-08-20,2021-08-26,,Hired,
APP000647,CAN000653,2025-09-03,Experienced Teacher,REC024,2025-09-11,2025-09-24,,,2025-09-19,Rejected,Language Requirements
APP000648,CAN001281,2024-02-27,ALT / English Teacher,REC016,2024-03-03,,,,,Hired,
APP000649,CAN000800,2022-10-01,Experienced Teacher,REC010,2022-10-02,,,,,Interviewing,
APP000650,CAN001493,2024-06-15,ALT / English Teacher,REC020,2024-06-16,2024-06-17,2024-06-21,2024-06-27,,Hired,
APP000651,CAN001446,2022-08-24,Experienced Teacher,REC002,2022-08-26,2022-08-27,,,2022-09-11,Rejected,Position Filled
APP000652,CAN000944,2023-05-25,Experienced Teacher,REC020,2023-05-28,2023-06-06,2023-06-11,2023-06-16,,Hired,
APP000653,CAN001536,2023-08-02,Senior Teacher,REC011,2023-08-09,2023-08-17,,,2023-08-27,Rejected,Language Requirements
APP000654,CAN001067,2025-08-16,Senior Teacher,REC008,2025-08-23,2025-08-27,,,,Interviewing,
APP000655,CAN001511,2026-09-25,Senior Teacher,REC017,,,,,,Withdrawn,
APP000656,CAN000554,2023-12-18,Experienced Teacher,REC005,,,,,,Withdrawn,
APP000657,CAN001230,2024-12-13,Experienced Teacher,REC007,2024-12-23,2024-12-25,,,,Interviewing,
APP000658,CAN000450,2023-07-10,ALT / English Teacher,REC008,2023-07-14,2023-07-15,,,2023-07-23,Rejected,Work Eligibility
APP000659,CAN000625,2021-06-17,ALT / English Teacher,REC003,2021-06-23,2021-06-26,,,2021-07-16,Rejected,Interview Result
APP000660,CAN001208,2021-10-06,ALT / English Teacher,REC017,2021-10-07,2021-10-20,2021-10-23,2021-10-28,,Hired,
APP000661,CAN001172,2022-05-06,Senior Teacher,REC023,2022-05-07,,,,,Hired,
APP000662,CAN001114,2025-09-02,Experienced Teacher,REC023,2025-09-07,2025-09-21,2025-09-26,2025-09-28,,Hired,
APP000663,CAN000137,2026-11-08,ALT / English Teacher,REC013,,,,,,Withdrawn,
APP000664,CAN001220,2023-07-16,Experienced Teacher,REC010,2023-07-26,2023-08-01,,,,Interviewing,
APP000665,CAN000080,2024-01-23,ALT / English Teacher,REC013,2024-01-24,2024-01-26,2024-02-04,2024-02-08,,Hired,
APP000666,CAN001134,2024-07-18,Senior Teacher,REC016,2024-07-26,2024-08-02,2024-08-08,2024-08-12,,Hired,
APP000667,CAN001382,2024-05-16,Experienced Teacher,REC003,2024-05-26,2024-05-30,2024-06-03,2024-06-08,,Hired,
APP000668,CAN001323,2023-06-14,ALT / English Teacher,REC006,2023-06-24,2023-07-03,,,2023-07-01,Rejected,Work Eligibility
APP000669,CAN000729,2024-05-18,ALT / English Teacher,REC011,2024-05-21,2024-05-25,2024-06-03,2024-06-09,,Hired,
APP000670,CAN000565,2026-09-20,ALT / English Teacher,REC016,2026-09-25,2026-09-27,,,,Interviewing,
APP000671,CAN001067,2022-07-16,Senior Teacher,REC025,2022-07-21,2022-07-26,2022-07-27,2022-07-30,,Hired,
APP000672,CAN000363,2024-05-05,Experienced Teacher,REC006,2024-05-06,2024-05-15,2024-05-21,2024-05-26,,Hired,
APP000673,CAN000689,2023-10-07,ALT / English Teacher,REC018,2023-10-15,2023-10-24,2023-11-02,2023-11-09,,Hired,
APP000674,CAN000264,2023-05-20,Experienced Teacher,REC017,2023-05-28,2023-06-06,,,2023-06-13,Rejected,Availability
APP000675,CAN000112,2021-10-20,Experienced Teacher,REC020,2021-10-24,2021-10-29,2021-11-06,2021-11-13,,Hired,
APP000676,CAN000237,2021-07-06,Experienced Teacher,REC016,2021-07-09,2021-07-13,,,2021-07-27,Rejected,Language Requirements
APP000677,CAN001056,2025-06-13,Experienced Teacher,REC001,2025-06-20,2025-06-26,2025-06-29,2025-07-03,,Hired,
APP000678,CAN001016,2025-09-24,Experienced Teacher,REC017,2025-09-28,2025-10-08,,,,Interviewing,
APP000679,CAN001736,2026-04-01,Experienced Teacher,REC005,2026-04-08,2026-04-22,,,2026-04-21,Rejected,Work Eligibility
APP000680,CAN001124,2025-05-12,ALT / English Teacher,REC001,2025-05-17,,,,,Hired,
APP000681,CAN000055,2026-08-16,ALT / English Teacher,REC018,2026-08-23,,,,,Interviewing,
APP000682,CAN001760,2024-04-04,Senior Teacher,REC016,2024-04-08,2024-04-16,,,2024-04-22,Rejected,Position Filled
APP000683,CAN000184,2022-12-25,Experienced Teacher,REC011,2023-01-02,2023-01-15,,,2022-12-30,Rejected,Position Filled
APP000684,CAN001342,2025-10-08,Experienced Teacher,REC017,2025-10-18,2025-10-28,,,2025-10-18,Rejected,Position Filled
APP000685,CAN001110,2025-06-16,Senior Teacher,REC021,2025-06-18,2025-06-19,,,2025-07-05,Rejected,Interview Result
APP000686,CAN000780,2022-11-16,Experienced Teacher,REC025,2022-11-24,2022-11-25,2022-11-27,2022-12-04,,Hired,
APP000687,CAN000686,2022-02-22,Experienced Teacher,REC005,,,,,,Withdrawn,
APP000688,CAN000721,2023-08-04,Senior Teacher,REC014,2023-08-10,2023-08-21,,,,Interviewing,
APP000689,CAN000418,2026-05-19,Senior Teacher,REC002,2026-05-28,2026-06-11,,,2026-06-18,Rejected,Interview Result
APP000690,CAN001683,2026-11-01,Experienced Teacher,REC020,2026-11-05,2026-11-15,,,2026-11-08,Rejected,Interview Result
APP000691,CAN001644,2021-02-05,Senior Teacher,REC020,2021-02-11,,,,,Hired,
APP000692,CAN001700,2024-02-03,ALT / English Teacher,REC008,2024-02-11,2024-02-24,2024-03-04,2024-03-10,,Hired,
APP000693,CAN001827,2024-12-09,ALT / English Teacher,REC011,2024-12-16,2024-12-30,2025-01-03,2025-01-08,,Hired,
APP000694,CAN001670,2025-04-27,ALT / English Teacher,REC020,2025-05-04,2025-05-15,2025-05-24,2025-05-31,,Hired,
APP000695,CAN000993,2024-08-02,ALT / English Teacher,REC011,2024-08-04,2024-08-12,2024-08-18,2024-08-22,,Hired,
APP000696,CAN000126,2021-03-11,Senior Teacher,REC015,2021-03-17,,,,,Interviewing,
APP000697,CAN000075,2022-11-26,Experienced Teacher,REC010,2022-11-27,2022-12-04,,,2022-12-15,Rejected,Work Eligibility
APP000698,CAN001095,2026-11-16,Experienced Teacher,REC009,2026-11-17,2026-11-29,,,2026-11-26,Rejected,Experience
APP000699,CAN001161,2025-03-09,Senior Teacher,REC018,2025-03-14,2025-03-16,,,2025-03-29,Rejected,Experience
APP000700,CAN001312,2022-03-17,Senior Teacher,REC014,2022-03-18,,,,2022-03-30,Rejected,Interview Result
APP000701,CAN000240,2023-09-26,Senior Teacher,REC003,2023-10-03,2023-10-16,,,,Interviewing,
APP000702,CAN001847,2026-05-19,Experienced Teacher,REC005,2026-05-27,2026-06-01,2026-06-05,2026-06-11,,Hired,
APP000703,CAN000408,2026-08-17,Senior Teacher,REC014,2026-08-23,2026-08-26,2026-08-31,2026-09-02,,Hired,
APP000704,CAN000843,2024-12-23,Senior Teacher,REC023,2025-01-02,2025-01-13,,,2025-01-08,Rejected,Availability
APP000705,CAN000032,2021-11-16,Senior Teacher,REC024,,,,,,Withdrawn,
APP000706,CAN000397,2023-11-16,ALT / English Teacher,REC019,2023-11-23,2023-12-04,,,2023-11-27,Rejected,Work Eligibility
APP000707,CAN000426,2021-01-15,ALT / English Teacher,REC020,2021-01-20,2021-01-22,,,2021-02-05,Rejected,Language Requirements
APP000708,CAN001789,2026-02-18,Senior Teacher,REC002,,,,,,Withdrawn,
APP000709,CAN000563,2026-09-08,Senior Teacher,REC014,2026-09-11,2026-09-16,2026-09-17,2026-09-23,,Hired,
APP000710,CAN000613,2025-11-05,ALT / English Teacher,REC009,,,,,,Withdrawn,
APP000711,CAN000835,2026-03-09,Senior Teacher,REC022,2026-03-19,2026-03-31,2026-04-06,2026-04-09,,Hired,
APP000712,CAN000127,2025-01-12,Experienced Teacher,REC018,2025-01-15,2025-01-16,,,2025-01-30,Rejected,Position Filled
APP000713,CAN000713,2025-10-08,Experienced Teacher,REC007,2025-10-12,2025-10-14,,,,Interviewing,
APP000714,CAN001128,2024-02-10,Senior Teacher,REC005,2024-02-13,2024-02-16,,,2024-02-24,Rejected,Language Requirements
APP000715,CAN000261,2023-01-24,Senior Teacher,REC017,2023-02-03,2023-02-04,,,,Interviewing,
APP000716,CAN000383,2023-06-03,Senior Teacher,REC003,2023-06-05,,,,,Interviewing,
APP000717,CAN001353,2024-07-20,Experienced Teacher,REC003,2024-07-21,2024-07-24,,,,Interviewing,
APP000718,CAN000692,2026-03-26,ALT / English Teacher,REC015,2026-03-29,2026-04-06,2026-04-09,2026-04-15,,Hired,
APP000719,CAN001337,2026-09-26,Experienced Teacher,REC004,2026-09-27,2026-10-03,2026-10-06,2026-10-11,,Hired,
APP000720,CAN000545,2026-10-09,Senior Teacher,REC013,2026-10-18,2026-10-31,,,2026-11-03,Rejected,Language Requirements
APP000721,CAN000490,2025-09-27,Experienced Teacher,REC013,2025-09-30,2025-10-09,,,,Interviewing,
APP000722,CAN000848,2021-08-04,ALT / English Teacher,REC005,2021-08-09,2021-08-21,2021-08-26,2021-08-28,,Hired,
APP000723,CAN000835,2024-08-16,ALT / English Teacher,REC024,2024-08-25,2024-09-05,,,2024-09-04,Rejected,Interview Result
APP000724,CAN000735,2026-11-08,Senior Teacher,REC011,2026-11-16,2026-11-25,2026-11-26,2026-11-27,,Hired,
APP000725,CAN001071,2024-04-07,Senior Teacher,REC014,2024-04-08,2024-04-22,2024-04-27,2024-05-01,,Hired,
APP000726,CAN000699,2021-05-12,Senior Teacher,REC017,2021-05-16,2021-05-25,,,,Interviewing,
APP000727,CAN000664,2025-06-02,ALT / English Teacher,REC003,2025-06-07,2025-06-17,2025-06-24,2025-07-01,,Hired,
APP000728,CAN001689,2026-01-19,Experienced Teacher,REC024,2026-01-25,,,,2026-01-26,Rejected,Work Eligibility
APP000729,CAN000616,2023-10-09,ALT / English Teacher,REC004,2023-10-19,2023-10-21,,,,Interviewing,
APP000730,CAN000038,2022-09-26,ALT / English Teacher,REC009,2022-10-05,2022-10-15,,,2022-10-26,Rejected,Interview Result
APP000731,CAN000036,2026-05-10,Experienced Teacher,REC019,2026-05-13,,,,,Interviewing,
APP000732,CAN000656,2022-12-04,Senior Teacher,REC016,2022-12-11,2022-12-17,2022-12-26,2023-01-01,,Hired,
APP000733,CAN001585,2021-07-03,Senior Teacher,REC023,2021-07-05,2021-07-09,,,2021-07-20,Rejected,Position Filled
APP000734,CAN001671,2023-11-11,ALT / English Teacher,REC004,2023-11-15,2023-11-19,2023-11-29,2023-12-01,,Hired,
APP000735,CAN000075,2022-08-17,ALT / English Teacher,REC004,2022-08-18,,,,,Hired,
APP000736,CAN000249,2023-08-04,Experienced Teacher,REC018,2023-08-06,,,,,Hired,
APP000737,CAN001625,2023-11-24,ALT / English Teacher,REC010,2023-11-26,2023-12-02,,,2023-11-30,Rejected,Language Requirements
APP000738,CAN001626,2026-07-07,Experienced Teacher,REC015,2026-07-13,,,,,Hired,
APP000739,CAN000403,2025-03-21,Senior Teacher,REC005,,,,,,Withdrawn,
APP000740,CAN000536,2022-03-27,ALT / English Teacher,REC005,,,,,,Withdrawn,
APP000741,CAN000038,2026-06-10,ALT / English Teacher,REC001,2026-06-13,2026-06-19,2026-06-24,2026-06-28,,Hired,
APP000742,CAN000800,2025-11-13,ALT / English Teacher,REC014,2025-11-21,2025-11-27,,,2025-12-13,Rejected,Work Eligibility
APP000743,CAN000518,2023-12-12,Experienced Teacher,REC025,2023-12-17,,,,2023-12-19,Rejected,Work Eligibility
APP000744,CAN000204,2026-07-19,ALT / English Teacher,REC015,2026-07-28,,,,,Hired,
APP000745,CAN000097,2023-10-28,ALT / English Teacher,REC007,2023-11-04,,,,2023-11-03,Rejected,Work Eligibility
APP000746,CAN000460,2025-01-04,ALT / English Teacher,REC001,2025-01-06,2025-01-13,2025-01-21,2025-01-27,,Hired,
APP000747,CAN001359,2023-12-21,Experienced Teacher,REC014,2023-12-31,2024-01-13,,,2024-01-09,Rejected,Work Eligibility
APP000748,CAN000737,2026-05-09,ALT / English Teacher,REC020,2026-05-18,2026-05-29,2026-06-05,2026-06-08,,Hired,
APP000749,CAN000755,2024-02-03,Senior Teacher,REC007,2024-02-04,2024-02-12,,,2024-02-20,Rejected,Availability
APP000750,CAN001601,2022-11-22,ALT / English Teacher,REC021,2022-11-28,2022-12-12,,,2022-11-30,Rejected,Work Eligibility
APP000751,CAN000850,2022-03-21,Experienced Teacher,REC024,2022-03-30,2022-04-09,,,2022-04-03,Rejected,Interview Result
APP000752,CAN001298,2022-04-08,Senior Teacher,REC016,2022-04-11,2022-04-22,,,2022-04-25,Rejected,Availability
APP000753,CAN001807,2026-06-15,Experienced Teacher,REC017,2026-06-18,2026-06-26,2026-07-02,2026-07-09,,Hired,
APP000754,CAN000297,2021-07-23,Senior Teacher,REC021,,,,,,Withdrawn,
APP000755,CAN001402,2024-02-16,ALT / English Teacher,REC024,,,,,,Withdrawn,
APP000756,CAN001803,2023-07-01,ALT / English Teacher,REC005,2023-07-04,,,,2023-07-29,Rejected,Language Requirements
APP000757,CAN000676,2022-04-02,Experienced Teacher,REC021,2022-04-12,2022-04-25,2022-05-01,2022-05-07,,Hired,
APP000758,CAN001226,2024-11-02,ALT / English Teacher,REC002,2024-11-11,2024-11-25,,,2024-11-28,Rejected,Experience
APP000759,CAN001800,2026-04-10,Senior Teacher,REC017,2026-04-19,2026-04-21,,,,Interviewing,
APP000760,CAN001917,2023-05-27,Senior Teacher,REC019,2023-05-28,2023-06-02,,,,Interviewing,
APP000761,CAN000272,2021-07-05,ALT / English Teacher,REC015,2021-07-06,2021-07-08,2021-07-14,2021-07-17,,Hired,
APP000762,CAN001882,2022-08-17,Experienced Teacher,REC024,2022-08-27,2022-09-09,,,,Interviewing,
APP000763,CAN001128,2024-01-09,ALT / English Teacher,REC002,2024-01-12,2024-01-25,,,2024-01-20,Rejected,Availability
APP000764,CAN000309,2023-01-15,Experienced Teacher,REC009,2023-01-22,,,,2023-02-14,Rejected,Work Eligibility
APP000765,CAN000124,2023-11-20,ALT / English Teacher,REC014,2023-11-29,2023-12-12,2023-12-16,2023-12-21,,Hired,
APP000766,CAN001933,2023-10-02,Experienced Teacher,REC001,2023-10-06,2023-10-13,,,2023-10-20,Rejected,Language Requirements
APP000767,CAN000819,2022-10-27,Senior Teacher,REC007,2022-11-04,2022-11-08,2022-11-10,2022-11-13,,Hired,
APP000768,CAN001935,2024-06-25,ALT / English Teacher,REC017,2024-06-26,,,,,Hired,
APP000769,CAN001097,2025-02-22,ALT / English Teacher,REC003,2025-03-01,2025-03-11,,,2025-03-12,Rejected,Availability
APP000770,CAN000358,2026-10-21,ALT / English Teacher,REC019,2026-10-23,2026-10-26,2026-11-04,2026-11-06,,Hired,
APP000771,CAN000824,2023-07-01,Experienced Teacher,REC013,2023-07-06,,,,,Interviewing,
APP000772,CAN000316,2024-09-15,ALT / English Teacher,REC012,2024-09-19,2024-10-03,2024-10-07,2024-10-14,,Hired,
APP000773,CAN001536,2022-12-25,Senior Teacher,REC007,2023-01-04,,,,2023-01-17,Rejected,Experience
APP000774,CAN000535,2023-06-14,ALT / English Teacher,REC009,,,,,,Withdrawn,
APP000775,CAN000773,2025-09-06,ALT / English Teacher,REC007,2025-09-07,2025-09-21,,,2025-10-06,Rejected,Language Requirements
APP000776,CAN000616,2022-02-07,Experienced Teacher,REC023,2022-02-10,2022-02-21,,,,Interviewing,
APP000777,CAN001449,2022-12-17,ALT / English Teacher,REC017,2022-12-21,2022-12-24,,,,Interviewing,
APP000778,CAN001932,2026-12-16,Senior Teacher,REC020,2026-12-20,2027-01-02,2027-01-04,2027-01-06,,Hired,
APP000779,CAN001615,2022-03-12,Experienced Teacher,REC011,2022-03-20,2022-03-22,,,,Interviewing,
APP000780,CAN000764,2021-12-12,ALT / English Teacher,REC020,2021-12-13,,,,2022-01-05,Rejected,Language Requirements
APP000781,CAN000681,2022-12-16,ALT / English Teacher,REC022,2022-12-22,2022-12-27,,,2022-12-30,Rejected,Position Filled
APP000782,CAN001980,2026-11-07,Senior Teacher,REC015,2026-11-14,2026-11-28,2026-12-02,2026-12-05,,Hired,
APP000783,CAN000790,2023-07-28,Senior Teacher,REC007,2023-08-01,,,,,Hired,
APP000784,CAN000313,2022-07-24,Experienced Teacher,REC015,2022-08-03,,,,2022-08-08,Rejected,Work Eligibility
APP000785,CAN001753,2022-03-24,Experienced Teacher,REC005,2022-04-01,2022-04-06,,,2022-04-08,Rejected,Work Eligibility
APP000786,CAN001413,2021-03-17,ALT / English Teacher,REC007,,,,,,Withdrawn,
APP000787,CAN000790,2023-12-08,Senior Teacher,REC006,2023-12-17,2023-12-20,2023-12-28,2024-01-01,,Hired,
APP000788,CAN001819,2025-03-06,Senior Teacher,REC003,2025-03-11,2025-03-21,2025-03-28,2025-03-31,,Hired,
APP000789,CAN000439,2023-03-16,ALT / English Teacher,REC024,2023-03-17,,,,2023-03-26,Rejected,Language Requirements
APP000790,CAN000165,2023-09-01,Senior Teacher,REC008,2023-09-03,2023-09-05,2023-09-14,2023-09-19,,Hired,
APP000791,CAN001751,2024-01-11,ALT / English Teacher,REC022,2024-01-14,2024-01-26,,,2024-01-17,Rejected,Work Eligibility
APP000792,CAN001228,2022-12-28,ALT / English Teacher,REC004,2023-01-06,2023-01-12,2023-01-15,2023-01-21,,Hired,
APP000793,CAN001722,2021-03-03,Senior Teacher,REC009,2021-03-12,2021-03-14,,,2021-03-12,Rejected,Language Requirements
APP000794,CAN001548,2025-09-02,ALT / English Teacher,REC003,2025-09-10,2025-09-11,2025-09-17,2025-09-18,,Hired,
APP000795,CAN000459,2023-08-12,Senior Teacher,REC003,2023-08-16,,,,,Hired,
APP000796,CAN000505,2026-11-06,Senior Teacher,REC001,2026-11-09,2026-11-20,,,2026-11-09,Rejected,Work Eligibility
APP000797,CAN001950,2022-01-17,Senior Teacher,REC001,2022-01-26,2022-02-02,2022-02-09,2022-02-11,,Hired,
APP000798,CAN000593,2024-06-22,Experienced Teacher,REC019,2024-06-27,2024-07-10,2024-07-15,2024-07-22,,Hired,
APP000799,CAN000072,2025-06-09,Experienced Teacher,REC001,2025-06-17,2025-07-01,,,2025-07-02,Rejected,Availability
APP000800,CAN001962,2024-08-23,ALT / English Teacher,REC012,2024-08-28,2024-09-01,,,2024-09-02,Rejected,Availability
APP000801,CAN001712,2024-11-16,ALT / English Teacher,REC017,2024-11-20,2024-11-23,2024-11-29,2024-12-05,,Hired,
APP000802,CAN001017,2024-04-12,Experienced Teacher,REC014,2024-04-18,2024-04-27,2024-05-02,2024-05-09,,Hired,
APP000803,CAN001073,2023-07-22,ALT / English Teacher,REC012,2023-07-30,,,,,Interviewing,
APP000804,CAN000527,2023-03-17,ALT / English Teacher,REC010,2023-03-24,2023-03-25,2023-03-27,2023-04-03,,Hired,
APP000805,CAN000911,2026-02-18,ALT / English Teacher,REC018,2026-02-20,,,,,Interviewing,
APP000806,CAN000901,2021-05-20,ALT / English Teacher,REC002,2021-05-25,2021-05-30,2021-06-03,2021-06-09,,Hired,
APP000807,CAN000804,2021-04-20,Senior Teacher,REC003,2021-04-28,2021-05-02,,,,Interviewing,
APP000808,CAN001494,2024-11-22,ALT / English Teacher,REC003,2024-11-23,2024-11-28,2024-12-07,2024-12-11,,Hired,
APP000809,CAN000184,2021-09-21,Senior Teacher,REC023,2021-09-23,2021-10-07,,,2021-10-03,Rejected,Experience
APP000810,CAN000196,2025-12-20,ALT / English Teacher,REC012,2025-12-25,2026-01-06,2026-01-12,2026-01-18,,Hired,
APP000811,CAN000712,2022-11-28,Senior Teacher,REC025,2022-12-01,,,,,Hired,
APP000812,CAN001608,2022-10-14,ALT / English Teacher,REC013,2022-10-18,2022-10-25,,,,Interviewing,
APP000813,CAN001002,2023-10-03,Experienced Teacher,REC017,2023-10-11,2023-10-15,,,2023-10-31,Rejected,Experience
APP000814,CAN001878,2024-11-27,Senior Teacher,REC010,2024-12-04,2024-12-14,,,2024-12-23,Rejected,Experience
APP000815,CAN001592,2025-11-03,Experienced Teacher,REC015,,,,,,Withdrawn,
APP000816,CAN000454,2026-08-11,ALT / English Teacher,REC021,2026-08-12,,,,,Hired,
APP000817,CAN000620,2023-01-16,Experienced Teacher,REC010,2023-01-22,2023-01-29,,,,Interviewing,
APP000818,CAN000309,2021-11-06,ALT / English Teacher,REC020,2021-11-16,2021-11-21,,,2021-11-26,Rejected,Experience
APP000819,CAN000488,2022-06-17,Senior Teacher,REC011,2022-06-23,2022-06-29,2022-07-03,2022-07-06,,Hired,
APP000820,CAN000326,2023-12-12,Senior Teacher,REC023,2023-12-20,2023-12-26,2023-12-31,2024-01-03,,Hired,
APP000821,CAN000949,2026-07-06,Senior Teacher,REC018,2026-07-14,2026-07-17,2026-07-18,2026-07-23,,Hired,
APP000822,CAN001431,2021-03-04,Senior Teacher,REC008,2021-03-08,2021-03-09,2021-03-15,2021-03-20,,Hired,
APP000823,CAN000894,2022-07-17,Senior Teacher,REC012,,,,,,Withdrawn,
APP000824,CAN001485,2022-02-07,Senior Teacher,REC009,2022-02-15,2022-02-28,2022-03-09,2022-03-10,,Hired,
APP000825,CAN000483,2026-12-01,Experienced Teacher,REC002,2026-12-08,2026-12-13,2026-12-15,2026-12-16,,Hired,
APP000826,CAN000131,2023-02-06,ALT / English Teacher,REC017,2023-02-14,2023-02-19,2023-02-22,2023-02-28,,Hired,
APP000827,CAN001649,2026-12-20,ALT / English Teacher,REC021,2026-12-26,2026-12-27,2026-12-30,2027-01-05,,Hired,
APP000828,CAN000526,2023-01-24,Senior Teacher,REC022,2023-01-29,,,,2023-01-28,Rejected,Work Eligibility
APP000829,CAN000681,2021-04-19,Experienced Teacher,REC001,2021-04-24,2021-04-29,2021-05-08,2021-05-12,,Hired,
APP000830,CAN001072,2025-03-03,Experienced Teacher,REC014,2025-03-09,2025-03-22,2025-03-26,2025-03-27,,Hired,
APP000831,CAN000778,2023-06-24,Senior Teacher,REC016,2023-06-30,2023-07-13,,,,Interviewing,
APP000832,CAN000930,2022-04-09,Senior Teacher,REC005,2022-04-17,,,,,Interviewing,
APP000833,CAN000487,2025-02-11,ALT / English Teacher,REC011,2025-02-17,2025-02-26,,,2025-02-24,Rejected,Language Requirements
APP000834,CAN000107,2024-10-06,Experienced Teacher,REC008,2024-10-07,2024-10-19,2024-10-24,2024-10-30,,Hired,
APP000835,CAN001673,2025-12-05,Senior Teacher,REC021,2025-12-13,,,,2025-12-10,Rejected,Language Requirements
APP000836,CAN000042,2021-04-20,Experienced Teacher,REC003,2021-04-21,2021-05-02,2021-05-05,2021-05-10,,Hired,
APP000837,CAN000194,2025-02-11,Experienced Teacher,REC008,2025-02-16,2025-02-21,,,,Interviewing,
APP000838,CAN000813,2023-11-23,ALT / English Teacher,REC008,2023-12-03,,,,2023-11-28,Rejected,Availability
APP000839,CAN001939,2025-01-16,Senior Teacher,REC010,2025-01-26,,,,2025-02-11,Rejected,Experience
APP000840,CAN000961,2023-09-09,Experienced Teacher,REC002,2023-09-13,2023-09-14,2023-09-19,2023-09-21,,Hired,
APP000841,CAN001586,2022-09-07,Senior Teacher,REC025,2022-09-16,2022-09-17,2022-09-25,2022-09-26,,Hired,
APP000842,CAN000119,2021-08-25,Senior Teacher,REC007,2021-09-04,2021-09-12,,,2021-09-17,Rejected,Language Requirements
APP000843,CAN001915,2022-10-21,ALT / English Teacher,REC015,2022-10-23,,,,,Hired,
APP000844,CAN001715,2022-02-26,Senior Teacher,REC001,2022-02-27,,,,,Hired,
APP000845,CAN001061,2025-12-20,Senior Teacher,REC020,2025-12-29,2026-01-10,2026-01-12,2026-01-17,,Hired,
APP000846,CAN001140,2025-08-02,Senior Teacher,REC007,2025-08-05,2025-08-17,,,2025-08-25,Rejected,Availability
APP000847,CAN001930,2021-07-10,ALT / English Teacher,REC009,2021-07-14,2021-07-17,2021-07-21,2021-07-26,,Hired,
APP000848,CAN001724,2023-08-14,ALT / English Teacher,REC018,,,,,,Withdrawn,
APP000849,CAN000717,2023-01-03,ALT / English Teacher,REC018,2023-01-10,2023-01-24,2023-01-26,2023-01-30,,Hired,
APP000850,CAN000266,2024-05-06,Experienced Teacher,REC003,2024-05-16,2024-05-17,,,2024-05-29,Rejected,Interview Result
APP000851,CAN000305,2024-06-15,Senior Teacher,REC023,2024-06-21,2024-06-28,,,2024-06-21,Rejected,Language Requirements
APP000852,CAN001798,2026-07-08,ALT / English Teacher,REC014,2026-07-15,2026-07-18,2026-07-25,2026-07-27,,Hired,
APP000853,CAN001586,2026-03-27,Experienced Teacher,REC017,2026-04-02,2026-04-16,,,,Interviewing,
APP000854,CAN000122,2021-06-02,Senior Teacher,REC006,2021-06-05,2021-06-13,,,,Interviewing,
APP000855,CAN001257,2026-08-07,ALT / English Teacher,REC002,2026-08-17,,,,,Hired,
APP000856,CAN001761,2021-10-12,Senior Teacher,REC024,2021-10-22,2021-11-05,2021-11-07,2021-11-11,,Hired,
APP000857,CAN000347,2026-09-13,ALT / English Teacher,REC022,2026-09-17,,,,,Hired,
APP000858,CAN001575,2025-12-25,ALT / English Teacher,REC017,2025-12-29,2026-01-11,,,2026-01-10,Rejected,Work Eligibility
APP000859,CAN001178,2024-03-11,Experienced Teacher,REC014,2024-03-16,2024-03-20,2024-03-25,2024-03-31,,Hired,
APP000860,CAN001896,2021-02-28,Experienced Teacher,REC023,2021-03-05,2021-03-16,,,2021-03-14,Rejected,Work Eligibility
APP000861,CAN001645,2025-02-22,ALT / English Teacher,REC008,2025-02-25,,,,2025-03-01,Rejected,Experience
APP000862,CAN001917,2023-03-22,Senior Teacher,REC002,2023-03-31,2023-04-11,,,2023-04-21,Rejected,Language Requirements
APP000863,CAN001767,2024-02-16,Senior Teacher,REC001,2024-02-25,2024-03-02,,,2024-03-01,Rejected,Interview Result
APP000864,CAN001831,2026-02-07,Senior Teacher,REC016,2026-02-17,2026-02-22,2026-03-02,2026-03-08,,Hired,
APP000865,CAN000060,2022-11-01,Experienced Teacher,REC004,,,,,,Withdrawn,
APP000866,CAN000832,2023-08-20,ALT / English Teacher,REC003,2023-08-25,2023-08-29,2023-09-07,2023-09-14,,Hired,
APP000867,CAN001500,2024-01-14,ALT / English Teacher,REC022,2024-01-17,2024-01-20,,,2024-02-07,Rejected,Experience
APP000868,CAN000127,2024-12-14,Senior Teacher,REC019,2024-12-23,2024-12-29,,,2025-01-04,Rejected,Availability
APP000869,CAN000066,2024-12-19,Experienced Teacher,REC005,2024-12-21,2025-01-02,,,2024-12-22,Rejected,Language Requirements
APP000870,CAN001877,2025-04-04,ALT / English Teacher,REC018,2025-04-12,2025-04-13,,,2025-04-24,Rejected,Language Requirements
APP000871,CAN001713,2021-08-06,Experienced Teacher,REC001,2021-08-14,2021-08-20,,,2021-08-17,Rejected,Experience
APP000872,CAN000783,2022-03-09,ALT / English Teacher,REC010,2022-03-13,2022-03-23,,,,Interviewing,
APP000873,CAN001942,2022-10-14,ALT / English Teacher,REC017,2022-10-24,2022-10-28,,,2022-11-10,Rejected,Interview Result
APP000874,CAN001149,2022-05-03,ALT / English Teacher,REC024,2022-05-12,2022-05-16,,,,Interviewing,
APP000875,CAN000890,2024-09-27,ALT / English Teacher,REC017,2024-09-30,2024-10-14,2024-10-18,2024-10-19,,Hired,
APP000876,CAN000557,2022-02-03,Experienced Teacher,REC006,2022-02-13,,,,2022-03-01,Rejected,Availability
APP000877,CAN001276,2025-07-20,ALT / English Teacher,REC011,2025-07-21,2025-08-03,2025-08-11,2025-08-14,,Hired,
APP000878,CAN000656,2026-11-25,Experienced Teacher,REC009,,,,,,Withdrawn,
APP000879,CAN001044,2024-07-06,Experienced Teacher,REC009,2024-07-13,2024-07-18,,,2024-07-29,Rejected,Position Filled
APP000880,CAN000760,2021-07-12,ALT / English Teacher,REC012,2021-07-21,2021-07-26,2021-08-04,2021-08-10,,Hired,
APP000881,CAN001786,2023-06-07,Experienced Teacher,REC016,,,,,,Withdrawn,
APP000882,CAN001485,2022-07-16,Experienced Teacher,REC012,,,,,,Withdrawn,
APP000883,CAN001882,2023-09-17,ALT / English Teacher,REC006,2023-09-23,,,,2023-10-02,Rejected,Position Filled
APP000884,CAN000421,2023-12-24,Senior Teacher,REC013,2023-12-31,,,,2024-01-22,Rejected,Position Filled
APP000885,CAN000690,2025-10-02,Senior Teacher,REC001,2025-10-06,2025-10-11,2025-10-19,2025-10-23,,Hired,
APP000886,CAN001442,2024-05-13,Experienced Teacher,REC021,2024-05-21,2024-05-26,,,2024-06-11,Rejected,Position Filled
APP000887,CAN001200,2025-01-16,Experienced Teacher,REC023,2025-01-20,2025-01-29,2025-02-02,2025-02-08,,Hired,
APP000888,CAN000233,2021-02-28,Experienced Teacher,REC010,2021-03-02,2021-03-06,2021-03-09,2021-03-15,,Hired,
APP000889,CAN000261,2022-11-09,Senior Teacher,REC025,2022-11-14,,,,2022-12-06,Rejected,Experience
APP000890,CAN000523,2023-10-09,Experienced Teacher,REC019,2023-10-14,2023-10-22,2023-10-24,2023-10-30,,Hired,
APP000891,CAN001709,2022-10-17,ALT / English Teacher,REC024,2022-10-19,2022-10-27,,,,Interviewing,
APP000892,CAN001968,2026-04-07,Senior Teacher,REC022,2026-04-09,,,,,Hired,
APP000893,CAN001414,2022-02-26,ALT / English Teacher,REC017,,,,,,Withdrawn,
APP000894,CAN000449,2022-08-05,ALT / English Teacher,REC016,2022-08-09,2022-08-17,,,2022-08-21,Rejected,Interview Result
APP000895,CAN001369,2025-08-07,Senior Teacher,REC004,2025-08-16,2025-08-27,,,,Interviewing,
APP000896,CAN001471,2024-04-23,ALT / English Teacher,REC003,2024-04-29,2024-05-10,2024-05-14,2024-05-17,,Hired,
APP000897,CAN001101,2023-08-11,ALT / English Teacher,REC014,2023-08-20,2023-09-02,2023-09-10,2023-09-14,,Hired,
APP000898,CAN001818,2022-12-16,Experienced Teacher,REC021,2022-12-20,2022-12-24,2022-12-27,2023-01-02,,Hired,
APP000899,CAN001118,2022-04-12,Experienced Teacher,REC003,,,,,,Withdrawn,
APP000900,CAN000479,2024-03-03,Experienced Teacher,REC021,2024-03-10,2024-03-17,,,2024-03-16,Rejected,Experience
APP000901,CAN000672,2025-01-26,ALT / English Teacher,REC018,2025-01-30,2025-02-04,2025-02-11,2025-02-16,,Hired,
APP000902,CAN000180,2023-05-05,Senior Teacher,REC013,2023-05-11,2023-05-14,,,2023-05-08,Rejected,Interview Result
APP000903,CAN000925,2025-05-27,Experienced Teacher,REC025,2025-06-05,2025-06-18,,,2025-06-11,Rejected,Work Eligibility
APP000904,CAN000431,2026-12-28,ALT / English Teacher,REC018,2027-01-05,2027-01-17,2027-01-19,2027-01-23,,Hired,
APP000905,CAN001916,2021-01-12,Experienced Teacher,REC018,2021-01-20,,,,,Interviewing,
APP000906,CAN001429,2021-01-15,ALT / English Teacher,REC016,2021-01-21,2021-01-27,2021-02-05,2021-02-06,,Hired,
APP000907,CAN001664,2024-04-17,Experienced Teacher,REC015,2024-04-20,2024-04-25,2024-05-02,2024-05-06,,Hired,
APP000908,CAN000154,2021-03-15,Experienced Teacher,REC003,2021-03-21,2021-03-31,2021-04-03,2021-04-05,,Hired,
APP000909,CAN000057,2025-04-27,Senior Teacher,REC010,2025-04-30,2025-05-03,2025-05-13,2025-05-20,,Hired,
APP000910,CAN001821,2021-01-17,Experienced Teacher,REC001,2021-01-18,2021-01-23,2021-01-29,2021-02-03,,Hired,
APP000911,CAN001354,2023-03-14,ALT / English Teacher,REC014,2023-03-22,,,,,Hired,
APP000912,CAN001806,2026-02-24,ALT / English Teacher,REC018,2026-02-26,2026-03-03,2026-03-09,2026-03-13,,Hired,
APP000913,CAN001528,2026-05-26,Experienced Teacher,REC023,2026-05-28,2026-06-09,2026-06-12,2026-06-18,,Hired,
APP000914,CAN001661,2022-12-23,ALT / English Teacher,REC001,,,,,,Withdrawn,
APP000915,CAN000650,2024-06-21,Senior Teacher,REC018,,,,,,Withdrawn,
APP000916,CAN000837,2026-10-18,Experienced Teacher,REC005,2026-10-22,2026-10-27,2026-11-06,2026-11-07,,Hired,
APP000917,CAN000794,2025-02-21,Senior Teacher,REC006,2025-02-22,2025-02-25,,,,Interviewing,
APP000918,CAN001715,2026-04-06,ALT / English Teacher,REC011,2026-04-15,,,,,Interviewing,
APP000919,CAN000526,2022-10-28,ALT / English Teacher,REC004,2022-11-01,2022-11-08,,,2022-11-14,Rejected,Work Eligibility
APP000920,CAN001615,2024-12-10,Experienced Teacher,REC004,2024-12-19,2024-12-24,2024-12-29,2025-01-02,,Hired,
APP000921,CAN000061,2021-02-26,Senior Teacher,REC023,2021-03-02,,,,,Hired,
APP000922,CAN001720,2022-12-06,Experienced Teacher,REC005,2022-12-12,2022-12-26,2022-12-29,2023-01-02,,Hired,
APP000923,CAN000747,2023-10-05,Senior Teacher,REC019,2023-10-14,2023-10-25,2023-10-30,2023-11-04,,Hired,
APP000924,CAN001582,2024-12-24,Experienced Teacher,REC013,2025-01-02,2025-01-16,2025-01-19,2025-01-23,,Hired,
APP000925,CAN000565,2021-05-10,Experienced Teacher,REC008,2021-05-11,2021-05-22,2021-05-25,2021-06-01,,Hired,
APP000926,CAN000755,2021-03-26,Senior Teacher,REC002,,,,,,Withdrawn,
APP000927,CAN001740,2026-10-28,ALT / English Teacher,REC016,2026-11-04,,,,,Hired,
APP000928,CAN000527,2025-10-04,Experienced Teacher,REC016,2025-10-12,2025-10-14,2025-10-18,2025-10-20,,Hired,
APP000929,CAN001433,2026-04-04,Senior Teacher,REC015,2026-04-13,2026-04-22,2026-04-26,2026-04-27,,Hired,
APP000930,CAN001174,2026-06-03,Experienced Teacher,REC008,2026-06-13,2026-06-21,,,,Interviewing,
APP000931,CAN001512,2026-08-16,Senior Teacher,REC008,2026-08-19,2026-08-26,2026-09-04,2026-09-07,,Hired,
APP000932,CAN000822,2023-01-24,ALT / English Teacher,REC021,2023-02-02,2023-02-06,2023-02-09,2023-02-16,,Hired,
APP000933,CAN000177,2024-11-18,ALT / English Teacher,REC015,2024-11-27,,,,2024-12-05,Rejected,Work Eligibility
APP000934,CAN000708,2022-01-06,Experienced Teacher,REC009,2022-01-14,2022-01-15,,,2022-01-23,Rejected,Language Requirements
APP000935,CAN001434,2026-05-11,ALT / English Teacher,REC018,2026-05-16,2026-05-17,2026-05-19,2026-05-25,,Hired,
APP000936,CAN001161,2022-06-05,ALT / English Teacher,REC023,2022-06-07,2022-06-08,2022-06-11,2022-06-14,,Hired,
APP000937,CAN001827,2024-07-12,ALT / English Teacher,REC013,2024-07-20,2024-07-30,,,2024-08-04,Rejected,Interview Result
APP000938,CAN000406,2024-09-12,Experienced Teacher,REC024,2024-09-18,2024-10-02,,,,Interviewing,
APP000939,CAN000818,2025-09-05,Senior Teacher,REC018,2025-09-06,,,,,Hired,
APP000940,CAN000360,2025-05-20,ALT / English Teacher,REC021,2025-05-26,2025-05-28,,,2025-05-26,Rejected,Experience
APP000941,CAN000307,2026-06-27,Experienced Teacher,REC002,,,,,,Withdrawn,
APP000942,CAN001438,2022-12-15,ALT / English Teacher,REC008,2022-12-20,2022-12-23,,,,Interviewing,
APP000943,CAN001949,2023-11-01,Senior Teacher,REC014,2023-11-09,2023-11-20,2023-11-21,2023-11-26,,Hired,
APP000944,CAN001759,2021-08-22,Experienced Teacher,REC015,2021-08-28,2021-08-30,2021-09-02,2021-09-08,,Hired,
APP000945,CAN000807,2026-05-17,ALT / English Teacher,REC016,2026-05-21,2026-05-29,2026-05-30,2026-06-06,,Hired,
APP000946,CAN001324,2026-04-14,ALT / English Teacher,REC023,2026-04-15,2026-04-22,,,2026-04-28,Rejected,Work Eligibility
APP000947,CAN000609,2026-09-01,Experienced Teacher,REC007,2026-09-08,2026-09-16,,,2026-09-22,Rejected,Interview Result
APP000948,CAN001776,2021-07-13,ALT / English Teacher,REC003,2021-07-23,2021-08-06,,,2021-07-27,Rejected,Interview Result
APP000949,CAN001555,2023-01-03,Senior Teacher,REC009,,,,,,Withdrawn,
APP000950,CAN001224,2025-04-14,ALT / English Teacher,REC001,2025-04-20,2025-04-27,,,2025-04-23,Rejected,Experience
APP000951,CAN001306,2024-07-22,ALT / English Teacher,REC006,2024-07-30,2024-08-03,2024-08-09,2024-08-13,,Hired,
APP000952,CAN000296,2022-12-03,ALT / English Teacher,REC004,2022-12-05,2022-12-11,,,2022-12-31,Rejected,Language Requirements
APP000953,CAN001926,2024-05-08,Senior Teacher,REC011,2024-05-16,2024-05-24,,,,Interviewing,
APP000954,CAN001457,2025-05-11,Senior Teacher,REC007,2025-05-12,,,,,Hired,
APP000955,CAN001491,2021-01-03,Experienced Teacher,REC006,2021-01-09,2021-01-15,2021-01-21,2021-01-22,,Hired,
APP000956,CAN000384,2022-02-02,Experienced Teacher,REC008,,,,,,Withdrawn,
APP000957,CAN000365,2022-12-17,Experienced Teacher,REC010,2022-12-21,2022-12-24,2022-12-28,2022-12-30,,Hired,
APP000958,CAN000577,2023-07-24,ALT / English Teacher,REC025,,,,,,Withdrawn,
APP000959,CAN001878,2024-05-28,Experienced Teacher,REC022,2024-06-04,2024-06-14,2024-06-16,2024-06-18,,Hired,
APP000960,CAN000588,2022-10-23,Experienced Teacher,REC008,2022-10-24,,,,,Hired,
APP000961,CAN001860,2021-07-01,Senior Teacher,REC006,2021-07-06,2021-07-07,,,,Interviewing,
APP000962,CAN000915,2025-10-19,Experienced Teacher,REC021,2025-10-20,2025-10-30,,,2025-10-28,Rejected,Language Requirements
APP000963,CAN000017,2022-06-28,Experienced Teacher,REC008,2022-07-06,2022-07-10,2022-07-11,2022-07-18,,Hired,
APP000964,CAN000888,2026-02-28,Experienced Teacher,REC009,2026-03-08,,,,2026-03-04,Rejected,Experience
APP000965,CAN000041,2023-09-25,Senior Teacher,REC013,2023-10-05,,,,2023-10-08,Rejected,Work Eligibility
APP000966,CAN000361,2023-09-13,Senior Teacher,REC024,2023-09-21,2023-09-28,,,,Interviewing,
APP000967,CAN001718,2024-06-18,ALT / English Teacher,REC020,2024-06-21,,,,2024-07-01,Rejected,Work Eligibility
APP000968,CAN001701,2025-02-11,Experienced Teacher,REC017,2025-02-17,2025-02-23,2025-02-26,2025-03-05,,Hired,
APP000969,CAN000639,2025-05-21,Senior Teacher,REC020,2025-05-31,2025-06-01,,,,Interviewing,
APP000970,CAN001294,2026-10-26,ALT / English Teacher,REC004,2026-11-01,2026-11-03,,,2026-11-08,Rejected,Language Requirements
APP000971,CAN000537,2022-03-12,Senior Teacher,REC006,,,,,,Withdrawn,
APP000972,CAN001681,2023-07-16,Senior Teacher,REC020,2023-07-23,2023-07-24,2023-07-30,2023-07-31,,Hired,
APP000973,CAN000005,2026-07-21,Experienced Teacher,REC015,2026-07-26,2026-08-01,2026-08-04,2026-08-10,,Hired,
APP000974,CAN000486,2026-04-20,ALT / English Teacher,REC012,2026-04-26,2026-05-10,2026-05-13,2026-05-15,,Hired,
APP000975,CAN001375,2024-07-15,Senior Teacher,REC010,2024-07-20,2024-07-23,2024-07-30,2024-08-02,,Hired,
APP000976,CAN001724,2023-11-08,Experienced Teacher,REC004,2023-11-16,,,,2023-11-18,Rejected,Work Eligibility
APP000977,CAN000389,2024-04-28,Experienced Teacher,REC017,2024-04-30,2024-05-08,2024-05-16,2024-05-17,,Hired,
APP000978,CAN000025,2025-07-10,Senior Teacher,REC022,2025-07-16,2025-07-29,,,,Interviewing,
APP000979,CAN000819,2023-10-20,ALT / English Teacher,REC014,2023-10-22,2023-11-05,2023-11-13,2023-11-20,,Hired,
APP000980,CAN001100,2024-09-10,ALT / English Teacher,REC014,2024-09-17,2024-09-24,2024-09-30,2024-10-01,,Hired,
APP000981,CAN000700,2023-12-24,Senior Teacher,REC015,2023-12-25,2024-01-01,2024-01-08,2024-01-15,,Hired,
APP000982,CAN000788,2025-02-03,Experienced Teacher,REC001,2025-02-10,2025-02-23,,,2025-02-24,Rejected,Work Eligibility
APP000983,CAN001637,2023-09-20,Experienced Teacher,REC021,2023-09-30,2023-10-04,,,,Interviewing,
APP000984,CAN001196,2021-05-23,Senior Teacher,REC017,2021-05-29,2021-05-30,,,2021-05-26,Rejected,Work Eligibility
APP000985,CAN001718,2025-01-16,Senior Teacher,REC004,2025-01-23,2025-01-28,2025-02-05,2025-02-10,,Hired,
APP000986,CAN001809,2025-08-14,Senior Teacher,REC007,2025-08-15,2025-08-21,,,2025-09-03,Rejected,Interview Result
APP000987,CAN001128,2025-02-17,Experienced Teacher,REC025,,,,,,Withdrawn,
APP000988,CAN001895,2025-01-07,Senior Teacher,REC024,2025-01-13,2025-01-15,,,2025-01-20,Rejected,Work Eligibility
APP000989,CAN000952,2023-03-17,ALT / English Teacher,REC024,2023-03-22,2023-03-29,,,2023-04-11,Rejected,Position Filled
APP000990,CAN000154,2026-09-16,Experienced Teacher,REC001,2026-09-19,2026-09-21,,,2026-09-23,Rejected,Availability
APP000991,CAN000480,2022-03-26,ALT / English Teacher,REC005,2022-04-01,2022-04-06,,,2022-04-24,Rejected,Availability
APP000992,CAN000061,2025-11-11,Senior Teacher,REC015,2025-11-14,2025-11-19,2025-11-24,2025-11-28,,Hired,
APP000993,CAN000284,2023-07-04,ALT / English Teacher,REC009,2023-07-11,2023-07-12,,,2023-07-09,Rejected,Position Filled
APP000994,CAN001614,2024-06-13,Senior Teacher,REC019,,,,,,Withdrawn,
APP000995,CAN001496,2026-08-15,Experienced Teacher,REC003,2026-08-20,2026-08-22,2026-08-28,2026-08-30,,Hired,
APP000996,CAN000086,2025-12-08,Senior Teacher,REC006,2025-12-18,2025-12-28,2026-01-01,2026-01-06,,Hired,
APP000997,CAN001336,2023-07-17,ALT / English Teacher,REC017,2023-07-18,2023-07-19,2023-07-26,2023-07-29,,Hired,
APP000998,CAN000700,2021-12-27,ALT / English Teacher,REC020,2022-01-02,2022-01-14,2022-01-20,2022-01-23,,Hired,
APP000999,CAN000205,2026-06-13,ALT / English Teacher,REC002,2026-06-15,2026-06-28,2026-06-29,2026-07-01,,Hired,
APP001000,CAN001438,2021-04-19,ALT / English Teacher,REC013,2021-04-24,2021-05-02,,,2021-05-08,Rejected,Language Requirements
APP001001,CAN000621,2023-06-04,Experienced Teacher,REC014,,,,,,Withdrawn,
APP001002,CAN001391,2024-10-02,ALT / English Teacher,REC015,2024-10-06,2024-10-20,2024-10-23,2024-10-30,,Hired,
APP001003,CAN001295,2022-03-23,Experienced Teacher,REC007,,,,,,Withdrawn,
APP001004,CAN001807,2023-05-15,ALT / English Teacher,REC015,2023-05-21,2023-05-24,,,2023-05-24,Rejected,Language Requirements
APP001005,CAN001503,2022-11-02,Experienced Teacher,REC015,2022-11-11,2022-11-18,,,2022-11-05,Rejected,Interview Result
APP001006,CAN000240,2021-02-17,Senior Teacher,REC019,2021-02-25,,,,2021-03-19,Rejected,Experience
APP001007,CAN000834,2021-07-04,Experienced Teacher,REC021,2021-07-10,2021-07-14,,,2021-07-07,Rejected,Position Filled
APP001008,CAN000065,2022-09-14,ALT / English Teacher,REC009,,,,,,Withdrawn,
APP001009,CAN001371,2026-05-07,Senior Teacher,REC012,2026-05-13,2026-05-20,,,2026-05-27,Rejected,Interview Result
APP001010,CAN001990,2025-12-07,Senior Teacher,REC018,,,,,,Withdrawn,
APP001011,CAN000701,2025-07-13,ALT / English Teacher,REC010,2025-07-20,2025-07-22,2025-07-26,2025-07-31,,Hired,
APP001012,CAN000250,2022-08-11,ALT / English Teacher,REC006,2022-08-16,,,,,Hired,
APP001013,CAN001232,2022-04-01,Experienced Teacher,REC003,2022-04-06,2022-04-10,2022-04-17,2022-04-19,,Hired,
APP001014,CAN001286,2026-05-09,Experienced Teacher,REC006,2026-05-18,2026-05-28,2026-06-01,2026-06-04,,Hired,
APP001015,CAN000022,2022-03-03,Experienced Teacher,REC011,2022-03-10,2022-03-19,,,,Interviewing,
APP001016,CAN001207,2024-04-16,ALT / English Teacher,REC024,2024-04-24,2024-04-28,,,2024-05-07,Rejected,Work Eligibility
APP001017,CAN001676,2022-10-13,Senior Teacher,REC024,2022-10-21,2022-10-24,2022-11-03,2022-11-07,,Hired,
APP001018,CAN000986,2021-11-10,ALT / English Teacher,REC012,2021-11-14,,,,,Hired,
APP001019,CAN001696,2022-07-17,ALT / English Teacher,REC017,2022-07-23,2022-07-28,2022-08-02,2022-08-09,,Hired,
APP001020,CAN001027,2022-03-26,Experienced Teacher,REC009,2022-03-29,,,,2022-04-23,Rejected,Work Eligibility
APP001021,CAN001047,2025-06-24,ALT / English Teacher,REC025,2025-06-26,2025-06-30,2025-07-09,2025-07-10,,Hired,
APP001022,CAN000865,2024-04-26,Senior Teacher,REC003,2024-04-30,2024-05-03,,,,Interviewing,
APP001023,CAN001163,2023-03-28,Experienced Teacher,REC024,2023-04-06,2023-04-14,,,2023-04-22,Rejected,Work Eligibility
APP001024,CAN001813,2021-03-25,Senior Teacher,REC003,2021-04-03,2021-04-15,2021-04-23,2021-04-28,,Hired,
APP001025,CAN000739,2023-06-03,ALT / English Teacher,REC022,2023-06-11,2023-06-20,2023-06-22,2023-06-27,,Hired,
APP001026,CAN000893,2023-09-07,Senior Teacher,REC005,2023-09-15,2023-09-17,,,2023-09-27,Rejected,Work Eligibility
APP001027,CAN000145,2026-07-11,ALT / English Teacher,REC015,2026-07-19,2026-07-21,2026-07-26,2026-08-01,,Hired,
APP001028,CAN000048,2024-03-04,Experienced Teacher,REC001,,,,,,Withdrawn,
APP001029,CAN001464,2023-05-28,ALT / English Teacher,REC011,2023-05-29,2023-06-04,,,2023-06-17,Rejected,Work Eligibility
APP001030,CAN000666,2026-09-09,Experienced Teacher,REC024,,,,,,Withdrawn,
APP001031,CAN001765,2021-03-06,ALT / English Teacher,REC005,2021-03-15,2021-03-25,,,2021-04-02,Rejected,Availability
APP001032,CAN000526,2024-05-24,Experienced Teacher,REC002,2024-05-25,2024-05-31,,,2024-06-10,Rejected,Language Requirements
APP001033,CAN000248,2025-12-15,ALT / English Teacher,REC020,2025-12-23,2026-01-03,2026-01-05,2026-01-11,,Hired,
APP001034,CAN001810,2026-02-17,ALT / English Teacher,REC003,2026-02-26,2026-03-06,2026-03-09,2026-03-12,,Hired,
APP001035,CAN000482,2021-07-02,Experienced Teacher,REC018,2021-07-04,2021-07-16,2021-07-21,2021-07-24,,Hired,
APP001036,CAN000836,2022-01-16,Experienced Teacher,REC024,2022-01-22,2022-02-04,,,2022-02-13,Rejected,Language Requirements
APP001037,CAN001626,2022-06-12,ALT / English Teacher,REC013,2022-06-21,2022-06-29,2022-07-07,2022-07-12,,Hired,
APP001038,CAN001530,2024-11-02,Experienced Teacher,REC021,2024-11-09,2024-11-17,2024-11-27,2024-12-04,,Hired,
APP001039,CAN000213,2021-02-20,ALT / English Teacher,REC016,2021-03-02,,,,,Interviewing,
APP001040,CAN000097,2021-07-17,Senior Teacher,REC018,2021-07-23,2021-07-30,2021-08-06,2021-08-10,,Hired,
APP001041,CAN000180,2021-01-25,Senior Teacher,REC003,2021-01-28,,,,,Interviewing,
APP001042,CAN000065,2021-02-28,Experienced Teacher,REC005,2021-03-08,2021-03-17,2021-03-18,2021-03-24,,Hired,
APP001043,CAN001881,2024-04-14,ALT / English Teacher,REC005,2024-04-16,2024-04-20,,,2024-05-08,Rejected,Availability
APP001044,CAN000371,2026-10-09,Experienced Teacher,REC023,2026-10-12,,,,2026-10-28,Rejected,Position Filled
APP001045,CAN001970,2023-08-14,ALT / English Teacher,REC013,2023-08-22,,,,,Interviewing,
APP001046,CAN000836,2026-10-16,Experienced Teacher,REC016,2026-10-23,2026-10-29,2026-11-02,2026-11-05,,Hired,
APP001047,CAN000188,2025-04-21,Senior Teacher,REC008,2025-04-28,2025-05-03,2025-05-10,2025-05-14,,Hired,
APP001048,CAN001163,2025-10-11,Experienced Teacher,REC013,2025-10-15,2025-10-27,2025-11-01,2025-11-06,,Hired,
APP001049,CAN001453,2023-01-07,Senior Teacher,REC006,2023-01-14,2023-01-15,2023-01-19,2023-01-22,,Hired,
APP001050,CAN000370,2026-05-03,ALT / English Teacher,REC020,2026-05-06,,,,2026-05-31,Rejected,Interview Result
APP001051,CAN000589,2022-08-03,Senior Teacher,REC005,2022-08-12,,,,,Hired,
APP001052,CAN000212,2024-09-02,Senior Teacher,REC011,2024-09-09,2024-09-19,2024-09-26,2024-09-28,,Hired,
APP001053,CAN000120,2021-05-23,Senior Teacher,REC009,,,,,,Withdrawn,
APP001054,CAN001785,2025-08-19,ALT / English Teacher,REC004,2025-08-27,,,,2025-09-08,Rejected,Work Eligibility
APP001055,CAN001952,2026-02-04,ALT / English Teacher,REC009,2026-02-11,2026-02-21,2026-02-27,2026-03-05,,Hired,
APP001056,CAN000268,2026-05-13,ALT / English Teacher,REC007,2026-05-14,2026-05-24,,,2026-05-25,Rejected,Interview Result
APP001057,CAN001265,2022-04-20,Senior Teacher,REC018,2022-04-24,,,,2022-05-01,Rejected,Position Filled
APP001058,CAN000493,2021-06-09,Experienced Teacher,REC008,2021-06-19,2021-06-24,2021-06-28,2021-07-05,,Hired,
APP001059,CAN000331,2021-11-02,Senior Teacher,REC003,2021-11-11,2021-11-18,,,2021-11-19,Rejected,Availability
APP001060,CAN001209,2021-12-22,Senior Teacher,REC012,2021-12-30,2022-01-06,2022-01-13,2022-01-14,,Hired,
APP001061,CAN000617,2024-01-12,Senior Teacher,REC021,2024-01-19,2024-01-28,2024-02-04,2024-02-07,,Hired,
APP001062,CAN001988,2022-08-07,ALT / English Teacher,REC004,2022-08-15,2022-08-16,,,2022-09-05,Rejected,Availability
APP001063,CAN000785,2021-09-05,Senior Teacher,REC020,2021-09-15,,,,,Hired,
APP001064,CAN000428,2022-04-07,ALT / English Teacher,REC011,,,,,,Withdrawn,
APP001065,CAN000136,2021-03-19,Experienced Teacher,REC023,2021-03-25,2021-04-08,2021-04-09,2021-04-14,,Hired,
APP001066,CAN001824,2022-12-22,Senior Teacher,REC005,2022-12-26,,,,2023-01-10,Rejected,Availability
APP001067,CAN000625,2024-03-15,Experienced Teacher,REC016,2024-03-16,2024-03-28,,,2024-04-06,Rejected,Availability
APP001068,CAN001669,2024-06-10,Experienced Teacher,REC025,,,,,,Withdrawn,
APP001069,CAN001933,2022-12-11,Senior Teacher,REC017,2022-12-21,2022-12-29,,,,Interviewing,
APP001070,CAN001033,2022-11-10,ALT / English Teacher,REC025,2022-11-18,,,,,Interviewing,
APP001071,CAN001157,2024-09-24,Experienced Teacher,REC018,2024-09-30,2024-10-01,,,2024-10-12,Rejected,Interview Result
APP001072,CAN001671,2022-03-07,Senior Teacher,REC002,2022-03-17,,,,,Hired,
APP001073,CAN001194,2025-05-08,ALT / English Teacher,REC019,2025-05-10,2025-05-14,2025-05-23,2025-05-25,,Hired,
APP001074,CAN001245,2021-01-14,Senior Teacher,REC017,2021-01-21,2021-01-30,,,,Interviewing,
APP001075,CAN000190,2022-08-08,Senior Teacher,REC022,2022-08-17,2022-08-18,,,2022-08-28,Rejected,Experience
APP001076,CAN000835,2022-05-26,Senior Teacher,REC014,2022-05-27,2022-06-08,2022-06-09,2022-06-12,,Hired,
APP001077,CAN001074,2025-07-21,Senior Teacher,REC016,2025-07-30,,,,,Hired,
APP001078,CAN001507,2023-08-25,Senior Teacher,REC016,2023-08-28,2023-09-08,,,,Interviewing,
APP001079,CAN000426,2024-01-06,ALT / English Teacher,REC014,2024-01-11,2024-01-22,2024-01-26,2024-02-01,,Hired,
APP001080,CAN001099,2022-02-27,Experienced Teacher,REC024,2022-03-06,2022-03-16,2022-03-22,2022-03-24,,Hired,
APP001081,CAN000432,2022-05-28,ALT / English Teacher,REC010,2022-06-05,2022-06-17,2022-06-18,2022-06-24,,Hired,
APP001082,CAN000486,2022-03-10,ALT / English Teacher,REC023,2022-03-16,2022-03-20,2022-03-22,2022-03-26,,Hired,
APP001083,CAN001650,2025-03-06,Senior Teacher,REC007,2025-03-08,2025-03-15,,,,Interviewing,
APP001084,CAN000492,2023-08-28,Senior Teacher,REC008,2023-08-31,2023-09-04,2023-09-08,2023-09-10,,Hired,
APP001085,CAN000442,2024-02-09,Experienced Teacher,REC022,,,,,,Withdrawn,
APP001086,CAN001240,2023-09-05,ALT / English Teacher,REC004,2023-09-11,,,,,Hired,
APP001087,CAN000517,2024-05-06,Experienced Teacher,REC020,2024-05-16,2024-05-24,2024-05-27,2024-05-31,,Hired,
APP001088,CAN000342,2025-06-17,ALT / English Teacher,REC003,2025-06-19,2025-06-22,2025-07-02,2025-07-07,,Hired,
APP001089,CAN000664,2022-06-27,Experienced Teacher,REC006,2022-07-01,,,,,Hired,
APP001090,CAN001695,2021-06-02,ALT / English Teacher,REC014,2021-06-12,2021-06-24,,,2021-06-30,Rejected,Experience
APP001091,CAN000956,2024-10-26,Senior Teacher,REC009,2024-11-04,2024-11-07,2024-11-16,2024-11-19,,Hired,
APP001092,CAN000644,2021-03-16,Senior Teacher,REC007,2021-03-19,2021-03-30,,,2021-04-02,Rejected,Experience
APP001093,CAN001062,2026-04-25,Senior Teacher,REC015,2026-05-01,,,,,Hired,
APP001094,CAN001487,2022-01-18,ALT / English Teacher,REC003,2022-01-27,2022-01-31,2022-02-08,2022-02-15,,Hired,
APP001095,CAN000014,2024-12-12,Senior Teacher,REC021,2024-12-20,2024-12-23,,,2025-01-11,Rejected,Availability
APP001096,CAN000470,2021-12-26,Senior Teacher,REC005,2022-01-03,2022-01-05,2022-01-07,2022-01-14,,Hired,
APP001097,CAN000351,2026-10-09,ALT / English Teacher,REC001,2026-10-16,2026-10-29,,,2026-10-23,Rejected,Language Requirements
APP001098,CAN001056,2021-07-16,Experienced Teacher,REC018,2021-07-17,2021-07-26,2021-08-01,2021-08-03,,Hired,
APP001099,CAN001250,2024-12-17,Senior Teacher,REC013,,,,,,Withdrawn,
APP001100,CAN000986,2021-06-15,Senior Teacher,REC012,2021-06-25,2021-07-06,,,2021-06-27,Rejected,Position Filled
APP001101,CAN001866,2022-02-07,Experienced Teacher,REC004,2022-02-13,2022-02-22,,,2022-03-06,Rejected,Experience
APP001102,CAN001427,2026-10-15,Experienced Teacher,REC004,2026-10-19,2026-10-22,,,2026-10-29,Rejected,Work Eligibility
APP001103,CAN000222,2025-03-13,ALT / English Teacher,REC018,2025-03-16,2025-03-23,2025-03-26,2025-04-02,,Hired,
APP001104,CAN001275,2024-11-27,Experienced Teacher,REC018,2024-12-02,,,,,Hired,
APP001105,CAN000298,2022-03-01,ALT / English Teacher,REC016,2022-03-03,2022-03-16,2022-03-23,2022-03-28,,Hired,
APP001106,CAN000449,2021-06-24,ALT / English Teacher,REC013,2021-06-30,2021-07-08,2021-07-18,2021-07-22,,Hired,
APP001107,CAN000493,2022-12-17,Experienced Teacher,REC003,,,,,,Withdrawn,
APP001108,CAN000104,2021-05-14,ALT / English Teacher,REC007,2021-05-15,,,,2021-06-09,Rejected,Interview Result
APP001109,CAN000282,2024-12-10,Experienced Teacher,REC018,2024-12-16,2024-12-22,,,2025-01-04,Rejected,Position Filled
APP001110,CAN000810,2023-02-02,ALT / English Teacher,REC009,2023-02-05,2023-02-08,,,,Interviewing,
APP001111,CAN000617,2024-11-12,ALT / English Teacher,REC001,2024-11-20,2024-11-21,,,2024-12-06,Rejected,Experience
APP001112,CAN001610,2023-02-08,Experienced Teacher,REC019,2023-02-12,2023-02-16,,,,Interviewing,
APP001113,CAN001454,2021-04-23,Senior Teacher,REC005,2021-04-25,2021-05-08,,,,Interviewing,
APP001114,CAN000572,2021-03-08,Senior Teacher,REC011,2021-03-13,2021-03-24,,,2021-03-27,Rejected,Position Filled
APP001115,CAN000888,2021-08-07,Experienced Teacher,REC011,,,,,,Withdrawn,
APP001116,CAN001884,2021-02-08,ALT / English Teacher,REC012,2021-02-09,2021-02-13,,,2021-02-25,Rejected,Work Eligibility
APP001117,CAN000341,2025-11-23,Experienced Teacher,REC006,2025-11-29,2025-12-01,,,2025-12-10,Rejected,Position Filled
APP001118,CAN000407,2026-10-02,Senior Teacher,REC018,2026-10-06,2026-10-14,,,,Interviewing,
APP001119,CAN000806,2026-12-28,Senior Teacher,REC017,2026-12-29,,,,,Interviewing,
APP001120,CAN000414,2021-11-22,ALT / English Teacher,REC011,2021-11-25,2021-12-04,,,,Interviewing,
APP001121,CAN001373,2025-12-01,Senior Teacher,REC014,2025-12-04,2025-12-17,2025-12-18,2025-12-22,,Hired,
APP001122,CAN001419,2021-08-05,Senior Teacher,REC013,2021-08-10,,,,,Interviewing,
APP001123,CAN000708,2025-06-23,Senior Teacher,REC010,2025-06-27,2025-07-06,2025-07-16,2025-07-17,,Hired,
APP001124,CAN001495,2021-02-07,ALT / English Teacher,REC001,,,,,,Withdrawn,
APP001125,CAN001861,2026-09-02,ALT / English Teacher,REC005,,,,,,Withdrawn,
APP001126,CAN000335,2022-08-28,Senior Teacher,REC002,2022-09-03,2022-09-14,2022-09-16,2022-09-18,,Hired,
APP001127,CAN000913,2026-10-26,Senior Teacher,REC005,2026-10-29,2026-11-11,,,,Interviewing,
APP001128,CAN000464,2025-08-03,ALT / English Teacher,REC006,2025-08-07,2025-08-20,2025-08-21,2025-08-22,,Hired,
APP001129,CAN000844,2026-04-28,Experienced Teacher,REC015,2026-05-07,,,,,Hired,
APP001130,CAN000630,2024-10-14,Senior Teacher,REC024,2024-10-18,2024-10-30,,,,Interviewing,
APP001131,CAN001917,2022-01-16,ALT / English Teacher,REC020,2022-01-26,2022-01-28,,,,Interviewing,
APP001132,CAN000632,2024-08-06,Experienced Teacher,REC015,2024-08-08,2024-08-12,2024-08-17,2024-08-18,,Hired,
APP001133,CAN001496,2026-07-13,ALT / English Teacher,REC011,2026-07-16,2026-07-23,,,2026-07-19,Rejected,Position Filled
APP001134,CAN001004,2026-11-09,Experienced Teacher,REC010,,,,,,Withdrawn,
APP001135,CAN001532,2025-02-18,Senior Teacher,REC019,2025-02-26,2025-02-27,2025-03-01,2025-03-07,,Hired,
APP001136,CAN000141,2021-05-26,ALT / English Teacher,REC012,2021-05-30,2021-06-05,,,2021-06-17,Rejected,Experience
APP001137,CAN001755,2022-11-25,ALT / English Teacher,REC009,2022-12-05,2022-12-08,,,2022-12-02,Rejected,Language Requirements
APP001138,CAN001547,2021-11-02,ALT / English Teacher,REC024,2021-11-08,2021-11-20,2021-11-29,2021-12-01,,Hired,
APP001139,CAN001744,2026-09-07,ALT / English Teacher,REC017,2026-09-14,,,,2026-09-16,Rejected,Experience
APP001140,CAN001882,2022-08-11,Experienced Teacher,REC003,2022-08-12,,,,,Hired,
APP001141,CAN000456,2023-03-14,Senior Teacher,REC005,2023-03-16,2023-03-19,,,2023-04-12,Rejected,Position Filled
APP001142,CAN001324,2023-01-01,Experienced Teacher,REC013,2023-01-09,,,,2023-01-26,Rejected,Availability
APP001143,CAN001385,2026-01-24,Experienced Teacher,REC012,2026-01-29,2026-02-12,2026-02-17,2026-02-22,,Hired,
APP001144,CAN000665,2022-01-17,Experienced Teacher,REC024,2022-01-26,2022-02-05,,,,Interviewing,
APP001145,CAN000738,2022-07-16,Senior Teacher,REC011,2022-07-24,2022-07-26,,,2022-07-24,Rejected,Position Filled
APP001146,CAN000557,2024-05-19,ALT / English Teacher,REC020,,,,,,Withdrawn,
APP001147,CAN001725,2026-06-07,Senior Teacher,REC012,2026-06-16,2026-06-24,2026-06-30,2026-07-02,,Hired,
APP001148,CAN001971,2023-09-08,ALT / English Teacher,REC007,2023-09-10,,,,,Hired,
APP001149,CAN000004,2023-09-27,ALT / English Teacher,REC025,2023-10-04,2023-10-05,2023-10-09,2023-10-14,,Hired,
APP001150,CAN000006,2025-09-26,Experienced Teacher,REC023,2025-09-27,2025-10-08,2025-10-12,2025-10-17,,Hired,
APP001151,CAN001043,2021-10-23,ALT / English Teacher,REC025,2021-10-24,,,,,Interviewing,
APP001152,CAN000232,2022-09-13,ALT / English Teacher,REC002,2022-09-15,2022-09-27,,,2022-09-16,Rejected,Interview Result
APP001153,CAN001447,2024-12-12,Experienced Teacher,REC002,2024-12-16,2024-12-26,2025-01-04,2025-01-08,,Hired,
APP001154,CAN001757,2022-07-12,ALT / English Teacher,REC015,2022-07-20,2022-07-25,,,,Interviewing,
APP001155,CAN000800,2024-03-27,Senior Teacher,REC018,2024-04-04,,,,2024-04-08,Rejected,Interview Result
APP001156,CAN000540,2024-01-28,Experienced Teacher,REC005,,,,,,Withdrawn,
APP001157,CAN000474,2025-05-19,Experienced Teacher,REC004,2025-05-24,2025-06-01,2025-06-06,2025-06-07,,Hired,
APP001158,CAN001604,2021-07-23,Senior Teacher,REC019,2021-07-27,2021-08-05,2021-08-06,2021-08-08,,Hired,
APP001159,CAN001682,2024-09-28,Experienced Teacher,REC019,,,,,,Withdrawn,
APP001160,CAN001727,2026-11-28,Senior Teacher,REC012,2026-12-02,2026-12-03,,,2026-12-25,Rejected,Interview Result
APP001161,CAN000726,2024-04-27,Senior Teacher,REC012,2024-04-30,2024-05-03,2024-05-04,2024-05-05,,Hired,
APP001162,CAN001781,2026-04-24,ALT / English Teacher,REC017,2026-05-04,2026-05-05,2026-05-10,2026-05-15,,Hired,
APP001163,CAN000325,2025-01-01,Senior Teacher,REC010,2025-01-11,2025-01-18,2025-01-23,2025-01-30,,Hired,
APP001164,CAN001512,2024-01-03,Senior Teacher,REC013,2024-01-10,2024-01-22,2024-01-26,2024-01-30,,Hired,
APP001165,CAN000160,2025-04-26,Senior Teacher,REC009,2025-05-05,2025-05-10,,,2025-05-24,Rejected,Experience
APP001166,CAN000689,2024-02-19,Senior Teacher,REC021,2024-02-23,2024-03-08,,,2024-03-20,Rejected,Interview Result
APP001167,CAN000771,2021-12-23,Experienced Teacher,REC011,2022-01-02,,,,,Hired,
APP001168,CAN001495,2023-06-28,Experienced Teacher,REC022,2023-07-03,2023-07-05,,,,Interviewing,
APP001169,CAN000577,2022-06-28,Senior Teacher,REC017,2022-07-08,,,,,Hired,
APP001170,CAN001634,2025-07-16,ALT / English Teacher,REC021,2025-07-21,2025-08-01,,,,Interviewing,
APP001171,CAN000474,2024-07-24,Senior Teacher,REC025,2024-07-27,2024-08-10,,,,Interviewing,
APP001172,CAN001425,2022-05-01,ALT / English Teacher,REC011,2022-05-07,,,,,Interviewing,
APP001173,CAN001283,2023-11-22,ALT / English Teacher,REC025,2023-11-24,2023-11-29,2023-12-01,2023-12-08,,Hired,
APP001174,CAN001763,2025-07-02,ALT / English Teacher,REC020,2025-07-10,2025-07-12,2025-07-18,2025-07-21,,Hired,
APP001175,CAN001772,2022-08-26,Experienced Teacher,REC006,2022-08-29,2022-09-01,,,2022-08-30,Rejected,Interview Result
APP001176,CAN001498,2025-07-08,Senior Teacher,REC018,2025-07-15,2025-07-18,,,,Interviewing,
APP001177,CAN001742,2026-12-23,Experienced Teacher,REC008,2026-12-31,2027-01-09,,,,Interviewing,
APP001178,CAN000521,2021-03-15,Senior Teacher,REC021,2021-03-18,2021-03-25,2021-03-26,2021-03-29,,Hired,
APP001179,CAN000750,2026-06-02,Experienced Teacher,REC013,2026-06-06,2026-06-18,2026-06-21,2026-06-24,,Hired,
APP001180,CAN000707,2025-01-12,Experienced Teacher,REC012,2025-01-19,2025-01-24,2025-02-02,2025-02-07,,Hired,
APP001181,CAN001180,2022-11-16,Experienced Teacher,REC013,2022-11-22,2022-11-30,2022-12-05,2022-12-10,,Hired,
APP001182,CAN001858,2026-10-07,ALT / English Teacher,REC024,2026-10-08,2026-10-15,2026-10-23,2026-10-28,,Hired,
APP001183,CAN001009,2021-09-01,Experienced Teacher,REC013,,,,,,Withdrawn,
APP001184,CAN000692,2025-12-03,Experienced Teacher,REC012,2025-12-10,2025-12-23,,,2025-12-18,Rejected,Language Requirements
APP001185,CAN001109,2025-06-07,ALT / English Teacher,REC025,2025-06-14,,,,,Hired,
APP001186,CAN001593,2025-01-06,Senior Teacher,REC025,,,,,,Withdrawn,
APP001187,CAN001035,2023-07-09,ALT / English Teacher,REC022,2023-07-17,2023-07-18,2023-07-19,2023-07-24,,Hired,
APP001188,CAN001194,2025-09-26,Experienced Teacher,REC010,2025-10-02,2025-10-10,,,,Interviewing,
APP001189,CAN000961,2021-08-19,ALT / English Teacher,REC002,2021-08-23,2021-08-29,,,2021-09-01,Rejected,Work Eligibility
APP001190,CAN001530,2021-09-13,Senior Teacher,REC011,2021-09-22,2021-09-28,,,2021-09-23,Rejected,Position Filled
APP001191,CAN001663,2023-10-27,Experienced Teacher,REC002,2023-11-02,2023-11-05,2023-11-13,2023-11-17,,Hired,
APP001192,CAN000409,2021-07-06,ALT / English Teacher,REC020,2021-07-14,2021-07-18,2021-07-25,2021-07-28,,Hired,
APP001193,CAN000976,2026-10-19,Senior Teacher,REC014,2026-10-27,2026-11-08,2026-11-14,2026-11-15,,Hired,
APP001194,CAN001558,2025-01-17,ALT / English Teacher,REC017,2025-01-23,,,,2025-01-28,Rejected,Interview Result
APP001195,CAN000469,2026-02-12,Senior Teacher,REC021,2026-02-17,,,,,Hired,
APP001196,CAN000578,2024-06-24,Senior Teacher,REC005,2024-06-26,2024-07-09,,,2024-07-23,Rejected,Experience
APP001197,CAN000363,2025-09-21,Experienced Teacher,REC019,2025-09-24,2025-10-06,,,2025-10-07,Rejected,Position Filled
APP001198,CAN000032,2025-09-20,Experienced Teacher,REC014,2025-09-26,,,,,Interviewing,
APP001199,CAN001953,2024-01-12,Senior Teacher,REC008,2024-01-16,2024-01-26,,,,Interviewing,
APP001200,CAN001931,2021-10-06,Experienced Teacher,REC023,2021-10-11,2021-10-19,,,2021-11-04,Rejected,Language Requirements
APP001201,CAN000625,2024-05-01,ALT / English Teacher,REC014,2024-05-04,2024-05-06,,,,Interviewing,
APP001202,CAN001783,2022-12-28,Senior Teacher,REC013,2023-01-05,2023-01-17,2023-01-18,2023-01-20,,Hired,
APP001203,CAN001720,2026-04-08,ALT / English Teacher,REC007,2026-04-18,,,,,Interviewing,
APP001204,CAN001779,2024-07-23,Senior Teacher,REC015,2024-07-30,,,,,Interviewing,
APP001205,CAN000504,2025-01-11,Experienced Teacher,REC025,2025-01-15,2025-01-18,,,,Interviewing,
APP001206,CAN000191,2023-04-13,Experienced Teacher,REC003,2023-04-22,2023-04-26,,,,Interviewing,
APP001207,CAN000347,2024-07-16,Senior Teacher,REC010,,,,,,Withdrawn,
APP001208,CAN000615,2025-03-10,Experienced Teacher,REC004,2025-03-20,2025-03-28,2025-03-31,2025-04-03,,Hired,
APP001209,CAN001389,2026-03-04,ALT / English Teacher,REC018,2026-03-11,2026-03-25,,,2026-04-01,Rejected,Position Filled
APP001210,CAN001897,2024-08-12,Senior Teacher,REC024,2024-08-21,2024-08-26,,,,Interviewing,
APP001211,CAN001135,2022-11-06,ALT / English Teacher,REC016,2022-11-10,2022-11-12,2022-11-21,2022-11-23,,Hired,
APP001212,CAN001010,2024-03-07,Experienced Teacher,REC023,2024-03-13,2024-03-21,,,2024-04-06,Rejected,Position Filled
APP001213,CAN000815,2025-02-09,ALT / English Teacher,REC003,2025-02-11,2025-02-17,,,2025-02-18,Rejected,Position Filled
APP001214,CAN000146,2025-04-13,Senior Teacher,REC025,2025-04-16,2025-04-25,2025-05-01,2025-05-03,,Hired,
APP001215,CAN000308,2024-06-05,ALT / English Teacher,REC023,2024-06-10,2024-06-20,,,,Interviewing,
APP001216,CAN001088,2024-12-26,ALT / English Teacher,REC014,2024-12-29,2024-12-30,2025-01-09,2025-01-14,,Hired,
APP001217,CAN000141,2022-05-16,ALT / English Teacher,REC024,2022-05-26,2022-05-27,2022-06-01,2022-06-04,,Hired,
APP001218,CAN001076,2026-03-18,ALT / English Teacher,REC020,2026-03-19,2026-03-27,,,,Interviewing,
APP001219,CAN000406,2025-10-26,Senior Teacher,REC015,2025-10-29,2025-10-30,2025-11-06,2025-11-09,,Hired,
APP001220,CAN000424,2025-09-07,Senior Teacher,REC016,2025-09-17,2025-09-19,,,2025-10-02,Rejected,Experience
APP001221,CAN001157,2021-01-15,ALT / English Teacher,REC016,2021-01-23,,,,,Hired,
APP001222,CAN001384,2024-04-08,Experienced Teacher,REC008,,,,,,Withdrawn,
APP001223,CAN000202,2021-07-21,Senior Teacher,REC016,2021-07-31,,,,,Hired,
APP001224,CAN000056,2024-11-08,Senior Teacher,REC009,2024-11-15,,,,,Hired,
APP001225,CAN001773,2025-11-18,ALT / English Teacher,REC019,2025-11-26,,,,,Hired,
APP001226,CAN001362,2026-02-09,Experienced Teacher,REC012,2026-02-19,2026-03-03,,,,Interviewing,
APP001227,CAN000858,2026-04-22,Experienced Teacher,REC004,2026-04-25,2026-05-01,,,2026-05-15,Rejected,Availability
APP001228,CAN001072,2023-11-05,ALT / English Teacher,REC024,,,,,,Withdrawn,
APP001229,CAN000635,2023-03-10,Senior Teacher,REC002,2023-03-18,2023-03-25,,,,Interviewing,
APP001230,CAN000880,2025-08-03,Experienced Teacher,REC022,2025-08-11,2025-08-23,,,2025-08-19,Rejected,Interview Result
APP001231,CAN001648,2022-09-09,Senior Teacher,REC012,2022-09-14,2022-09-19,2022-09-20,2022-09-23,,Hired,
APP001232,CAN001120,2025-09-18,Senior Teacher,REC014,2025-09-24,2025-10-04,,,2025-10-18,Rejected,Availability
APP001233,CAN001213,2023-05-08,ALT / English Teacher,REC025,2023-05-10,2023-05-15,2023-05-20,2023-05-26,,Hired,
APP001234,CAN001886,2024-03-18,Experienced Teacher,REC025,,,,,,Withdrawn,
APP001235,CAN001657,2025-11-13,Senior Teacher,REC017,2025-11-16,,,,,Hired,
APP001236,CAN001292,2026-03-27,Senior Teacher,REC002,2026-03-28,2026-04-01,,,2026-03-31,Rejected,Position Filled
APP001237,CAN001491,2024-10-02,Senior Teacher,REC018,,,,,,Withdrawn,
APP001238,CAN000606,2026-06-10,ALT / English Teacher,REC004,2026-06-12,2026-06-16,2026-06-25,2026-07-01,,Hired,
APP001239,CAN000940,2025-01-03,Experienced Teacher,REC015,2025-01-13,2025-01-15,,,2025-01-23,Rejected,Language Requirements
APP001240,CAN001783,2024-03-22,Senior Teacher,REC015,2024-03-30,2024-03-31,2024-04-03,2024-04-05,,Hired,
APP001241,CAN000363,2024-02-02,ALT / English Teacher,REC002,2024-02-06,2024-02-20,,,,Interviewing,
APP001242,CAN000857,2021-09-12,Senior Teacher,REC021,2021-09-21,2021-09-27,,,2021-10-12,Rejected,Interview Result
APP001243,CAN001471,2021-04-19,ALT / English Teacher,REC018,2021-04-29,2021-04-30,,,,Interviewing,
APP001244,CAN000258,2022-07-06,Senior Teacher,REC013,2022-07-11,2022-07-19,,,2022-07-11,Rejected,Availability
APP001245,CAN001991,2022-05-18,ALT / English Teacher,REC002,2022-05-20,2022-05-31,,,2022-05-28,Rejected,Position Filled
APP001246,CAN000277,2026-01-28,ALT / English Teacher,REC015,2026-02-06,2026-02-07,2026-02-10,2026-02-17,,Hired,
APP001247,CAN001686,2024-11-24,ALT / English Teacher,REC020,2024-11-27,2024-11-30,,,2024-12-14,Rejected,Availability
APP001248,CAN001760,2021-01-09,ALT / English Teacher,REC003,2021-01-19,2021-01-28,,,,Interviewing,
APP001249,CAN001551,2025-09-25,Senior Teacher,REC023,2025-10-04,2025-10-06,2025-10-14,2025-10-16,,Hired,
APP001250,CAN000326,2022-05-22,ALT / English Teacher,REC022,2022-05-23,2022-06-02,,,2022-05-27,Rejected,Work Eligibility
APP001251,CAN000054,2024-02-19,ALT / English Teacher,REC004,2024-02-22,2024-02-23,,,2024-03-03,Rejected,Language Requirements
APP001252,CAN000495,2021-08-16,Experienced Teacher,REC006,2021-08-20,2021-09-03,,,2021-09-08,Rejected,Interview Result
APP001253,CAN000622,2021-12-21,Experienced Teacher,REC017,2021-12-27,2021-12-28,,,,Interviewing,
APP001254,CAN000517,2022-03-11,ALT / English Teacher,REC022,,,,,,Withdrawn,
APP001255,CAN001734,2024-11-20,ALT / English Teacher,REC008,2024-11-27,2024-12-03,,,2024-11-27,Rejected,Language Requirements
APP001256,CAN000397,2026-04-09,Experienced Teacher,REC001,2026-04-16,2026-04-17,2026-04-27,2026-04-28,,Hired,
APP001257,CAN001988,2025-11-19,Senior Teacher,REC017,2025-11-21,2025-11-25,,,2025-12-11,Rejected,Position Filled
APP001258,CAN001831,2021-03-07,ALT / English Teacher,REC024,2021-03-09,2021-03-15,2021-03-22,2021-03-26,,Hired,
APP001259,CAN000348,2026-06-05,Senior Teacher,REC016,2026-06-15,2026-06-24,2026-07-03,2026-07-09,,Hired,
APP001260,CAN001580,2025-08-21,Senior Teacher,REC025,2025-08-25,2025-09-03,2025-09-07,2025-09-14,,Hired,
APP001261,CAN001764,2022-08-28,Experienced Teacher,REC019,2022-08-31,2022-09-05,2022-09-12,2022-09-17,,Hired,
APP001262,CAN000233,2021-03-24,Experienced Teacher,REC007,2021-03-31,2021-04-08,2021-04-15,2021-04-22,,Hired,
APP001263,CAN000267,2025-03-09,ALT / English Teacher,REC016,,,,,,Withdrawn,
APP001264,CAN001509,2025-03-08,Senior Teacher,REC019,2025-03-10,2025-03-12,2025-03-15,2025-03-16,,Hired,
APP001265,CAN001535,2021-08-21,Senior Teacher,REC021,,,,,,Withdrawn,
APP001266,CAN000940,2026-09-20,Senior Teacher,REC001,2026-09-29,2026-10-05,2026-10-06,2026-10-09,,Hired,
APP001267,CAN000404,2022-07-14,ALT / English Teacher,REC011,2022-07-23,2022-07-25,,,,Interviewing,
APP001268,CAN000051,2026-05-06,ALT / English Teacher,REC013,2026-05-15,2026-05-16,2026-05-20,2026-05-26,,Hired,
APP001269,CAN001737,2025-11-23,Experienced Teacher,REC010,2025-12-02,2025-12-13,2025-12-15,2025-12-17,,Hired,
APP001270,CAN001238,2025-05-15,ALT / English Teacher,REC015,2025-05-18,2025-05-24,,,,Interviewing,
APP001271,CAN001911,2024-09-03,Senior Teacher,REC004,2024-09-12,,,,2024-09-27,Rejected,Language Requirements
APP001272,CAN001451,2021-11-03,Senior Teacher,REC015,2021-11-11,2021-11-17,,,,Interviewing,
APP001273,CAN000196,2026-06-13,Senior Teacher,REC013,2026-06-16,,,,,Hired,
APP001274,CAN000227,2023-09-06,ALT / English Teacher,REC001,2023-09-12,2023-09-24,2023-09-25,2023-09-27,,Hired,
APP001275,CAN001663,2026-02-17,Senior Teacher,REC016,,,,,,Withdrawn,
APP001276,CAN000602,2021-05-24,Senior Teacher,REC014,2021-05-29,2021-06-06,,,2021-06-17,Rejected,Experience
APP001277,CAN001420,2026-05-07,Experienced Teacher,REC025,2026-05-08,2026-05-15,2026-05-21,2026-05-22,,Hired,
APP001278,CAN000148,2025-05-11,ALT / English Teacher,REC009,2025-05-20,2025-06-02,,,2025-06-09,Rejected,Work Eligibility
APP001279,CAN001358,2021-10-05,Experienced Teacher,REC005,2021-10-13,2021-10-17,,,,Interviewing,
APP001280,CAN000787,2026-05-15,Experienced Teacher,REC005,2026-05-22,2026-06-02,,,2026-06-06,Rejected,Position Filled
APP001281,CAN000169,2024-08-12,Senior Teacher,REC012,2024-08-14,2024-08-21,2024-08-26,2024-09-01,,Hired,
APP001282,CAN001957,2021-02-04,Experienced Teacher,REC017,2021-02-11,,,,,Interviewing,
APP001283,CAN000710,2022-06-01,Experienced Teacher,REC012,2022-06-10,2022-06-22,2022-06-29,2022-07-06,,Hired,
APP001284,CAN000319,2022-12-21,Experienced Teacher,REC019,2022-12-23,2022-12-28,,,2022-12-28,Rejected,Experience
APP001285,CAN001451,2024-01-05,Experienced Teacher,REC025,2024-01-09,2024-01-19,2024-01-20,2024-01-21,,Hired,
APP001286,CAN000489,2025-12-28,Senior Teacher,REC023,2025-12-30,2026-01-08,,,2026-01-04,Rejected,Position Filled
APP001287,CAN000114,2025-08-22,Experienced Teacher,REC006,2025-08-29,,,,2025-08-29,Rejected,Interview Result
APP001288,CAN001311,2026-04-17,Senior Teacher,REC005,2026-04-25,,,,2026-05-03,Rejected,Position Filled
APP001289,CAN000225,2023-03-03,ALT / English Teacher,REC015,2023-03-08,,,,,Interviewing,
APP001290,CAN000233,2023-03-22,Senior Teacher,REC017,2023-03-25,2023-03-26,2023-04-05,2023-04-11,,Hired,
APP001291,CAN000188,2022-08-18,Senior Teacher,REC024,2022-08-23,2022-08-29,2022-09-04,2022-09-06,,Hired,
APP001292,CAN000668,2026-06-11,Senior Teacher,REC012,2026-06-19,2026-07-01,2026-07-09,2026-07-16,,Hired,
APP001293,CAN001473,2026-11-17,ALT / English Teacher,REC001,2026-11-22,2026-11-25,,,2026-12-12,Rejected,Work Eligibility
APP001294,CAN000212,2024-04-03,ALT / English Teacher,REC006,2024-04-13,2024-04-17,,,2024-04-16,Rejected,Position Filled
APP001295,CAN001573,2024-06-25,Experienced Teacher,REC021,2024-07-05,2024-07-15,2024-07-18,2024-07-20,,Hired,
APP001296,CAN000782,2026-10-11,Senior Teacher,REC005,,,,,,Withdrawn,
APP001297,CAN001480,2022-08-12,ALT / English Teacher,REC002,2022-08-16,2022-08-17,,,2022-09-09,Rejected,Work Eligibility
APP001298,CAN000608,2026-05-07,Experienced Teacher,REC012,2026-05-13,2026-05-19,,,2026-05-20,Rejected,Availability
APP001299,CAN000323,2021-09-20,Senior Teacher,REC025,2021-09-29,2021-10-09,,,2021-10-14,Rejected,Interview Result
APP001300,CAN001181,2025-05-23,Experienced Teacher,REC024,2025-05-24,2025-05-29,,,2025-06-19,Rejected,Position Filled
APP001301,CAN000470,2023-08-12,Experienced Teacher,REC017,2023-08-16,,,,,Hired,
APP001302,CAN001859,2022-01-20,ALT / English Teacher,REC002,2022-01-23,,,,2022-02-14,Rejected,Availability
APP001303,CAN001280,2021-03-11,ALT / English Teacher,REC018,2021-03-14,2021-03-27,2021-03-30,2021-03-31,,Hired,
APP001304,CAN000895,2023-08-05,ALT / English Teacher,REC001,2023-08-12,2023-08-26,,,,Interviewing,
APP001305,CAN001084,2026-08-17,ALT / English Teacher,REC024,2026-08-27,2026-09-05,2026-09-13,2026-09-16,,Hired,
APP001306,CAN001512,2021-04-06,ALT / English Teacher,REC017,2021-04-13,2021-04-15,,,2021-04-27,Rejected,Availability
APP001307,CAN000046,2026-04-04,Experienced Teacher,REC019,2026-04-06,2026-04-11,2026-04-17,2026-04-24,,Hired,
APP001308,CAN000844,2026-02-03,Experienced Teacher,REC015,2026-02-12,2026-02-14,2026-02-22,2026-02-25,,Hired,
APP001309,CAN000517,2023-09-25,Experienced Teacher,REC017,2023-10-02,2023-10-12,2023-10-22,2023-10-28,,Hired,
APP001310,CAN000142,2025-12-09,Senior Teacher,REC019,,,,,,Withdrawn,
APP001311,CAN000430,2021-04-24,Experienced Teacher,REC013,2021-04-30,2021-05-10,,,2021-05-07,Rejected,Work Eligibility
APP001312,CAN001998,2025-01-02,ALT / English Teacher,REC009,2025-01-11,2025-01-19,2025-01-22,2025-01-24,,Hired,
APP001313,CAN001935,2023-12-16,Experienced Teacher,REC005,2023-12-18,,,,,Interviewing,
APP001314,CAN001746,2024-03-12,Senior Teacher,REC023,2024-03-13,2024-03-25,,,2024-04-09,Rejected,Availability
APP001315,CAN000254,2023-03-28,Senior Teacher,REC021,,,,,,Withdrawn,
APP001316,CAN001725,2024-06-07,ALT / English Teacher,REC022,2024-06-11,2024-06-19,,,,Interviewing,
APP001317,CAN001718,2025-02-02,ALT / English Teacher,REC006,2025-02-08,2025-02-20,,,2025-02-19,Rejected,Availability
APP001318,CAN001134,2021-10-19,ALT / English Teacher,REC006,2021-10-23,2021-11-05,,,,Interviewing,
APP001319,CAN001942,2025-06-25,ALT / English Teacher,REC019,2025-07-02,2025-07-09,2025-07-13,2025-07-17,,Hired,
APP001320,CAN001786,2023-07-04,Senior Teacher,REC008,2023-07-14,2023-07-28,,,2023-07-14,Rejected,Experience
APP001321,CAN001363,2023-03-22,Senior Teacher,REC025,2023-03-28,2023-04-03,,,2023-03-28,Rejected,Interview Result
APP001322,CAN000418,2021-02-02,ALT / English Teacher,REC007,,,,,,Withdrawn,
APP001323,CAN000537,2023-03-24,ALT / English Teacher,REC004,2023-03-30,2023-04-03,2023-04-12,2023-04-16,,Hired,
APP001324,CAN001632,2026-09-13,Senior Teacher,REC007,2026-09-22,,,,2026-09-24,Rejected,Position Filled
APP001325,CAN000981,2023-04-25,Senior Teacher,REC017,2023-05-02,2023-05-12,,,2023-05-23,Rejected,Work Eligibility
APP001326,CAN000629,2021-08-08,Senior Teacher,REC012,2021-08-16,2021-08-25,2021-08-28,2021-08-30,,Hired,
APP001327,CAN001198,2024-06-08,ALT / English Teacher,REC022,2024-06-14,2024-06-21,2024-06-27,2024-06-29,,Hired,
APP001328,CAN001952,2025-08-06,Senior Teacher,REC023,2025-08-14,2025-08-21,2025-08-23,2025-08-24,,Hired,
APP001329,CAN000998,2026-12-22,Senior Teacher,REC004,2026-12-23,2027-01-01,,,,Interviewing,
APP001330,CAN000388,2024-12-06,Experienced Teacher,REC004,2024-12-15,2024-12-22,,,2025-01-03,Rejected,Experience
APP001331,CAN000874,2023-07-28,Experienced Teacher,REC022,2023-07-30,2023-08-10,,,2023-08-08,Rejected,Position Filled
APP001332,CAN000779,2021-01-01,ALT / English Teacher,REC001,2021-01-02,2021-01-16,2021-01-21,2021-01-26,,Hired,
APP001333,CAN001774,2025-04-25,ALT / English Teacher,REC003,2025-04-27,2025-05-10,2025-05-15,2025-05-19,,Hired,
APP001334,CAN000925,2021-06-07,ALT / English Teacher,REC022,2021-06-16,2021-06-30,,,2021-06-30,Rejected,Availability
APP001335,CAN000578,2022-07-08,Senior Teacher,REC008,,,,,,Withdrawn,
APP001336,CAN001833,2026-09-15,ALT / English Teacher,REC016,2026-09-17,2026-09-23,2026-09-24,2026-09-30,,Hired,
APP001337,CAN000709,2023-08-13,ALT / English Teacher,REC015,2023-08-19,2023-08-24,,,2023-09-10,Rejected,Position Filled
APP001338,CAN000469,2024-05-25,Senior Teacher,REC016,2024-06-03,2024-06-12,,,2024-06-14,Rejected,Interview Result
APP001339,CAN001319,2021-05-22,Experienced Teacher,REC019,2021-05-31,,,,,Hired,
APP001340,CAN000610,2024-04-14,Experienced Teacher,REC013,2024-04-23,2024-04-26,,,,Interviewing,
APP001341,CAN000584,2024-06-07,Senior Teacher,REC010,2024-06-15,2024-06-25,,,2024-06-19,Rejected,Language Requirements
APP001342,CAN000634,2022-10-19,ALT / English Teacher,REC023,2022-10-26,2022-10-31,2022-11-05,2022-11-12,,Hired,
APP001343,CAN001411,2022-01-11,Senior Teacher,REC004,2022-01-14,2022-01-21,2022-01-30,2022-02-04,,Hired,
APP001344,CAN000887,2026-02-27,ALT / English Teacher,REC008,2026-03-06,2026-03-16,,,2026-03-21,Rejected,Experience
APP001345,CAN001737,2026-03-09,ALT / English Teacher,REC005,,,,,,Withdrawn,
APP001346,CAN000057,2026-07-24,Senior Teacher,REC012,2026-07-25,2026-08-08,,,2026-07-28,Rejected,Position Filled
APP001347,CAN001220,2025-03-11,Experienced Teacher,REC008,2025-03-13,2025-03-15,,,2025-03-19,Rejected,Language Requirements
APP001348,CAN000227,2024-12-10,Senior Teacher,REC021,,,,,,Withdrawn,
APP001349,CAN000281,2024-07-01,Senior Teacher,REC018,2024-07-05,,,,,Hired,
APP001350,CAN001250,2021-11-28,Senior Teacher,REC019,2021-11-30,2021-12-01,,,2021-12-02,Rejected,Interview Result
APP001351,CAN001321,2025-07-28,Senior Teacher,REC001,2025-08-02,2025-08-16,,,2025-08-07,Rejected,Experience
APP001352,CAN001760,2026-03-25,Senior Teacher,REC001,2026-03-27,2026-04-08,,,2026-03-30,Rejected,Position Filled
APP001353,CAN000896,2022-07-26,Senior Teacher,REC014,2022-08-05,,,,2022-08-12,Rejected,Interview Result
APP001354,CAN001971,2021-08-19,Senior Teacher,REC012,2021-08-28,,,,2021-08-27,Rejected,Language Requirements
APP001355,CAN001472,2026-04-09,ALT / English Teacher,REC009,2026-04-11,2026-04-15,,,2026-04-23,Rejected,Interview Result
APP001356,CAN001085,2021-09-12,Experienced Teacher,REC022,2021-09-17,2021-09-29,2021-10-04,2021-10-11,,Hired,
APP001357,CAN000624,2026-03-26,Experienced Teacher,REC024,2026-03-27,2026-04-09,2026-04-14,2026-04-18,,Hired,
APP001358,CAN001180,2026-08-26,ALT / English Teacher,REC007,2026-08-28,,,,2026-09-04,Rejected,Language Requirements
APP001359,CAN001778,2024-05-13,Experienced Teacher,REC012,2024-05-17,2024-05-25,,,2024-05-24,Rejected,Language Requirements
APP001360,CAN001794,2022-03-10,Senior Teacher,REC005,2022-03-16,2022-03-29,,,2022-03-21,Rejected,Work Eligibility
APP001361,CAN000118,2023-06-18,Experienced Teacher,REC007,2023-06-24,2023-07-01,,,2023-06-25,Rejected,Interview Result
APP001362,CAN001099,2023-01-16,ALT / English Teacher,REC010,2023-01-18,2023-01-30,2023-02-03,2023-02-05,,Hired,
APP001363,CAN001965,2024-12-28,Experienced Teacher,REC016,2025-01-06,2025-01-17,,,2025-01-18,Rejected,Position Filled
APP001364,CAN000421,2026-03-26,ALT / English Teacher,REC006,2026-03-29,,,,2026-04-04,Rejected,Work Eligibility
APP001365,CAN000289,2024-09-09,Senior Teacher,REC010,2024-09-11,2024-09-12,2024-09-13,2024-09-17,,Hired,
APP001366,CAN000026,2024-09-12,Senior Teacher,REC016,2024-09-13,2024-09-17,2024-09-26,2024-09-27,,Hired,
APP001367,CAN001998,2026-07-17,ALT / English Teacher,REC003,2026-07-23,2026-08-01,2026-08-04,2026-08-08,,Hired,
APP001368,CAN000163,2024-04-08,Senior Teacher,REC019,2024-04-11,2024-04-20,,,2024-05-08,Rejected,Interview Result
APP001369,CAN001739,2025-08-20,ALT / English Teacher,REC024,2025-08-21,2025-09-01,2025-09-04,2025-09-07,,Hired,
APP001370,CAN001035,2024-10-18,Experienced Teacher,REC002,2024-10-28,2024-11-03,2024-11-04,2024-11-05,,Hired,
APP001371,CAN001427,2024-06-01,ALT / English Teacher,REC025,2024-06-09,2024-06-11,2024-06-15,2024-06-20,,Hired,
APP001372,CAN000197,2026-12-28,Experienced Teacher,REC023,2027-01-04,2027-01-16,,,2027-01-22,Rejected,Position Filled
APP001373,CAN000804,2026-09-21,ALT / English Teacher,REC018,2026-09-29,2026-09-30,,,2026-10-21,Rejected,Work Eligibility
APP001374,CAN000550,2023-09-05,Experienced Teacher,REC010,2023-09-08,2023-09-12,2023-09-18,2023-09-25,,Hired,
APP001375,CAN001290,2026-12-22,Experienced Teacher,REC002,2026-12-24,,,,,Hired,
APP001376,CAN000055,2024-06-04,ALT / English Teacher,REC019,2024-06-06,2024-06-16,,,2024-06-11,Rejected,Position Filled
APP001377,CAN001043,2022-10-10,Senior Teacher,REC003,2022-10-20,2022-10-28,,,2022-10-15,Rejected,Experience
APP001378,CAN000356,2023-10-19,Senior Teacher,REC021,2023-10-21,2023-10-23,2023-10-27,2023-10-28,,Hired,
APP001379,CAN000754,2026-09-17,Experienced Teacher,REC020,,,,,,Withdrawn,
APP001380,CAN001911,2022-07-08,Senior Teacher,REC016,2022-07-14,2022-07-16,,,,Interviewing,
APP001381,CAN000403,2026-03-06,Senior Teacher,REC020,,,,,,Withdrawn,
APP001382,CAN000700,2025-02-15,ALT / English Teacher,REC008,2025-02-22,,,,2025-03-05,Rejected,Position Filled
APP001383,CAN000446,2025-12-21,Senior Teacher,REC012,2025-12-23,2026-01-02,,,2026-01-03,Rejected,Availability
APP001384,CAN000155,2026-05-22,Experienced Teacher,REC020,2026-05-29,2026-06-07,2026-06-11,2026-06-14,,Hired,
APP001385,CAN001718,2021-04-09,Senior Teacher,REC001,2021-04-15,2021-04-19,2021-04-23,2021-04-30,,Hired,
APP001386,CAN001771,2025-04-10,Experienced Teacher,REC021,,,,,,Withdrawn,
APP001387,CAN000957,2022-12-28,ALT / English Teacher,REC009,2023-01-03,2023-01-12,2023-01-22,2023-01-27,,Hired,
APP001388,CAN001493,2023-02-23,Experienced Teacher,REC019,2023-03-01,2023-03-03,2023-03-11,2023-03-17,,Hired,
APP001389,CAN001099,2023-08-05,Experienced Teacher,REC023,2023-08-11,2023-08-24,2023-08-27,2023-08-30,,Hired,
APP001390,CAN000559,2022-02-13,Senior Teacher,REC014,2022-02-21,2022-02-27,2022-03-04,2022-03-08,,Hired,
APP001391,CAN000242,2024-02-27,Senior Teacher,REC011,2024-03-08,2024-03-11,,,,Interviewing,
APP001392,CAN001303,2026-09-08,Senior Teacher,REC010,2026-09-11,,,,,Hired,
APP001393,CAN000056,2024-09-06,ALT / English Teacher,REC023,2024-09-13,2024-09-21,2024-10-01,2024-10-08,,Hired,
APP001394,CAN001266,2025-03-20,Senior Teacher,REC001,2025-03-26,2025-03-31,,,2025-03-25,Rejected,Interview Result
APP001395,CAN001882,2025-02-03,Senior Teacher,REC019,2025-02-10,2025-02-19,2025-02-27,2025-03-04,,Hired,
APP001396,CAN000391,2025-03-15,ALT / English Teacher,REC022,2025-03-23,,,,,Hired,
APP001397,CAN000822,2021-04-06,Experienced Teacher,REC020,2021-04-16,2021-04-21,2021-05-01,2021-05-08,,Hired,
APP001398,CAN001709,2024-10-23,Senior Teacher,REC013,2024-10-28,,,,,Hired,
APP001399,CAN001036,2026-11-21,Experienced Teacher,REC008,2026-11-27,2026-12-03,2026-12-06,2026-12-08,,Hired,
APP001400,CAN000193,2025-06-15,Senior Teacher,REC002,2025-06-17,2025-06-18,2025-06-27,2025-07-03,,Hired,
APP001401,CAN000631,2021-07-07,Experienced Teacher,REC024,2021-07-15,2021-07-16,2021-07-20,2021-07-25,,Hired,
APP001402,CAN001400,2021-01-21,ALT / English Teacher,REC009,2021-01-29,2021-02-06,2021-02-16,2021-02-19,,Hired,
APP001403,CAN001159,2021-01-03,Experienced Teacher,REC018,2021-01-13,2021-01-22,2021-01-24,2021-01-29,,Hired,
APP001404,CAN001356,2026-12-09,Experienced Teacher,REC013,2026-12-14,2026-12-18,2026-12-22,2026-12-25,,Hired,
APP001405,CAN000421,2022-02-25,Experienced Teacher,REC015,2022-02-26,2022-03-12,2022-03-18,2022-03-22,,Hired,
APP001406,CAN000401,2024-02-17,Senior Teacher,REC012,2024-02-27,2024-03-09,,,2024-02-20,Rejected,Interview Result
APP001407,CAN000555,2026-09-01,Senior Teacher,REC002,2026-09-02,2026-09-15,,,,Interviewing,
APP001408,CAN000226,2022-02-09,Experienced Teacher,REC001,2022-02-19,2022-02-24,,,2022-02-14,Rejected,Position Filled
APP001409,CAN001166,2023-02-22,Experienced Teacher,REC021,2023-02-26,2023-02-28,,,2023-03-14,Rejected,Language Requirements
APP001410,CAN001606,2024-05-09,ALT / English Teacher,REC010,2024-05-18,,,,,Hired,
APP001411,CAN001085,2024-11-01,ALT / English Teacher,REC014,,,,,,Withdrawn,
APP001412,CAN000201,2025-01-20,Senior Teacher,REC009,2025-01-30,2025-02-13,2025-02-20,2025-02-21,,Hired,
APP001413,CAN001011,2023-02-12,Experienced Teacher,REC003,2023-02-21,,,,2023-03-04,Rejected,Work Eligibility
APP001414,CAN001814,2021-11-02,Senior Teacher,REC010,2021-11-11,2021-11-12,2021-11-14,2021-11-20,,Hired,
APP001415,CAN000671,2023-12-23,Senior Teacher,REC011,2023-12-30,,,,,Hired,
APP001416,CAN000824,2022-06-03,Senior Teacher,REC024,2022-06-11,2022-06-20,2022-06-27,2022-07-03,,Hired,
APP001417,CAN000916,2022-08-18,Senior Teacher,REC007,2022-08-23,,,,2022-09-03,Rejected,Availability
APP001418,CAN001684,2026-08-10,Senior Teacher,REC001,2026-08-13,2026-08-16,,,2026-08-18,Rejected,Work Eligibility
APP001419,CAN001373,2022-01-21,Experienced Teacher,REC025,2022-01-27,2022-02-02,2022-02-09,2022-02-16,,Hired,
APP001420,CAN001564,2024-04-19,Senior Teacher,REC025,2024-04-24,2024-05-08,2024-05-14,2024-05-19,,Hired,
APP001421,CAN000960,2021-06-16,Senior Teacher,REC002,2021-06-25,2021-07-01,,,2021-06-27,Rejected,Interview Result
APP001422,CAN001122,2024-12-26,Senior Teacher,REC002,2024-12-28,2024-12-30,,,2025-01-01,Rejected,Position Filled
APP001423,CAN000928,2024-08-09,ALT / English Teacher,REC020,2024-08-12,,,,,Hired,
APP001424,CAN000080,2022-05-01,Experienced Teacher,REC013,2022-05-08,2022-05-22,,,2022-05-24,Rejected,Position Filled
APP001425,CAN001696,2026-09-16,Experienced Teacher,REC014,2026-09-19,2026-09-25,2026-10-01,2026-10-08,,Hired,
APP001426,CAN000843,2022-05-15,ALT / English Teacher,REC009,2022-05-23,,,,2022-06-01,Rejected,Language Requirements
APP001427,CAN001860,2023-07-13,ALT / English Teacher,REC022,2023-07-15,,,,,Hired,
APP001428,CAN001675,2023-01-28,Senior Teacher,REC014,2023-01-31,2023-02-03,2023-02-10,2023-02-17,,Hired,
APP001429,CAN001935,2022-01-18,Senior Teacher,REC011,2022-01-27,2022-02-04,,,,Interviewing,
APP001430,CAN000846,2022-12-20,ALT / English Teacher,REC023,2022-12-23,,,,,Hired,
APP001431,CAN000488,2021-11-12,Senior Teacher,REC024,2021-11-21,2021-11-28,2021-12-07,2021-12-14,,Hired,
APP001432,CAN000060,2025-02-25,Senior Teacher,REC004,2025-03-03,2025-03-06,2025-03-08,2025-03-13,,Hired,
APP001433,CAN001875,2021-07-17,Senior Teacher,REC012,2021-07-27,2021-08-10,,,,Interviewing,
APP001434,CAN000986,2026-04-18,ALT / English Teacher,REC003,2026-04-21,2026-05-04,,,,Interviewing,
APP001435,CAN000991,2022-03-28,Senior Teacher,REC023,2022-04-07,2022-04-16,,,2022-04-04,Rejected,Interview Result
APP001436,CAN001270,2023-12-04,Senior Teacher,REC013,2023-12-09,2023-12-21,2023-12-31,2024-01-05,,Hired,
APP001437,CAN000727,2022-11-02,ALT / English Teacher,REC024,2022-11-09,2022-11-17,,,2022-12-02,Rejected,Language Requirements
APP001438,CAN001706,2023-04-06,Experienced Teacher,REC013,,,,,,Withdrawn,
APP001439,CAN001496,2026-11-20,Senior Teacher,REC019,2026-11-30,,,,,Interviewing,
APP001440,CAN001343,2026-06-12,Senior Teacher,REC013,2026-06-19,2026-06-23,,,2026-06-17,Rejected,Position Filled
APP001441,CAN001150,2024-11-27,Senior Teacher,REC004,2024-12-05,2024-12-18,2024-12-28,2025-01-02,,Hired,
APP001442,CAN001491,2024-05-24,Senior Teacher,REC008,2024-05-25,,,,2024-06-14,Rejected,Experience
APP001443,CAN001484,2022-04-28,Experienced Teacher,REC007,2022-05-04,2022-05-18,,,2022-05-01,Rejected,Work Eligibility
APP001444,CAN000503,2025-02-14,ALT / English Teacher,REC004,2025-02-18,2025-03-03,,,2025-03-01,Rejected,Interview Result
APP001445,CAN001476,2021-01-05,Experienced Teacher,REC020,2021-01-10,2021-01-12,2021-01-18,2021-01-25,,Hired,
APP001446,CAN000085,2023-05-07,Senior Teacher,REC017,2023-05-09,2023-05-11,,,2023-05-23,Rejected,Availability
APP001447,CAN000470,2024-05-10,Senior Teacher,REC007,,,,,,Withdrawn,
APP001448,CAN001637,2026-07-14,ALT / English Teacher,REC022,,,,,,Withdrawn,
APP001449,CAN001539,2025-08-06,Experienced Teacher,REC005,2025-08-11,2025-08-15,,,2025-08-21,Rejected,Interview Result
APP001450,CAN000252,2023-09-01,Experienced Teacher,REC001,2023-09-10,2023-09-20,2023-09-29,2023-10-04,,Hired,
APP001451,CAN001495,2024-12-07,Senior Teacher,REC023,2024-12-14,2024-12-27,2025-01-06,2025-01-11,,Hired,
APP001452,CAN000209,2021-04-25,Experienced Teacher,REC014,2021-04-26,2021-05-03,,,2021-05-11,Rejected,Experience
APP001453,CAN001096,2025-05-20,Senior Teacher,REC021,2025-05-23,2025-05-25,,,2025-05-25,Rejected,Work Eligibility
APP001454,CAN000321,2026-04-20,ALT / English Teacher,REC025,2026-04-21,,,,2026-05-04,Rejected,Position Filled
APP001455,CAN000060,2023-06-13,ALT / English Teacher,REC006,2023-06-22,2023-07-01,,,,Interviewing,
APP001456,CAN000397,2024-09-25,ALT / English Teacher,REC013,2024-09-27,2024-10-05,2024-10-07,2024-10-11,,Hired,
APP001457,CAN000774,2023-04-25,Senior Teacher,REC018,2023-04-26,2023-05-05,,,,Interviewing,
APP001458,CAN000428,2023-04-13,ALT / English Teacher,REC015,,,,,,Withdrawn,
APP001459,CAN001911,2025-01-17,ALT / English Teacher,REC023,2025-01-21,2025-01-26,2025-01-31,2025-02-02,,Hired,
APP001460,CAN001881,2021-10-01,Experienced Teacher,REC022,2021-10-06,2021-10-18,,,2021-10-21,Rejected,Experience
APP001461,CAN001757,2026-07-18,Experienced Teacher,REC013,2026-07-23,,,,,Hired,
APP001462,CAN001878,2024-10-19,Senior Teacher,REC020,2024-10-24,2024-10-30,2024-11-06,2024-11-08,,Hired,
APP001463,CAN000811,2022-12-15,Experienced Teacher,REC025,2022-12-19,2022-12-23,,,2022-12-25,Rejected,Work Eligibility
APP001464,CAN000534,2024-10-17,ALT / English Teacher,REC003,2024-10-25,2024-10-30,2024-11-02,2024-11-04,,Hired,
APP001465,CAN001023,2026-04-19,Experienced Teacher,REC012,,,,,,Withdrawn,
APP001466,CAN001084,2026-09-26,Senior Teacher,REC015,2026-10-04,2026-10-07,2026-10-15,2026-10-21,,Hired,
APP001467,CAN001419,2021-06-05,Senior Teacher,REC010,2021-06-10,,,,2021-06-13,Rejected,Work Eligibility
APP001468,CAN000393,2021-02-28,Senior Teacher,REC005,2021-03-02,2021-03-13,,,,Interviewing,
APP001469,CAN001270,2021-06-19,ALT / English Teacher,REC001,2021-06-28,2021-07-02,,,2021-06-30,Rejected,Work Eligibility
APP001470,CAN000359,2024-10-25,ALT / English Teacher,REC020,2024-11-02,2024-11-12,2024-11-19,2024-11-26,,Hired,
APP001471,CAN001842,2026-02-17,Experienced Teacher,REC024,2026-02-19,,,,,Hired,
APP001472,CAN000854,2022-05-20,ALT / English Teacher,REC005,2022-05-21,2022-06-04,,,,Interviewing,
APP001473,CAN001621,2022-11-09,ALT / English Teacher,REC006,2022-11-18,2022-11-24,2022-11-27,2022-11-30,,Hired,
APP001474,CAN000950,2021-11-27,Senior Teacher,REC023,2021-11-28,2021-12-02,,,,Interviewing,
APP001475,CAN001302,2026-01-24,ALT / English Teacher,REC003,2026-01-29,2026-02-02,2026-02-06,2026-02-11,,Hired,
APP001476,CAN000476,2021-07-24,ALT / English Teacher,REC010,2021-07-28,2021-08-03,2021-08-06,2021-08-13,,Hired,
APP001477,CAN001062,2022-09-19,Senior Teacher,REC019,2022-09-26,,,,,Hired,
APP001478,CAN001821,2024-10-01,Experienced Teacher,REC009,2024-10-07,2024-10-13,2024-10-20,2024-10-24,,Hired,
APP001479,CAN001020,2021-04-17,Experienced Teacher,REC022,,,,,,Withdrawn,
APP001480,CAN001432,2026-02-10,Senior Teacher,REC001,2026-02-14,,,,,Hired,
APP001481,CAN000837,2023-05-22,Experienced Teacher,REC010,2023-05-26,2023-06-05,,,2023-06-01,Rejected,Language Requirements
APP001482,CAN000510,2023-11-13,Experienced Teacher,REC007,2023-11-17,,,,,Hired,
APP001483,CAN001714,2026-06-12,ALT / English Teacher,REC006,2026-06-21,,,,,Interviewing,
APP001484,CAN001261,2024-08-13,ALT / English Teacher,REC016,2024-08-17,2024-08-24,,,2024-08-21,Rejected,Language Requirements
APP001485,CAN001538,2023-08-17,Senior Teacher,REC004,2023-08-24,2023-08-29,2023-09-05,2023-09-12,,Hired,
APP001486,CAN000693,2023-02-09,ALT / English Teacher,REC015,2023-02-11,2023-02-24,2023-03-06,2023-03-09,,Hired,
APP001487,CAN001335,2026-06-19,Experienced Teacher,REC011,2026-06-24,2026-06-27,,,2026-07-05,Rejected,Work Eligibility
APP001488,CAN000971,2025-01-08,ALT / English Teacher,REC019,2025-01-12,,,,,Interviewing,
APP001489,CAN000370,2022-08-26,Senior Teacher,REC016,2022-08-30,2022-09-08,,,2022-09-24,Rejected,Experience
APP001490,CAN001082,2026-11-26,ALT / English Teacher,REC006,2026-11-29,2026-12-08,2026-12-11,2026-12-15,,Hired,
APP001491,CAN000967,2024-01-12,ALT / English Teacher,REC025,2024-01-17,2024-01-21,,,,Interviewing,
APP001492,CAN001873,2024-12-05,Senior Teacher,REC025,2024-12-15,2024-12-23,,,2024-12-12,Rejected,Availability
APP001493,CAN000308,2025-03-21,Senior Teacher,REC020,2025-03-30,,,,2025-04-12,Rejected,Position Filled
APP001494,CAN001469,2023-09-24,ALT / English Teacher,REC017,2023-09-27,2023-10-01,2023-10-08,2023-10-14,,Hired,
APP001495,CAN000766,2022-06-28,Experienced Teacher,REC015,2022-07-03,2022-07-04,,,,Interviewing,
APP001496,CAN000726,2023-04-12,ALT / English Teacher,REC021,2023-04-17,2023-05-01,2023-05-09,2023-05-12,,Hired,
APP001497,CAN000485,2023-02-03,Experienced Teacher,REC022,2023-02-11,,,,,Hired,
APP001498,CAN000153,2026-11-14,ALT / English Teacher,REC010,2026-11-22,2026-11-30,,,2026-12-03,Rejected,Experience
APP001499,CAN001527,2025-01-04,ALT / English Teacher,REC021,2025-01-05,2025-01-10,,,2025-01-12,Rejected,Position Filled
APP001500,CAN001593,2022-03-26,Experienced Teacher,REC007,2022-04-01,2022-04-04,,,,Interviewing,
APP001501,CAN000366,2025-11-01,Senior Teacher,REC015,2025-11-08,2025-11-21,,,2025-11-26,Rejected,Language Requirements
APP001502,CAN001326,2024-06-13,ALT / English Teacher,REC020,2024-06-17,2024-06-26,2024-07-01,2024-07-04,,Hired,
APP001503,CAN001989,2022-05-04,Senior Teacher,REC013,2022-05-06,2022-05-13,2022-05-21,2022-05-27,,Hired,
APP001504,CAN000786,2024-08-06,ALT / English Teacher,REC013,2024-08-15,2024-08-24,2024-09-01,2024-09-06,,Hired,
APP001505,CAN001195,2021-06-12,Senior Teacher,REC011,2021-06-19,,,,,Hired,
APP001506,CAN001685,2022-10-13,Senior Teacher,REC003,2022-10-15,2022-10-29,2022-11-06,2022-11-07,,Hired,
APP001507,CAN001144,2025-01-15,Experienced Teacher,REC015,2025-01-22,,,,,Hired,
APP001508,CAN000967,2024-02-12,Senior Teacher,REC014,2024-02-22,2024-03-06,,,2024-03-06,Rejected,Interview Result
APP001509,CAN001339,2022-05-03,ALT / English Teacher,REC022,2022-05-04,2022-05-13,2022-05-20,2022-05-22,,Hired,
APP001510,CAN001152,2021-07-18,Experienced Teacher,REC002,2021-07-19,2021-07-30,,,,Interviewing,
APP001511,CAN001413,2021-07-22,Experienced Teacher,REC014,2021-07-27,2021-07-28,2021-07-29,2021-08-04,,Hired,
APP001512,CAN000715,2022-09-22,Senior Teacher,REC005,2022-09-27,2022-10-01,2022-10-09,2022-10-16,,Hired,
APP001513,CAN001666,2025-03-28,Experienced Teacher,REC008,2025-03-29,2025-04-02,2025-04-03,2025-04-07,,Hired,
APP001514,CAN000287,2022-07-19,Experienced Teacher,REC004,2022-07-29,,,,,Hired,
APP001515,CAN000165,2025-07-16,ALT / English Teacher,REC009,2025-07-25,2025-08-01,,,2025-07-30,Rejected,Work Eligibility
APP001516,CAN000441,2024-09-11,ALT / English Teacher,REC016,,,,,,Withdrawn,
APP001517,CAN000401,2024-02-05,Senior Teacher,REC013,2024-02-09,2024-02-22,,,,Interviewing,
APP001518,CAN000251,2021-07-27,Experienced Teacher,REC021,2021-07-29,2021-08-02,,,2021-08-23,Rejected,Position Filled
APP001519,CAN000856,2026-02-25,Experienced Teacher,REC005,,,,,,Withdrawn,
APP001520,CAN001573,2024-11-16,Senior Teacher,REC021,2024-11-19,,,,2024-11-21,Rejected,Position Filled
APP001521,CAN000295,2021-05-05,ALT / English Teacher,REC022,2021-05-08,2021-05-11,,,2021-05-08,Rejected,Availability
APP001522,CAN001465,2026-09-25,ALT / English Teacher,REC021,2026-09-29,2026-10-01,,,2026-09-29,Rejected,Position Filled
APP001523,CAN000006,2023-08-19,Experienced Teacher,REC017,2023-08-28,2023-09-01,2023-09-10,2023-09-16,,Hired,
APP001524,CAN001199,2024-04-20,Senior Teacher,REC012,2024-04-24,2024-05-06,2024-05-14,2024-05-19,,Hired,
APP001525,CAN000969,2021-04-01,ALT / English Teacher,REC020,2021-04-02,2021-04-11,,,,Interviewing,
APP001526,CAN000448,2022-03-28,Experienced Teacher,REC009,2022-04-06,2022-04-09,,,2022-04-24,Rejected,Language Requirements
APP001527,CAN001315,2025-04-25,Experienced Teacher,REC018,2025-05-01,,,,,Interviewing,
APP001528,CAN000016,2021-07-26,Senior Teacher,REC006,2021-08-04,2021-08-18,2021-08-27,2021-09-03,,Hired,
APP001529,CAN000073,2021-08-07,ALT / English Teacher,REC008,2021-08-14,2021-08-16,2021-08-18,2021-08-23,,Hired,
APP001530,CAN001356,2026-11-16,Experienced Teacher,REC004,2026-11-19,2026-12-01,,,,Interviewing,
APP001531,CAN001330,2026-03-22,Senior Teacher,REC012,2026-03-28,2026-04-03,2026-04-08,2026-04-13,,Hired,
APP001532,CAN000078,2023-10-09,Senior Teacher,REC014,2023-10-17,,,,,Interviewing,
APP001533,CAN000643,2024-05-09,Senior Teacher,REC010,2024-05-14,2024-05-17,2024-05-23,2024-05-29,,Hired,
APP001534,CAN001824,2025-04-13,Senior Teacher,REC004,2025-04-23,,,,2025-04-23,Rejected,Language Requirements
APP001535,CAN001761,2021-06-16,Experienced Teacher,REC008,2021-06-20,2021-06-23,,,2021-06-21,Rejected,Language Requirements
APP001536,CAN000840,2025-08-05,Experienced Teacher,REC021,2025-08-08,2025-08-19,2025-08-20,2025-08-21,,Hired,
APP001537,CAN000962,2026-02-07,Experienced Teacher,REC021,2026-02-11,,,,2026-03-01,Rejected,Availability
APP001538,CAN001050,2022-03-11,ALT / English Teacher,REC008,2022-03-20,2022-03-25,,,2022-03-28,Rejected,Work Eligibility
APP001539,CAN001530,2024-05-24,Senior Teacher,REC021,2024-05-30,2024-06-05,,,,Interviewing,
APP001540,CAN001067,2021-06-16,ALT / English Teacher,REC013,2021-06-23,2021-06-24,2021-07-03,2021-07-06,,Hired,
APP001541,CAN000233,2026-01-01,Experienced Teacher,REC002,2026-01-05,2026-01-14,,,,Interviewing,
APP001542,CAN000254,2025-01-24,ALT / English Teacher,REC011,2025-01-26,2025-01-27,2025-02-05,2025-02-10,,Hired,
APP001543,CAN001085,2025-08-16,Experienced Teacher,REC015,2025-08-26,2025-09-05,2025-09-09,2025-09-10,,Hired,
APP001544,CAN001773,2025-08-26,ALT / English Teacher,REC006,,,,,,Withdrawn,
APP001545,CAN000054,2024-12-26,ALT / English Teacher,REC015,,,,,,Withdrawn,
APP001546,CAN001668,2021-04-13,ALT / English Teacher,REC018,2021-04-17,2021-04-21,2021-04-30,2021-05-03,,Hired,
APP001547,CAN000839,2024-05-19,ALT / English Teacher,REC011,2024-05-22,2024-06-01,,,,Interviewing,
APP001548,CAN000192,2025-07-19,Experienced Teacher,REC007,2025-07-25,2025-08-08,2025-08-16,2025-08-21,,Hired,
APP001549,CAN001104,2026-03-23,Experienced Teacher,REC008,2026-03-31,2026-04-12,2026-04-17,2026-04-18,,Hired,
APP001550,CAN000861,2026-09-03,Experienced Teacher,REC004,,,,,,Withdrawn,
APP001551,CAN000853,2023-02-05,ALT / English Teacher,REC013,2023-02-12,2023-02-15,,,2023-03-01,Rejected,Language Requirements
APP001552,CAN000803,2024-07-28,Experienced Teacher,REC006,2024-08-05,2024-08-12,,,2024-08-26,Rejected,Work Eligibility
APP001553,CAN000035,2026-08-20,Senior Teacher,REC012,,,,,,Withdrawn,
APP001554,CAN000256,2021-10-13,Experienced Teacher,REC018,2021-10-23,2021-10-30,,,,Interviewing,
APP001555,CAN001564,2023-03-03,ALT / English Teacher,REC010,2023-03-10,2023-03-12,,,2023-03-30,Rejected,Interview Result
APP001556,CAN001284,2026-07-16,Experienced Teacher,REC010,2026-07-26,2026-07-29,,,2026-08-13,Rejected,Availability
APP001557,CAN000194,2024-10-27,Experienced Teacher,REC019,2024-10-30,2024-11-11,,,2024-11-06,Rejected,Work Eligibility
APP001558,CAN000113,2022-04-21,Senior Teacher,REC009,2022-04-27,2022-04-28,2022-05-07,2022-05-08,,Hired,
APP001559,CAN000431,2021-06-23,Experienced Teacher,REC010,2021-06-25,2021-07-05,,,2021-06-27,Rejected,Interview Result
APP001560,CAN000134,2021-07-24,Senior Teacher,REC015,2021-07-30,2021-08-10,2021-08-13,2021-08-20,,Hired,
APP001561,CAN000777,2025-06-14,ALT / English Teacher,REC009,2025-06-22,2025-06-24,2025-06-26,2025-07-02,,Hired,
APP001562,CAN000361,2026-08-28,Senior Teacher,REC022,2026-09-07,2026-09-17,2026-09-24,2026-09-25,,Hired,
APP001563,CAN001813,2022-02-22,ALT / English Teacher,REC016,2022-02-27,2022-03-10,2022-03-17,2022-03-19,,Hired,
APP001564,CAN000433,2021-05-12,ALT / English Teacher,REC010,2021-05-16,2021-05-22,,,2021-05-17,Rejected,Availability
APP001565,CAN001817,2023-08-20,Senior Teacher,REC006,2023-08-22,2023-09-01,,,2023-09-15,Rejected,Work Eligibility
APP001566,CAN000738,2023-08-16,Senior Teacher,REC007,2023-08-21,2023-08-24,2023-09-01,2023-09-06,,Hired,
APP001567,CAN001167,2021-01-21,ALT / English Teacher,REC005,2021-01-24,,,,,Hired,
APP001568,CAN001123,2023-10-02,ALT / English Teacher,REC015,2023-10-10,2023-10-13,2023-10-14,2023-10-20,,Hired,
APP001569,CAN000007,2021-08-18,Experienced Teacher,REC024,2021-08-27,2021-09-10,2021-09-20,2021-09-21,,Hired,
APP001570,CAN000137,2026-02-05,Senior Teacher,REC025,2026-02-15,2026-02-24,2026-03-03,2026-03-07,,Hired,
APP001571,CAN000708,2024-12-26,ALT / English Teacher,REC015,2025-01-04,2025-01-10,,,,Interviewing,
APP001572,CAN000560,2022-08-06,Senior Teacher,REC004,2022-08-16,2022-08-26,,,,Interviewing,
APP001573,CAN001961,2023-08-18,Senior Teacher,REC017,2023-08-20,2023-08-28,2023-09-06,2023-09-11,,Hired,
APP001574,CAN001848,2022-10-02,Senior Teacher,REC012,2022-10-06,,,,2022-10-06,Rejected,Language Requirements
APP001575,CAN001665,2021-02-22,Experienced Teacher,REC003,2021-03-04,2021-03-08,2021-03-09,2021-03-10,,Hired,
APP001576,CAN001485,2022-07-13,Senior Teacher,REC008,2022-07-15,2022-07-27,2022-08-02,2022-08-07,,Hired,
APP001577,CAN001899,2022-05-27,Senior Teacher,REC019,2022-06-02,2022-06-10,,,,Interviewing,
APP001578,CAN001923,2021-01-10,Experienced Teacher,REC004,2021-01-11,2021-01-16,,,2021-01-22,Rejected,Interview Result
APP001579,CAN001335,2023-01-11,Experienced Teacher,REC020,2023-01-12,2023-01-13,,,,Interviewing,
APP001580,CAN001011,2024-11-22,Experienced Teacher,REC007,2024-11-30,2024-12-07,,,,Interviewing,
APP001581,CAN000780,2022-10-22,Senior Teacher,REC023,,,,,,Withdrawn,
APP001582,CAN001223,2025-01-16,Senior Teacher,REC007,2025-01-21,2025-01-28,2025-01-29,2025-02-02,,Hired,
APP001583,CAN000039,2024-07-07,ALT / English Teacher,REC008,,,,,,Withdrawn,
APP001584,CAN000273,2026-01-19,Senior Teacher,REC003,2026-01-24,2026-02-04,,,2026-01-29,Rejected,Availability
APP001585,CAN000292,2021-04-12,Senior Teacher,REC025,2021-04-20,2021-04-24,2021-04-25,2021-04-28,,Hired,
APP001586,CAN000102,2024-04-13,Experienced Teacher,REC004,2024-04-19,2024-05-03,,,,Interviewing,
APP001587,CAN000037,2025-08-10,ALT / English Teacher,REC010,2025-08-15,2025-08-28,,,2025-08-16,Rejected,Language Requirements
APP001588,CAN001485,2023-05-26,ALT / English Teacher,REC019,2023-06-04,2023-06-12,2023-06-15,2023-06-22,,Hired,
APP001589,CAN000396,2022-09-14,Experienced Teacher,REC025,2022-09-24,2022-09-26,,,,Interviewing,
APP001590,CAN000842,2026-08-05,ALT / English Teacher,REC024,2026-08-07,2026-08-08,,,2026-08-21,Rejected,Experience
APP001591,CAN001551,2025-02-07,Experienced Teacher,REC013,2025-02-09,,,,2025-02-27,Rejected,Experience
APP001592,CAN000997,2026-02-19,ALT / English Teacher,REC009,2026-02-22,2026-03-05,,,,Interviewing,
APP001593,CAN000348,2022-05-27,Senior Teacher,REC003,2022-05-31,2022-06-05,,,2022-06-14,Rejected,Experience
APP001594,CAN000793,2021-03-13,ALT / English Teacher,REC003,2021-03-19,2021-03-26,2021-03-27,2021-03-31,,Hired,
APP001595,CAN000086,2021-10-02,Senior Teacher,REC016,2021-10-06,2021-10-12,,,2021-10-25,Rejected,Position Filled
APP001596,CAN001100,2024-05-17,Senior Teacher,REC015,2024-05-23,2024-06-02,,,2024-06-04,Rejected,Experience
APP001597,CAN000607,2024-06-06,Experienced Teacher,REC003,2024-06-08,2024-06-11,,,,Interviewing,
APP001598,CAN001186,2023-03-28,Senior Teacher,REC017,2023-03-31,,,,,Hired,
APP001599,CAN000177,2025-01-13,Senior Teacher,REC025,2025-01-16,2025-01-19,2025-01-29,2025-02-01,,Hired,
APP001600,CAN001780,2025-10-16,ALT / English Teacher,REC020,2025-10-23,2025-10-25,2025-10-28,2025-10-30,,Hired,
APP001601,CAN001725,2021-01-01,Experienced Teacher,REC001,2021-01-03,2021-01-12,2021-01-13,2021-01-19,,Hired,
APP001602,CAN001746,2022-02-27,Senior Teacher,REC014,2022-03-04,2022-03-15,2022-03-22,2022-03-27,,Hired,
APP001603,CAN001057,2023-03-08,Experienced Teacher,REC014,2023-03-12,,,,2023-03-14,Rejected,Work Eligibility
APP001604,CAN000116,2021-08-04,Experienced Teacher,REC012,2021-08-13,2021-08-21,,,2021-09-02,Rejected,Language Requirements
APP001605,CAN001698,2021-02-07,ALT / English Teacher,REC013,2021-02-15,,,,2021-02-10,Rejected,Position Filled
APP001606,CAN001072,2026-12-04,ALT / English Teacher,REC012,2026-12-08,2026-12-11,2026-12-13,2026-12-20,,Hired,
APP001607,CAN000922,2025-02-27,Experienced Teacher,REC013,2025-03-06,2025-03-18,2025-03-27,2025-04-03,,Hired,
APP001608,CAN001730,2021-09-20,ALT / English Teacher,REC003,2021-09-27,2021-10-04,2021-10-09,2021-10-15,,Hired,
APP001609,CAN000120,2023-01-18,Senior Teacher,REC006,2023-01-21,2023-02-04,,,,Interviewing,
APP001610,CAN001834,2022-05-17,ALT / English Teacher,REC024,2022-05-26,2022-06-02,,,,Interviewing,
APP001611,CAN001357,2022-01-18,Experienced Teacher,REC007,2022-01-21,2022-02-01,2022-02-04,2022-02-11,,Hired,
APP001612,CAN001104,2026-08-26,ALT / English Teacher,REC004,2026-09-04,2026-09-08,,,,Interviewing,
APP001613,CAN001821,2021-06-13,Senior Teacher,REC007,2021-06-23,2021-07-06,2021-07-08,2021-07-15,,Hired,
APP001614,CAN000081,2024-07-25,Senior Teacher,REC013,2024-07-31,2024-08-03,,,2024-08-03,Rejected,Work Eligibility
APP001615,CAN000847,2022-02-17,ALT / English Teacher,REC004,2022-02-20,2022-02-24,,,2022-03-01,Rejected,Experience
APP001616,CAN000093,2025-03-24,ALT / English Teacher,REC015,2025-03-27,2025-04-10,2025-04-20,2025-04-27,,Hired,
APP001617,CAN000041,2023-02-23,Experienced Teacher,REC023,2023-03-04,2023-03-12,,,,Interviewing,
APP001618,CAN001156,2021-03-02,ALT / English Teacher,REC014,2021-03-12,,,,,Hired,
APP001619,CAN000671,2025-12-04,ALT / English Teacher,REC020,2025-12-07,2025-12-10,,,2025-12-13,Rejected,Interview Result
APP001620,CAN001859,2026-01-06,Senior Teacher,REC024,2026-01-15,2026-01-21,,,2026-01-19,Rejected,Availability
APP001621,CAN000862,2021-11-07,ALT / English Teacher,REC023,2021-11-16,2021-11-23,2021-11-26,2021-11-27,,Hired,
APP001622,CAN000056,2021-07-27,ALT / English Teacher,REC004,2021-07-30,2021-08-06,,,,Interviewing,
APP001623,CAN001731,2026-12-17,Senior Teacher,REC009,2026-12-24,2027-01-05,,,2027-01-13,Rejected,Experience
APP001624,CAN000337,2022-03-12,ALT / English Teacher,REC024,2022-03-13,2022-03-24,2022-04-02,2022-04-09,,Hired,
APP001625,CAN000804,2021-02-08,ALT / English Teacher,REC006,2021-02-15,2021-02-27,2021-03-07,2021-03-11,,Hired,
APP001626,CAN000132,2023-01-28,ALT / English Teacher,REC025,2023-01-31,2023-02-09,2023-02-14,2023-02-15,,Hired,
APP001627,CAN001571,2023-05-18,ALT / English Teacher,REC010,2023-05-19,2023-06-02,,,,Interviewing,
APP001628,CAN000501,2026-06-11,Experienced Teacher,REC016,2026-06-14,,,,2026-06-27,Rejected,Language Requirements
APP001629,CAN001000,2024-02-06,Experienced Teacher,REC011,2024-02-16,2024-02-29,,,2024-03-02,Rejected,Interview Result
APP001630,CAN001587,2026-08-23,Experienced Teacher,REC020,2026-09-02,2026-09-13,,,2026-09-10,Rejected,Position Filled
APP001631,CAN000636,2025-07-08,Experienced Teacher,REC019,2025-07-13,2025-07-21,2025-07-27,2025-08-01,,Hired,
APP001632,CAN001648,2025-04-09,Senior Teacher,REC014,2025-04-10,2025-04-14,,,2025-05-03,Rejected,Interview Result
APP001633,CAN001214,2024-11-22,ALT / English Teacher,REC014,,,,,,Withdrawn,
APP001634,CAN000839,2024-01-14,Senior Teacher,REC023,2024-01-18,2024-01-28,,,,Interviewing,
APP001635,CAN001827,2023-01-19,ALT / English Teacher,REC025,2023-01-20,,,,2023-02-01,Rejected,Interview Result
APP001636,CAN001157,2026-09-17,Experienced Teacher,REC015,2026-09-25,2026-10-07,,,2026-10-15,Rejected,Interview Result
APP001637,CAN001917,2026-06-15,Senior Teacher,REC009,2026-06-21,2026-06-24,,,2026-07-10,Rejected,Work Eligibility
APP001638,CAN000959,2024-03-19,Senior Teacher,REC014,,,,,,Withdrawn,
APP001639,CAN001118,2023-12-27,ALT / English Teacher,REC015,2023-12-30,2024-01-05,2024-01-13,2024-01-14,,Hired,
APP001640,CAN001115,2023-11-13,Senior Teacher,REC009,2023-11-19,2023-11-23,,,,Interviewing,
APP001641,CAN000056,2021-03-06,ALT / English Teacher,REC008,2021-03-08,2021-03-14,,,,Interviewing,
APP001642,CAN000101,2021-05-19,ALT / English Teacher,REC020,2021-05-28,,,,,Hired,
APP001643,CAN001471,2023-04-21,Experienced Teacher,REC011,2023-04-30,2023-05-13,2023-05-17,2023-05-23,,Hired,
APP001644,CAN001176,2024-12-09,ALT / English Teacher,REC023,2024-12-17,2024-12-22,2024-12-29,2024-12-31,,Hired,
APP001645,CAN000135,2024-12-06,Senior Teacher,REC023,2024-12-10,2024-12-24,2025-01-01,2025-01-08,,Hired,
APP001646,CAN001806,2023-05-08,ALT / English Teacher,REC020,2023-05-14,2023-05-25,,,,Interviewing,
APP001647,CAN001820,2025-10-17,Experienced Teacher,REC005,2025-10-25,2025-11-05,2025-11-12,2025-11-15,,Hired,
APP001648,CAN001732,2025-12-28,Senior Teacher,REC014,2026-01-06,,,,,Hired,
APP001649,CAN001350,2021-06-10,Senior Teacher,REC022,2021-06-20,2021-06-24,2021-06-25,2021-06-30,,Hired,
APP001650,CAN000240,2024-04-06,Experienced Teacher,REC008,2024-04-14,2024-04-26,2024-04-29,2024-05-03,,Hired,
APP001651,CAN000368,2024-07-24,Senior Teacher,REC005,2024-08-01,2024-08-14,,,,Interviewing,
APP001652,CAN001355,2025-12-03,Experienced Teacher,REC008,2025-12-11,2025-12-21,2025-12-29,2025-12-31,,Hired,
APP001653,CAN001012,2023-05-20,ALT / English Teacher,REC018,2023-05-24,2023-05-31,,,,Interviewing,
APP001654,CAN000548,2021-03-02,ALT / English Teacher,REC003,2021-03-10,2021-03-24,,,,Interviewing,
APP001655,CAN001719,2024-04-06,Senior Teacher,REC009,2024-04-08,2024-04-13,2024-04-16,2024-04-18,,Hired,
APP001656,CAN001207,2024-02-13,Senior Teacher,REC022,2024-02-15,2024-02-26,2024-02-29,2024-03-04,,Hired,
APP001657,CAN000210,2025-08-20,ALT / English Teacher,REC013,2025-08-21,2025-08-24,,,2025-09-12,Rejected,Availability
APP001658,CAN001449,2022-04-28,Experienced Teacher,REC008,2022-05-06,2022-05-19,,,,Interviewing,
APP001659,CAN000613,2022-04-15,ALT / English Teacher,REC018,2022-04-21,,,,,Interviewing,
APP001660,CAN000259,2026-07-28,ALT / English Teacher,REC022,2026-07-30,2026-08-10,,,2026-08-07,Rejected,Experience
APP001661,CAN000346,2025-11-13,ALT / English Teacher,REC014,2025-11-18,2025-12-01,,,2025-11-17,Rejected,Interview Result
APP001662,CAN000691,2024-06-14,ALT / English Teacher,REC019,2024-06-24,,,,,Hired,
APP001663,CAN001900,2026-10-02,Experienced Teacher,REC023,2026-10-09,,,,,Interviewing,
APP001664,CAN001839,2024-04-02,ALT / English Teacher,REC010,2024-04-03,2024-04-08,2024-04-15,2024-04-16,,Hired,
APP001665,CAN000223,2022-11-08,Experienced Teacher,REC023,2022-11-11,2022-11-16,2022-11-20,2022-11-21,,Hired,
APP001666,CAN000111,2025-12-10,ALT / English Teacher,REC004,2025-12-14,2025-12-27,,,2025-12-14,Rejected,Interview Result
APP001667,CAN000015,2025-05-27,Senior Teacher,REC024,2025-06-01,2025-06-08,2025-06-13,2025-06-20,,Hired,
APP001668,CAN000390,2025-03-16,ALT / English Teacher,REC006,2025-03-23,2025-03-27,,,2025-03-19,Rejected,Position Filled
APP001669,CAN000487,2025-04-03,Experienced Teacher,REC004,2025-04-10,2025-04-22,2025-05-02,2025-05-08,,Hired,
APP001670,CAN000454,2021-12-16,Experienced Teacher,REC007,2021-12-20,2021-12-29,,,,Interviewing,
APP001671,CAN001548,2022-08-10,ALT / English Teacher,REC011,,,,,,Withdrawn,
APP001672,CAN000770,2026-10-26,ALT / English Teacher,REC014,2026-10-30,,,,2026-11-17,Rejected,Language Requirements
APP001673,CAN000294,2023-02-05,Experienced Teacher,REC024,2023-02-10,2023-02-14,,,,Interviewing,
APP001674,CAN001905,2021-09-14,Senior Teacher,REC004,2021-09-20,2021-09-30,2021-10-06,2021-10-08,,Hired,
APP001675,CAN001321,2025-03-17,Experienced Teacher,REC004,2025-03-27,2025-04-08,2025-04-16,2025-04-21,,Hired,
APP001676,CAN000049,2023-11-01,Experienced Teacher,REC012,,,,,,Withdrawn,
APP001677,CAN001039,2026-07-22,Experienced Teacher,REC020,2026-07-25,,,,2026-08-07,Rejected,Experience
APP001678,CAN000106,2024-06-05,ALT / English Teacher,REC024,2024-06-14,2024-06-27,2024-06-30,2024-07-06,,Hired,
APP001679,CAN001474,2021-09-28,ALT / English Teacher,REC016,2021-10-04,,,,2021-10-21,Rejected,Position Filled
APP001680,CAN001955,2024-06-26,Experienced Teacher,REC023,2024-06-27,2024-07-09,,,,Interviewing,
APP001681,CAN000714,2023-03-09,Senior Teacher,REC022,2023-03-12,2023-03-20,2023-03-24,2023-03-27,,Hired,
APP001682,CAN001845,2024-05-28,Senior Teacher,REC015,2024-06-05,2024-06-16,,,,Interviewing,
APP001683,CAN001945,2026-07-03,ALT / English Teacher,REC002,2026-07-04,2026-07-05,,,2026-07-11,Rejected,Experience
APP001684,CAN000064,2021-09-18,Senior Teacher,REC017,2021-09-24,2021-10-05,2021-10-11,2021-10-16,,Hired,
APP001685,CAN000530,2024-06-08,ALT / English Teacher,REC020,2024-06-16,2024-06-22,,,2024-07-08,Rejected,Availability
APP001686,CAN000189,2025-09-28,Senior Teacher,REC005,2025-10-01,2025-10-09,2025-10-19,2025-10-21,,Hired,
APP001687,CAN000991,2024-09-21,Senior Teacher,REC011,2024-09-23,2024-10-01,,,,Interviewing,
APP001688,CAN000812,2021-02-22,Experienced Teacher,REC018,2021-02-25,2021-03-03,2021-03-07,2021-03-10,,Hired,
APP001689,CAN001070,2024-01-07,Senior Teacher,REC025,2024-01-14,2024-01-25,2024-01-31,2024-02-01,,Hired,
APP001690,CAN000112,2026-05-06,ALT / English Teacher,REC024,2026-05-07,2026-05-20,,,,Interviewing,
APP001691,CAN001907,2024-07-18,Experienced Teacher,REC010,2024-07-28,2024-08-07,,,,Interviewing,
APP001692,CAN001830,2022-02-26,Senior Teacher,REC001,2022-02-28,2022-03-12,,,2022-03-19,Rejected,Work Eligibility
APP001693,CAN000492,2025-03-28,Senior Teacher,REC014,2025-03-30,2025-04-01,2025-04-05,2025-04-08,,Hired,
APP001694,CAN000911,2022-08-14,ALT / English Teacher,REC008,2022-08-18,,,,,Hired,
APP001695,CAN001088,2021-04-28,ALT / English Teacher,REC006,2021-04-29,,,,,Hired,
APP001696,CAN000169,2025-06-12,ALT / English Teacher,REC002,2025-06-18,2025-06-30,2025-07-01,2025-07-04,,Hired,
APP001697,CAN001633,2026-07-28,Senior Teacher,REC016,2026-08-02,2026-08-04,2026-08-12,2026-08-18,,Hired,
APP001698,CAN001293,2021-08-26,ALT / English Teacher,REC024,2021-08-31,,,,2021-09-12,Rejected,Interview Result
APP001699,CAN001561,2024-01-21,Senior Teacher,REC010,,,,,,Withdrawn,
APP001700,CAN001176,2021-10-20,Senior Teacher,REC015,2021-10-21,2021-10-31,,,2021-11-01,Rejected,Availability
APP001701,CAN001470,2021-08-02,ALT / English Teacher,REC012,2021-08-08,2021-08-20,,,,Interviewing,
APP001702,CAN001331,2024-10-09,Experienced Teacher,REC023,2024-10-12,2024-10-15,2024-10-24,2024-10-29,,Hired,
APP001703,CAN001315,2023-04-09,ALT / English Teacher,REC004,2023-04-10,,,,,Hired,
APP001704,CAN000142,2025-03-16,Experienced Teacher,REC017,2025-03-25,2025-04-06,,,,Interviewing,
APP001705,CAN000656,2026-08-10,Senior Teacher,REC023,2026-08-18,,,,,Interviewing,
APP001706,CAN000969,2023-09-14,Senior Teacher,REC013,2023-09-22,2023-10-05,2023-10-13,2023-10-15,,Hired,
APP001707,CAN000825,2026-09-28,ALT / English Teacher,REC012,2026-09-29,,,,2026-10-16,Rejected,Availability
APP001708,CAN000260,2026-01-24,Experienced Teacher,REC008,2026-01-30,2026-02-03,2026-02-09,2026-02-13,,Hired,
APP001709,CAN001163,2026-11-14,ALT / English Teacher,REC014,2026-11-19,2026-11-23,2026-11-27,2026-11-28,,Hired,
APP001710,CAN001968,2021-11-11,Experienced Teacher,REC004,2021-11-21,,,,,Hired,
APP001711,CAN000325,2023-08-08,ALT / English Teacher,REC022,2023-08-09,2023-08-18,2023-08-24,2023-08-25,,Hired,
APP001712,CAN001024,2023-06-17,ALT / English Teacher,REC011,2023-06-20,2023-07-01,,,2023-07-13,Rejected,Availability
APP001713,CAN000305,2021-08-06,Experienced Teacher,REC001,2021-08-08,2021-08-17,,,2021-08-30,Rejected,Availability
APP001714,CAN001684,2025-06-19,ALT / English Teacher,REC009,,,,,,Withdrawn,
APP001715,CAN000751,2024-08-17,Experienced Teacher,REC020,2024-08-18,2024-08-20,,,,Interviewing,
APP001716,CAN001768,2023-04-09,Senior Teacher,REC015,2023-04-14,2023-04-28,,,2023-04-27,Rejected,Work Eligibility
APP001717,CAN001634,2023-04-21,Experienced Teacher,REC009,2023-04-27,2023-05-01,,,2023-05-10,Rejected,Experience
APP001718,CAN001789,2024-02-16,Experienced Teacher,REC001,2024-02-26,2024-03-02,2024-03-11,2024-03-17,,Hired,
APP001719,CAN001526,2022-05-16,Senior Teacher,REC015,2022-05-18,2022-05-27,,,,Interviewing,
APP001720,CAN000620,2022-12-01,ALT / English Teacher,REC023,2022-12-10,2022-12-24,2022-12-28,2022-12-29,,Hired,
APP001721,CAN000337,2021-09-03,ALT / English Teacher,REC009,2021-09-11,2021-09-24,2021-09-28,2021-09-30,,Hired,
APP001722,CAN001633,2022-11-27,ALT / English Teacher,REC006,2022-12-06,2022-12-19,2022-12-20,2022-12-21,,Hired,
APP001723,CAN000138,2021-04-03,Experienced Teacher,REC025,2021-04-11,2021-04-16,,,,Interviewing,
APP001724,CAN001666,2022-12-15,Senior Teacher,REC010,2022-12-16,2022-12-28,2022-12-30,2023-01-05,,Hired,
APP001725,CAN001885,2024-11-05,ALT / English Teacher,REC024,2024-11-10,2024-11-13,2024-11-21,2024-11-27,,Hired,
APP001726,CAN001989,2022-02-13,Experienced Teacher,REC016,2022-02-22,,,,,Hired,
APP001727,CAN000522,2026-08-14,Experienced Teacher,REC001,2026-08-23,2026-09-05,2026-09-06,2026-09-11,,Hired,
APP001728,CAN000499,2021-05-25,Senior Teacher,REC024,2021-06-03,2021-06-09,2021-06-18,2021-06-24,,Hired,
APP001729,CAN000881,2026-03-08,ALT / English Teacher,REC022,,,,,,Withdrawn,
APP001730,CAN000685,2026-08-14,ALT / English Teacher,REC003,2026-08-15,2026-08-25,2026-08-28,2026-09-01,,Hired,
APP001731,CAN000982,2024-05-10,Experienced Teacher,REC010,2024-05-12,2024-05-15,,,2024-05-13,Rejected,Language Requirements
APP001732,CAN001614,2022-02-05,Senior Teacher,REC010,2022-02-07,2022-02-17,2022-02-27,2022-03-06,,Hired,
APP001733,CAN000906,2026-08-28,Experienced Teacher,REC006,2026-08-31,,,,2026-09-19,Rejected,Work Eligibility
APP001734,CAN001169,2022-02-21,Experienced Teacher,REC024,,,,,,Withdrawn,
APP001735,CAN001708,2024-02-23,Senior Teacher,REC005,2024-02-28,2024-02-29,2024-03-02,2024-03-04,,Hired,
APP001736,CAN000084,2022-06-22,ALT / English Teacher,REC004,2022-07-01,2022-07-05,2022-07-14,2022-07-20,,Hired,
APP001737,CAN001308,2022-02-16,Senior Teacher,REC025,2022-02-24,2022-03-04,2022-03-08,2022-03-13,,Hired,
APP001738,CAN000912,2026-08-12,ALT / English Teacher,REC006,2026-08-20,2026-09-01,2026-09-06,2026-09-11,,Hired,
APP001739,CAN000885,2026-11-23,Senior Teacher,REC016,,,,,,Withdrawn,
APP001740,CAN001003,2026-12-15,ALT / English Teacher,REC005,2026-12-24,2027-01-07,2027-01-15,2027-01-17,,Hired,
APP001741,CAN001162,2026-05-24,ALT / English Teacher,REC004,,,,,,Withdrawn,
APP001742,CAN001599,2021-04-11,Senior Teacher,REC003,2021-04-18,2021-04-19,,,,Interviewing,
APP001743,CAN000053,2025-07-09,Experienced Teacher,REC019,2025-07-17,2025-07-30,2025-08-01,2025-08-03,,Hired,
APP001744,CAN001695,2023-02-05,Experienced Teacher,REC017,2023-02-10,2023-02-14,,,2023-02-16,Rejected,Availability
APP001745,CAN001716,2025-06-15,ALT / English Teacher,REC022,2025-06-20,,,,,Interviewing,
APP001746,CAN000855,2022-05-03,Senior Teacher,REC002,,,,,,Withdrawn,
APP001747,CAN001762,2022-05-03,Experienced Teacher,REC003,2022-05-05,2022-05-16,2022-05-20,2022-05-21,,Hired,
APP001748,CAN001032,2024-07-18,Experienced Teacher,REC001,2024-07-25,2024-07-26,2024-08-03,2024-08-08,,Hired,
APP001749,CAN001458,2026-10-24,Senior Teacher,REC010,,,,,,Withdrawn,
APP001750,CAN000112,2026-12-08,Experienced Teacher,REC018,2026-12-10,2026-12-11,2026-12-14,2026-12-19,,Hired,
APP001751,CAN001838,2025-03-07,Senior Teacher,REC022,2025-03-11,2025-03-15,,,2025-03-24,Rejected,Language Requirements
APP001752,CAN000789,2024-10-09,ALT / English Teacher,REC014,2024-10-16,2024-10-17,2024-10-19,2024-10-20,,Hired,
APP001753,CAN001000,2021-12-05,Senior Teacher,REC007,2021-12-09,2021-12-17,,,2021-12-23,Rejected,Position Filled
APP001754,CAN000326,2023-10-20,Senior Teacher,REC009,2023-10-21,2023-10-28,2023-11-03,2023-11-09,,Hired,
APP001755,CAN000478,2022-03-28,Senior Teacher,REC014,,,,,,Withdrawn,
APP001756,CAN001292,2021-04-11,Experienced Teacher,REC005,2021-04-18,2021-04-20,2021-04-21,2021-04-22,,Hired,
APP001757,CAN001503,2021-05-19,Senior Teacher,REC018,,,,,,Withdrawn,
APP001758,CAN001791,2021-02-03,ALT / English Teacher,REC005,,,,,,Withdrawn,
APP001759,CAN001237,2025-03-21,ALT / English Teacher,REC011,2025-03-22,2025-04-01,2025-04-10,2025-04-14,,Hired,
APP001760,CAN001397,2021-11-12,Senior Teacher,REC001,2021-11-15,2021-11-27,2021-12-03,2021-12-06,,Hired,
APP001761,CAN000295,2026-07-25,ALT / English Teacher,REC004,,,,,,Withdrawn,
APP001762,CAN000359,2026-09-28,ALT / English Teacher,REC025,2026-10-08,2026-10-21,2026-10-26,2026-11-02,,Hired,
APP001763,CAN001009,2021-05-18,Senior Teacher,REC022,2021-05-22,2021-05-30,,,2021-06-13,Rejected,Availability
APP001764,CAN001309,2024-06-02,ALT / English Teacher,REC010,2024-06-07,2024-06-18,,,2024-06-05,Rejected,Interview Result
APP001765,CAN001178,2025-11-22,Senior Teacher,REC010,2025-11-29,2025-12-02,,,,Interviewing,
APP001766,CAN000698,2026-10-09,ALT / English Teacher,REC007,2026-10-14,,,,,Hired,
APP001767,CAN001024,2021-08-28,Experienced Teacher,REC017,2021-08-30,2021-09-06,2021-09-11,2021-09-18,,Hired,
APP001768,CAN000667,2025-11-17,Experienced Teacher,REC025,2025-11-27,2025-12-08,2025-12-13,2025-12-14,,Hired,
APP001769,CAN000484,2026-11-13,ALT / English Teacher,REC012,2026-11-16,2026-11-27,2026-12-04,2026-12-06,,Hired,
APP001770,CAN001822,2021-04-12,Experienced Teacher,REC017,2021-04-18,2021-05-01,,,2021-05-05,Rejected,Language Requirements
APP001771,CAN000156,2022-02-05,Experienced Teacher,REC013,2022-02-11,2022-02-13,2022-02-23,2022-02-26,,Hired,
APP001772,CAN001116,2021-03-23,ALT / English Teacher,REC008,2021-03-28,2021-03-31,2021-04-01,2021-04-04,,Hired,
APP001773,CAN001693,2023-04-15,Senior Teacher,REC022,2023-04-23,2023-04-24,,,2023-05-07,Rejected,Availability
APP001774,CAN001433,2026-03-10,Experienced Teacher,REC020,2026-03-15,2026-03-16,2026-03-25,2026-03-26,,Hired,
APP001775,CAN001656,2023-12-05,ALT / English Teacher,REC008,2023-12-09,2023-12-14,2023-12-18,2023-12-20,,Hired,
APP001776,CAN000238,2021-04-17,Experienced Teacher,REC003,2021-04-22,2021-05-02,,,2021-04-27,Rejected,Interview Result
APP001777,CAN000305,2023-07-22,ALT / English Teacher,REC009,2023-07-31,2023-08-04,,,,Interviewing,
APP001778,CAN001119,2024-01-04,Experienced Teacher,REC023,2024-01-08,2024-01-17,,,,Interviewing,
APP001779,CAN000035,2025-10-20,Senior Teacher,REC012,2025-10-22,2025-11-03,,,2025-11-15,Rejected,Interview Result
APP001780,CAN001258,2021-04-04,Experienced Teacher,REC021,2021-04-12,2021-04-26,2021-05-05,2021-05-06,,Hired,
APP001781,CAN001307,2021-02-08,Experienced Teacher,REC023,2021-02-11,2021-02-14,,,,Interviewing,
APP001782,CAN001015,2023-07-23,ALT / English Teacher,REC017,2023-07-24,2023-08-05,2023-08-07,2023-08-09,,Hired,
APP001783,CAN001111,2022-06-04,ALT / English Teacher,REC014,2022-06-06,,,,,Hired,
APP001784,CAN001888,2026-10-17,Senior Teacher,REC025,2026-10-24,2026-11-07,2026-11-10,2026-11-16,,Hired,
APP001785,CAN000165,2021-03-06,Senior Teacher,REC009,2021-03-07,2021-03-09,,,2021-04-02,Rejected,Position Filled
APP001786,CAN000640,2026-05-03,Senior Teacher,REC003,2026-05-10,2026-05-11,,,2026-05-16,Rejected,Experience
APP001787,CAN001279,2022-06-08,Experienced Teacher,REC004,2022-06-10,2022-06-13,,,2022-06-13,Rejected,Experience
APP001788,CAN001854,2024-11-13,Experienced Teacher,REC022,2024-11-23,2024-11-24,,,2024-11-29,Rejected,Experience
APP001789,CAN001075,2025-02-17,Senior Teacher,REC024,2025-02-25,2025-02-27,2025-03-01,2025-03-04,,Hired,
APP001790,CAN000239,2022-04-26,Experienced Teacher,REC024,2022-05-06,2022-05-15,,,2022-05-17,Rejected,Availability
APP001791,CAN000117,2023-11-03,Experienced Teacher,REC005,2023-11-04,2023-11-10,2023-11-18,2023-11-21,,Hired,
APP001792,CAN000338,2021-12-26,Senior Teacher,REC009,2022-01-02,2022-01-11,,,2022-01-03,Rejected,Availability
APP001793,CAN001753,2024-04-27,Senior Teacher,REC015,2024-05-07,2024-05-11,2024-05-13,2024-05-19,,Hired,
APP001794,CAN001948,2025-05-05,Senior Teacher,REC007,2025-05-10,2025-05-14,,,2025-05-27,Rejected,Interview Result
APP001795,CAN001504,2024-03-19,Experienced Teacher,REC006,,,,,,Withdrawn,
APP001796,CAN000631,2022-07-22,Senior Teacher,REC003,2022-07-26,2022-07-31,2022-08-02,2022-08-07,,Hired,
APP001797,CAN000335,2023-10-04,Senior Teacher,REC008,2023-10-12,2023-10-13,2023-10-18,2023-10-22,,Hired,
APP001798,CAN001206,2022-03-25,ALT / English Teacher,REC006,2022-03-28,,,,,Hired,
APP001799,CAN000959,2022-01-12,Senior Teacher,REC014,2022-01-15,,,,,Hired,
APP001800,CAN001279,2026-01-25,ALT / English Teacher,REC018,2026-02-03,,,,2026-01-29,Rejected,Position Filled
APP001801,CAN000086,2022-07-19,Senior Teacher,REC005,2022-07-25,2022-07-31,2022-08-02,2022-08-06,,Hired,
APP001802,CAN001655,2021-09-07,Senior Teacher,REC021,2021-09-08,2021-09-17,2021-09-18,2021-09-20,,Hired,
APP001803,CAN000354,2025-10-28,Senior Teacher,REC003,2025-11-06,,,,,Interviewing,
APP001804,CAN000380,2023-08-13,Senior Teacher,REC013,2023-08-22,,,,,Hired,
APP001805,CAN000134,2022-09-24,ALT / English Teacher,REC003,2022-09-30,,,,,Interviewing,
APP001806,CAN001197,2021-11-05,ALT / English Teacher,REC003,2021-11-09,2021-11-23,,,,Interviewing,
APP001807,CAN001654,2024-04-03,Senior Teacher,REC006,2024-04-08,2024-04-14,,,,Interviewing,
APP001808,CAN000234,2026-09-07,Experienced Teacher,REC001,2026-09-17,2026-09-28,2026-10-01,2026-10-07,,Hired,
APP001809,CAN001467,2026-05-24,ALT / English Teacher,REC016,,,,,,Withdrawn,
APP001810,CAN000512,2026-07-06,Senior Teacher,REC018,2026-07-09,2026-07-18,2026-07-28,2026-08-02,,Hired,
APP001811,CAN001760,2025-08-18,ALT / English Teacher,REC018,2025-08-20,2025-08-28,,,,Interviewing,
APP001812,CAN000170,2022-05-08,Senior Teacher,REC012,2022-05-14,,,,,Interviewing,
APP001813,CAN001840,2026-04-12,ALT / English Teacher,REC005,2026-04-18,2026-04-24,,,2026-04-25,Rejected,Language Requirements
APP001814,CAN000932,2022-12-17,Experienced Teacher,REC013,2022-12-18,,,,,Interviewing,
APP001815,CAN001182,2026-08-02,Experienced Teacher,REC011,2026-08-10,2026-08-20,2026-08-23,2026-08-29,,Hired,
APP001816,CAN001853,2022-05-10,Senior Teacher,REC006,2022-05-12,2022-05-22,,,2022-05-29,Rejected,Interview Result
APP001817,CAN001090,2022-02-24,ALT / English Teacher,REC022,2022-03-05,2022-03-12,2022-03-14,2022-03-15,,Hired,
APP001818,CAN001030,2023-09-13,Experienced Teacher,REC015,2023-09-19,2023-09-21,,,2023-09-17,Rejected,Experience
APP001819,CAN000836,2021-11-26,Experienced Teacher,REC023,2021-12-06,2021-12-11,,,2021-12-10,Rejected,Availability
APP001820,CAN001642,2021-10-01,Experienced Teacher,REC004,2021-10-11,2021-10-24,,,,Interviewing,
APP001821,CAN001218,2023-06-16,Senior Teacher,REC008,2023-06-22,2023-07-05,,,2023-06-19,Rejected,Interview Result
APP001822,CAN001565,2026-06-01,ALT / English Teacher,REC022,2026-06-06,2026-06-14,,,2026-06-05,Rejected,Work Eligibility
APP001823,CAN001017,2025-11-02,ALT / English Teacher,REC017,2025-11-04,2025-11-08,,,,Interviewing,
APP001824,CAN000942,2024-08-23,Senior Teacher,REC013,2024-08-25,2024-08-30,2024-08-31,2024-09-05,,Hired,
APP001825,CAN000553,2023-08-04,Experienced Teacher,REC001,2023-08-13,,,,,Interviewing,
APP001826,CAN001600,2024-12-08,Senior Teacher,REC005,2024-12-14,,,,2024-12-30,Rejected,Language Requirements
APP001827,CAN001763,2021-11-10,ALT / English Teacher,REC019,2021-11-20,,,,,Hired,
APP001828,CAN000891,2022-03-28,Experienced Teacher,REC002,2022-04-04,2022-04-08,,,2022-04-03,Rejected,Position Filled
APP001829,CAN000230,2024-09-05,Senior Teacher,REC022,2024-09-08,2024-09-19,2024-09-27,2024-10-01,,Hired,
APP001830,CAN001776,2025-07-02,Senior Teacher,REC008,2025-07-03,2025-07-11,2025-07-13,2025-07-18,,Hired,
APP001831,CAN000764,2026-04-01,Experienced Teacher,REC002,2026-04-11,2026-04-12,,,,Interviewing,
APP001832,CAN001848,2023-06-27,Senior Teacher,REC016,,,,,,Withdrawn,
APP001833,CAN001271,2022-06-15,Senior Teacher,REC001,2022-06-24,2022-06-27,2022-07-03,2022-07-06,,Hired,
APP001834,CAN000472,2025-12-13,ALT / English Teacher,REC004,2025-12-20,2025-12-29,2026-01-05,2026-01-09,,Hired,
APP001835,CAN000641,2025-07-09,Senior Teacher,REC013,2025-07-14,2025-07-25,,,2025-08-07,Rejected,Experience
APP001836,CAN000553,2021-06-08,Experienced Teacher,REC010,2021-06-17,2021-06-24,,,2021-06-18,Rejected,Availability
APP001837,CAN001814,2025-06-16,ALT / English Teacher,REC005,2025-06-24,2025-06-27,2025-07-02,2025-07-03,,Hired,
APP001838,CAN000084,2026-09-28,ALT / English Teacher,REC023,2026-10-08,2026-10-18,2026-10-27,2026-10-31,,Hired,
APP001839,CAN001058,2025-03-04,Senior Teacher,REC007,2025-03-11,2025-03-12,,,2025-03-17,Rejected,Work Eligibility
APP001840,CAN001577,2021-06-18,Senior Teacher,REC004,2021-06-24,2021-07-03,2021-07-06,2021-07-07,,Hired,
APP001841,CAN001178,2026-09-09,ALT / English Teacher,REC023,2026-09-11,2026-09-23,,,,Interviewing,
APP001842,CAN000231,2025-04-05,ALT / English Teacher,REC004,2025-04-06,2025-04-14,2025-04-19,2025-04-25,,Hired,
APP001843,CAN001303,2022-11-23,ALT / English Teacher,REC011,2022-12-02,2022-12-15,2022-12-25,2022-12-26,,Hired,
APP001844,CAN001603,2022-12-18,Experienced Teacher,REC011,2022-12-22,2022-12-24,,,,Interviewing,
APP001845,CAN000241,2021-11-19,ALT / English Teacher,REC007,2021-11-29,2021-12-10,,,,Interviewing,
APP001846,CAN001471,2023-10-09,ALT / English Teacher,REC005,2023-10-15,2023-10-22,,,2023-10-16,Rejected,Availability
APP001847,CAN001883,2023-08-03,Senior Teacher,REC004,2023-08-11,2023-08-22,,,,Interviewing,
APP001848,CAN000516,2025-04-21,Senior Teacher,REC020,2025-04-25,2025-05-05,2025-05-14,2025-05-16,,Hired,
APP001849,CAN001430,2026-12-26,Experienced Teacher,REC006,2026-12-29,2027-01-06,2027-01-13,2027-01-14,,Hired,
APP001850,CAN001969,2024-10-25,Experienced Teacher,REC017,2024-11-03,,,,,Hired,
APP001851,CAN001709,2023-11-18,Senior Teacher,REC004,2023-11-23,2023-11-29,2023-12-02,2023-12-07,,Hired,
APP001852,CAN001945,2025-09-13,Experienced Teacher,REC019,2025-09-17,2025-09-30,2025-10-02,2025-10-05,,Hired,
APP001853,CAN000310,2023-02-08,Experienced Teacher,REC002,2023-02-09,2023-02-21,2023-02-22,2023-02-25,,Hired,
APP001854,CAN001158,2026-11-28,ALT / English Teacher,REC025,2026-12-02,2026-12-04,2026-12-06,2026-12-10,,Hired,
APP001855,CAN001136,2026-10-25,Experienced Teacher,REC015,2026-11-03,2026-11-10,,,2026-11-17,Rejected,Availability
APP001856,CAN001187,2023-02-04,Experienced Teacher,REC008,2023-02-07,2023-02-21,,,2023-02-22,Rejected,Interview Result
APP001857,CAN000202,2025-02-09,ALT / English Teacher,REC024,2025-02-18,2025-03-03,,,,Interviewing,
APP001858,CAN001381,2021-12-13,ALT / English Teacher,REC021,2021-12-21,2022-01-01,2022-01-04,2022-01-05,,Hired,
APP001859,CAN001564,2023-06-05,ALT / English Teacher,REC015,2023-06-08,2023-06-18,,,2023-06-22,Rejected,Experience
APP001860,CAN001920,2024-01-25,ALT / English Teacher,REC020,2024-01-31,2024-02-07,,,2024-01-29,Rejected,Availability
APP001861,CAN001316,2021-06-18,Experienced Teacher,REC020,2021-06-23,,,,,Hired,
APP001862,CAN001374,2022-04-24,Experienced Teacher,REC024,2022-04-26,2022-04-29,2022-05-03,2022-05-10,,Hired,
APP001863,CAN001428,2023-09-28,Senior Teacher,REC019,2023-10-03,,,,2023-10-14,Rejected,Language Requirements
APP001864,CAN000103,2022-10-09,ALT / English Teacher,REC001,2022-10-19,,,,,Interviewing,
APP001865,CAN000148,2022-01-24,Senior Teacher,REC020,2022-01-25,2022-02-08,2022-02-09,2022-02-10,,Hired,
APP001866,CAN000226,2021-03-08,Senior Teacher,REC023,2021-03-10,2021-03-20,2021-03-26,2021-04-02,,Hired,
APP001867,CAN001922,2022-02-07,ALT / English Teacher,REC002,2022-02-12,,,,2022-03-08,Rejected,Work Eligibility
APP001868,CAN001689,2026-02-01,ALT / English Teacher,REC012,2026-02-07,,,,,Hired,
APP001869,CAN000421,2021-07-27,Experienced Teacher,REC014,2021-07-28,,,,2021-08-03,Rejected,Interview Result
APP001870,CAN000716,2026-08-06,ALT / English Teacher,REC025,2026-08-11,2026-08-14,2026-08-21,2026-08-25,,Hired,
APP001871,CAN001232,2025-02-19,ALT / English Teacher,REC001,2025-03-01,,,,,Hired,
APP001872,CAN001347,2025-01-25,Experienced Teacher,REC017,2025-02-04,2025-02-07,,,2025-01-29,Rejected,Language Requirements
APP001873,CAN000353,2022-02-17,ALT / English Teacher,REC009,2022-02-27,,,,,Hired,
APP001874,CAN000956,2025-09-26,ALT / English Teacher,REC019,2025-10-06,,,,2025-10-01,Rejected,Experience
APP001875,CAN001158,2026-10-21,ALT / English Teacher,REC015,2026-10-29,,,,,Interviewing,
APP001876,CAN001827,2024-04-24,Senior Teacher,REC009,2024-04-27,2024-05-02,2024-05-12,2024-05-16,,Hired,
APP001877,CAN001976,2021-11-09,ALT / English Teacher,REC025,2021-11-17,2021-12-01,2021-12-03,2021-12-04,,Hired,
APP001878,CAN000380,2025-08-24,ALT / English Teacher,REC008,2025-08-30,2025-09-02,2025-09-04,2025-09-10,,Hired,
APP001879,CAN000387,2025-11-02,Experienced Teacher,REC004,2025-11-12,2025-11-19,,,2025-12-01,Rejected,Language Requirements
APP001880,CAN001898,2023-08-09,Experienced Teacher,REC005,2023-08-19,2023-08-28,,,,Interviewing,
APP001881,CAN001317,2025-04-05,Experienced Teacher,REC002,2025-04-08,,,,2025-04-11,Rejected,Interview Result
APP001882,CAN000777,2024-07-03,Experienced Teacher,REC006,2024-07-12,2024-07-21,,,2024-07-12,Rejected,Availability
APP001883,CAN000039,2022-11-22,Senior Teacher,REC024,,,,,,Withdrawn,
APP001884,CAN001834,2026-06-01,ALT / English Teacher,REC010,2026-06-11,2026-06-13,2026-06-15,2026-06-18,,Hired,
APP001885,CAN001724,2025-02-11,Senior Teacher,REC010,2025-02-16,,,,2025-02-25,Rejected,Language Requirements
APP001886,CAN000482,2026-10-10,Experienced Teacher,REC021,2026-10-13,2026-10-21,2026-10-25,2026-10-27,,Hired,
APP001887,CAN000690,2026-12-23,Senior Teacher,REC017,2026-12-24,2027-01-06,2027-01-14,2027-01-16,,Hired,
APP001888,CAN000314,2025-05-08,Senior Teacher,REC004,,,,,,Withdrawn,
APP001889,CAN001901,2021-01-11,ALT / English Teacher,REC002,2021-01-14,2021-01-23,,,,Interviewing,
APP001890,CAN001792,2026-10-14,Experienced Teacher,REC016,2026-10-17,2026-10-18,,,2026-10-23,Rejected,Work Eligibility
APP001891,CAN000500,2023-10-24,ALT / English Teacher,REC003,2023-10-26,,,,2023-11-10,Rejected,Language Requirements
APP001892,CAN000810,2021-08-08,ALT / English Teacher,REC003,2021-08-16,2021-08-25,,,2021-08-25,Rejected,Availability
APP001893,CAN001461,2025-12-01,Senior Teacher,REC005,,,,,,Withdrawn,
APP001894,CAN000729,2021-01-28,ALT / English Teacher,REC006,2021-02-04,2021-02-13,2021-02-20,2021-02-26,,Hired,
APP001895,CAN001079,2025-03-25,Senior Teacher,REC005,2025-03-27,2025-04-06,,,,Interviewing,
APP001896,CAN000853,2022-06-19,Experienced Teacher,REC018,2022-06-26,2022-06-30,,,2022-07-15,Rejected,Position Filled
APP001897,CAN001658,2024-08-21,Experienced Teacher,REC023,2024-08-22,,,,2024-09-04,Rejected,Experience
APP001898,CAN001159,2021-10-28,Senior Teacher,REC006,2021-11-07,2021-11-14,2021-11-24,2021-12-01,,Hired,
APP001899,CAN000880,2023-09-07,Experienced Teacher,REC004,2023-09-11,,,,,Hired,
APP001900,CAN000531,2023-09-24,Experienced Teacher,REC004,,,,,,Withdrawn,
APP001901,CAN001747,2021-06-28,Senior Teacher,REC012,2021-07-07,2021-07-14,2021-07-22,2021-07-26,,Hired,
APP001902,CAN000432,2021-10-25,Senior Teacher,REC003,2021-10-28,2021-11-02,2021-11-12,2021-11-13,,Hired,
APP001903,CAN001125,2025-09-18,Senior Teacher,REC001,2025-09-22,2025-10-01,,,2025-10-18,Rejected,Interview Result
APP001904,CAN001542,2021-05-07,ALT / English Teacher,REC018,2021-05-14,2021-05-28,,,2021-05-17,Rejected,Position Filled
APP001905,CAN001208,2022-03-21,ALT / English Teacher,REC007,,,,,,Withdrawn,
APP001906,CAN001368,2026-08-26,ALT / English Teacher,REC017,2026-09-02,2026-09-10,,,2026-08-30,Rejected,Work Eligibility
APP001907,CAN000232,2025-02-25,ALT / English Teacher,REC012,2025-02-28,2025-03-02,,,2025-03-23,Rejected,Language Requirements
APP001908,CAN001300,2021-05-15,ALT / English Teacher,REC011,2021-05-21,2021-06-02,,,2021-05-24,Rejected,Position Filled
APP001909,CAN001004,2025-11-08,Experienced Teacher,REC021,2025-11-17,,,,2025-12-03,Rejected,Experience
APP001910,CAN000229,2022-11-01,ALT / English Teacher,REC014,2022-11-06,2022-11-14,2022-11-16,2022-11-22,,Hired,
APP001911,CAN001228,2022-01-05,Experienced Teacher,REC007,,,,,,Withdrawn,
APP001912,CAN001116,2024-01-27,ALT / English Teacher,REC022,2024-02-04,,,,,Hired,
APP001913,CAN001605,2021-02-10,ALT / English Teacher,REC021,2021-02-11,,,,,Hired,
APP001914,CAN001457,2024-10-28,ALT / English Teacher,REC003,2024-11-03,2024-11-05,,,2024-11-26,Rejected,Availability
APP001915,CAN000438,2023-01-21,Experienced Teacher,REC022,2023-01-31,2023-02-09,,,2023-02-04,Rejected,Interview Result
APP001916,CAN001486,2023-05-24,ALT / English Teacher,REC012,2023-05-26,,,,,Hired,
APP001917,CAN000288,2025-08-25,ALT / English Teacher,REC001,2025-08-27,2025-09-04,2025-09-12,2025-09-18,,Hired,
APP001918,CAN001785,2026-03-24,Experienced Teacher,REC003,,,,,,Withdrawn,
APP001919,CAN001903,2021-06-02,ALT / English Teacher,REC013,2021-06-07,2021-06-21,,,2021-06-05,Rejected,Interview Result
APP001920,CAN001051,2024-06-02,Experienced Teacher,REC014,2024-06-06,2024-06-12,,,2024-06-16,Rejected,Availability
APP001921,CAN000950,2021-06-20,Experienced Teacher,REC025,2021-06-24,2021-07-08,,,,Interviewing,
APP001922,CAN000389,2024-08-07,ALT / English Teacher,REC023,2024-08-10,,,,2024-08-30,Rejected,Experience
APP001923,CAN001623,2026-11-25,ALT / English Teacher,REC004,2026-12-03,2026-12-16,2026-12-25,2026-12-29,,Hired,
APP001924,CAN000700,2021-01-18,ALT / English Teacher,REC003,2021-01-26,2021-02-01,2021-02-02,2021-02-07,,Hired,
APP001925,CAN000384,2021-10-01,Senior Teacher,REC011,,,,,,Withdrawn,
APP001926,CAN000688,2026-10-14,Experienced Teacher,REC017,2026-10-19,2026-10-28,,,2026-11-12,Rejected,Work Eligibility
APP001927,CAN000642,2022-12-04,Senior Teacher,REC010,2022-12-06,2022-12-09,2022-12-14,2022-12-15,,Hired,
APP001928,CAN000111,2022-02-10,Experienced Teacher,REC025,2022-02-16,2022-03-02,2022-03-08,2022-03-12,,Hired,
APP001929,CAN001083,2025-04-19,Experienced Teacher,REC001,2025-04-23,2025-04-29,,,2025-04-23,Rejected,Position Filled
APP001930,CAN001145,2022-01-16,Senior Teacher,REC012,2022-01-18,2022-01-29,,,2022-01-29,Rejected,Work Eligibility
APP001931,CAN000825,2025-08-01,ALT / English Teacher,REC015,2025-08-03,2025-08-12,,,,Interviewing,
APP001932,CAN000125,2021-08-13,Senior Teacher,REC023,2021-08-20,2021-08-28,2021-09-05,2021-09-06,,Hired,
APP001933,CAN001623,2021-10-24,ALT / English Teacher,REC003,,,,,,Withdrawn,
APP001934,CAN000138,2021-11-02,ALT / English Teacher,REC024,2021-11-08,2021-11-14,2021-11-17,2021-11-22,,Hired,
APP001935,CAN001454,2025-02-11,Experienced Teacher,REC019,2025-02-21,2025-02-24,2025-02-27,2025-03-02,,Hired,
APP001936,CAN001759,2024-06-11,Senior Teacher,REC003,2024-06-21,2024-06-30,,,2024-07-04,Rejected,Interview Result
APP001937,CAN001340,2021-09-26,ALT / English Teacher,REC008,2021-10-05,2021-10-18,,,2021-10-16,Rejected,Language Requirements
APP001938,CAN001357,2021-03-22,Experienced Teacher,REC008,2021-03-24,2021-04-07,,,2021-03-27,Rejected,Position Filled
APP001939,CAN001251,2023-06-16,ALT / English Teacher,REC023,2023-06-21,,,,,Hired,
APP001940,CAN001227,2024-05-24,Experienced Teacher,REC025,2024-05-31,2024-06-07,2024-06-14,2024-06-16,,Hired,
APP001941,CAN001254,2021-12-26,Senior Teacher,REC017,,,,,,Withdrawn,
APP001942,CAN001667,2023-02-26,Experienced Teacher,REC006,2023-03-01,2023-03-05,,,2023-03-18,Rejected,Interview Result
APP001943,CAN001012,2025-02-05,ALT / English Teacher,REC022,2025-02-07,2025-02-09,2025-02-19,2025-02-21,,Hired,
APP001944,CAN001509,2025-10-13,Experienced Teacher,REC007,2025-10-14,2025-10-25,,,,Interviewing,
APP001945,CAN000344,2024-03-10,Experienced Teacher,REC024,2024-03-19,2024-03-27,,,2024-03-26,Rejected,Work Eligibility
APP001946,CAN000207,2025-02-12,Experienced Teacher,REC004,2025-02-21,2025-02-27,,,2025-02-19,Rejected,Experience
APP001947,CAN000318,2022-07-10,Experienced Teacher,REC009,2022-07-16,2022-07-17,,,2022-07-17,Rejected,Work Eligibility
APP001948,CAN000131,2023-05-12,Senior Teacher,REC001,,,,,,Withdrawn,
APP001949,CAN001079,2022-08-14,ALT / English Teacher,REC002,2022-08-17,2022-08-31,2022-09-02,2022-09-04,,Hired,
APP001950,CAN000551,2024-06-25,ALT / English Teacher,REC014,2024-06-29,,,,2024-07-15,Rejected,Interview Result
APP001951,CAN000413,2021-12-18,Experienced Teacher,REC012,2021-12-27,,,,,Hired,
APP001952,CAN001466,2024-11-28,ALT / English Teacher,REC016,2024-12-05,2024-12-16,,,,Interviewing,
APP001953,CAN001912,2022-01-23,Experienced Teacher,REC003,2022-01-29,2022-02-04,2022-02-12,2022-02-17,,Hired,
APP001954,CAN001415,2022-01-23,Experienced Teacher,REC006,2022-01-26,2022-01-30,2022-01-31,2022-02-03,,Hired,
APP001955,CAN001608,2023-10-18,Senior Teacher,REC005,2023-10-19,2023-10-25,,,,Interviewing,
APP001956,CAN000370,2024-04-14,Experienced Teacher,REC004,2024-04-22,2024-05-01,,,,Interviewing,
APP001957,CAN001832,2025-04-15,Senior Teacher,REC022,2025-04-17,2025-04-24,2025-05-01,2025-05-07,,Hired,
APP001958,CAN000163,2023-09-02,Experienced Teacher,REC002,2023-09-11,2023-09-16,2023-09-25,2023-09-27,,Hired,
APP001959,CAN001140,2024-03-23,ALT / English Teacher,REC015,2024-03-30,2024-04-12,,,,Interviewing,
APP001960,CAN001959,2026-09-04,ALT / English Teacher,REC019,2026-09-14,2026-09-16,2026-09-21,2026-09-23,,Hired,
APP001961,CAN000816,2026-12-11,Senior Teacher,REC008,2026-12-19,2026-12-23,2026-12-24,2026-12-28,,Hired,
APP001962,CAN001502,2025-06-28,ALT / English Teacher,REC002,,,,,,Withdrawn,
APP001963,CAN000099,2026-05-21,Senior Teacher,REC023,2026-05-25,2026-06-03,2026-06-10,2026-06-16,,Hired,
APP001964,CAN001786,2026-08-11,ALT / English Teacher,REC013,2026-08-19,,,,2026-08-22,Rejected,Experience
APP001965,CAN000773,2023-10-21,Experienced Teacher,REC014,2023-10-27,2023-10-31,2023-11-09,2023-11-13,,Hired,
APP001966,CAN001202,2022-12-02,Experienced Teacher,REC025,2022-12-06,2022-12-15,2022-12-17,2022-12-21,,Hired,
APP001967,CAN000451,2021-04-15,Senior Teacher,REC002,2021-04-24,2021-05-07,,,2021-04-23,Rejected,Experience
APP001968,CAN000254,2023-08-16,ALT / English Teacher,REC018,2023-08-24,2023-08-26,,,2023-08-26,Rejected,Interview Result
APP001969,CAN001413,2025-12-05,ALT / English Teacher,REC023,2025-12-08,2025-12-15,2025-12-17,2025-12-24,,Hired,
APP001970,CAN001933,2025-08-02,Experienced Teacher,REC021,2025-08-07,2025-08-20,,,2025-08-17,Rejected,Interview Result
APP001971,CAN001939,2024-05-20,Senior Teacher,REC013,2024-05-25,2024-06-08,,,2024-06-13,Rejected,Work Eligibility
APP001972,CAN001038,2026-11-18,Senior Teacher,REC006,2026-11-27,,,,,Hired,
APP001973,CAN001882,2026-11-04,ALT / English Teacher,REC004,2026-11-08,2026-11-10,2026-11-11,2026-11-18,,Hired,
APP001974,CAN000998,2021-04-09,ALT / English Teacher,REC024,2021-04-16,2021-04-29,,,2021-05-04,Rejected,Experience
APP001975,CAN000491,2021-04-01,ALT / English Teacher,REC025,2021-04-02,2021-04-09,,,2021-04-15,Rejected,Interview Result
APP001976,CAN000273,2023-06-21,ALT / English Teacher,REC024,2023-06-23,2023-07-01,,,2023-07-12,Rejected,Availability
APP001977,CAN001636,2021-06-16,Experienced Teacher,REC011,,,,,,Withdrawn,
APP001978,CAN000311,2021-10-14,Experienced Teacher,REC008,2021-10-24,2021-10-31,,,,Interviewing,
APP001979,CAN000611,2022-01-03,ALT / English Teacher,REC012,2022-01-07,2022-01-09,2022-01-19,2022-01-24,,Hired,
APP001980,CAN000222,2025-06-14,ALT / English Teacher,REC013,,,,,,Withdrawn,
APP001981,CAN000739,2022-05-22,Senior Teacher,REC025,2022-05-23,,,,,Interviewing,
APP001982,CAN000164,2026-06-24,Senior Teacher,REC004,,,,,,Withdrawn,
APP001983,CAN001567,2023-02-14,ALT / English Teacher,REC009,,,,,,Withdrawn,
APP001984,CAN000917,2022-06-14,Experienced Teacher,REC012,2022-06-20,2022-06-27,2022-06-29,2022-07-02,,Hired,
APP001985,CAN001734,2023-02-11,Experienced Teacher,REC005,,,,,,Withdrawn,
APP001986,CAN001961,2021-10-26,ALT / English Teacher,REC002,2021-10-28,2021-10-31,,,2021-11-05,Rejected,Interview Result
APP001987,CAN000449,2024-08-24,Senior Teacher,REC019,,,,,,Withdrawn,
APP001988,CAN000247,2024-04-15,Experienced Teacher,REC005,2024-04-16,2024-04-29,,,2024-05-10,Rejected,Interview Result
APP001989,CAN000068,2022-03-27,Senior Teacher,REC011,2022-04-03,2022-04-05,,,,Interviewing,
APP001990,CAN001011,2021-02-16,Senior Teacher,REC005,2021-02-18,,,,,Hired,
APP001991,CAN000932,2022-01-11,Experienced Teacher,REC014,2022-01-15,2022-01-28,,,2022-01-21,Rejected,Availability
APP001992,CAN001780,2021-08-06,Experienced Teacher,REC015,,,,,,Withdrawn,
APP001993,CAN000149,2022-05-03,Senior Teacher,REC006,2022-05-12,2022-05-24,2022-05-31,2022-06-05,,Hired,
APP001994,CAN000781,2026-07-13,Experienced Teacher,REC023,2026-07-19,2026-07-25,2026-08-02,2026-08-09,,Hired,
APP001995,CAN001199,2022-07-12,ALT / English Teacher,REC004,2022-07-15,,,,2022-08-04,Rejected,Experience
APP001996,CAN000583,2022-10-27,Experienced Teacher,REC001,2022-10-29,2022-11-03,,,,Interviewing,
APP001997,CAN001064,2025-06-18,ALT / English Teacher,REC013,2025-06-24,2025-07-03,,,2025-07-14,Rejected,Experience
APP001998,CAN000755,2026-06-26,Experienced Teacher,REC023,2026-06-30,2026-07-07,2026-07-13,2026-07-18,,Hired,
APP001999,CAN000274,2025-10-22,Experienced Teacher,REC021,2025-11-01,2025-11-04,,,2025-11-19,Rejected,Experience
APP002000,CAN000318,2023-12-13,Experienced Teacher,REC024,2023-12-15,2023-12-26,2024-01-01,2024-01-07,,Hired,
APP002001,CAN001502,2026-10-17,Experienced Teacher,REC016,2026-10-18,2026-10-20,,,2026-10-29,Rejected,Experience
APP002002,CAN000381,2025-05-10,Senior Teacher,REC023,2025-05-17,2025-05-26,,,,Interviewing,
APP002003,CAN000970,2023-11-03,ALT / English Teacher,REC001,2023-11-11,2023-11-16,2023-11-26,2023-12-02,,Hired,
APP002004,CAN000245,2022-11-10,Experienced Teacher,REC007,2022-11-11,2022-11-24,,,,Interviewing,
APP002005,CAN001979,2021-04-19,Experienced Teacher,REC009,2021-04-21,,,,,Interviewing,
APP002006,CAN001248,2025-08-09,ALT / English Teacher,REC001,,,,,,Withdrawn,
APP002007,CAN001019,2022-01-08,Senior Teacher,REC023,2022-01-11,2022-01-25,,,2022-02-02,Rejected,Language Requirements
APP002008,CAN000753,2026-06-10,ALT / English Teacher,REC003,2026-06-19,2026-06-23,2026-06-28,2026-06-30,,Hired,
APP002009,CAN001435,2023-08-13,Experienced Teacher,REC012,2023-08-18,,,,,Hired,
APP002010,CAN001381,2024-07-03,Experienced Teacher,REC016,2024-07-05,2024-07-08,2024-07-14,2024-07-19,,Hired,
APP002011,CAN000226,2021-11-02,Senior Teacher,REC016,2021-11-11,2021-11-18,2021-11-23,2021-11-24,,Hired,
APP002012,CAN001716,2024-11-06,Experienced Teacher,REC017,2024-11-10,2024-11-24,,,,Interviewing,
APP002013,CAN001894,2021-03-23,ALT / English Teacher,REC021,2021-04-01,2021-04-10,2021-04-19,2021-04-24,,Hired,
APP002014,CAN001749,2024-11-06,Experienced Teacher,REC002,2024-11-08,2024-11-17,,,2024-12-01,Rejected,Work Eligibility
APP002015,CAN001970,2025-01-01,Experienced Teacher,REC017,2025-01-11,2025-01-25,,,2025-01-07,Rejected,Language Requirements
APP002016,CAN000346,2023-09-15,Experienced Teacher,REC003,2023-09-24,2023-10-06,,,2023-09-20,Rejected,Work Eligibility
APP002017,CAN000490,2024-01-20,Experienced Teacher,REC007,,,,,,Withdrawn,
APP002018,CAN001265,2021-04-01,ALT / English Teacher,REC004,2021-04-04,2021-04-12,2021-04-17,2021-04-24,,Hired,
APP002019,CAN001464,2024-10-14,ALT / English Teacher,REC004,2024-10-21,2024-11-01,2024-11-10,2024-11-11,,Hired,
APP002020,CAN001412,2021-10-15,ALT / English Teacher,REC021,2021-10-21,,,,,Hired,
APP002021,CAN000051,2022-06-13,ALT / English Teacher,REC003,2022-06-20,2022-06-23,2022-07-03,2022-07-08,,Hired,
APP002022,CAN001004,2026-11-07,ALT / English Teacher,REC005,2026-11-16,2026-11-27,2026-12-06,2026-12-13,,Hired,
APP002023,CAN001361,2023-02-04,Experienced Teacher,REC013,2023-02-14,2023-02-24,,,2023-02-08,Rejected,Availability
APP002024,CAN001850,2023-11-11,Experienced Teacher,REC001,2023-11-12,2023-11-13,,,,Interviewing,
APP002025,CAN001316,2024-05-23,ALT / English Teacher,REC016,2024-06-02,,,,,Hired,
APP002026,CAN000419,2022-07-07,Senior Teacher,REC011,2022-07-11,2022-07-24,,,2022-07-15,Rejected,Position Filled
APP002027,CAN000888,2024-01-23,Senior Teacher,REC003,2024-02-02,2024-02-14,,,2024-02-08,Rejected,Availability
APP002028,CAN001801,2022-08-04,ALT / English Teacher,REC007,2022-08-06,2022-08-14,2022-08-23,2022-08-26,,Hired,
APP002029,CAN001400,2026-07-01,Experienced Teacher,REC018,2026-07-06,2026-07-17,2026-07-20,2026-07-26,,Hired,
APP002030,CAN000452,2024-09-17,ALT / English Teacher,REC011,2024-09-21,2024-09-26,,,,Interviewing,
APP002031,CAN001745,2023-03-02,ALT / English Teacher,REC025,,,,,,Withdrawn,
APP002032,CAN001852,2023-08-15,ALT / English Teacher,REC018,2023-08-24,2023-09-05,,,2023-09-14,Rejected,Experience
APP002033,CAN000083,2025-07-25,Experienced Teacher,REC023,2025-07-27,,,,,Hired,
APP002034,CAN001228,2026-09-26,Experienced Teacher,REC025,2026-10-03,2026-10-16,,,,Interviewing,
APP002035,CAN001669,2025-08-06,Senior Teacher,REC016,2025-08-09,,,,,Interviewing,
APP002036,CAN000236,2024-07-12,ALT / English Teacher,REC014,,,,,,Withdrawn,
APP002037,CAN001482,2023-09-16,Senior Teacher,REC005,2023-09-18,2023-09-19,2023-09-25,2023-10-01,,Hired,
APP002038,CAN000430,2023-11-10,Experienced Teacher,REC011,2023-11-19,2023-11-23,,,2023-12-10,Rejected,Interview Result
APP002039,CAN001222,2026-09-22,Experienced Teacher,REC016,2026-09-29,2026-10-08,2026-10-18,2026-10-21,,Hired,
APP002040,CAN001131,2023-03-21,Experienced Teacher,REC019,2023-03-28,2023-03-29,,,2023-04-08,Rejected,Work Eligibility
APP002041,CAN001942,2025-02-04,Senior Teacher,REC019,2025-02-12,2025-02-19,,,,Interviewing,
APP002042,CAN001282,2024-10-13,Senior Teacher,REC017,,,,,,Withdrawn,
APP002043,CAN001620,2026-03-13,Experienced Teacher,REC023,2026-03-15,2026-03-16,2026-03-26,2026-03-30,,Hired,
APP002044,CAN001289,2024-06-10,Senior Teacher,REC008,2024-06-16,2024-06-24,2024-06-29,2024-07-04,,Hired,
APP002045,CAN000337,2025-09-11,Senior Teacher,REC017,2025-09-12,2025-09-26,,,2025-09-24,Rejected,Language Requirements
APP002046,CAN000395,2026-04-12,ALT / English Teacher,REC019,2026-04-20,2026-04-27,2026-04-30,2026-05-05,,Hired,
APP002047,CAN001058,2026-07-15,ALT / English Teacher,REC002,2026-07-23,2026-07-25,2026-07-26,2026-07-31,,Hired,
APP002048,CAN001390,2024-05-23,Experienced Teacher,REC019,2024-05-29,,,,,Hired,
APP002049,CAN000274,2021-03-14,Experienced Teacher,REC005,2021-03-17,2021-03-24,,,2021-03-26,Rejected,Availability
APP002050,CAN001156,2025-11-15,Experienced Teacher,REC007,2025-11-18,2025-11-29,2025-12-06,2025-12-07,,Hired,
APP002051,CAN000970,2026-05-13,Senior Teacher,REC016,2026-05-18,2026-05-25,2026-05-29,2026-06-05,,Hired,
APP002052,CAN000243,2025-09-15,Experienced Teacher,REC018,,,,,,Withdrawn,
APP002053,CAN000365,2024-10-11,ALT / English Teacher,REC025,2024-10-21,2024-11-02,,,,Interviewing,
APP002054,CAN001968,2025-12-21,Experienced Teacher,REC001,2025-12-31,2026-01-14,,,2026-01-10,Rejected,Work Eligibility
APP002055,CAN000420,2026-09-08,Experienced Teacher,REC016,2026-09-14,2026-09-21,2026-09-23,2026-09-26,,Hired,
APP002056,CAN001869,2025-11-28,Senior Teacher,REC009,2025-12-06,2025-12-16,,,,Interviewing,
APP002057,CAN000646,2021-08-03,Experienced Teacher,REC008,2021-08-06,2021-08-13,2021-08-14,2021-08-20,,Hired,
APP002058,CAN001409,2023-03-18,ALT / English Teacher,REC012,,,,,,Withdrawn,
APP002059,CAN001836,2023-07-23,Experienced Teacher,REC007,2023-07-30,2023-08-05,,,2023-08-01,Rejected,Work Eligibility
APP002060,CAN000162,2023-03-02,ALT / English Teacher,REC002,2023-03-12,,,,,Hired,
APP002061,CAN001352,2021-09-22,Senior Teacher,REC003,2021-10-02,2021-10-05,,,,Interviewing,
APP002062,CAN001396,2025-07-21,Senior Teacher,REC007,,,,,,Withdrawn,
APP002063,CAN001929,2025-06-17,ALT / English Teacher,REC008,2025-06-19,,,,2025-06-27,Rejected,Experience
APP002064,CAN001509,2025-08-07,Senior Teacher,REC010,2025-08-10,2025-08-17,,,2025-08-14,Rejected,Work Eligibility
APP002065,CAN001257,2022-06-11,Experienced Teacher,REC016,2022-06-21,2022-06-28,2022-07-07,2022-07-08,,Hired,
APP002066,CAN001108,2021-02-19,Senior Teacher,REC021,2021-03-01,2021-03-07,,,2021-03-20,Rejected,Position Filled
APP002067,CAN001050,2023-06-28,ALT / English Teacher,REC004,2023-07-03,2023-07-06,,,,Interviewing,
APP002068,CAN000054,2023-10-15,Experienced Teacher,REC015,2023-10-25,2023-11-05,2023-11-14,2023-11-21,,Hired,
APP002069,CAN000724,2022-09-12,ALT / English Teacher,REC024,2022-09-15,2022-09-20,,,2022-10-05,Rejected,Availability
APP002070,CAN001764,2025-04-03,Senior Teacher,REC006,,,,,,Withdrawn,
APP002071,CAN000113,2021-07-20,ALT / English Teacher,REC014,2021-07-22,2021-08-03,,,2021-07-23,Rejected,Availability
APP002072,CAN000699,2024-05-09,Experienced Teacher,REC015,2024-05-14,2024-05-20,2024-05-21,2024-05-28,,Hired,
APP002073,CAN000087,2024-12-21,ALT / English Teacher,REC022,2024-12-31,2025-01-07,,,2024-12-30,Rejected,Interview Result
APP002074,CAN001405,2021-12-09,ALT / English Teacher,REC024,2021-12-11,2021-12-16,,,2022-01-07,Rejected,Work Eligibility
APP002075,CAN000089,2025-08-11,Experienced Teacher,REC022,2025-08-19,2025-09-02,2025-09-07,2025-09-10,,Hired,
APP002076,CAN001509,2026-05-15,Experienced Teacher,REC024,2026-05-16,2026-05-29,,,,Interviewing,
APP002077,CAN000967,2021-06-28,Experienced Teacher,REC008,2021-07-02,2021-07-16,,,2021-07-15,Rejected,Work Eligibility
APP002078,CAN000241,2026-03-08,Experienced Teacher,REC022,2026-03-18,,,,2026-03-23,Rejected,Work Eligibility
APP002079,CAN000668,2022-08-26,Senior Teacher,REC015,2022-09-01,2022-09-06,2022-09-07,2022-09-14,,Hired,
APP002080,CAN001889,2025-09-09,Experienced Teacher,REC020,2025-09-18,2025-09-24,2025-09-26,2025-09-28,,Hired,
APP002081,CAN000569,2023-02-02,Experienced Teacher,REC015,2023-02-12,2023-02-18,,,2023-02-06,Rejected,Interview Result
APP002082,CAN000663,2023-11-20,Senior Teacher,REC018,2023-11-30,2023-12-09,2023-12-15,2023-12-18,,Hired,
APP002083,CAN000164,2025-11-16,Experienced Teacher,REC003,2025-11-25,2025-12-04,,,,Interviewing,
APP002084,CAN000435,2022-02-21,Senior Teacher,REC007,2022-02-28,,,,,Hired,
APP002085,CAN001244,2022-03-04,Experienced Teacher,REC025,2022-03-09,2022-03-23,2022-03-28,2022-04-01,,Hired,
APP002086,CAN001918,2023-10-21,Senior Teacher,REC021,2023-10-28,,,,,Interviewing,
APP002087,CAN000007,2022-07-11,ALT / English Teacher,REC020,2022-07-19,2022-07-28,,,,Interviewing,
APP002088,CAN001813,2025-10-09,Senior Teacher,REC016,2025-10-15,2025-10-29,,,,Interviewing,
APP002089,CAN001841,2022-05-01,Senior Teacher,REC005,,,,,,Withdrawn,
APP002090,CAN001999,2026-10-19,Senior Teacher,REC002,2026-10-28,2026-11-07,,,,Interviewing,
APP002091,CAN000716,2024-11-06,Senior Teacher,REC011,2024-11-16,,,,2024-11-13,Rejected,Work Eligibility
APP002092,CAN000018,2023-01-15,ALT / English Teacher,REC003,2023-01-25,2023-01-29,,,,Interviewing,
APP002093,CAN000509,2021-10-13,Senior Teacher,REC006,2021-10-19,2021-10-23,2021-10-25,2021-10-30,,Hired,
APP002094,CAN001481,2024-06-27,ALT / English Teacher,REC005,2024-06-28,2024-07-02,2024-07-05,2024-07-11,,Hired,
APP002095,CAN001224,2026-12-09,ALT / English Teacher,REC022,2026-12-14,2026-12-15,2026-12-24,2026-12-25,,Hired,
APP002096,CAN001761,2023-10-03,Senior Teacher,REC009,2023-10-08,,,,,Hired,
APP002097,CAN000314,2022-11-27,ALT / English Teacher,REC004,,,,,,Withdrawn,
APP002098,CAN000973,2022-08-24,Senior Teacher,REC008,2022-08-29,2022-08-31,,,2022-09-22,Rejected,Availability
APP002099,CAN000711,2021-11-06,Experienced Teacher,REC006,2021-11-16,2021-11-20,2021-11-25,2021-11-30,,Hired,
APP002100,CAN000626,2021-01-14,Senior Teacher,REC011,2021-01-17,2021-01-20,2021-01-24,2021-01-30,,Hired,
APP002101,CAN000055,2021-05-13,ALT / English Teacher,REC001,2021-05-20,2021-06-01,2021-06-08,2021-06-12,,Hired,
APP002102,CAN001236,2025-08-20,Senior Teacher,REC013,2025-08-28,2025-09-10,,,2025-08-26,Rejected,Experience
APP002103,CAN001369,2022-12-23,Senior Teacher,REC016,2023-01-01,2023-01-13,,,2022-12-31,Rejected,Language Requirements
APP002104,CAN001766,2025-12-26,ALT / English Teacher,REC010,2026-01-02,2026-01-16,2026-01-21,2026-01-24,,Hired,
APP002105,CAN000637,2021-07-26,ALT / English Teacher,REC011,2021-07-28,2021-08-05,2021-08-14,2021-08-19,,Hired,
APP002106,CAN000788,2021-05-15,ALT / English Teacher,REC017,2021-05-23,,,,,Interviewing,
APP002107,CAN001092,2022-01-24,Senior Teacher,REC008,2022-02-02,2022-02-12,,,2022-02-12,Rejected,Work Eligibility
APP002108,CAN000670,2021-03-23,Experienced Teacher,REC021,2021-03-24,2021-04-06,,,2021-04-04,Rejected,Position Filled
APP002109,CAN001492,2023-12-01,ALT / English Teacher,REC007,2023-12-03,,,,,Hired,
APP002110,CAN001354,2023-07-25,Experienced Teacher,REC010,2023-07-30,,,,2023-08-17,Rejected,Work Eligibility
APP002111,CAN000795,2025-01-22,Experienced Teacher,REC004,2025-01-30,2025-02-02,2025-02-12,2025-02-16,,Hired,
APP002112,CAN001684,2025-04-10,Senior Teacher,REC007,2025-04-14,,,,,Hired,
APP002113,CAN001432,2024-09-03,Senior Teacher,REC004,2024-09-10,2024-09-23,,,,Interviewing,
APP002114,CAN001841,2024-03-10,Senior Teacher,REC023,2024-03-12,,,,,Hired,
APP002115,CAN001775,2025-06-25,ALT / English Teacher,REC001,2025-07-02,2025-07-11,2025-07-13,2025-07-20,,Hired,
APP002116,CAN000992,2026-07-19,Senior Teacher,REC007,2026-07-28,,,,,Hired,
APP002117,CAN001218,2024-12-08,Senior Teacher,REC009,2024-12-10,,,,,Hired,
APP002118,CAN001318,2026-10-04,Experienced Teacher,REC004,2026-10-10,2026-10-16,2026-10-23,2026-10-29,,Hired,
APP002119,CAN000383,2025-02-20,ALT / English Teacher,REC024,,,,,,Withdrawn,
APP002120,CAN000229,2026-10-19,Senior Teacher,REC004,2026-10-23,2026-10-28,,,2026-10-26,Rejected,Language Requirements
APP002121,CAN000152,2026-11-26,Experienced Teacher,REC012,2026-12-01,2026-12-06,,,2026-12-06,Rejected,Position Filled
APP002122,CAN001748,2024-05-19,ALT / English Teacher,REC016,2024-05-28,2024-06-03,2024-06-13,2024-06-18,,Hired,
APP002123,CAN001587,2024-01-14,Senior Teacher,REC007,2024-01-18,2024-01-24,,,,Interviewing,
APP002124,CAN000296,2021-04-26,ALT / English Teacher,REC005,2021-05-01,2021-05-04,2021-05-14,2021-05-17,,Hired,
APP002125,CAN000291,2025-06-11,Experienced Teacher,REC012,2025-06-14,,,,,Hired,
APP002126,CAN001626,2026-03-17,Experienced Teacher,REC019,2026-03-22,2026-03-31,,,,Interviewing,
APP002127,CAN000193,2026-05-16,ALT / English Teacher,REC005,2026-05-19,2026-05-31,2026-06-08,2026-06-11,,Hired,
APP002128,CAN001161,2026-11-23,ALT / English Teacher,REC016,2026-11-26,,,,,Interviewing,
APP002129,CAN000359,2023-03-25,Experienced Teacher,REC016,2023-04-02,2023-04-15,,,2023-04-01,Rejected,Position Filled
APP002130,CAN000125,2025-01-10,Experienced Teacher,REC005,2025-01-20,,,,,Hired,
APP002131,CAN001330,2025-05-28,Experienced Teacher,REC020,2025-06-04,2025-06-17,,,2025-06-24,Rejected,Experience
APP002132,CAN001180,2025-11-03,Experienced Teacher,REC023,2025-11-13,,,,,Hired,
APP002133,CAN000655,2023-11-13,Experienced Teacher,REC003,2023-11-21,2023-12-03,,,2023-11-16,Rejected,Experience
APP002134,CAN001555,2023-06-11,ALT / English Teacher,REC019,2023-06-13,2023-06-26,2023-06-29,2023-06-30,,Hired,
APP002135,CAN000778,2026-11-14,Senior Teacher,REC025,2026-11-20,,,,,Hired,
APP002136,CAN000665,2022-05-09,ALT / English Teacher,REC001,2022-05-14,2022-05-28,,,2022-06-07,Rejected,Language Requirements
APP002137,CAN001002,2024-04-21,ALT / English Teacher,REC005,2024-04-24,2024-05-06,,,2024-05-20,Rejected,Interview Result
APP002138,CAN001854,2021-07-16,ALT / English Teacher,REC015,2021-07-24,2021-07-25,2021-07-31,2021-08-05,,Hired,
APP002139,CAN000787,2021-08-12,ALT / English Teacher,REC019,,,,,,Withdrawn,
APP002140,CAN000454,2024-09-25,Experienced Teacher,REC001,2024-09-29,,,,,Hired,
APP002141,CAN001684,2024-07-04,ALT / English Teacher,REC008,2024-07-14,2024-07-27,,,,Interviewing,
APP002142,CAN001448,2024-09-20,Senior Teacher,REC024,2024-09-28,2024-10-04,2024-10-06,2024-10-07,,Hired,
APP002143,CAN000100,2021-02-25,Senior Teacher,REC016,2021-03-07,2021-03-18,,,2021-03-06,Rejected,Language Requirements
APP002144,CAN001442,2021-02-18,ALT / English Teacher,REC006,2021-02-28,2021-03-03,,,,Interviewing,
APP002145,CAN001853,2021-08-24,Experienced Teacher,REC025,2021-08-28,2021-09-05,,,2021-09-12,Rejected,Experience
APP002146,CAN001254,2025-02-13,ALT / English Teacher,REC016,2025-02-22,2025-03-01,,,2025-03-04,Rejected,Language Requirements
APP002147,CAN001384,2023-08-11,ALT / English Teacher,REC016,2023-08-13,2023-08-22,,,2023-08-25,Rejected,Experience
APP002148,CAN001056,2026-12-16,ALT / English Teacher,REC008,2026-12-22,2026-12-31,,,,Interviewing,
APP002149,CAN001807,2025-10-28,ALT / English Teacher,REC009,2025-10-31,2025-11-13,2025-11-17,2025-11-19,,Hired,
APP002150,CAN000158,2024-12-08,Senior Teacher,REC016,2024-12-13,2024-12-21,,,2024-12-29,Rejected,Work Eligibility
APP002151,CAN001582,2021-06-16,ALT / English Teacher,REC014,2021-06-22,2021-06-29,2021-07-09,2021-07-16,,Hired,
APP002152,CAN000029,2025-09-20,ALT / English Teacher,REC015,,,,,,Withdrawn,
APP002153,CAN001399,2021-08-27,Experienced Teacher,REC019,2021-08-28,2021-09-05,,,,Interviewing,
APP002154,CAN001555,2022-04-03,Senior Teacher,REC002,2022-04-07,2022-04-17,,,2022-04-29,Rejected,Language Requirements
APP002155,CAN000403,2022-04-06,ALT / English Teacher,REC018,2022-04-13,2022-04-25,,,2022-04-09,Rejected,Position Filled
APP002156,CAN000041,2026-08-05,Senior Teacher,REC009,2026-08-14,2026-08-22,,,,Interviewing,
APP002157,CAN000099,2021-03-13,ALT / English Teacher,REC017,2021-03-14,2021-03-15,2021-03-16,2021-03-20,,Hired,
APP002158,CAN000610,2021-03-12,Experienced Teacher,REC019,2021-03-19,2021-03-23,,,2021-03-24,Rejected,Availability
APP002159,CAN000293,2022-03-06,Senior Teacher,REC013,2022-03-08,2022-03-13,,,,Interviewing,
APP002160,CAN000381,2026-10-11,Experienced Teacher,REC002,2026-10-17,2026-10-31,,,2026-11-08,Rejected,Experience
APP002161,CAN000600,2026-09-16,ALT / English Teacher,REC004,2026-09-25,,,,,Hired,
APP002162,CAN001397,2022-08-03,Experienced Teacher,REC013,2022-08-07,2022-08-08,2022-08-14,2022-08-16,,Hired,
APP002163,CAN001146,2024-04-02,Experienced Teacher,REC009,2024-04-11,,,,,Interviewing,
APP002164,CAN000784,2025-06-22,Senior Teacher,REC011,2025-07-02,2025-07-09,,,2025-06-25,Rejected,Position Filled
APP002165,CAN001833,2026-04-10,Senior Teacher,REC022,2026-04-12,2026-04-14,,,2026-04-30,Rejected,Work Eligibility
APP002166,CAN001514,2021-05-11,ALT / English Teacher,REC024,2021-05-21,,,,,Hired,
APP002167,CAN001886,2021-09-25,Senior Teacher,REC013,2021-10-03,2021-10-07,,,,Interviewing,
APP002168,CAN001385,2023-10-19,Senior Teacher,REC023,2023-10-25,2023-10-26,,,2023-10-25,Rejected,Availability
APP002169,CAN000620,2026-10-26,Experienced Teacher,REC005,2026-10-31,2026-11-14,,,2026-11-05,Rejected,Position Filled
APP002170,CAN000046,2025-07-13,ALT / English Teacher,REC021,2025-07-18,2025-07-28,2025-08-07,2025-08-12,,Hired,
APP002171,CAN001471,2026-10-07,Senior Teacher,REC008,,,,,,Withdrawn,
APP002172,CAN001681,2023-05-11,Experienced Teacher,REC011,2023-05-17,2023-05-20,,,,Interviewing,
APP002173,CAN000552,2026-11-20,Experienced Teacher,REC004,,,,,,Withdrawn,
APP002174,CAN000307,2023-04-26,Senior Teacher,REC005,2023-04-30,2023-05-03,,,2023-05-05,Rejected,Position Filled
APP002175,CAN001811,2022-12-22,Senior Teacher,REC022,2022-12-30,2023-01-02,,,2022-12-25,Rejected,Position Filled
APP002176,CAN001593,2022-05-27,ALT / English Teacher,REC019,2022-05-29,2022-06-06,,,2022-06-24,Rejected,Language Requirements
APP002177,CAN001405,2022-01-10,ALT / English Teacher,REC009,2022-01-11,2022-01-21,,,2022-01-15,Rejected,Work Eligibility
APP002178,CAN001996,2022-10-11,ALT / English Teacher,REC011,,,,,,Withdrawn,
APP002179,CAN001535,2024-06-20,ALT / English Teacher,REC013,2024-06-27,2024-07-01,,,,Interviewing,
APP002180,CAN001016,2025-05-22,Senior Teacher,REC011,2025-05-23,2025-06-02,,,,Interviewing,
APP002181,CAN000250,2023-11-05,ALT / English Teacher,REC015,2023-11-06,,,,,Hired,
APP002182,CAN001755,2026-08-06,Experienced Teacher,REC013,2026-08-13,2026-08-17,,,2026-08-28,Rejected,Experience
APP002183,CAN000032,2023-05-06,Experienced Teacher,REC010,2023-05-09,2023-05-12,,,2023-06-02,Rejected,Work Eligibility
APP002184,CAN000460,2025-07-02,Experienced Teacher,REC010,2025-07-08,2025-07-16,,,,Interviewing,
APP002185,CAN001651,2024-04-25,Senior Teacher,REC020,2024-05-05,2024-05-12,,,2024-05-19,Rejected,Availability
APP002186,CAN000658,2021-04-24,ALT / English Teacher,REC010,2021-05-02,2021-05-11,,,,Interviewing,
APP002187,CAN001508,2025-08-04,ALT / English Teacher,REC012,2025-08-06,2025-08-17,2025-08-25,2025-08-28,,Hired,
APP002188,CAN000611,2023-12-05,Senior Teacher,REC002,2023-12-11,2023-12-14,,,2023-12-19,Rejected,Language Requirements
APP002189,CAN000641,2023-01-01,Experienced Teacher,REC012,,,,,,Withdrawn,
APP002190,CAN001793,2024-06-28,ALT / English Teacher,REC024,2024-07-03,2024-07-16,2024-07-19,2024-07-24,,Hired,
APP002191,CAN000776,2022-11-25,Senior Teacher,REC012,2022-12-05,,,,,Interviewing,
APP002192,CAN000210,2026-11-17,Senior Teacher,REC024,2026-11-20,2026-12-01,2026-12-03,2026-12-09,,Hired,
APP002193,CAN001177,2026-07-07,Experienced Teacher,REC010,2026-07-09,2026-07-16,,,2026-07-11,Rejected,Experience
APP002194,CAN001712,2025-08-15,Senior Teacher,REC019,2025-08-18,2025-08-25,2025-09-02,2025-09-04,,Hired,
APP002195,CAN001961,2024-05-24,Senior Teacher,REC012,2024-05-25,2024-05-31,,,2024-05-28,Rejected,Language Requirements
APP002196,CAN001610,2025-09-02,ALT / English Teacher,REC019,2025-09-09,2025-09-15,,,2025-09-26,Rejected,Interview Result
APP002197,CAN000211,2021-07-04,Experienced Teacher,REC020,,,,,,Withdrawn,
APP002198,CAN000049,2021-11-24,Senior Teacher,REC014,2021-11-27,2021-12-02,,,2021-12-03,Rejected,Experience
APP002199,CAN001179,2025-05-27,ALT / English Teacher,REC025,2025-05-31,2025-06-09,,,,Interviewing,
APP002200,CAN001161,2023-06-19,ALT / English Teacher,REC022,2023-06-29,2023-07-05,,,2023-07-04,Rejected,Work Eligibility
APP002201,CAN001278,2021-03-23,Experienced Teacher,REC001,2021-03-28,2021-04-11,,,2021-04-02,Rejected,Availability
APP002202,CAN000358,2023-06-11,Senior Teacher,REC005,2023-06-18,2023-06-30,2023-07-02,2023-07-05,,Hired,
APP002203,CAN000365,2026-08-26,Senior Teacher,REC001,2026-09-05,2026-09-19,,,2026-09-23,Rejected,Language Requirements
APP002204,CAN001010,2025-09-13,Senior Teacher,REC020,2025-09-14,,,,,Hired,
APP002205,CAN000484,2023-06-14,Senior Teacher,REC003,2023-06-20,2023-06-23,2023-06-30,2023-07-01,,Hired,
APP002206,CAN001114,2026-01-03,Experienced Teacher,REC016,2026-01-07,2026-01-09,,,,Interviewing,
APP002207,CAN000219,2022-08-10,ALT / English Teacher,REC024,2022-08-20,2022-09-01,2022-09-11,2022-09-13,,Hired,
APP002208,CAN001779,2023-07-14,Experienced Teacher,REC014,2023-07-19,2023-07-28,,,2023-08-11,Rejected,Position Filled
APP002209,CAN000486,2026-03-27,Experienced Teacher,REC005,2026-04-02,2026-04-09,,,2026-04-20,Rejected,Language Requirements
APP002210,CAN001445,2025-07-27,ALT / English Teacher,REC013,2025-07-28,2025-08-11,2025-08-16,2025-08-18,,Hired,
APP002211,CAN001557,2026-02-23,Experienced Teacher,REC007,2026-03-05,,,,,Interviewing,
APP002212,CAN001705,2022-11-13,ALT / English Teacher,REC009,2022-11-19,2022-11-23,2022-11-28,2022-12-04,,Hired,
APP002213,CAN000026,2021-03-01,Experienced Teacher,REC001,2021-03-09,,,,,Hired,
APP002214,CAN001034,2023-03-22,ALT / English Teacher,REC010,,,,,,Withdrawn,
APP002215,CAN001155,2026-05-26,Senior Teacher,REC022,2026-06-04,,,,,Hired,
APP002216,CAN000509,2024-06-14,ALT / English Teacher,REC017,2024-06-18,2024-06-19,,,,Interviewing,
APP002217,CAN001184,2021-08-08,ALT / English Teacher,REC024,,,,,,Withdrawn,
APP002218,CAN000370,2023-11-10,Experienced Teacher,REC007,2023-11-14,2023-11-16,2023-11-20,2023-11-26,,Hired,
APP002219,CAN000111,2024-08-17,Senior Teacher,REC017,2024-08-22,2024-08-30,2024-08-31,2024-09-03,,Hired,
APP002220,CAN000798,2021-01-10,Senior Teacher,REC004,2021-01-16,2021-01-21,,,2021-01-22,Rejected,Language Requirements
APP002221,CAN000545,2021-09-01,ALT / English Teacher,REC010,2021-09-11,2021-09-12,2021-09-17,2021-09-19,,Hired,
APP002222,CAN001699,2026-08-18,ALT / English Teacher,REC023,2026-08-27,2026-09-03,2026-09-05,2026-09-10,,Hired,
APP002223,CAN001436,2026-02-27,Senior Teacher,REC016,2026-02-28,2026-03-10,,,2026-03-06,Rejected,Language Requirements
APP002224,CAN000280,2026-07-07,ALT / English Teacher,REC018,,,,,,Withdrawn,
APP002225,CAN001099,2026-11-23,ALT / English Teacher,REC018,2026-11-30,2026-12-07,,,2026-12-01,Rejected,Experience
APP002226,CAN000914,2021-12-28,Experienced Teacher,REC011,2022-01-01,,,,,Hired,
APP002227,CAN001993,2021-01-07,Senior Teacher,REC006,2021-01-14,,,,,Hired,
APP002228,CAN000577,2022-08-13,Senior Teacher,REC022,2022-08-22,2022-08-27,2022-08-31,2022-09-04,,Hired,
APP002229,CAN000599,2022-02-25,Experienced Teacher,REC009,2022-03-03,,,,,Hired,
APP002230,CAN000462,2021-02-26,Experienced Teacher,REC010,,,,,,Withdrawn,
APP002231,CAN000919,2026-01-24,ALT / English Teacher,REC016,2026-01-30,,,,2026-02-10,Rejected,Work Eligibility
APP002232,CAN001058,2023-10-23,ALT / English Teacher,REC006,2023-10-30,2023-11-12,2023-11-22,2023-11-24,,Hired,
APP002233,CAN001755,2022-08-09,Senior Teacher,REC020,2022-08-12,2022-08-20,2022-08-26,2022-08-30,,Hired,
APP002234,CAN001015,2023-07-02,Experienced Teacher,REC004,2023-07-12,2023-07-21,,,2023-07-17,Rejected,Experience
APP002235,CAN000188,2025-09-18,Senior Teacher,REC012,2025-09-26,2025-10-03,,,,Interviewing,
APP002236,CAN001188,2025-12-13,Experienced Teacher,REC025,2025-12-17,2025-12-29,,,,Interviewing,
APP002237,CAN000610,2023-06-09,Senior Teacher,REC002,2023-06-15,,,,,Interviewing,
APP002238,CAN001009,2024-07-25,Senior Teacher,REC015,2024-08-04,2024-08-14,2024-08-15,2024-08-19,,Hired,
APP002239,CAN000283,2025-03-07,ALT / English Teacher,REC023,,,,,,Withdrawn,
APP002240,CAN001665,2021-05-19,Senior Teacher,REC016,2021-05-29,2021-06-01,,,,Interviewing,
APP002241,CAN000010,2025-07-06,Experienced Teacher,REC011,2025-07-07,2025-07-10,2025-07-18,2025-07-19,,Hired,
APP002242,CAN000096,2023-08-11,Experienced Teacher,REC008,2023-08-15,2023-08-29,2023-09-05,2023-09-06,,Hired,
APP002243,CAN001551,2025-09-25,Experienced Teacher,REC001,2025-09-29,,,,,Hired,
APP002244,CAN001876,2021-06-13,ALT / English Teacher,REC001,,,,,,Withdrawn,
APP002245,CAN000180,2022-02-13,Experienced Teacher,REC024,,,,,,Withdrawn,
APP002246,CAN000093,2023-05-18,Senior Teacher,REC015,2023-05-20,,,,2023-06-01,Rejected,Position Filled
APP002247,CAN000132,2021-08-21,ALT / English Teacher,REC022,2021-08-31,2021-09-10,2021-09-18,2021-09-19,,Hired,
APP002248,CAN001830,2026-06-22,ALT / English Teacher,REC002,2026-06-23,,,,2026-07-19,Rejected,Interview Result
APP002249,CAN001927,2021-03-11,ALT / English Teacher,REC010,2021-03-16,2021-03-29,,,2021-03-24,Rejected,Position Filled
APP002250,CAN001759,2024-09-14,Senior Teacher,REC005,2024-09-19,2024-09-29,2024-10-09,2024-10-10,,Hired,
APP002251,CAN000524,2023-08-19,ALT / English Teacher,REC020,2023-08-29,,,,,Hired,
APP002252,CAN001144,2024-12-07,Experienced Teacher,REC015,2024-12-17,2024-12-25,2025-01-04,2025-01-10,,Hired,
APP002253,CAN000277,2023-01-25,Experienced Teacher,REC012,2023-01-26,2023-02-04,,,2023-02-08,Rejected,Language Requirements
APP002254,CAN001320,2022-07-05,Senior Teacher,REC009,2022-07-09,2022-07-17,2022-07-19,2022-07-23,,Hired,
APP002255,CAN001359,2026-12-04,ALT / English Teacher,REC010,2026-12-05,2026-12-09,,,2026-12-08,Rejected,Position Filled
APP002256,CAN001132,2026-05-20,Experienced Teacher,REC002,2026-05-22,,,,2026-05-31,Rejected,Language Requirements
APP002257,CAN000156,2022-07-08,Experienced Teacher,REC014,2022-07-14,2022-07-15,,,2022-07-22,Rejected,Interview Result
APP002258,CAN001869,2024-10-13,Senior Teacher,REC021,2024-10-20,2024-10-23,2024-10-24,2024-10-27,,Hired,
APP002259,CAN001331,2024-02-10,Experienced Teacher,REC022,2024-02-19,2024-02-27,2024-03-08,2024-03-11,,Hired,
APP002260,CAN000521,2023-07-26,Senior Teacher,REC003,2023-07-27,2023-08-10,2023-08-17,2023-08-21,,Hired,
APP002261,CAN001008,2022-07-10,Experienced Teacher,REC019,2022-07-11,2022-07-18,2022-07-28,2022-07-31,,Hired,
APP002262,CAN000731,2024-12-20,ALT / English Teacher,REC008,2024-12-25,2024-12-28,2025-01-03,2025-01-05,,Hired,
APP002263,CAN001065,2021-09-09,ALT / English Teacher,REC003,2021-09-18,2021-09-21,2021-09-24,2021-09-28,,Hired,
APP002264,CAN000184,2021-12-07,Experienced Teacher,REC025,,,,,,Withdrawn,
APP002265,CAN001678,2025-04-03,ALT / English Teacher,REC012,2025-04-06,2025-04-20,2025-04-29,2025-05-02,,Hired,
APP002266,CAN000448,2021-01-27,Experienced Teacher,REC005,2021-02-04,2021-02-09,2021-02-14,2021-02-20,,Hired,
APP002267,CAN001120,2026-05-05,Experienced Teacher,REC003,2026-05-07,2026-05-20,,,2026-05-29,Rejected,Position Filled
APP002268,CAN000679,2021-10-11,ALT / English Teacher,REC010,2021-10-20,2021-10-31,,,2021-11-10,Rejected,Interview Result
APP002269,CAN001777,2023-06-19,Senior Teacher,REC009,2023-06-23,2023-06-29,,,2023-07-18,Rejected,Work Eligibility
APP002270,CAN001358,2021-06-18,Senior Teacher,REC019,,,,,,Withdrawn,
APP002271,CAN000235,2022-01-23,ALT / English Teacher,REC016,2022-01-28,2022-02-07,2022-02-11,2022-02-14,,Hired,
APP002272,CAN000833,2024-05-10,Experienced Teacher,REC018,,,,,,Withdrawn,
APP002273,CAN001885,2022-12-02,ALT / English Teacher,REC021,2022-12-05,2022-12-19,2022-12-28,2022-12-30,,Hired,
APP002274,CAN001140,2021-02-22,Senior Teacher,REC007,2021-02-24,2021-03-07,,,2021-03-15,Rejected,Interview Result
APP002275,CAN000418,2024-05-19,Senior Teacher,REC010,2024-05-26,2024-05-30,,,,Interviewing,
APP002276,CAN001322,2025-10-21,ALT / English Teacher,REC016,2025-10-25,2025-10-29,,,,Interviewing,
APP002277,CAN000177,2025-12-25,Experienced Teacher,REC013,2025-12-28,2025-12-29,,,2026-01-21,Rejected,Experience
APP002278,CAN001830,2021-06-23,ALT / English Teacher,REC010,,,,,,Withdrawn,
APP002279,CAN000853,2021-09-21,ALT / English Teacher,REC021,2021-09-28,2021-10-04,2021-10-06,2021-10-13,,Hired,
APP002280,CAN000756,2026-04-18,Experienced Teacher,REC013,,,,,,Withdrawn,
APP002281,CAN001551,2023-01-04,Senior Teacher,REC001,2023-01-14,,,,2023-01-31,Rejected,Availability
APP002282,CAN000094,2026-09-27,ALT / English Teacher,REC014,2026-09-30,,,,,Hired,
APP002283,CAN001872,2023-03-08,Experienced Teacher,REC024,2023-03-11,2023-03-17,,,2023-03-22,Rejected,Experience
APP002284,CAN000781,2021-02-21,ALT / English Teacher,REC019,2021-02-28,2021-03-11,2021-03-17,2021-03-22,,Hired,
APP002285,CAN001238,2022-02-03,Experienced Teacher,REC005,2022-02-08,,,,,Hired,
APP002286,CAN001405,2022-10-08,Senior Teacher,REC019,,,,,,Withdrawn,
APP002287,CAN000013,2021-09-15,ALT / English Teacher,REC001,,,,,,Withdrawn,
APP002288,CAN001252,2021-01-07,Experienced Teacher,REC011,2021-01-11,2021-01-17,2021-01-23,2021-01-25,,Hired,
APP002289,CAN000271,2022-12-28,Senior Teacher,REC020,2022-12-30,2023-01-12,,,2023-01-12,Rejected,Experience
APP002290,CAN001417,2025-04-24,ALT / English Teacher,REC006,2025-05-04,2025-05-17,,,2025-05-24,Rejected,Interview Result
APP002291,CAN000634,2021-08-05,Experienced Teacher,REC009,2021-08-06,2021-08-19,2021-08-26,2021-08-27,,Hired,
APP002292,CAN001081,2023-02-27,Experienced Teacher,REC009,2023-03-06,2023-03-11,2023-03-20,2023-03-21,,Hired,
APP002293,CAN000918,2023-07-22,Experienced Teacher,REC019,,,,,,Withdrawn,
APP002294,CAN001102,2026-08-13,Senior Teacher,REC014,2026-08-14,2026-08-17,,,2026-08-27,Rejected,Experience
APP002295,CAN000130,2025-09-19,Senior Teacher,REC002,2025-09-29,2025-10-13,,,2025-09-23,Rejected,Experience
APP002296,CAN001743,2026-06-28,ALT / English Teacher,REC003,2026-07-04,2026-07-05,2026-07-10,2026-07-13,,Hired,
APP002297,CAN000576,2021-06-09,ALT / English Teacher,REC013,2021-06-11,,,,2021-07-08,Rejected,Position Filled
APP002298,CAN000507,2023-08-11,Senior Teacher,REC013,2023-08-15,2023-08-26,,,,Interviewing,
APP002299,CAN000883,2024-10-14,Senior Teacher,REC017,2024-10-21,2024-10-28,2024-11-05,2024-11-06,,Hired,
APP002300,CAN001728,2025-03-08,ALT / English Teacher,REC012,2025-03-12,2025-03-13,2025-03-15,2025-03-20,,Hired,
APP002301,CAN001006,2026-11-04,ALT / English Teacher,REC004,2026-11-09,2026-11-14,,,2026-11-07,Rejected,Work Eligibility
APP002302,CAN001984,2022-12-26,Experienced Teacher,REC025,2022-12-29,2023-01-02,,,,Interviewing,
APP002303,CAN001552,2025-12-03,Senior Teacher,REC004,2025-12-07,2025-12-17,2025-12-27,2026-01-01,,Hired,
APP002304,CAN001265,2026-04-26,Senior Teacher,REC002,2026-04-28,,,,2026-05-22,Rejected,Experience
APP002305,CAN001137,2022-01-26,Senior Teacher,REC019,2022-01-29,2022-01-30,,,2022-02-11,Rejected,Work Eligibility
APP002306,CAN000284,2026-09-14,Experienced Teacher,REC018,,,,,,Withdrawn,
APP002307,CAN000730,2022-06-06,Senior Teacher,REC003,2022-06-09,2022-06-23,2022-07-01,2022-07-06,,Hired,
APP002308,CAN000726,2023-08-17,Senior Teacher,REC014,2023-08-18,,,,,Interviewing,
APP002309,CAN001596,2021-04-21,Senior Teacher,REC015,2021-04-30,2021-05-06,,,2021-05-17,Rejected,Experience
APP002310,CAN001270,2025-08-19,ALT / English Teacher,REC015,2025-08-20,2025-08-31,2025-09-06,2025-09-08,,Hired,
APP002311,CAN000137,2022-08-07,Senior Teacher,REC006,,,,,,Withdrawn,
APP002312,CAN001014,2023-05-16,Senior Teacher,REC006,2023-05-23,2023-05-30,2023-06-01,2023-06-07,,Hired,
APP002313,CAN000588,2023-06-22,ALT / English Teacher,REC018,2023-06-27,,,,,Hired,
APP002314,CAN001607,2025-08-26,ALT / English Teacher,REC004,2025-08-28,,,,,Hired,
APP002315,CAN001207,2024-07-14,ALT / English Teacher,REC018,2024-07-15,2024-07-20,2024-07-28,2024-07-30,,Hired,
APP002316,CAN001722,2022-08-25,Experienced Teacher,REC010,2022-09-03,2022-09-15,,,2022-08-30,Rejected,Position Filled
APP002317,CAN000738,2021-06-21,Senior Teacher,REC007,,,,,,Withdrawn,
APP002318,CAN001912,2025-02-20,Senior Teacher,REC022,2025-02-25,2025-03-08,2025-03-12,2025-03-18,,Hired,
APP002319,CAN000150,2021-11-08,ALT / English Teacher,REC019,,,,,,Withdrawn,
APP002320,CAN001757,2024-09-07,Senior Teacher,REC022,2024-09-17,2024-09-27,2024-10-06,2024-10-09,,Hired,
APP002321,CAN001233,2023-08-18,Experienced Teacher,REC025,2023-08-26,2023-09-07,,,2023-09-01,Rejected,Experience
APP002322,CAN001849,2021-12-27,Experienced Teacher,REC024,,,,,,Withdrawn,
APP002323,CAN001323,2024-06-22,ALT / English Teacher,REC003,2024-06-25,2024-07-05,,,2024-07-13,Rejected,Position Filled
APP002324,CAN000221,2021-08-13,Experienced Teacher,REC021,2021-08-22,2021-09-04,2021-09-12,2021-09-17,,Hired,
APP002325,CAN000834,2025-12-04,Experienced Teacher,REC018,2025-12-12,2025-12-16,,,2026-01-03,Rejected,Interview Result
APP002326,CAN000109,2025-04-07,Experienced Teacher,REC018,,,,,,Withdrawn,
APP002327,CAN001307,2022-04-15,ALT / English Teacher,REC023,2022-04-20,2022-04-25,2022-04-27,2022-04-29,,Hired,
APP002328,CAN001892,2021-10-05,Senior Teacher,REC014,2021-10-15,2021-10-21,2021-10-30,2021-11-05,,Hired,
APP002329,CAN001310,2025-05-27,ALT / English Teacher,REC010,2025-06-01,,,,,Hired,
APP002330,CAN001576,2022-10-23,Senior Teacher,REC008,2022-10-26,,,,2022-11-12,Rejected,Position Filled
APP002331,CAN000993,2025-01-10,ALT / English Teacher,REC006,2025-01-18,2025-01-24,2025-02-02,2025-02-08,,Hired,
APP002332,CAN001334,2025-12-26,Experienced Teacher,REC010,,,,,,Withdrawn,
APP002333,CAN001961,2024-08-18,ALT / English Teacher,REC007,2024-08-21,2024-09-03,,,2024-09-14,Rejected,Language Requirements
APP002334,CAN000276,2022-06-28,ALT / English Teacher,REC008,2022-06-29,2022-07-06,,,2022-07-14,Rejected,Language Requirements
APP002335,CAN000410,2023-06-08,Experienced Teacher,REC016,2023-06-11,2023-06-22,2023-06-24,2023-06-29,,Hired,
APP002336,CAN001373,2022-07-10,Experienced Teacher,REC011,,,,,,Withdrawn,
APP002337,CAN001635,2026-11-25,ALT / English Teacher,REC013,2026-11-28,2026-12-07,2026-12-10,2026-12-17,,Hired,
APP002338,CAN001250,2025-11-27,ALT / English Teacher,REC019,2025-11-28,2025-12-02,2025-12-12,2025-12-18,,Hired,
APP002339,CAN001984,2024-11-18,Experienced Teacher,REC003,2024-11-24,2024-11-25,,,2024-12-03,Rejected,Interview Result
APP002340,CAN000027,2022-06-20,ALT / English Teacher,REC013,2022-06-29,2022-07-02,,,,Interviewing,
APP002341,CAN001096,2022-06-18,Senior Teacher,REC023,2022-06-25,2022-07-08,,,2022-07-07,Rejected,Position Filled
APP002342,CAN001586,2026-03-01,Senior Teacher,REC003,,,,,,Withdrawn,
APP002343,CAN000022,2026-04-07,ALT / English Teacher,REC024,2026-04-12,2026-04-18,2026-04-19,2026-04-26,,Hired,
APP002344,CAN000720,2024-08-08,Senior Teacher,REC021,2024-08-09,,,,,Interviewing,
APP002345,CAN000331,2025-05-18,ALT / English Teacher,REC008,2025-05-22,2025-05-24,2025-06-03,2025-06-10,,Hired,
APP002346,CAN000220,2026-01-05,Senior Teacher,REC020,2026-01-12,2026-01-14,2026-01-24,2026-01-29,,Hired,
APP002347,CAN001423,2021-02-25,Experienced Teacher,REC025,2021-03-04,2021-03-10,,,,Interviewing,
APP002348,CAN001707,2023-06-26,Senior Teacher,REC022,2023-07-02,2023-07-14,2023-07-20,2023-07-25,,Hired,
APP002349,CAN001634,2023-01-06,ALT / English Teacher,REC018,2023-01-11,,,,2023-01-24,Rejected,Language Requirements
APP002350,CAN000275,2022-08-24,Senior Teacher,REC008,2022-09-02,2022-09-10,,,2022-09-05,Rejected,Work Eligibility
APP002351,CAN001436,2026-03-09,Experienced Teacher,REC024,2026-03-18,,,,2026-03-12,Rejected,Interview Result
APP002352,CAN000343,2021-05-21,ALT / English Teacher,REC017,2021-05-27,,,,,Hired,
APP002353,CAN000717,2022-03-05,ALT / English Teacher,REC017,2022-03-12,2022-03-14,2022-03-16,2022-03-17,,Hired,
APP002354,CAN000496,2023-08-13,Experienced Teacher,REC001,,,,,,Withdrawn,
APP002355,CAN000960,2026-11-12,Senior Teacher,REC018,2026-11-19,2026-12-03,2026-12-11,2026-12-16,,Hired,
APP002356,CAN000134,2022-01-04,Senior Teacher,REC009,2022-01-05,,,,,Hired,
APP002357,CAN000457,2021-05-04,ALT / English Teacher,REC009,2021-05-12,,,,,Hired,
APP002358,CAN000417,2026-03-18,ALT / English Teacher,REC006,2026-03-28,2026-04-06,2026-04-14,2026-04-16,,Hired,
APP002359,CAN000138,2021-09-09,Senior Teacher,REC016,2021-09-11,2021-09-21,2021-09-26,2021-09-30,,Hired,
APP002360,CAN001866,2024-09-13,Experienced Teacher,REC004,2024-09-21,,,,,Hired,
APP002361,CAN000616,2022-03-18,Senior Teacher,REC008,2022-03-25,2022-04-03,,,,Interviewing,
APP002362,CAN001311,2025-09-04,Experienced Teacher,REC002,2025-09-12,2025-09-20,,,2025-10-04,Rejected,Work Eligibility
APP002363,CAN000158,2025-09-10,ALT / English Teacher,REC020,2025-09-16,2025-09-23,2025-09-27,2025-10-01,,Hired,
APP002364,CAN001674,2021-11-23,Senior Teacher,REC020,2021-11-25,2021-12-09,2021-12-14,2021-12-21,,Hired,
APP002365,CAN001038,2021-12-26,Senior Teacher,REC019,2021-12-27,2021-12-31,,,,Interviewing,
APP002366,CAN001510,2022-07-03,Senior Teacher,REC006,2022-07-13,2022-07-25,,,,Interviewing,
APP002367,CAN001121,2021-01-02,Experienced Teacher,REC010,,,,,,Withdrawn,
APP002368,CAN000932,2025-09-16,ALT / English Teacher,REC008,2025-09-22,,,,,Hired,
APP002369,CAN000607,2021-07-26,ALT / English Teacher,REC015,2021-08-01,,,,,Hired,
APP002370,CAN000583,2026-11-15,ALT / English Teacher,REC009,2026-11-24,2026-12-02,2026-12-05,2026-12-08,,Hired,
APP002371,CAN001004,2022-07-18,Senior Teacher,REC017,2022-07-25,2022-07-26,,,,Interviewing,
APP002372,CAN001532,2026-08-27,Senior Teacher,REC003,2026-08-29,2026-09-04,2026-09-14,2026-09-15,,Hired,
APP002373,CAN001997,2021-12-12,ALT / English Teacher,REC010,2021-12-15,2021-12-23,2022-01-01,2022-01-07,,Hired,
APP002374,CAN000117,2022-08-03,ALT / English Teacher,REC024,2022-08-10,2022-08-12,,,,Interviewing,
APP002375,CAN001008,2025-05-08,ALT / English Teacher,REC009,2025-05-11,2025-05-12,2025-05-20,2025-05-27,,Hired,
APP002376,CAN000858,2022-06-15,Experienced Teacher,REC022,2022-06-20,2022-06-24,2022-07-03,2022-07-07,,Hired,
APP002377,CAN001841,2025-03-09,Senior Teacher,REC004,2025-03-11,2025-03-24,2025-04-01,2025-04-03,,Hired,
APP002378,CAN000568,2024-06-27,Experienced Teacher,REC005,2024-07-04,2024-07-11,,,2024-07-25,Rejected,Experience
APP002379,CAN001218,2022-02-14,Senior Teacher,REC012,2022-02-17,2022-03-03,2022-03-08,2022-03-13,,Hired,
APP002380,CAN000319,2025-09-21,Experienced Teacher,REC012,2025-09-30,2025-10-13,,,2025-09-26,Rejected,Language Requirements
APP002381,CAN001166,2021-10-04,Senior Teacher,REC007,2021-10-13,,,,,Interviewing,
APP002382,CAN000980,2025-05-02,Experienced Teacher,REC014,2025-05-09,2025-05-10,2025-05-11,2025-05-13,,Hired,
APP002383,CAN000511,2025-03-25,Experienced Teacher,REC003,2025-04-01,2025-04-06,,,2025-04-01,Rejected,Availability
APP002384,CAN000715,2022-09-26,Senior Teacher,REC022,2022-10-04,,,,,Hired,
APP002385,CAN001469,2023-10-19,Senior Teacher,REC024,2023-10-27,2023-10-30,2023-11-01,2023-11-04,,Hired,
APP002386,CAN001270,2026-01-09,Experienced Teacher,REC012,2026-01-14,2026-01-25,,,,Interviewing,
APP002387,CAN001729,2023-07-23,Senior Teacher,REC025,2023-07-24,2023-08-06,2023-08-08,2023-08-11,,Hired,
APP002388,CAN000978,2022-01-03,ALT / English Teacher,REC009,2022-01-06,2022-01-14,2022-01-24,2022-01-26,,Hired,
APP002389,CAN000070,2026-04-09,ALT / English Teacher,REC013,2026-04-13,2026-04-25,,,,Interviewing,
APP002390,CAN001387,2023-12-19,Senior Teacher,REC010,2023-12-26,2023-12-27,,,2023-12-29,Rejected,Interview Result
APP002391,CAN000361,2022-11-15,Senior Teacher,REC017,,,,,,Withdrawn,
APP002392,CAN000931,2024-01-12,Senior Teacher,REC014,2024-01-16,,,,2024-01-19,Rejected,Language Requirements
APP002393,CAN001929,2022-10-12,Senior Teacher,REC001,2022-10-14,,,,,Hired,
APP002394,CAN001601,2024-01-05,Experienced Teacher,REC010,2024-01-14,,,,,Hired,
APP002395,CAN000772,2025-02-08,ALT / English Teacher,REC013,,,,,,Withdrawn,
APP002396,CAN000374,2025-12-22,Experienced Teacher,REC004,2025-12-24,2025-12-27,,,,Interviewing,
APP002397,CAN001702,2022-08-27,ALT / English Teacher,REC003,2022-09-01,2022-09-14,2022-09-17,2022-09-23,,Hired,
APP002398,CAN001837,2022-07-06,Senior Teacher,REC016,2022-07-14,2022-07-23,2022-08-02,2022-08-06,,Hired,
APP002399,CAN001290,2025-10-03,Senior Teacher,REC018,2025-10-09,2025-10-17,,,,Interviewing,
APP002400,CAN001485,2021-11-20,ALT / English Teacher,REC023,2021-11-28,2021-12-07,2021-12-08,2021-12-15,,Hired,
APP002401,CAN001655,2026-11-24,Experienced Teacher,REC002,2026-12-03,,,,2026-11-27,Rejected,Availability
APP002402,CAN001234,2026-06-20,Senior Teacher,REC003,2026-06-28,2026-07-10,,,2026-07-03,Rejected,Experience
APP002403,CAN000640,2025-01-21,Experienced Teacher,REC009,2025-01-23,2025-01-27,,,,Interviewing,
APP002404,CAN000748,2022-10-13,ALT / English Teacher,REC024,2022-10-18,2022-10-19,2022-10-28,2022-10-31,,Hired,
APP002405,CAN000438,2021-01-07,Senior Teacher,REC019,2021-01-17,2021-01-25,2021-02-02,2021-02-09,,Hired,
APP002406,CAN000234,2024-07-20,Experienced Teacher,REC020,2024-07-27,,,,,Hired,
APP002407,CAN000098,2024-06-07,Experienced Teacher,REC024,2024-06-13,2024-06-17,,,,Interviewing,
APP002408,CAN000169,2024-12-21,Experienced Teacher,REC008,2024-12-27,2025-01-07,2025-01-12,2025-01-18,,Hired,
APP002409,CAN001120,2025-12-06,Experienced Teacher,REC001,2025-12-09,2025-12-10,,,2025-12-11,Rejected,Experience
APP002410,CAN000492,2023-10-01,Experienced Teacher,REC007,2023-10-02,2023-10-08,2023-10-09,2023-10-12,,Hired,
APP002411,CAN000673,2022-09-02,Senior Teacher,REC023,2022-09-10,,,,,Hired,
APP002412,CAN001442,2021-11-15,Senior Teacher,REC019,2021-11-16,2021-11-25,2021-11-30,2021-12-06,,Hired,
APP002413,CAN001757,2023-04-24,Senior Teacher,REC021,2023-05-01,2023-05-13,2023-05-21,2023-05-26,,Hired,
APP002414,CAN000421,2023-03-27,Senior Teacher,REC025,2023-04-05,2023-04-19,2023-04-22,2023-04-28,,Hired,
APP002415,CAN000983,2021-11-08,Senior Teacher,REC002,,,,,,Withdrawn,
APP002416,CAN000632,2022-08-19,ALT / English Teacher,REC023,2022-08-24,2022-08-30,,,,Interviewing,
APP002417,CAN000998,2025-11-10,Senior Teacher,REC010,2025-11-13,2025-11-17,2025-11-27,2025-12-01,,Hired,
APP002418,CAN000790,2022-08-09,Experienced Teacher,REC020,2022-08-15,2022-08-25,,,2022-08-20,Rejected,Interview Result
APP002419,CAN000011,2022-10-02,Experienced Teacher,REC019,2022-10-09,2022-10-13,,,,Interviewing,
APP002420,CAN000154,2026-04-27,ALT / English Teacher,REC016,2026-05-02,2026-05-10,2026-05-17,2026-05-19,,Hired,
APP002421,CAN001166,2024-12-02,Experienced Teacher,REC005,2024-12-05,2024-12-06,2024-12-10,2024-12-16,,Hired,
APP002422,CAN000871,2025-12-21,Senior Teacher,REC006,2025-12-24,2026-01-01,2026-01-08,2026-01-09,,Hired,
APP002423,CAN001619,2026-05-05,Experienced Teacher,REC022,2026-05-09,2026-05-11,2026-05-15,2026-05-22,,Hired,
APP002424,CAN000500,2024-04-27,Experienced Teacher,REC018,2024-04-30,2024-05-07,,,2024-05-25,Rejected,Language Requirements
APP002425,CAN001914,2023-02-23,ALT / English Teacher,REC010,2023-02-27,2023-02-28,,,,Interviewing,
APP002426,CAN001620,2024-06-26,Experienced Teacher,REC008,2024-06-27,2024-07-10,,,,Interviewing,
APP002427,CAN000538,2024-12-27,Experienced Teacher,REC013,2025-01-06,2025-01-12,,,2025-01-01,Rejected,Work Eligibility
APP002428,CAN001072,2025-12-11,Senior Teacher,REC021,2025-12-20,,,,,Hired,
APP002429,CAN001930,2024-01-01,Senior Teacher,REC022,,,,,,Withdrawn,
APP002430,CAN000650,2022-04-15,ALT / English Teacher,REC006,2022-04-21,2022-05-03,,,2022-05-07,Rejected,Position Filled
APP002431,CAN001527,2025-11-23,Senior Teacher,REC004,2025-11-29,2025-12-05,,,,Interviewing,
APP002432,CAN001515,2023-08-03,Senior Teacher,REC023,2023-08-09,2023-08-16,2023-08-21,2023-08-28,,Hired,
APP002433,CAN001072,2025-09-15,Experienced Teacher,REC004,,,,,,Withdrawn,
APP002434,CAN001195,2024-05-21,Senior Teacher,REC004,2024-05-31,2024-06-08,2024-06-16,2024-06-17,,Hired,
APP002435,CAN000789,2023-02-12,ALT / English Teacher,REC017,2023-02-17,2023-03-02,2023-03-04,2023-03-08,,Hired,
APP002436,CAN001433,2021-02-25,Experienced Teacher,REC010,2021-03-05,2021-03-16,,,2021-03-05,Rejected,Language Requirements
APP002437,CAN000804,2024-12-14,Experienced Teacher,REC003,2024-12-18,2024-12-27,2025-01-01,2025-01-02,,Hired,
APP002438,CAN000237,2022-09-10,Experienced Teacher,REC010,2022-09-18,2022-09-21,,,2022-09-19,Rejected,Work Eligibility
APP002439,CAN000535,2023-12-13,ALT / English Teacher,REC011,,,,,,Withdrawn,
APP002440,CAN000530,2021-01-01,Experienced Teacher,REC001,2021-01-03,2021-01-17,,,,Interviewing,
APP002441,CAN001353,2026-12-01,Senior Teacher,REC017,2026-12-05,2026-12-11,,,,Interviewing,
APP002442,CAN001770,2026-02-20,ALT / English Teacher,REC019,,,,,,Withdrawn,
APP002443,CAN001484,2022-06-11,Senior Teacher,REC002,2022-06-15,2022-06-16,,,2022-07-05,Rejected,Language Requirements
APP002444,CAN000431,2022-11-21,ALT / English Teacher,REC020,,,,,,Withdrawn,
APP002445,CAN001173,2024-07-26,ALT / English Teacher,REC001,2024-07-28,2024-08-02,,,2024-08-10,Rejected,Language Requirements
APP002446,CAN000613,2021-02-01,ALT / English Teacher,REC013,2021-02-10,2021-02-13,,,2021-02-08,Rejected,Work Eligibility
APP002447,CAN001559,2022-08-21,Senior Teacher,REC019,2022-08-23,2022-09-06,2022-09-08,2022-09-11,,Hired,
APP002448,CAN001736,2026-09-07,Senior Teacher,REC009,,,,,,Withdrawn,
APP002449,CAN001090,2022-11-07,Senior Teacher,REC024,,,,,,Withdrawn,
APP002450,CAN000479,2021-04-27,Experienced Teacher,REC006,2021-05-06,2021-05-08,2021-05-16,2021-05-20,,Hired,
APP002451,CAN001577,2021-07-14,Senior Teacher,REC008,2021-07-19,2021-07-23,,,2021-07-23,Rejected,Work Eligibility
APP002452,CAN001484,2023-08-07,ALT / English Teacher,REC006,2023-08-13,2023-08-25,2023-09-04,2023-09-08,,Hired,
APP002453,CAN001883,2021-11-23,Experienced Teacher,REC024,2021-11-24,2021-12-07,2021-12-11,2021-12-14,,Hired,
APP002454,CAN001782,2023-01-13,ALT / English Teacher,REC015,,,,,,Withdrawn,
APP002455,CAN001087,2024-08-14,ALT / English Teacher,REC022,2024-08-18,2024-08-30,,,,Interviewing,
APP002456,CAN000979,2025-08-28,Senior Teacher,REC005,2025-09-04,2025-09-11,,,2025-09-18,Rejected,Experience
APP002457,CAN000828,2026-06-03,Experienced Teacher,REC019,2026-06-08,2026-06-13,2026-06-20,2026-06-22,,Hired,
APP002458,CAN001873,2025-12-21,ALT / English Teacher,REC020,2025-12-27,2026-01-02,,,,Interviewing,
APP002459,CAN001760,2025-08-14,Senior Teacher,REC007,2025-08-18,,,,2025-09-09,Rejected,Position Filled
APP002460,CAN000728,2026-06-16,Senior Teacher,REC020,2026-06-17,2026-06-29,,,2026-06-27,Rejected,Experience
APP002461,CAN000895,2021-07-23,ALT / English Teacher,REC015,2021-07-26,2021-08-05,2021-08-11,2021-08-18,,Hired,
APP002462,CAN000858,2026-12-16,Senior Teacher,REC018,2026-12-19,,,,,Hired,
APP002463,CAN001044,2024-09-09,Experienced Teacher,REC021,2024-09-11,2024-09-22,,,,Interviewing,
APP002464,CAN001088,2022-04-11,ALT / English Teacher,REC021,2022-04-15,,,,2022-04-20,Rejected,Position Filled
APP002465,CAN001632,2023-10-17,Experienced Teacher,REC009,2023-10-20,,,,2023-10-23,Rejected,Interview Result
APP002466,CAN000645,2021-07-17,Experienced Teacher,REC010,2021-07-18,2021-07-21,2021-07-29,2021-08-02,,Hired,
APP002467,CAN001615,2024-11-04,Experienced Teacher,REC010,2024-11-08,2024-11-22,,,,Interviewing,
APP002468,CAN001951,2024-04-20,Senior Teacher,REC019,,,,,,Withdrawn,
APP002469,CAN000176,2021-11-24,Experienced Teacher,REC002,2021-11-28,,,,,Interviewing,
APP002470,CAN001352,2026-06-04,Experienced Teacher,REC009,2026-06-11,2026-06-21,,,2026-06-19,Rejected,Work Eligibility
APP002471,CAN001388,2022-07-28,Senior Teacher,REC004,2022-08-03,2022-08-13,,,,Interviewing,
APP002472,CAN001235,2025-02-27,ALT / English Teacher,REC017,2025-03-02,2025-03-03,2025-03-07,2025-03-14,,Hired,
APP002473,CAN000302,2026-12-02,Senior Teacher,REC022,2026-12-07,2026-12-08,,,,Interviewing,
APP002474,CAN001902,2023-12-24,ALT / English Teacher,REC005,2023-12-30,,,,,Hired,
APP002475,CAN001418,2021-03-06,ALT / English Teacher,REC012,2021-03-16,2021-03-22,,,2021-03-14,Rejected,Position Filled
APP002476,CAN001140,2025-04-02,Experienced Teacher,REC004,2025-04-03,2025-04-13,,,,Interviewing,
APP002477,CAN001693,2021-11-06,Experienced Teacher,REC007,2021-11-09,2021-11-21,2021-11-24,2021-11-30,,Hired,
APP002478,CAN001262,2022-03-04,Senior Teacher,REC014,2022-03-12,2022-03-19,2022-03-22,2022-03-29,,Hired,
APP002479,CAN000558,2025-05-14,ALT / English Teacher,REC022,2025-05-19,2025-05-22,2025-05-28,2025-06-01,,Hired,
APP002480,CAN001002,2023-11-04,Senior Teacher,REC025,2023-11-12,2023-11-26,2023-12-01,2023-12-08,,Hired,
APP002481,CAN001010,2022-12-16,Experienced Teacher,REC012,2022-12-19,2022-12-28,2022-12-31,2023-01-04,,Hired,
APP002482,CAN001377,2026-06-22,Experienced Teacher,REC023,2026-06-23,2026-06-24,2026-06-28,2026-06-30,,Hired,
APP002483,CAN001002,2023-08-28,ALT / English Teacher,REC015,2023-09-02,2023-09-07,,,,Interviewing,
APP002484,CAN001762,2023-02-01,Senior Teacher,REC006,2023-02-02,2023-02-06,,,2023-02-11,Rejected,Availability
APP002485,CAN001115,2025-02-18,Experienced Teacher,REC008,,,,,,Withdrawn,
APP002486,CAN001385,2024-05-24,ALT / English Teacher,REC011,2024-05-26,2024-06-07,,,2024-06-19,Rejected,Experience
APP002487,CAN000487,2023-04-02,Experienced Teacher,REC013,2023-04-06,2023-04-11,2023-04-13,2023-04-17,,Hired,
APP002488,CAN000177,2026-12-25,Senior Teacher,REC009,2027-01-03,2027-01-05,,,2027-01-18,Rejected,Work Eligibility
APP002489,CAN001239,2024-05-13,Senior Teacher,REC013,2024-05-20,2024-06-01,2024-06-08,2024-06-11,,Hired,
APP002490,CAN000659,2024-06-08,Senior Teacher,REC024,2024-06-09,2024-06-11,2024-06-19,2024-06-26,,Hired,
APP002491,CAN000716,2026-11-23,ALT / English Teacher,REC021,2026-11-24,2026-12-04,,,2026-12-13,Rejected,Interview Result
APP002492,CAN001644,2021-03-11,ALT / English Teacher,REC010,2021-03-17,2021-03-30,,,2021-04-07,Rejected,Interview Result
APP002493,CAN000110,2023-01-10,Experienced Teacher,REC006,2023-01-11,2023-01-15,,,,Interviewing,
APP002494,CAN000730,2024-11-09,ALT / English Teacher,REC002,2024-11-14,2024-11-24,2024-11-26,2024-12-02,,Hired,
APP002495,CAN001216,2024-07-25,Senior Teacher,REC022,2024-08-02,2024-08-06,,,,Interviewing,
APP002496,CAN000169,2024-01-20,Senior Teacher,REC002,2024-01-21,2024-01-26,,,2024-02-15,Rejected,Position Filled
APP002497,CAN001089,2021-05-11,Senior Teacher,REC007,2021-05-18,2021-05-27,2021-05-29,2021-05-31,,Hired,
APP002498,CAN000841,2021-06-21,Senior Teacher,REC001,2021-06-29,2021-06-30,,,2021-07-16,Rejected,Position Filled
APP002499,CAN000669,2023-04-19,Senior Teacher,REC018,2023-04-26,2023-05-02,,,2023-04-30,Rejected,Interview Result
APP002500,CAN000152,2024-09-22,Senior Teacher,REC011,2024-09-27,2024-10-01,,,,Interviewing,
APP002501,CAN001424,2023-11-23,ALT / English Teacher,REC014,2023-12-01,2023-12-09,,,2023-12-11,Rejected,Work Eligibility
APP002502,CAN001267,2026-10-07,ALT / English Teacher,REC021,2026-10-08,2026-10-19,,,2026-10-30,Rejected,Work Eligibility
APP002503,CAN001070,2022-05-22,ALT / English Teacher,REC012,2022-05-27,2022-06-10,2022-06-15,2022-06-16,,Hired,
APP002504,CAN000893,2026-04-18,Experienced Teacher,REC008,2026-04-23,2026-04-26,,,2026-05-04,Rejected,Interview Result
APP002505,CAN000599,2026-08-16,ALT / English Teacher,REC015,,,,,,Withdrawn,
APP002506,CAN001189,2023-10-18,Experienced Teacher,REC011,2023-10-22,2023-10-27,2023-11-06,2023-11-07,,Hired,
APP002507,CAN000383,2025-10-08,Senior Teacher,REC022,2025-10-10,2025-10-11,,,2025-10-23,Rejected,Experience
APP002508,CAN000381,2024-02-12,ALT / English Teacher,REC008,2024-02-19,2024-03-01,2024-03-06,2024-03-11,,Hired,
APP002509,CAN001681,2022-05-13,ALT / English Teacher,REC023,2022-05-23,2022-06-02,2022-06-07,2022-06-09,,Hired,
APP002510,CAN001977,2026-07-05,Senior Teacher,REC004,2026-07-08,,,,2026-07-14,Rejected,Position Filled
APP002511,CAN000304,2023-04-03,ALT / English Teacher,REC022,2023-04-13,,,,2023-04-12,Rejected,Position Filled
APP002512,CAN000804,2026-08-20,ALT / English Teacher,REC009,,,,,,Withdrawn,
APP002513,CAN000837,2026-02-02,Senior Teacher,REC013,2026-02-06,2026-02-08,,,,Interviewing,
APP002514,CAN000276,2026-06-17,Senior Teacher,REC003,2026-06-20,2026-06-30,2026-07-01,2026-07-05,,Hired,
APP002515,CAN001375,2023-12-12,Experienced Teacher,REC025,2023-12-16,2023-12-22,,,,Interviewing,
APP002516,CAN001380,2026-04-14,Experienced Teacher,REC005,2026-04-15,,,,,Interviewing,
APP002517,CAN001669,2025-02-11,Senior Teacher,REC001,2025-02-20,2025-03-05,,,2025-02-14,Rejected,Experience
APP002518,CAN001479,2026-02-03,Experienced Teacher,REC008,2026-02-08,2026-02-18,,,2026-02-17,Rejected,Availability
APP002519,CAN000996,2022-05-01,ALT / English Teacher,REC022,,,,,,Withdrawn,
APP002520,CAN000964,2021-05-01,Senior Teacher,REC005,2021-05-02,2021-05-05,,,2021-05-26,Rejected,Experience
APP002521,CAN001460,2023-11-18,Experienced Teacher,REC003,2023-11-28,2023-12-07,2023-12-10,2023-12-13,,Hired,
APP002522,CAN000456,2025-02-06,Senior Teacher,REC006,2025-02-07,2025-02-14,,,2025-03-01,Rejected,Position Filled
APP002523,CAN000665,2023-02-13,Senior Teacher,REC011,2023-02-18,2023-02-26,,,2023-03-14,Rejected,Interview Result
APP002524,CAN001766,2024-08-19,ALT / English Teacher,REC021,2024-08-21,2024-08-29,,,2024-09-14,Rejected,Availability
APP002525,CAN001877,2026-10-28,Experienced Teacher,REC018,2026-11-01,2026-11-13,2026-11-16,2026-11-20,,Hired,
APP002526,CAN000120,2024-10-27,Senior Teacher,REC009,,,,,,Withdrawn,
APP002527,CAN001466,2025-11-04,Senior Teacher,REC011,2025-11-05,2025-11-09,2025-11-14,2025-11-18,,Hired,
APP002528,CAN000986,2024-06-10,Senior Teacher,REC006,2024-06-11,2024-06-13,,,2024-06-19,Rejected,Language Requirements
APP002529,CAN000186,2021-04-22,Experienced Teacher,REC006,2021-04-30,,,,,Hired,
APP002530,CAN001534,2026-10-17,ALT / English Teacher,REC023,2026-10-23,2026-11-04,2026-11-14,2026-11-18,,Hired,
APP002531,CAN001974,2022-01-14,Senior Teacher,REC015,2022-01-19,2022-01-28,,,,Interviewing,
APP002532,CAN000513,2024-09-24,Experienced Teacher,REC003,2024-09-30,2024-10-13,,,2024-10-12,Rejected,Availability
APP002533,CAN000237,2023-08-19,Experienced Teacher,REC020,2023-08-27,2023-09-07,2023-09-14,2023-09-15,,Hired,
APP002534,CAN001006,2026-07-08,Experienced Teacher,REC016,2026-07-15,2026-07-29,,,2026-08-01,Rejected,Work Eligibility
APP002535,CAN001548,2021-06-01,Experienced Teacher,REC022,,,,,,Withdrawn,
APP002536,CAN001633,2021-12-10,Senior Teacher,REC024,2021-12-20,,,,2021-12-18,Rejected,Work Eligibility
APP002537,CAN001442,2026-11-17,ALT / English Teacher,REC004,2026-11-25,2026-12-02,,,2026-12-03,Rejected,Experience
APP002538,CAN001182,2024-03-03,Senior Teacher,REC022,,,,,,Withdrawn,
APP002539,CAN000402,2021-02-10,Senior Teacher,REC009,,,,,,Withdrawn,
APP002540,CAN000150,2021-05-01,ALT / English Teacher,REC007,2021-05-09,2021-05-19,,,2021-05-25,Rejected,Interview Result
APP002541,CAN000874,2021-01-12,Senior Teacher,REC014,2021-01-22,2021-02-03,2021-02-06,2021-02-07,,Hired,
APP002542,CAN001964,2026-12-22,ALT / English Teacher,REC008,2026-12-23,2026-12-29,,,,Interviewing,
APP002543,CAN001907,2026-02-17,ALT / English Teacher,REC005,2026-02-25,2026-03-02,2026-03-08,2026-03-13,,Hired,
APP002544,CAN000472,2022-01-18,ALT / English Teacher,REC007,2022-01-20,2022-01-21,2022-01-29,2022-02-05,,Hired,
APP002545,CAN000819,2023-10-02,Experienced Teacher,REC019,2023-10-11,,,,,Hired,
APP002546,CAN000217,2026-02-26,Senior Teacher,REC008,2026-03-08,2026-03-10,2026-03-18,2026-03-24,,Hired,
APP002547,CAN001170,2024-02-11,Senior Teacher,REC024,2024-02-18,2024-02-25,2024-03-02,2024-03-07,,Hired,
APP002548,CAN000316,2024-09-16,Experienced Teacher,REC012,2024-09-18,2024-10-01,,,2024-09-23,Rejected,Position Filled
APP002549,CAN000406,2024-12-24,ALT / English Teacher,REC024,2024-12-29,2025-01-06,2025-01-13,2025-01-17,,Hired,
APP002550,CAN000087,2022-04-12,Senior Teacher,REC013,2022-04-22,,,,,Hired,
APP002551,CAN001633,2024-12-13,Senior Teacher,REC021,2024-12-23,2025-01-01,,,,Interviewing,
APP002552,CAN001047,2022-06-19,Experienced Teacher,REC024,2022-06-26,2022-06-28,,,2022-06-26,Rejected,Language Requirements
APP002553,CAN001486,2021-11-01,Senior Teacher,REC018,2021-11-04,,,,2021-11-11,Rejected,Interview Result
APP002554,CAN001488,2022-10-06,Senior Teacher,REC007,,,,,,Withdrawn,
APP002555,CAN001199,2021-01-14,ALT / English Teacher,REC025,2021-01-20,2021-01-29,,,2021-01-21,Rejected,Availability
APP002556,CAN000319,2022-02-17,Senior Teacher,REC018,2022-02-27,2022-03-10,2022-03-16,2022-03-22,,Hired,
APP002557,CAN000262,2021-09-24,Senior Teacher,REC022,2021-10-04,,,,2021-10-19,Rejected,Experience
APP002558,CAN000685,2021-02-14,ALT / English Teacher,REC001,2021-02-15,,,,,Hired,
APP002559,CAN000464,2024-06-02,Senior Teacher,REC007,,,,,,Withdrawn,
APP002560,CAN000665,2021-06-15,Experienced Teacher,REC002,2021-06-23,2021-07-04,2021-07-14,2021-07-15,,Hired,
APP002561,CAN000582,2021-10-17,Experienced Teacher,REC013,2021-10-26,,,,2021-10-29,Rejected,Work Eligibility
APP002562,CAN000455,2025-10-23,Experienced Teacher,REC023,2025-10-26,2025-11-04,2025-11-11,2025-11-12,,Hired,
APP002563,CAN001134,2026-12-02,Senior Teacher,REC007,2026-12-05,2026-12-10,2026-12-19,2026-12-24,,Hired,
APP002564,CAN000897,2023-01-17,Experienced Teacher,REC021,2023-01-22,2023-01-31,2023-02-10,2023-02-14,,Hired,
APP002565,CAN001028,2022-08-10,Experienced Teacher,REC001,2022-08-11,2022-08-16,2022-08-18,2022-08-25,,Hired,
APP002566,CAN000709,2023-08-26,Senior Teacher,REC021,2023-09-04,2023-09-07,2023-09-17,2023-09-18,,Hired,
APP002567,CAN000553,2022-09-15,Senior Teacher,REC021,2022-09-20,2022-09-22,,,2022-09-29,Rejected,Position Filled
APP002568,CAN000716,2021-07-24,Senior Teacher,REC008,2021-07-28,2021-08-03,2021-08-07,2021-08-08,,Hired,
APP002569,CAN000151,2025-07-11,Senior Teacher,REC009,2025-07-19,,,,,Hired,
APP002570,CAN000377,2026-09-09,ALT / English Teacher,REC023,,,,,,Withdrawn,
APP002571,CAN000428,2023-12-22,ALT / English Teacher,REC016,2023-12-30,2024-01-13,,,2024-01-14,Rejected,Language Requirements
APP002572,CAN001972,2023-07-26,Experienced Teacher,REC014,2023-07-27,2023-08-01,,,2023-07-31,Rejected,Work Eligibility
APP002573,CAN001517,2024-08-03,ALT / English Teacher,REC021,2024-08-12,,,,,Hired,
APP002574,CAN001804,2022-04-22,Senior Teacher,REC014,,,,,,Withdrawn,
APP002575,CAN001240,2025-09-23,Experienced Teacher,REC021,2025-10-01,2025-10-13,,,2025-10-15,Rejected,Experience
APP002576,CAN000728,2024-07-17,Senior Teacher,REC014,2024-07-26,,,,2024-07-31,Rejected,Work Eligibility
APP002577,CAN000893,2026-05-07,Senior Teacher,REC013,2026-05-08,2026-05-19,2026-05-28,2026-06-03,,Hired,
APP002578,CAN000639,2026-06-09,ALT / English Teacher,REC021,2026-06-18,2026-06-25,,,2026-06-25,Rejected,Interview Result
APP002579,CAN000493,2024-10-11,Experienced Teacher,REC016,,,,,,Withdrawn,
APP002580,CAN001623,2021-11-12,ALT / English Teacher,REC012,2021-11-19,2021-11-22,2021-12-01,2021-12-04,,Hired,
APP002581,CAN000836,2025-11-15,ALT / English Teacher,REC017,2025-11-19,2025-12-02,2025-12-09,2025-12-10,,Hired,
APP002582,CAN001262,2025-02-20,ALT / English Teacher,REC024,2025-02-28,2025-03-09,2025-03-11,2025-03-14,,Hired,
APP002583,CAN001767,2022-07-03,Experienced Teacher,REC019,2022-07-10,2022-07-22,2022-07-23,2022-07-29,,Hired,
APP002584,CAN000873,2022-08-01,Experienced Teacher,REC012,2022-08-05,,,,,Interviewing,
APP002585,CAN001999,2024-09-06,Senior Teacher,REC008,2024-09-16,2024-09-22,,,,Interviewing,
APP002586,CAN001138,2023-10-18,ALT / English Teacher,REC002,2023-10-24,2023-10-28,2023-10-31,2023-11-05,,Hired,
APP002587,CAN001494,2021-10-06,Experienced Teacher,REC023,2021-10-11,2021-10-20,2021-10-27,2021-11-01,,Hired,
APP002588,CAN000180,2026-05-12,Senior Teacher,REC021,2026-05-19,2026-05-26,,,2026-05-20,Rejected,Availability
APP002589,CAN001872,2026-04-21,Experienced Teacher,REC005,2026-04-25,,,,,Interviewing,
APP002590,CAN000671,2022-03-18,ALT / English Teacher,REC002,2022-03-28,2022-04-05,,,2022-04-10,Rejected,Availability
APP002591,CAN000084,2023-02-05,Senior Teacher,REC011,2023-02-09,2023-02-13,,,,Interviewing,
APP002592,CAN000079,2022-06-19,Experienced Teacher,REC010,2022-06-23,2022-06-27,2022-06-30,2022-07-03,,Hired,
APP002593,CAN001249,2024-06-14,ALT / English Teacher,REC025,2024-06-21,,,,,Hired,
APP002594,CAN000668,2021-07-26,Experienced Teacher,REC025,2021-07-28,2021-08-02,2021-08-12,2021-08-13,,Hired,
APP002595,CAN001258,2024-11-11,ALT / English Teacher,REC014,2024-11-15,,,,,Hired,
APP002596,CAN000052,2024-12-21,Senior Teacher,REC012,2024-12-30,2025-01-02,,,2025-01-18,Rejected,Availability
APP002597,CAN000996,2023-05-16,Experienced Teacher,REC001,2023-05-26,2023-05-28,2023-05-30,2023-05-31,,Hired,
APP002598,CAN001995,2023-06-22,ALT / English Teacher,REC005,2023-06-30,2023-07-05,2023-07-13,2023-07-14,,Hired,
APP002599,CAN000041,2022-08-19,ALT / English Teacher,REC004,2022-08-27,,,,,Hired,
APP002600,CAN000968,2021-12-23,Experienced Teacher,REC008,2021-12-24,2022-01-05,,,,Interviewing,
