candidate_id,first_name,middle_name,last_name,date_of_birth,gender,nationality,country_of_birth,residence_country,education_level,degree_field,english_proficiency,japanese_proficiency,years_teaching_experience,recruitment_source,first_application_date,candidate_status
CAN000001,Emily,,Lopez,1975-12-09,Male,British,British,Japan,Bachelor's Degree,Psychology,B2,None,0.4,Indeed,2023-10-01,Rejected
CAN000002,John,,Jackson,1975-09-07,Non-binary,British,Japan,Japan,Bachelor's Degree,English,B2,N3,3.3,Indeed,2025-09-15,Withdrawn
CAN000003,Daniel,,Martinez,1987-02-12,Male,Japanese,Japanese,Japan,Bachelor's Degree,Business,Native,N1,3.5,Job Board,2024-11-09,Available
CAN000004,Olivia,,Allen,1986-10-07,Non-binary,Mexican,Japan,Japan,Master's Degree,Education,B2,N3,5.4,Career Fair,2021-10-12,Withdrawn
CAN000005,Jose,,Brown,1986-04-22,Female,American,American,Japan,Master's Degree,English,B2,N2,3.2,Job Board,2023-12-30,Available
CAN000006,Marco,,Thompson,1985-01-08,Male,Filipino,Filipino,Japan,Associate Degree,English,B2,N2,10.6,Job Board,2021-05-12,Interviewing
CAN000007,Alejandro,,Ramirez,1979-04-24,Prefer not to say,Japanese,Japanese,Japan,Master's Degree,Psychology,B2,None,9.1,Career Fair,2023-12-13,Hired
CAN000008,Alejandro,,Smith,1980-11-14,Prefer not to say,Spanish,Spanish,Japan,Bachelor's Degree,Other,Native,N1,9.0,Career Fair,2021-09-18,Withdrawn
CAN000009,Daniel,,Torres,1988-03-15,Female,Australian,Australian,Australian,Bachelor's Degree,Other,C1,N1,7.3,Indeed,2021-01-14,Withdrawn
CAN000010,Maria,,Perez,1992-09-01,Non-binary,French,Japan,Japan,Associate Degree,English,Native,Basic,10.5,Company Website,2024-08-20,Hired
CAN000011,Sofia,,Miller,2001-02-25,Female,Canadian,Canadian,Japan,Diploma,English,C2,N3,4.8,Job Board,2022-05-31,Withdrawn
CAN000012,Daniel,,Young,1991-08-04,Male,British,British,Japan,Master's Degree,Psychology,C2,None,0.9,Job Board,2023-10-13,Hired
CAN000013,Marco,,Martinez,2003-01-28,Non-binary,American,American,Japan,Master's Degree,Psychology,C2,N1,6.9,Indeed,2024-09-15,Interviewing
CAN000014,Ana,,Johnson,1981-02-04,Prefer not to say,Filipino,Japan,Japan,Bachelor's Degree,Other,Native,None,4.8,LinkedIn,2025-11-01,Hired
CAN000015,Marco,,Rodriguez,1981-09-15,Prefer not to say,Spanish,Spanish,Japan,Bachelor's Degree,Business,Native,None,7.8,Referral,2022-07-29,Hired
CAN000016,Luis,,King,1999-04-06,Prefer not to say,French,Japan,Japan,Master's Degree,Business,Native,N2,3.2,Career Fair,2025-07-23,Interviewing
CAN000017,Andres,,Johnson,1997-12-26,Female,Canadian,Japan,Japan,Bachelor's Degree,Other,C1,None,0.6,Recruitment Agency,2026-06-17,Available
CAN000018,Hannah,,Allen,1991-03-02,Male,Canadian,Canadian,Japan,Master's Degree,Business,Native,N1,3.0,Referral,2021-11-25,Hired
CAN000019,Matthew,,Martinez,1988-11-19,Non-binary,Australian,Australian,Japan,Diploma,English,C1,N2,3.8,Career Fair,2024-07-19,Hired
CAN000020,Carlos,,Anderson,1994-10-04,Non-binary,Brazilian,Brazilian,Japan,Associate Degree,Education,C2,N3,3.4,Recruitment Agency,2021-10-28,Available
CAN000021,Jessica,,Torres,1994-11-17,Male,Brazilian,Japan,Japan,Master's Degree,Linguistics,Native,None,8.9,Indeed,2021-02-02,Withdrawn
CAN000022,Andres,,Jackson,1981-12-11,Non-binary,Australian,Japan,Japan,Bachelor's Degree,Education,B2,N3,0.5,LinkedIn,2023-04-14,Rejected
CAN000023,Emily,,Ramirez,1980-12-15,Male,Brazilian,Japan,Japan,Master's Degree,Psychology,Native,N3,7.0,Indeed,2025-10-18,Interviewing
CAN000024,Alejandro,,Hernandez,1984-06-26,Female,Filipino,Filipino,Japan,Associate Degree,Psychology,B2,N1,9.0,Indeed,2021-06-13,Rejected
CAN000025,Ana,,Walker,1980-07-01,Prefer not to say,Filipino,Japan,Filipino,Master's Degree,Linguistics,C2,None,4.6,Company Website,2023-01-05,Interviewing
CAN000026,Marco,,Rodriguez,2001-08-12,Female,British,British,Japan,Associate Degree,Education,C1,N3,7.7,Recruitment Agency,2024-06-04,Available
CAN000027,David,,Garcia,1978-05-06,Prefer not to say,Mexican,Mexican,Japan,Associate Degree,Business,Native,N2,10.8,Indeed,2023-12-24,Withdrawn
CAN000028,Miguel,,White,1988-01-17,Non-binary,Filipino,Filipino,Japan,Bachelor's Degree,Other,C1,N1,3.7,Recruitment Agency,2023-03-19,Withdrawn
CAN000029,Michael,,White,1984-09-05,Prefer not to say,Spanish,Spanish,Japan,Master's Degree,Psychology,C1,N2,6.6,Company Website,2023-02-25,Withdrawn
CAN000030,Andres,,Rodriguez,1988-10-20,Female,French,French,Japan,Master's Degree,Other,Native,N3,6.2,Job Board,2024-08-12,Available
CAN000031,David,,Martinez,2001-04-22,Female,British,British,British,Master's Degree,Business,Native,N2,5.0,Job Board,2024-06-25,Available
CAN000032,Juan,,White,1997-07-16,Male,British,Japan,Japan,Bachelor's Degree,Business,C2,Basic,9.6,Job Board,2025-06-25,Available
CAN000033,Daniel,,Hernandez,1992-04-28,Prefer not to say,French,French,Japan,Associate Degree,Business,B2,N1,5.4,Indeed,2022-05-13,Interviewing
CAN000034,Daniel,,Ramirez,1999-04-27,Female,Brazilian,Brazilian,Japan,Bachelor's Degree,Other,C1,Basic,3.3,LinkedIn,2024-02-10,Available
CAN000035,Luis,,Gonzalez,1979-04-13,Prefer not to say,British,British,Japan,Diploma,Business,Native,Basic,10.0,Recruitment Agency,2022-09-18,Available
CAN000036,Jessica,,Garcia,2002-10-13,Non-binary,Mexican,Japan,Mexican,Diploma,Psychology,C2,N2,2.6,Recruitment Agency,2026-05-08,Interviewing
CAN000037,Carlos,,Taylor,1985-11-22,Female,Canadian,Japan,Canadian,Bachelor's Degree,Business,Native,None,7.7,Indeed,2025-07-15,Interviewing
CAN000038,Jose,,Hernandez,1983-07-11,Prefer not to say,French,French,Japan,Diploma,Linguistics,Native,N2,0.2,Referral,2023-05-17,Hired
CAN000039,James,,Sanchez,1995-02-25,Female,Mexican,Japan,Mexican,Master's Degree,English,C2,N2,8.0,Referral,2021-06-14,Rejected
CAN000040,Daniel,,White,1983-06-06,Male,Canadian,Canadian,Canadian,Associate Degree,Psychology,B2,N2,11.3,Indeed,2022-04-15,Hired
CAN000041,Christopher,,White,2001-11-08,Male,Australian,Japan,Australian,Bachelor's Degree,Linguistics,B2,N3,0.8,Job Board,2022-02-22,Withdrawn
CAN000042,Carlos,,Allen,1988-08-04,Prefer not to say,Filipino,Filipino,Japan,Diploma,English,C1,N1,9.7,Referral,2025-11-11,Interviewing
CAN000043,Daniel,,Johnson,2001-12-19,Male,Filipino,Filipino,Filipino,Diploma,English,B2,N1,7.3,Recruitment Agency,2024-01-05,Withdrawn
CAN000044,Carlos,,Miller,2002-06-06,Non-binary,British,British,Japan,Associate Degree,Psychology,Native,N1,11.4,Company Website,2026-06-21,Rejected
CAN000045,Sofia,,Johnson,1990-09-25,Prefer not to say,French,French,Japan,Bachelor's Degree,Education,C1,Basic,4.9,Indeed,2023-09-12,Withdrawn
CAN000046,Sarah,,Moore,1986-08-18,Non-binary,Spanish,Spanish,Spanish,Diploma,Linguistics,C1,N3,2.8,Job Board,2024-11-09,Rejected
CAN000047,David,,Lopez,1998-09-25,Prefer not to say,British,British,Japan,Associate Degree,Education,C2,N3,2.7,Indeed,2023-01-29,Withdrawn
CAN000048,Carlos,,White,1992-03-09,Female,Mexican,Mexican,Japan,Diploma,Education,Native,N1,3.4,Recruitment Agency,2021-07-06,Interviewing
CAN000049,David,,Perez,1976-05-28,Prefer not to say,American,American,American,Bachelor's Degree,English,C2,N1,11.4,Company Website,2026-05-11,Rejected
CAN000050,Daniel,,Wilson,1999-07-20,Prefer not to say,Brazilian,Brazilian,Japan,Diploma,Linguistics,Native,N1,11.5,Company Website,2023-07-14,Rejected
CAN000051,Emily,,Rodriguez,1983-11-03,Male,British,British,Japan,Diploma,Business,B2,N3,0.4,LinkedIn,2022-10-06,Withdrawn
CAN000052,Jessica,,Allen,1989-02-22,Female,Australian,Australian,Australian,Master's Degree,Other,C2,N3,9.9,Company Website,2023-08-15,Hired
CAN000053,Jose,,Walker,1984-10-24,Non-binary,French,French,Japan,Associate Degree,Psychology,B2,N2,1.0,Company Website,2024-03-28,Interviewing
CAN000054,Sofia,,Williams,1994-05-01,Male,British,Japan,British,Associate Degree,Psychology,Native,Basic,5.6,Job Board,2022-01-10,Interviewing
CAN000055,Hannah,,Ramirez,1980-10-14,Prefer not to say,American,American,Japan,Bachelor's Degree,English,C1,N2,8.3,LinkedIn,2026-07-08,Interviewing
CAN000056,Laura,,Lee,1992-01-15,Male,Filipino,Japan,Japan,Diploma,Psychology,Native,N1,5.5,Company Website,2021-12-27,Rejected
CAN000057,John,,Brown,1994-08-21,Female,Mexican,Japan,Japan,Diploma,Other,B2,None,0.3,Job Board,2025-12-16,Available
CAN000058,Ana,,Sanchez,1997-03-10,Female,Brazilian,Japan,Japan,Bachelor's Degree,Business,Native,Basic,6.0,Job Board,2021-02-26,Withdrawn
CAN000059,John,,White,1983-07-27,Female,French,French,Japan,Master's Degree,Education,C1,N2,4.1,Career Fair,2026-05-31,Available
CAN000060,Diego,,Hall,1975-05-24,Prefer not to say,Japanese,Japan,Japan,Diploma,Psychology,B2,N3,4.0,Career Fair,2024-05-07,Available
CAN000061,Michael,,Anderson,1985-04-23,Prefer not to say,Japanese,Japanese,Japan,Diploma,Other,B2,N2,11.9,Career Fair,2023-09-06,Rejected
CAN000062,William,,Hernandez,1979-09-19,Prefer not to say,American,American,American,Diploma,Education,C2,N2,10.5,Indeed,2024-09-21,Hired
CAN000063,William,,Walker,1983-06-20,Prefer not to say,American,Japan,American,Diploma,Psychology,Native,N1,0.8,Job Board,2025-06-17,Withdrawn
CAN000064,Marco,,Martin,1977-07-04,Non-binary,French,Japan,Japan,Bachelor's Degree,Linguistics,Native,N3,4.3,Recruitment Agency,2022-02-16,Rejected
CAN000065,Marco,,Davis,1988-10-22,Prefer not to say,Canadian,Canadian,Japan,Master's Degree,Business,C2,Basic,5.5,LinkedIn,2023-01-08,Interviewing
CAN000066,Diego,,Thompson,1975-08-10,Non-binary,American,Japan,Japan,Associate Degree,Other,B2,N3,5.5,LinkedIn,2022-10-10,Rejected
CAN000067,Michael,,Allen,1990-02-08,Non-binary,Japanese,Japan,Japan,Associate Degree,Education,B2,N3,0.1,Career Fair,2025-04-12,Hired
CAN000068,Hannah,,Jackson,1998-08-27,Non-binary,British,British,Japan,Master's Degree,Psychology,C1,Basic,7.5,Job Board,2024-03-18,Hired
CAN000069,Andres,,Walker,1989-01-19,Non-binary,Canadian,Canadian,Japan,Diploma,English,C2,Basic,9.4,LinkedIn,2025-02-03,Available
CAN000070,John,,King,1983-03-09,Non-binary,Australian,Japan,Australian,Diploma,Education,C2,Basic,10.3,Job Board,2026-05-28,Interviewing
CAN000071,Emma,,Walker,1992-06-03,Male,Mexican,Mexican,Japan,Associate Degree,Psychology,B2,N3,1.3,Indeed,2025-06-05,Interviewing
CAN000072,Carlos,,Jackson,2003-09-11,Prefer not to say,American,Japan,Japan,Associate Degree,Other,B2,None,1.7,Company Website,2023-06-26,Withdrawn
CAN000073,William,,Lopez,1978-04-18,Prefer not to say,Spanish,Spanish,Japan,Master's Degree,Business,Native,N2,7.4,LinkedIn,2022-07-10,Hired
CAN000074,Jessica,,Brown,1981-08-15,Non-binary,Filipino,Filipino,Japan,Associate Degree,Education,B2,N3,2.3,Company Website,2023-08-26,Interviewing
CAN000075,Luis,,Thompson,1981-11-21,Female,Mexican,Japan,Mexican,Master's Degree,Education,C2,N1,2.6,Career Fair,2021-03-29,Rejected
CAN000076,David,,Lee,1979-10-01,Non-binary,Canadian,Japan,Canadian,Bachelor's Degree,Other,Native,Basic,0.2,Career Fair,2024-02-10,Rejected
CAN000077,Christopher,,Williams,1975-03-09,Male,Canadian,Canadian,Canadian,Diploma,Business,C1,N1,7.1,Recruitment Agency,2021-08-03,Available
CAN000078,Marco,,Jackson,1976-12-26,Male,French,French,Japan,Diploma,Business,B2,None,5.9,Recruitment Agency,2024-05-20,Hired
CAN000079,Olivia,,Martinez,1985-10-05,Non-binary,Canadian,Canadian,Japan,Associate Degree,Business,B2,None,9.5,Company Website,2021-09-27,Available
CAN000080,Sofia,,Allen,1981-07-15,Prefer not to say,Spanish,Spanish,Japan,Bachelor's Degree,Linguistics,B2,N3,8.0,LinkedIn,2023-07-25,Rejected
CAN000081,Sarah,,King,1990-02-03,Non-binary,American,Japan,Japan,Bachelor's Degree,Psychology,C1,None,4.9,Career Fair,2021-12-16,Interviewing
CAN000082,Emma,,King,1998-01-10,Female,Filipino,Filipino,Japan,Diploma,English,Native,N3,10.1,LinkedIn,2024-07-03,Hired
CAN000083,Maria,,Ramirez,1993-04-26,Male,Brazilian,Brazilian,Brazilian,Associate Degree,Education,C2,N3,8.4,LinkedIn,2025-10-24,Withdrawn
CAN000084,James,,Garcia,1980-03-19,Male,American,American,Japan,Master's Degree,Business,B2,N2,4.1,LinkedIn,2025-06-30,Withdrawn
CAN000085,Sofia,,Williams,1999-10-20,Male,Mexican,Mexican,Japan,Associate Degree,Business,B2,N2,7.3,Recruitment Agency,2021-12-14,Withdrawn
CAN000086,Juan,,Lee,1991-02-12,Prefer not to say,American,American,Japan,Associate Degree,Education,C2,N2,11.8,Company Website,2025-10-27,Hired
CAN000087,Juan,,Torres,1981-03-25,Male,Australian,Australian,Japan,Diploma,English,C2,N2,6.4,Indeed,2023-11-13,Available
CAN000088,Thomas,,Hall,1996-06-03,Prefer not to say,Mexican,Japan,Japan,Associate Degree,Psychology,B2,N1,4.9,Job Board,2025-06-15,Interviewing
CAN000089,Andres,,Lopez,1987-01-11,Non-binary,Japanese,Japanese,Japan,Bachelor's Degree,English,B2,N1,4.8,Company Website,2022-12-05,Interviewing
CAN000090,Emma,,Torres,1998-06-08,Male,Canadian,Canadian,Japan,Master's Degree,Linguistics,C1,Basic,2.8,Indeed,2024-09-26,Withdrawn
CAN000091,Juan,,Perez,1994-03-25,Prefer not to say,Canadian,Canadian,Canadian,Diploma,Other,C1,N3,1.8,Company Website,2021-11-05,Interviewing
CAN000092,Daniel,,Smith,1984-05-19,Non-binary,Filipino,Filipino,Japan,Bachelor's Degree,Education,C1,N3,0.9,Career Fair,2021-08-19,Hired
CAN000093,Matthew,,Jackson,1991-07-15,Female,French,French,French,Diploma,Psychology,C2,None,5.4,Career Fair,2021-06-18,Withdrawn
CAN000094,Jessica,,Martinez,1991-11-06,Prefer not to say,British,British,Japan,Master's Degree,Linguistics,C1,N3,4.6,Career Fair,2021-06-10,Withdrawn
CAN000095,Sarah,,Jackson,1976-11-21,Prefer not to say,American,American,Japan,Master's Degree,Linguistics,Native,N1,8.0,LinkedIn,2024-10-02,Withdrawn
CAN000096,Emily,,White,1996-07-05,Non-binary,Australian,Japan,Japan,Bachelor's Degree,Other,B2,N1,4.3,LinkedIn,2021-12-14,Withdrawn
CAN000097,Jose,,Rodriguez,1985-08-07,Non-binary,Canadian,Japan,Japan,Bachelor's Degree,Psychology,Native,N3,10.5,Referral,2023-07-17,Rejected
CAN000098,Matthew,,Taylor,1979-03-06,Non-binary,French,French,Japan,Master's Degree,Business,C1,N2,2.8,Indeed,2022-11-10,Withdrawn
CAN000099,Ana,,Walker,1990-04-12,Prefer not to say,French,French,French,Diploma,English,C2,N1,1.7,LinkedIn,2025-12-10,Hired
CAN000100,Emily,,Miller,2002-06-18,Non-binary,Brazilian,Brazilian,Brazilian,Master's Degree,Linguistics,B2,N1,1.8,Recruitment Agency,2022-02-25,Hired
CAN000101,Hannah,,Sanchez,2001-08-12,Non-binary,Spanish,Spanish,Japan,Bachelor's Degree,Linguistics,C2,None,3.8,Company Website,2021-04-20,Withdrawn
CAN000102,Ana,,Gonzalez,1979-01-10,Prefer not to say,Canadian,Canadian,Canadian,Bachelor's Degree,Education,Native,N3,2.6,Indeed,2026-04-20,Available
CAN000103,Sofia,,Jackson,1991-07-04,Male,British,British,Japan,Diploma,Education,Native,N2,7.2,Company Website,2024-03-26,Available
CAN000104,Christopher,,Sanchez,1997-03-10,Female,Mexican,Mexican,Japan,Master's Degree,Other,Native,N1,11.7,Company Website,2025-10-25,Available
CAN000105,Thomas,,Davis,2000-09-18,Male,Spanish,Spanish,Spanish,Associate Degree,Linguistics,Native,N3,9.5,LinkedIn,2021-03-25,Rejected
CAN000106,Sofia,,Thompson,1995-02-25,Non-binary,Canadian,Japan,Japan,Master's Degree,Other,B2,N2,7.6,Career Fair,2024-09-23,Rejected
CAN000107,Luis,,White,1999-08-02,Female,British,Japan,Japan,Associate Degree,Linguistics,B2,N1,5.7,Company Website,2024-04-16,Rejected
CAN000108,Andres,,Brown,2002-01-28,Non-binary,Australian,Australian,Japan,Diploma,Other,B2,N2,4.1,Indeed,2024-09-21,Interviewing
CAN000109,Jessica,,Miller,1986-09-09,Female,Spanish,Spanish,Japan,Associate Degree,Education,Native,N3,7.9,LinkedIn,2021-12-05,Interviewing
CAN000110,Matthew,,White,1988-03-23,Non-binary,Filipino,Filipino,Japan,Diploma,Linguistics,Native,None,8.1,Recruitment Agency,2025-12-24,Withdrawn
CAN000111,John,,Walker,1998-11-06,Prefer not to say,Canadian,Canadian,Canadian,Bachelor's Degree,English,C1,N3,4.6,Referral,2021-05-08,Hired
CAN000112,Matthew,,Gonzalez,1996-08-12,Female,French,French,French,Diploma,Linguistics,C1,Basic,11.5,Company Website,2025-03-04,Rejected
CAN000113,William,,Davis,1987-09-04,Female,Australian,Japan,Japan,Associate Degree,Other,B2,Basic,1.5,Career Fair,2023-12-09,Hired
CAN000114,Daniel,,Perez,2003-12-15,Male,Filipino,Filipino,Japan,Associate Degree,Linguistics,C2,Basic,9.5,Referral,2021-12-26,Rejected
CAN000115,Daniel,,Rodriguez,2000-03-08,Non-binary,Mexican,Mexican,Japan,Master's Degree,Psychology,Native,None,3.7,Job Board,2026-07-17,Interviewing
CAN000116,John,,Johnson,1999-07-27,Male,Canadian,Canadian,Canadian,Associate Degree,English,C2,Basic,5.2,Career Fair,2021-10-30,Hired
CAN000117,Laura,,Lopez,1991-03-10,Female,Canadian,Canadian,Japan,Associate Degree,Education,C1,Basic,7.6,Referral,2022-11-06,Withdrawn
CAN000118,Alejandro,,Smith,1984-10-18,Female,Brazilian,Brazilian,Japan,Associate Degree,Psychology,Native,None,1.0,Job Board,2022-01-18,Available
CAN000119,Diego,,Smith,1981-10-14,Non-binary,French,French,French,Associate Degree,Business,C2,N2,3.6,Company Website,2021-05-05,Hired
CAN000120,Jose,,Anderson,1988-08-15,Non-binary,Filipino,Japan,Japan,Associate Degree,Other,C1,N2,1.6,LinkedIn,2023-04-16,Available
CAN000121,Thomas,,Lopez,1985-04-15,Female,Australian,Australian,Japan,Associate Degree,Business,B2,Basic,11.6,Indeed,2022-05-17,Withdrawn
CAN000122,Hannah,,Moore,1998-06-07,Prefer not to say,French,French,French,Associate Degree,Business,Native,None,11.3,Referral,2022-10-15,Interviewing
CAN000123,Marco,,Rodriguez,1993-06-02,Prefer not to say,Australian,Australian,Japan,Bachelor's Degree,Education,B2,Basic,10.6,Job Board,2021-07-27,Withdrawn
CAN000124,Maria,,Taylor,1986-01-13,Non-binary,Japanese,Japanese,Japan,Bachelor's Degree,Business,B2,N1,3.4,Referral,2021-07-29,Available
CAN000125,Daniel,,Gonzalez,1978-07-12,Female,Brazilian,Brazilian,Brazilian,Diploma,Psychology,Native,None,0.5,Job Board,2024-10-20,Withdrawn
CAN000126,Ana,,Miller,1991-08-05,Non-binary,Filipino,Filipino,Filipino,Associate Degree,Psychology,C1,N1,9.9,Referral,2022-07-27,Interviewing
CAN000127,Jessica,,Moore,1984-08-27,Male,Filipino,Japan,Japan,Associate Degree,Other,Native,N1,5.7,Job Board,2021-03-10,Available
CAN000128,Christopher,,Sanchez,1998-01-19,Prefer not to say,Canadian,Canadian,Japan,Master's Degree,Education,Native,Basic,0.2,LinkedIn,2026-05-22,Interviewing
CAN000129,Alejandro,,Johnson,1997-04-14,Female,Mexican,Mexican,Japan,Diploma,Psychology,B2,N3,11.5,Recruitment Agency,2026-04-16,Available
CAN000130,David,,Wilson,1986-11-25,Female,Japanese,Japanese,Japan,Associate Degree,English,C1,N3,8.5,Job Board,2023-12-19,Interviewing
CAN000131,David,,Miller,1986-09-26,Prefer not to say,Australian,Japan,Japan,Diploma,Linguistics,C2,N3,0.5,Job Board,2024-01-26,Hired
CAN000132,James,,King,1989-11-09,Non-binary,British,Japan,Japan,Associate Degree,English,Native,N1,8.9,Indeed,2026-05-17,Rejected
CAN000133,Miguel,,Thompson,2003-09-08,Non-binary,Mexican,Mexican,Japan,Bachelor's Degree,Other,C2,None,11.6,Indeed,2023-08-12,Interviewing
CAN000134,Emily,,King,2003-08-16,Male,Australian,Japan,Japan,Bachelor's Degree,Other,C2,N1,8.9,Career Fair,2023-03-28,Hired
CAN000135,Hannah,,King,1980-07-27,Prefer not to say,Mexican,Japan,Mexican,Master's Degree,Other,C1,None,0.1,Referral,2022-12-22,Available
CAN000136,Daniel,,King,1985-05-15,Prefer not to say,Canadian,Canadian,Canadian,Bachelor's Degree,Linguistics,C2,N2,7.8,Job Board,2026-07-17,Rejected
CAN000137,Carlos,,Martin,1985-05-19,Prefer not to say,Canadian,Japan,Japan,Associate Degree,Education,B2,None,2.2,Indeed,2023-03-03,Interviewing
CAN000138,David,,King,1982-01-09,Non-binary,British,Japan,Japan,Associate Degree,Psychology,Native,N3,7.8,Job Board,2025-04-21,Rejected
CAN000139,Miguel,,Thompson,1978-08-10,Non-binary,Spanish,Spanish,Japan,Associate Degree,Linguistics,C2,Basic,11.5,Recruitment Agency,2022-10-17,Rejected
CAN000140,Daniel,,Martin,1994-06-14,Female,Brazilian,Japan,Brazilian,Bachelor's Degree,Psychology,B2,N1,8.4,Company Website,2026-04-13,Available
CAN000141,Daniel,,Hernandez,2001-09-17,Female,Japanese,Japanese,Japan,Diploma,Education,C2,N1,5.9,Referral,2023-04-09,Interviewing
CAN000142,Ana,,Hernandez,1989-03-17,Prefer not to say,French,French,Japan,Associate Degree,Other,Native,N2,3.1,Company Website,2025-08-29,Rejected
CAN000143,Christopher,,Martinez,1976-07-12,Male,Brazilian,Japan,Brazilian,Diploma,Education,C1,N2,2.2,Indeed,2021-09-19,Interviewing
CAN000144,James,,Young,1987-08-28,Female,Spanish,Spanish,Japan,Associate Degree,Education,C2,N1,4.7,Indeed,2025-03-27,Rejected
CAN000145,Laura,,Garcia,1999-01-10,Prefer not to say,Brazilian,Japan,Japan,Master's Degree,Business,C1,Basic,3.3,Job Board,2026-03-12,Hired
CAN000146,Miguel,,Walker,1996-07-20,Male,British,British,Japan,Diploma,Psychology,Native,Basic,8.9,Recruitment Agency,2021-03-06,Interviewing
CAN000147,Marco,,Wilson,1981-01-05,Non-binary,British,British,British,Associate Degree,English,C1,Basic,11.8,Referral,2024-03-30,Rejected
CAN000148,Robert,,Torres,1983-01-18,Male,Spanish,Japan,Japan,Diploma,Psychology,C1,N2,4.9,LinkedIn,2022-12-19,Interviewing
CAN000149,Jose,,Lee,1992-08-08,Female,Australian,Japan,Australian,Bachelor's Degree,Psychology,B2,N2,6.7,Indeed,2023-07-13,Interviewing
CAN000150,Marco,,Ramirez,1981-06-21,Male,French,French,French,Master's Degree,Education,C1,N2,8.1,Referral,2021-11-20,Hired
CAN000151,Emma,,Martinez,1981-10-24,Non-binary,French,French,Japan,Bachelor's Degree,English,C2,None,9.0,Career Fair,2023-06-08,Interviewing
CAN000152,Hannah,,Sanchez,1997-10-23,Non-binary,Spanish,Japan,Spanish,Diploma,Business,C1,N3,3.1,Referral,2023-04-18,Interviewing
CAN000153,Daniel,,Lopez,2000-12-16,Prefer not to say,British,British,Japan,Master's Degree,Other,C2,None,3.1,Referral,2024-08-04,Available
CAN000154,Sofia,,Johnson,1984-03-07,Female,British,British,Japan,Associate Degree,Linguistics,B2,N2,5.5,Job Board,2024-09-13,Withdrawn
CAN000155,Jose,,Gonzalez,1998-09-16,Male,Brazilian,Brazilian,Brazilian,Bachelor's Degree,Other,Native,None,4.9,Career Fair,2023-01-24,Rejected
CAN000156,Luis,,White,1979-01-07,Prefer not to say,Filipino,Filipino,Japan,Bachelor's Degree,Education,B2,None,0.2,Job Board,2026-02-11,Withdrawn
CAN000157,Thomas,,Torres,1975-09-27,Male,Canadian,Canadian,Japan,Master's Degree,English,C1,N3,3.2,Recruitment Agency,2025-10-30,Hired
CAN000158,James,,Taylor,1989-10-08,Male,Australian,Australian,Japan,Bachelor's Degree,Education,B2,N2,4.5,Recruitment Agency,2023-07-15,Hired
CAN000159,Emily,,Garcia,1997-03-03,Non-binary,Spanish,Spanish,Japan,Bachelor's Degree,Psychology,Native,Basic,2.5,Career Fair,2026-08-10,Available
CAN000160,William,,Ramirez,1976-02-22,Male,Brazilian,Brazilian,Japan,Associate Degree,Education,C2,N1,1.7,Career Fair,2024-02-23,Interviewing
CAN000161,Hannah,,Martinez,1984-03-19,Prefer not to say,Japanese,Japanese,Japanese,Associate Degree,Business,C2,None,6.0,LinkedIn,2023-09-12,Hired
CAN000162,Daniel,,Johnson,1982-02-11,Non-binary,Filipino,Japan,Japan,Diploma,Business,C2,N3,6.6,Recruitment Agency,2025-06-13,Interviewing
CAN000163,Jose,,Thompson,1993-11-13,Female,Japanese,Japanese,Japan,Bachelor's Degree,Linguistics,C2,N2,8.5,Job Board,2021-12-18,Rejected
CAN000164,Sofia,,Taylor,1985-06-04,Prefer not to say,Mexican,Mexican,Mexican,Associate Degree,Education,C2,None,2.2,Recruitment Agency,2022-01-10,Available
CAN000165,Thomas,,Davis,1988-02-01,Non-binary,Filipino,Japan,Japan,Bachelor's Degree,Linguistics,B2,N2,9.4,Job Board,2022-01-03,Available
CAN000166,Olivia,,Sanchez,1993-09-06,Non-binary,Canadian,Canadian,Japan,Master's Degree,Education,C2,N2,3.3,LinkedIn,2025-04-09,Interviewing
CAN000167,Ana,,Martinez,1986-05-08,Prefer not to say,Japanese,Japanese,Japan,Associate Degree,Education,B2,N3,10.1,Recruitment Agency,2026-07-24,Withdrawn
CAN000168,Daniel,,Williams,1988-11-20,Female,Australian,Australian,Japan,Master's Degree,Business,C1,N3,8.8,Job Board,2022-07-12,Interviewing
CAN000169,Christopher,,Walker,1982-06-13,Female,Spanish,Spanish,Japan,Master's Degree,Other,Native,N2,11.3,Indeed,2024-02-23,Interviewing
CAN000170,Ana,,Torres,2001-12-03,Non-binary,French,French,Japan,Master's Degree,Other,B2,N2,0.9,Referral,2025-08-03,Interviewing
CAN000171,Christopher,,Taylor,1992-09-28,Non-binary,Brazilian,Brazilian,Japan,Bachelor's Degree,Education,C2,N3,2.0,Referral,2025-09-10,Hired
CAN000172,Christopher,,Smith,1996-11-13,Male,Spanish,Spanish,Japan,Master's Degree,Business,C1,N2,5.6,Job Board,2024-09-20,Available
CAN000173,Jessica,,Davis,1979-06-01,Male,American,American,Japan,Master's Degree,Linguistics,C1,N3,5.5,Indeed,2026-06-01,Available
CAN000174,William,,Brown,1990-02-15,Male,Filipino,Japan,Japan,Bachelor's Degree,Education,C1,None,8.1,Indeed,2026-01-28,Rejected
CAN000175,John,,Perez,1992-03-11,Prefer not to say,French,French,Japan,Master's Degree,Other,B2,N2,0.4,Referral,2025-10-13,Rejected
CAN000176,Daniel,,Moore,1988-07-01,Male,British,British,Japan,Master's Degree,Linguistics,C1,Basic,5.5,LinkedIn,2023-05-30,Interviewing
CAN000177,John,,Smith,1985-10-13,Non-binary,Japanese,Japan,Japan,Master's Degree,Other,C1,N1,7.1,Job Board,2025-05-27,Rejected
CAN000178,David,,Lopez,1982-05-04,Prefer not to say,Filipino,Filipino,Japan,Master's Degree,Psychology,B2,N2,2.2,Job Board,2023-01-20,Available
CAN000179,Jessica,,King,1995-03-18,Female,French,French,Japan,Diploma,Psychology,Native,N3,11.4,Recruitment Agency,2022-11-15,Rejected
CAN000180,Juan,,Hall,1987-09-17,Prefer not to say,Spanish,Spanish,Japan,Diploma,Business,C2,None,6.8,Career Fair,2026-07-21,Rejected
CAN000181,Andres,,Hernandez,1983-04-18,Prefer not to say,Canadian,Canadian,Canadian,Bachelor's Degree,Psychology,Native,N3,9.3,Career Fair,2024-03-28,Withdrawn
CAN000182,Thomas,,Hall,1999-01-25,Prefer not to say,Brazilian,Brazilian,Japan,Master's Degree,Linguistics,Native,N2,3.2,Career Fair,2025-12-13,Hired
CAN000183,Daniel,,Allen,1978-04-07,Female,Japanese,Japanese,Japan,Master's Degree,English,Native,N1,4.2,LinkedIn,2024-12-07,Available
CAN000184,Thomas,,Perez,1985-12-10,Male,Japanese,Japanese,Japan,Diploma,Education,C1,Basic,8.4,Indeed,2024-03-31,Rejected
CAN000185,Alejandro,,White,1985-04-25,Non-binary,French,French,Japan,Diploma,Business,Native,None,4.8,Job Board,2025-05-28,Withdrawn
CAN000186,Jessica,,King,2003-06-15,Male,Filipino,Filipino,Japan,Diploma,Other,C1,None,9.5,Recruitment Agency,2026-06-23,Rejected
CAN000187,Robert,,Hall,1981-08-09,Female,Australian,Australian,Japan,Diploma,Linguistics,Native,None,1.2,Career Fair,2024-08-15,Interviewing
CAN000188,Carlos,,Lopez,2002-03-15,Prefer not to say,Mexican,Mexican,Mexican,Master's Degree,Other,C1,Basic,10.5,LinkedIn,2026-02-13,Hired
CAN000189,Emily,,Brown,1983-02-12,Non-binary,Mexican,Mexican,Japan,Master's Degree,Business,Native,None,0.0,Recruitment Agency,2022-11-09,Hired
CAN000190,Alejandro,,Moore,1982-09-22,Non-binary,Mexican,Japan,Japan,Diploma,Other,C2,N2,0.8,Recruitment Agency,2025-12-28,Hired
CAN000191,Sofia,,Walker,1978-02-11,Female,Australian,Australian,Japan,Master's Degree,Education,Native,N1,7.8,Recruitment Agency,2025-02-14,Withdrawn
CAN000192,Sofia,,Rodriguez,1995-12-05,Female,Japanese,Japanese,Japan,Bachelor's Degree,English,Native,N1,8.8,LinkedIn,2025-08-14,Interviewing
CAN000193,David,,Walker,1979-04-09,Non-binary,British,Japan,Japan,Bachelor's Degree,Other,C1,Basic,6.2,Referral,2021-12-12,Rejected
CAN000194,Sofia,,Taylor,1984-11-02,Female,French,French,Japan,Bachelor's Degree,Psychology,Native,N3,11.2,Indeed,2023-09-08,Interviewing
CAN000195,Emma,,Hall,1993-07-12,Male,French,French,French,Bachelor's Degree,Education,C1,Basic,0.5,Company Website,2022-12-09,Interviewing
CAN000196,John,,Torres,1995-12-17,Male,Spanish,Spanish,Japan,Master's Degree,Linguistics,Native,N3,0.9,Indeed,2025-08-29,Rejected
CAN000197,Thomas,,Williams,1987-10-21,Female,Australian,Australian,Japan,Bachelor's Degree,Business,Native,N2,7.3,Company Website,2021-09-28,Withdrawn
CAN000198,Sarah,,Martin,1996-12-06,Male,Mexican,Mexican,Japan,Associate Degree,Psychology,C1,Basic,4.5,Job Board,2022-05-05,Withdrawn
CAN000199,Sofia,,Young,1978-01-11,Non-binary,Australian,Australian,Japan,Bachelor's Degree,Business,B2,N1,4.3,Recruitment Agency,2025-10-25,Available
CAN000200,Jose,,Brown,1980-05-25,Male,Japanese,Japanese,Japan,Bachelor's Degree,Education,Native,Basic,0.6,LinkedIn,2022-02-26,Interviewing
CAN000201,Hannah,,Gonzalez,1980-01-18,Prefer not to say,British,Japan,Japan,Associate Degree,Linguistics,Native,N1,4.5,Referral,2025-09-14,Hired
CAN000202,Jose,,Sanchez,2000-09-02,Non-binary,American,Japan,American,Associate Degree,Linguistics,Native,N1,5.5,LinkedIn,2025-07-01,Rejected
CAN000203,Andres,,Moore,2000-05-24,Prefer not to say,French,Japan,Japan,Master's Degree,Other,C2,Basic,0.1,Recruitment Agency,2023-09-21,Hired
CAN000204,Marco,,Wilson,1986-11-27,Prefer not to say,Filipino,Japan,Japan,Associate Degree,Education,C2,N1,11.8,Recruitment Agency,2021-02-09,Interviewing
CAN000205,Miguel,,Gonzalez,1997-05-03,Prefer not to say,British,British,British,Associate Degree,Business,Native,N1,1.1,Indeed,2021-06-29,Interviewing
CAN000206,Luis,,Moore,1993-01-14,Non-binary,British,Japan,Japan,Diploma,Other,C1,N3,5.4,Indeed,2022-06-20,Hired
CAN000207,Juan,,Gonzalez,1999-10-04,Prefer not to say,American,American,Japan,Bachelor's Degree,Psychology,C1,Basic,5.4,Recruitment Agency,2022-09-29,Withdrawn
CAN000208,Emma,,Lopez,1977-03-26,Non-binary,Japanese,Japanese,Japan,Master's Degree,Linguistics,B2,N1,0.6,LinkedIn,2024-05-31,Withdrawn
CAN000209,Laura,,Perez,1975-07-28,Female,Brazilian,Brazilian,Brazilian,Bachelor's Degree,English,Native,None,0.7,Career Fair,2026-01-27,Rejected
CAN000210,Alejandro,,Rodriguez,2001-07-12,Male,Japanese,Japanese,Japan,Bachelor's Degree,English,B2,Basic,1.1,Career Fair,2021-12-11,Withdrawn
CAN000211,Daniel,,Hernandez,1989-01-06,Prefer not to say,Spanish,Spanish,Japan,Master's Degree,Linguistics,C2,Basic,3.3,Recruitment Agency,2025-11-10,Rejected
CAN000212,Miguel,,Jackson,1994-10-08,Prefer not to say,French,French,Japan,Associate Degree,Business,C2,N2,2.4,Career Fair,2024-04-23,Available
CAN000213,Marco,,Smith,2000-09-26,Non-binary,Spanish,Spanish,Spanish,Diploma,Linguistics,C1,N2,3.2,Company Website,2021-03-21,Withdrawn
CAN000214,Matthew,,Sanchez,1975-05-02,Female,Brazilian,Japan,Japan,Bachelor's Degree,English,C2,N3,6.4,Career Fair,2026-04-17,Hired
CAN000215,Maria,,Sanchez,1993-07-12,Non-binary,Canadian,Japan,Japan,Associate Degree,Psychology,Native,N3,11.4,Referral,2022-12-13,Rejected
CAN000216,Christopher,,Rodriguez,2001-08-18,Male,Canadian,Canadian,Japan,Master's Degree,Education,B2,None,4.0,Referral,2024-06-19,Rejected
CAN000217,Ana,,Gonzalez,1985-12-06,Female,Mexican,Japan,Japan,Associate Degree,Education,C1,N2,7.0,LinkedIn,2024-08-18,Withdrawn
CAN000218,David,,Gonzalez,1980-12-14,Non-binary,Filipino,Filipino,Japan,Master's Degree,Business,C1,N3,1.5,Job Board,2026-06-19,Hired
CAN000219,Jessica,,Moore,1987-10-02,Female,Japanese,Japanese,Japan,Bachelor's Degree,Business,C2,N3,8.9,Indeed,2023-01-16,Withdrawn
CAN000220,David,,Perez,1995-02-27,Female,French,French,Japan,Bachelor's Degree,Linguistics,C1,None,8.6,Company Website,2024-10-07,Interviewing
CAN000221,Daniel,,Martin,1988-03-14,Prefer not to say,Spanish,Spanish,Japan,Diploma,Psychology,C2,Basic,5.4,Career Fair,2026-07-13,Hired
CAN000222,Andres,,Garcia,1985-05-04,Prefer not to say,Filipino,Filipino,Japan,Bachelor's Degree,Psychology,Native,N3,7.1,Referral,2021-10-31,Interviewing
CAN000223,Jessica,,Garcia,1988-11-06,Non-binary,Canadian,Canadian,Japan,Master's Degree,Business,C1,N3,3.6,Company Website,2025-11-14,Hired
CAN000224,Michael,,Moore,1992-08-05,Male,Filipino,Filipino,Japan,Diploma,English,Native,None,2.5,Job Board,2021-08-12,Withdrawn
CAN000225,Luis,,Miller,2002-02-10,Non-binary,French,French,Japan,Diploma,English,C1,N2,4.4,Recruitment Agency,2025-06-17,Hired
CAN000226,Diego,,Anderson,1989-05-08,Male,Japanese,Japanese,Japan,Associate Degree,Psychology,B2,N1,2.7,Company Website,2024-01-06,Interviewing
CAN000227,Laura,,Davis,1988-09-22,Prefer not to say,Japanese,Japanese,Japanese,Diploma,Other,Native,N1,6.9,Referral,2026-04-29,Available
CAN000228,Sarah,,Jackson,1979-02-25,Female,Canadian,Japan,Canadian,Master's Degree,English,Native,N2,0.9,Job Board,2026-01-14,Interviewing
CAN000229,Juan,,Hall,1995-03-27,Male,Filipino,Filipino,Filipino,Diploma,Psychology,C1,N3,6.2,Career Fair,2023-11-23,Hired
CAN000230,Ana,,White,1994-10-17,Female,American,American,Japan,Bachelor's Degree,Education,Native,N3,10.4,LinkedIn,2025-09-15,Interviewing
CAN000231,Diego,,Taylor,1995-08-19,Prefer not to say,Mexican,Mexican,Japan,Diploma,Education,B2,N3,8.3,Company Website,2026-04-22,Interviewing
CAN000232,Hannah,,Ramirez,2003-06-01,Prefer not to say,Australian,Japan,Japan,Bachelor's Degree,English,C2,N3,11.7,Recruitment Agency,2024-10-15,Withdrawn
CAN000233,Diego,,Martin,1988-10-21,Prefer not to say,British,British,Japan,Associate Degree,Education,C2,None,3.7,Referral,2022-01-01,Interviewing
CAN000234,Alejandro,,Lee,2002-09-19,Female,Canadian,Japan,Japan,Master's Degree,Education,B2,None,11.0,Job Board,2021-04-29,Rejected
CAN000235,Diego,,Brown,2001-08-17,Female,American,American,Japan,Diploma,English,B2,N1,6.6,LinkedIn,2025-06-14,Rejected
CAN000236,Laura,,Young,1983-12-27,Male,Australian,Australian,Japan,Master's Degree,English,C2,Basic,3.2,Recruitment Agency,2022-01-06,Available
CAN000237,Carlos,,Allen,1999-11-01,Male,Canadian,Canadian,Japan,Associate Degree,Other,C1,N2,10.7,Career Fair,2026-04-26,Withdrawn
CAN000238,Daniel,,Ramirez,1981-08-10,Non-binary,Japanese,Japanese,Japan,Associate Degree,Linguistics,Native,N2,0.8,LinkedIn,2025-06-15,Withdrawn
CAN000239,Emma,,Ramirez,1983-11-23,Female,British,Japan,Japan,Diploma,Other,C1,Basic,8.7,Job Board,2024-05-08,Interviewing
CAN000240,Andres,,Ramirez,1988-07-13,Female,Japanese,Japanese,Japan,Master's Degree,Other,B2,N3,6.1,Career Fair,2021-05-25,Rejected
CAN000241,Laura,,Thompson,2003-09-06,Non-binary,American,American,Japan,Master's Degree,Other,C1,None,2.7,Indeed,2024-04-18,Withdrawn
CAN000242,Robert,,Walker,2003-06-12,Male,Japanese,Japanese,Japan,Bachelor's Degree,Business,C2,N1,1.4,Job Board,2023-12-04,Interviewing
CAN000243,John,,Torres,1988-01-28,Non-binary,Canadian,Canadian,Canadian,Diploma,English,C1,Basic,9.3,Recruitment Agency,2022-09-10,Withdrawn
CAN000244,Emily,,Perez,1985-11-02,Female,French,French,Japan,Master's Degree,Business,Native,Basic,7.4,Job Board,2021-01-20,Interviewing
CAN000245,Michael,,Johnson,1990-07-01,Non-binary,Brazilian,Japan,Japan,Associate Degree,Psychology,C2,None,8.1,Job Board,2021-06-04,Rejected
CAN000246,Marco,,White,2003-06-10,Non-binary,American,American,Japan,Bachelor's Degree,Linguistics,C1,N2,8.7,Referral,2022-06-13,Available
CAN000247,David,,Johnson,2003-11-05,Female,French,French,Japan,Diploma,Education,C2,Basic,8.7,Indeed,2024-11-04,Rejected
CAN000248,Sofia,,Garcia,1993-09-06,Male,Filipino,Filipino,Japan,Associate Degree,Psychology,Native,N1,11.9,Job Board,2022-05-20,Hired
CAN000249,Emily,,Hall,1975-01-23,Male,Spanish,Spanish,Japan,Diploma,Other,C2,Basic,8.3,Job Board,2022-04-20,Hired
CAN000250,Andres,,Johnson,1996-02-22,Female,Japanese,Japanese,Japan,Bachelor's Degree,Psychology,Native,N3,1.4,Company Website,2024-01-11,Interviewing
CAN000251,Juan,,Jackson,1981-05-27,Non-binary,Filipino,Filipino,Japan,Diploma,English,B2,N3,2.8,Company Website,2023-04-07,Hired
CAN000252,Hannah,,Lopez,2001-10-22,Male,Canadian,Canadian,Canadian,Bachelor's Degree,Linguistics,C2,N2,11.9,LinkedIn,2026-07-17,Withdrawn
CAN000253,Daniel,,Hernandez,1978-03-28,Non-binary,Australian,Australian,Japan,Bachelor's Degree,Education,Native,None,10.2,Job Board,2021-06-11,Rejected
CAN000254,David,,Brown,2003-08-20,Non-binary,American,American,Japan,Diploma,Business,B2,N3,10.0,Job Board,2024-01-04,Interviewing
CAN000255,Ana,,Johnson,1995-03-04,Female,Mexican,Mexican,Mexican,Diploma,Psychology,B2,Basic,7.3,Career Fair,2022-06-27,Withdrawn
CAN000256,Matthew,,Garcia,2002-11-27,Male,French,Japan,French,Diploma,Education,Native,N3,7.9,Company Website,2022-06-20,Available
CAN000257,Maria,,Martin,1993-12-19,Male,Filipino,Filipino,Japan,Master's Degree,Business,C1,N2,1.8,Career Fair,2023-07-07,Available
CAN000258,Olivia,,Jackson,1976-01-21,Prefer not to say,Brazilian,Japan,Brazilian,Bachelor's Degree,Business,C1,Basic,4.0,LinkedIn,2022-10-05,Hired
CAN000259,John,,Sanchez,1992-11-13,Prefer not to say,British,Japan,Japan,Diploma,Education,B2,N2,3.8,Recruitment Agency,2025-07-10,Hired
CAN000260,Daniel,,Taylor,1988-01-18,Non-binary,American,Japan,American,Master's Degree,Other,B2,N3,4.4,Company Website,2021-01-01,Rejected
CAN000261,Emma,,Anderson,1985-09-25,Male,Filipino,Filipino,Japan,Master's Degree,Education,C1,N3,10.0,Career Fair,2026-04-22,Withdrawn
CAN000262,Thomas,,Davis,1986-12-04,Prefer not to say,Canadian,Canadian,Japan,Master's Degree,English,Native,N2,2.6,Career Fair,2021-07-07,Rejected
CAN000263,Jessica,,Williams,1978-07-02,Female,French,Japan,Japan,Bachelor's Degree,Psychology,Native,N1,11.2,Career Fair,2022-05-20,Available
CAN000264,William,,King,1991-03-23,Non-binary,Canadian,Canadian,Japan,Diploma,Business,C2,N3,4.8,LinkedIn,2022-12-13,Withdrawn
CAN000265,Daniel,,Walker,1979-03-14,Female,Brazilian,Brazilian,Brazilian,Associate Degree,Other,C1,Basic,11.8,Job Board,2024-05-09,Rejected
CAN000266,John,,Wilson,1997-11-11,Prefer not to say,Filipino,Filipino,Japan,Associate Degree,Business,Native,N1,1.3,Recruitment Agency,2022-04-18,Rejected
CAN000267,Miguel,,Thompson,1976-04-09,Female,Australian,Japan,Japan,Associate Degree,English,Native,N3,9.8,Company Website,2022-10-22,Available
CAN000268,Emma,,Thompson,1998-09-28,Non-binary,Brazilian,Brazilian,Japan,Bachelor's Degree,Business,B2,N2,11.5,Job Board,2023-07-08,Withdrawn
CAN000269,Thomas,,Hernandez,1975-12-09,Prefer not to say,Japanese,Japan,Japanese,Associate Degree,Psychology,C2,Basic,3.5,Indeed,2023-04-12,Hired
CAN000270,Jose,,Perez,1998-09-04,Non-binary,Mexican,Mexican,Japan,Associate Degree,Education,C1,N2,8.5,Indeed,2025-03-26,Hired
CAN000271,Alejandro,,King,1985-10-02,Non-binary,French,French,French,Associate Degree,Psychology,C2,Basic,6.2,Career Fair,2024-05-18,Available
CAN000272,Jose,,Johnson,1992-09-13,Female,Filipino,Filipino,Japan,Associate Degree,Linguistics,C1,Basic,11.4,Referral,2022-01-12,Available
CAN000273,William,,Wilson,2001-11-01,Female,Filipino,Japan,Japan,Associate Degree,Business,Native,N2,3.1,Job Board,2022-04-15,Withdrawn
CAN000274,Carlos,,King,1991-06-17,Female,French,French,Japan,Bachelor's Degree,Education,C2,N1,6.4,Job Board,2025-12-31,Hired
CAN000275,Juan,,Thompson,1995-04-28,Prefer not to say,American,American,Japan,Bachelor's Degree,Other,C2,None,5.5,LinkedIn,2025-10-04,Hired
CAN000276,Luis,,Martinez,1976-03-26,Female,Brazilian,Japan,Japan,Diploma,Business,B2,N2,5.2,Company Website,2023-10-29,Interviewing
CAN000277,Sarah,,Lopez,1992-01-21,Male,Japanese,Japanese,Japan,Bachelor's Degree,Linguistics,C1,N1,1.0,Career Fair,2021-09-17,Interviewing
CAN000278,Michael,,Taylor,2001-11-01,Female,Canadian,Canadian,Japan,Associate Degree,Other,C2,N3,8.1,Career Fair,2026-04-26,Withdrawn
CAN000279,Carlos,,Wilson,2002-09-05,Prefer not to say,Mexican,Mexican,Japan,Bachelor's Degree,Linguistics,C2,N3,2.5,Job Board,2022-05-20,Available
CAN000280,Alejandro,,Perez,1980-04-20,Male,British,Japan,Japan,Diploma,Other,Native,N3,8.1,LinkedIn,2023-11-02,Hired
CAN000281,Juan,,Martin,1993-08-11,Female,Canadian,Canadian,Japan,Bachelor's Degree,English,C1,N2,5.4,Referral,2025-01-02,Withdrawn
CAN000282,Jessica,,Moore,1979-10-19,Female,Filipino,Filipino,Filipino,Master's Degree,English,B2,N3,10.1,Indeed,2025-02-01,Withdrawn
CAN000283,Olivia,,Miller,1989-08-12,Female,French,French,Japan,Bachelor's Degree,Linguistics,C2,N1,2.4,Job Board,2024-06-05,Hired
CAN000284,Sofia,,Martinez,2003-01-28,Female,Japanese,Japan,Japan,Associate Degree,Psychology,B2,Basic,4.4,Indeed,2021-05-08,Available
CAN000285,Sofia,,Allen,1984-03-15,Male,Spanish,Spanish,Japan,Master's Degree,Psychology,C2,N2,1.9,Referral,2022-01-06,Available
CAN000286,Sarah,,Allen,1979-12-24,Prefer not to say,Filipino,Filipino,Japan,Associate Degree,Linguistics,C2,None,8.0,Referral,2026-06-04,Withdrawn
CAN000287,Michael,,Miller,1989-01-02,Non-binary,American,Japan,Japan,Associate Degree,Psychology,C2,N2,7.8,LinkedIn,2024-08-20,Available
CAN000288,Emily,,Young,2001-02-17,Female,Spanish,Spanish,Spanish,Associate Degree,Linguistics,B2,N2,10.6,Company Website,2023-10-28,Available
CAN000289,Olivia,,Gonzalez,1989-03-08,Female,Brazilian,Brazilian,Japan,Master's Degree,Linguistics,Native,Basic,5.0,LinkedIn,2021-11-12,Hired
CAN000290,William,,Thompson,1990-08-07,Male,Spanish,Spanish,Japan,Master's Degree,English,Native,N1,1.8,Indeed,2022-10-23,Withdrawn
CAN000291,Hannah,,Perez,1991-07-20,Female,Australian,Australian,Australian,Diploma,Business,C2,Basic,10.0,Referral,2021-03-18,Rejected
CAN000292,Ana,,Moore,2001-03-20,Non-binary,Canadian,Japan,Canadian,Bachelor's Degree,English,B2,N2,1.6,Company Website,2023-12-20,Rejected
CAN000293,John,,Allen,1991-11-14,Prefer not to say,Japanese,Japan,Japan,Bachelor's Degree,Psychology,Native,None,5.8,Indeed,2022-09-05,Available
CAN000294,Thomas,,Hall,1975-11-21,Male,Brazilian,Brazilian,Japan,Diploma,English,B2,N2,4.2,Career Fair,2025-11-03,Available
CAN000295,Daniel,,Johnson,1979-05-16,Prefer not to say,American,American,Japan,Bachelor's Degree,Other,Native,N1,6.3,Referral,2023-08-11,Hired
CAN000296,Michael,,Smith,1981-12-26,Female,Spanish,Spanish,Japan,Associate Degree,Linguistics,B2,N1,4.4,LinkedIn,2024-07-17,Interviewing
CAN000297,Maria,,Rodriguez,1988-09-26,Prefer not to say,Canadian,Canadian,Japan,Associate Degree,Psychology,C1,N2,8.8,Career Fair,2026-05-31,Hired
CAN000298,Sofia,,Sanchez,1989-12-06,Non-binary,British,Japan,Japan,Bachelor's Degree,English,B2,None,9.7,Career Fair,2022-02-15,Rejected
CAN000299,William,,King,1994-07-03,Male,Australian,Australian,Japan,Diploma,Business,C1,N1,0.7,Career Fair,2021-09-20,Rejected
CAN000300,Emily,,Miller,1989-01-07,Female,British,British,Japan,Bachelor's Degree,Linguistics,C2,None,11.7,Company Website,2024-03-17,Withdrawn
CAN000301,Maria,,Taylor,1986-11-13,Male,Japanese,Japanese,Japan,Bachelor's Degree,Education,C1,N1,11.0,LinkedIn,2025-07-19,Withdrawn
CAN000302,Laura,,Ramirez,1982-10-07,Non-binary,Spanish,Spanish,Japan,Bachelor's Degree,Psychology,Native,N1,3.5,Company Website,2026-02-06,Available
CAN000303,Diego,,Young,1992-10-09,Female,Spanish,Japan,Japan,Diploma,Other,B2,N1,10.3,Recruitment Agency,2025-12-19,Hired
CAN000304,Diego,,Martinez,1987-11-26,Prefer not to say,British,Japan,British,Bachelor's Degree,Other,C1,Basic,3.4,Recruitment Agency,2023-06-22,Withdrawn
CAN000305,Luis,,Wilson,1980-08-11,Non-binary,British,British,British,Master's Degree,Business,C2,Basic,8.8,Career Fair,2024-12-19,Withdrawn
CAN000306,Juan,,Sanchez,1981-04-27,Male,Canadian,Japan,Canadian,Diploma,Psychology,Native,N1,11.5,Career Fair,2024-12-29,Interviewing
CAN000307,James,,Jackson,1985-08-19,Non-binary,French,French,Japan,Master's Degree,Education,B2,N2,11.3,Company Website,2024-01-31,Available
CAN000308,James,,Taylor,2002-11-25,Prefer not to say,French,French,French,Bachelor's Degree,Education,C2,N2,7.0,LinkedIn,2022-12-17,Withdrawn
CAN000309,Matthew,,Allen,1983-03-18,Non-binary,British,British,Japan,Diploma,Business,C2,N2,8.4,LinkedIn,2023-12-13,Withdrawn
CAN000310,Emma,,Taylor,1983-08-06,Male,Japanese,Japanese,Japan,Master's Degree,Psychology,B2,N2,2.4,Career Fair,2022-06-22,Rejected
CAN000311,William,,Walker,1975-03-14,Non-binary,Canadian,Japan,Canadian,Associate Degree,Linguistics,Native,N2,1.2,Indeed,2026-08-09,Hired
CAN000312,Juan,,Hall,1983-08-27,Non-binary,French,French,French,Associate Degree,Linguistics,Native,N2,1.5,Career Fair,2022-01-30,Available
CAN000313,Juan,,Moore,1993-11-21,Prefer not to say,Australian,Japan,Japan,Diploma,Education,B2,N1,3.4,Job Board,2022-12-16,Rejected
CAN000314,Emma,,Perez,1995-06-14,Non-binary,American,American,Japan,Associate Degree,Other,C1,N3,7.3,Recruitment Agency,2025-07-16,Withdrawn
CAN000315,Olivia,,Anderson,1999-06-24,Male,Spanish,Spanish,Japan,Master's Degree,Other,C1,None,2.5,Recruitment Agency,2026-01-19,Hired
CAN000316,Daniel,,Martinez,2003-08-18,Male,Mexican,Mexican,Mexican,Master's Degree,Education,B2,N3,2.8,Job Board,2021-08-09,Withdrawn
CAN000317,Daniel,,Smith,1979-03-17,Non-binary,Mexican,Japan,Japan,Associate Degree,Business,B2,N1,11.2,Referral,2022-11-30,Interviewing
CAN000318,Alejandro,,White,1992-03-19,Non-binary,Japanese,Japan,Japan,Diploma,Psychology,C2,None,5.3,LinkedIn,2026-02-14,Interviewing
CAN000319,Diego,,Gonzalez,1984-01-01,Male,Filipino,Filipino,Japan,Diploma,Business,C1,None,9.2,Career Fair,2022-07-13,Withdrawn
CAN000320,Matthew,,Sanchez,2000-01-18,Prefer not to say,British,British,Japan,Master's Degree,Other,B2,N2,2.6,Company Website,2025-03-11,Interviewing
CAN000321,Emily,,Sanchez,1991-10-26,Non-binary,Australian,Australian,Japan,Bachelor's Degree,English,C2,N3,1.3,Recruitment Agency,2024-01-19,Available
CAN000322,Daniel,,Ramirez,1997-10-16,Male,Filipino,Japan,Japan,Bachelor's Degree,English,Native,N3,3.2,Job Board,2023-02-09,Interviewing
CAN000323,Sofia,,Garcia,1982-02-05,Prefer not to say,French,French,Japan,Diploma,Linguistics,B2,None,4.0,Career Fair,2021-03-02,Rejected
CAN000324,Miguel,,Ramirez,1999-07-03,Non-binary,Canadian,Japan,Japan,Bachelor's Degree,Education,C2,N2,9.3,Recruitment Agency,2026-04-10,Rejected
CAN000325,Sofia,,Hernandez,1981-08-24,Female,Brazilian,Brazilian,Japan,Associate Degree,Linguistics,C2,None,8.9,Referral,2022-01-20,Available
CAN000326,Daniel,,Ramirez,1990-11-10,Female,Filipino,Japan,Filipino,Master's Degree,Other,B2,N3,0.2,Career Fair,2023-03-25,Withdrawn
CAN000327,Christopher,,Lopez,1987-04-01,Prefer not to say,Japanese,Japanese,Japanese,Master's Degree,Linguistics,Native,Basic,1.9,Company Website,2021-06-22,Available
CAN000328,David,,King,1999-11-02,Male,Filipino,Filipino,Japan,Master's Degree,Linguistics,C1,N2,8.8,Company Website,2021-09-02,Interviewing
CAN000329,James,,Martin,1979-05-02,Prefer not to say,French,French,Japan,Master's Degree,Psychology,C1,N3,8.8,LinkedIn,2026-06-11,Available
CAN000330,Hannah,,Allen,1992-03-03,Non-binary,French,French,Japan,Diploma,Education,B2,Basic,10.6,Referral,2022-09-27,Withdrawn
CAN000331,Maria,,Jackson,1982-06-24,Female,Brazilian,Brazilian,Brazilian,Diploma,Psychology,C2,N1,3.4,Recruitment Agency,2021-09-17,Withdrawn
CAN000332,Daniel,,Lopez,1991-11-03,Male,Canadian,Canadian,Japan,Diploma,English,Native,None,6.9,Career Fair,2021-06-29,Interviewing
CAN000333,Sarah,,Miller,1991-10-23,Male,Mexican,Mexican,Japan,Master's Degree,Other,B2,None,5.6,Job Board,2023-11-15,Hired
CAN000334,James,,Wilson,1998-07-27,Non-binary,Mexican,Mexican,Mexican,Bachelor's Degree,Linguistics,Native,Basic,11.5,Company Website,2025-02-20,Hired
CAN000335,Sofia,,Sanchez,1992-07-07,Female,Brazilian,Brazilian,Japan,Diploma,Other,Native,N1,4.3,Recruitment Agency,2023-03-03,Interviewing
CAN000336,Olivia,,Lopez,1980-03-18,Female,Brazilian,Brazilian,Japan,Diploma,Linguistics,C1,N1,11.9,LinkedIn,2025-07-03,Withdrawn
CAN000337,Robert,,Lee,1995-07-27,Female,Japanese,Japanese,Japan,Associate Degree,Linguistics,B2,N2,11.5,Company Website,2024-08-17,Hired
CAN000338,Andres,,Jackson,1975-09-05,Female,Mexican,Mexican,Japan,Associate Degree,Education,C1,N1,6.1,Referral,2024-05-21,Available
CAN000339,Alejandro,,Lopez,1976-08-12,Female,Canadian,Canadian,Japan,Associate Degree,Education,B2,N1,11.0,Job Board,2022-10-02,Hired
CAN000340,Sofia,,Williams,2000-08-06,Male,Japanese,Japanese,Japanese,Associate Degree,Education,B2,None,9.4,Career Fair,2026-06-23,Withdrawn
CAN000341,James,,Young,2001-07-14,Male,British,British,British,Diploma,Education,C1,N1,0.5,Referral,2022-05-09,Available
CAN000342,Alejandro,,Williams,1991-12-08,Prefer not to say,Mexican,Japan,Japan,Bachelor's Degree,English,B2,N3,9.4,Indeed,2022-09-20,Rejected
CAN000343,David,,Martinez,1990-10-24,Male,Brazilian,Brazilian,Japan,Diploma,Other,C2,Basic,5.8,Indeed,2021-07-21,Interviewing
CAN000344,Michael,,Smith,1993-04-18,Prefer not to say,British,British,Japan,Bachelor's Degree,Education,B2,N2,4.4,Indeed,2023-10-06,Withdrawn
CAN000345,James,,Jackson,1995-01-25,Prefer not to say,Canadian,Canadian,Canadian,Diploma,Education,C2,Basic,8.2,Indeed,2024-06-02,Hired
CAN000346,Daniel,,Martin,1976-04-20,Male,Australian,Australian,Japan,Diploma,Education,C1,Basic,8.9,Indeed,2022-08-28,Rejected
CAN000347,Thomas,,Davis,1999-05-18,Female,Japanese,Japanese,Japanese,Bachelor's Degree,Business,Native,N3,2.0,LinkedIn,2026-06-02,Rejected
CAN000348,Ana,,White,1994-05-02,Non-binary,Mexican,Mexican,Japan,Associate Degree,Education,Native,N3,10.4,Job Board,2026-03-20,Interviewing
CAN000349,Marco,,Taylor,1991-12-04,Male,French,French,French,Diploma,Psychology,Native,None,3.0,Referral,2024-07-16,Withdrawn
CAN000350,David,,Miller,1987-12-06,Non-binary,Filipino,Filipino,Japan,Master's Degree,Psychology,C1,None,7.5,Recruitment Agency,2021-03-17,Hired
CAN000351,Thomas,,Ramirez,1982-03-11,Prefer not to say,Canadian,Canadian,Japan,Master's Degree,Business,C2,N1,1.8,LinkedIn,2025-05-29,Available
CAN000352,David,,Anderson,1992-03-07,Female,Japanese,Japan,Japan,Associate Degree,Other,C2,N2,11.9,Career Fair,2022-07-22,Rejected
CAN000353,Emily,,King,1993-03-11,Male,Brazilian,Brazilian,Japan,Master's Degree,Other,Native,N3,10.6,Recruitment Agency,2021-10-05,Interviewing
CAN000354,Andres,,Anderson,1998-11-24,Male,Canadian,Canadian,Canadian,Bachelor's Degree,Psychology,C1,N1,6.8,Indeed,2024-01-27,Available
CAN000355,Marco,,Sanchez,1996-01-12,Prefer not to say,French,French,Japan,Associate Degree,English,B2,N2,5.7,Indeed,2021-11-22,Rejected
CAN000356,Marco,,Hernandez,1988-01-09,Female,British,Japan,British,Bachelor's Degree,English,B2,N1,5.9,LinkedIn,2025-08-19,Interviewing
CAN000357,Olivia,,Sanchez,1988-07-25,Prefer not to say,Japanese,Japanese,Japanese,Diploma,Psychology,Native,N1,1.3,Recruitment Agency,2021-06-21,Hired
CAN000358,Olivia,,Sanchez,1991-09-13,Male,Brazilian,Brazilian,Japan,Diploma,Business,C1,N3,5.5,Recruitment Agency,2021-06-10,Withdrawn
CAN000359,Matthew,,King,1976-12-17,Prefer not to say,French,French,French,Bachelor's Degree,English,C2,N2,5.0,Recruitment Agency,2022-08-06,Hired
CAN000360,Jose,,Anderson,1993-12-07,Female,American,American,Japan,Bachelor's Degree,Education,Native,N2,7.6,Company Website,2026-02-06,Available
CAN000361,Jessica,,Taylor,1998-09-20,Male,Spanish,Japan,Japan,Associate Degree,Psychology,C2,Basic,10.4,Indeed,2022-10-17,Hired
CAN000362,Robert,,Torres,1984-12-25,Male,Australian,Japan,Japan,Master's Degree,Education,C1,None,5.5,Career Fair,2026-01-02,Interviewing
CAN000363,Thomas,,Walker,1975-10-16,Prefer not to say,British,British,Japan,Diploma,Education,Native,Basic,10.6,LinkedIn,2023-09-02,Available
CAN000364,Emily,,Wilson,2001-04-02,Non-binary,Canadian,Canadian,Japan,Bachelor's Degree,Other,C1,N3,11.0,Company Website,2023-01-28,Hired
CAN000365,Robert,,Perez,1980-11-10,Non-binary,French,Japan,French,Bachelor's Degree,Linguistics,C1,N3,10.8,Career Fair,2022-12-28,Hired
CAN000366,Maria,,Johnson,2001-09-03,Non-binary,French,French,Japan,Diploma,Psychology,C2,Basic,7.3,Company Website,2024-04-14,Available
CAN000367,Sofia,,Smith,1991-02-16,Non-binary,Spanish,Spanish,Japan,Associate Degree,English,B2,N1,8.8,Recruitment Agency,2024-03-22,Interviewing
CAN000368,Ana,,Perez,2003-10-08,Male,British,British,Japan,Bachelor's Degree,Other,C2,N1,12.0,Recruitment Agency,2024-04-04,Hired
CAN000369,David,,Brown,1992-11-07,Non-binary,British,Japan,Japan,Associate Degree,Linguistics,C1,None,1.4,LinkedIn,2021-02-16,Withdrawn
CAN000370,Michael,,Martin,1993-10-01,Non-binary,British,Japan,Japan,Diploma,Business,Native,Basic,5.8,Job Board,2022-12-21,Interviewing
CAN000371,Olivia,,Allen,1992-06-15,Non-binary,Mexican,Mexican,Mexican,Associate Degree,Psychology,Native,Basic,6.9,LinkedIn,2025-08-23,Withdrawn
CAN000372,Luis,,Gonzalez,1983-01-11,Prefer not to say,Brazilian,Brazilian,Brazilian,Bachelor's Degree,Linguistics,C1,None,3.3,Company Website,2025-03-17,Interviewing
CAN000373,Olivia,,Sanchez,1986-08-27,Female,British,British,Japan,Bachelor's Degree,English,Native,N2,6.1,Career Fair,2024-05-24,Interviewing
CAN000374,Olivia,,Davis,1979-04-11,Non-binary,Brazilian,Brazilian,Japan,Bachelor's Degree,Psychology,C2,Basic,8.7,Recruitment Agency,2026-06-04,Interviewing
CAN000375,Jessica,,Allen,1991-02-01,Male,Mexican,Mexican,Japan,Bachelor's Degree,Education,C1,None,6.9,LinkedIn,2024-06-27,Rejected
CAN000376,David,,Rodriguez,1981-05-09,Non-binary,French,French,Japan,Associate Degree,Education,Native,N1,6.7,Company Website,2024-07-31,Rejected
CAN000377,Thomas,,Brown,1992-06-09,Female,Australian,Australian,Japan,Associate Degree,Psychology,B2,None,1.6,Recruitment Agency,2022-08-03,Hired
CAN000378,Daniel,,Taylor,1976-02-14,Prefer not to say,Canadian,Canadian,Japan,Associate Degree,Linguistics,C2,N1,0.9,Career Fair,2025-05-25,Interviewing
CAN000379,Christopher,,Gonzalez,1977-12-15,Prefer not to say,French,French,Japan,Master's Degree,English,C1,N3,4.7,Job Board,2022-02-03,Withdrawn
CAN000380,Ana,,Allen,2003-06-15,Male,Mexican,Mexican,Japan,Diploma,English,C1,N3,7.3,Indeed,2026-06-20,Available
CAN000381,Daniel,,Taylor,2001-12-26,Male,Filipino,Japan,Japan,Diploma,Business,B2,Basic,7.5,Referral,2022-03-15,Rejected
CAN000382,William,,Taylor,1977-06-07,Non-binary,Spanish,Spanish,Japan,Master's Degree,English,Native,N1,10.0,Company Website,2025-11-01,Available
CAN000383,Matthew,,Anderson,1985-09-04,Prefer not to say,Canadian,Canadian,Japan,Bachelor's Degree,Other,B2,N3,5.9,Job Board,2025-12-29,Hired
CAN000384,Luis,,Rodriguez,2001-03-19,Prefer not to say,Canadian,Canadian,Japan,Diploma,Psychology,B2,Basic,2.5,LinkedIn,2021-01-01,Withdrawn
CAN000385,Christopher,,Walker,1996-05-14,Prefer not to say,American,Japan,Japan,Associate Degree,Education,C1,N1,11.6,Company Website,2024-11-11,Available
CAN000386,Laura,,Brown,1978-05-28,Prefer not to say,British,British,Japan,Diploma,Business,B2,N2,6.5,Job Board,2021-05-08,Rejected
CAN000387,William,,Gonzalez,1981-09-13,Female,Spanish,Spanish,Japan,Bachelor's Degree,Other,Native,Basic,8.7,Recruitment Agency,2025-01-15,Interviewing
CAN000388,Alejandro,,Martinez,1979-11-26,Prefer not to say,French,French,French,Diploma,Psychology,B2,N1,9.8,Recruitment Agency,2025-08-31,Withdrawn
CAN000389,Marco,,Perez,1988-10-01,Non-binary,British,British,Japan,Associate Degree,Education,Native,N1,5.8,LinkedIn,2026-08-03,Hired
CAN000390,Christopher,,Miller,1997-02-05,Male,French,French,Japan,Bachelor's Degree,Other,C1,N1,0.6,LinkedIn,2024-02-19,Available
CAN000391,Maria,,Garcia,1990-08-17,Prefer not to say,Japanese,Japanese,Japanese,Associate Degree,Linguistics,C2,None,8.3,Referral,2026-04-06,Withdrawn
CAN000392,Sofia,,Walker,1993-05-02,Male,Japanese,Japanese,Japan,Associate Degree,Other,Native,N3,5.8,Indeed,2026-04-23,Available
CAN000393,Luis,,Allen,2000-05-09,Non-binary,Japanese,Japanese,Japan,Bachelor's Degree,Psychology,C2,N1,8.9,Job Board,2022-06-27,Interviewing
CAN000394,James,,Walker,1980-05-26,Male,French,French,Japan,Bachelor's Degree,English,C2,N2,9.0,Recruitment Agency,2023-08-26,Interviewing
CAN000395,Marco,,Thompson,1989-12-21,Non-binary,British,British,Japan,Associate Degree,Education,Native,Basic,5.6,Recruitment Agency,2022-11-17,Withdrawn
CAN000396,William,,Martin,1999-09-08,Female,Spanish,Spanish,Japan,Diploma,Education,C1,N2,4.6,LinkedIn,2025-04-05,Available
CAN000397,Sarah,,Hernandez,1978-09-21,Non-binary,Spanish,Spanish,Japan,Associate Degree,Education,C1,N1,4.7,Career Fair,2024-12-20,Rejected
CAN000398,Sofia,,Thompson,1993-04-17,Male,Canadian,Canadian,Japan,Bachelor's Degree,Education,B2,None,6.3,Job Board,2024-10-14,Interviewing
CAN000399,James,,Sanchez,1998-05-09,Male,Mexican,Mexican,Japan,Master's Degree,Psychology,Native,None,1.0,Referral,2023-03-02,Rejected
CAN000400,Michael,,Thompson,1999-11-19,Non-binary,American,American,Japan,Bachelor's Degree,Other,B2,N3,9.2,Job Board,2023-01-27,Withdrawn
CAN000401,Diego,,Perez,1999-02-09,Male,Spanish,Spanish,Japan,Associate Degree,English,B2,None,5.9,Indeed,2021-09-13,Available
CAN000402,Michael,,Perez,1995-08-04,Female,Brazilian,Brazilian,Brazilian,Bachelor's Degree,Business,C1,None,0.4,Company Website,2022-08-13,Available
CAN000403,Sofia,,Ramirez,1999-08-01,Male,Canadian,Japan,Japan,Diploma,Linguistics,C2,N3,10.9,Referral,2026-08-01,Hired
CAN000404,John,,White,1999-08-16,Male,Spanish,Spanish,Spanish,Bachelor's Degree,Business,B2,None,6.8,LinkedIn,2025-11-22,Withdrawn
CAN000405,Sarah,,Torres,1987-01-21,Non-binary,Filipino,Filipino,Japan,Diploma,Linguistics,C2,Basic,6.7,Recruitment Agency,2022-01-07,Rejected
CAN000406,Andres,,White,1987-02-21,Prefer not to say,French,French,Japan,Master's Degree,Education,C2,None,8.6,Referral,2025-01-11,Rejected
CAN000407,William,,Taylor,1977-09-21,Prefer not to say,French,Japan,Japan,Bachelor's Degree,Education,C1,None,4.1,Job Board,2024-06-14,Hired
CAN000408,Michael,,Lopez,1981-11-22,Female,Brazilian,Japan,Japan,Bachelor's Degree,Other,C2,N2,7.8,Recruitment Agency,2026-02-21,Available
CAN000409,Miguel,,Sanchez,1997-11-05,Non-binary,Canadian,Japan,Japan,Bachelor's Degree,Business,C2,N1,0.8,Career Fair,2021-02-28,Hired
CAN000410,Daniel,,Miller,1994-10-08,Prefer not to say,British,British,Japan,Master's Degree,Linguistics,C2,None,7.1,LinkedIn,2021-09-16,Hired
CAN000411,Daniel,,Ramirez,1979-07-06,Female,Brazilian,Japan,Japan,Bachelor's Degree,English,Native,N1,4.5,Indeed,2025-02-24,Hired
CAN000412,Olivia,,Miller,1977-01-01,Non-binary,American,American,Japan,Diploma,Other,C2,Basic,1.7,LinkedIn,2023-01-05,Available
CAN000413,Daniel,,Johnson,1982-03-20,Prefer not to say,Japanese,Japanese,Japan,Bachelor's Degree,Other,C1,N3,5.0,Referral,2021-06-04,Rejected
CAN000414,Juan,,Lopez,1991-02-20,Prefer not to say,Brazilian,Japan,Japan,Master's Degree,Linguistics,Native,Basic,1.4,Indeed,2025-01-22,Interviewing
CAN000415,William,,Perez,1980-11-02,Prefer not to say,Filipino,Filipino,Japan,Diploma,Education,Native,None,11.1,Indeed,2021-08-10,Rejected
CAN000416,Ana,,Garcia,1990-09-04,Non-binary,British,British,British,Associate Degree,English,Native,N3,2.7,Indeed,2021-10-18,Interviewing
CAN000417,Emma,,Rodriguez,1987-04-03,Prefer not to say,Japanese,Japanese,Japan,Diploma,English,B2,N3,1.6,Job Board,2026-04-14,Rejected
CAN000418,Emily,,Brown,1983-04-11,Male,Mexican,Mexican,Japan,Bachelor's Degree,Business,B2,N2,2.1,LinkedIn,2022-06-06,Rejected
CAN000419,Olivia,,Torres,1994-03-26,Female,Japanese,Japanese,Japanese,Diploma,English,B2,N2,3.4,Job Board,2022-11-28,Interviewing
CAN000420,Sofia,,Allen,1982-04-11,Female,Japanese,Japan,Japan,Bachelor's Degree,Business,Native,None,11.9,Job Board,2025-11-14,Available
CAN000421,Miguel,,Johnson,1991-07-16,Male,French,French,Japan,Bachelor's Degree,Other,B2,Basic,1.6,LinkedIn,2022-02-06,Rejected
CAN000422,Emily,,Martinez,1975-08-22,Male,Canadian,Japan,Japan,Diploma,English,B2,Basic,9.5,LinkedIn,2024-06-02,Interviewing
CAN000423,Jessica,,Smith,1975-11-03,Non-binary,Filipino,Filipino,Japan,Associate Degree,Other,C2,None,7.4,LinkedIn,2025-04-26,Hired
CAN000424,John,,King,1996-06-02,Male,Spanish,Spanish,Japan,Master's Degree,Other,Native,N1,8.5,Indeed,2022-03-31,Rejected
CAN000425,David,,Sanchez,1992-02-21,Female,Japanese,Japan,Japanese,Master's Degree,Linguistics,C1,N3,6.0,Recruitment Agency,2026-05-14,Withdrawn
CAN000426,Miguel,,Martinez,1986-06-15,Male,Brazilian,Brazilian,Japan,Associate Degree,Business,C1,None,2.3,Recruitment Agency,2026-06-15,Hired
CAN000427,Luis,,Taylor,2003-03-10,Male,American,American,Japan,Diploma,English,C2,N1,11.4,Company Website,2021-11-12,Withdrawn
CAN000428,Robert,,Thompson,1992-03-16,Male,Spanish,Spanish,Japan,Bachelor's Degree,Education,C2,N1,7.7,Recruitment Agency,2024-11-21,Available
CAN000429,David,,Smith,1995-06-16,Female,French,Japan,Japan,Associate Degree,English,C1,Basic,5.8,LinkedIn,2025-12-29,Hired
CAN000430,Alejandro,,Brown,1984-08-06,Female,Brazilian,Japan,Japan,Master's Degree,English,C2,None,0.5,LinkedIn,2022-10-21,Available
CAN000431,Alejandro,,Anderson,1983-06-06,Non-binary,Brazilian,Japan,Japan,Master's Degree,Linguistics,B2,N1,11.7,Referral,2023-04-21,Withdrawn
CAN000432,Daniel,,King,1975-07-16,Female,French,French,French,Associate Degree,Other,C1,N2,10.8,Career Fair,2022-08-19,Available
CAN000433,Sarah,,Gonzalez,2000-10-24,Prefer not to say,Filipino,Japan,Japan,Master's Degree,Other,Native,N3,0.3,Referral,2025-12-16,Rejected
CAN000434,Daniel,,Brown,1977-06-02,Non-binary,Japanese,Japanese,Japan,Bachelor's Degree,Psychology,B2,None,11.7,Recruitment Agency,2023-03-11,Rejected
CAN000435,William,,Williams,1994-10-17,Prefer not to say,Filipino,Filipino,Japan,Associate Degree,Education,C1,N3,4.2,Recruitment Agency,2021-08-18,Available
CAN000436,Luis,,Rodriguez,1998-08-24,Prefer not to say,French,French,Japan,Diploma,English,Native,Basic,2.5,Recruitment Agency,2025-08-30,Available
CAN000437,David,,Martinez,1993-07-03,Non-binary,Spanish,Spanish,Japan,Diploma,Other,C2,Basic,2.2,Recruitment Agency,2021-01-28,Withdrawn
CAN000438,Thomas,,Miller,1976-05-27,Prefer not to say,French,French,Japan,Bachelor's Degree,English,C1,N3,11.5,Career Fair,2024-05-29,Interviewing
CAN000439,Daniel,,Smith,1996-05-14,Female,French,French,French,Associate Degree,Business,Native,N1,8.9,Referral,2023-01-05,Interviewing
CAN000440,Christopher,,Johnson,2002-05-21,Male,American,Japan,Japan,Master's Degree,Psychology,Native,Basic,3.8,Job Board,2026-05-04,Rejected
CAN000441,James,,Perez,1976-05-12,Non-binary,Filipino,Filipino,Japan,Bachelor's Degree,Psychology,C2,Basic,9.2,Referral,2025-09-15,Rejected
CAN000442,Thomas,,Williams,2002-06-27,Non-binary,Australian,Australian,Japan,Associate Degree,English,Native,Basic,6.2,LinkedIn,2024-05-18,Interviewing
CAN000443,Robert,,Williams,1980-02-07,Female,Brazilian,Japan,Japan,Bachelor's Degree,Business,B2,None,1.4,Indeed,2022-09-26,Hired
CAN000444,William,,Brown,1984-12-12,Non-binary,French,French,French,Associate Degree,Education,Native,Basic,1.5,Job Board,2022-07-24,Rejected
CAN000445,Jessica,,Sanchez,1984-03-07,Male,American,American,Japan,Diploma,Business,Native,Basic,1.3,Career Fair,2022-06-18,Available
CAN000446,Christopher,,Hernandez,1990-02-09,Male,American,Japan,Japan,Bachelor's Degree,Psychology,C2,N1,10.8,Indeed,2021-06-27,Withdrawn
CAN000447,Carlos,,Martinez,1979-12-09,Female,Filipino,Filipino,Japan,Bachelor's Degree,Education,Native,N1,2.6,Indeed,2024-11-25,Withdrawn
CAN000448,Jose,,Young,1999-09-01,Prefer not to say,British,British,British,Master's Degree,Business,Native,Basic,10.0,Recruitment Agency,2022-02-09,Interviewing
CAN000449,Juan,,Davis,1982-07-04,Female,American,American,Japan,Associate Degree,Other,C1,N1,8.7,Company Website,2024-07-11,Withdrawn
CAN000450,William,,Lopez,1987-05-15,Prefer not to say,French,French,Japan,Diploma,English,Native,N2,11.3,LinkedIn,2024-07-01,Rejected
CAN000451,Carlos,,Thompson,1990-11-04,Male,French,French,Japan,Diploma,Business,Native,Basic,0.8,Indeed,2025-06-12,Withdrawn
CAN000452,Juan,,Jackson,2002-07-04,Non-binary,Spanish,Japan,Spanish,Associate Degree,Other,B2,N3,5.7,Referral,2023-08-12,Interviewing
CAN000453,William,,Davis,1983-03-25,Prefer not to say,American,American,Japan,Master's Degree,Education,Native,None,10.0,Recruitment Agency,2026-02-06,Hired
CAN000454,Jose,,Taylor,1994-11-11,Male,Australian,Japan,Japan,Diploma,Business,C2,N3,7.9,Recruitment Agency,2022-09-18,Available
CAN000455,Diego,,Wilson,1985-09-18,Male,Mexican,Mexican,Mexican,Associate Degree,Business,B2,N2,0.4,Indeed,2021-03-14,Available
CAN000456,Sarah,,Allen,1999-05-23,Non-binary,French,French,Japan,Diploma,Education,B2,N1,8.2,Referral,2022-11-04,Interviewing
CAN000457,William,,Wilson,2002-03-17,Prefer not to say,Spanish,Spanish,Japan,Associate Degree,Linguistics,C1,None,0.3,Company Website,2021-08-17,Rejected
CAN000458,Laura,,Brown,1986-12-19,Prefer not to say,Filipino,Filipino,Japan,Associate Degree,Business,C1,None,7.9,Indeed,2021-04-21,Rejected
CAN000459,Emily,,Torres,1993-02-23,Female,Australian,Australian,Japan,Associate Degree,Education,B2,N2,6.8,Recruitment Agency,2021-09-26,Withdrawn
CAN000460,Carlos,,White,1990-10-01,Non-binary,Spanish,Spanish,Japan,Diploma,Education,C2,N3,6.0,Career Fair,2024-07-20,Withdrawn
CAN000461,Jose,,Jackson,1984-06-14,Male,French,Japan,Japan,Master's Degree,Linguistics,C1,None,3.6,Referral,2023-04-07,Interviewing
CAN000462,Ana,,Sanchez,1994-12-03,Male,Japanese,Japanese,Japan,Diploma,Business,C2,N3,9.5,Job Board,2022-01-24,Withdrawn
CAN000463,John,,Walker,1984-07-22,Non-binary,British,British,Japan,Diploma,Other,C2,None,7.5,Referral,2024-07-07,Rejected
CAN000464,Christopher,,Miller,1981-11-27,Prefer not to say,Australian,Japan,Australian,Bachelor's Degree,Psychology,C2,N3,5.5,Indeed,2026-03-30,Rejected
CAN000465,Sofia,,Thompson,1999-05-28,Male,Spanish,Spanish,Japan,Diploma,Linguistics,C1,Basic,3.1,Referral,2025-11-19,Rejected
CAN000466,Michael,,Sanchez,1978-03-07,Non-binary,British,British,British,Diploma,Business,Native,Basic,1.9,Indeed,2021-04-24,Hired
CAN000467,Diego,,Walker,2000-05-22,Prefer not to say,Mexican,Japan,Mexican,Bachelor's Degree,Education,C1,N1,3.6,Company Website,2022-12-22,Interviewing
CAN000468,Olivia,,Brown,1996-11-03,Male,Canadian,Canadian,Japan,Associate Degree,Business,Native,Basic,7.2,Career Fair,2025-06-14,Withdrawn
CAN000469,David,,Hall,1993-12-13,Male,Spanish,Spanish,Japan,Associate Degree,Business,B2,N3,10.4,Company Website,2023-08-25,Interviewing
CAN000470,Thomas,,Brown,1997-02-11,Non-binary,French,Japan,Japan,Master's Degree,Linguistics,B2,N3,9.9,Company Website,2025-10-02,Available
CAN000471,Miguel,,Hall,1998-11-26,Prefer not to say,British,British,Japan,Associate Degree,Other,Native,N1,10.4,Career Fair,2021-08-12,Interviewing
CAN000472,Michael,,Garcia,1987-05-10,Female,British,Japan,Japan,Associate Degree,Other,B2,None,3.3,Company Website,2022-01-05,Interviewing
CAN000473,William,,Martin,1988-06-23,Non-binary,American,American,American,Associate Degree,Business,C1,N2,8.3,Career Fair,2025-09-27,Hired
CAN000474,Emily,,Smith,1980-11-15,Non-binary,Mexican,Mexican,Japan,Bachelor's Degree,Education,C2,Basic,6.2,Career Fair,2022-07-12,Rejected
CAN000475,Emma,,Jackson,1996-07-26,Female,French,French,Japan,Associate Degree,Linguistics,C2,None,5.0,Indeed,2024-08-01,Interviewing
CAN000476,Olivia,,Taylor,2001-10-08,Female,Mexican,Japan,Mexican,Diploma,English,C1,Basic,0.6,Referral,2021-03-26,Interviewing
CAN000477,Matthew,,Ramirez,1979-02-12,Prefer not to say,Japanese,Japan,Japan,Diploma,Other,B2,None,2.7,Indeed,2022-11-28,Rejected
CAN000478,Emma,,Hall,2000-05-10,Female,Spanish,Spanish,Japan,Associate Degree,Other,C2,N2,2.2,Career Fair,2026-07-18,Rejected
CAN000479,Carlos,,Torres,1983-04-20,Prefer not to say,British,British,Japan,Diploma,English,C1,N2,8.2,Job Board,2026-01-22,Interviewing
CAN000480,Jessica,,Johnson,1998-10-09,Male,American,American,Japan,Master's Degree,Business,C1,N1,11.3,Career Fair,2021-10-27,Available
CAN000481,Jessica,,Martin,2000-01-01,Non-binary,Brazilian,Japan,Japan,Associate Degree,English,Native,N1,2.2,Indeed,2023-11-05,Available
CAN000482,William,,King,1985-08-05,Prefer not to say,Filipino,Filipino,Japan,Bachelor's Degree,Linguistics,Native,Basic,6.0,Career Fair,2022-01-03,Withdrawn
CAN000483,Sofia,,Brown,1988-05-09,Female,Brazilian,Brazilian,Japan,Diploma,English,B2,None,2.3,Company Website,2023-12-17,Rejected
CAN000484,Jose,,Hernandez,1990-05-06,Prefer not to say,Spanish,Spanish,Japan,Associate Degree,Other,B2,N2,5.9,Career Fair,2026-03-29,Rejected
CAN000485,Daniel,,Brown,1977-04-28,Non-binary,Canadian,Canadian,Canadian,Master's Degree,Psychology,Native,N1,9.2,Indeed,2024-03-09,Interviewing
CAN000486,Hannah,,Martinez,1982-08-22,Male,Filipino,Filipino,Japan,Bachelor's Degree,Linguistics,C2,None,1.0,Career Fair,2022-01-22,Interviewing
CAN000487,Daniel,,Smith,1983-10-22,Prefer not to say,Filipino,Filipino,Filipino,Master's Degree,English,Native,N3,3.9,Company Website,2021-01-24,Hired
CAN000488,Thomas,,Jackson,1987-02-13,Prefer not to say,Canadian,Canadian,Japan,Master's Degree,English,B2,N2,3.4,Career Fair,2023-11-12,Rejected
CAN000489,Daniel,,Torres,1990-07-24,Male,Japanese,Japan,Japan,Master's Degree,Business,B2,N2,5.7,Referral,2024-06-24,Available
CAN000490,Robert,,Martinez,1999-07-26,Prefer not to say,Japanese,Japanese,Japan,Associate Degree,Business,C2,Basic,11.2,Referral,2025-02-17,Available
CAN000491,Luis,,Torres,1989-07-03,Female,Australian,Australian,Japan,Associate Degree,English,B2,N3,6.8,Referral,2026-05-11,Hired
CAN000492,Hannah,,Hernandez,1991-02-17,Non-binary,Spanish,Spanish,Japan,Bachelor's Degree,Psychology,Native,None,8.9,Recruitment Agency,2025-10-07,Rejected
CAN000493,Ana,,Perez,2001-07-02,Non-binary,Spanish,Spanish,Spanish,Diploma,Other,B2,N1,9.7,LinkedIn,2021-12-08,Rejected
CAN000494,Juan,,Perez,1977-12-20,Male,American,American,Japan,Bachelor's Degree,Education,C2,N2,5.5,Recruitment Agency,2023-11-29,Available
CAN000495,Sofia,,Miller,1984-10-27,Male,Spanish,Spanish,Spanish,Bachelor's Degree,English,Native,None,8.4,Indeed,2025-01-17,Hired
CAN000496,Juan,,Miller,1995-03-21,Female,Spanish,Spanish,Spanish,Diploma,English,B2,N2,0.3,Indeed,2023-09-18,Rejected
CAN000497,Sofia,,White,1989-08-16,Female,French,French,Japan,Diploma,Education,C1,None,1.2,Career Fair,2021-03-22,Interviewing
CAN000498,Robert,,Allen,1990-12-19,Prefer not to say,Mexican,Mexican,Japan,Diploma,English,Native,N1,0.2,Referral,2024-04-06,Withdrawn
CAN000499,Thomas,,Martinez,1983-11-14,Non-binary,American,American,Japan,Diploma,Education,C2,N3,8.7,Recruitment Agency,2026-04-23,Withdrawn
CAN000500,Daniel,,Sanchez,1991-04-19,Prefer not to say,Japanese,Japanese,Japanese,Associate Degree,Other,B2,N2,10.0,Job Board,2024-10-21,Withdrawn
CAN000501,Ana,,Miller,2000-03-20,Male,Australian,Australian,Japan,Master's Degree,English,C2,Basic,7.3,Company Website,2023-04-29,Interviewing
CAN000502,William,,Torres,1982-04-18,Non-binary,Mexican,Mexican,Japan,Master's Degree,English,Native,None,4.1,Company Website,2021-07-12,Available
CAN000503,Marco,,Lopez,1992-04-16,Male,Filipino,Japan,Filipino,Associate Degree,English,Native,None,11.1,Recruitment Agency,2023-11-23,Interviewing
CAN000504,Laura,,Lee,1978-02-26,Male,Brazilian,Brazilian,Japan,Bachelor's Degree,English,C1,Basic,8.7,Job Board,2022-02-22,Interviewing
CAN000505,Maria,,Davis,1990-12-28,Non-binary,Canadian,Japan,Japan,Bachelor's Degree,English,B2,N2,9.2,Company Website,2022-02-11,Rejected
CAN000506,Laura,,Walker,1990-06-10,Prefer not to say,American,American,Japan,Master's Degree,English,B2,Basic,1.7,Recruitment Agency,2022-12-03,Interviewing
CAN000507,Hannah,,Johnson,2003-08-28,Male,Mexican,Mexican,Japan,Bachelor's Degree,Education,C1,N3,4.8,Career Fair,2025-01-21,Rejected
CAN000508,Robert,,Hernandez,1987-01-22,Non-binary,Japanese,Japanese,Japan,Associate Degree,Other,C1,N3,0.1,LinkedIn,2022-09-11,Available
CAN000509,Matthew,,King,1979-12-13,Prefer not to say,British,British,British,Diploma,English,C1,None,0.4,LinkedIn,2026-01-02,Interviewing
CAN000510,Sofia,,Martin,1998-03-17,Non-binary,British,British,Japan,Master's Degree,Education,Native,N1,7.1,Indeed,2024-03-08,Withdrawn
CAN000511,Sofia,,Johnson,1991-02-24,Non-binary,Filipino,Filipino,Japan,Bachelor's Degree,Business,C1,N1,8.8,Recruitment Agency,2021-09-03,Withdrawn
CAN000512,Marco,,Walker,1998-10-19,Female,Filipino,Filipino,Japan,Master's Degree,Education,C1,N1,7.0,Career Fair,2023-08-16,Withdrawn
CAN000513,Daniel,,Lopez,1979-12-14,Prefer not to say,American,Japan,Japan,Diploma,English,B2,None,4.4,Referral,2025-08-15,Interviewing
CAN000514,Christopher,,Wilson,1991-07-28,Prefer not to say,Japanese,Japan,Japan,Diploma,Other,B2,Basic,1.7,Indeed,2023-12-17,Interviewing
CAN000515,Jessica,,Anderson,1979-12-17,Male,British,British,Japan,Associate Degree,Education,B2,None,1.5,Referral,2022-04-29,Withdrawn
CAN000516,Miguel,,Davis,1979-02-12,Prefer not to say,Filipino,Filipino,Japan,Master's Degree,English,B2,None,11.2,LinkedIn,2024-06-02,Withdrawn
CAN000517,Juan,,Perez,2001-12-16,Male,American,Japan,Japan,Diploma,Business,C1,N1,5.4,LinkedIn,2021-01-09,Interviewing
CAN000518,William,,Hall,1998-10-05,Prefer not to say,Brazilian,Brazilian,Japan,Master's Degree,Other,C1,None,9.6,Job Board,2022-07-22,Available
CAN000519,Robert,,Taylor,1982-07-11,Male,French,Japan,French,Bachelor's Degree,Psychology,C1,N1,7.7,Job Board,2021-07-07,Available
CAN000520,Luis,,Rodriguez,1994-09-19,Prefer not to say,Japanese,Japanese,Japan,Bachelor's Degree,Education,C2,None,3.3,Indeed,2021-08-05,Rejected
CAN000521,Laura,,White,2001-10-15,Prefer not to say,Brazilian,Brazilian,Japan,Diploma,Education,C1,N2,2.2,Company Website,2021-12-13,Available
CAN000522,David,,Taylor,1983-02-04,Female,Brazilian,Brazilian,Japan,Bachelor's Degree,English,C1,N2,8.1,Company Website,2022-02-11,Available
CAN000523,David,,Perez,1975-12-02,Female,Spanish,Spanish,Japan,Associate Degree,Linguistics,B2,None,0.6,Indeed,2024-05-05,Available
CAN000524,Christopher,,Sanchez,1990-09-25,Non-binary,American,American,Japan,Diploma,Education,B2,None,4.9,Indeed,2025-04-27,Hired
CAN000525,Diego,,Wilson,1993-11-04,Female,Brazilian,Brazilian,Japan,Diploma,Business,Native,N1,2.4,Indeed,2023-10-06,Withdrawn
CAN000526,Thomas,,Perez,2000-04-18,Male,Brazilian,Japan,Japan,Associate Degree,Other,C2,None,0.7,Recruitment Agency,2025-10-02,Withdrawn
CAN000527,Matthew,,Ramirez,2001-11-13,Non-binary,British,British,Japan,Bachelor's Degree,Linguistics,Native,N2,8.4,Career Fair,2024-12-10,Rejected
CAN000528,Sofia,,Wilson,1983-07-07,Prefer not to say,Filipino,Filipino,Japan,Associate Degree,Linguistics,C2,N2,11.5,LinkedIn,2024-07-27,Hired
CAN000529,Hannah,,White,1979-11-01,Female,Mexican,Mexican,Mexican,Diploma,Business,Native,None,6.5,Career Fair,2026-05-06,Interviewing
CAN000530,Sarah,,Lopez,1986-07-27,Male,Spanish,Spanish,Japan,Associate Degree,English,B2,None,2.7,Company Website,2025-01-06,Withdrawn
CAN000531,Sarah,,King,1997-06-07,Female,Japanese,Japanese,Japan,Diploma,Linguistics,Native,N3,5.9,Job Board,2022-01-04,Available
CAN000532,Juan,,Garcia,1981-11-13,Prefer not to say,Australian,Australian,Japan,Master's Degree,Other,C2,None,7.1,Job Board,2022-03-31,Hired
CAN000533,Alejandro,,Ramirez,1993-04-17,Male,British,Japan,British,Associate Degree,Other,B2,None,11.3,Job Board,2024-01-29,Hired
CAN000534,Emma,,Williams,1988-07-09,Non-binary,Brazilian,Brazilian,Japan,Bachelor's Degree,Other,C2,None,3.3,Recruitment Agency,2022-05-14,Available
CAN000535,Daniel,,Williams,1975-07-07,Male,American,Japan,American,Master's Degree,Other,B2,None,11.0,Indeed,2024-10-02,Rejected
CAN000536,David,,Torres,1977-11-21,Male,Mexican,Mexican,Japan,Associate Degree,Linguistics,C2,None,5.7,LinkedIn,2022-02-01,Hired
CAN000537,Laura,,Williams,1991-04-03,Male,American,American,Japan,Bachelor's Degree,Education,B2,N3,10.7,Job Board,2025-12-02,Hired
CAN000538,Ana,,Gonzalez,1976-08-02,Male,Japanese,Japanese,Japan,Bachelor's Degree,Psychology,Native,N3,10.2,Recruitment Agency,2024-05-19,Hired
CAN000539,Matthew,,Lee,1988-04-28,Prefer not to say,French,Japan,Japan,Bachelor's Degree,Linguistics,Native,N2,6.2,Referral,2021-02-13,Rejected
CAN000540,Daniel,,Lopez,1975-10-23,Female,Japanese,Japan,Japanese,Master's Degree,Other,C1,N3,5.1,Job Board,2021-10-04,Available
CAN000541,Daniel,,Perez,1982-03-26,Prefer not to say,Mexican,Mexican,Japan,Associate Degree,Linguistics,C2,Basic,5.6,Referral,2021-06-30,Withdrawn
CAN000542,Andres,,Brown,1975-09-19,Male,Mexican,Mexican,Japan,Master's Degree,English,C2,None,4.1,Job Board,2022-08-16,Interviewing
CAN000543,Jessica,,White,1989-10-23,Non-binary,Japanese,Japanese,Japan,Diploma,Linguistics,C2,None,5.5,Career Fair,2024-09-18,Hired
CAN000544,William,,Sanchez,1975-11-08,Female,French,French,Japan,Associate Degree,Other,B2,Basic,4.8,Career Fair,2023-08-02,Hired
CAN000545,James,,Garcia,1977-06-01,Female,Canadian,Canadian,Japan,Associate Degree,Education,Native,Basic,2.4,Indeed,2022-04-17,Rejected
CAN000546,Olivia,,Ramirez,1998-03-11,Female,Canadian,Japan,Japan,Bachelor's Degree,Education,C2,N2,7.9,Company Website,2023-10-05,Withdrawn
CAN000547,Hannah,,Rodriguez,1984-08-08,Prefer not to say,Filipino,Japan,Japan,Bachelor's Degree,Education,C2,Basic,9.5,Indeed,2025-02-23,Available
CAN000548,Michael,,White,1986-06-20,Female,British,Japan,British,Associate Degree,English,C1,Basic,0.6,Career Fair,2025-10-26,Withdrawn
CAN000549,Emma,,Gonzalez,2002-09-19,Prefer not to say,British,Japan,British,Bachelor's Degree,English,B2,N1,4.5,Referral,2026-06-26,Interviewing
CAN000550,Jose,,Williams,1997-06-17,Prefer not to say,French,French,Japan,Bachelor's Degree,English,C2,Basic,5.4,Indeed,2026-06-03,Interviewing
CAN000551,Juan,,Torres,1988-07-19,Male,Filipino,Filipino,Japan,Bachelor's Degree,Linguistics,B2,N1,4.2,Referral,2022-10-06,Hired
CAN000552,Daniel,,Davis,1994-06-14,Non-binary,French,Japan,Japan,Associate Degree,Linguistics,B2,None,2.2,Indeed,2026-01-22,Withdrawn
CAN000553,Emily,,Martinez,1986-02-10,Male,Australian,Australian,Australian,Associate Degree,Education,C2,N3,2.4,LinkedIn,2021-11-17,Withdrawn
CAN000554,Andres,,Martin,2001-11-28,Female,British,Japan,Japan,Associate Degree,Education,C1,N3,9.9,Career Fair,2024-01-30,Interviewing
CAN000555,Michael,,Hall,1993-11-01,Female,Brazilian,Japan,Brazilian,Master's Degree,English,C2,N2,2.8,Referral,2026-04-18,Available
CAN000556,Maria,,Anderson,1998-08-11,Prefer not to say,Filipino,Japan,Filipino,Diploma,English,B2,N2,10.2,Company Website,2021-12-18,Withdrawn
CAN000557,Alejandro,,Moore,2002-03-10,Non-binary,French,French,French,Diploma,Business,B2,N1,3.6,Referral,2021-02-09,Hired
CAN000558,Christopher,,Walker,1976-03-05,Prefer not to say,Japanese,Japan,Japan,Master's Degree,Business,Native,N1,4.6,Recruitment Agency,2024-09-14,Hired
CAN000559,David,,Moore,1989-11-10,Female,Canadian,Canadian,Japan,Diploma,Education,C2,Basic,0.8,Recruitment Agency,2022-01-17,Withdrawn
CAN000560,Juan,,Sanchez,1984-11-17,Male,French,French,Japan,Diploma,Business,C2,None,1.5,Recruitment Agency,2021-10-14,Interviewing
CAN000561,Sofia,,Martinez,1987-04-05,Prefer not to say,Australian,Australian,Japan,Associate Degree,Psychology,C2,N1,8.6,Recruitment Agency,2023-04-23,Withdrawn
CAN000562,Juan,,Garcia,1979-08-03,Non-binary,Japanese,Japan,Japanese,Diploma,Business,B2,N1,0.5,Company Website,2025-06-24,Withdrawn
CAN000563,Emily,,Young,1989-06-23,Female,Spanish,Spanish,Japan,Master's Degree,Psychology,B2,N2,4.6,Job Board,2024-05-03,Rejected
CAN000564,Jessica,,Moore,1978-07-23,Female,British,British,British,Associate Degree,Other,Native,Basic,10.9,Recruitment Agency,2021-06-28,Available
CAN000565,Daniel,,Brown,1977-02-17,Non-binary,Spanish,Spanish,Japan,Bachelor's Degree,Business,Native,None,7.7,Job Board,2024-08-28,Interviewing
CAN000566,Michael,,Williams,1998-07-28,Non-binary,Spanish,Spanish,Japan,Master's Degree,Linguistics,B2,N2,5.5,Company Website,2023-03-08,Available
CAN000567,Sarah,,Sanchez,1997-08-05,Female,Australian,Japan,Australian,Bachelor's Degree,English,C1,None,6.4,Recruitment Agency,2026-04-13,Rejected
CAN000568,Luis,,Thompson,1999-01-22,Female,Canadian,Canadian,Japan,Bachelor's Degree,Other,C2,N2,8.4,Career Fair,2024-01-25,Available
CAN000569,Emily,,Thompson,1997-11-04,Male,Australian,Australian,Japan,Diploma,English,C2,N3,10.9,Indeed,2025-05-19,Hired
CAN000570,Carlos,,Johnson,1975-01-11,Male,American,Japan,Japan,Master's Degree,Other,C2,None,5.0,Company Website,2023-02-27,Withdrawn
CAN000571,David,,Wilson,1995-04-20,Prefer not to say,Brazilian,Brazilian,Japan,Master's Degree,Education,C1,N3,2.1,Recruitment Agency,2023-04-29,Withdrawn
CAN000572,Carlos,,Taylor,1981-08-08,Non-binary,Australian,Australian,Japan,Master's Degree,Business,C1,N1,6.0,Company Website,2021-09-28,Available
CAN000573,Ana,,King,2002-10-06,Prefer not to say,American,American,Japan,Master's Degree,Linguistics,C2,N3,11.7,Job Board,2023-10-29,Interviewing
CAN000574,Luis,,Williams,1975-10-19,Female,Spanish,Spanish,Japan,Bachelor's Degree,English,Native,N1,9.1,Company Website,2026-01-13,Withdrawn
CAN000575,Marco,,Martin,1988-04-20,Prefer not to say,Mexican,Mexican,Japan,Master's Degree,Business,C2,None,2.9,Job Board,2021-11-22,Available
CAN000576,Daniel,,Martin,2003-06-05,Male,Filipino,Filipino,Japan,Diploma,Other,C1,None,2.7,Job Board,2024-02-14,Withdrawn
CAN000577,David,,Sanchez,1981-09-02,Prefer not to say,British,British,Japan,Master's Degree,Business,Native,None,10.4,Company Website,2023-10-15,Rejected
CAN000578,Miguel,,Smith,1979-04-05,Female,Canadian,Canadian,Japan,Bachelor's Degree,Business,B2,N3,2.0,Indeed,2022-01-11,Rejected
CAN000579,Robert,,Perez,1994-04-10,Female,Japanese,Japanese,Japan,Diploma,Education,C1,N2,4.5,Recruitment Agency,2024-03-14,Interviewing
CAN000580,Robert,,Davis,1994-12-14,Prefer not to say,French,French,Japan,Bachelor's Degree,Linguistics,C2,N1,8.7,LinkedIn,2022-10-01,Interviewing
CAN000581,Daniel,,Torres,1989-05-13,Prefer not to say,American,American,Japan,Master's Degree,Education,Native,N1,8.8,LinkedIn,2026-05-24,Interviewing
CAN000582,Michael,,King,1988-07-24,Male,Spanish,Spanish,Japan,Bachelor's Degree,Education,B2,N1,1.9,Career Fair,2025-03-09,Interviewing
CAN000583,Diego,,Lee,1999-12-12,Prefer not to say,Filipino,Japan,Japan,Master's Degree,English,B2,None,11.1,LinkedIn,2026-06-25,Hired
CAN000584,Jessica,,Thompson,1995-03-09,Female,Canadian,Canadian,Japan,Bachelor's Degree,Other,B2,N2,8.5,Company Website,2026-02-09,Available
CAN000585,Hannah,,Rodriguez,2003-07-06,Prefer not to say,Australian,Australian,Japan,Diploma,Other,Native,None,7.6,Career Fair,2025-10-15,Withdrawn
CAN000586,Laura,,Gonzalez,1983-12-07,Female,Australian,Japan,Japan,Bachelor's Degree,Education,Native,N2,6.3,Job Board,2025-06-19,Withdrawn
CAN000587,Sofia,,Johnson,1980-03-12,Female,Canadian,Canadian,Japan,Bachelor's Degree,Business,C2,Basic,2.4,Job Board,2023-02-03,Rejected
CAN000588,Ana,,Lee,1981-05-28,Male,French,Japan,Japan,Master's Degree,Education,C1,None,4.5,LinkedIn,2025-08-02,Hired
CAN000589,David,,Garcia,1993-04-16,Non-binary,American,Japan,Japan,Bachelor's Degree,Other,Native,None,2.5,Career Fair,2026-06-11,Hired
CAN000590,Michael,,Jackson,1991-05-16,Non-binary,Filipino,Filipino,Japan,Associate Degree,Linguistics,C2,N3,8.0,Recruitment Agency,2026-04-23,Available
CAN000591,Miguel,,Brown,2002-06-26,Prefer not to say,Mexican,Mexican,Japan,Master's Degree,Education,Native,N1,3.4,Job Board,2022-02-15,Rejected
CAN000592,James,,Anderson,1994-11-22,Female,Brazilian,Brazilian,Japan,Associate Degree,Education,C1,None,11.6,Job Board,2026-05-01,Withdrawn
CAN000593,Sarah,,Anderson,1982-10-16,Non-binary,Japanese,Japanese,Japanese,Diploma,Other,Native,N2,3.5,Indeed,2025-06-28,Rejected
CAN000594,Emma,,Davis,2003-10-26,Male,Canadian,Canadian,Japan,Diploma,English,B2,None,5.8,Referral,2021-05-11,Rejected
CAN000595,Marco,,Rodriguez,1980-11-23,Male,American,American,Japan,Associate Degree,Business,C1,Basic,8.6,Job Board,2022-01-02,Interviewing
CAN000596,Olivia,,Thompson,1978-11-05,Non-binary,American,Japan,American,Bachelor's Degree,Other,C1,N2,10.9,Job Board,2026-07-09,Interviewing
CAN000597,Emily,,Smith,2000-09-28,Male,British,British,Japan,Bachelor's Degree,Education,C1,N1,11.2,Job Board,2025-11-25,Hired
CAN000598,Christopher,,Brown,1979-06-13,Female,Australian,Japan,Japan,Diploma,Linguistics,C1,Basic,6.2,Referral,2021-01-07,Available
CAN000599,Marco,,Lopez,1987-01-18,Non-binary,Filipino,Japan,Japan,Diploma,Other,B2,Basic,7.2,Indeed,2026-03-02,Hired
CAN000600,Matthew,,Williams,1984-09-23,Prefer not to say,Australian,Australian,Australian,Master's Degree,Business,C1,N2,0.7,Career Fair,2022-05-21,Withdrawn
CAN000601,Alejandro,,Hall,1997-04-28,Female,Mexican,Japan,Mexican,Diploma,Linguistics,C2,None,6.6,LinkedIn,2023-07-11,Interviewing
CAN000602,Sarah,,Miller,1986-07-13,Non-binary,Brazilian,Brazilian,Brazilian,Master's Degree,Other,B2,None,1.6,Career Fair,2021-10-22,Available
CAN000603,Emma,,Walker,1976-12-10,Prefer not to say,Canadian,Canadian,Japan,Associate Degree,English,C2,Basic,9.7,Indeed,2026-02-18,Hired
CAN000604,James,,Martin,2002-10-04,Prefer not to say,Spanish,Spanish,Spanish,Master's Degree,Education,Native,N3,11.7,Indeed,2022-08-28,Hired
CAN000605,Daniel,,Davis,1995-06-19,Prefer not to say,Canadian,Canadian,Japan,Bachelor's Degree,English,B2,N2,3.6,Referral,2025-11-12,Rejected
CAN000606,Emily,,Martin,1987-12-26,Prefer not to say,French,French,French,Diploma,Linguistics,Native,None,1.4,Company Website,2022-01-03,Interviewing
CAN000607,Emily,,Thompson,1991-04-01,Male,Australian,Japan,Japan,Master's Degree,Business,B2,N2,3.6,Indeed,2026-05-19,Hired
CAN000608,David,,Martinez,1997-09-06,Prefer not to say,Mexican,Mexican,Japan,Bachelor's Degree,English,Native,Basic,10.3,Job Board,2025-07-19,Rejected
CAN000609,Carlos,,Wilson,1989-06-04,Female,Canadian,Canadian,Japan,Associate Degree,Education,Native,None,6.1,LinkedIn,2021-06-10,Available
CAN000610,Jose,,Johnson,1996-01-08,Non-binary,Mexican,Mexican,Mexican,Diploma,English,B2,N3,6.3,LinkedIn,2024-05-16,Available
CAN000611,Thomas,,Davis,1981-12-04,Female,British,British,Japan,Master's Degree,English,C2,N1,4.3,Indeed,2021-07-03,Available
CAN000612,Robert,,Martinez,1992-05-09,Male,Canadian,Japan,Japan,Diploma,Other,C2,N1,2.4,Job Board,2025-04-13,Withdrawn
CAN000613,Emily,,White,1995-04-23,Female,Japanese,Japanese,Japan,Master's Degree,Linguistics,B2,N2,0.3,Referral,2025-03-05,Rejected
CAN000614,Luis,,Ramirez,1978-09-04,Male,American,American,Japan,Associate Degree,Linguistics,C2,Basic,3.3,Company Website,2025-07-25,Interviewing
CAN000615,Marco,,Taylor,1978-02-06,Prefer not to say,Japanese,Japanese,Japanese,Associate Degree,Other,C1,N1,3.3,Company Website,2024-06-09,Hired
CAN000616,Jose,,Williams,1999-07-06,Prefer not to say,Brazilian,Brazilian,Japan,Master's Degree,Linguistics,Native,N1,8.6,Job Board,2024-11-14,Rejected
CAN000617,Alejandro,,Taylor,1993-12-09,Female,Filipino,Filipino,Japan,Diploma,Other,B2,Basic,5.3,LinkedIn,2021-08-05,Interviewing
CAN000618,John,,Torres,1983-07-17,Male,Australian,Japan,Japan,Diploma,Linguistics,Native,None,0.9,Indeed,2023-07-27,Hired
CAN000619,Jose,,Moore,1976-02-24,Male,Brazilian,Japan,Brazilian,Diploma,Other,C2,N2,6.0,Job Board,2024-03-16,Available
CAN000620,Jessica,,Lopez,1987-01-20,Non-binary,Mexican,Mexican,Japan,Bachelor's Degree,Psychology,B2,Basic,8.1,Career Fair,2023-02-18,Available
CAN000621,Olivia,,Sanchez,1980-02-12,Male,Brazilian,Brazilian,Japan,Diploma,English,C1,None,4.1,Job Board,2022-07-01,Rejected
CAN000622,Laura,,Wilson,2002-02-10,Female,French,French,Japan,Diploma,English,C1,N1,9.9,Company Website,2024-05-10,Interviewing
CAN000623,Olivia,,Jackson,2002-08-02,Non-binary,Mexican,Mexican,Japan,Bachelor's Degree,Education,C1,Basic,4.8,Company Website,2024-12-28,Hired
CAN000624,Robert,,Miller,1981-02-17,Prefer not to say,Spanish,Spanish,Japan,Associate Degree,English,B2,N2,4.5,LinkedIn,2022-09-22,Interviewing
CAN000625,Olivia,,Perez,1992-05-04,Non-binary,French,French,Japan,Bachelor's Degree,Linguistics,C2,None,2.3,Company Website,2025-12-02,Rejected
CAN000626,Michael,,Johnson,1998-06-02,Non-binary,British,British,British,Diploma,Psychology,B2,Basic,3.9,Career Fair,2022-10-19,Interviewing
CAN000627,John,,Martin,1998-07-05,Female,American,American,American,Bachelor's Degree,Other,C2,None,8.1,LinkedIn,2022-03-26,Interviewing
CAN000628,Matthew,,Martin,1975-07-16,Prefer not to say,Australian,Australian,Japan,Master's Degree,Other,C2,Basic,3.4,Company Website,2024-03-31,Withdrawn
CAN000629,Jessica,,Sanchez,1996-07-07,Female,American,American,Japan,Master's Degree,English,Native,Basic,4.8,LinkedIn,2026-04-26,Rejected
CAN000630,Hannah,,Gonzalez,1988-01-20,Prefer not to say,American,American,American,Associate Degree,Other,C2,Basic,4.0,Recruitment Agency,2023-03-29,Hired
CAN000631,John,,Johnson,1995-01-10,Non-binary,Australian,Australian,Japan,Master's Degree,Linguistics,Native,Basic,0.5,Company Website,2022-03-27,Withdrawn
CAN000632,Juan,,Torres,1990-05-20,Prefer not to say,Spanish,Spanish,Japan,Associate Degree,Education,Native,None,8.2,Career Fair,2022-02-17,Rejected
CAN000633,David,,Brown,1998-06-24,Female,British,British,Japan,Bachelor's Degree,Education,C2,N1,1.4,Referral,2025-03-03,Rejected
CAN000634,Juan,,White,1989-02-03,Female,Australian,Australian,Australian,Master's Degree,Education,C2,Basic,5.0,Job Board,2024-11-05,Withdrawn
CAN000635,Olivia,,Young,1999-09-12,Male,French,Japan,Japan,Bachelor's Degree,Business,B2,N1,11.2,Referral,2025-02-08,Hired
CAN000636,Jose,,Jackson,1983-12-05,Male,Mexican,Japan,Mexican,Master's Degree,Other,B2,N2,8.2,Career Fair,2024-04-01,Available
CAN000637,Luis,,Perez,1989-09-13,Female,Spanish,Spanish,Japan,Master's Degree,Psychology,C2,N1,8.4,Career Fair,2025-05-18,Available
CAN000638,Daniel,,Davis,1997-12-17,Non-binary,Australian,Australian,Australian,Bachelor's Degree,English,C2,None,6.4,LinkedIn,2023-11-27,Hired
CAN000639,Emily,,Gonzalez,2003-05-05,Female,Mexican,Japan,Japan,Master's Degree,Psychology,Native,None,7.8,Job Board,2024-01-13,Available
CAN000640,James,,Williams,1977-12-18,Non-binary,Canadian,Canadian,Japan,Bachelor's Degree,Other,Native,N3,2.6,LinkedIn,2023-12-18,Rejected
CAN000641,Diego,,Garcia,1992-11-28,Non-binary,Spanish,Japan,Spanish,Master's Degree,Business,C2,N3,3.2,Referral,2022-03-12,Interviewing
CAN000642,Alejandro,,Anderson,1982-12-24,Prefer not to say,Filipino,Filipino,Japan,Master's Degree,Business,C2,Basic,2.3,Recruitment Agency,2025-11-13,Rejected
CAN000643,Emily,,Torres,1975-05-06,Female,Spanish,Spanish,Japan,Bachelor's Degree,Business,C2,N2,10.9,Recruitment Agency,2022-12-29,Hired
CAN000644,Sofia,,Davis,1979-12-25,Prefer not to say,Japanese,Japanese,Japan,Bachelor's Degree,Other,Native,Basic,3.0,Company Website,2021-02-18,Withdrawn
CAN000645,Alejandro,,Smith,1994-01-26,Non-binary,American,Japan,Japan,Bachelor's Degree,English,C2,N2,9.1,Recruitment Agency,2021-02-08,Rejected
CAN000646,Andres,,Williams,1990-03-08,Male,Brazilian,Brazilian,Japan,Bachelor's Degree,Education,C1,None,6.1,Career Fair,2021-08-17,Interviewing
CAN000647,Alejandro,,Garcia,1982-01-08,Non-binary,Spanish,Spanish,Japan,Diploma,Other,Native,N2,2.0,Company Website,2025-10-16,Rejected
CAN000648,Daniel,,Torres,1986-02-20,Male,American,Japan,Japan,Master's Degree,English,B2,N1,4.0,Indeed,2024-09-28,Interviewing
CAN000649,Alejandro,,Young,1996-11-10,Non-binary,Filipino,Japan,Filipino,Associate Degree,Linguistics,Native,None,10.3,Indeed,2024-03-21,Rejected
CAN000650,David,,Gonzalez,1987-08-24,Prefer not to say,American,Japan,Japan,Associate Degree,English,Native,N3,11.9,Indeed,2026-05-14,Interviewing
CAN000651,James,,Williams,1990-07-16,Non-binary,Japanese,Japanese,Japanese,Master's Degree,Business,B2,N1,6.0,Referral,2025-08-23,Interviewing
CAN000652,Thomas,,Wilson,2001-04-13,Female,Japanese,Japanese,Japan,Master's Degree,Linguistics,Native,Basic,11.9,Company Website,2021-12-09,Withdrawn
CAN000653,Thomas,,Miller,1979-02-02,Female,Filipino,Filipino,Filipino,Master's Degree,Psychology,B2,Basic,2.5,Indeed,2024-12-01,Hired
CAN000654,Sofia,,Gonzalez,1978-12-23,Prefer not to say,Spanish,Spanish,Spanish,Bachelor's Degree,Other,Native,N2,10.0,Career Fair,2022-08-10,Rejected
CAN000655,Carlos,,Gonzalez,1986-03-03,Prefer not to say,American,American,Japan,Master's Degree,Business,C2,N1,8.4,LinkedIn,2023-10-01,Interviewing
CAN000656,Robert,,Martin,1985-08-26,Male,Australian,Japan,Japan,Bachelor's Degree,Psychology,C2,N1,1.9,Recruitment Agency,2021-02-24,Interviewing
CAN000657,Sarah,,Young,1989-09-23,Female,Japanese,Japanese,Japan,Master's Degree,Linguistics,Native,N1,4.5,Indeed,2023-11-23,Rejected
CAN000658,Michael,,Jackson,1976-04-13,Male,Brazilian,Japan,Japan,Diploma,Business,C1,N2,9.9,Indeed,2023-01-23,Hired
CAN000659,Ana,,Brown,1995-07-07,Non-binary,American,American,Japan,Associate Degree,Education,C2,N3,2.0,Company Website,2024-01-11,Hired
CAN000660,Juan,,Jackson,1975-05-07,Male,Mexican,Japan,Japan,Bachelor's Degree,Psychology,B2,None,0.6,Company Website,2023-04-07,Withdrawn
CAN000661,Carlos,,Brown,1999-05-13,Prefer not to say,British,British,Japan,Master's Degree,Other,Native,N3,4.9,Job Board,2026-08-11,Available
CAN000662,Daniel,,Davis,2000-03-01,Male,French,French,Japan,Master's Degree,Other,B2,None,10.6,Company Website,2025-04-15,Rejected
CAN000663,Olivia,,Rodriguez,2000-11-21,Non-binary,Canadian,Canadian,Canadian,Master's Degree,Linguistics,C1,N3,7.5,Recruitment Agency,2022-07-31,Hired
CAN000664,Olivia,,White,1999-11-13,Male,British,Japan,British,Diploma,Education,Native,Basic,9.2,LinkedIn,2023-09-07,Available
CAN000665,Emma,,Walker,2000-02-16,Non-binary,French,French,Japan,Associate Degree,Psychology,C1,N3,1.1,Indeed,2022-01-21,Interviewing
CAN000666,Diego,,Miller,1983-08-21,Prefer not to say,American,American,American,Associate Degree,Business,B2,N1,11.0,Indeed,2022-07-30,Interviewing
CAN000667,James,,Davis,2002-10-11,Prefer not to say,American,American,Japan,Bachelor's Degree,Psychology,Native,Basic,8.4,Referral,2025-03-11,Hired
CAN000668,Alejandro,,Allen,1978-05-13,Male,Japanese,Japanese,Japan,Diploma,Other,Native,N3,5.6,Job Board,2022-10-11,Available
CAN000669,Olivia,,Hall,1989-02-03,Prefer not to say,American,Japan,American,Master's Degree,Business,C1,None,3.8,Referral,2023-01-09,Interviewing
CAN000670,Juan,,White,1998-08-04,Female,French,Japan,Japan,Master's Degree,Other,C2,N3,6.8,Referral,2024-02-15,Interviewing
CAN000671,Miguel,,King,2000-06-26,Female,French,Japan,Japan,Diploma,Linguistics,C1,Basic,1.0,Company Website,2025-10-28,Withdrawn
CAN000672,Michael,,Martinez,1984-12-15,Non-binary,Brazilian,Brazilian,Japan,Bachelor's Degree,Education,B2,N3,11.6,LinkedIn,2025-09-16,Rejected
CAN000673,Juan,,Brown,1988-08-16,Prefer not to say,Spanish,Japan,Japan,Master's Degree,Education,C2,N3,8.0,Career Fair,2022-10-21,Withdrawn
CAN000674,Carlos,,Gonzalez,2003-08-05,Prefer not to say,Filipino,Filipino,Japan,Bachelor's Degree,Business,C2,N2,7.7,Referral,2026-08-08,Hired
CAN000675,Miguel,,Rodriguez,1998-04-14,Non-binary,Japanese,Japanese,Japan,Master's Degree,Other,Native,N3,9.8,Company Website,2022-11-12,Withdrawn
CAN000676,Olivia,,Torres,1991-02-23,Non-binary,French,French,Japan,Diploma,Psychology,C1,None,11.1,Recruitment Agency,2026-08-07,Interviewing
CAN000677,James,,Perez,1992-10-06,Prefer not to say,Spanish,Spanish,Japan,Bachelor's Degree,Education,Native,None,7.8,Referral,2025-11-21,Interviewing
CAN000678,Daniel,,Miller,1998-10-18,Male,French,French,Japan,Diploma,English,C2,N2,6.6,Company Website,2022-02-13,Rejected
CAN000679,Emma,,Miller,1978-06-26,Prefer not to say,Spanish,Spanish,Spanish,Associate Degree,English,C1,N3,10.6,LinkedIn,2026-03-16,Withdrawn
CAN000680,Laura,,Young,2000-07-22,Prefer not to say,Mexican,Mexican,Mexican,Bachelor's Degree,English,C1,N1,9.8,Referral,2023-09-17,Withdrawn
CAN000681,David,,Perez,1993-07-08,Prefer not to say,British,Japan,Japan,Diploma,English,B2,Basic,4.8,LinkedIn,2025-05-23,Available
CAN000682,Jose,,Johnson,1982-02-23,Prefer not to say,Brazilian,Japan,Japan,Associate Degree,Psychology,C2,N3,2.4,Company Website,2022-06-02,Hired
CAN000683,Robert,,Garcia,1995-10-05,Male,Japanese,Japanese,Japan,Bachelor's Degree,Other,C2,N2,7.6,Career Fair,2021-04-24,Withdrawn
CAN000684,Jose,,Sanchez,1995-04-10,Prefer not to say,Brazilian,Japan,Brazilian,Bachelor's Degree,Linguistics,Native,Basic,7.5,Job Board,2023-03-05,Available
CAN000685,Emma,,Lopez,1978-08-20,Non-binary,American,Japan,Japan,Bachelor's Degree,Education,B2,N3,11.0,Indeed,2022-05-18,Interviewing
CAN000686,Daniel,,Miller,2000-01-14,Male,French,French,French,Diploma,Business,C1,N2,9.7,Indeed,2021-10-29,Withdrawn
CAN000687,Carlos,,Young,1980-11-19,Non-binary,American,American,American,Bachelor's Degree,English,C1,None,2.3,Company Website,2021-05-09,Available
CAN000688,Carlos,,Davis,1991-03-07,Male,American,American,American,Master's Degree,Education,C2,N3,3.3,Indeed,2025-02-03,Hired
CAN000689,James,,White,1992-11-10,Prefer not to say,French,Japan,Japan,Associate Degree,English,C2,N3,11.5,Company Website,2026-03-29,Available
CAN000690,Ana,,Lee,1993-05-06,Prefer not to say,French,French,Japan,Associate Degree,Linguistics,Native,N1,4.6,Indeed,2023-04-24,Available
CAN000691,James,,Brown,2003-11-27,Male,French,Japan,Japan,Associate Degree,Psychology,B2,N3,7.2,Job Board,2021-09-21,Available
CAN000692,James,,Taylor,1975-02-06,Non-binary,Spanish,Spanish,Spanish,Master's Degree,Other,C1,N3,1.7,LinkedIn,2024-08-14,Hired
CAN000693,Carlos,,Williams,1997-01-23,Non-binary,British,Japan,Japan,Bachelor's Degree,Business,C1,N1,2.5,Indeed,2024-09-09,Hired
CAN000694,Thomas,,Ramirez,1997-10-26,Prefer not to say,Japanese,Japanese,Japanese,Diploma,Linguistics,C1,Basic,2.4,Career Fair,2021-11-03,Interviewing
CAN000695,William,,Hernandez,1983-07-04,Non-binary,French,French,Japan,Master's Degree,Psychology,Native,N3,0.2,Career Fair,2022-05-24,Available
CAN000696,Carlos,,King,1989-05-05,Male,Mexican,Mexican,Mexican,Bachelor's Degree,Education,B2,None,10.0,Recruitment Agency,2025-07-08,Withdrawn
CAN000697,Diego,,Williams,1999-06-13,Prefer not to say,Brazilian,Brazilian,Brazilian,Diploma,Linguistics,B2,N2,10.2,Company Website,2021-11-23,Withdrawn
CAN000698,Matthew,,Lopez,1975-04-02,Non-binary,Canadian,Japan,Japan,Diploma,English,C2,None,2.3,Career Fair,2021-02-12,Withdrawn
CAN000699,Laura,,Young,1992-01-23,Male,Australian,Australian,Australian,Associate Degree,Education,C1,N3,8.3,Career Fair,2021-08-04,Interviewing
CAN000700,Diego,,White,1980-03-19,Female,American,Japan,Japan,Diploma,Other,B2,None,6.3,Indeed,2026-03-03,Available
CAN000701,William,,Thompson,1990-05-11,Non-binary,British,British,Japan,Associate Degree,Psychology,C2,Basic,8.3,Company Website,2026-06-01,Interviewing
CAN000702,Miguel,,Rodriguez,1975-11-07,Male,Spanish,Spanish,Japan,Associate Degree,Linguistics,B2,Basic,10.2,Company Website,2026-04-02,Rejected
CAN000703,Marco,,King,1986-07-15,Non-binary,Spanish,Spanish,Japan,Associate Degree,Psychology,Native,Basic,5.5,Company Website,2023-04-12,Hired
CAN000704,Marco,,Garcia,2003-08-06,Prefer not to say,Mexican,Mexican,Japan,Bachelor's Degree,Psychology,Native,N3,5.2,Indeed,2023-12-29,Interviewing
CAN000705,John,,Johnson,1991-06-02,Male,Australian,Australian,Japan,Diploma,English,C1,Basic,4.8,Referral,2025-12-13,Withdrawn
CAN000706,John,,Jackson,1990-09-14,Male,Mexican,Mexican,Japan,Bachelor's Degree,Education,C1,Basic,0.8,Company Website,2022-03-24,Withdrawn
CAN000707,Marco,,Young,1994-12-23,Female,Spanish,Spanish,Japan,Associate Degree,Business,C2,Basic,9.4,LinkedIn,2025-07-16,Withdrawn
CAN000708,Jessica,,Jackson,1984-12-01,Prefer not to say,Canadian,Canadian,Japan,Master's Degree,English,C1,None,2.0,LinkedIn,2022-01-22,Interviewing
CAN000709,Alejandro,,Garcia,1996-08-14,Non-binary,Mexican,Japan,Japan,Master's Degree,Other,Native,N1,4.2,Recruitment Agency,2024-09-30,Available
CAN000710,Carlos,,Miller,2002-04-16,Non-binary,Mexican,Japan,Mexican,Master's Degree,English,Native,None,3.7,Job Board,2022-03-25,Withdrawn
CAN000711,Daniel,,Miller,1998-06-18,Prefer not to say,French,French,Japan,Associate Degree,Linguistics,C1,N1,9.3,Career Fair,2023-11-21,Available
CAN000712,William,,Lopez,1983-11-17,Female,Canadian,Canadian,Canadian,Master's Degree,Linguistics,B2,None,2.9,Job Board,2021-03-26,Interviewing
CAN000713,James,,Rodriguez,1998-02-07,Prefer not to say,American,Japan,American,Master's Degree,Linguistics,C1,N3,4.7,Recruitment Agency,2025-03-28,Withdrawn
CAN000714,Andres,,Rodriguez,1976-10-17,Prefer not to say,Japanese,Japanese,Japan,Associate Degree,Linguistics,Native,None,6.0,Job Board,2024-11-07,Rejected
CAN000715,Daniel,,Thompson,1979-09-10,Male,Australian,Japan,Japan,Bachelor's Degree,Business,Native,Basic,3.4,Referral,2022-10-29,Hired
CAN000716,Miguel,,Miller,1984-01-14,Female,Mexican,Mexican,Japan,Associate Degree,Psychology,C2,None,8.6,Indeed,2024-12-13,Rejected
CAN000717,Robert,,Moore,1977-05-08,Female,French,Japan,French,Diploma,Business,B2,None,10.7,LinkedIn,2021-05-12,Available
CAN000718,Andres,,Perez,1993-07-22,Female,Japanese,Japanese,Japan,Diploma,Psychology,C2,N3,3.7,LinkedIn,2024-08-13,Available
CAN000719,Hannah,,Smith,1989-09-06,Prefer not to say,Spanish,Spanish,Japan,Associate Degree,Business,C1,N2,5.6,Recruitment Agency,2025-03-20,Interviewing
CAN000720,Carlos,,King,1992-01-25,Non-binary,American,Japan,American,Associate Degree,English,C1,None,9.1,Recruitment Agency,2025-09-21,Rejected
CAN000721,Michael,,Thompson,1975-08-26,Non-binary,Mexican,Japan,Japan,Bachelor's Degree,Linguistics,Native,N3,6.8,Job Board,2026-03-01,Withdrawn
CAN000722,Emma,,Hernandez,1978-12-19,Prefer not to say,British,British,Japan,Master's Degree,Linguistics,C1,None,9.7,Referral,2021-08-06,Rejected
CAN000723,Daniel,,Martinez,1975-03-20,Female,Brazilian,Brazilian,Japan,Bachelor's Degree,Psychology,B2,N2,0.7,Company Website,2022-05-11,Withdrawn
CAN000724,Michael,,Miller,1980-04-27,Male,Japanese,Japanese,Japan,Bachelor's Degree,English,C2,Basic,2.0,Job Board,2023-12-03,Available
CAN000725,Juan,,Miller,1990-05-10,Non-binary,Japanese,Japanese,Japan,Bachelor's Degree,Business,B2,N2,1.8,LinkedIn,2022-02-14,Interviewing
CAN000726,Daniel,,Moore,1987-01-19,Prefer not to say,Mexican,Mexican,Japan,Associate Degree,English,B2,N2,3.3,Indeed,2024-05-25,Withdrawn
CAN000727,John,,Allen,2002-09-07,Male,Brazilian,Brazilian,Japan,Master's Degree,Linguistics,C1,N2,8.6,Career Fair,2024-11-29,Rejected
CAN000728,Diego,,Walker,1999-11-10,Prefer not to say,American,American,American,Diploma,Psychology,C2,N1,8.5,Referral,2025-06-02,Available
CAN000729,Diego,,Gonzalez,1997-06-19,Prefer not to say,Japanese,Japanese,Japan,Bachelor's Degree,Other,C2,Basic,1.2,Company Website,2024-11-26,Interviewing
CAN000730,Hannah,,Thompson,1990-06-25,Female,British,British,Japan,Diploma,Business,Native,None,7.3,Company Website,2023-08-07,Hired
CAN000731,Emma,,Martin,1977-08-25,Male,Japanese,Japan,Japan,Associate Degree,Education,B2,N2,1.6,Job Board,2025-03-14,Available
CAN000732,Thomas,,Rodriguez,1981-05-16,Female,Australian,Australian,Japan,Master's Degree,Education,Native,None,2.4,Career Fair,2025-11-28,Rejected
CAN000733,Olivia,,Garcia,1986-07-19,Prefer not to say,Filipino,Filipino,Japan,Master's Degree,Psychology,B2,N1,4.2,Referral,2021-10-22,Available
CAN000734,Emma,,Gonzalez,2000-02-15,Male,Spanish,Spanish,Spanish,Associate Degree,Education,Native,N2,2.8,Referral,2025-10-18,Available
CAN000735,David,,Garcia,1982-05-27,Male,Spanish,Japan,Japan,Master's Degree,Linguistics,Native,N1,6.9,Career Fair,2023-10-27,Available
CAN000736,Hannah,,Jackson,1991-05-13,Male,Brazilian,Brazilian,Japan,Associate Degree,Other,Native,None,4.1,LinkedIn,2021-08-21,Rejected
CAN000737,David,,Young,1999-01-05,Non-binary,Brazilian,Japan,Brazilian,Bachelor's Degree,English,B2,None,9.7,Referral,2023-04-17,Available
CAN000738,Jessica,,Hall,1999-01-12,Male,Spanish,Japan,Japan,Diploma,English,C1,None,1.2,Recruitment Agency,2021-10-17,Available
CAN000739,Marco,,Smith,1986-07-16,Male,British,British,Japan,Master's Degree,Psychology,B2,None,6.6,Company Website,2024-05-27,Interviewing
CAN000740,Maria,,Taylor,1997-03-14,Prefer not to say,Brazilian,Brazilian,Japan,Associate Degree,Linguistics,C2,N3,5.2,Company Website,2025-10-15,Rejected
CAN000741,Marco,,Martinez,1993-01-08,Male,Brazilian,Japan,Japan,Master's Degree,Education,Native,None,1.5,Indeed,2025-08-19,Withdrawn
CAN000742,Miguel,,Williams,1986-10-21,Prefer not to say,Australian,Australian,Japan,Bachelor's Degree,Other,Native,None,3.0,Referral,2023-09-28,Rejected
CAN000743,William,,White,1998-06-28,Non-binary,French,Japan,Japan,Associate Degree,Other,C2,N1,10.7,LinkedIn,2023-06-22,Available
CAN000744,John,,Lopez,1976-06-14,Female,Australian,Japan,Japan,Master's Degree,Linguistics,C2,None,4.5,Career Fair,2026-06-15,Rejected
CAN000745,Miguel,,Sanchez,1997-08-21,Male,American,American,Japan,Diploma,Linguistics,Native,None,3.3,Referral,2026-02-02,Interviewing
CAN000746,William,,Garcia,2002-07-13,Prefer not to say,Mexican,Mexican,Japan,Diploma,Psychology,Native,N3,0.4,Career Fair,2025-12-24,Withdrawn
CAN000747,Hannah,,Garcia,1994-06-27,Male,Japanese,Japanese,Japan,Diploma,Business,Native,None,6.6,Job Board,2023-12-12,Withdrawn
CAN000748,Emma,,Wilson,1989-07-19,Prefer not to say,Canadian,Canadian,Canadian,Master's Degree,English,Native,N3,9.6,LinkedIn,2023-12-02,Hired
CAN000749,Marco,,Lee,1992-05-11,Non-binary,Mexican,Mexican,Japan,Associate Degree,Other,Native,None,3.7,Job Board,2025-06-05,Withdrawn
CAN000750,Laura,,Ramirez,2002-03-15,Prefer not to say,Mexican,Mexican,Japan,Associate Degree,Business,C2,N2,0.7,Company Website,2026-03-11,Withdrawn
CAN000751,Olivia,,Jackson,1992-06-03,Non-binary,Canadian,Canadian,Japan,Diploma,English,C2,Basic,1.8,Referral,2025-12-10,Hired
CAN000752,Marco,,Lopez,1995-01-06,Female,Japanese,Japanese,Japan,Associate Degree,Linguistics,Native,N3,6.5,Company Website,2025-12-09,Available
CAN000753,Marco,,Brown,1978-02-17,Female,American,American,Japan,Associate Degree,Other,B2,None,7.7,LinkedIn,2025-12-23,Rejected
CAN000754,Carlos,,Williams,1994-06-11,Non-binary,Filipino,Filipino,Japan,Master's Degree,Linguistics,Native,N3,11.2,Referral,2025-07-30,Hired
CAN000755,Daniel,,Jackson,1981-06-17,Male,British,British,Japan,Master's Degree,Business,Native,None,11.5,Indeed,2024-11-10,Available
CAN000756,John,,Moore,1995-09-24,Male,Brazilian,Brazilian,Brazilian,Diploma,Linguistics,C1,Basic,10.0,LinkedIn,2025-09-09,Rejected
CAN000757,David,,Sanchez,2000-06-08,Male,Filipino,Filipino,Filipino,Diploma,Other,B2,N3,1.0,Referral,2026-02-11,Available
CAN000758,Luis,,King,1986-11-16,Female,French,French,French,Master's Degree,Psychology,C2,N2,8.1,Job Board,2023-08-02,Rejected
CAN000759,Matthew,,Ramirez,2000-05-11,Prefer not to say,American,American,Japan,Master's Degree,Psychology,B2,Basic,10.8,Recruitment Agency,2024-07-09,Hired
CAN000760,Jose,,Lopez,1988-05-25,Male,American,Japan,Japan,Bachelor's Degree,Other,C2,None,1.6,Career Fair,2026-04-09,Available
CAN000761,Hannah,,Taylor,2003-07-12,Female,Spanish,Spanish,Japan,Bachelor's Degree,Linguistics,C1,N1,7.3,Company Website,2022-06-07,Hired
CAN000762,Luis,,Martin,1986-08-14,Prefer not to say,Spanish,Spanish,Japan,Master's Degree,Other,Native,Basic,10.7,Referral,2026-01-17,Available
CAN000763,James,,Thompson,1995-08-13,Non-binary,French,Japan,Japan,Bachelor's Degree,English,C1,N2,4.1,Referral,2024-08-05,Available
CAN000764,Olivia,,Davis,1993-09-28,Non-binary,Australian,Japan,Japan,Master's Degree,Education,C2,N2,6.2,Referral,2025-10-14,Available
CAN000765,David,,Lopez,1986-05-06,Prefer not to say,Australian,Australian,Japan,Master's Degree,Linguistics,C1,N1,9.0,Indeed,2022-05-01,Withdrawn
CAN000766,Alejandro,,Lopez,1981-09-27,Male,Mexican,Japan,Japan,Master's Degree,Education,B2,None,4.4,LinkedIn,2022-11-23,Available
CAN000767,Robert,,Martin,1989-09-05,Male,Australian,Australian,Australian,Diploma,Business,C1,None,10.4,LinkedIn,2026-02-02,Hired
CAN000768,James,,Walker,1977-12-26,Non-binary,American,American,Japan,Bachelor's Degree,Other,C1,None,5.2,Job Board,2023-07-01,Available
CAN000769,David,,Rodriguez,2001-09-22,Prefer not to say,Mexican,Japan,Japan,Master's Degree,Other,C2,N3,5.6,Recruitment Agency,2021-05-26,Rejected
CAN000770,Sofia,,Miller,1984-03-07,Female,Brazilian,Brazilian,Brazilian,Bachelor's Degree,Business,C2,Basic,0.5,Job Board,2021-12-30,Withdrawn
CAN000771,Matthew,,Taylor,1995-10-08,Female,French,Japan,Japan,Master's Degree,Linguistics,B2,N2,9.6,Recruitment Agency,2024-11-29,Available
CAN000772,James,,Wilson,1990-05-04,Non-binary,American,American,American,Diploma,Linguistics,C2,N2,1.4,Recruitment Agency,2023-06-16,Withdrawn
CAN000773,Sarah,,Lopez,1986-12-13,Prefer not to say,French,French,French,Master's Degree,Education,C1,N3,6.1,Career Fair,2022-06-09,Interviewing
CAN000774,Miguel,,Wilson,1999-06-09,Prefer not to say,Spanish,Spanish,Japan,Associate Degree,Education,C1,N2,8.7,LinkedIn,2024-07-24,Hired
CAN000775,Andres,,Anderson,1988-04-19,Male,Brazilian,Japan,Japan,Associate Degree,English,Native,None,9.6,Company Website,2022-11-14,Withdrawn
CAN000776,Hannah,,Brown,1999-09-03,Female,Brazilian,Japan,Japan,Diploma,Other,C2,N3,9.6,LinkedIn,2021-07-21,Withdrawn
CAN000777,Robert,,Rodriguez,1992-12-08,Male,Mexican,Mexican,Mexican,Diploma,Education,C2,N3,3.6,Indeed,2021-02-25,Rejected
CAN000778,Miguel,,Ramirez,1998-02-27,Non-binary,Spanish,Japan,Japan,Bachelor's Degree,Education,B2,None,0.2,Career Fair,2025-03-28,Available
CAN000779,Matthew,,King,1979-02-24,Non-binary,British,Japan,British,Diploma,Psychology,Native,N3,3.3,Indeed,2025-05-22,Hired
CAN000780,Diego,,Smith,1993-08-13,Prefer not to say,Spanish,Spanish,Japan,Diploma,Linguistics,C2,N2,0.2,Recruitment Agency,2024-04-07,Interviewing
CAN000781,James,,Lee,1992-12-04,Male,British,British,Japan,Master's Degree,Business,C1,N2,6.8,Job Board,2026-01-27,Withdrawn
CAN000782,David,,Gonzalez,2000-11-03,Prefer not to say,Brazilian,Brazilian,Japan,Bachelor's Degree,English,B2,N1,10.1,Referral,2022-01-26,Available
CAN000783,Maria,,Sanchez,1976-08-09,Female,Australian,Australian,Australian,Diploma,Education,C1,Basic,9.1,Career Fair,2025-08-14,Interviewing
CAN000784,Thomas,,Miller,1985-11-08,Male,French,Japan,Japan,Diploma,Other,Native,N2,1.5,Company Website,2024-08-11,Rejected
CAN000785,John,,Martin,1978-03-07,Prefer not to say,American,American,Japan,Diploma,English,B2,N2,0.1,Company Website,2025-11-28,Interviewing
CAN000786,Andres,,Martin,2003-11-09,Female,Japanese,Japanese,Japanese,Master's Degree,Psychology,C1,N1,7.3,Recruitment Agency,2024-08-13,Interviewing
CAN000787,Juan,,King,1985-12-24,Prefer not to say,Canadian,Canadian,Japan,Diploma,English,C2,N2,0.8,Company Website,2022-07-09,Withdrawn
CAN000788,Jessica,,Rodriguez,1981-12-04,Prefer not to say,Filipino,Filipino,Japan,Bachelor's Degree,Linguistics,C2,N3,7.5,Indeed,2026-02-22,Withdrawn
CAN000789,Andres,,Hall,2002-07-19,Prefer not to say,Filipino,Japan,Japan,Master's Degree,Education,C2,None,8.8,LinkedIn,2024-06-06,Rejected
CAN000790,Diego,,Moore,1978-03-26,Non-binary,Filipino,Japan,Japan,Diploma,English,C2,None,9.4,Indeed,2025-04-18,Hired
CAN000791,Hannah,,Walker,1994-03-05,Non-binary,French,French,French,Bachelor's Degree,English,B2,N2,8.0,LinkedIn,2022-11-07,Withdrawn
CAN000792,John,,Lee,1978-04-18,Prefer not to say,Spanish,Spanish,Spanish,Associate Degree,Psychology,Native,N1,10.1,Indeed,2025-05-30,Withdrawn
CAN000793,Jessica,,Gonzalez,2001-07-18,Non-binary,French,French,Japan,Diploma,Other,C1,Basic,0.3,LinkedIn,2025-12-14,Interviewing
CAN000794,Maria,,Thompson,1986-12-14,Female,Japanese,Japanese,Japan,Master's Degree,Other,Native,Basic,5.3,Referral,2023-05-26,Rejected
CAN000795,Carlos,,Moore,1984-06-04,Male,Australian,Australian,Japan,Bachelor's Degree,Other,C1,N2,4.8,Job Board,2025-02-19,Withdrawn
CAN000796,Diego,,Smith,1976-10-27,Prefer not to say,French,French,French,Diploma,Other,Native,None,4.4,Referral,2021-05-05,Rejected
CAN000797,Jessica,,Martin,1980-03-03,Male,American,American,Japan,Associate Degree,English,Native,N3,10.0,Career Fair,2025-09-15,Withdrawn
CAN000798,Olivia,,White,1980-10-24,Prefer not to say,Brazilian,Brazilian,Japan,Bachelor's Degree,Education,C2,N1,1.8,LinkedIn,2025-02-09,Hired
CAN000799,Jose,,Anderson,1976-05-20,Male,Brazilian,Brazilian,Japan,Associate Degree,Education,C1,N2,6.8,Job Board,2023-03-25,Hired
CAN000800,Christopher,,King,1989-02-04,Female,Canadian,Canadian,Canadian,Bachelor's Degree,English,Native,Basic,7.7,Recruitment Agency,2022-01-06,Hired
CAN000801,Olivia,,Martin,1982-05-27,Prefer not to say,Canadian,Canadian,Japan,Master's Degree,Linguistics,C2,N1,3.8,Indeed,2023-02-22,Rejected
CAN000802,Diego,,Young,1981-03-10,Prefer not to say,French,French,Japan,Associate Degree,Linguistics,B2,Basic,0.4,Career Fair,2023-11-29,Available
CAN000803,Michael,,Gonzalez,1992-10-07,Non-binary,Filipino,Filipino,Japan,Associate Degree,Education,C2,N3,2.6,LinkedIn,2025-11-13,Hired
CAN000804,Hannah,,Lopez,1991-11-21,Non-binary,French,French,Japan,Diploma,Other,Native,N3,8.4,Job Board,2023-02-03,Withdrawn
CAN000805,Emma,,Young,1975-03-14,Male,Filipino,Filipino,Japan,Associate Degree,Linguistics,C2,N2,6.6,Career Fair,2026-05-02,Hired
CAN000806,Daniel,,Walker,1994-08-19,Female,Spanish,Spanish,Japan,Associate Degree,Psychology,C1,N2,8.1,LinkedIn,2025-11-17,Hired
CAN000807,Hannah,,Young,1982-09-04,Prefer not to say,Spanish,Spanish,Spanish,Master's Degree,Psychology,C2,N3,10.6,Job Board,2025-09-21,Available
CAN000808,Juan,,Moore,1999-03-05,Non-binary,Mexican,Japan,Mexican,Master's Degree,Linguistics,B2,N2,2.0,Company Website,2024-09-26,Rejected
CAN000809,Juan,,Young,1980-05-10,Female,Canadian,Canadian,Japan,Master's Degree,English,C1,None,5.7,LinkedIn,2021-11-26,Hired
CAN000810,William,,Wilson,1996-07-23,Prefer not to say,French,French,Japan,Bachelor's Degree,Business,C2,N3,9.2,Indeed,2023-05-21,Interviewing
CAN000811,Maria,,Williams,2003-05-27,Male,Japanese,Japanese,Japan,Bachelor's Degree,English,C2,Basic,4.4,LinkedIn,2025-10-06,Available
CAN000812,Laura,,Garcia,1994-10-25,Female,American,American,Japan,Bachelor's Degree,English,C1,N2,1.1,Recruitment Agency,2025-06-19,Rejected
CAN000813,Robert,,Gonzalez,1984-05-13,Prefer not to say,Mexican,Mexican,Japan,Diploma,Other,Native,N2,9.7,LinkedIn,2026-05-23,Hired
CAN000814,Emily,,Allen,1987-01-06,Prefer not to say,Canadian,Canadian,Japan,Bachelor's Degree,Business,B2,N2,9.3,LinkedIn,2024-07-30,Interviewing
CAN000815,Diego,,Martin,1995-02-20,Prefer not to say,Brazilian,Brazilian,Japan,Associate Degree,Education,C2,N2,6.4,Recruitment Agency,2026-01-19,Hired
CAN000816,Alejandro,,Garcia,1985-12-19,Prefer not to say,British,British,Japan,Diploma,Linguistics,Native,None,10.4,Recruitment Agency,2023-11-23,Withdrawn
CAN000817,Miguel,,Young,1994-11-12,Non-binary,Spanish,Japan,Japan,Bachelor's Degree,Psychology,C1,Basic,3.5,Recruitment Agency,2023-10-31,Hired
CAN000818,Daniel,,Williams,1984-11-02,Prefer not to say,Filipino,Filipino,Filipino,Bachelor's Degree,Psychology,Native,Basic,8.7,Job Board,2022-04-03,Interviewing
CAN000819,Robert,,Young,1983-06-15,Male,Brazilian,Brazilian,Japan,Associate Degree,Education,C2,N1,11.7,Job Board,2023-09-27,Hired
CAN000820,Michael,,Davis,1998-02-11,Female,Spanish,Japan,Japan,Associate Degree,Other,Native,N2,11.6,Career Fair,2024-05-21,Rejected
CAN000821,Christopher,,Ramirez,1984-10-17,Prefer not to say,Mexican,Mexican,Japan,Diploma,Linguistics,C2,N3,6.0,Company Website,2023-09-26,Available
CAN000822,Michael,,King,1980-11-10,Male,Mexican,Japan,Japan,Master's Degree,Linguistics,C1,N2,7.2,Job Board,2024-01-22,Withdrawn
CAN000823,Daniel,,Sanchez,1982-01-23,Non-binary,British,British,Japan,Diploma,Psychology,B2,N1,3.9,Recruitment Agency,2024-08-22,Interviewing
CAN000824,Hannah,,Wilson,1975-06-11,Female,Filipino,Filipino,Filipino,Diploma,English,C2,N2,3.1,Company Website,2024-08-02,Available
CAN000825,Luis,,Smith,1990-09-12,Non-binary,British,British,British,Associate Degree,Business,B2,None,1.9,Referral,2021-12-07,Rejected
CAN000826,Matthew,,Brown,1993-07-14,Prefer not to say,Australian,Japan,Japan,Diploma,Psychology,C2,N2,7.3,Career Fair,2021-04-06,Hired
CAN000827,Daniel,,Taylor,1981-04-04,Prefer not to say,Canadian,Canadian,Canadian,Associate Degree,English,B2,N1,3.3,Career Fair,2024-03-31,Withdrawn
CAN000828,Emily,,Lopez,1996-11-21,Prefer not to say,Brazilian,Brazilian,Japan,Diploma,Business,B2,N3,9.9,Recruitment Agency,2024-07-25,Rejected
CAN000829,Hannah,,Allen,1980-07-10,Prefer not to say,Brazilian,Brazilian,Brazilian,Bachelor's Degree,Business,B2,N2,4.9,Job Board,2021-01-14,Hired
CAN000830,Matthew,,Sanchez,1979-10-20,Prefer not to say,Japanese,Japan,Japan,Associate Degree,Psychology,C2,Basic,6.8,Recruitment Agency,2021-11-26,Hired
CAN000831,James,,Garcia,1998-10-26,Female,Brazilian,Japan,Japan,Master's Degree,Business,C1,Basic,2.1,Job Board,2025-05-14,Rejected
CAN000832,David,,Gonzalez,1984-02-01,Female,Japanese,Japanese,Japan,Diploma,English,C2,N2,6.0,Company Website,2023-04-28,Available
CAN000833,Laura,,Williams,2002-03-08,Male,American,American,Japan,Diploma,Psychology,B2,N2,0.8,Recruitment Agency,2026-03-09,Withdrawn
CAN000834,Olivia,,White,1992-02-23,Male,French,French,Japan,Diploma,Other,Native,N3,4.8,Referral,2021-04-08,Interviewing
CAN000835,Robert,,Walker,1978-02-05,Male,Japanese,Japanese,Japanese,Associate Degree,Business,C1,Basic,11.0,Career Fair,2023-12-12,Interviewing
CAN000836,Juan,,Ramirez,1978-06-21,Prefer not to say,French,Japan,French,Associate Degree,Linguistics,C1,N2,4.0,Recruitment Agency,2021-10-31,Withdrawn
CAN000837,Christopher,,Ramirez,1994-01-25,Male,Canadian,Canadian,Japan,Associate Degree,Psychology,C1,N3,3.7,Job Board,2022-07-28,Rejected
CAN000838,Christopher,,Smith,1984-08-23,Female,Australian,Australian,Japan,Associate Degree,Business,C1,Basic,0.3,Indeed,2025-12-07,Available
CAN000839,Andres,,Gonzalez,1993-01-09,Prefer not to say,Brazilian,Brazilian,Brazilian,Master's Degree,Linguistics,C2,N1,10.2,LinkedIn,2025-01-31,Available
CAN000840,James,,Taylor,2002-08-21,Prefer not to say,Brazilian,Japan,Japan,Bachelor's Degree,Other,Native,N3,2.7,Indeed,2022-11-24,Rejected
CAN000841,Alejandro,,Ramirez,1994-12-26,Prefer not to say,British,British,Japan,Bachelor's Degree,Other,C2,Basic,4.4,Company Website,2022-05-05,Interviewing
CAN000842,Emily,,Lopez,1985-09-03,Male,Brazilian,Japan,Brazilian,Bachelor's Degree,Business,C2,Basic,3.1,Job Board,2024-01-17,Rejected
CAN000843,Jessica,,King,1995-04-08,Non-binary,Canadian,Canadian,Japan,Bachelor's Degree,Other,C2,None,10.9,Indeed,2026-02-12,Available
CAN000844,Andres,,Hernandez,1981-04-08,Male,French,French,Japan,Bachelor's Degree,English,B2,None,5.3,Recruitment Agency,2026-05-09,Rejected
CAN000845,Daniel,,Wilson,1993-04-20,Prefer not to say,Australian,Japan,Japan,Bachelor's Degree,Other,B2,Basic,7.1,Job Board,2026-06-19,Available
CAN000846,Maria,,Anderson,1975-05-25,Female,Japanese,Japanese,Japan,Diploma,Psychology,C1,N3,3.2,Referral,2025-07-26,Rejected
CAN000847,David,,Ramirez,1996-09-17,Female,French,French,Japan,Associate Degree,Psychology,B2,N2,2.0,Company Website,2024-06-18,Interviewing
CAN000848,Sarah,,Torres,1978-08-11,Female,British,British,British,Associate Degree,Linguistics,B2,None,8.2,Referral,2023-01-19,Rejected
CAN000849,Christopher,,Thompson,1979-06-06,Female,Spanish,Spanish,Spanish,Master's Degree,Linguistics,B2,N1,9.5,Career Fair,2023-02-26,Withdrawn
CAN000850,Marco,,King,1983-08-28,Non-binary,Filipino,Filipino,Japan,Associate Degree,Business,C1,N2,6.8,Career Fair,2024-05-28,Interviewing
CAN000851,Carlos,,Lee,1987-01-14,Non-binary,Canadian,Canadian,Canadian,Master's Degree,English,C1,N3,10.0,Company Website,2024-12-19,Withdrawn
CAN000852,Robert,,Walker,1987-06-18,Prefer not to say,British,Japan,Japan,Bachelor's Degree,Education,C2,Basic,3.9,Recruitment Agency,2023-03-28,Available
CAN000853,William,,Hernandez,1999-11-13,Prefer not to say,British,British,Japan,Bachelor's Degree,Other,C1,N3,6.5,Recruitment Agency,2026-06-18,Withdrawn
CAN000854,Daniel,,Miller,1979-12-03,Female,Spanish,Spanish,Spanish,Master's Degree,Psychology,Native,N2,2.9,Referral,2024-08-22,Available
CAN000855,Maria,,Thompson,1983-09-17,Male,Mexican,Japan,Japan,Associate Degree,Linguistics,B2,Basic,2.2,Recruitment Agency,2024-04-08,Rejected
CAN000856,Daniel,,Brown,1985-04-22,Male,Australian,Australian,Japan,Diploma,Business,B2,N2,9.6,Career Fair,2023-11-27,Available
CAN000857,Miguel,,King,1991-06-01,Non-binary,Mexican,Japan,Mexican,Diploma,Linguistics,C1,None,8.8,Referral,2025-11-26,Hired
CAN000858,Thomas,,Lee,1978-09-06,Female,Japanese,Japan,Japanese,Diploma,Linguistics,B2,N2,10.7,Job Board,2021-12-26,Rejected
CAN000859,Emily,,Williams,1977-03-21,Prefer not to say,French,Japan,Japan,Diploma,Psychology,C1,None,7.5,Recruitment Agency,2024-10-23,Hired
CAN000860,Carlos,,Sanchez,1985-07-05,Non-binary,British,British,Japan,Master's Degree,Psychology,C1,N1,1.8,Career Fair,2023-11-27,Rejected
CAN000861,Juan,,Torres,1980-02-01,Male,Canadian,Canadian,Japan,Associate Degree,English,C2,Basic,3.6,Recruitment Agency,2021-06-11,Withdrawn
CAN000862,Marco,,King,1981-06-01,Prefer not to say,French,French,Japan,Master's Degree,Business,Native,N2,5.3,Indeed,2022-07-17,Rejected
CAN000863,Maria,,Taylor,1993-02-03,Male,Brazilian,Brazilian,Brazilian,Master's Degree,Education,B2,N1,4.3,LinkedIn,2022-12-19,Interviewing
CAN000864,Juan,,Rodriguez,1977-09-12,Prefer not to say,Australian,Australian,Japan,Diploma,Business,B2,None,4.3,LinkedIn,2026-05-12,Hired
CAN000865,Robert,,Allen,1995-05-08,Male,Spanish,Japan,Spanish,Associate Degree,Other,C1,None,1.7,Indeed,2021-12-12,Rejected
CAN000866,Christopher,,Garcia,1979-09-05,Male,French,French,French,Master's Degree,Other,C1,N3,7.4,Career Fair,2022-07-29,Rejected
CAN000867,Robert,,Perez,1980-09-05,Male,Filipino,Japan,Filipino,Bachelor's Degree,Business,C2,N3,4.8,LinkedIn,2023-01-14,Withdrawn
CAN000868,Matthew,,Williams,1975-01-11,Female,French,Japan,Japan,Bachelor's Degree,Psychology,B2,N1,8.7,Indeed,2021-04-27,Rejected
CAN000869,Daniel,,Garcia,1986-04-03,Prefer not to say,American,American,Japan,Diploma,Psychology,B2,Basic,10.3,Career Fair,2025-09-16,Hired
CAN000870,Andres,,Miller,1990-05-05,Male,Brazilian,Brazilian,Japan,Master's Degree,English,C2,N1,1.6,Indeed,2024-08-15,Rejected
CAN000871,Sarah,,Martinez,1998-02-23,Male,Australian,Australian,Australian,Associate Degree,English,C1,N3,8.5,Recruitment Agency,2025-07-13,Available
CAN000872,John,,Davis,1993-05-25,Female,Filipino,Filipino,Japan,Bachelor's Degree,Other,B2,None,9.5,Indeed,2022-06-24,Hired
CAN000873,Alejandro,,Smith,1976-04-06,Prefer not to say,Filipino,Filipino,Japan,Associate Degree,English,B2,N2,11.9,Recruitment Agency,2025-06-14,Available
CAN000874,Diego,,Wilson,1989-02-24,Non-binary,Brazilian,Japan,Brazilian,Master's Degree,Linguistics,C1,N2,9.3,Recruitment Agency,2024-02-19,Hired
CAN000875,Sarah,,Allen,1985-09-09,Male,Filipino,Japan,Japan,Master's Degree,Education,C2,N2,10.0,Company Website,2021-09-16,Available
CAN000876,Jessica,,Torres,1979-06-10,Male,Spanish,Japan,Japan,Master's Degree,Business,C2,Basic,10.1,Indeed,2026-01-28,Hired
CAN000877,Juan,,Martin,1998-06-17,Male,Japanese,Japan,Japanese,Associate Degree,Psychology,C2,N1,2.0,Indeed,2022-09-14,Hired
CAN000878,Sarah,,Perez,1995-11-28,Prefer not to say,Canadian,Japan,Japan,Associate Degree,Education,B2,N3,4.7,Referral,2023-07-16,Interviewing
CAN000879,Olivia,,Miller,1989-06-05,Non-binary,Mexican,Mexican,Japan,Bachelor's Degree,Education,B2,Basic,1.7,Career Fair,2024-05-13,Rejected
CAN000880,Maria,,Walker,1982-07-26,Female,Spanish,Spanish,Japan,Associate Degree,Education,C2,N3,1.7,Recruitment Agency,2022-10-16,Hired
CAN000881,Sofia,,Martin,1993-11-05,Non-binary,French,Japan,Japan,Bachelor's Degree,Other,Native,N1,3.7,Company Website,2023-04-24,Available
CAN000882,William,,Sanchez,1996-08-10,Prefer not to say,Brazilian,Brazilian,Brazilian,Associate Degree,Linguistics,Native,N2,10.1,LinkedIn,2022-05-27,Hired
CAN000883,Emily,,Anderson,1988-10-06,Male,Australian,Australian,Japan,Associate Degree,English,B2,N2,5.1,Job Board,2026-06-19,Hired
CAN000884,Emma,,Lee,1983-12-24,Non-binary,Australian,Australian,Japan,Associate Degree,Linguistics,Native,None,1.2,Career Fair,2024-02-04,Interviewing
CAN000885,Marco,,Moore,1990-04-19,Prefer not to say,Australian,Australian,Japan,Diploma,Psychology,B2,None,7.2,Referral,2025-11-12,Hired
CAN000886,Christopher,,Lopez,1978-04-12,Male,Spanish,Spanish,Japan,Diploma,Business,Native,N2,9.8,Job Board,2025-09-24,Interviewing
CAN000887,Sarah,,King,1975-04-19,Non-binary,Mexican,Mexican,Japan,Diploma,Education,B2,N3,4.3,Job Board,2023-01-11,Withdrawn
CAN000888,James,,Sanchez,1983-08-26,Non-binary,Filipino,Japan,Japan,Master's Degree,English,C1,N2,9.0,Career Fair,2021-07-15,Rejected
CAN000889,Emma,,Miller,2002-02-11,Female,Japanese,Japanese,Japan,Associate Degree,Education,Native,N2,3.8,Recruitment Agency,2024-12-11,Rejected
CAN000890,Maria,,Taylor,1981-05-28,Prefer not to say,Filipino,Japan,Japan,Master's Degree,English,C1,None,1.3,Referral,2026-06-12,Withdrawn
CAN000891,Hannah,,Davis,1997-11-18,Prefer not to say,Brazilian,Brazilian,Japan,Bachelor's Degree,English,Native,None,8.5,Job Board,2024-04-28,Interviewing
CAN000892,Emma,,Ramirez,1979-12-11,Prefer not to say,Spanish,Spanish,Japan,Associate Degree,Psychology,Native,N3,12.0,Recruitment Agency,2024-12-20,Hired
CAN000893,Marco,,Wilson,1979-11-09,Female,French,French,Japan,Master's Degree,Business,C2,Basic,0.1,Indeed,2021-04-18,Hired
CAN000894,Emma,,Jackson,1990-08-14,Prefer not to say,Spanish,Spanish,Japan,Diploma,Other,C1,N3,9.6,LinkedIn,2023-02-27,Interviewing
CAN000895,James,,Brown,2003-04-11,Female,American,American,American,Master's Degree,Psychology,C2,None,11.8,Career Fair,2025-01-02,Available
CAN000896,Jessica,,Miller,1992-06-04,Female,Filipino,Filipino,Japan,Bachelor's Degree,Business,B2,N2,7.1,Company Website,2023-07-23,Rejected
CAN000897,Carlos,,Wilson,1989-09-21,Female,Filipino,Filipino,Japan,Associate Degree,Education,C1,N1,3.0,Job Board,2021-08-24,Hired
CAN000898,Jessica,,Jackson,1990-07-23,Prefer not to say,Spanish,Spanish,Japan,Associate Degree,Linguistics,C2,N1,9.6,Referral,2022-07-01,Interviewing
CAN000899,Alejandro,,Lee,1992-11-19,Male,Mexican,Mexican,Mexican,Associate Degree,Psychology,Native,None,7.4,Referral,2024-07-12,Interviewing
CAN000900,Sofia,,Perez,1998-04-08,Prefer not to say,Canadian,Canadian,Japan,Associate Degree,Education,Native,N2,6.9,Job Board,2023-01-05,Interviewing
CAN000901,Ana,,Johnson,1987-12-16,Non-binary,Filipino,Filipino,Japan,Diploma,Linguistics,B2,None,2.2,Recruitment Agency,2022-07-22,Rejected
CAN000902,Marco,,Brown,1995-11-03,Non-binary,French,French,French,Bachelor's Degree,Psychology,Native,N3,1.1,Company Website,2024-10-23,Available
CAN000903,Carlos,,Garcia,1985-07-10,Male,Japanese,Japan,Japan,Master's Degree,Other,B2,Basic,6.4,LinkedIn,2021-04-24,Hired
CAN000904,Emma,,Thompson,1979-10-12,Female,French,French,Japan,Diploma,Education,Native,N1,10.7,Career Fair,2022-12-26,Hired
CAN000905,Ana,,King,1984-05-04,Female,Canadian,Japan,Japan,Diploma,English,C2,N1,11.0,Recruitment Agency,2024-11-30,Available
CAN000906,Laura,,Taylor,2000-08-04,Female,Filipino,Filipino,Japan,Diploma,English,B2,None,4.3,Recruitment Agency,2021-09-26,Available
CAN000907,Daniel,,Allen,1991-02-22,Prefer not to say,Brazilian,Japan,Japan,Master's Degree,Linguistics,C1,Basic,5.4,Indeed,2024-08-05,Withdrawn
CAN000908,Emily,,Johnson,1987-07-13,Male,French,French,Japan,Diploma,Psychology,B2,N3,6.0,Career Fair,2021-12-04,Withdrawn
CAN000909,Maria,,Thompson,1997-01-17,Non-binary,British,Japan,British,Master's Degree,Other,C1,None,6.4,Company Website,2021-06-20,Withdrawn
CAN000910,Michael,,Rodriguez,1986-09-02,Female,Brazilian,Brazilian,Japan,Bachelor's Degree,English,Native,N2,11.4,Indeed,2025-11-12,Withdrawn
CAN000911,Luis,,White,1981-08-07,Female,Mexican,Japan,Mexican,Bachelor's Degree,Linguistics,Native,Basic,7.9,Career Fair,2021-03-05,Withdrawn
CAN000912,Jose,,Taylor,2001-04-12,Female,Mexican,Mexican,Japan,Associate Degree,Business,C1,Basic,11.3,Job Board,2025-07-05,Withdrawn
CAN000913,Robert,,White,1975-07-27,Female,Spanish,Japan,Japan,Diploma,Linguistics,Native,N2,0.5,Career Fair,2025-08-22,Interviewing
CAN000914,Alejandro,,Thompson,1997-04-03,Prefer not to say,American,American,Japan,Associate Degree,English,C1,N2,3.4,LinkedIn,2022-04-14,Withdrawn
CAN000915,Emma,,Moore,1983-02-25,Female,Spanish,Japan,Spanish,Diploma,English,C2,N1,11.9,Recruitment Agency,2022-05-05,Interviewing
CAN000916,Daniel,,Lopez,1982-01-27,Male,Canadian,Canadian,Japan,Associate Degree,Business,C2,N2,7.2,Company Website,2025-05-09,Available
CAN000917,Maria,,Rodriguez,1999-04-24,Female,Mexican,Mexican,Japan,Associate Degree,English,C1,N2,2.4,Job Board,2024-07-26,Hired
CAN000918,Michael,,Taylor,1979-05-17,Female,British,British,Japan,Diploma,Education,B2,None,10.1,Referral,2021-09-18,Available
CAN000919,Andres,,Wilson,1980-03-18,Male,Mexican,Mexican,Japan,Bachelor's Degree,Psychology,C2,N3,4.4,Indeed,2024-07-24,Hired
CAN000920,Sarah,,Sanchez,1975-07-01,Male,Spanish,Japan,Spanish,Bachelor's Degree,Psychology,Native,None,7.8,Recruitment Agency,2021-08-28,Available
CAN000921,Emily,,Taylor,1984-11-20,Female,French,French,French,Associate Degree,Linguistics,B2,N2,11.0,Indeed,2025-05-04,Interviewing
CAN000922,Thomas,,Young,1986-04-05,Prefer not to say,Canadian,Japan,Canadian,Master's Degree,Linguistics,Native,N2,9.7,Indeed,2024-03-20,Hired
CAN000923,Daniel,,Johnson,1997-09-28,Non-binary,Spanish,Spanish,Japan,Diploma,Business,B2,N2,8.8,Recruitment Agency,2023-07-19,Interviewing
CAN000924,Daniel,,Brown,1985-06-22,Female,Canadian,Canadian,Canadian,Master's Degree,Psychology,C2,N1,4.4,Recruitment Agency,2025-06-22,Available
CAN000925,Emma,,Lee,2000-07-12,Prefer not to say,British,British,Japan,Diploma,Linguistics,B2,None,2.4,LinkedIn,2024-06-11,Available
CAN000926,Olivia,,Perez,1996-07-17,Male,Canadian,Canadian,Canadian,Diploma,Psychology,C2,N3,11.8,Job Board,2025-11-04,Available
CAN000927,Maria,,Gonzalez,1995-07-19,Prefer not to say,Canadian,Canadian,Japan,Master's Degree,Business,C1,N1,11.2,Referral,2023-03-22,Available
CAN000928,Sofia,,Smith,2003-01-22,Male,American,Japan,Japan,Bachelor's Degree,Linguistics,Native,N3,11.2,LinkedIn,2022-02-02,Rejected
CAN000929,Sofia,,Gonzalez,1981-05-27,Non-binary,Filipino,Filipino,Japan,Diploma,Business,C1,Basic,3.5,Company Website,2021-09-28,Available
CAN000930,Jose,,Young,2003-03-06,Prefer not to say,American,American,Japan,Diploma,Other,C1,Basic,11.7,Job Board,2025-08-28,Rejected
CAN000931,Hannah,,Anderson,1978-01-05,Female,French,Japan,Japan,Associate Degree,Business,C2,N2,10.7,Recruitment Agency,2025-04-10,Available
CAN000932,James,,Young,1985-02-12,Non-binary,Canadian,Canadian,Japan,Master's Degree,Education,C2,N3,3.5,Career Fair,2021-10-10,Hired
CAN000933,James,,Jackson,2000-08-01,Non-binary,Canadian,Canadian,Japan,Associate Degree,Psychology,Native,N2,3.8,Indeed,2025-09-08,Hired
CAN000934,Emily,,Sanchez,1997-05-09,Non-binary,Spanish,Spanish,Japan,Diploma,Other,Native,N3,6.6,Indeed,2026-01-13,Available
CAN000935,Carlos,,Martin,1993-01-10,Prefer not to say,British,British,British,Associate Degree,Other,B2,N3,4.4,Referral,2025-04-09,Interviewing
CAN000936,Robert,,White,1985-03-12,Non-binary,Brazilian,Brazilian,Japan,Diploma,Other,Native,N3,10.3,Company Website,2023-12-08,Hired
CAN000937,Ana,,Gonzalez,2000-02-08,Female,Canadian,Canadian,Japan,Master's Degree,Education,Native,None,8.7,Job Board,2021-11-01,Withdrawn
CAN000938,Emma,,King,1994-02-05,Male,Filipino,Filipino,Filipino,Bachelor's Degree,Other,C2,Basic,11.0,Company Website,2026-03-03,Rejected
CAN000939,Luis,,White,1977-01-14,Male,British,British,Japan,Master's Degree,Business,C2,N2,7.3,Indeed,2023-08-13,Interviewing
CAN000940,Andres,,Martin,1996-10-28,Male,French,French,Japan,Master's Degree,Linguistics,C2,N1,6.9,Indeed,2021-09-08,Hired
CAN000941,Jessica,,Lee,1977-04-06,Non-binary,British,British,Japan,Associate Degree,English,B2,N3,9.9,Job Board,2024-08-09,Rejected
CAN000942,John,,Garcia,1995-11-09,Male,Canadian,Canadian,Japan,Bachelor's Degree,Psychology,B2,None,8.1,Job Board,2024-02-27,Interviewing
CAN000943,Carlos,,Martin,1996-02-11,Male,Japanese,Japanese,Japan,Associate Degree,Business,C1,N2,4.4,LinkedIn,2025-01-20,Interviewing
CAN000944,David,,Wilson,1998-04-08,Prefer not to say,Mexican,Mexican,Japan,Diploma,Linguistics,B2,N2,10.4,Recruitment Agency,2022-11-30,Interviewing
CAN000945,Alejandro,,Gonzalez,1998-07-14,Prefer not to say,Canadian,Japan,Canadian,Master's Degree,Business,C1,None,5.2,Career Fair,2021-04-11,Rejected
CAN000946,Alejandro,,Moore,1980-04-04,Non-binary,Spanish,Spanish,Japan,Bachelor's Degree,Business,B2,Basic,3.6,Career Fair,2021-03-09,Available
CAN000947,Diego,,Sanchez,1981-08-20,Female,Spanish,Spanish,Japan,Bachelor's Degree,Linguistics,Native,None,11.4,Job Board,2026-08-07,Interviewing
CAN000948,Matthew,,Torres,1979-04-17,Male,British,Japan,Japan,Master's Degree,Linguistics,C1,N1,5.1,Company Website,2026-07-18,Available
CAN000949,Alejandro,,Davis,1984-06-24,Prefer not to say,Canadian,Canadian,Japan,Diploma,Linguistics,B2,Basic,2.5,LinkedIn,2025-03-10,Rejected
CAN000950,Hannah,,Allen,2003-06-21,Non-binary,Australian,Australian,Japan,Master's Degree,Linguistics,C2,N1,7.3,Career Fair,2026-05-05,Rejected
CAN000951,William,,Moore,1990-01-11,Non-binary,Spanish,Spanish,Spanish,Diploma,Business,C1,None,5.4,Career Fair,2022-01-27,Rejected
CAN000952,Ana,,Lee,1983-12-05,Female,Mexican,Mexican,Japan,Associate Degree,Linguistics,B2,N1,1.8,LinkedIn,2025-01-30,Withdrawn
CAN000953,William,,Williams,1994-09-07,Non-binary,Japanese,Japanese,Japan,Master's Degree,Psychology,C1,Basic,9.5,Recruitment Agency,2023-02-10,Hired
CAN000954,Andres,,Ramirez,1981-03-10,Prefer not to say,Mexican,Mexican,Japan,Diploma,English,B2,N2,6.7,Referral,2021-04-14,Interviewing
CAN000955,Maria,,Williams,1978-05-15,Prefer not to say,British,British,Japan,Master's Degree,Linguistics,Native,None,0.6,LinkedIn,2024-02-05,Available
CAN000956,William,,Brown,1979-06-27,Prefer not to say,Brazilian,Brazilian,Japan,Diploma,English,C1,N1,10.0,Company Website,2025-03-17,Withdrawn
CAN000957,David,,Moore,1999-10-02,Male,Canadian,Canadian,Japan,Bachelor's Degree,Psychology,C2,Basic,1.1,LinkedIn,2021-08-17,Withdrawn
CAN000958,David,,Martinez,1988-06-25,Male,French,French,Japan,Diploma,Other,C2,N1,9.9,Career Fair,2021-10-12,Rejected
CAN000959,Daniel,,Perez,1978-05-08,Male,Mexican,Mexican,Japan,Master's Degree,Business,Native,None,2.6,Indeed,2023-09-08,Rejected
CAN000960,Emma,,Gonzalez,1991-06-11,Non-binary,Spanish,Spanish,Japan,Diploma,Psychology,Native,None,2.4,Company Website,2025-05-07,Rejected
CAN000961,Marco,,Moore,1990-01-12,Female,Japanese,Japanese,Japanese,Master's Degree,Psychology,Native,N1,3.4,Referral,2021-11-27,Withdrawn
CAN000962,John,,Taylor,1980-04-25,Non-binary,Filipino,Filipino,Japan,Associate Degree,Business,Native,N2,7.2,Job Board,2023-11-16,Available
CAN000963,Maria,,Taylor,1981-03-04,Female,Spanish,Spanish,Spanish,Associate Degree,Other,C2,N1,9.8,LinkedIn,2021-06-20,Interviewing
CAN000964,Miguel,,Smith,1995-04-19,Non-binary,British,British,Japan,Master's Degree,Linguistics,C2,N2,11.4,Recruitment Agency,2023-10-31,Withdrawn
CAN000965,Daniel,,Taylor,1994-03-16,Female,Brazilian,Brazilian,Japan,Bachelor's Degree,Education,Native,N1,0.6,Company Website,2026-05-21,Withdrawn
CAN000966,Hannah,,Garcia,1984-08-13,Female,American,American,Japan,Diploma,Other,C1,None,3.4,Job Board,2022-10-16,Hired
CAN000967,Andres,,Lee,1976-02-10,Female,Australian,Australian,Japan,Bachelor's Degree,Business,C2,None,1.4,Job Board,2022-08-04,Rejected
CAN000968,Daniel,,Allen,2003-10-23,Prefer not to say,Australian,Australian,Japan,Master's Degree,English,Native,N2,8.1,Company Website,2024-01-24,Hired
CAN000969,William,,Johnson,2001-08-14,Male,Mexican,Mexican,Japan,Associate Degree,Other,C1,N2,2.4,LinkedIn,2022-12-18,Hired
CAN000970,Sarah,,Ramirez,2002-04-08,Male,Mexican,Japan,Mexican,Diploma,Psychology,B2,Basic,8.6,Job Board,2026-01-09,Hired
CAN000971,Andres,,Brown,1977-10-12,Non-binary,French,French,Japan,Associate Degree,Other,C2,N3,8.8,LinkedIn,2026-02-12,Interviewing
CAN000972,Jose,,Moore,1987-06-15,Prefer not to say,Australian,Australian,Japan,Diploma,Linguistics,B2,None,7.2,Indeed,2024-11-24,Withdrawn
CAN000973,Hannah,,Brown,1995-08-15,Female,Mexican,Mexican,Japan,Master's Degree,Psychology,C2,Basic,9.9,Recruitment Agency,2022-11-04,Hired
CAN000974,Laura,,Johnson,2003-02-17,Male,Brazilian,Brazilian,Japan,Master's Degree,Other,C2,N3,5.9,LinkedIn,2021-06-21,Withdrawn
CAN000975,Thomas,,King,1987-09-22,Prefer not to say,British,British,Japan,Bachelor's Degree,English,B2,Basic,10.0,Career Fair,2025-05-28,Rejected
CAN000976,Jessica,,Garcia,2003-09-26,Male,French,French,Japan,Associate Degree,English,B2,N3,9.9,Referral,2022-03-18,Hired
CAN000977,Laura,,Rodriguez,1975-01-01,Male,American,American,Japan,Diploma,Education,B2,N3,7.9,Company Website,2024-04-26,Available
CAN000978,Andres,,Williams,1987-06-07,Prefer not to say,Spanish,Spanish,Japan,Bachelor's Degree,Other,B2,None,6.0,LinkedIn,2024-05-29,Hired
CAN000979,Diego,,White,1990-07-25,Non-binary,Spanish,Japan,Japan,Diploma,Education,B2,None,11.6,Career Fair,2022-02-06,Hired
CAN000980,William,,Ramirez,1992-02-03,Non-binary,American,American,Japan,Diploma,Education,C1,N3,6.6,Job Board,2023-10-03,Interviewing
CAN000981,Juan,,Jackson,1988-02-01,Male,Japanese,Japan,Japanese,Diploma,Education,C2,N2,3.3,Referral,2022-06-10,Interviewing
CAN000982,Ana,,King,1992-11-24,Prefer not to say,Australian,Australian,Japan,Diploma,Linguistics,C2,None,3.5,LinkedIn,2021-07-19,Interviewing
CAN000983,Daniel,,Thompson,1979-02-07,Prefer not to say,French,Japan,Japan,Master's Degree,Business,Native,N3,2.2,LinkedIn,2026-05-29,Available
CAN000984,Emma,,Miller,1982-12-15,Female,American,American,Japan,Bachelor's Degree,Business,B2,N3,9.5,Recruitment Agency,2022-04-21,Hired
CAN000985,Jessica,,Davis,2003-12-12,Non-binary,Spanish,Spanish,Japan,Diploma,Education,Native,None,3.2,Job Board,2022-03-12,Withdrawn
CAN000986,William,,Taylor,1991-04-05,Female,Mexican,Mexican,Japan,Diploma,Other,C1,N1,3.2,Company Website,2022-05-11,Rejected
CAN000987,Christopher,,Johnson,1978-09-02,Female,British,British,Japan,Diploma,Education,C1,None,6.1,Company Website,2023-08-10,Hired
CAN000988,John,,Thompson,1983-10-17,Female,Australian,Australian,Australian,Master's Degree,Business,C2,Basic,8.0,Recruitment Agency,2021-02-06,Interviewing
CAN000989,Juan,,Lopez,1980-07-18,Female,Canadian,Japan,Japan,Bachelor's Degree,Business,Native,N1,2.0,Job Board,2021-10-18,Interviewing
CAN000990,Laura,,Smith,1986-04-27,Prefer not to say,Spanish,Spanish,Japan,Associate Degree,Business,Native,Basic,8.1,LinkedIn,2023-12-12,Interviewing
CAN000991,Daniel,,Jackson,2001-04-24,Prefer not to say,French,French,Japan,Master's Degree,English,C1,N2,9.3,Recruitment Agency,2022-06-06,Available
CAN000992,Carlos,,Johnson,1977-09-03,Prefer not to say,Mexican,Mexican,Japan,Associate Degree,Linguistics,C1,N3,10.3,Recruitment Agency,2022-08-20,Available
CAN000993,William,,Taylor,1999-12-19,Prefer not to say,French,Japan,Japan,Bachelor's Degree,Linguistics,C1,N3,10.5,Referral,2022-07-17,Available
CAN000994,Marco,,Williams,2003-06-08,Female,Filipino,Japan,Filipino,Diploma,Linguistics,C1,N1,5.1,Job Board,2023-02-23,Rejected
CAN000995,Maria,,Jackson,2003-03-26,Non-binary,British,British,Japan,Associate Degree,English,B2,N1,6.2,Company Website,2024-04-23,Withdrawn
CAN000996,Emily,,Sanchez,1981-10-26,Prefer not to say,Canadian,Canadian,Canadian,Diploma,Business,C1,N1,5.5,LinkedIn,2024-10-13,Rejected
CAN000997,Diego,,Jackson,1977-05-04,Male,Brazilian,Brazilian,Brazilian,Associate Degree,Business,B2,N1,7.0,LinkedIn,2025-03-23,Available
CAN000998,Christopher,,Johnson,1981-05-02,Prefer not to say,French,French,Japan,Associate Degree,Education,C2,Basic,1.5,Career Fair,2025-10-18,Hired
CAN000999,Miguel,,Allen,1977-05-04,Prefer not to say,Canadian,Canadian,Canadian,Bachelor's Degree,Education,Native,N3,11.7,Job Board,2024-01-05,Withdrawn
CAN001000,Andres,,Johnson,1982-04-08,Female,Brazilian,Brazilian,Japan,Associate Degree,English,C2,N2,2.4,Referral,2023-12-29,Hired
CAN001001,Jose,,Martinez,1993-12-20,Female,French,Japan,Japan,Master's Degree,English,B2,N1,2.0,Indeed,2024-01-10,Rejected
CAN001002,Diego,,Lopez,1975-04-22,Prefer not to say,Spanish,Spanish,Japan,Master's Degree,Education,Native,N2,8.5,Recruitment Agency,2024-06-17,Rejected
CAN001003,Sofia,,Young,1987-10-25,Non-binary,Mexican,Mexican,Japan,Diploma,Business,C1,N3,0.2,Referral,2025-04-07,Available
CAN001004,Michael,,Hall,1989-10-07,Prefer not to say,Canadian,Canadian,Japan,Diploma,English,C2,N3,4.2,LinkedIn,2025-03-08,Rejected
CAN001005,Jessica,,Torres,2003-04-13,Female,Mexican,Mexican,Japan,Bachelor's Degree,Business,Native,N2,6.9,LinkedIn,2026-04-08,Interviewing
CAN001006,Carlos,,Miller,1988-12-15,Non-binary,American,American,Japan,Associate Degree,Linguistics,B2,Basic,2.0,Career Fair,2025-10-04,Available
CAN001007,Emily,,Davis,1994-09-26,Non-binary,Mexican,Mexican,Mexican,Master's Degree,Education,C2,None,7.4,Referral,2023-03-13,Hired
CAN001008,Diego,,Martinez,1991-05-15,Prefer not to say,Australian,Australian,Japan,Master's Degree,English,B2,N3,2.0,Company Website,2022-09-03,Rejected
CAN001009,Emma,,Martinez,1994-01-19,Prefer not to say,Australian,Japan,Japan,Master's Degree,Education,C2,N1,8.6,Company Website,2022-12-22,Hired
CAN001010,Diego,,Hall,2000-03-18,Non-binary,French,French,Japan,Master's Degree,Psychology,C2,Basic,9.4,LinkedIn,2022-05-24,Rejected
CAN001011,Maria,,Ramirez,1991-01-17,Male,Spanish,Spanish,Japan,Master's Degree,English,C1,N1,9.4,Recruitment Agency,2021-08-21,Rejected
CAN001012,Daniel,,Perez,1997-02-23,Male,Canadian,Canadian,Japan,Diploma,English,Native,N3,5.5,Career Fair,2023-10-14,Interviewing
CAN001013,Sarah,,Lee,1987-09-18,Non-binary,Brazilian,Japan,Japan,Diploma,Linguistics,B2,Basic,6.0,Recruitment Agency,2025-07-13,Rejected
CAN001014,Ana,,Hernandez,1981-02-20,Prefer not to say,Australian,Australian,Japan,Associate Degree,Linguistics,Native,N3,5.8,Career Fair,2025-02-14,Hired
CAN001015,Juan,,Johnson,1999-11-25,Female,French,French,French,Associate Degree,Business,C2,Basic,0.2,Indeed,2022-08-26,Interviewing
CAN001016,Diego,,Miller,1987-08-23,Prefer not to say,Filipino,Filipino,Filipino,Bachelor's Degree,English,C2,None,3.5,Company Website,2026-03-21,Withdrawn
CAN001017,Daniel,,King,1987-11-28,Non-binary,American,Japan,Japan,Diploma,Education,B2,None,4.2,Indeed,2025-11-11,Withdrawn
CAN001018,Hannah,,Davis,1980-01-04,Male,Brazilian,Brazilian,Japan,Associate Degree,Education,B2,N2,4.0,Referral,2022-08-21,Interviewing
CAN001019,James,,Jackson,1985-05-12,Prefer not to say,Brazilian,Japan,Japan,Diploma,Psychology,Native,N1,8.7,Referral,2021-07-28,Available
CAN001020,Luis,,Gonzalez,2001-07-11,Female,Australian,Australian,Japan,Diploma,Linguistics,B2,Basic,0.5,LinkedIn,2025-12-07,Hired
CAN001021,Alejandro,,Rodriguez,1988-10-07,Non-binary,Canadian,Japan,Japan,Master's Degree,Education,Native,Basic,10.3,LinkedIn,2025-09-07,Interviewing
CAN001022,Ana,,Martinez,1982-08-06,Prefer not to say,American,Japan,Japan,Associate Degree,Psychology,C1,N2,11.5,LinkedIn,2026-07-15,Available
CAN001023,Thomas,,Wilson,2003-12-11,Non-binary,Brazilian,Japan,Japan,Master's Degree,English,Native,N2,5.8,LinkedIn,2024-08-30,Available
CAN001024,Andres,,Miller,1998-07-02,Female,Australian,Australian,Japan,Master's Degree,English,B2,Basic,11.1,Job Board,2024-05-15,Available
CAN001025,John,,Brown,1988-12-13,Male,Japanese,Japanese,Japan,Diploma,Other,Native,N3,11.1,Company Website,2025-09-14,Interviewing
CAN001026,Michael,,Hall,1988-03-14,Non-binary,Mexican,Mexican,Japan,Master's Degree,Business,B2,N2,7.1,Recruitment Agency,2026-04-23,Interviewing
CAN001027,Emma,,Sanchez,1984-04-20,Non-binary,Filipino,Filipino,Japan,Bachelor's Degree,Education,Native,None,9.6,Company Website,2022-11-07,Rejected
CAN001028,Thomas,,Johnson,1990-02-26,Female,Mexican,Mexican,Japan,Associate Degree,Linguistics,C1,N1,1.1,Indeed,2022-09-15,Withdrawn
CAN001029,David,,Lopez,1976-10-03,Female,Japanese,Japan,Japan,Diploma,Business,Native,N3,7.1,Referral,2021-06-11,Available
CAN001030,Luis,,Hall,1994-05-05,Non-binary,French,French,Japan,Bachelor's Degree,Business,C2,N3,0.4,Career Fair,2021-09-24,Withdrawn
CAN001031,Sarah,,Perez,1997-08-26,Non-binary,Filipino,Filipino,Filipino,Diploma,Business,C2,N3,8.0,Indeed,2026-01-28,Rejected
CAN001032,Daniel,,Gonzalez,1997-03-02,Male,Mexican,Mexican,Japan,Diploma,English,C2,None,3.4,LinkedIn,2021-11-22,Withdrawn
CAN001033,Christopher,,Sanchez,1997-08-14,Non-binary,American,Japan,American,Master's Degree,Business,Native,N3,1.9,Indeed,2025-08-06,Withdrawn
CAN001034,Luis,,Hernandez,1976-05-13,Prefer not to say,French,Japan,Japan,Associate Degree,Business,C2,N3,8.9,Job Board,2023-02-04,Interviewing
CAN001035,Sarah,,Williams,1999-10-28,Female,Mexican,Japan,Mexican,Diploma,Education,B2,N3,1.8,Indeed,2023-01-24,Rejected
CAN001036,John,,Jackson,1990-05-07,Male,Spanish,Spanish,Japan,Associate Degree,Psychology,C1,N3,0.0,Recruitment Agency,2023-01-10,Available
CAN001037,Juan,,Rodriguez,1979-06-22,Female,Brazilian,Brazilian,Japan,Bachelor's Degree,Business,C1,N1,12.0,Recruitment Agency,2024-01-26,Hired
CAN001038,Andres,,Williams,1975-07-19,Prefer not to say,French,Japan,French,Master's Degree,Linguistics,C2,N2,3.2,Job Board,2021-09-15,Hired
CAN001039,Laura,,Sanchez,1996-10-09,Female,Australian,Australian,Japan,Diploma,English,B2,None,5.2,Company Website,2025-06-06,Withdrawn
CAN001040,Thomas,,Hall,2003-09-14,Non-binary,Brazilian,Japan,Brazilian,Bachelor's Degree,Business,C2,N1,7.9,LinkedIn,2021-03-08,Hired
CAN001041,Emma,,Sanchez,1987-09-24,Female,Canadian,Canadian,Japan,Diploma,Education,C1,Basic,11.4,Company Website,2024-09-07,Hired
CAN001042,Alejandro,,King,1998-12-09,Prefer not to say,Australian,Australian,Japan,Diploma,English,C2,N3,1.2,LinkedIn,2022-11-24,Withdrawn
CAN001043,Thomas,,White,1992-11-03,Male,Canadian,Japan,Canadian,Bachelor's Degree,Linguistics,C2,None,9.2,LinkedIn,2021-11-09,Hired
CAN001044,John,,Lee,2001-09-15,Non-binary,French,Japan,Japan,Associate Degree,Education,C1,Basic,4.7,Indeed,2022-05-16,Available
CAN001045,Diego,,Martin,1975-10-26,Non-binary,American,American,Japan,Master's Degree,Business,C1,None,4.1,Recruitment Agency,2021-12-20,Interviewing
CAN001046,Daniel,,Walker,1991-07-07,Prefer not to say,British,Japan,Japan,Bachelor's Degree,Other,C2,N2,6.7,Recruitment Agency,2022-11-18,Interviewing
CAN001047,David,,Smith,1986-04-02,Non-binary,French,French,Japan,Associate Degree,Other,C1,N2,9.0,Company Website,2021-05-30,Withdrawn
CAN001048,Emma,,Anderson,1977-03-27,Male,Japanese,Japanese,Japan,Diploma,Business,C1,None,7.5,Company Website,2022-01-29,Withdrawn
CAN001049,Marco,,Torres,1992-07-10,Non-binary,American,American,Japan,Master's Degree,Other,C1,N2,12.0,LinkedIn,2021-06-09,Withdrawn
CAN001050,Emma,,Johnson,1977-09-12,Non-binary,French,French,Japan,Bachelor's Degree,Linguistics,C1,Basic,8.5,Career Fair,2021-11-04,Rejected
CAN001051,Hannah,,Davis,1994-10-28,Non-binary,Filipino,Japan,Japan,Associate Degree,Education,C2,N1,2.5,Career Fair,2022-02-15,Hired
CAN001052,Marco,,Hernandez,1983-05-27,Non-binary,Brazilian,Japan,Brazilian,Associate Degree,Education,B2,None,3.7,Recruitment Agency,2021-11-23,Hired
CAN001053,Sarah,,Williams,1983-12-02,Male,American,American,Japan,Diploma,Education,B2,N3,4.9,Company Website,2022-07-15,Withdrawn
CAN001054,Jose,,Moore,1992-04-03,Male,Canadian,Canadian,Japan,Bachelor's Degree,Business,C2,Basic,2.0,Career Fair,2024-09-30,Available
CAN001055,Marco,,Johnson,1975-11-17,Female,Japanese,Japanese,Japanese,Master's Degree,Education,B2,Basic,7.4,Recruitment Agency,2024-01-25,Rejected
CAN001056,Laura,,Davis,1984-06-05,Non-binary,Japanese,Japanese,Japan,Bachelor's Degree,Other,B2,N3,7.8,Recruitment Agency,2025-07-15,Hired
CAN001057,Daniel,,Taylor,1993-04-24,Male,Canadian,Japan,Japan,Master's Degree,English,Native,Basic,12.0,Job Board,2023-11-03,Hired
CAN001058,Sofia,,Martinez,1996-07-05,Male,Australian,Australian,Australian,Bachelor's Degree,Other,Native,N2,1.3,Indeed,2023-06-13,Interviewing
CAN001059,Alejandro,,Gonzalez,1998-11-26,Prefer not to say,Filipino,Filipino,Japan,Associate Degree,Business,C2,Basic,2.5,LinkedIn,2022-05-20,Rejected
CAN001060,Emma,,Thompson,2002-11-08,Prefer not to say,French,French,French,Bachelor's Degree,Business,B2,Basic,0.7,Career Fair,2026-06-30,Hired
CAN001061,Sofia,,Anderson,1991-05-07,Female,American,American,American,Master's Degree,Business,Native,N2,9.4,Referral,2025-08-21,Hired
CAN001062,Christopher,,Anderson,1986-05-21,Non-binary,French,Japan,Japan,Diploma,Linguistics,C2,N2,2.6,Indeed,2023-07-08,Hired
CAN001063,Maria,,Sanchez,1995-08-13,Female,Brazilian,Brazilian,Japan,Associate Degree,Psychology,C1,None,3.3,Job Board,2023-06-16,Available
CAN001064,Ana,,Torres,1998-07-01,Male,Japanese,Japanese,Japanese,Associate Degree,Linguistics,C2,N1,10.3,Referral,2021-09-15,Available
CAN001065,Hannah,,Perez,1995-08-17,Non-binary,Canadian,Japan,Canadian,Diploma,Psychology,C1,None,5.8,Indeed,2021-01-14,Hired
CAN001066,Sofia,,Torres,1998-07-09,Prefer not to say,Japanese,Japanese,Japan,Associate Degree,Education,B2,N2,7.5,Indeed,2024-01-19,Withdrawn
CAN001067,Miguel,,Allen,1985-06-16,Female,Brazilian,Brazilian,Japan,Bachelor's Degree,Other,Native,None,6.8,Indeed,2023-09-15,Rejected
CAN001068,Robert,,Allen,1976-04-15,Male,Brazilian,Brazilian,Brazilian,Diploma,Other,C2,Basic,8.9,Indeed,2025-08-17,Withdrawn
CAN001069,Daniel,,Hernandez,1983-01-19,Prefer not to say,American,Japan,American,Bachelor's Degree,Linguistics,C2,N1,1.4,Career Fair,2025-08-03,Withdrawn
CAN001070,Ana,,Jackson,1992-12-21,Non-binary,Mexican,Mexican,Japan,Bachelor's Degree,Business,C2,N2,10.6,Company Website,2023-09-15,Hired
CAN001071,John,,Moore,1982-10-09,Non-binary,Spanish,Japan,Japan,Master's Degree,Education,Native,N1,0.3,LinkedIn,2021-01-01,Rejected
CAN001072,Jose,,Hall,1980-04-24,Female,Canadian,Canadian,Japan,Associate Degree,Business,Native,N2,2.7,Indeed,2021-07-05,Hired
CAN001073,Daniel,,Martin,1998-04-12,Male,Spanish,Japan,Japan,Master's Degree,Business,B2,None,2.1,Company Website,2024-05-12,Available
CAN001074,Jose,,Thompson,2001-07-04,Female,Canadian,Canadian,Japan,Diploma,English,C2,N3,8.6,Job Board,2021-12-14,Available
CAN001075,Olivia,,Thompson,1991-10-19,Female,French,Japan,Japan,Diploma,English,B2,N3,3.8,Referral,2024-09-13,Rejected
CAN001076,Hannah,,Martin,2000-01-07,Prefer not to say,Australian,Japan,Japan,Bachelor's Degree,Other,C2,None,2.8,Job Board,2025-07-21,Available
CAN001077,Emma,,Lopez,1992-08-13,Female,Mexican,Japan,Japan,Master's Degree,Education,Native,Basic,6.5,Company Website,2022-07-08,Withdrawn
CAN001078,John,,Wilson,1977-05-09,Female,Brazilian,Brazilian,Japan,Diploma,English,C2,Basic,8.4,Company Website,2024-09-22,Available
CAN001079,Alejandro,,Jackson,1989-02-14,Non-binary,Filipino,Japan,Japan,Associate Degree,Education,Native,None,9.4,Career Fair,2021-11-25,Hired
CAN001080,Emma,,Walker,1998-01-03,Male,Canadian,Canadian,Canadian,Master's Degree,Business,Native,N2,9.4,Referral,2024-08-13,Withdrawn
CAN001081,Miguel,,Walker,1995-12-20,Non-binary,Canadian,Canadian,Canadian,Bachelor's Degree,Psychology,C1,N3,3.1,Company Website,2021-04-16,Available
CAN001082,Laura,,Gonzalez,1994-11-19,Male,Australian,Australian,Japan,Associate Degree,Psychology,Native,N3,4.6,Company Website,2026-05-07,Available
CAN001083,Robert,,Anderson,1975-01-20,Female,Mexican,Mexican,Japan,Associate Degree,Education,C1,N1,3.3,Indeed,2021-07-20,Interviewing
CAN001084,Michael,,Moore,1978-04-14,Non-binary,Australian,Australian,Japan,Bachelor's Degree,Linguistics,C1,Basic,9.4,Recruitment Agency,2022-09-04,Hired
CAN001085,Thomas,,White,1976-11-16,Prefer not to say,Spanish,Spanish,Japan,Diploma,Psychology,C1,None,9.3,Career Fair,2021-08-06,Available
CAN001086,Jose,,Gonzalez,1977-01-09,Non-binary,American,Japan,American,Bachelor's Degree,Psychology,Native,N3,7.5,LinkedIn,2021-07-12,Rejected
CAN001087,Thomas,,Miller,1990-04-17,Female,Spanish,Spanish,Japan,Bachelor's Degree,Business,C1,Basic,1.9,Company Website,2023-03-06,Rejected
CAN001088,Jessica,,Taylor,1994-11-10,Non-binary,Brazilian,Brazilian,Japan,Master's Degree,Education,C2,N2,9.1,Indeed,2022-12-01,Withdrawn
CAN001089,Sofia,,Martin,2002-09-14,Non-binary,American,American,Japan,Bachelor's Degree,Business,C1,N2,1.9,Career Fair,2023-05-27,Withdrawn
CAN001090,Maria,,Torres,2002-01-06,Non-binary,British,British,British,Master's Degree,Linguistics,C2,None,8.0,Recruitment Agency,2025-07-10,Interviewing
CAN001091,Andres,,Johnson,2000-05-28,Male,Brazilian,Japan,Japan,Bachelor's Degree,Linguistics,C2,N1,8.4,Referral,2024-04-05,Rejected
CAN001092,Laura,,Ramirez,1985-12-05,Male,Japanese,Japanese,Japanese,Associate Degree,Education,C1,None,11.9,LinkedIn,2026-03-23,Rejected
CAN001093,Juan,,King,1981-04-25,Non-binary,British,British,British,Bachelor's Degree,Business,C2,Basic,9.7,Company Website,2024-12-25,Hired
CAN001094,Jessica,,Jackson,1989-09-15,Female,Brazilian,Brazilian,Japan,Bachelor's Degree,Other,C2,N2,2.6,Recruitment Agency,2022-05-22,Withdrawn
CAN001095,Marco,,Hernandez,2003-07-28,Prefer not to say,American,Japan,American,Associate Degree,Business,Native,N2,11.5,Career Fair,2021-05-23,Interviewing
CAN001096,Maria,,Wilson,1998-09-01,Male,Canadian,Japan,Japan,Bachelor's Degree,Psychology,Native,N3,9.3,Company Website,2021-02-13,Available
CAN001097,Alejandro,,Hall,1994-09-01,Prefer not to say,Spanish,Spanish,Japan,Associate Degree,Psychology,Native,N2,11.0,Referral,2023-09-29,Rejected
CAN001098,Michael,,Brown,1994-06-05,Male,American,Japan,Japan,Associate Degree,Education,C1,Basic,2.8,Referral,2021-08-26,Interviewing
CAN001099,David,,Hall,1975-10-05,Female,British,Japan,Japan,Master's Degree,Education,C2,N2,3.3,LinkedIn,2025-07-27,Interviewing
CAN001100,Luis,,Martinez,1983-01-23,Prefer not to say,Canadian,Japan,Japan,Bachelor's Degree,Linguistics,Native,N3,2.9,Recruitment Agency,2024-04-19,Interviewing
CAN001101,Robert,,Walker,1998-01-17,Prefer not to say,American,Japan,American,Bachelor's Degree,Education,C2,None,6.2,Indeed,2022-01-29,Withdrawn
CAN001102,Michael,,Taylor,2003-10-03,Prefer not to say,Spanish,Spanish,Japan,Master's Degree,Education,C2,Basic,3.0,LinkedIn,2021-04-22,Withdrawn
CAN001103,Miguel,,Hall,1988-09-18,Prefer not to say,Spanish,Spanish,Japan,Diploma,Business,C2,N1,2.5,Referral,2023-01-22,Withdrawn
CAN001104,Andres,,Martin,1976-02-08,Prefer not to say,Brazilian,Japan,Japan,Associate Degree,Linguistics,C2,N2,10.4,Referral,2024-05-30,Available
CAN001105,Alejandro,,Johnson,1976-04-08,Male,Japanese,Japanese,Japanese,Associate Degree,Business,Native,N1,9.9,Referral,2025-03-14,Withdrawn
CAN001106,Christopher,,Moore,1997-02-26,Male,Australian,Australian,Japan,Diploma,Linguistics,C2,N2,9.1,Job Board,2024-03-31,Available
CAN001107,Matthew,,Smith,1988-10-19,Prefer not to say,Australian,Australian,Australian,Associate Degree,English,C1,N1,4.6,Referral,2025-03-20,Rejected
CAN001108,Alejandro,,Williams,1993-02-10,Female,Brazilian,Japan,Brazilian,Master's Degree,Education,C2,Basic,3.5,Indeed,2021-03-29,Interviewing
CAN001109,Michael,,Moore,1992-01-14,Prefer not to say,Brazilian,Brazilian,Japan,Diploma,Business,Native,N2,2.1,Indeed,2021-04-05,Withdrawn
CAN001110,Thomas,,Martin,1982-09-20,Non-binary,Filipino,Filipino,Japan,Master's Degree,Other,Native,N3,9.9,LinkedIn,2023-06-22,Interviewing
CAN001111,Olivia,,Thompson,1978-03-23,Female,Filipino,Filipino,Japan,Associate Degree,Psychology,C2,N2,7.9,Company Website,2025-11-14,Available
CAN001112,Michael,,Moore,1987-06-14,Prefer not to say,British,Japan,Japan,Bachelor's Degree,Other,C2,Basic,9.7,LinkedIn,2021-10-26,Available
CAN001113,David,,King,1999-02-09,Female,Australian,Australian,Japan,Associate Degree,Psychology,C1,None,10.3,Career Fair,2023-02-26,Rejected
CAN001114,William,,Lee,1982-01-01,Prefer not to say,Japanese,Japanese,Japan,Bachelor's Degree,Education,B2,N1,2.4,Company Website,2025-11-14,Rejected
CAN001115,Laura,,Jackson,1985-01-02,Non-binary,Spanish,Spanish,Japan,Bachelor's Degree,Other,C1,None,5.4,Career Fair,2021-09-29,Rejected
CAN001116,Emma,,Smith,1991-04-28,Male,Spanish,Spanish,Japan,Master's Degree,Other,C1,N3,0.2,Recruitment Agency,2025-12-21,Interviewing
CAN001117,Daniel,,Jackson,1984-07-06,Prefer not to say,French,Japan,French,Diploma,Other,C2,N1,1.6,Company Website,2021-08-27,Available
CAN001118,Ana,,Martinez,1998-08-24,Female,Spanish,Spanish,Spanish,Bachelor's Degree,Linguistics,Native,N2,11.2,Job Board,2026-04-27,Available
CAN001119,Diego,,Martinez,1981-04-07,Female,British,Japan,Japan,Associate Degree,Linguistics,C2,Basic,4.1,Recruitment Agency,2026-02-03,Hired
CAN001120,Daniel,,Wilson,1977-08-01,Male,Canadian,Canadian,Japan,Bachelor's Degree,Business,Native,Basic,9.0,Indeed,2023-04-20,Available
CAN001121,Sarah,,Williams,1979-08-16,Female,Spanish,Spanish,Japan,Associate Degree,Linguistics,C1,N1,0.6,Indeed,2024-11-13,Available
CAN001122,David,,Hernandez,1979-07-10,Non-binary,American,Japan,Japan,Master's Degree,Business,C2,N3,10.0,Recruitment Agency,2021-06-26,Interviewing
CAN001123,Thomas,,Lopez,1979-08-24,Female,Brazilian,Brazilian,Japan,Master's Degree,Other,Native,N2,10.7,Referral,2026-08-09,Available
CAN001124,Laura,,Perez,1978-11-07,Prefer not to say,Brazilian,Brazilian,Brazilian,Associate Degree,Other,B2,N1,5.3,Career Fair,2023-12-06,Interviewing
CAN001125,Emma,,Hall,1982-09-08,Non-binary,Brazilian,Brazilian,Japan,Associate Degree,English,B2,None,5.9,Job Board,2022-04-16,Available
CAN001126,Thomas,,Martin,1995-07-13,Male,French,French,Japan,Diploma,English,B2,N1,9.4,Indeed,2022-05-03,Hired
CAN001127,James,,Lee,1975-07-18,Female,American,American,Japan,Associate Degree,Linguistics,C2,None,11.9,Job Board,2022-08-12,Withdrawn
CAN001128,Carlos,,Lee,1985-09-15,Female,Australian,Australian,Japan,Master's Degree,Education,C2,N3,6.8,Recruitment Agency,2022-03-06,Available
CAN001129,Miguel,,Wilson,1993-09-25,Non-binary,British,Japan,Japan,Bachelor's Degree,English,C2,None,10.2,Career Fair,2024-01-05,Hired
CAN001130,Matthew,,White,1998-04-22,Non-binary,Japanese,Japanese,Japan,Associate Degree,Other,C2,N3,10.6,LinkedIn,2025-11-10,Available
CAN001131,John,,Wilson,1995-02-21,Prefer not to say,Australian,Japan,Japan,Bachelor's Degree,Other,B2,None,4.3,Indeed,2021-12-11,Rejected
CAN001132,Olivia,,Wilson,1987-08-13,Female,British,British,Japan,Diploma,Linguistics,B2,None,11.6,Company Website,2026-05-11,Interviewing
CAN001133,William,,Jackson,1992-08-13,Prefer not to say,Japanese,Japanese,Japan,Master's Degree,English,C1,N1,6.9,Recruitment Agency,2022-09-07,Hired
CAN001134,Ana,,Smith,1992-06-22,Female,Spanish,Spanish,Japan,Associate Degree,Education,C1,N2,4.6,Referral,2021-01-03,Withdrawn
CAN001135,Sarah,,Anderson,1993-01-01,Female,Canadian,Japan,Japan,Associate Degree,Linguistics,C1,N3,2.2,Referral,2022-05-27,Interviewing
CAN001136,Daniel,,Moore,1987-04-05,Female,Japanese,Japanese,Japan,Master's Degree,Other,C1,N2,10.0,Indeed,2024-12-16,Rejected
CAN001137,Thomas,,Young,1993-02-11,Non-binary,Canadian,Canadian,Japan,Associate Degree,Other,B2,Basic,11.0,LinkedIn,2025-07-17,Interviewing
CAN001138,Jose,,Moore,1980-07-19,Non-binary,British,British,Japan,Bachelor's Degree,Psychology,B2,N3,4.4,Job Board,2023-06-27,Interviewing
CAN001139,John,,Ramirez,1987-09-11,Prefer not to say,Japanese,Japan,Japan,Associate Degree,Linguistics,C2,None,2.3,Job Board,2021-03-06,Available
CAN001140,Daniel,,Young,1996-09-27,Prefer not to say,American,American,American,Master's Degree,Psychology,C1,N1,2.8,Career Fair,2021-11-02,Hired
CAN001141,Luis,,Hall,1986-04-13,Prefer not to say,American,American,Japan,Associate Degree,English,Native,Basic,8.7,LinkedIn,2024-06-13,Available
CAN001142,Olivia,,Rodriguez,2001-07-16,Prefer not to say,British,Japan,British,Bachelor's Degree,Education,C1,Basic,8.4,Job Board,2022-02-03,Hired
CAN001143,Andres,,Lee,2000-02-02,Male,Canadian,Canadian,Japan,Diploma,Psychology,Native,N1,8.8,Indeed,2024-12-20,Interviewing
CAN001144,Carlos,,Ramirez,1986-03-08,Female,Spanish,Japan,Japan,Diploma,Business,Native,N3,10.4,Referral,2024-11-27,Available
CAN001145,Robert,,Walker,1999-08-18,Female,Australian,Australian,Japan,Associate Degree,Psychology,C1,N3,6.5,LinkedIn,2025-12-17,Available
CAN001146,Robert,,Brown,2000-06-26,Non-binary,Canadian,Japan,Japan,Bachelor's Degree,Education,B2,N3,0.3,Career Fair,2024-03-25,Hired
CAN001147,Olivia,,Hernandez,1976-03-26,Female,Filipino,Filipino,Japan,Master's Degree,English,Native,N3,10.4,Company Website,2024-06-10,Rejected
CAN001148,Carlos,,Williams,1985-08-02,Female,Spanish,Spanish,Japan,Associate Degree,Linguistics,C1,N1,6.3,Recruitment Agency,2023-04-16,Interviewing
CAN001149,Christopher,,Jackson,1997-08-05,Prefer not to say,British,British,Japan,Associate Degree,Other,B2,Basic,9.0,Indeed,2026-08-09,Withdrawn
CAN001150,Emma,,Davis,1998-12-06,Male,Australian,Australian,Japan,Master's Degree,Other,Native,Basic,2.3,Company Website,2025-02-19,Rejected
CAN001151,Juan,,Jackson,1979-11-01,Prefer not to say,Japanese,Japanese,Japan,Bachelor's Degree,Psychology,C2,N2,3.1,Indeed,2024-06-02,Rejected
CAN001152,Jessica,,Wilson,1989-06-01,Male,French,French,Japan,Master's Degree,English,C1,N2,5.6,LinkedIn,2022-11-08,Withdrawn
CAN001153,Thomas,,Smith,1983-08-05,Male,Canadian,Canadian,Canadian,Bachelor's Degree,Psychology,B2,N2,10.8,Referral,2025-04-02,Rejected
CAN001154,Sofia,,Lopez,1987-01-18,Prefer not to say,French,French,French,Diploma,Other,C2,Basic,5.3,Job Board,2023-01-15,Rejected
CAN001155,Hannah,,Moore,1995-10-06,Female,Filipino,Filipino,Japan,Master's Degree,Other,B2,Basic,11.5,Job Board,2021-04-30,Interviewing
CAN001156,Ana,,Williams,1996-10-03,Female,British,British,Japan,Master's Degree,Linguistics,C1,Basic,9.5,Career Fair,2024-05-26,Available
CAN001157,Juan,,Williams,1992-05-09,Prefer not to say,American,American,Japan,Diploma,English,C2,N2,3.5,Company Website,2025-09-08,Available
CAN001158,David,,Ramirez,2002-05-19,Male,Japanese,Japanese,Japan,Diploma,Psychology,B2,None,2.2,Indeed,2026-08-03,Interviewing
CAN001159,Luis,,Perez,1976-06-08,Male,Brazilian,Brazilian,Brazilian,Associate Degree,English,C2,Basic,1.8,Career Fair,2026-04-04,Hired
CAN001160,Alejandro,,Walker,1986-07-24,Male,Brazilian,Japan,Japan,Associate Degree,Psychology,B2,N1,9.7,Job Board,2021-08-11,Interviewing
CAN001161,John,,Davis,1991-10-15,Non-binary,British,British,Japan,Associate Degree,English,C2,N1,4.7,Company Website,2024-12-01,Hired
CAN001162,Juan,,Garcia,1983-05-08,Non-binary,American,American,American,Bachelor's Degree,Linguistics,C2,Basic,10.5,Referral,2025-05-08,Hired
CAN001163,Carlos,,Lee,1979-11-19,Male,Japanese,Japanese,Japanese,Master's Degree,Business,C1,N1,2.3,Referral,2022-11-17,Rejected
CAN001164,Hannah,,Garcia,1993-07-16,Prefer not to say,British,British,Japan,Bachelor's Degree,English,B2,None,7.6,Job Board,2021-12-05,Rejected
CAN001165,Daniel,,Rodriguez,1980-02-28,Female,Spanish,Spanish,Japan,Bachelor's Degree,Education,Native,N2,4.8,Indeed,2026-03-01,Rejected
CAN001166,Miguel,,Lopez,1994-12-02,Prefer not to say,Canadian,Japan,Canadian,Master's Degree,Psychology,C2,None,3.5,Indeed,2026-01-03,Interviewing
CAN001167,Michael,,Williams,1981-09-01,Non-binary,French,Japan,Japan,Bachelor's Degree,English,C1,Basic,1.2,LinkedIn,2023-01-03,Hired
CAN001168,Ana,,Wilson,1996-07-21,Non-binary,Filipino,Japan,Filipino,Master's Degree,Psychology,C1,N2,1.5,Career Fair,2022-07-30,Available
CAN001169,Juan,,White,2002-06-12,Male,American,Japan,American,Master's Degree,Other,C1,Basic,9.4,Referral,2025-04-08,Interviewing
CAN001170,Laura,,Garcia,1999-02-08,Female,American,American,Japan,Associate Degree,Psychology,C1,N1,4.4,LinkedIn,2026-02-02,Rejected
CAN001171,Juan,,Allen,1975-05-03,Prefer not to say,Mexican,Japan,Japan,Diploma,Education,C1,N1,1.9,Indeed,2022-10-02,Available
CAN001172,William,,Ramirez,1976-03-20,Male,French,French,Japan,Bachelor's Degree,Business,C2,Basic,1.5,LinkedIn,2021-09-09,Available
CAN001173,Emily,,Young,1978-06-11,Male,Canadian,Canadian,Canadian,Associate Degree,Education,C2,None,1.5,Referral,2023-12-06,Withdrawn
CAN001174,Hannah,,Young,1987-08-19,Non-binary,Filipino,Filipino,Japan,Associate Degree,Business,C1,N3,3.4,Career Fair,2026-01-24,Rejected
CAN001175,Marco,,Ramirez,1990-02-05,Male,French,French,Japan,Bachelor's Degree,Education,Native,None,2.5,Career Fair,2023-10-26,Interviewing
CAN001176,Thomas,,Sanchez,1978-08-13,Prefer not to say,American,American,Japan,Bachelor's Degree,Psychology,Native,N3,5.4,Indeed,2024-02-06,Available
CAN001177,Carlos,,Allen,1998-02-11,Male,French,French,Japan,Bachelor's Degree,English,Native,N2,8.6,LinkedIn,2021-09-07,Hired
CAN001178,Miguel,,Hall,2002-05-12,Prefer not to say,French,French,Japan,Master's Degree,Education,Native,N1,5.2,LinkedIn,2024-02-03,Available
CAN001179,Emma,,Davis,1996-06-15,Prefer not to say,Spanish,Spanish,Japan,Bachelor's Degree,Psychology,Native,N3,2.4,Job Board,2025-10-11,Rejected
CAN001180,Matthew,,Taylor,1980-08-09,Female,Spanish,Spanish,Japan,Bachelor's Degree,Psychology,C2,Basic,8.4,Recruitment Agency,2025-11-27,Hired
CAN001181,Miguel,,Hernandez,1983-07-14,Non-binary,American,American,Japan,Bachelor's Degree,Education,Native,None,5.4,Recruitment Agency,2025-10-10,Interviewing
CAN001182,Daniel,,King,1983-01-01,Male,Japanese,Japan,Japan,Associate Degree,Psychology,Native,N3,3.0,Job Board,2023-12-12,Hired
CAN001183,David,,Walker,1980-01-09,Prefer not to say,Japanese,Japan,Japan,Diploma,Psychology,B2,Basic,7.8,Indeed,2021-06-05,Interviewing
CAN001184,Christopher,,Anderson,1996-02-27,Non-binary,Spanish,Spanish,Japan,Diploma,Education,C2,Basic,5.8,Company Website,2025-08-26,Interviewing
CAN001185,William,,Moore,1983-04-08,Female,Filipino,Filipino,Japan,Associate Degree,Psychology,Native,N1,5.4,Company Website,2022-12-15,Hired
CAN001186,Jessica,,Hall,1983-03-14,Male,Mexican,Mexican,Japan,Master's Degree,Education,Native,N2,0.7,Indeed,2022-07-26,Hired
CAN001187,Emily,,Walker,1996-11-09,Male,Brazilian,Brazilian,Brazilian,Diploma,English,Native,None,11.7,Company Website,2022-01-25,Available
CAN001188,John,,Smith,1993-05-22,Prefer not to say,American,Japan,American,Associate Degree,Psychology,C2,Basic,9.1,Recruitment Agency,2021-05-06,Withdrawn
CAN001189,John,,Davis,1998-04-19,Male,Brazilian,Brazilian,Japan,Bachelor's Degree,Education,C1,N1,0.6,Recruitment Agency,2025-12-09,Withdrawn
CAN001190,William,,Thompson,1977-03-27,Non-binary,Spanish,Spanish,Japan,Bachelor's Degree,Other,Native,Basic,6.1,Recruitment Agency,2023-02-13,Available
CAN001191,Diego,,Walker,1980-10-22,Female,Brazilian,Brazilian,Brazilian,Diploma,Psychology,B2,None,3.2,Referral,2025-10-01,Withdrawn
CAN001192,Marco,,White,1978-05-26,Non-binary,Japanese,Japanese,Japan,Diploma,Psychology,C2,Basic,5.9,Job Board,2021-12-29,Available
CAN001193,Thomas,,Sanchez,1985-12-13,Prefer not to say,American,American,American,Diploma,English,C1,None,10.6,Recruitment Agency,2024-12-21,Withdrawn
CAN001194,Laura,,Jackson,1987-07-18,Prefer not to say,Australian,Australian,Australian,Diploma,Psychology,C1,Basic,0.8,Company Website,2023-10-16,Rejected
CAN001195,Thomas,,Williams,1978-07-05,Female,Filipino,Japan,Japan,Diploma,Linguistics,C2,None,6.0,Referral,2022-10-17,Rejected
CAN001196,Diego,,Wilson,1987-09-23,Prefer not to say,Japanese,Japanese,Japan,Associate Degree,Business,B2,Basic,11.9,Career Fair,2023-07-23,Available
CAN001197,Daniel,,Jackson,1993-02-14,Male,Japanese,Japanese,Japanese,Master's Degree,Education,C2,N3,7.9,Referral,2021-04-01,Rejected
CAN001198,Laura,,Allen,1981-12-14,Prefer not to say,British,Japan,Japan,Associate Degree,English,C2,None,11.0,LinkedIn,2022-03-19,Available
CAN001199,John,,Lopez,1987-06-25,Non-binary,Canadian,Japan,Japan,Diploma,English,C1,None,7.4,Recruitment Agency,2021-03-31,Withdrawn
CAN001200,Emily,,Hernandez,2002-04-23,Prefer not to say,Australian,Australian,Japan,Bachelor's Degree,Business,B2,None,9.3,Indeed,2024-03-30,Withdrawn
CAN001201,Matthew,,Wilson,1993-09-21,Male,Brazilian,Japan,Japan,Diploma,Psychology,C2,None,3.3,Recruitment Agency,2021-06-21,Withdrawn
CAN001202,Robert,,Davis,2002-02-26,Prefer not to say,Filipino,Filipino,Japan,Associate Degree,Psychology,B2,N1,8.0,Referral,2023-07-17,Rejected
CAN001203,Jessica,,Moore,1987-12-20,Prefer not to say,Australian,Australian,Australian,Bachelor's Degree,Linguistics,C1,N1,3.1,LinkedIn,2025-12-09,Hired
CAN001204,Daniel,,Lopez,1994-03-24,Prefer not to say,Mexican,Japan,Mexican,Master's Degree,Other,B2,None,4.2,Company Website,2023-01-10,Interviewing
CAN001205,Luis,,Johnson,1996-12-02,Prefer not to say,Japanese,Japanese,Japan,Associate Degree,English,B2,Basic,1.2,Referral,2023-07-20,Withdrawn
CAN001206,David,,Brown,1994-01-13,Non-binary,Mexican,Japan,Japan,Associate Degree,Psychology,C1,Basic,0.6,Recruitment Agency,2026-06-12,Interviewing
CAN001207,Sarah,,Allen,1983-12-28,Male,Spanish,Spanish,Japan,Diploma,Linguistics,C2,None,9.8,LinkedIn,2025-11-17,Withdrawn
CAN001208,Robert,,Allen,1986-08-25,Male,Filipino,Filipino,Japan,Associate Degree,Linguistics,C2,Basic,9.4,Career Fair,2025-12-20,Available
CAN001209,Carlos,,Johnson,1979-04-28,Prefer not to say,Australian,Japan,Australian,Master's Degree,Business,C1,N3,0.7,Recruitment Agency,2025-02-22,Withdrawn
CAN001210,Matthew,,Jackson,1986-04-02,Female,Spanish,Spanish,Japan,Master's Degree,Linguistics,C2,N2,5.1,Recruitment Agency,2021-02-07,Interviewing
CAN001211,Andres,,Taylor,1979-06-20,Male,Spanish,Spanish,Japan,Bachelor's Degree,Education,C1,N1,9.8,LinkedIn,2021-10-03,Available
CAN001212,Ana,,Davis,1995-07-02,Prefer not to say,Brazilian,Brazilian,Japan,Diploma,Business,B2,N1,1.5,Career Fair,2021-01-26,Hired
CAN001213,Jose,,Moore,1994-06-15,Prefer not to say,Australian,Japan,Japan,Master's Degree,Other,B2,None,1.8,Company Website,2021-02-25,Rejected
CAN001214,Miguel,,Rodriguez,1991-05-08,Non-binary,Filipino,Filipino,Japan,Diploma,Psychology,Native,N2,6.6,Career Fair,2026-05-15,Rejected
CAN001215,James,,Ramirez,1991-03-10,Female,American,American,Japan,Associate Degree,Linguistics,C1,None,0.4,Recruitment Agency,2022-06-08,Withdrawn
CAN001216,Andres,,Smith,1986-05-21,Female,Filipino,Japan,Filipino,Bachelor's Degree,Education,C2,Basic,1.8,Job Board,2026-03-29,Interviewing
CAN001217,Andres,,Lee,1992-10-25,Male,Japanese,Japanese,Japanese,Diploma,English,C2,N3,7.7,Job Board,2026-07-06,Rejected
CAN001218,William,,Perez,1975-04-28,Prefer not to say,Canadian,Canadian,Canadian,Bachelor's Degree,Other,Native,None,7.3,Recruitment Agency,2025-04-04,Rejected
CAN001219,Laura,,Hernandez,1983-06-23,Female,Mexican,Mexican,Japan,Master's Degree,Linguistics,C2,N3,10.2,LinkedIn,2023-03-08,Hired
CAN001220,Miguel,,Allen,2002-12-26,Prefer not to say,Brazilian,Brazilian,Japan,Associate Degree,Psychology,Native,N2,4.1,Indeed,2022-03-02,Withdrawn
CAN001221,Diego,,Ramirez,1996-06-09,Female,Spanish,Japan,Japan,Associate Degree,Other,Native,N2,7.2,Indeed,2023-12-09,Interviewing
CAN001222,Jessica,,Walker,1992-02-01,Male,British,British,Japan,Diploma,Psychology,C1,N1,8.8,Career Fair,2024-08-05,Available
CAN001223,Christopher,,Moore,1988-10-17,Non-binary,Japanese,Japanese,Japan,Master's Degree,Business,Native,N3,10.1,Job Board,2022-09-27,Rejected
CAN001224,Diego,,Taylor,1982-01-26,Prefer not to say,Japanese,Japanese,Japan,Master's Degree,Linguistics,C2,Basic,10.0,Job Board,2022-01-02,Rejected
CAN001225,Christopher,,Anderson,1980-09-08,Female,Japanese,Japan,Japanese,Diploma,Education,B2,Basic,11.3,Referral,2023-09-03,Rejected
CAN001226,Jose,,Davis,2002-09-02,Male,Canadian,Japan,Japan,Bachelor's Degree,English,C2,Basic,10.7,Company Website,2023-05-19,Hired
CAN001227,Jessica,,Davis,1987-08-14,Male,American,American,Japan,Diploma,Other,B2,None,0.1,Company Website,2025-04-04,Withdrawn
CAN001228,Juan,,Brown,1987-02-10,Non-binary,British,Japan,British,Master's Degree,Other,Native,N1,6.1,Company Website,2021-09-10,Interviewing
CAN001229,Diego,,Johnson,2000-09-21,Prefer not to say,British,Japan,Japan,Associate Degree,Other,Native,None,0.0,Job Board,2022-07-21,Hired
CAN001230,Daniel,,Hall,1999-07-06,Non-binary,Filipino,Japan,Filipino,Diploma,Business,Native,N3,0.2,Job Board,2021-01-15,Hired
CAN001231,Robert,,Johnson,2003-11-13,Male,Australian,Japan,Japan,Diploma,Linguistics,C1,None,8.5,Job Board,2025-09-25,Rejected
CAN001232,Andres,,Garcia,2000-08-18,Non-binary,American,Japan,Japan,Diploma,Education,Native,N3,9.3,Career Fair,2024-08-19,Rejected
CAN001233,Robert,,Johnson,1992-04-10,Prefer not to say,Spanish,Spanish,Japan,Diploma,Education,C2,N1,5.2,Referral,2022-07-31,Available
CAN001234,Olivia,,Smith,1993-02-16,Male,Japanese,Japanese,Japan,Diploma,English,C1,N2,10.1,Referral,2026-06-11,Interviewing
CAN001235,Olivia,,Taylor,1975-12-20,Male,Canadian,Canadian,Japan,Associate Degree,Business,C2,N2,0.2,Company Website,2023-08-28,Available
CAN001236,Emma,,Garcia,1999-10-12,Non-binary,American,American,American,Associate Degree,Education,B2,N2,5.5,Job Board,2022-07-25,Hired
CAN001237,Sarah,,Martin,1979-08-10,Male,Japanese,Japanese,Japan,Master's Degree,Linguistics,Native,N1,8.6,Recruitment Agency,2025-04-27,Rejected
CAN001238,Robert,,Ramirez,1980-03-05,Male,Filipino,Filipino,Japan,Associate Degree,Other,C1,N3,11.0,Company Website,2026-05-10,Available
CAN001239,James,,Thompson,1984-06-16,Female,Filipino,Filipino,Japan,Master's Degree,English,C1,N2,10.0,Job Board,2021-07-05,Available
CAN001240,Carlos,,Martin,1976-02-21,Non-binary,British,British,British,Bachelor's Degree,Business,C2,Basic,9.9,LinkedIn,2025-06-24,Interviewing
CAN001241,Jose,,Davis,1980-09-20,Male,Australian,Australian,Japan,Master's Degree,English,C1,N2,2.9,Indeed,2024-09-05,Interviewing
CAN001242,Luis,,Taylor,1992-06-01,Non-binary,American,Japan,Japan,Bachelor's Degree,Education,Native,N1,4.5,Company Website,2026-05-27,Available
CAN001243,Jose,,Allen,1989-02-27,Male,Filipino,Filipino,Japan,Bachelor's Degree,Other,C1,Basic,11.4,Career Fair,2021-12-19,Interviewing
CAN001244,Miguel,,Hall,1993-03-07,Prefer not to say,Mexican,Mexican,Japan,Bachelor's Degree,Education,B2,N3,10.9,Career Fair,2021-06-29,Hired
CAN001245,Olivia,,Davis,1993-05-18,Female,Australian,Japan,Japan,Diploma,Business,C2,N2,4.1,Referral,2024-09-02,Withdrawn
CAN001246,Diego,,Miller,1999-02-14,Female,Japanese,Japan,Japanese,Master's Degree,Linguistics,Native,Basic,10.8,Job Board,2021-12-27,Hired
CAN001247,Miguel,,Ramirez,1985-01-05,Prefer not to say,Brazilian,Brazilian,Japan,Master's Degree,Education,B2,N3,2.6,Career Fair,2024-12-11,Withdrawn
CAN001248,Daniel,,Ramirez,1991-04-11,Prefer not to say,Spanish,Japan,Japan,Diploma,Education,B2,N2,2.3,Referral,2022-09-13,Rejected
CAN001249,Jessica,,Ramirez,2003-05-18,Female,Brazilian,Brazilian,Japan,Master's Degree,Business,C1,N2,11.0,Referral,2023-03-11,Hired
CAN001250,David,,Williams,1976-08-27,Prefer not to say,Australian,Australian,Japan,Associate Degree,Linguistics,Native,N3,11.5,Indeed,2025-12-25,Rejected
CAN001251,Christopher,,Perez,1998-01-20,Non-binary,Brazilian,Brazilian,Brazilian,Diploma,Other,C1,None,8.0,Referral,2021-05-20,Hired
CAN001252,Olivia,,Sanchez,1978-02-04,Male,Brazilian,Brazilian,Brazilian,Bachelor's Degree,English,C1,N3,8.4,Recruitment Agency,2026-03-11,Interviewing
CAN001253,Miguel,,Thompson,1997-03-06,Non-binary,Spanish,Japan,Japan,Associate Degree,Linguistics,Native,Basic,12.0,Company Website,2021-04-08,Rejected
CAN001254,Jose,,Anderson,2003-06-26,Prefer not to say,Mexican,Japan,Japan,Bachelor's Degree,Education,C1,None,4.0,Career Fair,2025-01-03,Rejected
CAN001255,Hannah,,Young,1986-11-22,Non-binary,French,French,Japan,Associate Degree,Education,B2,None,9.2,Job Board,2023-11-30,Rejected
CAN001256,Emma,,Gonzalez,1989-10-18,Non-binary,Filipino,Filipino,Japan,Master's Degree,Other,Native,None,0.1,Recruitment Agency,2021-07-22,Withdrawn
CAN001257,Sarah,,Jackson,1981-05-25,Male,British,British,Japan,Associate Degree,English,Native,Basic,5.1,Referral,2021-02-19,Available
CAN001258,Jessica,,Lee,1984-02-03,Female,Japanese,Japan,Japanese,Associate Degree,Psychology,C2,N1,4.3,Career Fair,2024-05-13,Rejected
CAN001259,Hannah,,Brown,1996-10-11,Male,Mexican,Mexican,Japan,Diploma,Business,Native,None,4.8,Recruitment Agency,2022-08-24,Available
CAN001260,Miguel,,Martinez,1992-07-23,Female,French,Japan,Japan,Associate Degree,Other,C2,Basic,7.9,Referral,2025-12-05,Withdrawn
CAN001261,Andres,,Moore,1997-06-28,Prefer not to say,Mexican,Mexican,Japan,Master's Degree,Linguistics,C1,None,2.6,Job Board,2023-07-11,Withdrawn
CAN001262,Laura,,Garcia,1977-08-07,Prefer not to say,Filipino,Filipino,Japan,Bachelor's Degree,Business,C1,Basic,7.0,Job Board,2025-04-04,Rejected
CAN001263,Sarah,,Moore,1997-03-08,Male,Australian,Australian,Japan,Bachelor's Degree,Psychology,Native,N2,10.1,Company Website,2023-06-26,Withdrawn
CAN001264,Marco,,Garcia,1995-09-18,Male,Brazilian,Brazilian,Japan,Bachelor's Degree,Education,B2,N2,5.3,Career Fair,2025-08-23,Rejected
CAN001265,Matthew,,King,1975-05-22,Prefer not to say,French,French,Japan,Master's Degree,Education,C2,N1,8.8,Career Fair,2024-10-02,Interviewing
CAN001266,Andres,,Perez,1987-01-08,Female,Spanish,Japan,Japan,Master's Degree,Business,C1,N3,6.2,Company Website,2023-09-12,Withdrawn
CAN001267,Daniel,,Anderson,2003-01-23,Male,Mexican,Mexican,Mexican,Associate Degree,English,C2,N1,0.1,Indeed,2022-06-01,Interviewing
CAN001268,Jessica,,Perez,1978-11-26,Male,American,American,Japan,Diploma,Other,Native,N3,6.8,Recruitment Agency,2022-12-02,Hired
CAN001269,Maria,,Lopez,1991-07-07,Male,Filipino,Filipino,Japan,Associate Degree,Psychology,B2,N2,2.0,Job Board,2025-03-02,Hired
CAN001270,Michael,,Wilson,1991-01-23,Prefer not to say,Filipino,Filipino,Filipino,Master's Degree,Education,B2,N1,11.3,Referral,2021-07-26,Available
CAN001271,William,,Young,1980-09-09,Male,Australian,Japan,Australian,Master's Degree,English,B2,Basic,0.0,Indeed,2024-09-20,Available
CAN001272,Juan,,Jackson,1984-09-05,Female,Canadian,Canadian,Japan,Bachelor's Degree,Linguistics,C1,N2,11.8,Job Board,2023-07-26,Rejected
CAN001273,Sofia,,Gonzalez,1998-09-24,Non-binary,American,American,Japan,Master's Degree,Other,Native,Basic,8.8,Job Board,2022-03-26,Hired
CAN001274,Alejandro,,Hernandez,1995-04-02,Female,Canadian,Canadian,Japan,Diploma,Business,C1,Basic,8.3,Company Website,2024-02-09,Rejected
CAN001275,James,,White,1981-01-25,Non-binary,Brazilian,Japan,Japan,Diploma,Linguistics,B2,Basic,0.0,Career Fair,2022-06-20,Hired
CAN001276,James,,White,2000-10-08,Prefer not to say,French,Japan,Japan,Bachelor's Degree,Psychology,C2,Basic,9.2,Job Board,2025-12-08,Hired
CAN001277,Emily,,Perez,1994-02-14,Male,French,Japan,Japan,Master's Degree,Psychology,C2,None,11.3,Company Website,2021-10-31,Withdrawn
CAN001278,Marco,,Hall,1998-09-27,Prefer not to say,American,American,Japan,Bachelor's Degree,English,Native,N2,5.8,Referral,2024-02-05,Hired
CAN001279,James,,Taylor,1992-06-27,Male,Spanish,Spanish,Japan,Diploma,English,Native,N1,6.1,Recruitment Agency,2025-09-07,Withdrawn
CAN001280,James,,Hernandez,1984-10-10,Prefer not to say,Australian,Japan,Japan,Diploma,English,C1,N1,9.2,Job Board,2023-11-10,Rejected
CAN001281,Christopher,,Johnson,1986-01-10,Female,Canadian,Japan,Japan,Diploma,English,B2,None,1.1,Indeed,2025-03-24,Withdrawn
CAN001282,Juan,,Walker,1988-11-05,Non-binary,Brazilian,Brazilian,Japan,Bachelor's Degree,Other,Native,N1,8.8,Referral,2024-11-08,Available
CAN001283,Daniel,,Martin,1994-07-05,Male,Australian,Australian,Australian,Diploma,Linguistics,C2,Basic,6.7,Career Fair,2023-09-11,Rejected
CAN001284,Olivia,,Gonzalez,1998-05-15,Non-binary,Filipino,Filipino,Japan,Master's Degree,English,C1,Basic,11.4,Company Website,2023-02-04,Rejected
CAN001285,Luis,,Martinez,1997-06-28,Non-binary,Spanish,Spanish,Japan,Diploma,Other,B2,N1,8.1,Recruitment Agency,2026-08-08,Withdrawn
CAN001286,Ana,,Anderson,1987-10-23,Non-binary,Filipino,Japan,Filipino,Diploma,Linguistics,B2,N3,4.7,Job Board,2024-01-04,Available
CAN001287,Maria,,Davis,1987-02-14,Female,Australian,Australian,Japan,Associate Degree,Education,Native,N1,4.0,Career Fair,2023-05-05,Available
CAN001288,Hannah,,Torres,1991-02-27,Female,Canadian,Canadian,Canadian,Associate Degree,Psychology,B2,N2,3.6,Recruitment Agency,2024-10-31,Rejected
CAN001289,Daniel,,Allen,1982-01-15,Male,Canadian,Canadian,Japan,Diploma,Education,C1,None,12.0,LinkedIn,2024-02-06,Available
CAN001290,Christopher,,Rodriguez,1982-03-14,Non-binary,Australian,Australian,Australian,Bachelor's Degree,Business,B2,Basic,7.9,Recruitment Agency,2022-04-22,Rejected
CAN001291,Daniel,,King,1996-01-01,Non-binary,French,Japan,French,Master's Degree,Education,Native,N3,8.8,Recruitment Agency,2022-05-15,Hired
CAN001292,Hannah,,King,1992-05-11,Non-binary,British,British,Japan,Master's Degree,Business,B2,N3,3.2,Job Board,2022-10-03,Interviewing
CAN001293,Miguel,,Lopez,1990-04-21,Prefer not to say,Mexican,Japan,Japan,Master's Degree,English,B2,N2,5.4,Referral,2022-11-02,Interviewing
CAN001294,Michael,,Thompson,1985-07-07,Non-binary,French,Japan,Japan,Bachelor's Degree,Other,C1,Basic,9.8,Referral,2023-03-10,Hired
CAN001295,Carlos,,King,1986-06-21,Female,Mexican,Mexican,Japan,Master's Degree,Other,C2,None,3.7,LinkedIn,2021-07-06,Interviewing
CAN001296,Sarah,,Allen,1981-02-14,Male,Japanese,Japan,Japan,Master's Degree,Business,Native,N2,11.9,Company Website,2021-04-19,Rejected
CAN001297,Daniel,,Rodriguez,1987-10-12,Prefer not to say,Canadian,Canadian,Japan,Bachelor's Degree,Psychology,C2,N1,8.7,Career Fair,2024-12-08,Interviewing
CAN001298,Ana,,Sanchez,1986-03-24,Female,Japanese,Japan,Japan,Master's Degree,English,C2,N2,2.7,Referral,2025-03-10,Rejected
CAN001299,Olivia,,Davis,1994-10-06,Prefer not to say,Australian,Australian,Japan,Master's Degree,Linguistics,C2,Basic,2.7,Recruitment Agency,2021-01-06,Hired
CAN001300,John,,Brown,1976-08-13,Prefer not to say,Mexican,Mexican,Japan,Master's Degree,Business,B2,None,9.2,Career Fair,2022-01-11,Rejected
CAN001301,Laura,,Allen,1981-07-02,Female,Mexican,Mexican,Japan,Associate Degree,Other,C2,N1,8.1,Job Board,2022-02-09,Rejected
CAN001302,Jessica,,Martinez,2002-08-22,Non-binary,Australian,Japan,Japan,Diploma,English,C1,N2,9.0,Indeed,2025-11-16,Rejected
CAN001303,Juan,,Rodriguez,1997-03-05,Male,Brazilian,Japan,Japan,Associate Degree,Linguistics,C2,N3,6.7,Job Board,2022-10-24,Available
CAN001304,Alejandro,,White,2001-11-22,Non-binary,Canadian,Canadian,Canadian,Diploma,English,C1,Basic,4.5,Company Website,2023-01-25,Interviewing
CAN001305,Marco,,Hall,2003-11-26,Male,British,British,Japan,Associate Degree,Business,B2,N3,1.3,Indeed,2026-05-16,Hired
CAN001306,William,,Thompson,1985-04-28,Non-binary,American,American,Japan,Bachelor's Degree,English,B2,Basic,4.8,Company Website,2024-06-02,Available
CAN001307,Ana,,Torres,1996-07-08,Non-binary,Filipino,Filipino,Japan,Diploma,Education,C1,N3,3.0,Company Website,2026-04-24,Rejected
CAN001308,Hannah,,Smith,1996-02-12,Non-binary,Spanish,Spanish,Spanish,Associate Degree,Linguistics,B2,N3,0.2,Job Board,2021-12-21,Hired
CAN001309,Christopher,,Martin,1987-10-07,Non-binary,French,Japan,Japan,Bachelor's Degree,Business,Native,Basic,0.2,Indeed,2024-08-07,Interviewing
CAN001310,Jose,,Thompson,1975-02-20,Male,American,American,Japan,Bachelor's Degree,English,C2,N2,10.9,Referral,2026-07-26,Interviewing
CAN001311,Daniel,,Wilson,1993-11-15,Prefer not to say,Mexican,Mexican,Japan,Master's Degree,Business,B2,N2,2.8,Career Fair,2025-07-21,Available
CAN001312,Maria,,Perez,1979-08-21,Non-binary,Mexican,Mexican,Japan,Diploma,Other,B2,N3,2.8,Job Board,2025-05-14,Rejected
CAN001313,Emily,,Thompson,1993-12-23,Male,British,British,Japan,Diploma,Linguistics,C1,Basic,0.4,Referral,2024-06-18,Available
CAN001314,Emily,,Williams,1980-04-04,Male,Mexican,Mexican,Japan,Bachelor's Degree,Linguistics,B2,N2,3.3,LinkedIn,2022-08-16,Available
CAN001315,Emily,,Anderson,2000-05-16,Prefer not to say,Mexican,Japan,Japan,Diploma,Business,C1,N3,6.5,Career Fair,2021-01-29,Interviewing
CAN001316,William,,Taylor,1984-10-15,Male,Australian,Australian,Australian,Master's Degree,Business,C1,N2,8.3,Company Website,2026-01-18,Withdrawn
CAN001317,Emma,,Williams,1976-01-14,Female,Filipino,Filipino,Japan,Bachelor's Degree,Psychology,B2,N3,6.8,Referral,2023-09-28,Rejected
CAN001318,Daniel,,Anderson,1977-02-21,Prefer not to say,Canadian,Canadian,Japan,Master's Degree,Education,C1,N1,5.6,Company Website,2025-01-06,Rejected
CAN001319,James,,Brown,1978-03-17,Female,French,French,Japan,Master's Degree,Education,C1,N1,3.5,Referral,2022-10-22,Available
CAN001320,Emma,,Wilson,2001-10-25,Non-binary,Japanese,Japanese,Japan,Diploma,English,C1,N3,9.0,Career Fair,2024-10-05,Withdrawn
CAN001321,Sofia,,Sanchez,1984-12-09,Prefer not to say,Australian,Australian,Japan,Master's Degree,Psychology,C2,N3,3.3,Recruitment Agency,2021-10-26,Withdrawn
CAN001322,Marco,,Moore,2003-05-14,Female,Mexican,Mexican,Japan,Bachelor's Degree,Psychology,C1,N1,5.0,Referral,2023-12-17,Interviewing
CAN001323,Sofia,,King,1981-10-22,Male,American,Japan,Japan,Diploma,English,Native,Basic,1.4,Recruitment Agency,2024-01-10,Hired
CAN001324,William,,Williams,1984-09-12,Prefer not to say,Australian,Australian,Japan,Diploma,Psychology,C2,Basic,0.4,Company Website,2023-03-01,Hired
CAN001325,Andres,,Ramirez,1993-07-28,Female,Spanish,Spanish,Spanish,Master's Degree,Psychology,Native,None,1.7,Job Board,2024-05-31,Withdrawn
CAN001326,Daniel,,Gonzalez,1999-02-07,Non-binary,Filipino,Filipino,Filipino,Diploma,English,C1,N1,4.0,Job Board,2026-03-06,Interviewing
CAN001327,Carlos,,Wilson,1988-02-19,Non-binary,American,American,Japan,Master's Degree,Linguistics,C1,N2,4.7,Company Website,2023-06-14,Hired
CAN001328,Marco,,King,1992-09-12,Female,British,British,Japan,Diploma,English,C2,None,10.3,Indeed,2021-07-16,Withdrawn
CAN001329,Daniel,,Torres,1980-05-14,Female,American,American,Japan,Diploma,Psychology,B2,N1,10.0,Company Website,2023-05-02,Available
CAN001330,Ana,,Young,1995-06-23,Prefer not to say,Japanese,Japan,Japanese,Bachelor's Degree,English,Native,N2,5.3,LinkedIn,2022-07-31,Hired
CAN001331,Daniel,,Ramirez,1981-01-10,Female,Filipino,Filipino,Japan,Associate Degree,Education,C2,Basic,9.8,Referral,2023-05-02,Withdrawn
CAN001332,Robert,,Taylor,1985-03-15,Female,Canadian,Canadian,Japan,Master's Degree,Psychology,C2,None,1.6,Indeed,2024-10-11,Withdrawn
CAN001333,Michael,,Moore,1978-04-07,Female,British,British,Japan,Diploma,Business,Native,None,8.0,Recruitment Agency,2021-02-10,Interviewing
CAN001334,James,,King,2001-01-15,Non-binary,Canadian,Japan,Canadian,Associate Degree,English,Native,Basic,3.3,LinkedIn,2025-10-15,Rejected
CAN001335,Miguel,,Martinez,2003-03-08,Male,French,French,Japan,Master's Degree,Education,C2,N1,3.6,Company Website,2023-11-25,Available
CAN001336,Ana,,Martin,2000-01-03,Female,Canadian,Canadian,Canadian,Associate Degree,Education,B2,N2,11.0,LinkedIn,2026-02-04,Available
CAN001337,Daniel,,Martin,1999-02-27,Non-binary,French,French,Japan,Master's Degree,Linguistics,Native,N2,4.3,Referral,2026-05-05,Rejected
CAN001338,Thomas,,Allen,1989-03-26,Male,Canadian,Canadian,Japan,Associate Degree,Psychology,Native,N1,9.4,LinkedIn,2026-04-06,Interviewing
CAN001339,Michael,,Lee,1992-05-23,Female,Brazilian,Japan,Brazilian,Diploma,English,C2,N2,6.9,Company Website,2023-11-10,Rejected
CAN001340,Daniel,,Gonzalez,1977-02-02,Male,Brazilian,Brazilian,Japan,Associate Degree,Other,B2,N1,0.6,Company Website,2022-05-04,Interviewing
CAN001341,Emma,,Hernandez,2002-08-10,Non-binary,British,British,Japan,Associate Degree,Other,C1,Basic,7.2,Job Board,2021-05-28,Hired
CAN001342,William,,Lopez,1980-03-05,Female,Spanish,Spanish,Spanish,Diploma,English,C2,None,4.3,LinkedIn,2026-07-10,Rejected
CAN001343,Alejandro,,Lopez,1987-03-13,Prefer not to say,Australian,Japan,Japan,Master's Degree,English,Native,N1,9.8,Indeed,2024-08-05,Withdrawn
CAN001344,Andres,,Torres,1989-01-10,Non-binary,Brazilian,Brazilian,Japan,Diploma,Education,C2,None,10.3,Referral,2026-08-07,Interviewing
CAN001345,Maria,,Davis,1996-06-03,Prefer not to say,British,British,British,Master's Degree,Business,B2,Basic,1.9,Referral,2024-07-06,Withdrawn
CAN001346,Robert,,Sanchez,1983-03-15,Female,French,French,Japan,Associate Degree,Psychology,C2,None,5.0,Recruitment Agency,2026-08-02,Withdrawn
CAN001347,Thomas,,Martinez,1979-10-05,Female,Filipino,Filipino,Japan,Associate Degree,Education,Native,N3,11.1,Career Fair,2021-04-24,Interviewing
CAN001348,Juan,,Hernandez,1979-10-11,Prefer not to say,Japanese,Japanese,Japan,Master's Degree,Other,B2,Basic,9.9,Job Board,2024-07-17,Withdrawn
CAN001349,Sarah,,Lee,1980-01-14,Non-binary,American,American,Japan,Bachelor's Degree,Other,C1,None,2.3,Job Board,2025-03-25,Hired
CAN001350,Marco,,Smith,1992-01-02,Female,Japanese,Japanese,Japan,Master's Degree,Education,Native,Basic,10.2,Company Website,2024-01-22,Rejected
CAN001351,Ana,,Martinez,1986-12-10,Prefer not to say,Filipino,Filipino,Japan,Diploma,Business,C1,None,1.2,Referral,2022-04-07,Hired
CAN001352,John,,Williams,1983-09-18,Non-binary,Spanish,Japan,Japan,Bachelor's Degree,Education,B2,Basic,6.8,Referral,2021-08-28,Interviewing
CAN001353,Daniel,,Smith,1991-08-08,Prefer not to say,Brazilian,Brazilian,Japan,Associate Degree,Business,C1,None,7.1,Job Board,2024-07-08,Rejected
CAN001354,Juan,,Torres,1996-03-04,Female,Spanish,Spanish,Spanish,Master's Degree,Education,C1,None,0.5,Indeed,2022-08-01,Available
CAN001355,Diego,,Wilson,1981-02-10,Male,Brazilian,Brazilian,Brazilian,Diploma,English,B2,N1,7.3,Referral,2026-06-13,Withdrawn
CAN001356,Christopher,,White,1991-02-21,Male,Brazilian,Brazilian,Japan,Bachelor's Degree,Education,C2,N2,5.1,Company Website,2022-10-21,Rejected
CAN001357,Jessica,,Garcia,1976-01-12,Female,Canadian,Canadian,Japan,Master's Degree,Education,Native,N3,7.6,LinkedIn,2023-03-17,Rejected
CAN001358,Diego,,Sanchez,2003-09-08,Female,Filipino,Japan,Japan,Master's Degree,Other,Native,None,5.4,Referral,2021-01-08,Interviewing
CAN001359,Jose,,Hall,1989-07-08,Female,Canadian,Japan,Canadian,Diploma,Other,C2,Basic,9.8,Recruitment Agency,2023-07-20,Hired
CAN001360,John,,Williams,1995-02-21,Male,Canadian,Canadian,Japan,Associate Degree,Education,Native,None,2.3,Job Board,2025-07-07,Available
CAN001361,Ana,,Perez,1981-04-23,Female,American,American,Japan,Master's Degree,Business,Native,N1,5.7,Job Board,2022-09-17,Hired
CAN001362,Michael,,Young,1990-08-13,Non-binary,Mexican,Japan,Japan,Master's Degree,Education,Native,N3,3.0,Company Website,2022-01-25,Available
CAN001363,Alejandro,,Anderson,1994-08-14,Male,French,French,French,Diploma,Psychology,C2,N1,8.3,LinkedIn,2022-04-24,Interviewing
CAN001364,Jose,,Martin,1996-01-23,Prefer not to say,Spanish,Spanish,Japan,Master's Degree,Psychology,C1,N1,10.0,Indeed,2022-09-10,Withdrawn
CAN001365,Daniel,,Rodriguez,1984-10-17,Non-binary,Filipino,Filipino,Japan,Bachelor's Degree,Business,C1,Basic,7.0,Referral,2022-10-28,Hired
CAN001366,Daniel,,Ramirez,1995-08-05,Non-binary,Spanish,Spanish,Japan,Diploma,Psychology,B2,N2,0.3,Company Website,2025-08-15,Available
CAN001367,Ana,,Jackson,1989-05-22,Non-binary,Australian,Australian,Japan,Bachelor's Degree,Psychology,C2,N1,9.6,Career Fair,2026-08-02,Withdrawn
CAN001368,Daniel,,Johnson,1989-04-10,Non-binary,Brazilian,Brazilian,Brazilian,Bachelor's Degree,Business,C1,N1,6.4,LinkedIn,2026-02-21,Withdrawn
CAN001369,David,,Garcia,2000-10-06,Female,Mexican,Mexican,Japan,Bachelor's Degree,English,B2,Basic,11.5,Company Website,2025-06-04,Interviewing
CAN001370,Michael,,Torres,1992-10-02,Non-binary,Brazilian,Brazilian,Japan,Bachelor's Degree,English,Native,N1,10.5,Referral,2021-03-16,Available
CAN001371,Juan,,Allen,1996-01-11,Female,Australian,Australian,Japan,Diploma,Linguistics,Native,N1,4.2,Career Fair,2026-05-31,Rejected
CAN001372,Carlos,,Gonzalez,1989-06-01,Non-binary,Mexican,Mexican,Japan,Diploma,Education,C1,Basic,0.2,LinkedIn,2021-07-13,Interviewing
CAN001373,Andres,,Lopez,1992-05-25,Non-binary,French,French,French,Bachelor's Degree,Psychology,B2,None,7.8,Referral,2023-02-24,Interviewing
CAN001374,Jose,,Johnson,2003-11-26,Female,Mexican,Mexican,Japan,Bachelor's Degree,Education,C2,N3,11.0,LinkedIn,2021-05-24,Withdrawn
CAN001375,Alejandro,,Jackson,1994-01-13,Prefer not to say,Australian,Australian,Japan,Diploma,Linguistics,C2,N3,11.3,Recruitment Agency,2026-06-06,Rejected
CAN001376,Ana,,Lee,1979-02-11,Prefer not to say,Japanese,Japanese,Japan,Diploma,English,C2,Basic,1.5,Company Website,2024-11-10,Withdrawn
CAN001377,Marco,,Rodriguez,1995-11-22,Non-binary,French,French,French,Diploma,Business,C1,N1,3.5,Career Fair,2024-04-22,Withdrawn
CAN001378,James,,Jackson,1982-10-14,Female,Canadian,Canadian,Japan,Associate Degree,Education,B2,None,11.6,LinkedIn,2024-08-29,Withdrawn
CAN001379,Sofia,,Brown,1981-02-06,Prefer not to say,Mexican,Mexican,Mexican,Master's Degree,Education,Native,N2,2.8,Career Fair,2021-08-19,Rejected
CAN001380,Emily,,Anderson,1990-03-14,Female,Brazilian,Brazilian,Japan,Associate Degree,Other,C1,N1,3.9,Indeed,2024-01-14,Available
CAN001381,Sarah,,Torres,1980-11-27,Non-binary,Canadian,Canadian,Japan,Bachelor's Degree,Psychology,C1,N2,4.4,Company Website,2024-11-19,Interviewing
CAN001382,Luis,,Hernandez,1985-01-17,Male,Filipino,Filipino,Japan,Diploma,Linguistics,C1,N2,2.8,LinkedIn,2021-07-13,Rejected
CAN001383,James,,Lee,1979-05-15,Prefer not to say,American,American,American,Associate Degree,Other,B2,Basic,3.1,Career Fair,2024-04-26,Available
CAN001384,Juan,,Hernandez,1985-04-16,Female,British,British,Japan,Bachelor's Degree,Other,C2,Basic,9.9,Referral,2021-05-05,Available
CAN001385,Jose,,Johnson,1976-09-16,Female,Brazilian,Brazilian,Japan,Diploma,English,Native,N3,9.9,Recruitment Agency,2022-12-19,Rejected
CAN001386,David,,Thompson,1977-06-06,Prefer not to say,French,French,Japan,Master's Degree,Linguistics,C2,N2,9.7,Career Fair,2022-05-16,Available
CAN001387,Miguel,,Lopez,1991-10-28,Prefer not to say,Filipino,Filipino,Japan,Associate Degree,Business,B2,None,8.8,Recruitment Agency,2022-03-16,Interviewing
CAN001388,Hannah,,Perez,1993-07-19,Prefer not to say,Australian,Australian,Japan,Associate Degree,Business,B2,N3,11.7,LinkedIn,2021-09-25,Hired
CAN001389,Matthew,,Moore,1993-10-26,Non-binary,Mexican,Mexican,Japan,Bachelor's Degree,Psychology,C2,N3,2.0,Job Board,2021-04-29,Hired
CAN001390,Thomas,,Jackson,1988-11-17,Non-binary,Australian,Australian,Japan,Associate Degree,Psychology,B2,N1,4.4,Indeed,2024-04-04,Available
CAN001391,Hannah,,Young,1986-08-11,Male,Brazilian,Japan,Japan,Bachelor's Degree,English,C2,None,5.3,Referral,2024-11-28,Interviewing
CAN001392,Sofia,,Wilson,1994-11-22,Female,Canadian,Canadian,Japan,Diploma,Education,B2,None,11.1,Career Fair,2021-10-31,Available
CAN001393,John,,Torres,1983-06-26,Female,Australian,Australian,Australian,Master's Degree,Psychology,B2,N1,1.3,Indeed,2022-02-10,Rejected
CAN001394,Emily,,Garcia,1981-09-17,Male,Spanish,Japan,Spanish,Master's Degree,Psychology,B2,N1,1.0,LinkedIn,2024-10-31,Available
CAN001395,Carlos,,Young,2001-01-24,Male,American,American,Japan,Master's Degree,Psychology,B2,N2,7.0,Indeed,2022-11-15,Withdrawn
CAN001396,Luis,,Smith,2001-11-11,Male,French,Japan,French,Associate Degree,English,C2,N2,0.2,Job Board,2021-03-26,Hired
CAN001397,Daniel,,Moore,1982-10-03,Female,British,Japan,British,Diploma,Linguistics,C2,N3,4.2,Indeed,2021-02-12,Interviewing
CAN001398,Miguel,,Moore,1976-12-17,Male,Brazilian,Brazilian,Brazilian,Associate Degree,Education,C2,N3,2.5,Recruitment Agency,2024-09-05,Rejected
CAN001399,Michael,,Martinez,2003-06-23,Prefer not to say,British,British,Japan,Diploma,Education,C2,N3,6.1,Referral,2026-07-26,Interviewing
CAN001400,Christopher,,Sanchez,1981-06-08,Non-binary,Mexican,Japan,Japan,Diploma,Education,C1,N3,5.4,Indeed,2021-09-05,Hired
CAN001401,Emily,,Williams,2002-07-27,Female,British,British,Japan,Bachelor's Degree,Education,B2,N3,3.0,Job Board,2025-03-19,Available
CAN001402,Miguel,,Thompson,1979-09-08,Male,French,Japan,Japan,Diploma,Other,B2,N2,0.1,Indeed,2026-04-16,Withdrawn
CAN001403,Jose,,Davis,1977-07-26,Prefer not to say,Australian,Australian,Japan,Bachelor's Degree,Psychology,B2,N3,7.6,Indeed,2023-11-11,Withdrawn
CAN001404,Thomas,,Allen,2001-11-10,Non-binary,Australian,Japan,Japan,Bachelor's Degree,English,Native,Basic,5.9,Indeed,2025-08-05,Hired
CAN001405,Diego,,Gonzalez,1990-07-07,Male,Canadian,Canadian,Canadian,Associate Degree,Other,C1,N2,1.4,Career Fair,2025-09-26,Available
CAN001406,Marco,,Moore,1985-04-01,Prefer not to say,Japanese,Japanese,Japanese,Associate Degree,Other,Native,N1,2.1,Referral,2025-08-14,Available
CAN001407,Maria,,Allen,1983-10-17,Non-binary,Australian,Australian,Australian,Master's Degree,Linguistics,B2,Basic,10.2,Company Website,2026-02-04,Interviewing
CAN001408,Diego,,Young,1981-01-21,Male,Brazilian,Japan,Brazilian,Diploma,Linguistics,Native,Basic,3.7,Indeed,2025-10-07,Available
CAN001409,John,,Lee,1991-02-17,Prefer not to say,British,British,Japan,Associate Degree,Psychology,C2,Basic,2.6,LinkedIn,2026-07-15,Interviewing
CAN001410,Daniel,,Garcia,2001-05-04,Male,Mexican,Japan,Japan,Associate Degree,English,B2,None,2.2,Indeed,2023-08-11,Interviewing
CAN001411,Alejandro,,Brown,1983-03-02,Female,American,Japan,Japan,Master's Degree,Education,Native,N3,5.4,Indeed,2023-12-10,Hired
CAN001412,Diego,,Lee,1983-02-01,Non-binary,French,French,Japan,Master's Degree,English,C1,N3,12.0,Indeed,2021-08-20,Available
CAN001413,Emily,,Martinez,1976-10-16,Female,American,American,American,Associate Degree,Psychology,B2,None,7.0,Job Board,2024-06-21,Available
CAN001414,William,,Gonzalez,1998-07-09,Non-binary,British,British,Japan,Diploma,Linguistics,C2,Basic,3.5,LinkedIn,2025-07-25,Rejected
CAN001415,Jose,,Johnson,1978-02-18,Prefer not to say,Mexican,Mexican,Japan,Bachelor's Degree,Other,B2,Basic,0.6,Company Website,2021-07-31,Rejected
CAN001416,Thomas,,Taylor,1989-12-21,Female,Mexican,Japan,Mexican,Bachelor's Degree,Psychology,C1,Basic,4.7,Career Fair,2022-11-27,Interviewing
CAN001417,Sofia,,Gonzalez,1977-10-12,Male,Spanish,Spanish,Spanish,Diploma,Business,C1,None,0.7,Recruitment Agency,2023-03-17,Rejected
CAN001418,Alejandro,,Williams,2000-10-01,Prefer not to say,French,French,Japan,Bachelor's Degree,Other,B2,Basic,1.9,Company Website,2021-04-17,Rejected
CAN001419,Thomas,,Hall,1987-10-02,Prefer not to say,American,American,Japan,Bachelor's Degree,Education,C1,N3,10.4,Job Board,2026-04-20,Withdrawn
CAN001420,Sofia,,Johnson,2000-02-16,Male,Japanese,Japanese,Japan,Bachelor's Degree,Business,C1,N3,2.9,Company Website,2022-03-31,Rejected
CAN001421,Laura,,Sanchez,1999-05-10,Male,Canadian,Canadian,Japan,Bachelor's Degree,English,C1,Basic,2.6,Referral,2022-06-24,Withdrawn
CAN001422,Maria,,Martinez,1979-12-22,Prefer not to say,Japanese,Japan,Japan,Diploma,English,B2,N1,0.3,Job Board,2021-03-11,Rejected
CAN001423,Robert,,Smith,1995-06-11,Prefer not to say,British,British,British,Diploma,Psychology,C1,N1,0.3,Job Board,2022-01-22,Rejected
CAN001424,Diego,,Brown,2001-12-12,Female,American,American,Japan,Bachelor's Degree,Linguistics,Native,Basic,9.7,Referral,2024-12-07,Interviewing
CAN001425,Maria,,White,1984-12-20,Prefer not to say,Australian,Japan,Japan,Diploma,English,C2,N2,4.6,Company Website,2025-08-22,Hired
CAN001426,John,,Davis,1983-05-15,Female,Mexican,Mexican,Japan,Bachelor's Degree,Psychology,Native,N1,0.4,LinkedIn,2023-11-27,Available
CAN001427,Emma,,Moore,1979-02-14,Female,Mexican,Mexican,Japan,Master's Degree,English,C1,Basic,3.3,LinkedIn,2024-05-16,Available
CAN001428,Robert,,Ramirez,1989-01-17,Prefer not to say,American,American,Japan,Diploma,English,C2,None,2.0,Indeed,2022-10-09,Rejected
CAN001429,Sofia,,Martin,1990-11-24,Non-binary,Mexican,Mexican,Japan,Master's Degree,English,Native,None,0.2,Referral,2022-08-31,Available
CAN001430,Michael,,Sanchez,2000-05-24,Male,French,French,Japan,Bachelor's Degree,Psychology,Native,None,3.0,Recruitment Agency,2025-07-10,Hired
CAN001431,Carlos,,Moore,2002-02-13,Prefer not to say,British,British,Japan,Diploma,Other,B2,N1,0.5,Company Website,2022-09-16,Available
CAN001432,Ana,,Martin,1985-05-18,Non-binary,Brazilian,Brazilian,Japan,Bachelor's Degree,Education,Native,N1,9.8,Referral,2021-12-03,Available
CAN001433,Diego,,Thompson,1982-04-14,Female,American,Japan,American,Bachelor's Degree,Education,Native,N3,1.1,Referral,2022-05-02,Available
CAN001434,Emily,,Brown,1997-05-11,Non-binary,Japanese,Japanese,Japanese,Bachelor's Degree,English,C1,None,0.8,Indeed,2022-08-03,Withdrawn
CAN001435,Maria,,Sanchez,1983-07-14,Non-binary,French,French,Japan,Associate Degree,Business,B2,N2,1.8,Company Website,2021-05-03,Hired
CAN001436,Miguel,,Wilson,1979-05-21,Male,Canadian,Canadian,Japan,Master's Degree,English,C2,N1,5.4,Career Fair,2021-03-07,Withdrawn
CAN001437,Carlos,,Gonzalez,2003-07-05,Male,Brazilian,Brazilian,Japan,Associate Degree,English,B2,Basic,9.5,LinkedIn,2021-05-18,Rejected
CAN001438,Robert,,Torres,1980-04-12,Male,Mexican,Mexican,Japan,Bachelor's Degree,Psychology,C2,N1,8.4,Company Website,2026-02-05,Available
CAN001439,Daniel,,Thompson,1988-02-21,Male,Filipino,Filipino,Japan,Diploma,Education,Native,None,5.6,Indeed,2022-12-25,Rejected
CAN001440,Miguel,,Ramirez,1988-07-01,Female,American,American,Japan,Diploma,Education,Native,None,8.7,Job Board,2021-08-09,Rejected
CAN001441,Juan,,Young,1979-10-24,Female,American,American,Japan,Associate Degree,Psychology,C1,None,6.0,Recruitment Agency,2025-10-16,Interviewing
CAN001442,Maria,,Williams,1982-12-25,Male,Australian,Japan,Japan,Associate Degree,Other,C2,Basic,11.7,Recruitment Agency,2023-11-26,Rejected
CAN001443,Emma,,Smith,1984-07-27,Non-binary,American,American,Japan,Associate Degree,Business,C2,N3,5.9,Indeed,2021-04-14,Withdrawn
CAN001444,Marco,,Brown,1992-07-03,Female,Spanish,Japan,Japan,Bachelor's Degree,Other,C2,N2,8.0,Indeed,2026-07-05,Interviewing
CAN001445,Daniel,,Garcia,1991-07-28,Prefer not to say,Spanish,Japan,Spanish,Master's Degree,Linguistics,Native,N1,10.6,Recruitment Agency,2025-09-10,Available
CAN001446,Daniel,,Davis,2002-05-26,Male,French,French,Japan,Bachelor's Degree,Other,C2,N3,0.2,Recruitment Agency,2024-04-16,Hired
CAN001447,Ana,,Davis,1984-09-19,Female,Australian,Australian,Australian,Associate Degree,English,C1,None,3.7,Recruitment Agency,2026-06-03,Interviewing
CAN001448,Thomas,,Gonzalez,1978-03-03,Non-binary,Spanish,Spanish,Spanish,Associate Degree,Psychology,C2,None,11.6,Job Board,2024-10-09,Withdrawn
CAN001449,Ana,,Torres,1995-02-25,Prefer not to say,American,Japan,Japan,Bachelor's Degree,Psychology,C2,N2,3.0,Career Fair,2022-05-22,Interviewing
CAN001450,Marco,,Torres,1982-06-22,Female,Brazilian,Brazilian,Brazilian,Associate Degree,Psychology,B2,N1,0.3,Recruitment Agency,2024-03-23,Interviewing
CAN001451,Diego,,Allen,1999-01-12,Female,American,American,American,Associate Degree,Linguistics,C2,N3,1.0,Job Board,2022-02-07,Rejected
CAN001452,Marco,,Allen,1975-02-23,Prefer not to say,Mexican,Mexican,Japan,Master's Degree,Business,C2,None,8.6,Job Board,2025-07-03,Available
CAN001453,Michael,,Hernandez,1976-04-06,Prefer not to say,British,British,Japan,Bachelor's Degree,Education,Native,N3,0.4,Company Website,2021-09-13,Rejected
CAN001454,Andres,,King,1990-02-08,Prefer not to say,French,Japan,French,Diploma,Education,Native,N2,10.6,Indeed,2022-03-15,Withdrawn
CAN001455,Sarah,,White,1994-01-24,Non-binary,American,Japan,Japan,Diploma,Psychology,C1,N3,11.1,Job Board,2023-11-25,Hired
CAN001456,Luis,,Rodriguez,1989-06-08,Male,Brazilian,Brazilian,Japan,Master's Degree,Psychology,B2,N1,8.9,Recruitment Agency,2024-10-15,Rejected
CAN001457,Maria,,Anderson,1994-01-23,Prefer not to say,French,French,Japan,Bachelor's Degree,Psychology,Native,N1,5.6,Career Fair,2023-07-18,Rejected
CAN001458,Alejandro,,Young,1981-11-20,Male,Australian,Australian,Japan,Diploma,Linguistics,C2,None,5.4,Recruitment Agency,2025-04-23,Available
CAN001459,Emma,,Lopez,2003-01-06,Non-binary,Brazilian,Japan,Japan,Diploma,Psychology,Native,None,2.0,LinkedIn,2024-03-20,Withdrawn
CAN001460,Juan,,Walker,1999-03-07,Male,Canadian,Canadian,Japan,Bachelor's Degree,Business,B2,N1,4.2,Recruitment Agency,2025-06-07,Withdrawn
CAN001461,Michael,,Thompson,1990-01-13,Male,Filipino,Filipino,Japan,Associate Degree,Other,C2,None,3.9,Job Board,2025-12-18,Hired
CAN001462,Laura,,Johnson,2003-05-27,Prefer not to say,Spanish,Japan,Japan,Master's Degree,English,C1,None,11.8,Career Fair,2022-08-18,Available
CAN001463,Maria,,Ramirez,2003-03-10,Female,American,American,Japan,Associate Degree,Psychology,C1,N1,0.8,Company Website,2023-05-18,Hired
CAN001464,Andres,,King,1978-12-14,Female,Mexican,Mexican,Japan,Bachelor's Degree,Linguistics,Native,N2,5.7,LinkedIn,2021-11-02,Available
CAN001465,Michael,,White,1984-07-23,Non-binary,British,British,Japan,Bachelor's Degree,Education,Native,N3,0.2,Company Website,2023-10-01,Withdrawn
CAN001466,Hannah,,Miller,1988-05-25,Prefer not to say,French,Japan,Japan,Bachelor's Degree,Linguistics,B2,Basic,6.6,LinkedIn,2022-09-29,Hired
CAN001467,Alejandro,,Wilson,1999-02-15,Female,Filipino,Filipino,Filipino,Associate Degree,Psychology,B2,N1,1.2,LinkedIn,2026-07-12,Withdrawn
CAN001468,Alejandro,,Taylor,2002-11-02,Prefer not to say,Canadian,Canadian,Japan,Associate Degree,Linguistics,B2,N3,9.3,Recruitment Agency,2026-03-07,Interviewing
CAN001469,Daniel,,Gonzalez,1976-06-03,Female,American,American,Japan,Diploma,Education,C1,N2,9.7,Career Fair,2025-12-14,Interviewing
CAN001470,Thomas,,Smith,1999-04-16,Non-binary,British,British,Japan,Master's Degree,Psychology,Native,Basic,10.7,LinkedIn,2021-09-08,Hired
CAN001471,Laura,,Torres,1991-06-23,Female,Canadian,Canadian,Japan,Associate Degree,Linguistics,B2,N1,4.8,Indeed,2026-02-24,Interviewing
CAN001472,Jose,,Wilson,1991-05-02,Female,Spanish,Spanish,Japan,Diploma,Other,C2,Basic,5.7,Company Website,2026-01-12,Rejected
CAN001473,David,,Rodriguez,1998-09-13,Non-binary,Spanish,Spanish,Japan,Master's Degree,Psychology,B2,N1,10.0,Referral,2026-05-04,Hired
CAN001474,Robert,,Young,1996-12-01,Prefer not to say,Brazilian,Brazilian,Brazilian,Master's Degree,English,Native,N3,9.4,Career Fair,2023-12-15,Rejected
CAN001475,Diego,,Garcia,1986-01-22,Prefer not to say,French,French,Japan,Associate Degree,Psychology,B2,N2,11.4,Career Fair,2022-08-17,Hired
CAN001476,David,,Rodriguez,1996-11-24,Prefer not to say,Spanish,Spanish,Japan,Diploma,Business,C1,N3,3.1,Recruitment Agency,2024-08-10,Hired
CAN001477,Christopher,,White,2002-01-08,Prefer not to say,Canadian,Canadian,Canadian,Diploma,Other,C2,N2,8.7,Indeed,2023-11-30,Hired
CAN001478,Jessica,,Perez,1980-11-05,Male,American,Japan,Japan,Associate Degree,Other,B2,N2,7.3,Recruitment Agency,2026-05-29,Hired
CAN001479,Robert,,Perez,1976-05-06,Prefer not to say,American,American,Japan,Master's Degree,Education,C1,Basic,11.3,Career Fair,2025-03-04,Interviewing
CAN001480,Christopher,,Garcia,1981-10-28,Female,Canadian,Canadian,Japan,Bachelor's Degree,Education,C1,Basic,8.1,LinkedIn,2023-01-04,Interviewing
CAN001481,Laura,,Martinez,1976-07-18,Male,American,Japan,Japan,Bachelor's Degree,Business,C2,N2,10.6,Company Website,2021-04-14,Withdrawn
CAN001482,Sarah,,Garcia,1976-05-19,Prefer not to say,British,British,Japan,Associate Degree,Business,C2,None,10.4,Recruitment Agency,2023-03-24,Rejected
CAN001483,Christopher,,Ramirez,2000-08-14,Female,Brazilian,Japan,Japan,Bachelor's Degree,Other,B2,N3,3.1,Indeed,2023-09-17,Withdrawn
CAN001484,Matthew,,Martin,1994-09-11,Female,Japanese,Japanese,Japan,Master's Degree,Business,C2,N1,10.3,Indeed,2022-03-22,Available
CAN001485,Daniel,,Hall,1987-04-12,Prefer not to say,Australian,Australian,Australian,Diploma,Other,B2,N2,4.7,LinkedIn,2021-07-15,Rejected
CAN001486,Daniel,,Allen,1980-09-21,Prefer not to say,Filipino,Filipino,Filipino,Associate Degree,Education,B2,None,6.1,Referral,2024-05-29,Interviewing
CAN001487,Andres,,Hall,1975-07-24,Male,Filipino,Filipino,Filipino,Bachelor's Degree,Other,Native,N1,11.5,Career Fair,2026-07-22,Rejected
CAN001488,Matthew,,Hernandez,1980-03-25,Non-binary,Filipino,Japan,Filipino,Master's Degree,Psychology,Native,N3,3.1,Referral,2021-11-15,Hired
CAN001489,Christopher,,Sanchez,1980-03-12,Male,British,Japan,Japan,Master's Degree,Linguistics,Native,None,1.8,LinkedIn,2023-02-28,Withdrawn
CAN001490,James,,Allen,1976-02-20,Male,Filipino,Filipino,Japan,Diploma,Psychology,C1,Basic,7.5,Career Fair,2023-07-16,Rejected
CAN001491,Juan,,Young,1980-05-28,Prefer not to say,Spanish,Spanish,Spanish,Bachelor's Degree,Linguistics,C2,None,1.5,Career Fair,2023-10-06,Withdrawn
CAN001492,Maria,,Ramirez,1977-03-19,Prefer not to say,French,French,French,Master's Degree,Education,Native,Basic,2.9,Recruitment Agency,2021-08-24,Interviewing
CAN001493,Juan,,Martinez,1990-08-10,Male,Australian,Australian,Japan,Associate Degree,Other,Native,N1,2.4,Recruitment Agency,2025-03-03,Withdrawn
CAN001494,Matthew,,Walker,1978-10-05,Female,Spanish,Spanish,Japan,Associate Degree,English,B2,Basic,11.3,Career Fair,2023-01-11,Withdrawn
CAN001495,William,,Williams,1979-11-28,Female,Australian,Australian,Japan,Diploma,Education,B2,Basic,0.3,Referral,2025-06-21,Available
CAN001496,Jose,,Thompson,1998-09-09,Female,Canadian,Canadian,Japan,Bachelor's Degree,Education,C1,Basic,10.3,LinkedIn,2024-07-15,Hired
CAN001497,David,,Lopez,1983-04-24,Male,American,American,Japan,Bachelor's Degree,Psychology,B2,N2,11.0,Recruitment Agency,2022-07-26,Rejected
CAN001498,Diego,,Anderson,1994-03-12,Male,Canadian,Canadian,Japan,Master's Degree,Other,C1,N3,8.4,Referral,2023-10-27,Hired
CAN001499,Christopher,,Perez,1998-01-10,Prefer not to say,French,French,Japan,Master's Degree,English,C2,Basic,7.1,Referral,2026-06-02,Interviewing
CAN001500,James,,Lopez,1986-10-02,Non-binary,Filipino,Japan,Japan,Associate Degree,Education,C1,N1,9.4,LinkedIn,2022-11-11,Available
CAN001501,John,,Rodriguez,2001-12-18,Prefer not to say,Filipino,Filipino,Japan,Master's Degree,Education,C1,N2,5.8,Job Board,2022-12-05,Available
CAN001502,Maria,,Perez,1986-05-07,Prefer not to say,Filipino,Filipino,Japan,Master's Degree,English,C2,N3,0.1,Company Website,2024-07-30,Available
CAN001503,Jose,,Brown,1998-11-21,Non-binary,Canadian,Canadian,Canadian,Diploma,English,C1,Basic,7.8,Company Website,2025-07-20,Rejected
CAN001504,Ana,,Perez,1982-05-03,Male,Japanese,Japan,Japan,Diploma,Business,C2,N2,0.5,Recruitment Agency,2024-03-23,Interviewing
CAN001505,Carlos,,Ramirez,2001-06-27,Female,Japanese,Japanese,Japan,Diploma,Linguistics,Native,None,8.6,Referral,2021-08-04,Hired
CAN001506,Miguel,,Martin,1999-02-19,Female,British,British,Japan,Master's Degree,English,C2,N3,10.0,Company Website,2023-06-19,Hired
CAN001507,Christopher,,Sanchez,1987-01-23,Female,Spanish,Spanish,Spanish,Bachelor's Degree,Linguistics,B2,N3,4.8,Job Board,2021-07-11,Interviewing
CAN001508,Laura,,Hall,1976-08-14,Non-binary,Spanish,Spanish,Japan,Associate Degree,English,B2,Basic,2.4,Recruitment Agency,2022-06-16,Hired
CAN001509,Daniel,,Hall,1988-11-05,Female,American,Japan,Japan,Bachelor's Degree,Education,C1,N3,8.6,Recruitment Agency,2023-07-03,Withdrawn
CAN001510,Alejandro,,Rodriguez,1997-02-13,Non-binary,Australian,Australian,Australian,Master's Degree,Business,C2,N2,5.6,Recruitment Agency,2024-11-30,Available
CAN001511,James,,Miller,1988-01-14,Female,Australian,Australian,Japan,Bachelor's Degree,Linguistics,B2,None,5.7,Career Fair,2023-05-04,Withdrawn
CAN001512,Daniel,,Davis,1992-08-01,Female,French,French,Japan,Master's Degree,Education,C2,N3,6.7,Recruitment Agency,2021-12-21,Withdrawn
CAN001513,Diego,,Lee,1983-02-25,Non-binary,Canadian,Canadian,Japan,Associate Degree,English,B2,N1,3.1,Referral,2026-07-26,Hired
CAN001514,Jose,,Brown,2002-05-25,Female,British,British,Japan,Bachelor's Degree,Linguistics,B2,Basic,2.4,Recruitment Agency,2025-02-23,Withdrawn
CAN001515,Luis,,Smith,1975-01-20,Non-binary,British,British,Japan,Associate Degree,Business,C1,Basic,1.1,Job Board,2024-10-20,Withdrawn
CAN001516,Marco,,Williams,1999-10-20,Female,Mexican,Mexican,Japan,Bachelor's Degree,Linguistics,B2,None,3.7,Career Fair,2021-03-07,Interviewing
CAN001517,Sofia,,Lopez,1984-04-15,Male,Australian,Australian,Japan,Diploma,Education,B2,N3,10.5,LinkedIn,2023-12-09,Interviewing
CAN001518,Emma,,Anderson,1979-11-13,Male,Spanish,Spanish,Japan,Associate Degree,Other,Native,N1,4.5,Referral,2023-08-16,Available
CAN001519,Christopher,,Hernandez,1976-03-15,Male,Canadian,Canadian,Japan,Associate Degree,Linguistics,Native,N2,7.8,Career Fair,2026-05-02,Available
CAN001520,Michael,,Garcia,1984-04-12,Male,Spanish,Spanish,Japan,Master's Degree,Business,C1,N2,7.1,Indeed,2025-08-15,Rejected
CAN001521,Carlos,,Taylor,1990-11-15,Prefer not to say,Mexican,Mexican,Mexican,Bachelor's Degree,Psychology,C2,Basic,8.8,Recruitment Agency,2023-05-15,Interviewing
CAN001522,Olivia,,Allen,1990-10-21,Prefer not to say,American,American,Japan,Diploma,Linguistics,C2,N1,9.1,Job Board,2024-02-26,Available
CAN001523,Ana,,Hall,1976-07-16,Non-binary,Japanese,Japanese,Japan,Master's Degree,Other,B2,N2,0.3,Career Fair,2023-04-21,Withdrawn
CAN001524,Ana,,Smith,1985-01-28,Male,Japanese,Japanese,Japan,Bachelor's Degree,Linguistics,B2,None,6.5,Recruitment Agency,2024-05-24,Interviewing
CAN001525,Carlos,,Johnson,1987-04-06,Female,American,American,Japan,Bachelor's Degree,Business,C2,N1,7.0,Career Fair,2021-09-08,Available
CAN001526,Laura,,Jackson,1977-11-19,Female,French,French,Japan,Associate Degree,English,C2,N2,1.1,Job Board,2022-10-17,Hired
CAN001527,Thomas,,Johnson,2001-05-20,Non-binary,Canadian,Canadian,Japan,Master's Degree,Other,C2,None,8.1,Indeed,2023-12-11,Withdrawn
CAN001528,Andres,,Thompson,1995-10-23,Prefer not to say,American,American,Japan,Diploma,Psychology,C2,None,7.4,Career Fair,2021-03-20,Available
CAN001529,Daniel,,Rodriguez,1975-06-09,Non-binary,Australian,Australian,Japan,Master's Degree,Education,C2,None,5.6,Referral,2022-10-28,Hired
CAN001530,Robert,,Miller,1991-01-13,Male,Australian,Australian,Japan,Bachelor's Degree,Education,B2,N3,10.6,Referral,2025-03-24,Rejected
CAN001531,Olivia,,Allen,1995-09-03,Prefer not to say,Mexican,Japan,Japan,Bachelor's Degree,Business,Native,N1,11.7,Recruitment Agency,2024-09-07,Withdrawn
CAN001532,Miguel,,Anderson,2003-01-07,Male,Brazilian,Brazilian,Japan,Bachelor's Degree,Business,C2,N2,1.8,Indeed,2021-05-08,Available
CAN001533,Robert,,Wilson,1980-11-28,Non-binary,Australian,Japan,Australian,Bachelor's Degree,Other,Native,N2,1.8,Referral,2024-04-27,Available
CAN001534,David,,Moore,1980-11-21,Prefer not to say,Australian,Australian,Japan,Diploma,Psychology,Native,N1,10.6,Recruitment Agency,2026-03-28,Hired
CAN001535,Jose,,Walker,1990-07-13,Female,Mexican,Japan,Japan,Master's Degree,Psychology,Native,N2,0.7,Career Fair,2022-06-27,Rejected
CAN001536,Hannah,,Johnson,1981-11-09,Prefer not to say,Australian,Australian,Japan,Master's Degree,Other,C1,N3,12.0,Job Board,2024-02-24,Interviewing
CAN001537,Olivia,,Garcia,1977-03-01,Non-binary,Canadian,Canadian,Japan,Bachelor's Degree,Psychology,Native,Basic,11.5,Recruitment Agency,2024-04-24,Withdrawn
CAN001538,Marco,,Garcia,1980-09-09,Male,Spanish,Spanish,Spanish,Diploma,Other,B2,None,1.6,Career Fair,2026-01-23,Withdrawn
CAN001539,Marco,,Taylor,1985-03-28,Female,Mexican,Mexican,Japan,Diploma,Linguistics,Native,N1,9.8,Career Fair,2024-06-16,Withdrawn
CAN001540,Maria,,Ramirez,1996-01-08,Female,Australian,Australian,Australian,Diploma,Business,C2,N1,4.4,Job Board,2025-06-27,Interviewing
CAN001541,Robert,,Gonzalez,1981-03-08,Prefer not to say,Mexican,Mexican,Japan,Diploma,Linguistics,Native,Basic,4.5,LinkedIn,2025-10-19,Available
CAN001542,Laura,,Miller,2002-11-06,Female,Mexican,Mexican,Mexican,Diploma,English,C2,N2,6.8,Indeed,2022-07-07,Hired
CAN001543,Michael,,Johnson,1987-02-15,Non-binary,Canadian,Canadian,Japan,Master's Degree,Psychology,C2,Basic,3.8,Referral,2025-07-30,Interviewing
CAN001544,Emma,,Taylor,1992-09-15,Non-binary,French,Japan,Japan,Diploma,Education,C1,None,3.0,Referral,2026-07-23,Rejected
CAN001545,Miguel,,Davis,2002-05-20,Female,American,Japan,Japan,Bachelor's Degree,English,C2,N2,0.1,Company Website,2023-10-09,Hired
CAN001546,Andres,,Torres,1976-11-22,Male,Spanish,Japan,Japan,Associate Degree,Other,C2,None,10.4,Job Board,2026-03-26,Available
CAN001547,Luis,,Rodriguez,1984-02-01,Prefer not to say,Brazilian,Brazilian,Brazilian,Diploma,English,Native,N1,7.4,Recruitment Agency,2023-04-17,Withdrawn
CAN001548,Laura,,Thompson,1987-05-06,Non-binary,Australian,Australian,Australian,Master's Degree,Education,C2,Basic,4.0,Indeed,2022-07-09,Hired
CAN001549,Christopher,,King,1990-07-14,Prefer not to say,Japanese,Japanese,Japanese,Bachelor's Degree,Other,C1,N2,6.4,Company Website,2022-02-24,Hired
CAN001550,William,,Thompson,1986-04-21,Prefer not to say,French,French,Japan,Diploma,Psychology,C1,N2,1.8,Career Fair,2021-01-12,Withdrawn
CAN001551,Emma,,Allen,1975-05-08,Female,French,French,Japan,Bachelor's Degree,Other,C2,N2,7.9,LinkedIn,2024-06-12,Interviewing
CAN001552,Daniel,,Garcia,1976-08-16,Male,British,British,Japan,Associate Degree,Education,C2,N2,1.0,Referral,2026-07-25,Rejected
CAN001553,Miguel,,Gonzalez,1997-06-27,Prefer not to say,Japanese,Japanese,Japan,Diploma,Education,C2,N3,8.8,Career Fair,2021-10-18,Withdrawn
CAN001554,Emma,,Torres,1983-08-10,Male,Australian,Australian,Japan,Diploma,English,C2,N3,11.8,Company Website,2021-01-01,Interviewing
CAN001555,Robert,,Williams,1977-10-03,Non-binary,Mexican,Mexican,Mexican,Master's Degree,Other,C2,N1,7.1,Company Website,2026-04-15,Withdrawn
CAN001556,James,,Taylor,1981-05-02,Male,Brazilian,Brazilian,Brazilian,Bachelor's Degree,Other,Native,N3,10.7,Recruitment Agency,2021-10-28,Withdrawn
CAN001557,Diego,,White,2000-10-13,Male,British,Japan,Japan,Bachelor's Degree,Other,B2,N2,0.0,LinkedIn,2025-02-07,Hired
CAN001558,Christopher,,Sanchez,2003-01-23,Male,Filipino,Filipino,Filipino,Bachelor's Degree,English,C2,Basic,1.0,Referral,2024-06-29,Hired
CAN001559,Sarah,,Rodriguez,1993-07-13,Non-binary,Mexican,Japan,Japan,Diploma,Other,C1,None,7.9,Referral,2022-10-19,Available
CAN001560,Carlos,,Gonzalez,1987-06-06,Prefer not to say,American,American,American,Diploma,Other,C2,Basic,8.7,LinkedIn,2024-10-16,Interviewing
CAN001561,Alejandro,,Rodriguez,1976-04-20,Male,Australian,Australian,Japan,Bachelor's Degree,Business,B2,None,6.1,Referral,2026-04-03,Available
CAN001562,William,,Hernandez,1994-03-02,Male,Japanese,Japanese,Japan,Associate Degree,English,Native,None,2.4,Career Fair,2022-04-27,Rejected
CAN001563,Ana,,Taylor,1987-02-04,Non-binary,Brazilian,Brazilian,Japan,Associate Degree,English,B2,Basic,2.2,Company Website,2024-10-05,Hired
CAN001564,Matthew,,Smith,1987-01-10,Non-binary,Canadian,Canadian,Japan,Diploma,Other,Native,N2,5.7,LinkedIn,2026-02-06,Withdrawn
CAN001565,Jessica,,Ramirez,1984-08-24,Female,Brazilian,Japan,Japan,Master's Degree,Education,B2,None,3.5,Job Board,2021-08-21,Hired
CAN001566,Laura,,Jackson,1993-06-24,Prefer not to say,Japanese,Japan,Japan,Diploma,English,B2,Basic,3.0,Job Board,2023-09-26,Available
CAN001567,Michael,,King,1975-06-08,Male,Canadian,Canadian,Canadian,Associate Degree,Education,C2,N3,5.8,Referral,2021-02-25,Interviewing
CAN001568,Carlos,,Rodriguez,1987-09-13,Male,Filipino,Filipino,Filipino,Bachelor's Degree,Business,B2,Basic,5.2,Company Website,2021-07-18,Withdrawn
CAN001569,Miguel,,Gonzalez,1998-09-21,Male,Spanish,Spanish,Japan,Bachelor's Degree,Education,C2,N1,0.5,Company Website,2021-12-26,Rejected
CAN001570,Miguel,,Walker,1998-04-21,Male,Canadian,Canadian,Japan,Associate Degree,English,C2,N2,9.1,Referral,2021-04-29,Interviewing
CAN001571,Jessica,,Jackson,1986-04-28,Female,Japanese,Japan,Japan,Bachelor's Degree,Education,B2,None,1.6,Recruitment Agency,2022-04-05,Withdrawn
CAN001572,Hannah,,Hall,1990-05-22,Female,Australian,Australian,Australian,Associate Degree,Other,C1,N3,11.1,Indeed,2024-08-10,Available
CAN001573,Luis,,Lopez,1992-01-21,Non-binary,Brazilian,Brazilian,Japan,Master's Degree,Linguistics,C1,N3,4.8,Recruitment Agency,2022-05-10,Rejected
CAN001574,Emma,,Perez,1994-11-12,Prefer not to say,American,American,Japan,Diploma,Business,Native,Basic,11.6,Recruitment Agency,2022-09-04,Hired
CAN001575,Ana,,Johnson,2001-03-10,Non-binary,Mexican,Mexican,Japan,Master's Degree,Business,B2,None,1.6,LinkedIn,2025-09-29,Hired
CAN001576,James,,Davis,1986-01-03,Male,British,British,Japan,Bachelor's Degree,Business,B2,None,3.8,Company Website,2025-03-14,Withdrawn
CAN001577,John,,Anderson,1993-01-12,Male,Canadian,Canadian,Japan,Associate Degree,Linguistics,B2,N1,3.2,Job Board,2022-06-13,Interviewing
CAN001578,Diego,,Martin,1998-06-07,Prefer not to say,Filipino,Filipino,Japan,Associate Degree,Other,B2,None,6.9,Job Board,2022-02-02,Hired
CAN001579,Maria,,Smith,1991-11-19,Non-binary,Spanish,Japan,Spanish,Diploma,Psychology,C2,N2,4.0,Company Website,2025-06-18,Available
CAN001580,Marco,,Rodriguez,2003-06-23,Prefer not to say,Australian,Australian,Japan,Bachelor's Degree,Linguistics,B2,None,9.3,Indeed,2026-07-21,Interviewing
CAN001581,Emma,,Miller,2000-12-03,Male,British,British,British,Master's Degree,Education,C1,N2,5.9,Indeed,2023-12-23,Rejected
CAN001582,Emma,,Hall,1979-12-23,Female,British,British,British,Diploma,Linguistics,C1,None,2.2,Referral,2026-05-17,Rejected
CAN001583,David,,Sanchez,1999-03-27,Female,French,French,Japan,Diploma,Business,C2,N1,11.2,Indeed,2025-06-06,Rejected
CAN001584,Sofia,,Wilson,2002-06-21,Female,Mexican,Mexican,Japan,Bachelor's Degree,Linguistics,Native,None,5.1,Indeed,2022-07-31,Rejected
CAN001585,Maria,,Walker,1980-09-09,Non-binary,Canadian,Canadian,Japan,Bachelor's Degree,Psychology,C2,N1,0.1,Job Board,2024-04-16,Interviewing
CAN001586,David,,Hall,1985-02-11,Prefer not to say,Filipino,Filipino,Japan,Diploma,Linguistics,B2,N1,8.3,Referral,2024-01-06,Hired
CAN001587,Juan,,Wilson,1982-02-01,Female,Spanish,Spanish,Spanish,Master's Degree,English,B2,Basic,11.0,Recruitment Agency,2021-01-16,Interviewing
CAN001588,Daniel,,Anderson,1981-04-03,Male,Brazilian,Japan,Japan,Diploma,Linguistics,B2,None,11.1,Recruitment Agency,2025-08-24,Hired
CAN001589,Juan,,Wilson,1986-01-08,Non-binary,Mexican,Mexican,Japan,Associate Degree,English,C1,None,8.7,Company Website,2025-03-31,Interviewing
CAN001590,Ana,,White,1984-12-02,Prefer not to say,French,French,Japan,Associate Degree,Psychology,C2,N2,5.4,Indeed,2022-06-26,Withdrawn
CAN001591,Christopher,,King,1975-07-27,Female,Mexican,Mexican,Mexican,Master's Degree,Psychology,C1,N2,10.6,Career Fair,2022-10-17,Withdrawn
CAN001592,Robert,,Martin,1977-05-19,Prefer not to say,Australian,Australian,Japan,Master's Degree,Education,C2,N1,8.4,Referral,2026-01-09,Interviewing
CAN001593,Sofia,,Moore,2001-09-23,Non-binary,Japanese,Japanese,Japanese,Diploma,Education,C1,N3,0.2,LinkedIn,2024-02-12,Available
CAN001594,Jessica,,Walker,1996-04-05,Female,Spanish,Spanish,Japan,Master's Degree,Psychology,C1,N2,1.2,Company Website,2025-09-04,Rejected
CAN001595,Jessica,,Wilson,1993-12-18,Non-binary,American,American,Japan,Associate Degree,English,C1,None,0.0,Company Website,2021-11-02,Rejected
CAN001596,Sarah,,Anderson,1988-12-23,Non-binary,Canadian,Japan,Canadian,Associate Degree,English,C2,N3,4.8,Recruitment Agency,2022-11-01,Available
CAN001597,Jessica,,Miller,1977-09-25,Prefer not to say,Canadian,Canadian,Japan,Associate Degree,Education,B2,N1,0.6,Job Board,2022-08-02,Hired
CAN001598,Sofia,,Rodriguez,1997-12-09,Non-binary,Spanish,Spanish,Japan,Associate Degree,Psychology,B2,N2,7.5,Referral,2025-02-24,Interviewing
CAN001599,Juan,,Young,1996-09-08,Prefer not to say,Japanese,Japanese,Japanese,Diploma,Education,Native,N1,0.7,Indeed,2021-01-16,Interviewing
CAN001600,Luis,,Taylor,1987-03-01,Non-binary,Spanish,Spanish,Japan,Diploma,Linguistics,C1,N2,8.0,Referral,2022-02-10,Interviewing
CAN001601,David,,Williams,1999-06-16,Female,American,American,American,Diploma,Linguistics,Native,None,0.6,Referral,2024-12-13,Interviewing
CAN001602,David,,Davis,2000-07-26,Non-binary,Australian,Australian,Japan,Diploma,Linguistics,C1,N3,1.3,Indeed,2022-06-28,Withdrawn
CAN001603,Emma,,Torres,1983-02-25,Female,Australian,Australian,Japan,Diploma,Psychology,B2,None,6.2,Indeed,2026-04-19,Withdrawn
CAN001604,Laura,,Miller,2002-01-24,Female,French,French,Japan,Bachelor's Degree,Psychology,C1,N3,1.8,Indeed,2021-09-18,Available
CAN001605,Emily,,Johnson,1976-03-02,Female,Mexican,Mexican,Japan,Associate Degree,Other,Native,Basic,3.2,Referral,2024-09-25,Hired
CAN001606,Christopher,,Lee,1988-11-03,Prefer not to say,Japanese,Japanese,Japan,Associate Degree,Linguistics,C2,N1,3.2,Indeed,2026-05-03,Withdrawn
CAN001607,Michael,,Jackson,1983-09-01,Prefer not to say,Filipino,Filipino,Filipino,Diploma,Other,B2,N3,11.9,Company Website,2024-05-08,Available
CAN001608,David,,Miller,1995-11-08,Male,Mexican,Mexican,Mexican,Diploma,Education,C2,N1,3.0,Indeed,2023-10-26,Hired
CAN001609,Ana,,Sanchez,1977-06-17,Male,Filipino,Filipino,Japan,Associate Degree,English,Native,Basic,1.2,Job Board,2022-07-28,Interviewing
CAN001610,Sarah,,Anderson,1990-05-18,Non-binary,French,Japan,Japan,Bachelor's Degree,Other,C1,None,6.2,Recruitment Agency,2025-11-25,Withdrawn
CAN001611,Hannah,,Thompson,1991-12-06,Female,Mexican,Japan,Japan,Associate Degree,Other,B2,N1,9.7,LinkedIn,2023-04-06,Hired
CAN001612,Christopher,,Johnson,1980-04-21,Prefer not to say,Canadian,Canadian,Canadian,Associate Degree,Other,B2,N1,9.1,Indeed,2023-06-20,Interviewing
CAN001613,Robert,,Hall,1990-05-17,Prefer not to say,American,American,American,Bachelor's Degree,Business,B2,Basic,10.1,Indeed,2023-05-10,Hired
CAN001614,James,,Martinez,2000-09-26,Female,French,French,Japan,Master's Degree,Business,C1,N3,6.8,Recruitment Agency,2022-01-05,Available
CAN001615,Thomas,,Moore,2001-01-14,Female,British,British,Japan,Diploma,Education,B2,N1,6.0,Referral,2022-09-18,Hired
CAN001616,Alejandro,,Young,1980-04-16,Prefer not to say,Mexican,Mexican,Japan,Associate Degree,Other,B2,None,8.1,Referral,2021-08-20,Withdrawn
CAN001617,Ana,,Anderson,1989-10-11,Prefer not to say,American,American,Japan,Associate Degree,Linguistics,C2,N1,6.3,Career Fair,2023-11-29,Available
CAN001618,Thomas,,Jackson,1996-01-27,Male,British,British,Japan,Bachelor's Degree,Linguistics,B2,N1,0.7,Referral,2026-01-28,Withdrawn
CAN001619,James,,Davis,1994-12-21,Female,Canadian,Canadian,Japan,Diploma,Business,C2,N1,0.3,Indeed,2025-05-19,Hired
CAN001620,Sarah,,Miller,1987-02-05,Male,Japanese,Japanese,Japan,Bachelor's Degree,Other,C1,None,6.6,Career Fair,2023-09-02,Available
CAN001621,Daniel,,Gonzalez,1993-11-26,Female,American,Japan,Japan,Bachelor's Degree,Other,B2,None,11.0,Recruitment Agency,2025-05-05,Available
CAN001622,Miguel,,Allen,1978-01-15,Female,British,British,Japan,Master's Degree,Business,C2,Basic,3.3,Job Board,2022-06-25,Available
CAN001623,Sarah,,King,2002-07-22,Male,Japanese,Japanese,Japanese,Associate Degree,Education,B2,N2,3.9,Referral,2024-05-29,Available
CAN001624,Robert,,Allen,1991-12-28,Prefer not to say,British,British,Japan,Diploma,Business,C2,None,9.2,Career Fair,2023-07-12,Rejected
CAN001625,Daniel,,Williams,1985-06-21,Male,Filipino,Filipino,Japan,Bachelor's Degree,Psychology,B2,N1,7.2,Job Board,2021-06-24,Rejected
CAN001626,John,,Ramirez,1997-05-09,Female,Australian,Australian,Japan,Bachelor's Degree,Linguistics,Native,N3,10.7,Company Website,2021-07-03,Hired
CAN001627,Maria,,Gonzalez,1982-11-26,Prefer not to say,Mexican,Mexican,Japan,Diploma,Psychology,Native,None,7.0,Recruitment Agency,2024-08-14,Interviewing
CAN001628,Matthew,,Anderson,1992-01-28,Non-binary,British,Japan,Japan,Associate Degree,Linguistics,B2,N1,3.5,Recruitment Agency,2022-08-06,Interviewing
CAN001629,Christopher,,Walker,1984-01-25,Prefer not to say,Spanish,Japan,Spanish,Bachelor's Degree,Education,B2,Basic,11.3,Referral,2023-08-08,Withdrawn
CAN001630,William,,Rodriguez,1999-08-17,Prefer not to say,American,American,Japan,Master's Degree,Psychology,C2,N2,2.8,Referral,2023-05-04,Interviewing
CAN001631,Thomas,,Lee,1998-04-23,Male,Canadian,Canadian,Japan,Associate Degree,Other,C1,Basic,12.0,Indeed,2021-06-04,Rejected
CAN001632,Jose,,Torres,1977-07-28,Non-binary,American,American,Japan,Diploma,Business,Native,N2,10.9,LinkedIn,2025-03-08,Withdrawn
CAN001633,Ana,,Taylor,2002-08-23,Male,Spanish,Spanish,Japan,Associate Degree,Psychology,C1,None,11.1,Recruitment Agency,2023-11-09,Withdrawn
CAN001634,Sofia,,King,1994-02-14,Male,French,Japan,Japan,Master's Degree,Education,Native,N2,6.8,Company Website,2021-09-18,Withdrawn
CAN001635,Olivia,,Lopez,1982-05-27,Male,French,French,Japan,Associate Degree,Psychology,C2,N2,9.7,LinkedIn,2024-01-26,Hired
CAN001636,Sofia,,Gonzalez,1993-12-28,Female,Brazilian,Japan,Japan,Bachelor's Degree,English,B2,N3,11.6,Job Board,2022-05-29,Hired
CAN001637,Christopher,,Martin,1995-10-13,Female,American,American,Japan,Diploma,Business,Native,N1,9.0,Recruitment Agency,2023-02-06,Interviewing
CAN001638,Robert,,Martinez,1975-03-11,Male,British,British,Japan,Master's Degree,English,C2,N3,7.4,Referral,2025-06-03,Hired
CAN001639,Luis,,Young,1981-12-15,Prefer not to say,Brazilian,Brazilian,Japan,Bachelor's Degree,Education,B2,N2,7.4,LinkedIn,2025-10-01,Rejected
CAN001640,Emily,,Torres,1983-07-04,Female,Australian,Australian,Japan,Associate Degree,Education,B2,N3,10.2,LinkedIn,2024-01-29,Interviewing
CAN001641,Olivia,,Torres,1979-07-27,Female,American,American,Japan,Master's Degree,Business,C2,None,6.8,Career Fair,2021-08-04,Withdrawn
CAN001642,Sofia,,Young,1995-07-20,Female,Filipino,Filipino,Japan,Diploma,Other,B2,N2,10.2,LinkedIn,2024-10-03,Hired
CAN001643,Andres,,Jackson,1976-01-07,Non-binary,Mexican,Mexican,Mexican,Master's Degree,Linguistics,C1,N3,10.5,Recruitment Agency,2024-08-17,Interviewing
CAN001644,Alejandro,,Perez,1992-09-08,Female,Australian,Japan,Japan,Bachelor's Degree,Linguistics,C1,N3,4.5,Job Board,2021-01-04,Hired
CAN001645,James,,Thompson,1990-05-19,Male,Canadian,Canadian,Japan,Diploma,Psychology,B2,N1,9.9,Indeed,2023-03-22,Hired
CAN001646,Alejandro,,Allen,1997-01-10,Female,Japanese,Japanese,Japan,Diploma,Business,Native,N1,2.3,Job Board,2021-02-27,Available
CAN001647,Ana,,Brown,1991-01-02,Female,Brazilian,Brazilian,Japan,Master's Degree,Psychology,Native,N3,1.1,Company Website,2022-02-14,Withdrawn
CAN001648,Marco,,Johnson,1990-09-14,Male,American,American,American,Bachelor's Degree,Psychology,B2,None,0.5,Job Board,2022-12-01,Interviewing
CAN001649,Emily,,Davis,1985-07-10,Male,Filipino,Filipino,Filipino,Bachelor's Degree,English,B2,N1,7.9,Indeed,2022-06-12,Hired
CAN001650,James,,Ramirez,1980-12-24,Male,Mexican,Mexican,Japan,Bachelor's Degree,English,B2,N3,11.7,Job Board,2023-03-15,Withdrawn
CAN001651,Hannah,,White,1975-11-11,Male,Canadian,Canadian,Japan,Master's Degree,Education,B2,N2,5.8,Company Website,2022-07-20,Withdrawn
CAN001652,Luis,,Ramirez,1985-12-19,Prefer not to say,Mexican,Mexican,Japan,Master's Degree,English,C2,Basic,1.6,Indeed,2022-08-04,Withdrawn
CAN001653,Miguel,,Hernandez,1985-04-28,Male,Canadian,Canadian,Japan,Master's Degree,Other,Native,None,11.5,Job Board,2022-06-19,Available
CAN001654,Maria,,Hernandez,2002-02-04,Female,Australian,Australian,Japan,Bachelor's Degree,English,C2,Basic,4.4,Referral,2023-05-01,Interviewing
CAN001655,Daniel,,Walker,1981-03-08,Prefer not to say,Filipino,Filipino,Filipino,Associate Degree,English,C2,N3,2.2,Recruitment Agency,2023-11-08,Withdrawn
CAN001656,Maria,,Walker,1984-10-15,Prefer not to say,Mexican,Mexican,Japan,Associate Degree,English,Native,N1,11.4,Indeed,2025-10-20,Interviewing
CAN001657,Maria,,Anderson,1995-11-16,Non-binary,Australian,Australian,Japan,Diploma,English,C1,N2,10.0,Company Website,2023-09-21,Withdrawn
CAN001658,Jessica,,Perez,1987-07-12,Non-binary,Japanese,Japanese,Japanese,Diploma,English,C1,Basic,10.5,Referral,2024-09-23,Hired
CAN001659,Matthew,,King,1988-07-10,Non-binary,Australian,Australian,Japan,Diploma,Psychology,C1,Basic,3.5,Recruitment Agency,2022-03-08,Withdrawn
CAN001660,Hannah,,Lee,1987-07-24,Prefer not to say,British,British,Japan,Associate Degree,Other,C2,Basic,3.5,Job Board,2024-07-25,Interviewing
CAN001661,William,,King,1993-03-10,Female,Filipino,Filipino,Japan,Diploma,English,C2,N3,3.3,Job Board,2022-02-27,Withdrawn
CAN001662,Robert,,Wilson,1985-09-24,Male,British,British,Japan,Bachelor's Degree,Business,C2,N3,6.8,Referral,2025-10-24,Rejected
CAN001663,Matthew,,Jackson,1999-09-26,Female,Spanish,Spanish,Japan,Bachelor's Degree,Education,B2,N1,7.9,Job Board,2021-11-13,Interviewing
CAN001664,Luis,,Garcia,1982-01-16,Male,French,French,Japan,Master's Degree,Education,Native,N3,6.4,Recruitment Agency,2023-05-03,Interviewing
CAN001665,Thomas,,Young,1997-01-18,Female,Spanish,Spanish,Spanish,Bachelor's Degree,Linguistics,B2,Basic,7.1,LinkedIn,2022-07-28,Interviewing
CAN001666,Michael,,Perez,1985-11-09,Female,Japanese,Japanese,Japanese,Associate Degree,Linguistics,B2,Basic,11.0,Indeed,2022-08-14,Available
CAN001667,Daniel,,Anderson,1979-12-19,Non-binary,Mexican,Mexican,Japan,Bachelor's Degree,Other,Native,Basic,7.7,Job Board,2024-05-16,Interviewing
CAN001668,Jessica,,Torres,1993-08-03,Male,French,French,French,Master's Degree,English,C1,Basic,7.2,Company Website,2025-08-07,Hired
CAN001669,Michael,,Lopez,1980-06-26,Female,American,American,Japan,Associate Degree,Other,Native,None,2.3,Indeed,2021-04-23,Withdrawn
CAN001670,Diego,,Rodriguez,1990-11-14,Non-binary,British,British,British,Bachelor's Degree,Linguistics,Native,N1,6.5,Job Board,2026-05-29,Withdrawn
CAN001671,Luis,,Martin,1976-02-28,Male,French,French,Japan,Associate Degree,Psychology,Native,None,4.8,LinkedIn,2025-11-14,Available
CAN001672,Emily,,White,1993-11-22,Non-binary,Mexican,Mexican,Japan,Master's Degree,Education,C2,N1,6.7,Recruitment Agency,2021-12-07,Interviewing
CAN001673,Hannah,,Lopez,1987-09-02,Female,Japanese,Japanese,Japan,Bachelor's Degree,English,C1,N1,10.7,LinkedIn,2021-10-24,Withdrawn
CAN001674,Thomas,,Ramirez,2003-03-02,Prefer not to say,Filipino,Filipino,Japan,Diploma,Psychology,Native,N2,10.0,Referral,2023-05-09,Hired
CAN001675,Juan,,King,1992-07-02,Male,Filipino,Japan,Filipino,Bachelor's Degree,Business,Native,Basic,10.5,Career Fair,2021-11-24,Hired
CAN001676,Christopher,,Thompson,1984-01-05,Male,French,French,Japan,Bachelor's Degree,Linguistics,Native,None,1.6,Referral,2024-05-27,Interviewing
CAN001677,Emma,,Smith,1984-06-05,Female,American,Japan,American,Diploma,Psychology,C1,N2,4.6,Career Fair,2026-06-08,Interviewing
CAN001678,Juan,,Jackson,1977-04-18,Prefer not to say,Mexican,Mexican,Mexican,Bachelor's Degree,Other,B2,None,9.4,LinkedIn,2021-11-23,Rejected
CAN001679,Marco,,Smith,1979-02-12,Female,Mexican,Mexican,Japan,Associate Degree,English,C1,None,4.9,Job Board,2024-03-09,Interviewing
CAN001680,Sarah,,Perez,1987-02-14,Non-binary,Filipino,Filipino,Japan,Diploma,Other,C1,None,0.0,Job Board,2023-11-04,Withdrawn
CAN001681,Andres,,Miller,1998-02-23,Non-binary,Japanese,Japanese,Japan,Associate Degree,Business,B2,N1,3.4,Referral,2026-03-26,Available
CAN001682,Marco,,Hernandez,1975-06-04,Prefer not to say,Spanish,Spanish,Japan,Associate Degree,Psychology,C1,Basic,10.2,Indeed,2024-10-27,Interviewing
CAN001683,Emily,,Martin,1977-08-05,Non-binary,Spanish,Spanish,Japan,Bachelor's Degree,Linguistics,B2,None,5.7,Job Board,2025-05-16,Hired
CAN001684,Luis,,Torres,2002-11-09,Prefer not to say,British,British,Japan,Diploma,English,C1,None,9.4,Referral,2022-04-01,Interviewing
CAN001685,Maria,,Walker,1978-01-01,Male,Spanish,Spanish,Japan,Bachelor's Degree,Business,C2,N1,1.7,Recruitment Agency,2025-08-14,Interviewing
CAN001686,Jose,,Rodriguez,1991-12-04,Female,Filipino,Filipino,Filipino,Master's Degree,Psychology,C2,Basic,2.1,Indeed,2022-05-14,Withdrawn
CAN001687,Carlos,,Wilson,1983-08-11,Non-binary,Brazilian,Brazilian,Japan,Associate Degree,Education,Native,N1,3.2,Referral,2022-09-30,Hired
CAN001688,Marco,,Brown,2003-02-23,Male,British,Japan,Japan,Associate Degree,English,C1,N2,11.1,Indeed,2022-04-18,Available
CAN001689,Christopher,,Gonzalez,2001-01-26,Non-binary,Australian,Japan,Japan,Bachelor's Degree,Psychology,B2,N1,2.9,Indeed,2025-11-24,Available
CAN001690,Carlos,,Allen,1977-01-10,Non-binary,Japanese,Japanese,Japan,Bachelor's Degree,Psychology,C1,Basic,9.4,Referral,2022-02-24,Hired
CAN001691,Hannah,,Smith,1983-05-16,Female,French,French,Japan,Master's Degree,Education,C2,None,4.6,Career Fair,2025-08-07,Withdrawn
CAN001692,William,,King,1992-11-23,Male,British,British,Japan,Bachelor's Degree,English,B2,N3,11.2,Indeed,2021-04-13,Interviewing
CAN001693,Matthew,,Moore,1975-06-27,Non-binary,Brazilian,Japan,Japan,Associate Degree,Psychology,C1,None,6.5,LinkedIn,2024-09-21,Rejected
CAN001694,Christopher,,Young,1998-01-27,Male,Japanese,Japanese,Japanese,Associate Degree,English,B2,None,4.5,Job Board,2025-09-13,Hired
CAN001695,Michael,,Williams,1988-08-08,Non-binary,French,French,French,Bachelor's Degree,Education,B2,N3,1.7,Recruitment Agency,2023-08-15,Hired
CAN001696,Hannah,,Sanchez,1988-11-18,Male,Australian,Australian,Japan,Master's Degree,Other,Native,N1,3.4,Recruitment Agency,2021-10-11,Interviewing
CAN001697,Matthew,,Jackson,1980-11-20,Prefer not to say,Australian,Japan,Japan,Diploma,English,C1,None,6.4,Job Board,2025-06-18,Rejected
CAN001698,Marco,,Martin,1979-05-06,Male,Australian,Australian,Japan,Diploma,Other,C2,N3,1.3,LinkedIn,2023-05-21,Withdrawn
CAN001699,Marco,,Allen,1987-10-04,Prefer not to say,Brazilian,Brazilian,Japan,Bachelor's Degree,Business,C2,N2,6.8,Recruitment Agency,2024-09-03,Hired
CAN001700,Jose,,Ramirez,1980-06-15,Female,British,British,British,Master's Degree,Psychology,C1,N1,3.5,Indeed,2021-09-09,Rejected
CAN001701,Emma,,Martinez,1985-11-18,Male,Brazilian,Brazilian,Japan,Master's Degree,Psychology,B2,N2,2.2,Job Board,2022-07-25,Available
CAN001702,Matthew,,Martinez,1989-03-04,Female,Australian,Japan,Australian,Bachelor's Degree,Linguistics,Native,N2,5.6,Career Fair,2026-06-12,Rejected
CAN001703,Olivia,,Lopez,1986-11-08,Female,Spanish,Spanish,Japan,Bachelor's Degree,Business,C2,Basic,9.8,Career Fair,2022-12-23,Hired
CAN001704,Juan,,Lopez,2001-04-19,Non-binary,Brazilian,Brazilian,Japan,Master's Degree,Education,B2,None,8.1,Company Website,2022-10-05,Hired
CAN001705,Christopher,,Sanchez,1995-04-07,Prefer not to say,Japanese,Japanese,Japan,Bachelor's Degree,Education,Native,None,2.2,Referral,2025-03-11,Withdrawn
CAN001706,Robert,,Lopez,1987-03-06,Non-binary,Spanish,Spanish,Japan,Bachelor's Degree,Psychology,C1,N3,11.6,LinkedIn,2024-10-26,Hired
CAN001707,Sofia,,Anderson,1993-10-26,Non-binary,British,British,Japan,Master's Degree,English,C2,None,11.5,Job Board,2022-08-08,Interviewing
CAN001708,Daniel,,King,2000-09-25,Non-binary,Australian,Australian,Japan,Associate Degree,English,B2,None,9.4,Company Website,2021-11-06,Available
CAN001709,Andres,,Lee,1986-04-22,Prefer not to say,American,American,Japan,Diploma,Other,B2,N3,0.7,Indeed,2022-03-04,Interviewing
CAN001710,Emily,,Young,1999-07-03,Female,Mexican,Mexican,Mexican,Associate Degree,Business,Native,N2,7.9,Career Fair,2022-05-28,Available
CAN001711,Miguel,,Gonzalez,1979-04-03,Prefer not to say,Spanish,Spanish,Japan,Diploma,Other,B2,Basic,4.0,Indeed,2022-04-12,Rejected
CAN001712,Juan,,Thompson,1990-02-18,Female,Japanese,Japanese,Japan,Associate Degree,Other,C1,N2,2.6,Recruitment Agency,2024-12-28,Hired
CAN001713,Luis,,Torres,2002-03-20,Male,British,Japan,Japan,Master's Degree,Business,C1,Basic,6.8,Referral,2024-06-30,Available
CAN001714,Hannah,,White,1979-04-23,Prefer not to say,British,British,Japan,Diploma,Business,C2,Basic,11.7,Career Fair,2021-10-27,Available
CAN001715,Jessica,,Ramirez,1978-08-22,Male,French,Japan,Japan,Associate Degree,English,C2,None,1.1,Career Fair,2023-04-07,Withdrawn
CAN001716,Sarah,,Allen,1975-07-26,Prefer not to say,Canadian,Canadian,Japan,Diploma,Business,C2,N3,0.8,Indeed,2024-12-17,Interviewing
CAN001717,Jose,,Ramirez,1985-06-08,Non-binary,French,French,French,Associate Degree,Business,B2,N2,3.1,Recruitment Agency,2023-10-17,Available
CAN001718,Andres,,Moore,1988-03-06,Non-binary,Japanese,Japan,Japan,Bachelor's Degree,Linguistics,B2,Basic,3.8,Recruitment Agency,2024-02-16,Available
CAN001719,Alejandro,,Moore,1988-06-13,Male,American,Japan,Japan,Master's Degree,Business,B2,N2,2.2,Indeed,2024-09-29,Withdrawn
CAN001720,Jessica,,Garcia,1994-08-19,Non-binary,Australian,Japan,Japan,Bachelor's Degree,English,Native,N3,5.2,Career Fair,2023-06-02,Withdrawn
CAN001721,Olivia,,Garcia,1980-03-26,Prefer not to say,Australian,Australian,Australian,Bachelor's Degree,Linguistics,C1,N2,8.7,Recruitment Agency,2023-03-14,Rejected
CAN001722,James,,Lopez,2002-09-10,Female,French,French,Japan,Master's Degree,Education,C1,N2,6.7,Career Fair,2021-08-01,Rejected
CAN001723,Maria,,Sanchez,1981-08-21,Non-binary,Mexican,Mexican,Mexican,Diploma,Business,B2,N2,0.1,Indeed,2022-10-02,Interviewing
CAN001724,Emily,,Sanchez,1996-03-28,Male,British,Japan,Japan,Master's Degree,Education,Native,N1,3.5,LinkedIn,2025-10-13,Rejected
CAN001725,Michael,,Hall,1983-09-07,Prefer not to say,British,British,Japan,Diploma,Education,C2,N1,7.3,Recruitment Agency,2023-04-19,Hired
CAN001726,Jessica,,Rodriguez,1987-01-28,Non-binary,Australian,Japan,Japan,Master's Degree,Education,C1,N2,3.4,Job Board,2024-10-06,Hired
CAN001727,Daniel,,Allen,1981-03-09,Female,American,American,American,Bachelor's Degree,Education,Native,N3,3.5,Company Website,2025-02-22,Interviewing
CAN001728,James,,Walker,2003-09-23,Female,Brazilian,Japan,Brazilian,Bachelor's Degree,Linguistics,C1,None,0.7,Company Website,2021-09-03,Withdrawn
CAN001729,Marco,,Martinez,1986-07-13,Non-binary,American,American,Japan,Bachelor's Degree,Linguistics,C2,N2,3.7,LinkedIn,2024-10-24,Withdrawn
CAN001730,John,,Hernandez,1981-01-20,Non-binary,American,American,American,Diploma,Education,B2,N2,6.6,Company Website,2021-02-19,Hired
CAN001731,Hannah,,Jackson,1976-03-15,Female,Spanish,Spanish,Spanish,Bachelor's Degree,Business,Native,None,4.4,Recruitment Agency,2022-02-25,Interviewing
CAN001732,Ana,,Davis,1988-02-03,Female,Spanish,Spanish,Japan,Master's Degree,Business,Native,N2,10.4,Job Board,2026-04-10,Withdrawn
CAN001733,Emma,,Garcia,1985-09-07,Male,British,British,Japan,Diploma,Linguistics,B2,Basic,6.5,Indeed,2025-03-16,Withdrawn
CAN001734,Marco,,Sanchez,1993-11-19,Prefer not to say,Australian,Australian,Japan,Bachelor's Degree,Business,B2,N3,6.7,Company Website,2022-10-31,Withdrawn
CAN001735,Thomas,,Hall,1983-07-14,Male,Japanese,Japan,Japanese,Master's Degree,Education,C2,N1,4.1,Indeed,2026-06-10,Interviewing
CAN001736,Jose,,Miller,1999-07-14,Non-binary,Australian,Japan,Japan,Bachelor's Degree,English,C1,Basic,10.5,LinkedIn,2023-06-29,Withdrawn
CAN001737,Robert,,Lopez,1982-01-26,Male,British,British,British,Diploma,English,Native,N2,9.2,Indeed,2026-03-29,Available
CAN001738,Emma,,White,2002-03-16,Male,French,French,Japan,Associate Degree,English,C1,Basic,8.3,Recruitment Agency,2026-05-01,Available
CAN001739,Hannah,,Taylor,1981-01-25,Male,Mexican,Mexican,Japan,Bachelor's Degree,English,C1,Basic,2.3,Job Board,2021-09-09,Withdrawn
CAN001740,William,,Rodriguez,2003-11-02,Prefer not to say,French,Japan,French,Bachelor's Degree,Psychology,B2,None,8.1,Referral,2024-11-29,Interviewing
CAN001741,Daniel,,Taylor,1986-12-20,Prefer not to say,Filipino,Japan,Filipino,Diploma,Linguistics,Native,N1,7.3,Job Board,2025-11-15,Interviewing
CAN001742,John,,Allen,1982-04-10,Non-binary,Mexican,Mexican,Japan,Associate Degree,English,B2,N3,2.4,Recruitment Agency,2023-12-26,Available
CAN001743,Juan,,White,1980-03-27,Non-binary,Japanese,Japanese,Japan,Bachelor's Degree,Business,Native,N3,8.3,Recruitment Agency,2021-12-28,Rejected
CAN001744,Robert,,Hernandez,1999-02-11,Non-binary,Japanese,Japanese,Japan,Bachelor's Degree,Education,Native,N2,8.5,Indeed,2026-07-12,Interviewing
CAN001745,Carlos,,Garcia,1991-01-05,Female,Filipino,Filipino,Japan,Diploma,Linguistics,B2,N1,11.0,Indeed,2025-07-02,Rejected
CAN001746,David,,Torres,1991-09-23,Male,Filipino,Filipino,Japan,Bachelor's Degree,Linguistics,B2,N2,6.8,Career Fair,2023-04-28,Withdrawn
CAN001747,Michael,,Sanchez,2003-12-17,Female,Spanish,Japan,Spanish,Bachelor's Degree,English,Native,N2,8.3,Career Fair,2025-08-20,Interviewing
CAN001748,Robert,,Brown,1979-09-05,Non-binary,Spanish,Japan,Japan,Master's Degree,Other,B2,Basic,3.5,Company Website,2024-06-25,Hired
CAN001749,Jessica,,Young,1998-11-22,Male,Mexican,Mexican,Japan,Diploma,Education,C1,None,7.1,Referral,2022-08-02,Withdrawn
CAN001750,Diego,,Rodriguez,2001-03-16,Female,Spanish,Spanish,Spanish,Master's Degree,English,C1,N2,10.1,Indeed,2022-04-15,Interviewing
CAN001751,Matthew,,White,1999-04-26,Male,American,American,American,Bachelor's Degree,Psychology,C2,None,6.6,Referral,2021-02-22,Hired
CAN001752,Sofia,,Garcia,2000-05-28,Female,Canadian,Canadian,Japan,Associate Degree,Education,C1,N1,10.6,Referral,2021-07-03,Rejected
CAN001753,Matthew,,Thompson,1976-10-24,Female,Mexican,Mexican,Mexican,Diploma,Business,Native,Basic,9.2,Recruitment Agency,2023-08-01,Rejected
CAN001754,Thomas,,King,1995-01-17,Prefer not to say,Canadian,Canadian,Canadian,Associate Degree,Psychology,C1,N2,10.7,LinkedIn,2021-12-04,Interviewing
CAN001755,Emma,,Garcia,2002-06-23,Male,American,American,American,Associate Degree,Other,C2,Basic,0.1,Referral,2023-06-22,Interviewing
CAN001756,William,,King,1981-10-15,Male,Canadian,Canadian,Japan,Master's Degree,Other,B2,N1,2.8,Recruitment Agency,2024-04-03,Withdrawn
CAN001757,Emily,,Garcia,1999-12-04,Male,French,French,Japan,Diploma,Business,C2,N1,6.5,Indeed,2025-07-20,Interviewing
CAN001758,Hannah,,Sanchez,1988-09-17,Prefer not to say,Mexican,Japan,Japan,Master's Degree,Business,B2,Basic,7.1,Indeed,2025-01-04,Interviewing
CAN001759,Robert,,Johnson,1989-09-27,Female,Japanese,Japanese,Japan,Diploma,Education,B2,N3,2.0,Referral,2021-02-15,Available
CAN001760,Sarah,,Young,1997-09-20,Female,French,Japan,Japan,Bachelor's Degree,English,C1,N3,7.5,Recruitment Agency,2021-01-03,Interviewing
CAN001761,Alejandro,,Johnson,1985-10-27,Female,Spanish,Japan,Japan,Associate Degree,Other,Native,N3,0.4,Company Website,2026-07-25,Withdrawn
CAN001762,Daniel,,Lee,1989-02-25,Female,Filipino,Filipino,Japan,Master's Degree,Psychology,C1,N2,4.2,Company Website,2025-05-07,Available
CAN001763,Thomas,,Anderson,1977-11-04,Male,Brazilian,Japan,Japan,Associate Degree,Education,Native,N1,2.2,LinkedIn,2024-06-17,Available
CAN001764,Jessica,,Smith,1980-09-15,Male,Filipino,Filipino,Japan,Bachelor's Degree,English,C2,None,1.5,Job Board,2026-07-06,Rejected
CAN001765,David,,Smith,1975-02-21,Female,Mexican,Mexican,Japan,Bachelor's Degree,Business,C1,Basic,11.9,Indeed,2025-05-23,Rejected
CAN001766,Emma,,Rodriguez,1988-10-07,Female,Brazilian,Japan,Japan,Bachelor's Degree,Business,C2,None,11.3,Career Fair,2022-05-03,Withdrawn
CAN001767,Ana,,Perez,2003-07-21,Prefer not to say,Canadian,Canadian,Japan,Diploma,Other,C1,None,8.4,LinkedIn,2025-10-01,Interviewing
CAN001768,Olivia,,Walker,1997-02-26,Non-binary,Australian,Japan,Japan,Diploma,Linguistics,Native,N2,6.5,Recruitment Agency,2024-02-09,Rejected
CAN001769,James,,Smith,1984-05-12,Male,Australian,Australian,Japan,Diploma,Psychology,B2,N3,11.1,Referral,2023-06-16,Rejected
CAN001770,Sarah,,Martin,2002-05-17,Female,Australian,Australian,Japan,Associate Degree,Other,B2,Basic,10.3,Career Fair,2023-03-24,Interviewing
CAN001771,Juan,,Johnson,1987-05-17,Prefer not to say,British,British,Japan,Diploma,Education,C1,Basic,1.9,Job Board,2024-07-06,Interviewing
CAN001772,Maria,,Walker,1994-09-07,Prefer not to say,Australian,Japan,Japan,Associate Degree,Psychology,Native,N3,0.3,Job Board,2023-10-29,Withdrawn
CAN001773,David,,Walker,1976-06-24,Non-binary,Japanese,Japanese,Japan,Master's Degree,Other,Native,None,5.5,LinkedIn,2021-05-11,Rejected
CAN001774,Hannah,,Lee,1994-04-19,Prefer not to say,French,Japan,Japan,Associate Degree,Linguistics,C1,None,2.9,Company Website,2021-07-07,Hired
CAN001775,Robert,,Gonzalez,1985-09-12,Female,Filipino,Filipino,Japan,Bachelor's Degree,Linguistics,C1,None,7.9,Referral,2022-03-27,Hired
CAN001776,Andres,,Rodriguez,1985-04-03,Female,French,Japan,Japan,Diploma,Psychology,C1,Basic,0.9,Job Board,2022-07-25,Hired
CAN001777,Daniel,,Gonzalez,1982-11-12,Female,Australian,Australian,Australian,Master's Degree,Business,C1,Basic,6.6,Career Fair,2021-04-30,Interviewing
CAN001778,Olivia,,Perez,2000-11-12,Prefer not to say,Mexican,Mexican,Japan,Master's Degree,Psychology,C1,N3,3.5,Company Website,2022-03-31,Withdrawn
CAN001779,Emily,,Lee,1988-01-26,Male,Japanese,Japanese,Japan,Associate Degree,Linguistics,C1,N3,9.1,Indeed,2021-11-28,Interviewing
CAN001780,Jessica,,Hernandez,1999-07-05,Male,Canadian,Canadian,Japan,Master's Degree,English,B2,N3,4.6,Career Fair,2026-04-26,Rejected
CAN001781,Emma,,Martinez,1996-06-27,Female,Filipino,Japan,Filipino,Associate Degree,Education,C2,N2,0.3,LinkedIn,2026-05-03,Available
CAN001782,Daniel,,Davis,2000-11-15,Male,Canadian,Canadian,Japan,Master's Degree,Education,B2,Basic,0.2,Career Fair,2025-05-26,Rejected
CAN001783,Hannah,,Jackson,1994-06-03,Non-binary,French,French,French,Associate Degree,Other,C2,Basic,11.0,Job Board,2025-11-21,Interviewing
CAN001784,Daniel,,Sanchez,1996-02-06,Male,Australian,Australian,Australian,Associate Degree,Education,C1,Basic,0.7,LinkedIn,2023-06-01,Available
CAN001785,Laura,,Sanchez,1987-05-12,Female,Canadian,Canadian,Japan,Associate Degree,English,B2,N3,9.2,Recruitment Agency,2021-07-09,Interviewing
CAN001786,Daniel,,Perez,1994-10-03,Male,Filipino,Filipino,Japan,Associate Degree,English,Native,N1,10.2,Indeed,2022-03-28,Withdrawn
CAN001787,Marco,,Johnson,2003-10-12,Female,American,American,American,Diploma,Business,Native,None,3.8,Recruitment Agency,2023-07-11,Rejected
CAN001788,Sarah,,Moore,1978-11-15,Non-binary,Spanish,Japan,Spanish,Diploma,English,C2,N1,1.3,Recruitment Agency,2022-06-03,Rejected
CAN001789,Sarah,,Jackson,1977-12-02,Female,British,British,British,Master's Degree,Business,Native,N3,5.3,Job Board,2026-06-27,Interviewing
CAN001790,Robert,,Lee,1990-02-25,Prefer not to say,Filipino,Filipino,Japan,Diploma,Other,C1,N3,10.2,Job Board,2021-04-21,Available
CAN001791,Laura,,Martin,1977-06-28,Non-binary,Mexican,Mexican,Japan,Master's Degree,Education,C2,N2,8.9,Referral,2023-03-16,Rejected
CAN001792,Thomas,,Miller,1992-10-02,Male,Australian,Australian,Japan,Associate Degree,Psychology,B2,N2,9.1,Company Website,2023-05-23,Rejected
CAN001793,Emily,,Lee,1976-05-01,Prefer not to say,Australian,Australian,Japan,Associate Degree,Other,Native,N1,8.5,Indeed,2023-04-23,Rejected
CAN001794,Ana,,Johnson,1992-09-04,Female,American,American,American,Bachelor's Degree,Education,C1,None,2.9,LinkedIn,2021-07-02,Interviewing
CAN001795,Miguel,,Lopez,1992-05-06,Female,Mexican,Mexican,Japan,Master's Degree,English,Native,N1,8.9,Job Board,2022-09-02,Hired
CAN001796,Olivia,,Lee,1996-07-17,Male,Spanish,Spanish,Japan,Bachelor's Degree,Other,B2,Basic,8.9,Referral,2022-05-13,Hired
CAN001797,Daniel,,Martin,1991-10-23,Female,French,French,Japan,Bachelor's Degree,Linguistics,C2,None,3.1,Job Board,2024-06-08,Hired
CAN001798,Maria,,Hernandez,1990-01-15,Non-binary,Spanish,Japan,Japan,Bachelor's Degree,Other,C1,None,2.2,Recruitment Agency,2022-04-13,Hired
CAN001799,John,,Brown,1977-02-25,Non-binary,Japanese,Japanese,Japan,Associate Degree,Business,B2,Basic,7.4,LinkedIn,2021-11-26,Withdrawn
CAN001800,Michael,,Hall,1978-10-06,Female,Spanish,Spanish,Japan,Bachelor's Degree,Other,B2,Basic,10.2,Indeed,2026-02-01,Available
CAN001801,James,,Taylor,1978-03-24,Prefer not to say,Spanish,Spanish,Spanish,Bachelor's Degree,Linguistics,C1,N2,2.5,Company Website,2025-07-04,Rejected
CAN001802,Thomas,,Allen,2002-09-16,Female,Mexican,Mexican,Japan,Associate Degree,Other,B2,None,3.6,Career Fair,2024-03-19,Interviewing
CAN001803,Olivia,,Taylor,1980-08-14,Male,British,British,Japan,Diploma,Business,Native,N3,2.1,Job Board,2023-04-19,Hired
CAN001804,James,,Perez,1984-09-08,Prefer not to say,Japanese,Japanese,Japan,Diploma,Linguistics,B2,None,10.1,Recruitment Agency,2022-04-07,Withdrawn
CAN001805,Michael,,Wilson,1993-07-19,Female,Mexican,Mexican,Japan,Associate Degree,Psychology,C2,N2,8.2,Job Board,2026-06-02,Rejected
CAN001806,Michael,,Martin,1982-12-27,Female,Filipino,Filipino,Japan,Master's Degree,Other,Native,Basic,5.8,Company Website,2021-11-19,Interviewing
CAN001807,David,,Jackson,1982-05-03,Female,Australian,Australian,Japan,Bachelor's Degree,Psychology,B2,Basic,1.5,Indeed,2021-06-28,Withdrawn
CAN001808,William,,Lopez,1991-04-01,Prefer not to say,Brazilian,Brazilian,Japan,Diploma,Linguistics,B2,N1,7.4,Career Fair,2021-12-25,Available
CAN001809,Emily,,Ramirez,2001-10-16,Male,Japanese,Japanese,Japan,Master's Degree,Education,B2,None,1.3,Referral,2024-03-12,Interviewing
CAN001810,Ana,,Williams,1988-06-17,Male,Brazilian,Japan,Japan,Bachelor's Degree,Business,Native,N2,2.5,Career Fair,2022-01-24,Withdrawn
CAN001811,Robert,,Allen,1982-02-14,Prefer not to say,American,Japan,Japan,Associate Degree,Linguistics,B2,Basic,8.9,Career Fair,2023-03-31,Interviewing
CAN001812,Daniel,,Johnson,1994-05-20,Male,British,British,Japan,Master's Degree,Psychology,Native,N2,6.4,Indeed,2025-08-09,Hired
CAN001813,Daniel,,Lee,1981-11-27,Prefer not to say,French,French,Japan,Master's Degree,Education,B2,Basic,9.6,Job Board,2021-02-23,Rejected
CAN001814,Robert,,King,1978-04-03,Non-binary,Japanese,Japanese,Japanese,Bachelor's Degree,Education,C1,N1,10.0,Indeed,2026-04-10,Interviewing
CAN001815,Sarah,,Perez,1994-06-24,Non-binary,Filipino,Filipino,Japan,Associate Degree,Other,B2,Basic,8.2,Referral,2024-04-26,Available
CAN001816,Maria,,Hall,1978-03-16,Female,British,British,Japan,Associate Degree,Linguistics,Native,N2,9.7,Company Website,2024-02-15,Available
CAN001817,Jessica,,Martin,1980-06-18,Prefer not to say,Australian,Japan,Australian,Bachelor's Degree,Other,C2,Basic,4.9,Company Website,2021-10-01,Hired
CAN001818,Jessica,,Wilson,1987-04-19,Female,Filipino,Filipino,Japan,Associate Degree,Linguistics,C2,None,3.8,Indeed,2023-12-06,Hired
CAN001819,Matthew,,Sanchez,1975-08-20,Non-binary,Brazilian,Japan,Japan,Bachelor's Degree,Other,B2,N3,4.3,Career Fair,2025-06-27,Available
CAN001820,Thomas,,Anderson,1979-11-09,Female,Brazilian,Brazilian,Brazilian,Diploma,Business,C2,N3,7.8,Career Fair,2021-05-12,Hired
CAN001821,Robert,,Taylor,1991-02-03,Prefer not to say,British,British,British,Diploma,Business,Native,N2,8.3,Company Website,2023-04-25,Interviewing
CAN001822,Sarah,,Sanchez,1997-05-01,Female,Australian,Australian,Japan,Associate Degree,Education,C2,None,4.9,Indeed,2023-01-09,Rejected
CAN001823,Sofia,,Sanchez,1988-06-10,Male,American,American,American,Associate Degree,Linguistics,C1,Basic,3.6,Referral,2021-03-01,Withdrawn
CAN001824,Alejandro,,Thompson,1996-01-06,Non-binary,British,British,British,Associate Degree,Business,B2,N3,8.4,Company Website,2024-02-19,Hired
CAN001825,Sarah,,Martin,1991-07-22,Non-binary,Filipino,Filipino,Japan,Associate Degree,Education,C1,N2,4.2,Referral,2021-09-24,Available
CAN001826,Matthew,,White,1977-04-15,Female,Filipino,Filipino,Japan,Associate Degree,Education,Native,N1,10.9,Indeed,2021-06-09,Interviewing
CAN001827,Emma,,Martinez,1996-02-01,Non-binary,Filipino,Filipino,Japan,Master's Degree,Education,C2,Basic,5.8,Job Board,2023-03-29,Interviewing
CAN001828,Robert,,Moore,1996-07-20,Female,Canadian,Canadian,Japan,Diploma,Education,C1,None,10.0,Job Board,2022-12-11,Available
CAN001829,Ana,,Lee,1981-10-22,Non-binary,Japanese,Japanese,Japanese,Master's Degree,Linguistics,Native,N2,5.1,Indeed,2021-03-08,Available
CAN001830,Sofia,,Rodriguez,1983-07-07,Female,Australian,Japan,Japan,Associate Degree,English,B2,N3,1.2,Job Board,2023-04-06,Available
CAN001831,Michael,,Johnson,2003-10-09,Non-binary,Brazilian,Japan,Japan,Master's Degree,Linguistics,C2,N1,2.1,Referral,2021-06-02,Rejected
CAN001832,Thomas,,Williams,1985-01-15,Male,British,British,Japan,Associate Degree,English,C1,N1,3.3,Recruitment Agency,2024-01-07,Hired
CAN001833,Marco,,Moore,1988-10-28,Non-binary,Australian,Australian,Japan,Diploma,Business,C1,None,3.1,Company Website,2025-09-25,Available
CAN001834,John,,Rodriguez,1975-01-25,Prefer not to say,Australian,Australian,Japan,Associate Degree,Linguistics,B2,N2,6.2,Recruitment Agency,2024-10-25,Interviewing
CAN001835,Daniel,,Moore,1992-10-19,Male,French,French,Japan,Bachelor's Degree,Business,Native,None,10.2,Referral,2023-11-24,Interviewing
CAN001836,Hannah,,Martinez,1977-01-25,Prefer not to say,Brazilian,Brazilian,Japan,Diploma,Business,C1,N2,5.2,LinkedIn,2023-05-31,Hired
CAN001837,Emily,,Williams,1977-09-24,Prefer not to say,Mexican,Mexican,Japan,Associate Degree,Linguistics,C2,Basic,3.4,Indeed,2025-09-27,Withdrawn
CAN001838,Matthew,,Young,1995-07-19,Non-binary,Mexican,Mexican,Mexican,Bachelor's Degree,Other,C1,N2,4.9,Job Board,2024-09-04,Available
CAN001839,Ana,,Sanchez,1990-06-10,Non-binary,Canadian,Japan,Canadian,Diploma,Education,B2,N1,7.1,LinkedIn,2021-07-06,Interviewing
CAN001840,Daniel,,Torres,1976-03-11,Prefer not to say,British,British,Japan,Master's Degree,Business,C1,N1,11.9,Company Website,2021-08-17,Interviewing
CAN001841,Maria,,Lee,1982-09-21,Prefer not to say,Japanese,Japan,Japan,Bachelor's Degree,Other,B2,Basic,3.9,LinkedIn,2024-03-23,Rejected
CAN001842,Carlos,,Martin,2001-02-01,Prefer not to say,Canadian,Canadian,Japan,Bachelor's Degree,Psychology,C2,None,9.1,Job Board,2021-11-22,Available
CAN001843,Emma,,Brown,1979-12-16,Prefer not to say,Filipino,Filipino,Japan,Master's Degree,Business,C1,N2,1.8,Indeed,2026-02-26,Interviewing
CAN001844,Juan,,Ramirez,1984-11-10,Prefer not to say,Japanese,Japanese,Japan,Master's Degree,English,Native,N1,0.9,Indeed,2023-05-16,Rejected
CAN001845,Marco,,Brown,1989-11-14,Male,French,French,Japan,Master's Degree,Education,B2,N3,3.4,LinkedIn,2021-12-30,Interviewing
CAN001846,Daniel,,Young,1988-03-22,Prefer not to say,Canadian,Canadian,Japan,Associate Degree,Other,Native,N1,7.4,Referral,2025-08-21,Available
CAN001847,William,,Hall,1990-05-26,Non-binary,Filipino,Filipino,Japan,Associate Degree,Psychology,C1,Basic,7.0,Career Fair,2026-07-24,Rejected
CAN001848,Daniel,,Martin,1989-05-27,Prefer not to say,British,British,Japan,Diploma,Linguistics,Native,N3,10.5,Company Website,2021-04-23,Interviewing
CAN001849,Robert,,Anderson,1986-02-10,Male,Filipino,Filipino,Japan,Diploma,English,C2,None,7.5,Company Website,2025-12-29,Hired
CAN001850,Emily,,White,1976-10-28,Non-binary,Mexican,Mexican,Mexican,Master's Degree,English,C1,N3,4.1,Referral,2024-02-12,Withdrawn
CAN001851,Emily,,Thompson,1988-06-08,Female,Canadian,Japan,Canadian,Diploma,Education,Native,None,3.1,Company Website,2024-11-01,Available
CAN001852,Sofia,,Martinez,1977-01-24,Non-binary,Australian,Japan,Japan,Bachelor's Degree,Education,B2,N3,11.9,Company Website,2023-10-03,Available
CAN001853,Daniel,,Thompson,2003-06-17,Non-binary,French,French,French,Bachelor's Degree,Linguistics,C1,N2,5.4,Company Website,2023-05-31,Available
CAN001854,Emily,,Lee,1995-07-17,Prefer not to say,Mexican,Mexican,Japan,Diploma,Business,B2,N1,10.6,Job Board,2026-06-18,Available
CAN001855,Carlos,,Martin,1986-12-05,Non-binary,Spanish,Spanish,Japan,Bachelor's Degree,Linguistics,C2,Basic,8.3,Company Website,2025-02-19,Rejected
CAN001856,Christopher,,White,1980-08-14,Prefer not to say,Mexican,Mexican,Japan,Diploma,English,C2,None,3.0,LinkedIn,2024-03-16,Hired
CAN001857,Juan,,Young,1977-09-13,Non-binary,Mexican,Mexican,Japan,Master's Degree,English,Native,N3,5.4,Job Board,2025-03-21,Available
CAN001858,David,,Perez,1983-08-10,Non-binary,Canadian,Canadian,Japan,Associate Degree,Education,Native,Basic,11.0,Indeed,2024-05-23,Available
CAN001859,William,,Smith,1982-06-03,Prefer not to say,Spanish,Spanish,Japan,Bachelor's Degree,English,Native,Basic,11.0,Company Website,2025-07-23,Available
CAN001860,Sarah,,Rodriguez,1975-03-12,Prefer not to say,British,Japan,Japan,Bachelor's Degree,Linguistics,C2,N1,11.2,Career Fair,2025-03-12,Available
CAN001861,James,,Smith,1980-12-04,Non-binary,Brazilian,Japan,Japan,Bachelor's Degree,Psychology,C1,None,11.0,Referral,2026-06-26,Interviewing
CAN001862,David,,Brown,2000-09-27,Female,Spanish,Spanish,Japan,Master's Degree,Education,C2,N3,6.4,Referral,2022-03-30,Hired
CAN001863,Thomas,,Young,1997-01-24,Male,British,Japan,British,Diploma,English,C1,Basic,8.4,Career Fair,2021-08-16,Rejected
CAN001864,Andres,,King,1980-02-23,Female,Japanese,Japan,Japan,Bachelor's Degree,Psychology,Native,Basic,0.8,LinkedIn,2025-02-24,Rejected
CAN001865,William,,Young,1981-05-03,Male,Australian,Australian,Australian,Bachelor's Degree,Linguistics,C1,N3,2.3,Company Website,2021-12-23,Hired
CAN001866,David,,Sanchez,1976-04-02,Prefer not to say,Australian,Australian,Japan,Bachelor's Degree,Education,B2,N3,7.4,LinkedIn,2024-06-12,Withdrawn
CAN001867,David,,Anderson,1988-12-27,Non-binary,British,British,British,Associate Degree,Education,C2,N1,7.1,Indeed,2025-11-06,Interviewing
CAN001868,Matthew,,Allen,2003-10-09,Non-binary,Canadian,Canadian,Japan,Bachelor's Degree,Education,B2,None,11.0,Job Board,2024-10-29,Interviewing
CAN001869,Emily,,Taylor,1997-10-03,Female,Mexican,Mexican,Mexican,Associate Degree,English,Native,N2,6.4,Recruitment Agency,2021-03-12,Available
CAN001870,Hannah,,Gonzalez,1979-11-03,Prefer not to say,Filipino,Filipino,Filipino,Diploma,Psychology,B2,Basic,0.4,Indeed,2026-08-07,Withdrawn
CAN001871,William,,Moore,2000-12-03,Female,Mexican,Mexican,Japan,Associate Degree,Business,C2,Basic,6.6,Recruitment Agency,2021-01-16,Hired
CAN001872,Jessica,,Rodriguez,1980-03-01,Non-binary,French,French,French,Diploma,Other,C2,N3,9.7,Referral,2021-07-10,Interviewing
CAN001873,Daniel,,Gonzalez,1994-06-03,Male,Filipino,Filipino,Japan,Bachelor's Degree,Other,C2,N1,4.8,Career Fair,2024-04-24,Interviewing
CAN001874,Miguel,,Torres,1992-01-06,Non-binary,Australian,Japan,Japan,Diploma,Linguistics,B2,N2,8.3,Referral,2023-01-16,Withdrawn
CAN001875,Miguel,,White,1993-01-09,Non-binary,Brazilian,Brazilian,Brazilian,Associate Degree,English,Native,None,10.8,LinkedIn,2021-12-08,Withdrawn
CAN001876,Robert,,Walker,1979-04-17,Prefer not to say,Brazilian,Brazilian,Japan,Diploma,Linguistics,B2,N1,7.5,Indeed,2026-07-09,Hired
CAN001877,Juan,,Taylor,1996-01-14,Male,Canadian,Japan,Canadian,Bachelor's Degree,Other,C2,N1,4.6,LinkedIn,2022-06-09,Interviewing
CAN001878,Laura,,Moore,1983-11-25,Male,American,American,American,Bachelor's Degree,English,C1,None,9.1,Job Board,2026-01-06,Withdrawn
CAN001879,Emma,,Davis,1993-06-24,Non-binary,Brazilian,Brazilian,Japan,Bachelor's Degree,Linguistics,B2,N1,8.8,LinkedIn,2023-10-05,Rejected
CAN001880,Andres,,Anderson,1979-09-08,Prefer not to say,American,American,American,Bachelor's Degree,Psychology,C1,Basic,1.5,Job Board,2025-01-08,Interviewing
CAN001881,William,,Garcia,2000-09-09,Prefer not to say,Brazilian,Japan,Brazilian,Associate Degree,Business,C2,N1,10.7,LinkedIn,2025-07-13,Available
CAN001882,Sarah,,Perez,2002-03-17,Male,Brazilian,Brazilian,Brazilian,Master's Degree,English,C1,Basic,0.5,Referral,2022-11-06,Available
CAN001883,David,,Johnson,1992-12-10,Prefer not to say,French,French,French,Diploma,Linguistics,C1,N1,2.6,LinkedIn,2025-09-27,Withdrawn
CAN001884,Christopher,,Williams,2001-10-16,Non-binary,Canadian,Canadian,Japan,Bachelor's Degree,Business,C1,N3,8.2,Job Board,2024-10-03,Withdrawn
CAN001885,Matthew,,Smith,1980-09-23,Prefer not to say,Australian,Japan,Japan,Bachelor's Degree,Other,Native,N3,11.6,Recruitment Agency,2026-06-25,Rejected
CAN001886,Robert,,Anderson,1985-02-27,Prefer not to say,Japanese,Japanese,Japan,Master's Degree,Linguistics,B2,N3,9.4,Company Website,2022-04-28,Withdrawn
CAN001887,Maria,,Smith,1988-05-04,Prefer not to say,French,French,Japan,Bachelor's Degree,Education,C2,N3,8.8,Career Fair,2025-07-10,Rejected
CAN001888,Miguel,,Hall,1978-07-26,Non-binary,Mexican,Mexican,Japan,Master's Degree,English,C1,Basic,1.5,LinkedIn,2023-02-25,Available
CAN001889,Ana,,Martin,1981-05-25,Male,French,French,Japan,Associate Degree,Business,Native,None,9.7,Career Fair,2022-11-17,Available
CAN001890,Miguel,,Ramirez,1975-04-07,Non-binary,Brazilian,Japan,Japan,Diploma,Other,C2,N3,9.5,Referral,2024-05-13,Interviewing
CAN001891,Michael,,Martin,1990-02-12,Male,Australian,Australian,Japan,Master's Degree,Business,Native,N1,10.7,Recruitment Agency,2024-08-29,Withdrawn
CAN001892,Hannah,,Martin,2001-07-21,Non-binary,French,French,Japan,Diploma,Other,C1,N1,6.9,Company Website,2022-07-19,Available
CAN001893,Jessica,,Gonzalez,1997-09-27,Female,Spanish,Japan,Japan,Associate Degree,Other,Native,Basic,11.8,LinkedIn,2024-11-30,Withdrawn
CAN001894,Sofia,,Young,2002-11-27,Male,Brazilian,Brazilian,Japan,Diploma,Linguistics,C1,N1,1.7,Indeed,2023-06-10,Interviewing
CAN001895,Jose,,Johnson,1983-04-20,Non-binary,Spanish,Spanish,Japan,Diploma,Education,B2,N1,7.3,Career Fair,2025-02-27,Hired
CAN001896,Laura,,Miller,2001-06-03,Prefer not to say,Japanese,Japanese,Japan,Associate Degree,Education,C2,N1,8.1,LinkedIn,2022-02-14,Withdrawn
CAN001897,Daniel,,Walker,1984-10-25,Male,Filipino,Filipino,Japan,Associate Degree,Psychology,C2,N1,9.1,Career Fair,2022-11-08,Rejected
CAN001898,John,,Lee,1995-06-22,Prefer not to say,Australian,Australian,Japan,Associate Degree,Psychology,Native,N2,0.2,LinkedIn,2026-05-04,Withdrawn
CAN001899,Sofia,,Jackson,1983-11-26,Prefer not to say,Australian,Australian,Japan,Diploma,Education,C1,N2,9.6,Indeed,2023-05-12,Rejected
CAN001900,Sofia,,Garcia,2001-10-09,Female,French,French,Japan,Bachelor's Degree,Linguistics,C2,N3,7.1,Recruitment Agency,2021-08-09,Hired
CAN001901,Miguel,,Thompson,1976-02-04,Female,Australian,Japan,Japan,Associate Degree,English,Native,N3,8.3,Recruitment Agency,2024-09-26,Rejected
CAN001902,Jose,,Brown,1986-08-17,Female,Spanish,Spanish,Japan,Diploma,Linguistics,Native,N2,6.4,Job Board,2024-10-11,Withdrawn
CAN001903,Daniel,,Rodriguez,1994-11-11,Non-binary,British,Japan,British,Associate Degree,Psychology,Native,N1,9.4,Career Fair,2022-09-14,Withdrawn
CAN001904,William,,Martin,1994-05-27,Male,Filipino,Filipino,Filipino,Diploma,Education,C2,N1,9.3,LinkedIn,2026-06-22,Hired
CAN001905,Maria,,Rodriguez,1988-03-08,Non-binary,Australian,Australian,Japan,Bachelor's Degree,Linguistics,B2,N1,12.0,Recruitment Agency,2023-05-25,Hired
CAN001906,Diego,,Martin,1990-11-19,Male,British,British,British,Associate Degree,Psychology,C1,None,6.2,Indeed,2026-06-27,Interviewing
CAN001907,Andres,,Brown,1997-07-02,Prefer not to say,French,French,Japan,Bachelor's Degree,Business,C1,N1,8.1,Job Board,2022-05-18,Hired
CAN001908,Maria,,Lopez,1989-12-02,Non-binary,French,French,Japan,Diploma,Psychology,B2,N1,2.1,Referral,2025-04-19,Withdrawn
CAN001909,David,,Thompson,1978-07-23,Non-binary,American,American,American,Master's Degree,Other,B2,N2,4.8,Indeed,2022-10-02,Withdrawn
CAN001910,Juan,,Walker,1988-08-08,Prefer not to say,Filipino,Filipino,Japan,Bachelor's Degree,Business,C2,Basic,6.4,Indeed,2025-02-16,Withdrawn
CAN001911,Maria,,Martinez,1981-04-26,Male,American,American,American,Master's Degree,Education,B2,N3,2.0,Job Board,2024-11-15,Withdrawn
CAN001912,Matthew,,Sanchez,1988-07-28,Prefer not to say,Filipino,Filipino,Japan,Bachelor's Degree,Other,C1,N1,11.6,Indeed,2023-07-11,Hired
CAN001913,Sarah,,Hernandez,1989-11-24,Prefer not to say,Filipino,Japan,Filipino,Master's Degree,Business,Native,N1,2.1,Career Fair,2023-07-25,Withdrawn
CAN001914,Jose,,Thompson,1988-04-24,Male,Japanese,Japanese,Japanese,Diploma,Business,Native,None,9.7,Job Board,2026-04-13,Rejected
CAN001915,Juan,,Walker,2000-03-03,Female,Canadian,Japan,Japan,Bachelor's Degree,Education,B2,N1,6.8,Indeed,2023-12-17,Withdrawn
CAN001916,Ana,,Jackson,2002-05-13,Non-binary,French,French,French,Associate Degree,Other,C2,Basic,4.5,Career Fair,2024-07-28,Withdrawn
CAN001917,Diego,,Torres,1977-02-17,Non-binary,Brazilian,Brazilian,Japan,Diploma,Business,C2,N1,11.6,Job Board,2022-02-04,Withdrawn
CAN001918,Alejandro,,Hernandez,1981-09-27,Prefer not to say,Japanese,Japanese,Japan,Bachelor's Degree,Psychology,C1,N2,11.3,LinkedIn,2022-02-15,Interviewing
CAN001919,Sarah,,Gonzalez,1980-01-03,Female,Brazilian,Brazilian,Japan,Bachelor's Degree,Education,Native,Basic,5.3,Referral,2023-12-06,Rejected
CAN001920,Hannah,,Taylor,1975-04-01,Prefer not to say,Spanish,Japan,Spanish,Bachelor's Degree,Other,Native,N2,7.9,Recruitment Agency,2026-05-27,Interviewing
CAN001921,Daniel,,Wilson,1982-08-13,Prefer not to say,Japanese,Japanese,Japan,Diploma,Other,Native,N2,2.2,Company Website,2022-08-15,Interviewing
CAN001922,Alejandro,,Hernandez,1984-09-17,Non-binary,Brazilian,Brazilian,Japan,Diploma,Psychology,C2,None,2.7,Career Fair,2025-06-05,Rejected
CAN001923,Michael,,Allen,1984-11-11,Prefer not to say,Australian,Australian,Japan,Bachelor's Degree,Business,Native,N3,8.6,Job Board,2025-06-29,Rejected
CAN001924,Matthew,,Thompson,1975-07-26,Prefer not to say,Japanese,Japanese,Japan,Master's Degree,Linguistics,C2,N3,9.8,Company Website,2023-10-22,Available
CAN001925,Daniel,,Thompson,1976-02-18,Male,Filipino,Filipino,Japan,Master's Degree,Psychology,B2,N2,11.5,Recruitment Agency,2021-10-11,Withdrawn
CAN001926,Jose,,Lopez,1985-04-03,Non-binary,Spanish,Japan,Spanish,Diploma,Education,C2,Basic,1.4,Referral,2023-10-17,Hired
CAN001927,Thomas,,White,1991-08-12,Female,Brazilian,Brazilian,Japan,Associate Degree,Psychology,C2,N1,9.9,Indeed,2024-02-06,Available
CAN001928,Emily,,Martinez,1975-07-12,Non-binary,British,Japan,British,Diploma,Linguistics,C1,N3,4.5,Indeed,2026-01-12,Withdrawn
CAN001929,Daniel,,Garcia,2003-03-24,Male,Australian,Australian,Japan,Master's Degree,English,Native,N1,4.0,Referral,2021-11-30,Available
CAN001930,Jessica,,Miller,1993-10-01,Prefer not to say,Filipino,Filipino,Filipino,Diploma,Education,B2,None,2.3,LinkedIn,2023-06-23,Interviewing
CAN001931,John,,Anderson,1976-10-10,Prefer not to say,Canadian,Canadian,Japan,Bachelor's Degree,Business,C1,N1,9.7,Career Fair,2021-10-29,Available
CAN001932,Christopher,,Williams,1981-04-15,Prefer not to say,Brazilian,Japan,Japan,Diploma,Business,B2,N2,10.3,Company Website,2025-04-27,Interviewing
CAN001933,Diego,,Sanchez,1984-06-21,Prefer not to say,British,Japan,British,Bachelor's Degree,English,C2,Basic,3.2,Career Fair,2026-02-07,Interviewing
CAN001934,Sofia,,Hall,1998-12-15,Non-binary,French,Japan,French,Associate Degree,Education,Native,N3,6.5,Referral,2024-09-27,Hired
CAN001935,Christopher,,Torres,1997-08-24,Non-binary,American,American,Japan,Associate Degree,Linguistics,C2,N2,0.6,Referral,2023-06-09,Available
CAN001936,Olivia,,Brown,2001-10-23,Male,French,French,Japan,Bachelor's Degree,Business,B2,N2,3.7,Recruitment Agency,2024-05-09,Withdrawn
CAN001937,Andres,,Thompson,1998-06-14,Prefer not to say,French,French,Japan,Diploma,Other,C2,N3,6.1,LinkedIn,2024-10-30,Hired
CAN001938,Maria,,Rodriguez,1993-01-20,Non-binary,Spanish,Spanish,Japan,Bachelor's Degree,Business,B2,N1,8.7,Indeed,2023-11-23,Interviewing
CAN001939,Luis,,Rodriguez,1991-03-14,Prefer not to say,Mexican,Japan,Japan,Diploma,Business,C1,N2,0.5,Job Board,2026-05-06,Rejected
CAN001940,Christopher,,Moore,2003-07-05,Female,British,Japan,Japan,Diploma,Education,Native,None,11.4,Career Fair,2025-03-22,Rejected
CAN001941,James,,Lopez,1979-09-20,Male,Canadian,Canadian,Japan,Master's Degree,Linguistics,C2,Basic,2.8,Job Board,2025-09-15,Rejected
CAN001942,Miguel,,Walker,1979-04-20,Male,Australian,Japan,Japan,Bachelor's Degree,Business,C1,Basic,8.2,Company Website,2023-07-31,Interviewing
CAN001943,Matthew,,Brown,1995-03-07,Prefer not to say,French,French,Japan,Master's Degree,Psychology,C1,None,1.6,LinkedIn,2024-10-28,Rejected
CAN001944,William,,White,2001-01-02,Non-binary,Australian,Australian,Japan,Diploma,Linguistics,C2,None,1.4,Referral,2025-04-16,Available
CAN001945,Ana,,Garcia,1983-03-12,Male,Australian,Australian,Australian,Diploma,Business,C1,Basic,4.4,Career Fair,2024-12-04,Hired
CAN001946,William,,Wilson,2002-07-18,Female,Brazilian,Brazilian,Japan,Master's Degree,English,Native,Basic,10.7,Recruitment Agency,2026-01-04,Hired
CAN001947,Olivia,,Young,1977-10-23,Prefer not to say,Brazilian,Japan,Japan,Master's Degree,Psychology,B2,N1,6.3,Recruitment Agency,2024-08-28,Rejected
CAN001948,Hannah,,Young,1991-08-07,Non-binary,Australian,Australian,Australian,Diploma,English,Native,N2,11.0,Referral,2021-11-09,Interviewing
CAN001949,Andres,,Torres,1978-07-01,Male,British,British,British,Bachelor's Degree,Linguistics,Native,None,2.1,Recruitment Agency,2023-08-19,Withdrawn
CAN001950,David,,Thompson,1977-03-01,Male,Canadian,Canadian,Canadian,Diploma,Linguistics,C1,N3,11.4,Company Website,2022-08-26,Interviewing
CAN001951,Diego,,Davis,1990-10-05,Non-binary,Mexican,Mexican,Mexican,Master's Degree,Business,C1,None,9.4,LinkedIn,2021-10-07,Rejected
CAN001952,Michael,,Thompson,1996-10-15,Male,Australian,Australian,Japan,Diploma,Education,B2,N1,10.9,LinkedIn,2023-11-02,Withdrawn
CAN001953,Sofia,,Wilson,2000-04-07,Prefer not to say,Japanese,Japanese,Japanese,Master's Degree,Other,C2,N2,6.4,Job Board,2021-02-24,Hired
CAN001954,Robert,,Hernandez,2000-02-28,Female,Filipino,Filipino,Japan,Diploma,Business,Native,N3,8.9,Referral,2023-11-30,Withdrawn
CAN001955,John,,White,1978-10-21,Male,Mexican,Mexican,Japan,Diploma,Business,B2,Basic,0.3,Indeed,2026-03-01,Withdrawn
CAN001956,Luis,,Moore,1979-01-04,Non-binary,Brazilian,Brazilian,Brazilian,Master's Degree,Other,C2,N1,5.4,Company Website,2022-09-26,Withdrawn
CAN001957,Christopher,,Smith,2002-04-25,Female,Japanese,Japanese,Japan,Bachelor's Degree,Linguistics,C1,N3,9.7,Company Website,2026-05-07,Interviewing
CAN001958,Laura,,Rodriguez,2000-10-21,Female,American,Japan,Japan,Diploma,Linguistics,B2,N3,8.4,Company Website,2025-12-23,Withdrawn
CAN001959,Hannah,,Perez,1984-09-26,Female,British,British,Japan,Associate Degree,Psychology,Native,N1,11.1,Indeed,2026-03-31,Hired
CAN001960,Jose,,Torres,1995-10-26,Prefer not to say,French,French,Japan,Diploma,Business,C2,N3,3.6,Job Board,2026-04-09,Withdrawn
CAN001961,Juan,,Smith,2003-06-28,Prefer not to say,Japanese,Japanese,Japanese,Diploma,Linguistics,B2,None,4.1,Recruitment Agency,2024-05-31,Withdrawn
CAN001962,Marco,,Young,1991-11-21,Male,Canadian,Japan,Japan,Master's Degree,Linguistics,Native,N3,1.5,Recruitment Agency,2021-06-26,Available
CAN001963,Emma,,Johnson,1976-11-01,Male,Japanese,Japanese,Japan,Associate Degree,Business,C2,N2,5.0,LinkedIn,2021-07-24,Rejected
CAN001964,Michael,,Taylor,1997-12-27,Female,Canadian,Japan,Japan,Master's Degree,Business,C2,None,7.1,Company Website,2022-07-21,Withdrawn
CAN001965,Hannah,,Hall,1995-01-04,Male,Canadian,Japan,Japan,Bachelor's Degree,Business,C2,Basic,4.8,Company Website,2024-09-22,Withdrawn
CAN001966,William,,Allen,1985-07-19,Non-binary,Mexican,Mexican,Japan,Master's Degree,English,C1,N1,6.3,Job Board,2021-02-22,Withdrawn
CAN001967,Daniel,,Walker,1984-03-06,Prefer not to say,Filipino,Japan,Japan,Diploma,Business,Native,N3,3.0,Referral,2023-09-20,Hired
CAN001968,Ana,,Perez,1980-07-25,Female,Australian,Australian,Japan,Bachelor's Degree,Education,C2,Basic,7.3,Company Website,2022-11-01,Available
CAN001969,Miguel,,White,1995-01-14,Non-binary,French,French,Japan,Diploma,Psychology,B2,Basic,10.1,Job Board,2024-05-16,Withdrawn
CAN001970,David,,Ramirez,1996-01-23,Male,Canadian,Canadian,Japan,Diploma,Psychology,C2,None,8.8,Recruitment Agency,2024-03-09,Withdrawn
CAN001971,Ana,,Allen,1983-10-08,Prefer not to say,Australian,Australian,Australian,Associate Degree,Linguistics,C2,N1,10.4,Career Fair,2023-03-16,Withdrawn
CAN001972,Jose,,Davis,1990-09-23,Female,Filipino,Japan,Japan,Bachelor's Degree,English,C2,None,11.2,Indeed,2023-07-01,Withdrawn
CAN001973,David,,Sanchez,1995-11-07,Prefer not to say,Canadian,Canadian,Canadian,Master's Degree,English,C1,N2,11.2,Company Website,2021-07-26,Available
CAN001974,Thomas,,Brown,1981-12-27,Female,Canadian,Canadian,Japan,Associate Degree,Education,B2,None,1.5,Career Fair,2026-02-22,Rejected
CAN001975,David,,Lopez,2001-01-16,Non-binary,Filipino,Filipino,Filipino,Diploma,Education,C1,None,3.3,Indeed,2022-01-03,Withdrawn
CAN001976,David,,Taylor,1984-02-03,Male,Filipino,Filipino,Filipino,Master's Degree,Psychology,Native,N2,9.2,Company Website,2022-10-03,Available
CAN001977,Luis,,Allen,1982-12-12,Female,Filipino,Filipino,Japan,Associate Degree,Psychology,C1,None,7.4,Career Fair,2021-03-29,Interviewing
CAN001978,Daniel,,Williams,1997-08-28,Male,Filipino,Japan,Japan,Diploma,Business,C2,Basic,11.5,Job Board,2024-07-10,Rejected
CAN001979,Diego,,Johnson,1982-01-27,Female,American,Japan,American,Bachelor's Degree,Other,C1,N2,2.8,Indeed,2025-10-30,Hired
CAN001980,Emma,,Lee,1975-08-14,Female,Filipino,Filipino,Japan,Diploma,Psychology,C1,N2,7.1,Recruitment Agency,2021-10-27,Hired
CAN001981,Andres,,Rodriguez,1996-04-23,Male,Mexican,Mexican,Mexican,Bachelor's Degree,Education,Native,None,11.0,Career Fair,2025-09-27,Interviewing
CAN001982,Sofia,,Lopez,2002-01-24,Male,Japanese,Japanese,Japan,Master's Degree,Education,C1,N2,7.9,Recruitment Agency,2023-06-06,Rejected
CAN001983,Thomas,,Davis,1978-07-17,Male,Brazilian,Brazilian,Brazilian,Associate Degree,Business,Native,N3,7.5,Job Board,2026-04-22,Available
CAN001984,Michael,,Williams,1987-09-18,Male,Spanish,Spanish,Japan,Master's Degree,Other,B2,Basic,9.9,Job Board,2022-10-19,Available
CAN001985,Daniel,,Thompson,1996-05-15,Non-binary,British,British,Japan,Bachelor's Degree,Business,C2,None,11.5,Indeed,2022-09-25,Hired
CAN001986,Maria,,Taylor,1994-08-17,Non-binary,American,Japan,Japan,Master's Degree,Business,B2,None,3.1,Recruitment Agency,2025-03-01,Withdrawn
CAN001987,Christopher,,Hernandez,1988-07-17,Non-binary,French,Japan,Japan,Bachelor's Degree,Education,B2,N3,4.3,Company Website,2025-09-08,Withdrawn
CAN001988,Sarah,,Jackson,2000-06-27,Female,British,Japan,British,Bachelor's Degree,Psychology,Native,N2,2.5,Indeed,2025-07-06,Hired
CAN001989,Sofia,,Hernandez,1979-06-17,Female,Spanish,Spanish,Japan,Diploma,Other,B2,N2,9.5,Company Website,2024-11-18,Rejected
CAN001990,Daniel,,Taylor,1990-12-18,Female,American,Japan,Japan,Bachelor's Degree,Linguistics,C1,N1,5.8,Indeed,2026-05-25,Hired
CAN001991,Emma,,Lopez,1979-05-22,Non-binary,Canadian,Canadian,Canadian,Bachelor's Degree,Other,Native,N3,3.5,Company Website,2021-08-24,Available
CAN001992,Sofia,,Martin,1976-11-19,Prefer not to say,Japanese,Japanese,Japanese,Master's Degree,Psychology,B2,Basic,3.7,Company Website,2023-05-06,Interviewing
CAN001993,Juan,,Garcia,1981-05-08,Male,Mexican,Mexican,Japan,Associate Degree,English,C1,N1,11.2,Company Website,2023-06-20,Interviewing
CAN001994,Jessica,,White,1983-02-15,Prefer not to say,Filipino,Japan,Filipino,Master's Degree,Psychology,B2,Basic,4.3,Referral,2025-08-18,Available
CAN001995,Ana,,Taylor,1980-03-11,Prefer not to say,French,French,French,Master's Degree,English,C2,None,1.6,LinkedIn,2022-09-28,Hired
CAN001996,James,,Taylor,1998-08-15,Non-binary,Canadian,Canadian,Japan,Bachelor's Degree,Linguistics,Native,N1,10.2,Indeed,2022-02-23,Available
CAN001997,Olivia,,King,1975-06-03,Male,Spanish,Japan,Japan,Master's Degree,Psychology,C2,N2,6.3,LinkedIn,2025-08-18,Withdrawn
CAN001998,William,,Smith,1994-01-19,Non-binary,British,British,Japan,Diploma,Psychology,C1,N1,9.7,Career Fair,2025-04-13,Withdrawn
CAN001999,Andres,,Torres,1979-01-05,Female,Australian,Australian,Japan,Diploma,English,Native,Basic,10.4,Indeed,2022-10-18,Interviewing
CAN002000,Luis,,Torres,1986-01-08,Male,American,American,American,Diploma,Other,B2,N1,9.7,LinkedIn,2021-10-29,Hired
