client_feedback_id,client_id,assignment_id,employee_id,feedback_date,overall_satisfaction,teacher_performance,reliability,communication,lesson_quality,professionalism,assignment_satisfaction,renewal_intention,complaint_flag,complaint_category,comments
CFB0000001,CLI0283,ASG000001,DUD100001,2026-05-17,4,4,4,5,3,3,4,Yes,False,,
CFB0000002,CLI0283,ASG000001,DUD100001,2024-07-23,3,2,3,2,3,3,4,Yes,False,,
CFB0000003,CLI0281,ASG000002,DUD100002,2026-06-12,5,5,5,4,5,5,5,Yes,False,,
CFB0000004,CLI0281,ASG000002,DUD100002,2025-11-29,4,4,4,3,5,5,4,Yes,False,,
CFB0000005,CLI0281,ASG000002,DUD100002,2024-11-17,5,4,4,4,4,5,5,Yes,False,,
CFB0000006,CLI0059,ASG000003,DUD100003,2021-03-06,4,4,4,4,4,4,5,Yes,False,,
CFB0000007,CLI0230,ASG000004,DUD100003,2021-08-08,4,5,4,3,5,3,5,Yes,False,,
CFB0000008,CLI0230,ASG000004,DUD100003,2022-08-27,4,4,5,4,4,4,4,Maybe,False,,
CFB0000009,CLI0230,ASG000004,DUD100003,2022-01-07,4,4,4,4,4,4,4,Yes,False,,
CFB0000010,CLI0055,ASG000005,DUD100004,2021-08-11,5,4,5,4,5,5,5,Maybe,False,,
CFB0000011,CLI0055,ASG000005,DUD100004,2022-09-01,5,5,5,5,5,4,4,Yes,False,,
CFB0000012,CLI0055,ASG000005,DUD100004,2021-05-25,5,5,5,5,5,5,5,Yes,False,,
CFB0000013,CLI0055,ASG000005,DUD100004,2022-01-13,3,4,2,3,2,3,3,Maybe,True,Professionalism,
CFB0000014,CLI0058,ASG000006,DUD100005,2023-12-26,5,4,5,4,5,5,5,Yes,False,,
CFB0000015,CLI0277,ASG000007,DUD100006,2023-06-16,5,5,4,5,5,5,4,Yes,False,,
CFB0000016,CLI0277,ASG000007,DUD100006,2024-03-12,5,5,5,5,5,4,5,Yes,False,,
CFB0000017,CLI0277,ASG000007,DUD100006,2023-08-31,4,4,4,4,4,5,4,Maybe,False,,
CFB0000018,CLI0277,ASG000007,DUD100006,2024-10-21,4,4,4,4,5,4,3,Yes,False,,
CFB0000019,CLI0236,ASG000008,DUD100007,2026-04-11,3,3,3,2,3,3,2,Maybe,False,,
CFB0000020,CLI0236,ASG000008,DUD100007,2026-10-13,2,1,1,1,2,1,2,Maybe,False,,
CFB0000021,CLI0236,ASG000008,DUD100007,2026-01-08,5,4,4,5,5,5,5,Yes,False,,
CFB0000022,CLI0236,ASG000008,DUD100007,2026-07-04,5,4,5,4,4,5,5,Maybe,False,,
CFB0000023,CLI0288,ASG000009,DUD100007,2027-03-04,3,3,3,4,4,4,4,No,False,,
CFB0000024,CLI0277,ASG000010,DUD100007,2028-08-20,5,4,5,4,4,5,5,Maybe,False,,
CFB0000025,CLI0277,ASG000010,DUD100007,2028-08-20,5,5,4,5,5,5,5,Yes,False,,
CFB0000026,CLI0277,ASG000010,DUD100007,2028-08-20,2,2,3,2,2,2,2,Yes,True,Professionalism,
CFB0000027,CLI0277,ASG000010,DUD100007,2028-08-20,5,5,5,5,4,5,5,No,False,,
CFB0000028,CLI0151,ASG000011,DUD100008,2025-05-07,3,3,2,3,2,2,3,Maybe,False,,
CFB0000029,CLI0151,ASG000011,DUD100008,2026-04-12,4,4,4,4,5,4,4,Yes,False,,
CFB0000030,CLI0151,ASG000011,DUD100008,2026-04-10,2,3,2,2,2,1,2,Maybe,False,,
CFB0000031,CLI0006,ASG000012,DUD100009,2024-01-09,4,3,5,5,3,4,5,No,False,,
CFB0000032,CLI0006,ASG000012,DUD100009,2023-10-16,4,4,5,5,4,3,4,Yes,False,,
CFB0000033,CLI0245,ASG000013,DUD100010,2026-07-07,5,5,5,5,5,5,5,Yes,False,,
CFB0000034,CLI0245,ASG000013,DUD100010,2025-12-03,4,5,3,5,4,4,4,Yes,False,,
CFB0000035,CLI0198,ASG000014,DUD100011,2026-06-01,5,5,5,5,5,5,4,Yes,False,,
CFB0000036,CLI0167,ASG000015,DUD100012,2024-05-20,4,4,3,5,4,4,4,Yes,False,,
CFB0000037,CLI0167,ASG000015,DUD100012,2026-06-15,5,5,5,4,5,4,4,Yes,False,,
CFB0000038,CLI0167,ASG000015,DUD100012,2026-01-30,4,5,4,4,3,4,4,Yes,False,,
CFB0000039,CLI0028,ASG000016,DUD100013,2023-04-04,5,5,5,4,5,5,5,Yes,False,,
CFB0000040,CLI0028,ASG000016,DUD100013,2022-12-19,1,1,1,2,1,1,1,Yes,False,,
CFB0000041,CLI0028,ASG000016,DUD100013,2023-02-01,4,4,4,3,5,4,3,No,False,,
CFB0000042,CLI0028,ASG000016,DUD100013,2023-02-14,2,3,1,2,2,1,2,Maybe,False,,
CFB0000043,CLI0002,ASG000017,DUD100013,2023-07-29,5,5,5,4,5,4,5,Yes,False,,
CFB0000044,CLI0258,ASG000018,DUD100014,2026-12-17,4,3,4,3,4,5,5,Yes,False,,
CFB0000045,CLI0258,ASG000018,DUD100014,2027-03-08,5,5,4,5,5,4,4,Maybe,False,,
CFB0000046,CLI0258,ASG000018,DUD100014,2026-09-02,3,3,4,2,3,4,3,No,False,,
CFB0000047,CLI0258,ASG000018,DUD100014,2026-06-05,2,2,1,2,3,3,2,Yes,False,,
CFB0000048,CLI0291,ASG000019,DUD100014,2027-08-04,4,4,3,4,4,5,3,Yes,False,,
CFB0000049,CLI0291,ASG000019,DUD100014,2028-04-20,2,1,3,2,2,2,2,Yes,False,,
CFB0000050,CLI0291,ASG000019,DUD100014,2028-03-23,1,2,2,2,2,1,1,Maybe,True,Lesson Quality,
CFB0000051,CLI0291,ASG000019,DUD100014,2027-05-26,5,5,5,5,5,4,5,Maybe,False,,
CFB0000052,CLI0268,ASG000020,DUD100015,2021-11-19,5,4,5,5,5,5,4,Maybe,False,,
CFB0000053,CLI0268,ASG000020,DUD100015,2022-01-25,3,3,3,3,3,3,3,Maybe,False,,
CFB0000054,CLI0039,ASG000021,DUD100015,2023-10-02,4,5,3,4,4,3,4,Yes,False,,
CFB0000055,CLI0226,ASG000022,DUD100016,2022-04-13,5,5,5,4,4,4,5,Yes,False,,
CFB0000056,CLI0226,ASG000022,DUD100016,2022-11-01,2,2,2,2,2,1,2,No,True,Punctuality,
CFB0000057,CLI0226,ASG000022,DUD100016,2022-05-31,3,4,3,2,3,3,2,Maybe,False,,
CFB0000058,CLI0226,ASG000022,DUD100016,2022-05-09,5,5,5,5,5,5,5,Yes,False,,
CFB0000059,CLI0279,ASG000023,DUD100016,2023-07-02,5,5,5,5,5,5,4,Yes,False,,
CFB0000060,CLI0279,ASG000023,DUD100016,2024-09-04,4,3,5,4,3,4,4,Yes,False,,
CFB0000061,CLI0279,ASG000023,DUD100016,2023-07-30,4,4,4,5,4,5,3,No,False,,
CFB0000062,CLI0279,ASG000023,DUD100016,2023-11-15,5,5,5,5,5,4,5,Yes,False,,
CFB0000063,CLI0242,ASG000024,DUD100017,2023-10-05,5,5,4,5,4,5,5,No,False,,
CFB0000064,CLI0242,ASG000024,DUD100017,2025-04-16,2,1,2,3,1,3,2,No,False,,
CFB0000065,CLI0156,ASG000025,DUD100018,2025-11-24,3,2,3,4,3,2,4,No,False,,
CFB0000066,CLI0156,ASG000025,DUD100018,2026-01-20,5,5,4,4,4,5,5,Yes,False,,
CFB0000067,CLI0156,ASG000025,DUD100018,2026-03-30,1,2,2,1,2,2,1,Maybe,False,,
CFB0000068,CLI0156,ASG000025,DUD100018,2026-06-14,1,1,1,1,1,2,1,No,False,,
CFB0000069,CLI0017,ASG000026,DUD100019,2023-01-15,4,4,5,5,5,4,5,Yes,True,Attendance,
CFB0000070,CLI0156,ASG000027,DUD100019,2026-07-02,5,5,5,5,5,5,5,Yes,False,,
CFB0000071,CLI0247,ASG000028,DUD100020,2022-11-29,4,4,4,4,4,4,5,No,False,,
CFB0000072,CLI0247,ASG000028,DUD100020,2023-11-01,5,4,5,5,5,4,5,Maybe,False,,
CFB0000073,CLI0027,ASG000029,DUD100020,2024-09-01,5,4,4,5,5,4,4,Yes,False,,
CFB0000074,CLI0045,ASG000030,DUD100021,2025-11-11,1,2,1,1,2,1,1,No,False,,
CFB0000075,CLI0158,ASG000031,DUD100021,2026-08-16,4,4,3,5,4,3,4,Yes,False,,
CFB0000076,CLI0158,ASG000031,DUD100021,2026-08-17,2,3,2,1,1,2,3,No,False,,
CFB0000077,CLI0158,ASG000031,DUD100021,2026-08-11,5,5,5,5,4,4,5,Yes,False,,
CFB0000078,CLI0218,ASG000032,DUD100022,2025-09-08,4,4,4,3,3,3,4,Yes,False,,
CFB0000079,CLI0102,ASG000033,DUD100023,2026-03-12,3,3,3,4,2,3,4,Maybe,False,,
CFB0000080,CLI0102,ASG000033,DUD100023,2025-08-19,5,5,4,4,5,5,5,Yes,False,,
CFB0000081,CLI0027,ASG000034,DUD100024,2024-06-22,4,3,4,4,4,4,4,Yes,False,,
CFB0000082,CLI0027,ASG000034,DUD100024,2024-08-14,3,3,3,2,2,3,3,Maybe,False,,
CFB0000083,CLI0075,ASG000035,DUD100025,2024-04-22,4,5,5,5,3,3,3,Yes,False,,
CFB0000084,CLI0118,ASG000036,DUD100026,2022-11-06,2,2,2,3,2,2,3,Maybe,False,,
CFB0000085,CLI0118,ASG000036,DUD100026,2023-01-25,4,5,3,3,4,4,4,Maybe,False,,
CFB0000086,CLI0118,ASG000036,DUD100026,2023-01-02,5,5,5,5,5,5,5,Yes,False,,
CFB0000087,CLI0118,ASG000036,DUD100026,2022-11-10,4,3,5,5,3,3,3,Yes,False,,
CFB0000088,CLI0006,ASG000037,DUD100026,2024-01-10,5,5,5,5,5,5,5,Maybe,False,,
CFB0000089,CLI0243,ASG000038,DUD100027,2024-05-30,4,4,5,5,3,4,3,Maybe,False,,
CFB0000090,CLI0243,ASG000038,DUD100027,2024-07-07,3,3,2,4,3,3,2,Maybe,True,Attendance,
CFB0000091,CLI0243,ASG000038,DUD100027,2024-04-08,4,4,3,3,3,3,4,Yes,False,,
CFB0000092,CLI0288,ASG000039,DUD100028,2026-01-14,4,5,5,3,4,5,3,Yes,False,,
CFB0000093,CLI0288,ASG000039,DUD100028,2025-10-26,4,5,4,5,3,4,3,Yes,False,,
CFB0000094,CLI0288,ASG000039,DUD100028,2025-12-11,3,3,3,3,4,3,2,Yes,False,,
CFB0000095,CLI0288,ASG000039,DUD100028,2026-02-27,4,4,4,5,3,3,4,Maybe,False,,
CFB0000096,CLI0056,ASG000040,DUD100028,2026-06-10,4,4,5,5,4,3,4,Yes,False,,
CFB0000097,CLI0056,ASG000040,DUD100028,2026-09-22,2,2,2,3,3,3,2,Yes,False,,
CFB0000098,CLI0056,ASG000040,DUD100028,2027-02-14,2,1,2,2,3,3,2,Yes,False,,
CFB0000099,CLI0056,ASG000040,DUD100028,2026-05-13,4,5,4,3,4,5,4,Yes,False,,
CFB0000100,CLI0141,ASG000041,DUD100028,2027-06-14,4,3,3,4,4,3,3,Yes,False,,
CFB0000101,CLI0141,ASG000041,DUD100028,2027-06-14,5,5,5,5,5,4,5,Yes,False,,
CFB0000102,CLI0141,ASG000041,DUD100028,2027-06-14,5,5,5,5,5,5,5,Yes,False,,
CFB0000103,CLI0118,ASG000042,DUD100029,2026-03-01,4,4,5,5,4,3,5,Yes,False,,
CFB0000104,CLI0118,ASG000042,DUD100029,2026-03-23,5,5,5,4,4,4,4,Yes,False,,
CFB0000105,CLI0159,ASG000043,DUD100030,2023-03-11,5,5,5,5,5,5,5,No,False,,
CFB0000106,CLI0159,ASG000043,DUD100030,2022-12-22,4,3,3,5,4,5,4,Yes,False,,
CFB0000107,CLI0159,ASG000043,DUD100030,2023-05-27,2,3,2,1,2,2,2,Maybe,False,,
CFB0000108,CLI0159,ASG000043,DUD100030,2023-06-09,3,3,3,3,3,2,4,No,False,,
CFB0000109,CLI0271,ASG000044,DUD100030,2024-02-11,5,5,5,4,5,4,5,Yes,False,,
CFB0000110,CLI0127,ASG000045,DUD100031,2024-11-18,4,4,5,3,4,3,4,Maybe,False,,
CFB0000111,CLI0127,ASG000045,DUD100031,2025-05-01,5,4,4,5,5,5,5,Yes,False,,
CFB0000112,CLI0127,ASG000045,DUD100031,2023-11-13,3,4,3,4,2,3,3,No,False,,
CFB0000113,CLI0127,ASG000045,DUD100031,2025-01-07,4,4,4,5,5,5,3,Yes,False,,
CFB0000114,CLI0036,ASG000046,DUD100032,2025-11-23,5,4,5,5,5,5,5,Maybe,False,,
CFB0000115,CLI0036,ASG000046,DUD100032,2026-01-21,4,5,4,3,4,4,4,Yes,False,,
CFB0000116,CLI0168,ASG000047,DUD100033,2026-08-23,5,5,5,5,5,5,5,Yes,False,,
CFB0000117,CLI0168,ASG000047,DUD100033,2026-10-05,5,4,5,4,4,4,5,Yes,False,,
CFB0000118,CLI0098,ASG000048,DUD100033,2027-07-11,5,4,5,4,5,5,4,Yes,False,,
CFB0000119,CLI0098,ASG000048,DUD100033,2027-07-11,3,4,3,2,4,3,3,Maybe,False,,
CFB0000120,CLI0098,ASG000048,DUD100033,2027-07-11,3,3,4,3,4,3,2,Maybe,False,,
CFB0000121,CLI0172,ASG000049,DUD100034,2021-10-13,3,3,2,3,3,2,4,Maybe,True,Professionalism,
CFB0000122,CLI0029,ASG000050,DUD100034,2022-06-13,2,2,1,2,2,1,2,Maybe,True,Punctuality,
CFB0000123,CLI0130,ASG000051,DUD100034,2023-01-14,1,1,1,2,1,2,1,No,True,Punctuality,
CFB0000124,CLI0130,ASG000051,DUD100034,2023-02-27,4,4,4,5,5,4,4,Yes,False,,
CFB0000125,CLI0130,ASG000051,DUD100034,2023-04-09,3,3,3,4,4,3,3,No,False,,
CFB0000126,CLI0252,ASG000052,DUD100035,2024-06-04,4,4,4,5,4,4,4,Yes,False,,
CFB0000127,CLI0252,ASG000052,DUD100035,2026-02-15,5,5,4,5,5,4,4,Yes,False,,
CFB0000128,CLI0277,ASG000053,DUD100036,2024-04-11,4,4,4,5,5,3,5,Yes,False,,
CFB0000129,CLI0277,ASG000053,DUD100036,2024-01-28,4,4,4,3,4,4,4,Yes,False,,
CFB0000130,CLI0277,ASG000053,DUD100036,2026-01-08,5,5,5,5,4,5,4,Yes,True,Lesson Quality,
CFB0000131,CLI0289,ASG000054,DUD100037,2023-11-15,5,5,5,5,5,4,5,Yes,False,,
CFB0000132,CLI0289,ASG000054,DUD100037,2023-11-14,4,3,4,4,4,5,3,Yes,False,,
CFB0000133,CLI0289,ASG000054,DUD100037,2023-10-29,4,4,3,4,3,5,3,Yes,False,,
CFB0000134,CLI0139,ASG000055,DUD100037,2024-02-08,4,4,4,5,5,4,3,Yes,False,,
CFB0000135,CLI0139,ASG000055,DUD100037,2024-05-06,3,3,2,4,4,3,3,No,False,,
CFB0000136,CLI0139,ASG000055,DUD100037,2024-02-21,5,5,5,5,5,5,5,Yes,False,,
CFB0000137,CLI0035,ASG000056,DUD100038,2024-03-09,4,3,4,4,4,4,4,Yes,False,,
CFB0000138,CLI0035,ASG000056,DUD100038,2026-07-25,2,2,2,2,3,2,2,No,False,,
CFB0000139,CLI0035,ASG000056,DUD100038,2026-03-14,3,3,3,3,3,4,2,No,False,,
CFB0000140,CLI0297,ASG000057,DUD100039,2025-01-17,1,1,2,1,2,2,1,Maybe,False,,
CFB0000141,CLI0297,ASG000057,DUD100039,2026-06-06,4,4,3,4,3,5,3,Maybe,False,,
CFB0000142,CLI0174,ASG000058,DUD100040,2024-04-29,5,5,5,5,4,5,5,Maybe,False,,
CFB0000143,CLI0174,ASG000058,DUD100040,2023-11-20,4,3,5,3,5,4,3,Yes,False,,
CFB0000144,CLI0214,ASG000059,DUD100041,2023-06-18,5,5,5,5,4,5,5,Maybe,False,,
CFB0000145,CLI0205,ASG000060,DUD100041,2024-03-06,4,3,4,4,4,5,4,Yes,False,,
CFB0000146,CLI0205,ASG000060,DUD100041,2026-08-10,4,5,4,5,3,3,5,Yes,False,,
CFB0000147,CLI0205,ASG000060,DUD100041,2025-02-15,5,5,5,5,5,5,5,Yes,False,,
CFB0000148,CLI0205,ASG000060,DUD100041,2026-01-24,4,4,4,4,3,4,4,Yes,False,,
CFB0000149,CLI0099,ASG000061,DUD100042,2023-11-10,3,3,3,3,3,4,3,Maybe,False,,
CFB0000150,CLI0099,ASG000061,DUD100042,2023-11-25,4,4,3,4,5,4,4,Yes,False,,
CFB0000151,CLI0029,ASG000062,DUD100042,2024-07-05,2,3,2,3,3,1,1,Maybe,True,Professionalism,
CFB0000152,CLI0029,ASG000062,DUD100042,2025-01-12,5,5,5,5,5,5,5,No,False,,
CFB0000153,CLI0117,ASG000063,DUD100043,2025-12-03,2,2,3,2,2,2,1,Yes,False,,
CFB0000154,CLI0008,ASG000064,DUD100044,2024-01-22,4,4,3,5,4,4,4,Yes,False,,
CFB0000155,CLI0008,ASG000064,DUD100044,2024-01-03,5,5,5,4,5,5,5,Yes,False,,
CFB0000156,CLI0008,ASG000064,DUD100044,2023-07-13,2,2,2,2,3,2,3,Maybe,False,,
CFB0000157,CLI0008,ASG000064,DUD100044,2022-01-11,4,4,4,4,4,4,4,Yes,False,,
CFB0000158,CLI0106,ASG000065,DUD100045,2025-11-11,4,5,3,5,4,4,5,Yes,False,,
CFB0000159,CLI0106,ASG000065,DUD100045,2026-03-19,4,4,4,4,4,3,3,Yes,False,,
CFB0000160,CLI0106,ASG000065,DUD100045,2026-12-14,4,5,5,3,4,4,3,Maybe,False,,
CFB0000161,CLI0106,ASG000065,DUD100045,2026-12-19,4,5,3,3,4,4,3,Yes,False,,
CFB0000162,CLI0280,ASG000066,DUD100045,2027-01-27,4,4,4,3,5,4,4,Maybe,False,,
CFB0000163,CLI0280,ASG000066,DUD100045,2027-01-27,4,4,3,5,4,5,4,Yes,False,,
CFB0000164,CLI0280,ASG000066,DUD100045,2027-01-27,4,4,5,5,3,5,5,Yes,False,,
CFB0000165,CLI0280,ASG000067,DUD100046,2026-03-29,5,4,5,4,5,4,5,No,False,,
CFB0000166,CLI0254,ASG000068,DUD100047,2025-09-09,4,3,4,4,4,4,4,Yes,False,,
CFB0000167,CLI0027,ASG000069,DUD100048,2026-04-17,4,4,4,5,3,3,5,Yes,False,,
CFB0000168,CLI0027,ASG000069,DUD100048,2023-01-08,5,5,5,5,5,5,5,Yes,False,,
CFB0000169,CLI0027,ASG000069,DUD100048,2026-01-24,2,2,2,2,2,2,1,Yes,False,,
CFB0000170,CLI0027,ASG000069,DUD100048,2024-01-29,4,4,4,4,3,4,3,Maybe,False,,
CFB0000171,CLI0290,ASG000070,DUD100049,2026-05-14,3,3,3,2,3,4,2,Maybe,False,,
CFB0000172,CLI0290,ASG000070,DUD100049,2026-06-27,4,3,5,4,4,5,3,Yes,False,,
CFB0000173,CLI0119,ASG000071,DUD100050,2024-10-06,3,2,4,2,2,4,3,Maybe,False,,
CFB0000174,CLI0131,ASG000072,DUD100051,2022-04-13,3,3,4,3,3,2,3,Yes,False,,
CFB0000175,CLI0007,ASG000073,DUD100052,2025-04-15,4,4,4,4,3,5,4,Yes,False,,
CFB0000176,CLI0007,ASG000073,DUD100052,2026-04-08,5,5,4,5,5,5,5,Yes,False,,
CFB0000177,CLI0007,ASG000073,DUD100052,2024-06-05,3,4,3,2,4,2,3,No,False,,
CFB0000178,CLI0142,ASG000074,DUD100053,2025-02-02,5,5,5,5,5,5,5,Yes,False,,
CFB0000179,CLI0142,ASG000074,DUD100053,2023-11-23,4,5,3,4,4,4,5,Yes,False,,
CFB0000180,CLI0142,ASG000074,DUD100053,2025-05-06,2,2,3,2,3,2,2,Yes,False,,
CFB0000181,CLI0122,ASG000075,DUD100054,2024-01-31,2,3,2,3,3,1,2,Maybe,False,,
CFB0000182,CLI0122,ASG000075,DUD100054,2024-06-29,4,4,5,4,3,4,5,Yes,False,,
CFB0000183,CLI0122,ASG000075,DUD100054,2025-03-19,3,3,2,3,4,3,3,Yes,False,,
CFB0000184,CLI0142,ASG000076,DUD100055,2022-08-10,3,4,3,3,2,2,3,Maybe,True,Attendance,
CFB0000185,CLI0142,ASG000076,DUD100055,2022-10-04,5,5,4,5,4,4,4,Yes,False,,
CFB0000186,CLI0095,ASG000077,DUD100055,2024-04-24,3,3,3,3,4,2,3,Maybe,False,,
CFB0000187,CLI0172,ASG000078,DUD100055,2025-01-25,5,5,5,5,5,5,4,No,False,,
CFB0000188,CLI0172,ASG000078,DUD100055,2025-05-28,2,2,2,2,3,2,1,Yes,True,Punctuality,
CFB0000189,CLI0172,ASG000078,DUD100055,2025-08-10,4,4,3,4,4,5,4,Maybe,False,,
CFB0000190,CLI0172,ASG000078,DUD100055,2024-11-28,3,4,3,3,4,3,3,Maybe,False,,
CFB0000191,CLI0228,ASG000079,DUD100056,2021-06-06,4,4,4,4,4,3,5,Maybe,True,Professionalism,
CFB0000192,CLI0228,ASG000079,DUD100056,2021-05-02,4,4,4,4,5,4,3,Yes,False,,
CFB0000193,CLI0228,ASG000079,DUD100056,2021-01-25,4,3,4,4,4,3,4,Yes,False,,
CFB0000194,CLI0228,ASG000079,DUD100056,2021-02-16,4,3,4,4,3,4,4,Yes,False,,
CFB0000195,CLI0097,ASG000080,DUD100056,2022-01-11,3,3,4,3,4,3,2,Maybe,False,,
CFB0000196,CLI0165,ASG000081,DUD100057,2021-06-15,4,4,4,5,4,4,4,Yes,False,,
CFB0000197,CLI0075,ASG000082,DUD100058,2025-12-28,4,5,4,4,4,4,5,Yes,False,,
CFB0000198,CLI0075,ASG000082,DUD100058,2025-11-04,4,3,3,5,5,4,4,No,False,,
CFB0000199,CLI0075,ASG000082,DUD100058,2024-09-09,3,3,3,3,3,3,4,Maybe,False,,
CFB0000200,CLI0075,ASG000082,DUD100058,2026-01-30,5,4,5,5,5,5,5,Yes,False,,
CFB0000201,CLI0089,ASG000083,DUD100059,2025-11-06,4,4,3,4,4,4,5,Yes,False,,
CFB0000202,CLI0089,ASG000083,DUD100059,2025-10-03,4,3,4,3,3,3,5,Yes,True,Lesson Quality,
CFB0000203,CLI0089,ASG000083,DUD100059,2025-02-20,3,2,3,4,4,4,4,Yes,False,,
CFB0000204,CLI0089,ASG000083,DUD100059,2025-04-11,5,5,5,5,5,5,4,Yes,False,,
CFB0000205,CLI0221,ASG000084,DUD100060,2025-09-21,3,3,3,4,3,3,4,No,False,,
CFB0000206,CLI0221,ASG000084,DUD100060,2025-07-26,4,3,4,4,4,4,4,Yes,False,,
CFB0000207,CLI0221,ASG000084,DUD100060,2025-08-26,5,5,5,4,5,5,5,Yes,False,,
CFB0000208,CLI0119,ASG000085,DUD100061,2023-07-16,4,4,5,3,4,4,3,Yes,False,,
CFB0000209,CLI0119,ASG000085,DUD100061,2023-04-16,4,3,3,4,4,5,4,Yes,False,,
CFB0000210,CLI0168,ASG000086,DUD100061,2024-05-09,4,4,3,4,3,5,4,Yes,False,,
CFB0000211,CLI0232,ASG000087,DUD100062,2022-04-09,4,4,4,4,3,5,5,Yes,False,,
CFB0000212,CLI0232,ASG000087,DUD100062,2022-08-22,3,4,3,3,4,3,3,Yes,False,,
CFB0000213,CLI0232,ASG000087,DUD100062,2026-03-10,4,4,5,5,4,4,4,Maybe,False,,
CFB0000214,CLI0286,ASG000088,DUD100063,2025-02-14,3,3,4,2,3,3,4,Maybe,False,,
CFB0000215,CLI0033,ASG000089,DUD100064,2025-01-02,2,2,1,2,3,1,2,Yes,True,Lesson Quality,
CFB0000216,CLI0055,ASG000090,DUD100065,2024-07-12,4,4,4,5,5,5,4,Maybe,False,,
CFB0000217,CLI0055,ASG000090,DUD100065,2024-06-24,5,4,5,5,4,4,5,Maybe,False,,
CFB0000218,CLI0055,ASG000090,DUD100065,2024-11-07,5,5,4,5,4,5,5,Yes,False,,
CFB0000219,CLI0272,ASG000091,DUD100066,2025-12-15,2,2,2,2,1,2,2,No,False,,
CFB0000220,CLI0272,ASG000091,DUD100066,2025-07-26,4,4,4,3,3,5,5,Yes,False,,
CFB0000221,CLI0272,ASG000091,DUD100066,2025-09-08,4,4,5,3,5,5,5,Yes,False,,
CFB0000222,CLI0272,ASG000091,DUD100066,2025-12-01,2,3,1,3,3,2,3,Maybe,False,,
CFB0000223,CLI0151,ASG000092,DUD100066,2026-06-28,4,4,5,4,4,3,5,Yes,False,,
CFB0000224,CLI0166,ASG000093,DUD100066,2026-09-07,5,4,5,5,5,5,5,Maybe,False,,
CFB0000225,CLI0166,ASG000093,DUD100066,2026-09-07,4,4,5,4,5,4,3,Maybe,False,,
CFB0000226,CLI0282,ASG000094,DUD100067,2024-07-11,4,4,4,4,5,4,4,Maybe,False,,
CFB0000227,CLI0282,ASG000094,DUD100067,2024-01-28,5,5,5,4,4,5,4,No,False,,
CFB0000228,CLI0129,ASG000095,DUD100068,2022-06-16,5,5,5,5,4,4,4,Yes,False,,
CFB0000229,CLI0129,ASG000095,DUD100068,2022-02-11,3,4,3,4,2,2,3,Yes,False,,
CFB0000230,CLI0225,ASG000096,DUD100068,2025-05-06,4,4,4,4,3,4,4,Yes,False,,
CFB0000231,CLI0225,ASG000096,DUD100068,2024-10-17,2,2,1,3,3,1,2,Maybe,False,,
CFB0000232,CLI0225,ASG000096,DUD100068,2024-04-11,4,3,5,4,4,3,5,Yes,False,,
CFB0000233,CLI0225,ASG000096,DUD100068,2023-12-18,3,4,4,3,2,2,3,Yes,False,,
CFB0000234,CLI0135,ASG000097,DUD100069,2023-11-14,4,3,4,5,5,4,3,Yes,False,,
CFB0000235,CLI0135,ASG000097,DUD100069,2024-03-28,4,5,4,4,4,4,4,Maybe,False,,
CFB0000236,CLI0135,ASG000097,DUD100069,2023-12-10,4,3,4,4,4,5,4,No,False,,
CFB0000237,CLI0135,ASG000097,DUD100069,2024-07-20,5,5,5,5,5,5,5,Yes,False,,
CFB0000238,CLI0297,ASG000098,DUD100069,2025-07-08,4,4,5,5,4,5,5,Yes,False,,
CFB0000239,CLI0210,ASG000099,DUD100070,2026-07-20,4,4,4,4,3,3,5,Maybe,False,,
CFB0000240,CLI0210,ASG000099,DUD100070,2026-05-20,1,1,1,1,1,2,2,Maybe,False,,
CFB0000241,CLI0062,ASG000100,DUD100070,2027-01-08,4,3,3,5,3,5,3,Yes,False,,
CFB0000242,CLI0062,ASG000100,DUD100070,2027-03-29,4,4,3,3,3,4,5,Yes,False,,
CFB0000243,CLI0091,ASG000101,DUD100071,2024-05-31,4,4,3,5,4,3,3,Maybe,False,,
CFB0000244,CLI0091,ASG000101,DUD100071,2025-08-07,3,2,4,4,3,3,4,Maybe,False,,
CFB0000245,CLI0091,ASG000101,DUD100071,2024-08-13,4,5,5,3,4,4,4,Yes,True,Classroom Management,
CFB0000246,CLI0091,ASG000101,DUD100071,2024-09-13,4,4,4,5,3,3,3,Yes,False,,
CFB0000247,CLI0203,ASG000102,DUD100072,2021-09-22,4,4,4,4,4,4,5,Maybe,False,,
CFB0000248,CLI0203,ASG000102,DUD100072,2022-03-28,2,3,2,2,2,2,1,Maybe,True,Punctuality,
CFB0000249,CLI0203,ASG000102,DUD100072,2022-01-22,1,1,2,1,1,1,1,Maybe,False,,
CFB0000250,CLI0203,ASG000102,DUD100072,2021-12-16,3,3,3,2,2,3,3,Yes,False,,
CFB0000251,CLI0260,ASG000103,DUD100072,2022-07-23,5,5,5,4,5,5,5,Maybe,False,,
CFB0000252,CLI0270,ASG000104,DUD100073,2026-07-30,3,3,4,2,4,4,3,Maybe,True,Classroom Management,
CFB0000253,CLI0270,ASG000104,DUD100073,2026-06-30,5,5,5,5,5,5,5,Yes,False,,
CFB0000254,CLI0034,ASG000105,DUD100074,2026-01-18,5,5,5,4,5,5,5,No,False,,
CFB0000255,CLI0034,ASG000105,DUD100074,2025-06-24,3,4,3,4,3,3,3,Yes,False,,
CFB0000256,CLI0034,ASG000105,DUD100074,2025-11-06,4,4,4,3,4,4,5,Yes,False,,
CFB0000257,CLI0238,ASG000106,DUD100075,2025-10-05,1,1,1,1,1,1,2,Maybe,False,,
CFB0000258,CLI0238,ASG000106,DUD100075,2025-12-20,5,5,4,4,5,5,4,Yes,False,,
CFB0000259,CLI0157,ASG000107,DUD100076,2023-12-05,5,5,5,5,5,4,5,Maybe,False,,
CFB0000260,CLI0157,ASG000107,DUD100076,2024-04-27,3,2,3,3,4,3,2,Maybe,False,,
CFB0000261,CLI0157,ASG000107,DUD100076,2023-12-24,5,5,5,5,5,5,5,Maybe,False,,
CFB0000262,CLI0104,ASG000108,DUD100077,2023-08-08,2,3,2,2,3,3,2,Maybe,True,Professionalism,
CFB0000263,CLI0265,ASG000109,DUD100078,2022-12-03,4,4,4,5,3,5,4,Yes,False,,
CFB0000264,CLI0265,ASG000109,DUD100078,2022-03-07,4,4,4,5,4,3,4,Maybe,False,,
CFB0000265,CLI0265,ASG000109,DUD100078,2022-07-24,2,2,3,3,2,2,2,Maybe,False,,
CFB0000266,CLI0152,ASG000110,DUD100079,2025-10-23,3,3,3,3,4,2,4,Yes,False,,
CFB0000267,CLI0152,ASG000110,DUD100079,2025-06-30,3,3,3,4,3,4,2,Maybe,False,,
CFB0000268,CLI0152,ASG000110,DUD100079,2025-06-05,4,4,4,3,4,4,5,Yes,False,,
CFB0000269,CLI0022,ASG000111,DUD100080,2022-05-09,3,3,2,2,2,3,3,Yes,False,,
CFB0000270,CLI0022,ASG000111,DUD100080,2023-02-22,4,4,5,5,4,4,4,Yes,False,,
CFB0000271,CLI0022,ASG000111,DUD100080,2023-10-26,4,4,5,4,3,4,3,Maybe,False,,
CFB0000272,CLI0022,ASG000111,DUD100080,2023-09-27,5,5,5,5,5,5,5,Yes,False,,
CFB0000273,CLI0276,ASG000112,DUD100081,2023-06-01,3,3,4,3,3,3,2,Yes,False,,
CFB0000274,CLI0276,ASG000112,DUD100081,2023-07-15,4,4,4,4,5,4,4,Yes,False,,
CFB0000275,CLI0250,ASG000113,DUD100081,2024-05-17,4,4,4,3,5,4,5,Yes,False,,
CFB0000276,CLI0250,ASG000113,DUD100081,2023-11-28,5,5,5,4,4,5,5,No,False,,
CFB0000277,CLI0151,ASG000114,DUD100082,2022-08-28,3,3,4,3,2,3,3,Maybe,True,Communication,
CFB0000278,CLI0265,ASG000115,DUD100082,2023-01-09,3,3,4,2,3,4,3,Yes,False,,
CFB0000279,CLI0265,ASG000115,DUD100082,2023-05-04,3,4,4,2,4,4,2,Maybe,False,,
CFB0000280,CLI0265,ASG000115,DUD100082,2023-08-23,3,4,3,2,3,3,3,No,False,,
CFB0000281,CLI0265,ASG000115,DUD100082,2023-08-10,4,4,5,4,4,5,4,Yes,False,,
CFB0000282,CLI0030,ASG000116,DUD100083,2024-08-15,5,4,5,5,5,5,4,Yes,False,,
CFB0000283,CLI0030,ASG000116,DUD100083,2024-03-28,2,2,3,1,2,2,2,Yes,False,,
CFB0000284,CLI0030,ASG000116,DUD100083,2024-12-06,5,5,5,4,5,5,5,Yes,False,,
CFB0000285,CLI0030,ASG000116,DUD100083,2024-04-28,4,5,3,4,5,4,5,Maybe,False,,
CFB0000286,CLI0152,ASG000117,DUD100084,2022-09-04,4,3,3,3,4,4,4,No,False,,
CFB0000287,CLI0152,ASG000117,DUD100084,2022-08-21,4,4,4,4,3,4,4,Yes,False,,
CFB0000288,CLI0152,ASG000117,DUD100084,2022-12-28,4,4,5,4,3,5,5,Yes,False,,
CFB0000289,CLI0037,ASG000118,DUD100084,2023-10-08,3,3,4,4,2,3,3,Yes,False,,
CFB0000290,CLI0268,ASG000119,DUD100085,2025-08-10,4,3,4,4,3,3,4,No,False,,
CFB0000291,CLI0268,ASG000119,DUD100085,2026-06-30,4,3,4,4,3,4,4,Maybe,False,,
CFB0000292,CLI0008,ASG000120,DUD100086,2025-02-25,2,2,2,1,1,2,2,Maybe,False,,
CFB0000293,CLI0165,ASG000121,DUD100087,2021-10-25,4,4,3,3,5,5,3,Maybe,False,,
CFB0000294,CLI0165,ASG000121,DUD100087,2021-06-03,4,4,4,4,4,4,5,Yes,False,,
CFB0000295,CLI0149,ASG000122,DUD100087,2022-02-19,5,5,4,4,5,5,4,Yes,False,,
CFB0000296,CLI0149,ASG000122,DUD100087,2021-11-28,4,5,5,4,3,4,5,Yes,False,,
CFB0000297,CLI0149,ASG000122,DUD100087,2022-05-12,3,3,2,4,3,3,2,Yes,True,Communication,
CFB0000298,CLI0149,ASG000122,DUD100087,2022-03-20,3,3,2,4,2,3,3,Maybe,False,,
CFB0000299,CLI0059,ASG000123,DUD100087,2023-06-21,4,5,5,3,5,4,4,Yes,False,,
CFB0000300,CLI0059,ASG000123,DUD100087,2023-10-05,3,3,3,3,4,4,2,Yes,False,,
CFB0000301,CLI0161,ASG000124,DUD100088,2024-04-19,3,3,4,3,3,3,3,Maybe,False,,
CFB0000302,CLI0161,ASG000124,DUD100088,2025-10-02,4,5,4,3,4,5,4,Yes,False,,
CFB0000303,CLI0276,ASG000125,DUD100089,2025-11-03,5,5,4,5,5,4,5,Maybe,False,,
CFB0000304,CLI0276,ASG000125,DUD100089,2025-08-20,4,4,4,3,4,3,4,Yes,False,,
CFB0000305,CLI0276,ASG000125,DUD100089,2025-12-29,2,2,2,1,2,1,2,Maybe,False,,
CFB0000306,CLI0286,ASG000126,DUD100089,2026-03-23,4,4,4,5,3,4,5,Yes,False,,
CFB0000307,CLI0286,ASG000126,DUD100089,2026-08-05,4,4,3,5,5,3,4,Yes,False,,
CFB0000308,CLI0286,ASG000126,DUD100089,2026-06-05,4,4,4,3,3,3,5,Yes,False,,
CFB0000309,CLI0286,ASG000126,DUD100089,2026-06-03,3,3,3,4,4,4,4,No,True,Punctuality,
CFB0000310,CLI0087,ASG000127,DUD100090,2021-11-08,4,4,5,4,4,4,4,Maybe,False,,
CFB0000311,CLI0087,ASG000127,DUD100090,2021-12-27,4,4,5,4,3,3,5,No,False,,
CFB0000312,CLI0145,ASG000128,DUD100091,2024-06-01,1,1,1,1,2,2,1,Maybe,False,,
CFB0000313,CLI0195,ASG000129,DUD100092,2025-02-15,4,3,3,5,3,3,3,Yes,False,,
CFB0000314,CLI0195,ASG000129,DUD100092,2025-07-06,4,5,4,5,3,3,4,No,False,,
CFB0000315,CLI0195,ASG000129,DUD100092,2025-04-27,5,5,5,5,5,5,5,Yes,False,,
CFB0000316,CLI0195,ASG000129,DUD100092,2024-11-15,4,5,4,4,4,5,5,Yes,False,,
CFB0000317,CLI0153,ASG000130,DUD100093,2023-10-08,3,3,4,2,3,4,4,No,False,,
CFB0000318,CLI0153,ASG000130,DUD100093,2024-12-04,5,5,4,5,5,4,4,No,False,,
CFB0000319,CLI0153,ASG000130,DUD100093,2022-03-08,3,3,2,3,4,4,3,Yes,False,,
CFB0000320,CLI0110,ASG000131,DUD100094,2021-05-11,4,4,4,4,5,3,4,No,False,,
CFB0000321,CLI0110,ASG000131,DUD100094,2021-05-13,5,5,5,5,5,5,5,Yes,False,,
CFB0000322,CLI0014,ASG000132,DUD100095,2026-05-30,3,2,3,4,3,4,3,Maybe,False,,
CFB0000323,CLI0014,ASG000132,DUD100095,2026-03-21,5,5,5,5,4,4,4,Yes,False,,
CFB0000324,CLI0014,ASG000132,DUD100095,2026-10-18,4,4,5,3,4,4,4,Yes,False,,
CFB0000325,CLI0014,ASG000132,DUD100095,2026-05-24,4,3,4,4,4,3,5,Maybe,False,,
CFB0000326,CLI0081,ASG000133,DUD100095,2026-12-30,5,4,5,5,5,5,4,Maybe,False,,
CFB0000327,CLI0081,ASG000133,DUD100095,2027-10-06,3,3,2,3,3,2,3,Maybe,False,,
CFB0000328,CLI0134,ASG000134,DUD100096,2023-03-09,4,3,5,5,4,3,5,Maybe,False,,
CFB0000329,CLI0134,ASG000134,DUD100096,2023-01-25,5,5,5,5,5,5,5,Yes,False,,
CFB0000330,CLI0134,ASG000134,DUD100096,2023-01-06,4,4,3,5,3,3,3,Yes,False,,
CFB0000331,CLI0134,ASG000134,DUD100096,2023-05-01,3,3,2,3,3,2,3,Yes,False,,
CFB0000332,CLI0154,ASG000135,DUD100096,2023-11-08,3,3,3,3,3,4,3,No,False,,
CFB0000333,CLI0154,ASG000135,DUD100096,2023-12-13,3,3,4,3,2,3,3,Maybe,False,,
CFB0000334,CLI0154,ASG000135,DUD100096,2023-09-10,4,4,4,5,4,3,3,Yes,False,,
CFB0000335,CLI0215,ASG000136,DUD100096,2025-12-10,3,3,2,2,3,3,3,No,True,Professionalism,
CFB0000336,CLI0215,ASG000136,DUD100096,2025-07-25,3,3,2,2,4,3,3,No,True,Attendance,
CFB0000337,CLI0215,ASG000136,DUD100096,2025-09-05,5,5,4,5,4,5,5,Maybe,True,Classroom Management,
CFB0000338,CLI0215,ASG000136,DUD100096,2024-08-07,4,4,4,5,5,5,3,Yes,False,,
CFB0000339,CLI0083,ASG000137,DUD100097,2022-11-07,4,4,5,5,3,4,4,Yes,False,,
CFB0000340,CLI0083,ASG000137,DUD100097,2023-03-27,3,3,4,2,3,3,3,No,False,,
CFB0000341,CLI0083,ASG000137,DUD100097,2022-11-13,5,5,4,5,5,5,4,Yes,False,,
CFB0000342,CLI0079,ASG000138,DUD100097,2024-03-30,2,2,3,1,1,2,1,Yes,False,,
CFB0000343,CLI0071,ASG000139,DUD100098,2026-04-20,4,4,3,3,5,5,4,Yes,False,,
CFB0000344,CLI0071,ASG000139,DUD100098,2027-03-30,3,4,3,3,3,2,2,Maybe,False,,
CFB0000345,CLI0071,ASG000139,DUD100098,2026-04-19,4,4,3,4,3,4,4,Yes,False,,
CFB0000346,CLI0071,ASG000139,DUD100098,2026-10-19,4,3,4,4,5,3,4,No,False,,
CFB0000347,CLI0107,ASG000140,DUD100098,2027-05-14,4,4,3,3,4,3,3,Maybe,False,,
CFB0000348,CLI0107,ASG000140,DUD100098,2027-05-14,4,4,4,4,5,4,4,Yes,False,,
CFB0000349,CLI0107,ASG000140,DUD100098,2027-05-14,4,4,3,3,4,3,4,Maybe,False,,
CFB0000350,CLI0155,ASG000141,DUD100099,2025-06-28,4,3,4,3,5,5,3,Yes,False,,
CFB0000351,CLI0155,ASG000141,DUD100099,2025-09-08,3,4,2,3,4,2,3,No,False,,
CFB0000352,CLI0155,ASG000141,DUD100099,2025-04-22,5,5,5,5,5,5,5,Yes,False,,
CFB0000353,CLI0155,ASG000141,DUD100099,2025-03-07,4,4,4,4,5,3,4,Yes,False,,
CFB0000354,CLI0087,ASG000142,DUD100099,2026-07-28,5,5,5,5,5,4,5,Yes,False,,
CFB0000355,CLI0087,ASG000142,DUD100099,2026-07-22,3,3,3,2,4,3,2,No,False,,
CFB0000356,CLI0148,ASG000143,DUD100100,2025-04-28,5,5,5,5,5,5,4,Yes,False,,
CFB0000357,CLI0148,ASG000143,DUD100100,2025-04-01,5,5,5,4,5,4,4,Yes,False,,
CFB0000358,CLI0148,ASG000143,DUD100100,2025-05-03,3,3,2,3,2,3,2,Yes,False,,
CFB0000359,CLI0148,ASG000143,DUD100100,2025-06-22,5,5,4,5,5,5,5,Yes,False,,
CFB0000360,CLI0254,ASG000144,DUD100101,2026-07-05,3,2,3,3,3,2,3,Maybe,False,,
CFB0000361,CLI0254,ASG000144,DUD100101,2026-07-25,4,4,4,4,4,4,4,Yes,False,,
CFB0000362,CLI0254,ASG000144,DUD100101,2026-06-28,5,5,5,4,5,4,5,Yes,False,,
CFB0000363,CLI0211,ASG000145,DUD100102,2025-09-08,1,2,1,2,1,1,1,No,True,Attendance,
CFB0000364,CLI0061,ASG000146,DUD100103,2023-06-01,5,5,4,5,5,5,4,Yes,False,,
CFB0000365,CLI0061,ASG000146,DUD100103,2023-07-03,4,4,3,4,5,4,5,No,True,Punctuality,
CFB0000366,CLI0061,ASG000146,DUD100103,2023-05-21,4,3,4,4,4,5,3,Maybe,False,,
CFB0000367,CLI0011,ASG000147,DUD100103,2023-09-25,3,3,2,3,3,2,2,Maybe,False,,
CFB0000368,CLI0011,ASG000147,DUD100103,2023-09-02,4,4,3,5,5,5,4,Yes,False,,
CFB0000369,CLI0011,ASG000147,DUD100103,2023-09-05,4,3,4,5,4,4,4,Yes,False,,
CFB0000370,CLI0158,ASG000148,DUD100104,2024-09-02,4,4,4,4,3,4,4,Yes,False,,
CFB0000371,CLI0158,ASG000148,DUD100104,2025-06-24,4,3,3,4,4,5,4,Yes,False,,
CFB0000372,CLI0158,ASG000148,DUD100104,2025-08-12,3,4,3,4,4,2,3,Yes,False,,
CFB0000373,CLI0158,ASG000148,DUD100104,2024-09-07,3,3,4,3,3,3,2,Maybe,True,Professionalism,
CFB0000374,CLI0046,ASG000149,DUD100104,2027-02-26,2,3,2,2,2,3,1,Maybe,False,,
CFB0000375,CLI0046,ASG000149,DUD100104,2026-11-20,5,4,5,5,5,5,5,Yes,False,,
CFB0000376,CLI0007,ASG000150,DUD100104,2027-09-15,1,1,1,2,1,1,1,Maybe,False,,
CFB0000377,CLI0007,ASG000150,DUD100104,2027-11-13,5,5,5,5,4,5,5,Yes,False,,
CFB0000378,CLI0023,ASG000151,DUD100105,2022-08-02,2,3,2,3,1,2,1,No,False,,
CFB0000379,CLI0080,ASG000152,DUD100106,2024-05-13,2,1,2,1,1,1,1,Maybe,False,,
CFB0000380,CLI0080,ASG000152,DUD100106,2024-03-02,4,4,4,4,4,4,4,Yes,False,,
CFB0000381,CLI0185,ASG000153,DUD100106,2025-06-13,4,5,3,3,3,4,4,Maybe,False,,
CFB0000382,CLI0185,ASG000153,DUD100106,2025-06-19,2,3,2,3,3,2,2,Yes,False,,
CFB0000383,CLI0185,ASG000153,DUD100106,2024-08-25,3,3,4,3,3,3,2,No,False,,
CFB0000384,CLI0185,ASG000153,DUD100106,2025-02-23,5,4,5,5,4,5,5,Yes,False,,
CFB0000385,CLI0211,ASG000154,DUD100106,2025-10-12,4,4,5,4,4,3,4,Yes,False,,
CFB0000386,CLI0211,ASG000154,DUD100106,2025-11-18,3,2,4,3,4,2,3,Yes,False,,
CFB0000387,CLI0211,ASG000154,DUD100106,2026-03-28,5,5,4,5,5,5,5,Yes,False,,
CFB0000388,CLI0032,ASG000155,DUD100107,2022-08-30,4,4,5,4,4,4,3,Yes,False,,
CFB0000389,CLI0083,ASG000156,DUD100107,2025-03-07,3,2,3,3,4,3,3,No,True,Punctuality,
CFB0000390,CLI0107,ASG000157,DUD100108,2025-05-23,5,5,5,5,5,4,5,Maybe,False,,
CFB0000391,CLI0011,ASG000158,DUD100108,2025-11-23,4,4,5,3,3,5,4,Yes,False,,
CFB0000392,CLI0011,ASG000158,DUD100108,2025-09-30,3,3,3,2,2,4,4,Maybe,False,,
CFB0000393,CLI0011,ASG000158,DUD100108,2025-11-16,4,4,5,4,4,3,3,Yes,False,,
CFB0000394,CLI0273,ASG000159,DUD100109,2023-05-24,4,4,4,4,3,4,5,Maybe,False,,
CFB0000395,CLI0273,ASG000159,DUD100109,2023-05-23,4,4,3,4,3,3,5,Yes,True,Professionalism,
CFB0000396,CLI0273,ASG000159,DUD100109,2023-08-06,5,5,5,5,5,5,5,Yes,False,,
CFB0000397,CLI0273,ASG000159,DUD100109,2023-07-28,5,5,5,5,5,4,5,Yes,False,,
CFB0000398,CLI0144,ASG000160,DUD100109,2023-10-26,5,4,5,5,5,5,5,Maybe,False,,
CFB0000399,CLI0144,ASG000160,DUD100109,2023-11-17,4,4,3,5,4,3,4,Yes,False,,
CFB0000400,CLI0056,ASG000161,DUD100110,2023-09-18,5,5,4,5,4,5,5,Yes,False,,
CFB0000401,CLI0056,ASG000161,DUD100110,2023-07-16,4,5,4,3,4,4,3,Yes,False,,
CFB0000402,CLI0101,ASG000162,DUD100110,2025-10-30,4,5,4,4,3,5,4,Yes,False,,
CFB0000403,CLI0101,ASG000162,DUD100110,2026-07-01,5,4,5,5,4,5,5,Yes,False,,
CFB0000404,CLI0101,ASG000162,DUD100110,2024-09-17,5,5,5,5,5,5,5,Yes,False,,
CFB0000405,CLI0069,ASG000163,DUD100111,2021-02-01,5,4,5,5,5,5,4,Yes,False,,
CFB0000406,CLI0069,ASG000163,DUD100111,2021-02-21,5,5,4,4,4,5,4,Maybe,False,,
CFB0000407,CLI0069,ASG000163,DUD100111,2021-05-07,4,3,5,3,4,3,5,No,False,,
CFB0000408,CLI0147,ASG000164,DUD100111,2022-06-01,4,4,4,5,4,3,3,Maybe,False,,
CFB0000409,CLI0158,ASG000165,DUD100112,2024-01-14,5,5,4,5,4,4,5,Yes,False,,
CFB0000410,CLI0200,ASG000166,DUD100113,2025-08-01,4,4,4,4,3,4,5,Maybe,False,,
CFB0000411,CLI0200,ASG000166,DUD100113,2026-02-16,5,5,4,5,5,4,5,Yes,False,,
CFB0000412,CLI0038,ASG000167,DUD100114,2022-03-31,4,3,5,5,5,3,5,Yes,False,,
CFB0000413,CLI0038,ASG000167,DUD100114,2023-01-11,2,1,3,2,3,2,2,Maybe,False,,
CFB0000414,CLI0038,ASG000167,DUD100114,2022-12-02,3,2,3,4,3,3,3,Yes,False,,
CFB0000415,CLI0038,ASG000167,DUD100114,2022-04-27,4,4,4,4,4,5,4,Yes,False,,
CFB0000416,CLI0121,ASG000168,DUD100115,2025-04-27,4,5,5,4,5,4,4,Yes,False,,
CFB0000417,CLI0121,ASG000168,DUD100115,2025-06-04,5,5,5,5,4,5,5,Yes,False,,
CFB0000418,CLI0121,ASG000168,DUD100115,2025-06-19,4,3,4,4,5,4,5,Yes,False,,
CFB0000419,CLI0121,ASG000168,DUD100115,2025-04-03,4,4,3,4,5,3,4,Yes,False,,
CFB0000420,CLI0046,ASG000169,DUD100115,2025-11-06,5,5,5,5,5,5,5,No,False,,
CFB0000421,CLI0046,ASG000169,DUD100115,2026-06-25,3,2,4,3,4,3,2,Maybe,False,,
CFB0000422,CLI0046,ASG000169,DUD100115,2025-09-21,4,4,4,4,4,5,4,Yes,False,,
CFB0000423,CLI0023,ASG000170,DUD100116,2023-02-28,4,4,4,4,5,4,4,Yes,False,,
CFB0000424,CLI0023,ASG000170,DUD100116,2022-12-23,4,4,3,4,5,4,5,Yes,False,,
CFB0000425,CLI0023,ASG000170,DUD100116,2023-01-29,5,5,5,4,4,5,5,Yes,False,,
CFB0000426,CLI0246,ASG000171,DUD100116,2025-05-29,3,2,4,3,3,2,2,Yes,True,Lesson Quality,
CFB0000427,CLI0246,ASG000171,DUD100116,2023-07-02,5,4,4,5,5,4,5,Maybe,False,,
CFB0000428,CLI0246,ASG000171,DUD100116,2024-08-17,3,4,3,3,3,2,3,Maybe,False,,
CFB0000429,CLI0246,ASG000171,DUD100116,2025-10-19,4,4,4,5,4,3,4,No,False,,
CFB0000430,CLI0242,ASG000172,DUD100117,2021-01-13,3,3,2,3,4,3,3,No,False,,
CFB0000431,CLI0242,ASG000172,DUD100117,2021-09-18,3,3,3,3,2,2,2,Maybe,False,,
CFB0000432,CLI0242,ASG000172,DUD100117,2021-06-19,4,4,5,4,3,5,4,Maybe,False,,
CFB0000433,CLI0115,ASG000173,DUD100118,2023-01-31,3,3,3,3,3,4,4,Maybe,False,,
CFB0000434,CLI0115,ASG000173,DUD100118,2024-12-16,4,4,4,5,3,5,4,Yes,False,,
CFB0000435,CLI0200,ASG000174,DUD100119,2021-09-12,4,4,3,3,4,5,3,Yes,False,,
CFB0000436,CLI0200,ASG000174,DUD100119,2022-01-24,4,3,4,4,3,3,4,Yes,False,,
CFB0000437,CLI0200,ASG000174,DUD100119,2021-08-29,5,5,5,4,5,5,5,Yes,False,,
CFB0000438,CLI0200,ASG000174,DUD100119,2022-01-14,4,5,4,4,5,3,3,Yes,False,,
CFB0000439,CLI0020,ASG000175,DUD100119,2022-10-03,2,3,2,2,1,2,2,Maybe,False,,
CFB0000440,CLI0020,ASG000175,DUD100119,2022-06-05,4,3,3,4,3,3,3,Yes,False,,
CFB0000441,CLI0271,ASG000176,DUD100119,2026-02-03,2,2,1,2,2,1,1,No,False,,
CFB0000442,CLI0271,ASG000176,DUD100119,2025-10-07,5,5,4,5,5,5,5,Yes,False,,
CFB0000443,CLI0271,ASG000176,DUD100119,2024-06-02,4,5,3,4,3,3,4,Yes,False,,
CFB0000444,CLI0271,ASG000176,DUD100119,2024-06-01,5,4,5,4,5,4,5,No,False,,
CFB0000445,CLI0078,ASG000177,DUD100120,2025-06-14,3,3,2,4,3,3,2,No,False,,
CFB0000446,CLI0078,ASG000177,DUD100120,2025-10-03,2,1,2,2,2,1,2,Yes,False,,
CFB0000447,CLI0092,ASG000178,DUD100120,2026-03-04,4,4,5,5,4,5,4,Yes,False,,
CFB0000448,CLI0092,ASG000178,DUD100120,2026-02-08,3,2,3,4,3,3,2,Yes,False,,
CFB0000449,CLI0092,ASG000178,DUD100120,2026-02-11,5,5,5,5,4,5,5,Yes,False,,
CFB0000450,CLI0278,ASG000179,DUD100121,2025-01-22,3,2,3,3,4,4,4,Maybe,False,,
CFB0000451,CLI0278,ASG000179,DUD100121,2025-12-23,4,3,5,3,3,4,5,Yes,False,,
CFB0000452,CLI0278,ASG000179,DUD100121,2026-02-14,5,5,5,5,5,4,5,Yes,False,,
CFB0000453,CLI0278,ASG000179,DUD100121,2025-05-02,4,4,3,5,5,5,4,No,False,,
CFB0000454,CLI0150,ASG000180,DUD100122,2026-02-03,3,3,3,4,4,4,4,Yes,False,,
CFB0000455,CLI0150,ASG000180,DUD100122,2026-06-02,4,4,5,4,4,3,5,Yes,False,,
CFB0000456,CLI0150,ASG000180,DUD100122,2025-03-09,5,5,4,4,5,4,4,Maybe,False,,
CFB0000457,CLI0150,ASG000180,DUD100122,2024-01-22,5,5,5,5,5,4,5,Yes,False,,
CFB0000458,CLI0223,ASG000181,DUD100123,2021-10-25,5,5,5,4,5,5,5,Yes,False,,
CFB0000459,CLI0223,ASG000181,DUD100123,2021-09-08,4,5,3,4,4,5,3,Maybe,False,,
CFB0000460,CLI0223,ASG000181,DUD100123,2021-07-19,4,4,4,4,4,5,5,Yes,False,,
CFB0000461,CLI0268,ASG000182,DUD100123,2022-11-26,4,3,4,3,3,4,5,Yes,False,,
CFB0000462,CLI0125,ASG000183,DUD100124,2024-08-08,4,4,4,4,5,3,5,Yes,False,,
CFB0000463,CLI0125,ASG000183,DUD100124,2024-09-17,5,5,4,5,5,5,4,Yes,False,,
CFB0000464,CLI0125,ASG000183,DUD100124,2024-08-29,4,3,3,3,3,3,3,Yes,False,,
CFB0000465,CLI0125,ASG000183,DUD100124,2024-10-18,2,3,2,2,3,3,3,Yes,True,Punctuality,
CFB0000466,CLI0246,ASG000184,DUD100125,2023-12-12,3,4,3,4,3,2,3,Maybe,False,,
CFB0000467,CLI0246,ASG000184,DUD100125,2023-10-07,4,5,4,4,4,4,4,Maybe,False,,
CFB0000468,CLI0246,ASG000184,DUD100125,2024-03-07,4,4,3,5,3,5,3,Yes,False,,
CFB0000469,CLI0212,ASG000185,DUD100125,2025-10-03,3,2,3,2,2,3,3,No,True,Lesson Quality,
CFB0000470,CLI0140,ASG000186,DUD100126,2025-07-31,4,4,3,4,5,5,4,Yes,False,,
CFB0000471,CLI0140,ASG000186,DUD100126,2025-06-18,4,3,4,5,4,3,4,Maybe,False,,
CFB0000472,CLI0140,ASG000186,DUD100126,2025-04-15,4,3,4,5,5,5,3,Yes,False,,
CFB0000473,CLI0140,ASG000186,DUD100126,2025-04-26,4,4,3,5,4,5,3,Maybe,False,,
CFB0000474,CLI0171,ASG000187,DUD100127,2023-11-20,5,5,5,4,5,5,5,Yes,True,Communication,
CFB0000475,CLI0171,ASG000187,DUD100127,2023-10-04,4,5,4,3,4,3,3,Maybe,False,,
CFB0000476,CLI0171,ASG000187,DUD100127,2023-10-22,4,3,3,5,3,3,3,Maybe,False,,
CFB0000477,CLI0171,ASG000187,DUD100127,2023-12-26,5,5,5,5,5,5,4,Yes,False,,
CFB0000478,CLI0297,ASG000188,DUD100128,2026-07-07,4,4,4,4,4,4,5,Yes,False,,
CFB0000479,CLI0297,ASG000189,DUD100129,2026-01-20,5,5,5,5,5,4,5,Yes,False,,
CFB0000480,CLI0297,ASG000189,DUD100129,2026-04-05,4,5,4,4,4,3,4,Maybe,False,,
CFB0000481,CLI0297,ASG000189,DUD100129,2024-11-25,4,4,3,5,3,5,4,Maybe,False,,
CFB0000482,CLI0021,ASG000190,DUD100130,2026-08-09,4,4,4,4,4,4,3,Yes,False,,
CFB0000483,CLI0021,ASG000190,DUD100130,2027-02-09,3,2,3,2,4,3,4,Maybe,False,,
CFB0000484,CLI0021,ASG000190,DUD100130,2027-04-30,3,2,3,2,2,3,3,Yes,False,,
CFB0000485,CLI0061,ASG000191,DUD100131,2025-10-27,5,5,4,5,5,5,5,Yes,False,,
CFB0000486,CLI0128,ASG000192,DUD100132,2026-04-11,5,5,5,4,5,4,5,Yes,False,,
CFB0000487,CLI0128,ASG000192,DUD100132,2026-03-09,4,4,3,3,4,5,4,Yes,False,,
CFB0000488,CLI0128,ASG000192,DUD100132,2026-08-17,1,2,1,1,1,1,2,Maybe,True,Professionalism,
CFB0000489,CLI0066,ASG000193,DUD100133,2023-04-26,3,2,2,3,2,3,3,Yes,False,,
CFB0000490,CLI0066,ASG000193,DUD100133,2024-06-26,4,4,5,3,4,3,4,Yes,False,,
CFB0000491,CLI0066,ASG000193,DUD100133,2025-03-09,4,4,4,4,4,4,5,Yes,False,,
CFB0000492,CLI0066,ASG000193,DUD100133,2026-04-02,4,5,3,3,4,4,4,Yes,False,,
CFB0000493,CLI0149,ASG000194,DUD100134,2021-09-19,4,4,4,4,5,4,3,Yes,False,,
CFB0000494,CLI0163,ASG000195,DUD100134,2022-12-07,2,3,2,2,2,3,2,Maybe,False,,
CFB0000495,CLI0163,ASG000195,DUD100134,2022-11-20,3,3,3,2,2,3,3,Maybe,False,,
CFB0000496,CLI0169,ASG000196,DUD100134,2024-11-30,3,3,4,3,4,3,3,No,False,,
CFB0000497,CLI0169,ASG000196,DUD100134,2026-04-20,4,4,3,5,4,5,4,Yes,False,,
CFB0000498,CLI0257,ASG000197,DUD100135,2021-12-03,4,4,3,3,5,3,4,Yes,False,,
CFB0000499,CLI0257,ASG000197,DUD100135,2022-08-31,3,2,3,3,3,3,4,Maybe,False,,
CFB0000500,CLI0257,ASG000197,DUD100135,2022-02-03,3,3,2,4,3,2,3,Maybe,False,,
CFB0000501,CLI0016,ASG000198,DUD100135,2024-02-06,4,5,4,4,5,4,4,Maybe,False,,
CFB0000502,CLI0016,ASG000198,DUD100135,2026-03-24,4,4,3,3,5,3,3,Maybe,True,Professionalism,
CFB0000503,CLI0016,ASG000198,DUD100135,2023-05-26,3,3,2,3,3,4,2,Yes,False,,
CFB0000504,CLI0175,ASG000199,DUD100136,2026-03-26,5,5,5,5,4,4,5,Yes,False,,
CFB0000505,CLI0175,ASG000199,DUD100136,2025-12-18,1,1,1,2,1,1,1,Maybe,False,,
CFB0000506,CLI0175,ASG000199,DUD100136,2026-02-10,2,1,3,2,1,3,3,No,True,Classroom Management,
CFB0000507,CLI0244,ASG000200,DUD100136,2026-11-26,2,1,2,1,2,3,2,Maybe,False,,
CFB0000508,CLI0244,ASG000200,DUD100136,2027-02-11,4,4,4,5,4,4,5,Yes,False,,
CFB0000509,CLI0006,ASG000201,DUD100137,2025-07-28,4,5,4,3,5,3,4,Yes,False,,
CFB0000510,CLI0187,ASG000202,DUD100138,2024-02-16,3,4,3,2,3,2,2,Yes,False,,
CFB0000511,CLI0187,ASG000202,DUD100138,2024-09-18,4,5,4,4,4,3,3,Yes,False,,
CFB0000512,CLI0187,ASG000202,DUD100138,2023-04-10,5,5,5,5,5,5,5,Yes,False,,
CFB0000513,CLI0187,ASG000202,DUD100138,2024-10-29,5,5,4,5,5,4,5,Maybe,False,,
CFB0000514,CLI0246,ASG000203,DUD100139,2023-06-11,1,1,2,1,1,1,2,No,False,,
CFB0000515,CLI0246,ASG000203,DUD100139,2024-01-31,4,4,5,4,3,4,4,Yes,False,,
CFB0000516,CLI0246,ASG000203,DUD100139,2024-04-21,3,3,3,3,2,4,3,Maybe,False,,
CFB0000517,CLI0246,ASG000203,DUD100139,2024-01-28,4,5,4,5,5,3,4,Yes,False,,
CFB0000518,CLI0216,ASG000204,DUD100140,2021-12-19,4,4,4,4,5,4,4,Yes,False,,
CFB0000519,CLI0216,ASG000204,DUD100140,2021-07-31,1,1,1,1,1,1,1,Yes,False,,
CFB0000520,CLI0216,ASG000204,DUD100140,2021-11-12,3,3,3,3,2,3,3,Maybe,False,,
CFB0000521,CLI0079,ASG000205,DUD100140,2023-02-08,2,2,2,2,1,1,2,Yes,False,,
CFB0000522,CLI0079,ASG000205,DUD100140,2023-02-15,5,5,5,5,5,5,5,No,False,,
CFB0000523,CLI0079,ASG000205,DUD100140,2022-02-18,4,3,4,4,3,5,4,Maybe,False,,
CFB0000524,CLI0079,ASG000205,DUD100140,2022-04-29,4,3,4,4,4,4,3,Maybe,False,,
CFB0000525,CLI0157,ASG000206,DUD100141,2024-11-21,4,4,4,4,3,5,3,Yes,False,,
CFB0000526,CLI0157,ASG000206,DUD100141,2025-03-08,4,4,4,4,4,5,5,Yes,False,,
CFB0000527,CLI0171,ASG000207,DUD100142,2026-08-10,3,3,2,4,2,4,4,Maybe,False,,
CFB0000528,CLI0171,ASG000207,DUD100142,2026-05-26,4,3,4,4,4,4,5,Yes,False,,
CFB0000529,CLI0171,ASG000207,DUD100142,2026-04-08,5,5,4,5,5,4,5,Yes,False,,
CFB0000530,CLI0171,ASG000207,DUD100142,2026-05-04,3,3,3,3,2,3,2,Yes,False,,
CFB0000531,CLI0039,ASG000208,DUD100143,2022-04-26,1,1,1,1,1,1,1,No,False,,
CFB0000532,CLI0039,ASG000208,DUD100143,2023-05-26,3,4,3,4,3,3,3,Maybe,False,,
CFB0000533,CLI0025,ASG000209,DUD100144,2024-10-04,4,4,4,4,5,3,4,Maybe,False,,
CFB0000534,CLI0025,ASG000209,DUD100144,2024-05-26,2,3,3,2,2,3,2,Maybe,False,,
CFB0000535,CLI0011,ASG000210,DUD100144,2025-06-25,2,2,3,2,2,1,2,Maybe,False,,
CFB0000536,CLI0077,ASG000211,DUD100144,2026-01-27,2,1,1,1,3,2,2,Yes,False,,
CFB0000537,CLI0144,ASG000212,DUD100145,2022-12-11,3,2,4,3,3,3,3,Yes,False,,
CFB0000538,CLI0144,ASG000212,DUD100145,2022-12-20,2,2,3,2,2,1,1,Maybe,False,,
CFB0000539,CLI0144,ASG000212,DUD100145,2022-09-12,4,4,4,4,3,4,4,Yes,False,,
CFB0000540,CLI0144,ASG000212,DUD100145,2022-09-12,4,4,5,4,4,4,3,Yes,True,Professionalism,
CFB0000541,CLI0033,ASG000213,DUD100145,2025-07-29,4,4,4,5,3,3,4,Yes,False,,
CFB0000542,CLI0033,ASG000213,DUD100145,2025-05-06,5,5,4,5,5,4,5,Maybe,False,,
CFB0000543,CLI0033,ASG000213,DUD100145,2025-10-16,3,2,3,4,2,3,3,Maybe,False,,
CFB0000544,CLI0257,ASG000214,DUD100146,2026-08-16,4,4,5,5,5,5,3,Yes,False,,
CFB0000545,CLI0257,ASG000214,DUD100146,2022-03-09,4,4,5,4,5,4,5,Yes,False,,
CFB0000546,CLI0001,ASG000215,DUD100147,2025-01-02,5,5,5,4,5,5,5,No,False,,
CFB0000547,CLI0268,ASG000216,DUD100148,2021-12-07,3,4,2,3,2,3,3,Maybe,False,,
CFB0000548,CLI0268,ASG000216,DUD100148,2022-08-20,2,1,2,3,1,2,3,Yes,False,,
CFB0000549,CLI0268,ASG000216,DUD100148,2022-01-18,4,4,4,3,3,5,3,Maybe,False,,
CFB0000550,CLI0023,ASG000217,DUD100148,2023-04-26,5,5,5,5,5,5,5,Yes,False,,
CFB0000551,CLI0174,ASG000218,DUD100149,2021-12-09,4,4,3,5,4,4,4,Yes,False,,
CFB0000552,CLI0174,ASG000218,DUD100149,2022-03-21,1,1,1,1,1,1,2,Maybe,False,,
CFB0000553,CLI0097,ASG000219,DUD100149,2022-12-25,5,4,5,5,4,5,4,Maybe,False,,
CFB0000554,CLI0097,ASG000219,DUD100149,2022-10-31,4,4,3,5,4,4,4,Maybe,False,,
CFB0000555,CLI0097,ASG000219,DUD100149,2023-03-28,5,5,5,4,5,5,5,Yes,False,,
CFB0000556,CLI0097,ASG000219,DUD100149,2023-03-16,4,3,5,4,5,3,4,Maybe,False,,
CFB0000557,CLI0208,ASG000220,DUD100150,2023-07-23,5,5,5,4,4,5,5,Yes,False,,
CFB0000558,CLI0208,ASG000220,DUD100150,2023-11-07,4,4,5,5,4,4,4,Yes,False,,
CFB0000559,CLI0208,ASG000220,DUD100150,2024-02-21,4,4,3,4,4,3,3,No,False,,
CFB0000560,CLI0208,ASG000220,DUD100150,2024-07-23,2,2,2,3,1,1,3,Maybe,False,,
CFB0000561,CLI0015,ASG000221,DUD100150,2025-10-30,4,5,4,4,4,3,5,Yes,False,,
CFB0000562,CLI0075,ASG000222,DUD100150,2026-03-16,4,4,3,4,4,4,4,Maybe,False,,
CFB0000563,CLI0075,ASG000222,DUD100150,2026-06-21,3,4,4,2,4,3,3,No,False,,
CFB0000564,CLI0075,ASG000222,DUD100150,2026-04-29,3,2,3,3,4,2,3,Maybe,False,,
CFB0000565,CLI0075,ASG000222,DUD100150,2026-06-30,5,4,5,4,4,5,4,Yes,False,,
CFB0000566,CLI0152,ASG000223,DUD100151,2023-09-23,3,3,3,3,2,3,3,Yes,False,,
CFB0000567,CLI0152,ASG000223,DUD100151,2023-07-15,4,4,3,4,3,3,3,No,False,,
CFB0000568,CLI0231,ASG000224,DUD100152,2025-04-24,5,5,5,5,5,5,5,Yes,False,,
CFB0000569,CLI0231,ASG000224,DUD100152,2026-08-10,5,5,5,4,5,4,5,Yes,True,Professionalism,
CFB0000570,CLI0231,ASG000224,DUD100152,2025-03-11,4,4,5,5,4,3,4,Maybe,False,,
CFB0000571,CLI0201,ASG000225,DUD100153,2025-03-06,4,3,4,4,4,3,5,Yes,False,,
CFB0000572,CLI0201,ASG000225,DUD100153,2024-11-18,5,4,5,5,4,5,5,Yes,False,,
CFB0000573,CLI0201,ASG000225,DUD100153,2024-07-13,3,3,2,2,3,3,3,No,False,,
CFB0000574,CLI0297,ASG000226,DUD100153,2026-01-13,4,4,4,4,4,4,5,Yes,False,,
CFB0000575,CLI0124,ASG000227,DUD100153,2026-08-11,4,3,4,4,5,4,5,Yes,False,,
CFB0000576,CLI0124,ASG000227,DUD100153,2026-08-08,4,4,4,4,5,4,4,Yes,False,,
CFB0000577,CLI0124,ASG000227,DUD100153,2026-08-16,5,5,5,5,5,4,5,No,False,,
CFB0000578,CLI0124,ASG000227,DUD100153,2026-08-17,3,3,3,2,2,4,3,Maybe,False,,
CFB0000579,CLI0092,ASG000228,DUD100154,2021-07-12,5,5,5,5,5,5,5,Yes,False,,
CFB0000580,CLI0092,ASG000228,DUD100154,2021-05-29,4,3,4,4,5,4,4,Yes,False,,
CFB0000581,CLI0092,ASG000228,DUD100154,2021-03-15,3,3,4,2,3,3,3,No,False,,
CFB0000582,CLI0191,ASG000229,DUD100154,2023-05-23,5,5,4,5,4,5,4,Maybe,False,,
CFB0000583,CLI0191,ASG000229,DUD100154,2026-06-13,3,4,3,2,3,3,3,Yes,False,,
CFB0000584,CLI0191,ASG000229,DUD100154,2026-07-14,4,5,5,3,4,4,5,No,False,,
CFB0000585,CLI0157,ASG000230,DUD100155,2025-05-22,4,3,4,4,4,4,4,Yes,False,,
CFB0000586,CLI0157,ASG000230,DUD100155,2025-07-13,3,4,3,4,3,3,3,No,True,Punctuality,
CFB0000587,CLI0157,ASG000230,DUD100155,2025-04-08,5,5,5,5,5,5,5,Yes,False,,
CFB0000588,CLI0157,ASG000230,DUD100155,2025-02-25,3,3,2,2,3,3,4,Yes,False,,
CFB0000589,CLI0057,ASG000231,DUD100156,2022-12-01,5,4,5,5,5,5,5,Yes,False,,
CFB0000590,CLI0057,ASG000231,DUD100156,2022-11-01,5,4,4,5,5,5,5,Yes,False,,
CFB0000591,CLI0057,ASG000231,DUD100156,2022-11-09,3,2,3,3,3,3,4,Maybe,False,,
CFB0000592,CLI0057,ASG000231,DUD100156,2022-10-28,4,4,4,5,3,4,3,Maybe,False,,
CFB0000593,CLI0153,ASG000232,DUD100156,2023-05-10,4,5,4,3,4,3,4,Yes,False,,
CFB0000594,CLI0153,ASG000232,DUD100156,2023-04-27,4,4,3,3,3,5,5,Yes,False,,
CFB0000595,CLI0153,ASG000232,DUD100156,2023-06-11,5,5,4,5,5,5,4,Yes,False,,
CFB0000596,CLI0153,ASG000232,DUD100156,2023-07-31,5,5,5,5,4,5,4,Yes,False,,
CFB0000597,CLI0214,ASG000233,DUD100156,2024-03-25,5,4,5,4,4,4,4,Yes,False,,
CFB0000598,CLI0075,ASG000234,DUD100157,2021-10-25,4,5,5,5,4,4,5,Yes,False,,
CFB0000599,CLI0075,ASG000234,DUD100157,2021-11-09,4,4,4,4,3,4,4,Yes,False,,
CFB0000600,CLI0075,ASG000234,DUD100157,2022-03-22,4,4,5,4,4,3,4,Yes,False,,
CFB0000601,CLI0075,ASG000234,DUD100157,2021-10-14,4,5,5,4,5,4,4,Maybe,False,,
CFB0000602,CLI0253,ASG000235,DUD100158,2024-01-23,4,4,5,3,4,4,3,Yes,False,,
CFB0000603,CLI0110,ASG000236,DUD100158,2024-10-30,2,2,2,2,3,2,2,Yes,True,Communication,
CFB0000604,CLI0110,ASG000236,DUD100158,2025-03-21,4,4,4,4,4,4,3,Yes,False,,
CFB0000605,CLI0110,ASG000236,DUD100158,2025-01-23,3,2,2,4,4,3,3,Maybe,False,,
CFB0000606,CLI0004,ASG000237,DUD100158,2026-05-03,3,3,3,2,3,3,2,Maybe,False,,
CFB0000607,CLI0004,ASG000237,DUD100158,2026-01-15,2,2,2,3,2,1,2,Maybe,False,,
CFB0000608,CLI0033,ASG000238,DUD100159,2021-09-30,3,2,4,3,3,3,3,Yes,False,,
CFB0000609,CLI0047,ASG000239,DUD100159,2024-01-20,5,5,5,5,5,5,5,Yes,False,,
CFB0000610,CLI0047,ASG000239,DUD100159,2022-09-17,4,4,4,3,5,5,5,Yes,False,,
CFB0000611,CLI0047,ASG000239,DUD100159,2022-02-07,4,5,4,3,4,3,4,Yes,False,,
CFB0000612,CLI0047,ASG000239,DUD100159,2022-09-25,4,4,5,3,4,5,5,Yes,False,,
CFB0000613,CLI0048,ASG000240,DUD100160,2021-11-22,4,3,3,4,4,5,5,Yes,False,,
CFB0000614,CLI0048,ASG000240,DUD100160,2021-11-07,5,5,5,5,4,5,4,Maybe,False,,
CFB0000615,CLI0048,ASG000240,DUD100160,2021-10-23,4,4,4,5,5,4,3,Yes,False,,
CFB0000616,CLI0261,ASG000241,DUD100160,2024-10-18,5,4,5,4,5,5,5,Yes,False,,
CFB0000617,CLI0261,ASG000241,DUD100160,2026-03-14,5,5,5,5,5,5,5,Yes,False,,
CFB0000618,CLI0261,ASG000241,DUD100160,2026-01-01,4,4,3,4,5,5,3,Yes,False,,
CFB0000619,CLI0261,ASG000241,DUD100160,2026-02-21,5,5,5,5,5,5,5,Yes,False,,
CFB0000620,CLI0112,ASG000242,DUD100161,2021-07-31,5,4,4,4,5,5,5,Yes,False,,
CFB0000621,CLI0112,ASG000242,DUD100161,2021-07-10,5,5,5,5,5,5,5,Yes,False,,
CFB0000622,CLI0112,ASG000242,DUD100161,2021-10-20,4,4,4,3,3,3,5,Yes,True,Lesson Quality,
CFB0000623,CLI0112,ASG000242,DUD100161,2021-07-28,3,3,2,4,4,2,2,No,True,Classroom Management,
CFB0000624,CLI0135,ASG000243,DUD100161,2022-03-29,3,3,3,3,3,3,3,Yes,False,,
CFB0000625,CLI0135,ASG000243,DUD100161,2022-06-09,4,5,4,4,4,3,3,Maybe,False,,
CFB0000626,CLI0135,ASG000243,DUD100161,2022-04-24,4,4,4,4,4,4,3,Yes,False,,
CFB0000627,CLI0126,ASG000244,DUD100162,2023-12-23,5,5,5,5,5,4,5,Yes,False,,
CFB0000628,CLI0126,ASG000244,DUD100162,2024-02-01,5,5,4,5,4,5,4,Maybe,False,,
CFB0000629,CLI0199,ASG000245,DUD100163,2024-06-08,3,3,3,3,2,4,4,No,False,,
CFB0000630,CLI0069,ASG000246,DUD100164,2025-03-04,4,4,4,4,4,5,4,Yes,False,,
CFB0000631,CLI0023,ASG000247,DUD100164,2025-12-16,4,3,4,4,3,4,5,Yes,False,,
CFB0000632,CLI0023,ASG000247,DUD100164,2026-02-23,4,3,3,3,4,5,4,Yes,False,,
CFB0000633,CLI0023,ASG000247,DUD100164,2026-05-15,4,4,4,5,5,4,3,Yes,False,,
CFB0000634,CLI0023,ASG000247,DUD100164,2026-09-02,3,4,3,2,4,2,3,Yes,False,,
CFB0000635,CLI0043,ASG000248,DUD100164,2026-11-18,4,3,4,5,4,3,5,Yes,False,,
CFB0000636,CLI0043,ASG000248,DUD100164,2026-11-18,4,4,4,5,3,3,3,Yes,False,,
CFB0000637,CLI0043,ASG000248,DUD100164,2026-11-18,3,2,2,2,3,3,2,Yes,False,,
CFB0000638,CLI0043,ASG000248,DUD100164,2026-11-18,4,3,5,4,3,4,4,Yes,False,,
CFB0000639,CLI0014,ASG000249,DUD100165,2023-07-30,3,3,4,3,2,3,3,Maybe,False,,
CFB0000640,CLI0014,ASG000249,DUD100165,2023-02-28,4,3,4,4,4,3,4,Yes,False,,
CFB0000641,CLI0014,ASG000249,DUD100165,2023-03-07,3,2,2,4,3,3,3,No,False,,
CFB0000642,CLI0014,ASG000249,DUD100165,2023-06-13,4,3,5,4,4,4,4,Yes,False,,
CFB0000643,CLI0286,ASG000250,DUD100166,2026-03-04,4,4,4,3,5,4,4,Yes,False,,
CFB0000644,CLI0286,ASG000250,DUD100166,2025-12-11,5,4,5,5,4,5,5,Yes,False,,
CFB0000645,CLI0286,ASG000250,DUD100166,2026-01-17,2,1,3,3,3,2,2,Maybe,False,,
CFB0000646,CLI0267,ASG000251,DUD100166,2026-07-18,3,4,2,2,3,4,2,Maybe,True,Professionalism,
CFB0000647,CLI0054,ASG000252,DUD100167,2025-05-30,5,5,5,5,5,5,5,Yes,False,,
CFB0000648,CLI0054,ASG000252,DUD100167,2024-11-10,4,4,5,4,3,4,5,Yes,False,,
CFB0000649,CLI0185,ASG000253,DUD100168,2022-12-17,4,4,4,3,4,5,3,Yes,False,,
CFB0000650,CLI0185,ASG000253,DUD100168,2022-07-31,4,5,4,3,3,4,4,Yes,False,,
CFB0000651,CLI0185,ASG000253,DUD100168,2022-08-23,1,1,2,1,1,1,1,Yes,False,,
CFB0000652,CLI0044,ASG000254,DUD100168,2025-03-05,5,5,5,5,5,5,5,Maybe,False,,
CFB0000653,CLI0044,ASG000254,DUD100168,2023-04-18,4,5,5,4,4,5,5,Yes,False,,
CFB0000654,CLI0044,ASG000254,DUD100168,2025-12-14,5,5,5,5,5,5,5,Yes,False,,
CFB0000655,CLI0271,ASG000255,DUD100169,2025-05-18,4,4,4,4,4,4,5,Yes,False,,
CFB0000656,CLI0061,ASG000256,DUD100170,2024-05-27,5,5,5,5,5,5,4,No,False,,
CFB0000657,CLI0061,ASG000256,DUD100170,2025-05-10,4,4,4,3,4,4,4,Maybe,False,,
CFB0000658,CLI0061,ASG000256,DUD100170,2025-06-16,5,4,5,5,4,4,5,Yes,False,,
CFB0000659,CLI0031,ASG000257,DUD100171,2025-02-15,4,4,4,5,4,5,5,Maybe,False,,
CFB0000660,CLI0031,ASG000257,DUD100171,2024-06-17,5,5,5,5,5,5,4,Yes,False,,
CFB0000661,CLI0072,ASG000258,DUD100172,2025-10-20,4,4,4,4,5,4,4,Yes,False,,
CFB0000662,CLI0072,ASG000258,DUD100172,2026-07-14,2,2,2,1,2,2,2,Yes,False,,
CFB0000663,CLI0072,ASG000258,DUD100172,2026-08-15,4,4,4,4,5,5,3,Maybe,False,,
CFB0000664,CLI0072,ASG000258,DUD100172,2025-09-25,4,4,4,4,5,5,4,No,False,,
CFB0000665,CLI0013,ASG000259,DUD100173,2025-09-18,4,5,5,4,4,4,3,Yes,False,,
CFB0000666,CLI0013,ASG000259,DUD100173,2025-12-25,3,3,4,3,2,3,4,No,False,,
CFB0000667,CLI0013,ASG000259,DUD100173,2024-10-13,2,1,2,1,3,1,2,Maybe,False,,
CFB0000668,CLI0241,ASG000260,DUD100174,2022-06-26,3,3,3,4,3,3,3,Maybe,False,,
CFB0000669,CLI0241,ASG000260,DUD100174,2024-04-03,4,4,3,4,4,5,5,Yes,False,,
CFB0000670,CLI0241,ASG000260,DUD100174,2026-02-13,4,5,4,5,3,5,3,Maybe,True,Punctuality,
CFB0000671,CLI0241,ASG000260,DUD100174,2024-05-25,3,3,4,2,3,2,3,Maybe,False,,
CFB0000672,CLI0065,ASG000261,DUD100175,2025-11-16,4,5,4,4,4,4,4,Yes,False,,
CFB0000673,CLI0065,ASG000261,DUD100175,2025-09-14,3,4,3,3,3,4,4,Yes,True,Communication,
CFB0000674,CLI0065,ASG000261,DUD100175,2026-06-14,4,4,4,5,5,4,4,Yes,False,,
CFB0000675,CLI0065,ASG000261,DUD100175,2026-01-23,4,3,5,4,3,3,3,Yes,False,,
CFB0000676,CLI0148,ASG000262,DUD100176,2023-08-17,3,3,3,3,3,2,4,Yes,False,,
CFB0000677,CLI0148,ASG000262,DUD100176,2024-01-09,2,2,3,2,2,2,1,Yes,False,,
CFB0000678,CLI0148,ASG000262,DUD100176,2024-02-12,3,4,3,3,2,3,3,No,False,,
CFB0000679,CLI0110,ASG000263,DUD100176,2025-03-30,5,5,4,5,4,4,5,Yes,False,,
CFB0000680,CLI0110,ASG000263,DUD100176,2024-06-19,3,2,3,3,2,4,3,No,False,,
CFB0000681,CLI0110,ASG000263,DUD100176,2024-12-10,3,3,3,3,2,4,2,Maybe,True,Professionalism,
CFB0000682,CLI0110,ASG000263,DUD100176,2025-03-03,3,2,3,4,3,3,4,Yes,True,Lesson Quality,
CFB0000683,CLI0056,ASG000264,DUD100176,2026-07-26,3,2,3,3,4,2,2,Yes,True,Attendance,
CFB0000684,CLI0111,ASG000265,DUD100177,2022-05-22,2,2,3,1,2,2,1,Maybe,False,,
CFB0000685,CLI0151,ASG000266,DUD100177,2024-09-02,2,2,1,2,2,3,1,Yes,False,,
CFB0000686,CLI0151,ASG000266,DUD100177,2025-03-21,4,4,4,4,5,3,4,Maybe,False,,
CFB0000687,CLI0151,ASG000266,DUD100177,2024-12-19,4,3,3,4,4,5,4,Yes,False,,
CFB0000688,CLI0270,ASG000267,DUD100178,2024-07-25,4,5,3,3,4,5,4,Yes,False,,
CFB0000689,CLI0270,ASG000267,DUD100178,2024-07-04,5,5,5,4,5,4,5,Maybe,False,,
CFB0000690,CLI0270,ASG000267,DUD100178,2024-05-27,2,2,2,2,2,3,2,Maybe,True,Classroom Management,
CFB0000691,CLI0270,ASG000267,DUD100178,2024-08-29,4,4,4,4,4,4,4,Yes,False,,
CFB0000692,CLI0160,ASG000268,DUD100179,2025-03-10,5,5,5,5,5,5,4,Yes,False,,
CFB0000693,CLI0160,ASG000268,DUD100179,2025-10-05,5,5,5,5,4,5,4,Yes,False,,
CFB0000694,CLI0124,ASG000269,DUD100179,2026-01-22,5,5,4,5,5,5,5,Maybe,False,,
CFB0000695,CLI0168,ASG000270,DUD100180,2023-03-06,4,4,5,4,3,4,4,Yes,False,,
CFB0000696,CLI0168,ASG000270,DUD100180,2026-07-07,2,3,2,2,3,2,2,Maybe,False,,
CFB0000697,CLI0168,ASG000270,DUD100180,2025-07-14,5,4,4,4,5,4,5,No,False,,
CFB0000698,CLI0168,ASG000270,DUD100180,2023-02-12,4,4,5,5,4,3,4,Yes,False,,
CFB0000699,CLI0261,ASG000271,DUD100181,2027-04-27,4,3,4,4,5,5,5,Yes,False,,
CFB0000700,CLI0287,ASG000272,DUD100181,2027-05-19,4,4,3,4,4,3,4,Yes,False,,
CFB0000701,CLI0193,ASG000273,DUD100182,2023-12-18,4,3,4,3,4,5,4,Yes,True,Communication,
CFB0000702,CLI0192,ASG000274,DUD100183,2026-07-29,2,2,2,3,2,2,2,No,False,,
CFB0000703,CLI0192,ASG000274,DUD100183,2026-03-18,4,3,4,5,4,5,4,Yes,False,,
CFB0000704,CLI0003,ASG000275,DUD100184,2026-07-10,5,5,5,4,5,5,5,Yes,False,,
CFB0000705,CLI0250,ASG000276,DUD100184,2027-03-04,1,1,2,1,2,1,1,Maybe,True,Professionalism,
CFB0000706,CLI0250,ASG000276,DUD100184,2027-03-04,4,4,3,4,3,5,4,Yes,False,,
CFB0000707,CLI0064,ASG000277,DUD100185,2025-01-08,5,5,4,5,5,4,5,No,False,,
CFB0000708,CLI0064,ASG000277,DUD100185,2024-08-24,2,3,3,2,2,2,1,Maybe,False,,
CFB0000709,CLI0064,ASG000277,DUD100185,2023-03-19,4,4,4,5,4,4,4,Yes,False,,
CFB0000710,CLI0045,ASG000278,DUD100186,2024-11-08,4,4,5,4,4,5,4,Yes,False,,
CFB0000711,CLI0045,ASG000278,DUD100186,2025-08-20,4,5,4,4,3,3,4,Yes,False,,
CFB0000712,CLI0045,ASG000278,DUD100186,2025-04-14,5,4,5,5,5,5,5,Yes,True,Lesson Quality,
CFB0000713,CLI0045,ASG000278,DUD100186,2024-10-23,5,5,5,5,5,5,5,Yes,False,,
CFB0000714,CLI0262,ASG000279,DUD100186,2025-12-11,4,3,4,5,5,4,4,Yes,False,,
CFB0000715,CLI0262,ASG000279,DUD100186,2025-10-02,5,4,4,5,5,5,5,Yes,False,,
CFB0000716,CLI0262,ASG000279,DUD100186,2026-01-04,5,5,5,5,4,4,4,Maybe,False,,
CFB0000717,CLI0262,ASG000279,DUD100186,2025-10-13,5,5,5,4,5,5,5,Yes,False,,
CFB0000718,CLI0088,ASG000280,DUD100186,2026-07-20,5,5,5,5,5,5,5,Yes,False,,
CFB0000719,CLI0088,ASG000280,DUD100186,2026-04-22,5,4,5,5,4,5,4,Yes,False,,
CFB0000720,CLI0088,ASG000280,DUD100186,2026-07-17,2,3,2,1,2,2,1,No,False,,
CFB0000721,CLI0082,ASG000281,DUD100187,2025-02-28,5,5,5,4,4,4,4,Maybe,False,,
CFB0000722,CLI0278,ASG000282,DUD100187,2026-05-21,3,3,4,3,4,3,4,No,False,,
CFB0000723,CLI0278,ASG000282,DUD100187,2026-04-15,1,2,2,1,2,1,2,Yes,False,,
CFB0000724,CLI0028,ASG000283,DUD100188,2022-10-26,5,4,4,4,5,5,5,Yes,False,,
CFB0000725,CLI0028,ASG000283,DUD100188,2022-08-30,4,5,4,3,4,5,4,Yes,False,,
CFB0000726,CLI0028,ASG000283,DUD100188,2023-04-17,3,3,3,4,3,3,2,Yes,False,,
CFB0000727,CLI0028,ASG000283,DUD100188,2022-09-11,3,4,3,2,3,2,3,Yes,False,,
CFB0000728,CLI0154,ASG000284,DUD100188,2025-10-22,4,5,4,3,5,4,3,Yes,False,,
CFB0000729,CLI0154,ASG000284,DUD100188,2025-11-05,5,5,5,5,5,5,5,Maybe,False,,
CFB0000730,CLI0291,ASG000285,DUD100189,2025-10-17,4,3,5,5,4,5,4,Maybe,False,,
CFB0000731,CLI0291,ASG000285,DUD100189,2026-01-13,2,2,2,2,1,2,1,Yes,False,,
CFB0000732,CLI0291,ASG000285,DUD100189,2025-01-08,4,4,5,5,4,3,5,No,False,,
CFB0000733,CLI0291,ASG000285,DUD100189,2025-09-07,3,2,2,2,3,4,3,No,False,,
CFB0000734,CLI0124,ASG000286,DUD100189,2026-06-15,4,3,4,3,3,5,3,Maybe,False,,
CFB0000735,CLI0124,ASG000286,DUD100189,2026-08-08,4,4,3,3,5,3,3,Maybe,False,,
CFB0000736,CLI0124,ASG000286,DUD100189,2027-07-14,3,3,3,4,3,3,4,Yes,True,Lesson Quality,
CFB0000737,CLI0124,ASG000286,DUD100189,2026-07-06,3,3,3,4,3,2,3,Yes,False,,
CFB0000738,CLI0290,ASG000287,DUD100190,2025-10-24,5,5,5,4,5,5,5,Yes,False,,
CFB0000739,CLI0197,ASG000288,DUD100191,2025-11-08,4,3,5,3,4,4,5,Maybe,False,,
CFB0000740,CLI0126,ASG000289,DUD100192,2026-06-16,3,3,4,3,4,2,3,Yes,False,,
CFB0000741,CLI0126,ASG000289,DUD100192,2025-11-26,3,3,3,3,3,2,3,No,False,,
CFB0000742,CLI0126,ASG000289,DUD100192,2025-10-31,4,4,3,4,5,4,3,No,False,,
CFB0000743,CLI0126,ASG000289,DUD100192,2026-07-30,4,3,3,4,5,5,3,Maybe,False,,
CFB0000744,CLI0192,ASG000290,DUD100193,2025-07-24,4,4,3,3,4,4,4,Yes,False,,
CFB0000745,CLI0077,ASG000291,DUD100194,2025-01-26,3,3,3,3,2,3,4,No,False,,
CFB0000746,CLI0147,ASG000292,DUD100195,2025-04-18,5,5,5,5,5,5,5,Yes,False,,
CFB0000747,CLI0147,ASG000292,DUD100195,2025-07-14,3,2,2,3,4,3,3,No,False,,
CFB0000748,CLI0147,ASG000292,DUD100195,2025-04-23,3,3,2,2,2,3,4,Yes,False,,
CFB0000749,CLI0104,ASG000293,DUD100196,2022-10-08,5,5,5,5,5,5,5,Maybe,False,,
CFB0000750,CLI0014,ASG000294,DUD100196,2024-01-28,4,4,4,3,3,4,5,Maybe,False,,
CFB0000751,CLI0014,ASG000294,DUD100196,2023-10-05,4,3,5,4,5,3,3,Yes,False,,
CFB0000752,CLI0014,ASG000294,DUD100196,2023-08-05,5,5,5,5,4,4,5,Yes,False,,
CFB0000753,CLI0186,ASG000295,DUD100196,2026-02-04,4,3,5,4,4,5,3,Yes,False,,
CFB0000754,CLI0241,ASG000296,DUD100197,2023-10-13,4,4,4,4,3,5,3,Yes,False,,
CFB0000755,CLI0050,ASG000297,DUD100197,2024-06-28,3,4,3,4,3,3,3,Maybe,False,,
CFB0000756,CLI0244,ASG000298,DUD100198,2023-12-03,4,3,5,3,3,4,4,Maybe,False,,
CFB0000757,CLI0244,ASG000298,DUD100198,2024-03-07,3,3,2,2,3,2,2,Maybe,False,,
CFB0000758,CLI0056,ASG000299,DUD100198,2024-11-10,5,5,5,5,5,4,5,No,False,,
CFB0000759,CLI0056,ASG000299,DUD100198,2024-11-08,4,4,4,4,4,4,5,Yes,False,,
CFB0000760,CLI0056,ASG000299,DUD100198,2024-10-09,5,5,5,5,4,5,5,Yes,False,,
CFB0000761,CLI0056,ASG000299,DUD100198,2024-12-06,4,5,3,4,3,4,5,Maybe,False,,
CFB0000762,CLI0104,ASG000300,DUD100198,2025-05-27,2,1,2,3,3,3,2,Maybe,False,,
CFB0000763,CLI0104,ASG000300,DUD100198,2026-06-16,2,2,2,3,3,2,3,Maybe,True,Communication,
CFB0000764,CLI0104,ASG000300,DUD100198,2025-09-01,5,5,5,5,4,5,4,Maybe,False,,
CFB0000765,CLI0104,ASG000300,DUD100198,2025-09-21,2,3,1,2,3,2,1,Maybe,True,Lesson Quality,
CFB0000766,CLI0080,ASG000301,DUD100199,2025-01-03,5,4,5,5,5,4,4,Yes,False,,
CFB0000767,CLI0080,ASG000301,DUD100199,2026-01-10,2,3,2,3,2,3,3,Maybe,False,,
CFB0000768,CLI0261,ASG000302,DUD100200,2024-04-06,5,5,5,4,5,5,4,Yes,False,,
CFB0000769,CLI0261,ASG000302,DUD100200,2024-06-29,5,5,5,5,5,5,5,Yes,False,,
CFB0000770,CLI0261,ASG000302,DUD100200,2025-07-16,4,4,3,4,4,4,3,Yes,False,,
CFB0000771,CLI0169,ASG000303,DUD100201,2023-12-07,4,4,4,5,4,3,4,Yes,False,,
CFB0000772,CLI0169,ASG000303,DUD100201,2024-07-20,3,3,3,4,3,2,3,Yes,True,Attendance,
CFB0000773,CLI0169,ASG000303,DUD100201,2024-04-19,4,4,4,5,3,5,5,Yes,False,,
CFB0000774,CLI0169,ASG000303,DUD100201,2024-02-15,4,5,3,3,4,4,3,Yes,False,,
CFB0000775,CLI0114,ASG000304,DUD100202,2024-11-28,4,4,4,4,3,3,4,Yes,False,,
CFB0000776,CLI0114,ASG000304,DUD100202,2026-05-22,4,3,4,4,5,4,5,Yes,False,,
CFB0000777,CLI0114,ASG000304,DUD100202,2024-06-06,3,3,2,4,3,2,3,Yes,True,Communication,
CFB0000778,CLI0015,ASG000305,DUD100203,2025-01-31,1,1,2,1,2,1,1,No,False,,
CFB0000779,CLI0015,ASG000305,DUD100203,2026-07-20,3,3,3,4,3,4,4,Maybe,False,,
CFB0000780,CLI0104,ASG000306,DUD100204,2026-07-11,3,3,2,3,4,3,3,Maybe,False,,
CFB0000781,CLI0104,ASG000306,DUD100204,2026-02-21,5,5,4,5,5,5,5,No,False,,
CFB0000782,CLI0104,ASG000306,DUD100204,2025-11-01,3,4,3,3,4,4,3,Yes,False,,
CFB0000783,CLI0104,ASG000306,DUD100204,2025-11-22,4,4,5,4,3,4,3,Yes,False,,
CFB0000784,CLI0028,ASG000307,DUD100205,2023-06-17,5,5,5,5,5,5,4,Yes,False,,
CFB0000785,CLI0028,ASG000307,DUD100205,2023-12-31,4,4,3,5,4,5,4,Yes,False,,
CFB0000786,CLI0028,ASG000307,DUD100205,2024-08-04,5,4,4,4,5,5,4,No,False,,
CFB0000787,CLI0298,ASG000308,DUD100206,2023-01-07,3,3,3,3,3,4,2,Maybe,True,Professionalism,
CFB0000788,CLI0298,ASG000308,DUD100206,2023-03-27,4,5,3,5,4,5,3,Maybe,False,,
CFB0000789,CLI0298,ASG000308,DUD100206,2023-04-28,3,3,2,3,3,2,3,Yes,True,Classroom Management,
CFB0000790,CLI0209,ASG000309,DUD100206,2024-03-01,2,2,1,2,1,2,3,Yes,False,,
CFB0000791,CLI0209,ASG000309,DUD100206,2025-02-28,5,4,5,5,4,5,5,Maybe,False,,
CFB0000792,CLI0209,ASG000309,DUD100206,2023-08-19,4,4,5,4,4,5,4,Yes,False,,
CFB0000793,CLI0033,ASG000310,DUD100207,2022-06-02,4,3,4,5,5,3,4,Yes,False,,
CFB0000794,CLI0033,ASG000310,DUD100207,2022-10-13,3,3,2,2,3,2,3,Maybe,False,,
CFB0000795,CLI0033,ASG000310,DUD100207,2022-12-08,4,4,4,4,5,4,4,Maybe,False,,
CFB0000796,CLI0033,ASG000310,DUD100207,2022-12-15,5,5,5,4,5,5,5,Yes,False,,
CFB0000797,CLI0203,ASG000311,DUD100207,2024-04-05,4,4,5,4,5,3,4,Yes,False,,
CFB0000798,CLI0203,ASG000311,DUD100207,2023-12-28,4,5,4,5,5,3,4,Maybe,True,Attendance,
CFB0000799,CLI0140,ASG000312,DUD100208,2023-05-22,3,3,3,4,3,3,2,Maybe,False,,
CFB0000800,CLI0140,ASG000312,DUD100208,2023-02-16,1,1,1,1,1,1,2,Maybe,False,,
CFB0000801,CLI0140,ASG000312,DUD100208,2023-01-30,2,2,1,3,2,2,3,Maybe,False,,
CFB0000802,CLI0061,ASG000313,DUD100208,2024-05-08,4,3,3,3,4,3,3,Yes,False,,
CFB0000803,CLI0030,ASG000314,DUD100209,2026-05-11,2,2,1,3,2,2,3,No,False,,
CFB0000804,CLI0030,ASG000314,DUD100209,2026-02-10,4,4,4,4,5,5,3,Yes,False,,
CFB0000805,CLI0030,ASG000314,DUD100209,2026-02-24,4,4,4,5,5,5,3,Yes,False,,
CFB0000806,CLI0066,ASG000315,DUD100210,2023-08-10,2,2,3,2,3,3,1,No,True,Classroom Management,
CFB0000807,CLI0066,ASG000315,DUD100210,2023-06-02,5,5,4,5,5,5,5,Maybe,False,,
CFB0000808,CLI0066,ASG000315,DUD100210,2023-08-14,4,4,3,4,4,3,3,Yes,False,,
CFB0000809,CLI0066,ASG000315,DUD100210,2022-12-14,4,3,3,4,3,5,3,Yes,False,,
CFB0000810,CLI0276,ASG000316,DUD100211,2021-04-24,4,4,3,4,3,4,3,No,False,,
CFB0000811,CLI0276,ASG000316,DUD100211,2026-07-05,3,4,2,3,3,3,3,No,False,,
CFB0000812,CLI0276,ASG000316,DUD100211,2025-08-06,5,5,5,5,5,5,5,Maybe,False,,
CFB0000813,CLI0232,ASG000317,DUD100212,2025-09-04,4,5,3,3,3,4,4,Yes,False,,
CFB0000814,CLI0232,ASG000317,DUD100212,2025-11-20,4,4,4,4,5,3,3,Yes,False,,
CFB0000815,CLI0232,ASG000317,DUD100212,2025-10-25,2,2,1,2,2,2,1,Maybe,False,,
CFB0000816,CLI0232,ASG000317,DUD100212,2025-07-30,4,4,5,4,3,3,4,Maybe,False,,
CFB0000817,CLI0236,ASG000318,DUD100212,2026-04-16,2,2,1,1,2,2,2,Maybe,True,Classroom Management,
CFB0000818,CLI0236,ASG000318,DUD100212,2026-01-31,4,3,5,4,4,4,5,Yes,True,Classroom Management,
CFB0000819,CLI0236,ASG000318,DUD100212,2026-01-30,4,3,3,4,3,5,4,Maybe,False,,
CFB0000820,CLI0236,ASG000318,DUD100212,2026-04-24,5,5,5,5,5,4,5,Yes,False,,
CFB0000821,CLI0162,ASG000319,DUD100212,2026-08-15,1,1,1,2,1,1,2,No,True,Attendance,
CFB0000822,CLI0162,ASG000319,DUD100212,2026-08-03,4,4,4,4,3,3,4,Yes,False,,
CFB0000823,CLI0162,ASG000319,DUD100212,2026-07-23,4,3,5,3,4,5,4,Yes,False,,
CFB0000824,CLI0022,ASG000320,DUD100213,2023-09-15,4,5,4,4,5,5,3,Yes,False,,
CFB0000825,CLI0033,ASG000321,DUD100214,2025-04-15,4,4,5,4,5,5,3,Yes,False,,
CFB0000826,CLI0033,ASG000321,DUD100214,2025-10-12,4,5,5,4,4,4,4,Maybe,False,,
CFB0000827,CLI0033,ASG000321,DUD100214,2024-04-24,4,4,3,5,5,4,5,Yes,False,,
CFB0000828,CLI0083,ASG000322,DUD100215,2023-05-13,5,5,4,4,4,5,5,Yes,False,,
CFB0000829,CLI0083,ASG000322,DUD100215,2025-04-17,4,4,5,3,4,4,4,Yes,False,,
CFB0000830,CLI0083,ASG000322,DUD100215,2024-12-28,3,3,3,3,3,3,3,Yes,False,,
CFB0000831,CLI0083,ASG000322,DUD100215,2022-06-05,3,4,3,2,3,3,3,Maybe,False,,
CFB0000832,CLI0154,ASG000323,DUD100216,2025-08-17,4,4,4,4,4,4,5,Yes,True,Lesson Quality,
CFB0000833,CLI0265,ASG000324,DUD100217,2024-09-22,5,5,5,5,5,5,5,Yes,False,,
CFB0000834,CLI0265,ASG000324,DUD100217,2024-11-08,1,1,1,1,1,1,1,Yes,False,,
CFB0000835,CLI0265,ASG000324,DUD100217,2026-08-08,4,4,3,4,4,5,4,Yes,False,,
CFB0000836,CLI0265,ASG000324,DUD100217,2024-12-31,2,2,3,2,2,2,3,Yes,False,,
CFB0000837,CLI0198,ASG000325,DUD100218,2025-10-08,5,4,5,5,5,5,5,Yes,False,,
CFB0000838,CLI0198,ASG000325,DUD100218,2025-05-17,4,4,4,5,3,5,4,Yes,False,,
CFB0000839,CLI0198,ASG000325,DUD100218,2025-09-12,4,4,4,3,5,3,4,Yes,False,,
CFB0000840,CLI0275,ASG000326,DUD100218,2026-09-17,5,4,5,4,5,5,4,Maybe,False,,
CFB0000841,CLI0275,ASG000326,DUD100218,2026-06-14,4,4,4,5,4,5,5,Maybe,False,,
CFB0000842,CLI0275,ASG000326,DUD100218,2026-08-14,5,4,5,5,5,5,5,Yes,False,,
CFB0000843,CLI0099,ASG000327,DUD100218,2026-09-21,4,4,5,5,4,5,5,Yes,False,,
CFB0000844,CLI0099,ASG000327,DUD100218,2026-09-21,4,4,5,4,5,4,5,Maybe,False,,
CFB0000845,CLI0099,ASG000327,DUD100218,2026-09-21,5,5,5,4,4,5,5,Yes,False,,
CFB0000846,CLI0051,ASG000328,DUD100219,2022-12-22,4,4,4,5,3,4,4,Yes,False,,
CFB0000847,CLI0051,ASG000328,DUD100219,2022-10-17,2,1,2,2,1,3,3,Yes,True,Lesson Quality,
CFB0000848,CLI0051,ASG000328,DUD100219,2022-05-30,4,5,4,4,4,4,4,Yes,False,,
CFB0000849,CLI0051,ASG000328,DUD100219,2023-01-02,3,4,3,3,3,2,2,Yes,False,,
CFB0000850,CLI0014,ASG000329,DUD100219,2023-08-20,3,3,2,3,3,3,4,Yes,False,,
CFB0000851,CLI0014,ASG000329,DUD100219,2023-12-12,3,3,2,4,3,3,2,No,False,,
CFB0000852,CLI0014,ASG000329,DUD100219,2024-03-03,3,3,2,3,4,2,3,Yes,True,Professionalism,
CFB0000853,CLI0014,ASG000329,DUD100219,2025-05-24,4,4,4,5,3,3,3,Yes,False,,
CFB0000854,CLI0278,ASG000330,DUD100220,2024-01-27,3,3,3,3,3,3,4,No,False,,
CFB0000855,CLI0278,ASG000330,DUD100220,2024-04-12,4,4,5,5,5,3,4,Yes,False,,
CFB0000856,CLI0278,ASG000330,DUD100220,2024-09-17,5,4,5,4,5,5,4,Yes,False,,
CFB0000857,CLI0130,ASG000331,DUD100221,2025-01-29,4,5,5,3,4,4,5,Maybe,False,,
CFB0000858,CLI0151,ASG000332,DUD100221,2026-05-22,5,5,5,5,5,5,5,Yes,False,,
CFB0000859,CLI0151,ASG000332,DUD100221,2026-03-22,4,5,4,4,4,5,3,Yes,False,,
CFB0000860,CLI0151,ASG000332,DUD100221,2026-05-25,4,4,3,4,4,3,5,Yes,False,,
CFB0000861,CLI0183,ASG000333,DUD100222,2026-05-18,4,4,4,4,3,4,3,Yes,False,,
CFB0000862,CLI0183,ASG000333,DUD100222,2023-09-12,4,4,5,5,4,3,4,Yes,False,,
CFB0000863,CLI0183,ASG000333,DUD100222,2026-03-28,4,4,4,5,5,4,4,Yes,False,,
CFB0000864,CLI0209,ASG000334,DUD100223,2022-08-30,4,3,3,4,4,4,5,Maybe,False,,
CFB0000865,CLI0209,ASG000334,DUD100223,2021-12-25,3,2,2,4,4,3,2,Yes,False,,
CFB0000866,CLI0093,ASG000335,DUD100223,2023-02-22,4,4,4,4,5,4,3,No,False,,
CFB0000867,CLI0029,ASG000336,DUD100224,2024-05-26,4,4,3,3,4,5,3,Yes,False,,
CFB0000868,CLI0126,ASG000337,DUD100225,2024-10-10,4,3,4,4,3,4,4,Yes,False,,
CFB0000869,CLI0126,ASG000337,DUD100225,2025-02-26,4,4,4,4,3,3,4,Maybe,False,,
CFB0000870,CLI0126,ASG000337,DUD100225,2024-09-07,3,3,2,3,3,4,4,Maybe,True,Professionalism,
CFB0000871,CLI0126,ASG000337,DUD100225,2024-10-23,3,3,4,3,2,4,3,Yes,False,,
CFB0000872,CLI0196,ASG000338,DUD100225,2025-06-10,3,3,3,4,3,2,4,Maybe,False,,
CFB0000873,CLI0196,ASG000338,DUD100225,2026-06-13,3,4,4,3,4,4,3,Maybe,False,,
CFB0000874,CLI0196,ASG000338,DUD100225,2026-07-02,5,5,5,4,5,5,4,Yes,False,,
CFB0000875,CLI0276,ASG000339,DUD100226,2025-11-23,4,4,4,3,3,3,4,No,False,,
CFB0000876,CLI0243,ASG000340,DUD100226,2026-09-11,4,3,5,4,4,5,4,No,False,,
CFB0000877,CLI0243,ASG000340,DUD100226,2026-09-25,5,5,5,5,4,4,5,Yes,False,,
CFB0000878,CLI0097,ASG000341,DUD100226,2027-09-19,4,4,5,5,5,4,5,Yes,False,,
CFB0000879,CLI0097,ASG000341,DUD100226,2027-05-05,4,5,4,3,5,3,4,Yes,False,,
CFB0000880,CLI0097,ASG000341,DUD100226,2027-10-24,4,4,4,5,4,4,3,Yes,False,,
CFB0000881,CLI0154,ASG000342,DUD100227,2023-12-22,5,5,4,5,4,5,5,No,False,,
CFB0000882,CLI0154,ASG000342,DUD100227,2024-03-15,5,5,5,5,5,5,5,Yes,False,,
CFB0000883,CLI0154,ASG000342,DUD100227,2023-08-03,3,2,4,3,2,4,3,Maybe,False,,
CFB0000884,CLI0154,ASG000342,DUD100227,2023-06-29,4,5,4,3,4,4,3,Yes,False,,
CFB0000885,CLI0221,ASG000343,DUD100227,2024-09-24,1,1,1,1,1,1,1,No,False,,
CFB0000886,CLI0221,ASG000343,DUD100227,2024-10-30,4,4,5,4,4,5,4,Yes,False,,
CFB0000887,CLI0178,ASG000344,DUD100228,2025-06-29,5,5,5,4,4,5,4,Maybe,True,Classroom Management,
CFB0000888,CLI0178,ASG000344,DUD100228,2023-04-19,4,4,5,3,3,4,4,Yes,True,Attendance,
CFB0000889,CLI0158,ASG000345,DUD100229,2025-11-28,3,3,2,2,2,3,3,Maybe,False,,
CFB0000890,CLI0066,ASG000346,DUD100230,2025-03-12,4,4,3,4,5,3,3,Yes,False,,
CFB0000891,CLI0151,ASG000347,DUD100230,2026-07-14,4,4,4,5,3,3,5,Yes,False,,
CFB0000892,CLI0151,ASG000347,DUD100230,2025-10-01,4,4,5,3,4,5,4,No,False,,
CFB0000893,CLI0151,ASG000347,DUD100230,2026-09-28,2,2,2,2,1,1,1,Maybe,False,,
CFB0000894,CLI0235,ASG000348,DUD100230,2026-11-14,5,5,4,4,4,5,5,Yes,False,,
CFB0000895,CLI0235,ASG000348,DUD100230,2026-11-14,4,3,4,5,3,3,4,Yes,False,,
CFB0000896,CLI0235,ASG000348,DUD100230,2026-11-14,3,3,3,2,3,3,3,Yes,False,,
CFB0000897,CLI0235,ASG000348,DUD100230,2026-11-14,5,4,4,5,5,4,5,Yes,False,,
CFB0000898,CLI0158,ASG000349,DUD100231,2022-05-08,5,5,5,5,5,4,5,Yes,False,,
CFB0000899,CLI0158,ASG000349,DUD100231,2022-08-16,5,5,5,5,4,5,5,Yes,False,,
CFB0000900,CLI0158,ASG000349,DUD100231,2022-09-11,5,4,4,5,5,5,4,No,False,,
CFB0000901,CLI0158,ASG000349,DUD100231,2022-05-14,4,4,3,5,4,3,4,No,False,,
CFB0000902,CLI0051,ASG000350,DUD100231,2025-12-08,4,4,4,4,5,3,5,Yes,False,,
CFB0000903,CLI0056,ASG000351,DUD100232,2026-01-09,1,1,1,1,1,2,2,No,False,,
CFB0000904,CLI0056,ASG000351,DUD100232,2025-08-05,5,5,4,5,5,5,5,Yes,False,,
CFB0000905,CLI0056,ASG000351,DUD100232,2026-08-15,5,5,5,5,5,5,5,Maybe,False,,
CFB0000906,CLI0140,ASG000352,DUD100233,2024-10-26,4,4,4,4,4,4,4,Yes,False,,
CFB0000907,CLI0140,ASG000352,DUD100233,2022-12-19,4,4,4,4,4,4,5,No,False,,
CFB0000908,CLI0203,ASG000353,DUD100234,2023-11-05,4,5,4,3,4,4,4,Yes,False,,
CFB0000909,CLI0203,ASG000353,DUD100234,2025-02-14,4,4,5,3,4,5,4,Yes,False,,
CFB0000910,CLI0203,ASG000353,DUD100234,2024-03-23,4,4,4,4,4,4,4,Maybe,False,,
CFB0000911,CLI0140,ASG000354,DUD100235,2024-11-16,5,5,5,5,5,4,5,Maybe,False,,
CFB0000912,CLI0113,ASG000355,DUD100236,2023-04-16,4,4,5,5,5,4,3,Maybe,False,,
CFB0000913,CLI0113,ASG000355,DUD100236,2022-08-07,4,4,3,5,4,3,5,Yes,False,,
CFB0000914,CLI0113,ASG000355,DUD100236,2023-05-24,4,4,4,5,5,5,5,Yes,False,,
CFB0000915,CLI0113,ASG000355,DUD100236,2022-11-18,1,1,2,1,2,1,1,Yes,False,,
CFB0000916,CLI0132,ASG000356,DUD100236,2023-08-14,4,4,4,3,4,4,4,Yes,False,,
CFB0000917,CLI0132,ASG000356,DUD100236,2024-02-18,3,3,3,3,3,3,3,Maybe,False,,
CFB0000918,CLI0006,ASG000357,DUD100237,2025-07-15,3,3,4,3,3,3,3,Maybe,False,,
CFB0000919,CLI0006,ASG000357,DUD100237,2025-05-27,5,4,5,5,5,5,5,Maybe,False,,
CFB0000920,CLI0257,ASG000358,DUD100237,2026-08-21,5,4,4,5,5,5,5,Yes,False,,
CFB0000921,CLI0257,ASG000358,DUD100237,2026-02-22,4,4,3,5,4,5,4,Yes,False,,
CFB0000922,CLI0134,ASG000359,DUD100237,2027-02-26,4,3,5,4,4,4,4,Yes,False,,
CFB0000923,CLI0134,ASG000359,DUD100237,2027-08-12,4,3,4,3,5,4,3,Yes,False,,
CFB0000924,CLI0034,ASG000360,DUD100238,2023-04-13,3,3,4,2,3,2,3,Yes,False,,
CFB0000925,CLI0154,ASG000361,DUD100238,2024-11-05,5,5,5,4,5,5,4,Yes,False,,
CFB0000926,CLI0154,ASG000361,DUD100238,2025-03-24,3,3,3,2,3,3,2,Maybe,False,,
CFB0000927,CLI0137,ASG000362,DUD100239,2023-06-29,4,5,4,3,5,4,4,Yes,False,,
CFB0000928,CLI0108,ASG000363,DUD100239,2023-12-19,4,3,4,5,5,4,4,Maybe,False,,
CFB0000929,CLI0108,ASG000363,DUD100239,2024-10-27,5,5,5,5,5,4,5,Yes,False,,
CFB0000930,CLI0108,ASG000363,DUD100239,2024-03-01,3,3,3,2,2,3,3,Yes,False,,
CFB0000931,CLI0174,ASG000364,DUD100239,2026-07-30,3,2,3,3,3,2,3,Yes,True,Communication,
CFB0000932,CLI0139,ASG000365,DUD100240,2021-10-29,4,4,3,4,3,4,3,Yes,False,,
CFB0000933,CLI0020,ASG000366,DUD100240,2022-12-20,3,3,3,3,3,2,3,Maybe,True,Communication,
CFB0000934,CLI0113,ASG000367,DUD100241,2026-01-30,4,4,5,4,4,4,4,Yes,False,,
CFB0000935,CLI0113,ASG000368,DUD100242,2026-01-27,4,4,3,5,5,3,5,Yes,False,,
CFB0000936,CLI0113,ASG000368,DUD100242,2026-02-13,4,5,3,3,3,4,3,Yes,False,,
CFB0000937,CLI0113,ASG000368,DUD100242,2026-01-30,1,1,1,1,2,1,1,No,False,,
CFB0000938,CLI0113,ASG000368,DUD100242,2026-05-19,4,3,5,5,4,4,5,Maybe,False,,
CFB0000939,CLI0107,ASG000369,DUD100243,2022-08-01,3,3,3,2,3,2,4,Yes,False,,
CFB0000940,CLI0074,ASG000370,DUD100244,2025-02-19,5,5,5,5,5,5,5,Maybe,False,,
CFB0000941,CLI0074,ASG000370,DUD100244,2026-02-24,5,5,5,5,5,4,5,Yes,False,,
CFB0000942,CLI0074,ASG000370,DUD100244,2025-09-07,4,5,4,5,4,5,5,No,False,,
CFB0000943,CLI0074,ASG000370,DUD100244,2026-05-29,5,5,5,5,4,5,5,Maybe,False,,
CFB0000944,CLI0082,ASG000371,DUD100245,2023-07-26,4,4,3,4,4,4,4,Yes,False,,
CFB0000945,CLI0082,ASG000371,DUD100245,2023-10-12,3,4,4,3,2,2,3,Maybe,False,,
CFB0000946,CLI0268,ASG000372,DUD100245,2024-06-20,4,4,3,4,4,5,3,Yes,False,,
CFB0000947,CLI0268,ASG000372,DUD100245,2024-03-23,4,4,3,5,4,3,3,Maybe,False,,
CFB0000948,CLI0256,ASG000373,DUD100245,2025-10-10,4,4,4,4,5,4,3,Yes,False,,
CFB0000949,CLI0256,ASG000373,DUD100245,2025-11-25,3,4,3,3,3,4,3,Yes,False,,
CFB0000950,CLI0261,ASG000374,DUD100246,2026-02-20,4,3,4,5,4,3,4,Maybe,False,,
CFB0000951,CLI0261,ASG000374,DUD100246,2025-08-23,5,5,5,5,4,5,4,Yes,False,,
CFB0000952,CLI0261,ASG000374,DUD100246,2025-06-21,5,5,5,5,5,5,5,Yes,False,,
CFB0000953,CLI0160,ASG000375,DUD100247,2025-08-04,5,4,5,5,5,4,4,Maybe,False,,
CFB0000954,CLI0212,ASG000376,DUD100248,2026-04-04,5,5,5,5,5,4,5,Yes,False,,
CFB0000955,CLI0212,ASG000376,DUD100248,2025-10-12,4,4,3,4,4,3,3,Maybe,False,,
CFB0000956,CLI0212,ASG000376,DUD100248,2025-12-28,4,4,3,5,4,4,3,Yes,False,,
CFB0000957,CLI0212,ASG000376,DUD100248,2026-04-29,3,3,3,3,2,3,3,Maybe,True,Attendance,
CFB0000958,CLI0230,ASG000377,DUD100248,2026-08-16,5,5,5,5,5,5,4,Yes,False,,
CFB0000959,CLI0230,ASG000377,DUD100248,2026-08-18,1,1,1,1,2,1,1,Yes,False,,
CFB0000960,CLI0107,ASG000378,DUD100248,2027-03-06,4,4,4,4,4,4,4,Yes,False,,
CFB0000961,CLI0107,ASG000378,DUD100248,2027-02-27,4,4,4,4,5,3,4,Yes,False,,
CFB0000962,CLI0089,ASG000379,DUD100249,2025-12-23,5,5,4,5,5,5,4,Yes,False,,
CFB0000963,CLI0200,ASG000380,DUD100249,2027-01-15,5,5,5,5,5,5,4,Yes,False,,
CFB0000964,CLI0200,ASG000380,DUD100249,2027-09-18,4,5,5,4,4,4,4,Maybe,False,,
CFB0000965,CLI0200,ASG000380,DUD100249,2027-12-29,4,4,4,4,4,4,4,Yes,False,,
CFB0000966,CLI0200,ASG000380,DUD100249,2027-06-11,5,5,5,5,5,5,4,Yes,False,,
CFB0000967,CLI0051,ASG000381,DUD100250,2021-08-11,4,4,3,4,3,5,3,Yes,False,,
CFB0000968,CLI0051,ASG000381,DUD100250,2021-05-27,3,3,3,4,3,2,3,Yes,False,,
CFB0000969,CLI0051,ASG000381,DUD100250,2021-05-23,2,3,2,2,2,3,1,No,False,,
CFB0000970,CLI0051,ASG000381,DUD100250,2021-05-05,4,3,5,4,3,3,4,Yes,False,,
CFB0000971,CLI0058,ASG000382,DUD100250,2022-10-07,5,5,5,4,5,4,4,Yes,False,,
CFB0000972,CLI0058,ASG000382,DUD100250,2022-09-27,5,4,4,4,4,5,5,Yes,False,,
CFB0000973,CLI0058,ASG000382,DUD100250,2024-02-05,4,4,3,4,5,4,3,Yes,False,,
CFB0000974,CLI0058,ASG000382,DUD100250,2021-09-25,3,2,3,3,3,3,2,Yes,False,,
CFB0000975,CLI0293,ASG000383,DUD100251,2021-11-07,1,1,2,1,1,2,1,No,False,,
CFB0000976,CLI0293,ASG000383,DUD100251,2022-01-01,4,5,3,4,5,3,3,Yes,False,,
CFB0000977,CLI0138,ASG000384,DUD100251,2022-06-02,5,4,5,5,5,5,5,Yes,True,Professionalism,
CFB0000978,CLI0116,ASG000385,DUD100251,2023-02-07,4,4,4,3,4,3,5,Yes,False,,
CFB0000979,CLI0116,ASG000385,DUD100251,2023-04-08,4,4,3,3,5,5,4,No,False,,
CFB0000980,CLI0116,ASG000385,DUD100251,2023-01-17,4,4,3,5,4,4,4,No,False,,
CFB0000981,CLI0001,ASG000386,DUD100252,2025-07-07,3,4,4,3,2,4,4,Maybe,True,Professionalism,
CFB0000982,CLI0285,ASG000387,DUD100253,2023-03-03,5,5,4,5,5,5,5,Maybe,False,,
CFB0000983,CLI0285,ASG000387,DUD100253,2023-06-11,3,3,3,3,3,4,3,Yes,False,,
CFB0000984,CLI0152,ASG000388,DUD100254,2024-02-19,3,4,3,3,4,3,3,Yes,False,,
CFB0000985,CLI0152,ASG000388,DUD100254,2023-10-08,5,5,4,4,5,5,4,No,False,,
CFB0000986,CLI0152,ASG000388,DUD100254,2023-09-11,4,4,5,4,5,4,5,Yes,False,,
CFB0000987,CLI0017,ASG000389,DUD100254,2024-11-30,5,5,4,5,5,4,5,Yes,False,,
CFB0000988,CLI0017,ASG000389,DUD100254,2026-03-08,3,3,2,3,4,2,4,Yes,False,,
CFB0000989,CLI0001,ASG000390,DUD100255,2021-09-24,4,4,4,3,4,3,5,No,False,,
CFB0000990,CLI0001,ASG000390,DUD100255,2022-04-21,4,5,4,4,5,5,3,Maybe,False,,
CFB0000991,CLI0134,ASG000391,DUD100255,2026-07-21,4,4,5,4,4,5,4,Yes,False,,
CFB0000992,CLI0134,ASG000391,DUD100255,2023-11-10,5,5,4,5,5,5,5,Yes,False,,
CFB0000993,CLI0134,ASG000391,DUD100255,2023-11-14,4,4,3,4,4,4,4,Maybe,False,,
CFB0000994,CLI0134,ASG000391,DUD100255,2026-02-24,5,4,5,5,5,5,5,Yes,False,,
CFB0000995,CLI0294,ASG000392,DUD100256,2025-09-23,4,5,5,4,3,4,5,Yes,False,,
CFB0000996,CLI0294,ASG000392,DUD100256,2025-10-18,4,5,4,4,3,5,4,Yes,False,,
CFB0000997,CLI0274,ASG000393,DUD100256,2026-03-20,4,4,3,5,5,4,5,Yes,False,,
CFB0000998,CLI0274,ASG000393,DUD100256,2026-03-21,5,5,4,5,5,5,5,No,False,,
CFB0000999,CLI0274,ASG000393,DUD100256,2026-04-13,4,4,3,5,3,4,5,Yes,True,Attendance,
CFB0001000,CLI0163,ASG000394,DUD100256,2026-10-03,4,4,5,3,5,4,4,Yes,False,,
CFB0001001,CLI0163,ASG000394,DUD100256,2026-10-04,5,5,5,5,4,4,5,Maybe,False,,
CFB0001002,CLI0291,ASG000395,DUD100257,2025-09-04,4,5,4,4,4,4,4,Yes,False,,
CFB0001003,CLI0291,ASG000395,DUD100257,2023-04-18,3,3,4,4,2,3,4,Yes,True,Lesson Quality,
CFB0001004,CLI0291,ASG000395,DUD100257,2026-02-27,2,1,3,3,3,1,2,Maybe,False,,
CFB0001005,CLI0052,ASG000396,DUD100258,2026-03-12,5,5,4,5,5,4,5,Yes,False,,
CFB0001006,CLI0052,ASG000396,DUD100258,2025-03-30,4,4,5,4,4,4,3,No,False,,
CFB0001007,CLI0052,ASG000396,DUD100258,2023-06-19,1,1,1,2,1,2,2,Yes,False,,
CFB0001008,CLI0240,ASG000397,DUD100259,2021-10-23,5,5,5,4,5,5,5,Yes,False,,
CFB0001009,CLI0240,ASG000397,DUD100259,2022-01-14,5,5,5,5,5,5,4,Maybe,False,,
CFB0001010,CLI0156,ASG000398,DUD100259,2023-03-02,4,5,5,4,5,4,3,Yes,False,,
CFB0001011,CLI0156,ASG000398,DUD100259,2022-12-01,5,5,5,5,5,5,5,Yes,False,,
CFB0001012,CLI0156,ASG000398,DUD100259,2022-11-04,4,4,4,5,5,4,3,Yes,False,,
CFB0001013,CLI0271,ASG000399,DUD100259,2023-08-19,5,5,5,4,4,5,5,Yes,False,,
CFB0001014,CLI0271,ASG000399,DUD100259,2024-04-27,3,4,4,4,2,3,4,No,True,Classroom Management,
CFB0001015,CLI0155,ASG000400,DUD100260,2021-09-10,4,4,4,4,4,3,5,Yes,False,,
CFB0001016,CLI0155,ASG000400,DUD100260,2021-11-28,4,5,3,4,3,3,4,Yes,False,,
CFB0001017,CLI0113,ASG000401,DUD100260,2025-12-05,3,3,3,2,3,3,3,No,False,,
CFB0001018,CLI0113,ASG000401,DUD100260,2024-04-10,4,5,4,3,5,3,3,Yes,False,,
CFB0001019,CLI0113,ASG000401,DUD100260,2023-05-15,5,5,4,5,5,5,5,Yes,False,,
CFB0001020,CLI0113,ASG000401,DUD100260,2022-11-21,4,4,4,5,5,4,4,Yes,False,,
CFB0001021,CLI0047,ASG000402,DUD100261,2024-06-24,4,4,3,3,4,5,4,Yes,False,,
CFB0001022,CLI0047,ASG000402,DUD100261,2024-04-24,4,4,4,3,3,4,4,Maybe,False,,
CFB0001023,CLI0047,ASG000402,DUD100261,2024-05-01,4,3,5,4,4,5,4,Maybe,False,,
CFB0001024,CLI0267,ASG000403,DUD100261,2025-01-21,4,4,4,4,4,3,4,No,False,,
CFB0001025,CLI0267,ASG000403,DUD100261,2025-05-07,5,5,5,5,4,5,5,Yes,False,,
CFB0001026,CLI0004,ASG000404,DUD100262,2026-03-30,2,2,2,2,2,3,3,Maybe,False,,
CFB0001027,CLI0004,ASG000404,DUD100262,2026-08-13,2,1,2,3,2,3,3,Yes,False,,
CFB0001028,CLI0082,ASG000405,DUD100262,2026-10-07,5,5,5,5,5,4,5,Yes,False,,
CFB0001029,CLI0082,ASG000405,DUD100262,2026-10-07,5,4,5,5,5,4,5,Yes,False,,
CFB0001030,CLI0082,ASG000405,DUD100262,2026-10-07,5,5,4,5,5,4,5,Yes,False,,
CFB0001031,CLI0138,ASG000406,DUD100263,2027-05-04,4,5,4,4,4,4,3,Yes,False,,
CFB0001032,CLI0138,ASG000406,DUD100263,2026-06-09,4,4,4,4,4,4,4,Yes,False,,
CFB0001033,CLI0138,ASG000406,DUD100263,2026-06-14,5,5,4,5,5,5,4,Yes,False,,
CFB0001034,CLI0264,ASG000407,DUD100263,2028-07-11,4,4,5,4,4,4,4,Maybe,False,,
CFB0001035,CLI0264,ASG000407,DUD100263,2027-12-26,5,5,5,5,5,5,5,No,False,,
CFB0001036,CLI0264,ASG000407,DUD100263,2028-08-22,5,5,4,5,4,4,5,Maybe,False,,
CFB0001037,CLI0220,ASG000408,DUD100263,2029-01-16,5,5,5,5,5,5,5,Yes,False,,
CFB0001038,CLI0220,ASG000408,DUD100263,2029-04-21,4,4,3,5,4,5,4,Yes,False,,
CFB0001039,CLI0220,ASG000408,DUD100263,2028-10-22,4,4,5,4,3,3,4,Yes,False,,
CFB0001040,CLI0220,ASG000408,DUD100263,2028-11-06,4,3,4,5,3,5,3,Maybe,False,,
CFB0001041,CLI0118,ASG000409,DUD100264,2021-08-27,4,4,3,3,4,4,3,Yes,False,,
CFB0001042,CLI0161,ASG000410,DUD100264,2022-05-11,5,5,4,5,4,5,5,Maybe,False,,
CFB0001043,CLI0161,ASG000410,DUD100264,2022-09-09,4,4,4,5,4,4,3,Maybe,False,,
CFB0001044,CLI0161,ASG000410,DUD100264,2022-03-26,5,5,4,5,5,5,5,No,False,,
CFB0001045,CLI0161,ASG000410,DUD100264,2022-07-15,4,3,4,5,4,5,4,Yes,False,,
CFB0001046,CLI0297,ASG000411,DUD100265,2023-07-09,4,4,4,5,4,4,4,Yes,False,,
CFB0001047,CLI0134,ASG000412,DUD100265,2024-04-02,3,2,2,2,3,2,3,Yes,False,,
CFB0001048,CLI0284,ASG000413,DUD100266,2024-04-07,5,5,5,5,5,5,5,Yes,False,,
CFB0001049,CLI0284,ASG000413,DUD100266,2024-02-12,3,3,3,3,3,4,2,Yes,True,Communication,
CFB0001050,CLI0284,ASG000413,DUD100266,2023-11-04,4,4,5,5,4,4,4,Yes,False,,
CFB0001051,CLI0197,ASG000414,DUD100266,2025-01-03,4,4,3,4,5,5,4,Yes,False,,
CFB0001052,CLI0197,ASG000414,DUD100266,2024-07-26,5,5,5,5,5,5,5,Yes,False,,
CFB0001053,CLI0197,ASG000414,DUD100266,2024-12-15,3,3,2,3,3,4,4,Maybe,False,,
CFB0001054,CLI0005,ASG000415,DUD100267,2025-01-21,4,5,3,5,3,5,4,Yes,False,,
CFB0001055,CLI0005,ASG000415,DUD100267,2024-01-21,4,4,4,4,3,4,5,Yes,False,,
CFB0001056,CLI0005,ASG000415,DUD100267,2025-03-13,4,3,3,3,4,5,5,No,True,Classroom Management,
CFB0001057,CLI0005,ASG000415,DUD100267,2025-11-03,4,4,3,3,5,4,3,Yes,False,,
CFB0001058,CLI0144,ASG000416,DUD100268,2025-05-07,1,2,1,2,1,1,1,No,False,,
CFB0001059,CLI0144,ASG000416,DUD100268,2025-03-07,3,3,4,4,3,4,3,Maybe,True,Punctuality,
CFB0001060,CLI0144,ASG000416,DUD100268,2024-10-22,4,4,4,5,4,4,3,Yes,False,,
CFB0001061,CLI0159,ASG000417,DUD100268,2026-01-13,5,5,4,5,5,4,5,Yes,False,,
CFB0001062,CLI0159,ASG000417,DUD100268,2026-02-03,3,4,4,2,3,4,4,No,True,Lesson Quality,
CFB0001063,CLI0159,ASG000417,DUD100268,2026-01-31,5,5,4,5,5,5,4,Yes,False,,
CFB0001064,CLI0159,ASG000417,DUD100268,2025-12-04,4,4,4,5,4,5,3,Yes,False,,
CFB0001065,CLI0192,ASG000418,DUD100268,2026-07-06,4,4,5,3,4,4,4,Yes,False,,
CFB0001066,CLI0192,ASG000418,DUD100268,2026-06-11,4,4,5,4,5,5,3,Maybe,False,,
CFB0001067,CLI0192,ASG000418,DUD100268,2026-05-03,4,3,5,4,5,5,3,Yes,False,,
CFB0001068,CLI0008,ASG000419,DUD100269,2023-12-04,3,4,3,3,2,2,2,Yes,False,,
CFB0001069,CLI0008,ASG000419,DUD100269,2024-03-16,4,4,5,4,4,4,4,Yes,False,,
CFB0001070,CLI0285,ASG000420,DUD100269,2025-12-11,5,5,5,4,4,5,5,Yes,False,,
CFB0001071,CLI0058,ASG000421,DUD100270,2021-10-15,3,3,4,4,4,2,3,No,True,Communication,
CFB0001072,CLI0058,ASG000421,DUD100270,2022-05-07,5,5,5,5,5,5,5,Yes,False,,
CFB0001073,CLI0058,ASG000421,DUD100270,2022-06-23,5,5,5,4,5,4,5,No,False,,
CFB0001074,CLI0264,ASG000422,DUD100271,2023-02-20,4,4,4,4,3,5,5,Maybe,False,,
CFB0001075,CLI0264,ASG000422,DUD100271,2025-06-30,4,4,4,4,5,4,3,Maybe,False,,
CFB0001076,CLI0299,ASG000423,DUD100272,2023-08-09,5,4,5,5,5,5,5,Yes,False,,
CFB0001077,CLI0260,ASG000424,DUD100273,2025-09-02,3,3,2,3,3,3,4,Maybe,False,,
CFB0001078,CLI0260,ASG000424,DUD100273,2026-02-28,2,2,2,3,2,2,2,Maybe,False,,
CFB0001079,CLI0260,ASG000424,DUD100273,2026-01-11,5,4,5,5,5,5,5,No,False,,
CFB0001080,CLI0123,ASG000425,DUD100273,2026-07-13,4,3,5,5,3,5,3,Yes,False,,
CFB0001081,CLI0123,ASG000425,DUD100273,2026-06-28,4,3,5,4,5,5,4,No,False,,
CFB0001082,CLI0123,ASG000425,DUD100273,2026-04-25,4,4,5,3,4,5,4,Yes,True,Communication,
CFB0001083,CLI0010,ASG000426,DUD100274,2024-11-12,4,4,5,3,4,4,5,Yes,False,,
CFB0001084,CLI0028,ASG000427,DUD100274,2025-11-26,3,3,2,2,3,3,3,Yes,True,Classroom Management,
CFB0001085,CLI0036,ASG000428,DUD100275,2025-08-12,4,4,3,5,4,3,3,Yes,False,,
CFB0001086,CLI0036,ASG000428,DUD100275,2025-05-14,2,1,2,2,1,3,2,Maybe,False,,
CFB0001087,CLI0005,ASG000429,DUD100275,2026-06-29,2,2,3,2,2,3,2,Yes,False,,
CFB0001088,CLI0005,ASG000429,DUD100275,2026-10-21,4,3,4,3,4,4,5,Yes,False,,
CFB0001089,CLI0106,ASG000430,DUD100275,2027-03-02,3,2,3,2,4,3,4,Maybe,False,,
CFB0001090,CLI0106,ASG000430,DUD100275,2027-03-02,5,5,5,5,5,5,5,Yes,False,,
CFB0001091,CLI0246,ASG000431,DUD100276,2026-05-14,5,5,5,5,4,5,5,Yes,False,,
CFB0001092,CLI0246,ASG000431,DUD100276,2027-01-11,5,5,5,5,5,5,5,Yes,False,,
CFB0001093,CLI0246,ASG000431,DUD100276,2026-11-24,4,4,4,5,4,5,4,Yes,False,,
CFB0001094,CLI0246,ASG000431,DUD100276,2027-01-03,3,4,3,3,3,3,2,Maybe,False,,
CFB0001095,CLI0114,ASG000432,DUD100276,2027-03-14,4,4,3,3,4,5,3,Maybe,False,,
CFB0001096,CLI0114,ASG000432,DUD100276,2027-03-14,5,5,5,4,4,5,5,Maybe,False,,
CFB0001097,CLI0114,ASG000432,DUD100276,2027-03-14,3,2,2,3,2,2,3,Yes,True,Communication,
CFB0001098,CLI0114,ASG000432,DUD100276,2027-03-14,3,3,3,4,3,4,3,No,True,Lesson Quality,
CFB0001099,CLI0280,ASG000433,DUD100277,2025-05-09,4,3,4,4,5,4,4,Maybe,False,,
CFB0001100,CLI0153,ASG000434,DUD100278,2024-12-07,4,5,4,5,4,3,3,Yes,False,,
CFB0001101,CLI0153,ASG000434,DUD100278,2025-03-25,5,5,5,4,4,5,5,Maybe,False,,
CFB0001102,CLI0153,ASG000434,DUD100278,2024-03-20,5,5,5,5,5,5,4,Maybe,False,,
CFB0001103,CLI0229,ASG000435,DUD100279,2025-11-17,3,3,3,3,3,3,2,No,False,,
CFB0001104,CLI0102,ASG000436,DUD100279,2026-05-06,4,3,5,5,3,5,5,Yes,False,,
CFB0001105,CLI0102,ASG000436,DUD100279,2026-02-16,4,3,4,5,5,4,5,Yes,False,,
CFB0001106,CLI0102,ASG000436,DUD100279,2026-03-08,3,3,4,3,4,3,3,Maybe,False,,
CFB0001107,CLI0102,ASG000436,DUD100279,2026-03-29,4,4,4,5,4,4,4,Yes,False,,
CFB0001108,CLI0090,ASG000437,DUD100280,2022-06-24,4,4,3,3,4,3,3,Yes,False,,
CFB0001109,CLI0129,ASG000438,DUD100280,2023-06-07,4,5,3,4,4,3,3,Maybe,True,Communication,
CFB0001110,CLI0045,ASG000439,DUD100281,2023-06-12,3,2,2,2,3,4,3,Maybe,False,,
CFB0001111,CLI0045,ASG000439,DUD100281,2024-02-09,3,4,2,3,3,3,2,No,False,,
CFB0001112,CLI0045,ASG000439,DUD100281,2023-07-01,4,5,4,4,4,4,4,Yes,False,,
CFB0001113,CLI0028,ASG000440,DUD100282,2026-08-05,2,1,2,2,1,2,3,Maybe,False,,
CFB0001114,CLI0028,ASG000440,DUD100282,2023-08-03,1,1,1,1,2,1,1,Yes,False,,
CFB0001115,CLI0215,ASG000441,DUD100283,2024-06-20,3,3,2,3,4,3,2,Maybe,False,,
CFB0001116,CLI0215,ASG000441,DUD100283,2024-08-05,3,3,3,3,3,2,4,Maybe,False,,
CFB0001117,CLI0073,ASG000442,DUD100283,2026-02-08,4,5,4,5,5,3,3,Yes,False,,
CFB0001118,CLI0073,ASG000442,DUD100283,2024-12-15,4,3,5,4,4,4,4,Yes,False,,
CFB0001119,CLI0186,ASG000443,DUD100284,2024-04-23,5,5,5,4,5,5,4,Yes,False,,
CFB0001120,CLI0186,ASG000443,DUD100284,2024-07-31,5,5,5,5,4,5,5,Yes,False,,
CFB0001121,CLI0023,ASG000444,DUD100285,2024-06-08,4,4,5,4,4,4,4,Yes,False,,
CFB0001122,CLI0023,ASG000444,DUD100285,2024-11-08,3,4,3,2,3,2,2,Maybe,False,,
CFB0001123,CLI0023,ASG000444,DUD100285,2026-02-02,4,4,5,4,4,4,4,Yes,False,,
CFB0001124,CLI0012,ASG000445,DUD100286,2022-02-18,2,2,2,3,2,2,1,Yes,False,,
CFB0001125,CLI0012,ASG000445,DUD100286,2022-03-22,4,5,5,4,3,5,3,No,False,,
CFB0001126,CLI0012,ASG000445,DUD100286,2022-01-13,4,4,4,4,4,4,4,Yes,False,,
CFB0001127,CLI0012,ASG000445,DUD100286,2022-04-20,4,5,5,5,4,3,4,Yes,False,,
CFB0001128,CLI0228,ASG000446,DUD100286,2023-07-08,3,3,3,2,3,2,3,No,False,,
CFB0001129,CLI0228,ASG000446,DUD100286,2024-03-12,4,5,5,5,3,4,3,Yes,False,,
CFB0001130,CLI0228,ASG000446,DUD100286,2025-08-03,4,4,5,4,5,4,5,Yes,False,,
CFB0001131,CLI0004,ASG000447,DUD100287,2025-12-13,2,2,1,1,2,2,3,Maybe,False,,
CFB0001132,CLI0029,ASG000448,DUD100287,2026-08-21,3,3,3,3,3,4,3,Yes,False,,
CFB0001133,CLI0029,ASG000448,DUD100287,2026-08-21,4,4,4,4,5,5,5,Yes,True,Attendance,
CFB0001134,CLI0029,ASG000448,DUD100287,2026-08-21,5,5,5,5,5,4,5,Yes,False,,
CFB0001135,CLI0150,ASG000449,DUD100288,2024-03-18,4,4,4,5,3,5,5,Yes,False,,
CFB0001136,CLI0150,ASG000449,DUD100288,2024-03-28,2,2,2,2,3,2,3,No,False,,
CFB0001137,CLI0221,ASG000450,DUD100288,2025-01-12,3,4,3,3,4,2,3,Yes,False,,
CFB0001138,CLI0253,ASG000451,DUD100288,2025-10-15,4,4,4,4,5,4,5,Yes,False,,
CFB0001139,CLI0253,ASG000451,DUD100288,2026-06-03,5,5,5,5,5,5,5,Maybe,False,,
CFB0001140,CLI0253,ASG000451,DUD100288,2025-05-13,5,5,4,4,5,5,5,Yes,False,,
CFB0001141,CLI0253,ASG000451,DUD100288,2025-06-23,4,3,4,4,4,3,4,Yes,False,,
CFB0001142,CLI0004,ASG000452,DUD100289,2025-08-18,3,2,2,3,3,3,3,Yes,False,,
CFB0001143,CLI0004,ASG000452,DUD100289,2025-08-22,5,4,5,5,4,5,5,Maybe,False,,
CFB0001144,CLI0004,ASG000452,DUD100289,2025-10-03,5,5,4,5,4,5,5,Yes,False,,
CFB0001145,CLI0004,ASG000452,DUD100289,2025-07-13,3,3,3,4,2,3,3,No,False,,
CFB0001146,CLI0185,ASG000453,DUD100289,2026-01-17,5,5,5,5,4,5,5,Yes,False,,
CFB0001147,CLI0185,ASG000453,DUD100289,2026-05-24,4,4,3,4,3,3,3,Yes,False,,
CFB0001148,CLI0185,ASG000453,DUD100289,2025-11-30,4,4,5,3,3,3,4,Maybe,False,,
CFB0001149,CLI0185,ASG000453,DUD100289,2026-08-01,4,3,4,4,4,3,4,Yes,False,,
CFB0001150,CLI0139,ASG000454,DUD100290,2025-07-06,2,1,2,2,1,2,2,Yes,False,,
CFB0001151,CLI0268,ASG000455,DUD100290,2026-06-09,4,3,4,5,3,4,4,Yes,False,,
CFB0001152,CLI0268,ASG000455,DUD100290,2026-07-20,5,4,5,5,5,5,5,Maybe,True,Professionalism,
CFB0001153,CLI0268,ASG000455,DUD100290,2026-06-10,4,4,3,5,4,5,4,No,False,,
CFB0001154,CLI0153,ASG000456,DUD100291,2023-06-24,1,1,1,1,1,1,2,No,False,,
CFB0001155,CLI0153,ASG000456,DUD100291,2024-04-21,5,5,5,5,5,5,5,No,False,,
CFB0001156,CLI0153,ASG000456,DUD100291,2023-09-09,4,4,3,5,3,5,4,Yes,False,,
CFB0001157,CLI0165,ASG000457,DUD100292,2025-06-12,5,5,5,4,4,5,5,Yes,False,,
CFB0001158,CLI0165,ASG000457,DUD100292,2025-02-15,4,4,4,4,4,3,5,Yes,False,,
CFB0001159,CLI0164,ASG000458,DUD100293,2024-08-15,3,4,4,3,3,3,3,Yes,True,Communication,
CFB0001160,CLI0164,ASG000458,DUD100293,2024-07-10,4,4,4,5,4,4,4,Maybe,False,,
CFB0001161,CLI0164,ASG000458,DUD100293,2024-08-17,4,5,5,4,5,5,4,Yes,False,,
CFB0001162,CLI0058,ASG000459,DUD100293,2025-11-09,3,2,4,3,4,4,4,Yes,True,Attendance,
CFB0001163,CLI0058,ASG000459,DUD100293,2025-10-26,5,5,5,5,5,4,5,Yes,False,,
CFB0001164,CLI0058,ASG000459,DUD100293,2025-01-14,5,4,5,5,5,5,5,Yes,False,,
CFB0001165,CLI0058,ASG000459,DUD100293,2024-12-19,4,4,5,4,4,4,3,Yes,False,,
CFB0001166,CLI0287,ASG000460,DUD100294,2022-12-01,4,4,5,5,4,4,5,Maybe,False,,
CFB0001167,CLI0287,ASG000460,DUD100294,2023-01-19,4,4,3,3,3,3,4,Yes,False,,
CFB0001168,CLI0287,ASG000460,DUD100294,2023-02-17,5,5,5,4,5,5,5,Yes,False,,
CFB0001169,CLI0287,ASG000460,DUD100294,2022-11-06,5,5,5,5,4,4,4,Maybe,False,,
CFB0001170,CLI0150,ASG000461,DUD100294,2023-04-11,5,4,5,5,4,5,5,Yes,False,,
CFB0001171,CLI0150,ASG000461,DUD100294,2023-09-06,4,5,4,4,5,4,5,Yes,False,,
CFB0001172,CLI0150,ASG000461,DUD100294,2023-09-01,4,4,5,3,5,4,4,Yes,False,,
CFB0001173,CLI0150,ASG000461,DUD100294,2023-05-21,4,4,3,4,4,4,5,Yes,False,,
CFB0001174,CLI0254,ASG000462,DUD100295,2026-05-17,4,3,4,5,4,4,5,Yes,False,,
CFB0001175,CLI0254,ASG000462,DUD100295,2025-11-30,3,3,2,4,2,3,2,No,False,,
CFB0001176,CLI0254,ASG000462,DUD100295,2024-03-05,4,4,4,3,4,5,3,Yes,False,,
CFB0001177,CLI0254,ASG000462,DUD100295,2023-04-08,4,5,4,4,4,4,5,Maybe,False,,
CFB0001178,CLI0124,ASG000463,DUD100296,2025-03-24,5,5,4,5,5,5,5,Yes,False,,
CFB0001179,CLI0124,ASG000463,DUD100296,2024-07-31,4,5,4,4,5,5,4,Yes,False,,
CFB0001180,CLI0124,ASG000463,DUD100296,2023-06-11,3,4,4,4,3,3,4,No,True,Punctuality,
CFB0001181,CLI0133,ASG000464,DUD100297,2024-04-13,4,4,3,4,4,4,5,Yes,False,,
CFB0001182,CLI0133,ASG000464,DUD100297,2024-03-23,4,5,5,4,4,3,4,Maybe,False,,
CFB0001183,CLI0173,ASG000465,DUD100297,2024-07-28,3,3,3,3,2,4,3,No,False,,
CFB0001184,CLI0001,ASG000466,DUD100298,2021-05-26,4,5,4,4,3,5,4,Yes,True,Professionalism,
CFB0001185,CLI0176,ASG000467,DUD100298,2026-07-12,4,4,4,4,5,5,3,Yes,False,,
CFB0001186,CLI0176,ASG000467,DUD100298,2025-07-13,4,3,4,4,3,5,4,Yes,False,,
CFB0001187,CLI0033,ASG000468,DUD100299,2024-07-16,5,5,5,5,5,5,5,Yes,False,,
CFB0001188,CLI0033,ASG000468,DUD100299,2024-09-05,4,4,4,5,3,4,5,Maybe,True,Classroom Management,
CFB0001189,CLI0033,ASG000468,DUD100299,2025-04-06,1,1,1,2,1,1,1,Yes,False,,
CFB0001190,CLI0033,ASG000468,DUD100299,2024-03-16,4,3,5,4,4,3,3,Yes,False,,
CFB0001191,CLI0110,ASG000469,DUD100300,2026-02-07,4,4,5,4,4,3,4,Maybe,False,,
CFB0001192,CLI0110,ASG000469,DUD100300,2025-12-01,4,5,4,4,3,4,5,Yes,False,,
CFB0001193,CLI0110,ASG000469,DUD100300,2026-02-08,3,4,2,2,2,2,3,Yes,False,,
CFB0001194,CLI0034,ASG000470,DUD100301,2023-09-22,5,5,5,5,5,5,4,Maybe,False,,
CFB0001195,CLI0283,ASG000471,DUD100301,2025-11-02,4,5,5,4,4,3,3,Maybe,False,,
CFB0001196,CLI0283,ASG000471,DUD100301,2026-03-23,5,5,4,5,5,5,4,Yes,False,,
CFB0001197,CLI0283,ASG000471,DUD100301,2025-03-31,5,5,4,4,5,5,5,Yes,False,,
CFB0001198,CLI0295,ASG000472,DUD100302,2021-12-28,5,5,5,5,5,5,5,Maybe,False,,
CFB0001199,CLI0295,ASG000472,DUD100302,2021-08-02,3,3,3,3,3,2,4,Maybe,False,,
CFB0001200,CLI0295,ASG000472,DUD100302,2021-09-11,3,2,3,3,3,3,3,Maybe,False,,
CFB0001201,CLI0295,ASG000472,DUD100302,2021-12-13,5,4,4,5,5,5,4,Yes,False,,
CFB0001202,CLI0165,ASG000473,DUD100303,2022-12-24,2,2,1,1,1,2,2,No,False,,
CFB0001203,CLI0116,ASG000474,DUD100303,2023-03-29,4,4,4,3,4,5,5,Maybe,False,,
CFB0001204,CLI0116,ASG000474,DUD100303,2023-09-11,4,3,5,3,4,4,4,No,False,,
CFB0001205,CLI0116,ASG000474,DUD100303,2024-04-16,4,4,5,4,4,3,4,Maybe,False,,
CFB0001206,CLI0057,ASG000475,DUD100304,2024-06-09,4,4,3,3,3,5,4,Yes,False,,
CFB0001207,CLI0057,ASG000475,DUD100304,2026-08-11,2,1,3,2,3,2,2,Yes,False,,
CFB0001208,CLI0057,ASG000475,DUD100304,2026-06-18,3,3,4,4,3,3,3,Yes,False,,
CFB0001209,CLI0014,ASG000476,DUD100305,2024-08-24,4,4,4,4,4,5,4,No,False,,
CFB0001210,CLI0014,ASG000476,DUD100305,2023-01-09,4,3,4,5,4,5,5,Yes,False,,
CFB0001211,CLI0014,ASG000476,DUD100305,2024-02-15,5,5,5,5,5,5,5,Yes,False,,
CFB0001212,CLI0014,ASG000476,DUD100305,2023-07-10,4,4,5,4,4,3,5,Maybe,False,,
CFB0001213,CLI0298,ASG000477,DUD100306,2023-01-23,4,5,5,4,5,4,3,Yes,True,Communication,
CFB0001214,CLI0298,ASG000477,DUD100306,2023-01-26,4,4,3,4,4,4,5,Yes,False,,
CFB0001215,CLI0298,ASG000477,DUD100306,2023-01-10,4,4,3,5,4,4,3,Yes,False,,
CFB0001216,CLI0075,ASG000478,DUD100306,2026-06-18,4,4,4,4,4,5,5,Yes,False,,
CFB0001217,CLI0075,ASG000478,DUD100306,2025-04-21,5,5,5,5,5,5,4,Yes,False,,
CFB0001218,CLI0075,ASG000478,DUD100306,2023-07-20,2,2,2,1,1,2,1,Maybe,False,,
CFB0001219,CLI0075,ASG000478,DUD100306,2024-01-11,2,2,1,3,3,2,1,Maybe,False,,
CFB0001220,CLI0185,ASG000479,DUD100307,2024-07-17,5,5,4,4,5,5,4,Yes,False,,
CFB0001221,CLI0185,ASG000479,DUD100307,2023-10-12,2,1,1,1,1,2,3,Yes,False,,
CFB0001222,CLI0185,ASG000479,DUD100307,2024-04-27,4,4,3,5,3,3,4,Maybe,False,,
CFB0001223,CLI0185,ASG000479,DUD100307,2024-07-08,5,5,5,4,5,4,5,Maybe,False,,
CFB0001224,CLI0004,ASG000480,DUD100307,2024-11-21,5,5,4,4,5,5,4,Yes,False,,
CFB0001225,CLI0004,ASG000480,DUD100307,2025-01-16,3,3,4,3,4,4,3,Maybe,False,,
CFB0001226,CLI0004,ASG000480,DUD100307,2024-10-02,3,3,3,2,4,3,4,Yes,True,Lesson Quality,
CFB0001227,CLI0004,ASG000480,DUD100307,2024-11-14,3,3,2,3,2,2,3,Yes,False,,
CFB0001228,CLI0256,ASG000481,DUD100308,2021-09-13,4,4,4,4,4,5,4,Yes,False,,
CFB0001229,CLI0256,ASG000481,DUD100308,2021-09-30,4,5,4,5,5,4,4,Yes,False,,
CFB0001230,CLI0238,ASG000482,DUD100308,2025-01-10,4,3,3,4,3,3,4,Maybe,False,,
CFB0001231,CLI0238,ASG000482,DUD100308,2022-05-10,5,5,5,5,5,5,4,Yes,False,,
CFB0001232,CLI0029,ASG000483,DUD100309,2022-12-02,3,3,4,4,4,3,3,No,False,,
CFB0001233,CLI0029,ASG000483,DUD100309,2022-08-11,5,5,4,5,5,5,4,Yes,False,,
CFB0001234,CLI0009,ASG000484,DUD100309,2025-06-22,4,4,4,3,4,4,5,Yes,False,,
CFB0001235,CLI0211,ASG000485,DUD100310,2024-11-29,4,4,3,4,4,4,5,Yes,False,,
CFB0001236,CLI0291,ASG000486,DUD100310,2026-04-01,4,4,5,4,4,4,4,Maybe,False,,
CFB0001237,CLI0190,ASG000487,DUD100311,2021-06-20,3,2,2,2,3,3,3,Maybe,False,,
CFB0001238,CLI0190,ASG000487,DUD100311,2022-04-12,4,4,5,4,4,4,5,Yes,False,,
CFB0001239,CLI0190,ASG000487,DUD100311,2022-06-23,4,3,4,4,5,4,4,Yes,True,Communication,
CFB0001240,CLI0190,ASG000487,DUD100311,2022-04-13,4,3,4,5,5,3,5,No,False,,
CFB0001241,CLI0256,ASG000488,DUD100312,2026-01-18,2,2,2,3,2,1,2,Yes,False,,
CFB0001242,CLI0256,ASG000488,DUD100312,2024-06-01,1,1,1,1,1,1,1,Maybe,False,,
CFB0001243,CLI0092,ASG000489,DUD100313,2026-04-28,5,5,5,5,4,5,5,Yes,False,,
CFB0001244,CLI0092,ASG000489,DUD100313,2025-06-20,4,4,4,4,3,4,3,Maybe,False,,
CFB0001245,CLI0092,ASG000489,DUD100313,2023-04-01,4,4,4,3,4,4,3,Maybe,False,,
CFB0001246,CLI0092,ASG000489,DUD100313,2026-03-12,4,5,4,4,4,4,3,Maybe,False,,
CFB0001247,CLI0189,ASG000490,DUD100314,2024-04-26,4,3,5,4,4,5,3,Yes,False,,
CFB0001248,CLI0189,ASG000490,DUD100314,2024-12-30,3,3,3,2,2,3,2,Maybe,False,,
CFB0001249,CLI0189,ASG000490,DUD100314,2024-03-28,4,4,5,3,3,4,3,Yes,False,,
CFB0001250,CLI0189,ASG000490,DUD100314,2025-03-01,1,1,1,2,1,2,1,Yes,True,Attendance,
CFB0001251,CLI0185,ASG000491,DUD100315,2025-11-03,3,3,4,3,3,3,3,Yes,False,,
CFB0001252,CLI0185,ASG000491,DUD100315,2025-11-18,5,5,5,5,5,4,4,Yes,False,,
CFB0001253,CLI0185,ASG000491,DUD100315,2025-08-29,4,4,4,4,5,4,4,Maybe,False,,
CFB0001254,CLI0280,ASG000492,DUD100315,2026-03-20,3,3,4,4,3,4,2,Yes,True,Communication,
CFB0001255,CLI0280,ASG000492,DUD100315,2026-01-03,3,2,3,3,3,3,2,Maybe,True,Punctuality,
CFB0001256,CLI0280,ASG000492,DUD100315,2026-02-18,3,4,3,3,3,3,4,Maybe,False,,
CFB0001257,CLI0280,ASG000492,DUD100315,2026-04-03,1,1,2,2,1,1,1,Maybe,False,,
CFB0001258,CLI0267,ASG000493,DUD100315,2027-01-28,4,5,5,5,5,4,5,Yes,False,,
CFB0001259,CLI0092,ASG000494,DUD100316,2026-01-28,4,4,4,4,4,5,4,Yes,False,,
CFB0001260,CLI0092,ASG000494,DUD100316,2026-07-06,4,4,4,5,3,5,3,No,False,,
CFB0001261,CLI0092,ASG000494,DUD100316,2026-01-22,5,5,5,5,5,5,5,Maybe,False,,
CFB0001262,CLI0131,ASG000495,DUD100316,2026-12-05,1,2,2,1,1,2,2,Yes,False,,
CFB0001263,CLI0131,ASG000495,DUD100316,2026-12-05,5,5,5,5,5,5,5,Yes,False,,
CFB0001264,CLI0135,ASG000496,DUD100317,2026-07-08,1,1,1,2,2,1,1,No,False,,
CFB0001265,CLI0135,ASG000496,DUD100317,2027-02-06,5,5,5,5,5,5,5,Maybe,False,,
CFB0001266,CLI0135,ASG000496,DUD100317,2026-08-05,4,5,5,4,4,4,4,Yes,False,,
CFB0001267,CLI0135,ASG000496,DUD100317,2027-01-03,3,3,3,3,4,2,3,Maybe,False,,
CFB0001268,CLI0250,ASG000497,DUD100317,2027-10-04,4,5,3,4,3,4,5,Yes,False,,
CFB0001269,CLI0250,ASG000497,DUD100317,2027-11-10,4,4,4,4,4,4,3,Yes,False,,
CFB0001270,CLI0120,ASG000498,DUD100317,2028-05-05,4,3,3,4,4,3,5,Yes,False,,
CFB0001271,CLI0120,ASG000498,DUD100317,2028-05-05,1,1,1,1,1,1,1,No,False,,
CFB0001272,CLI0120,ASG000498,DUD100317,2028-05-05,3,2,3,2,2,3,3,Maybe,False,,
CFB0001273,CLI0142,ASG000499,DUD100318,2022-07-04,3,3,3,3,4,2,4,Maybe,False,,
CFB0001274,CLI0142,ASG000499,DUD100318,2022-04-23,3,3,4,3,4,3,2,Yes,False,,
CFB0001275,CLI0088,ASG000500,DUD100318,2022-10-02,5,5,4,4,5,5,5,Yes,False,,
CFB0001276,CLI0088,ASG000500,DUD100318,2024-05-02,4,3,4,3,3,4,4,Maybe,False,,
CFB0001277,CLI0088,ASG000500,DUD100318,2025-12-02,4,5,3,4,4,3,3,Maybe,False,,
CFB0001278,CLI0219,ASG000501,DUD100319,2022-12-31,4,4,3,4,4,4,4,Yes,False,,
CFB0001279,CLI0219,ASG000501,DUD100319,2022-02-28,5,5,5,5,5,4,5,Maybe,True,Communication,
CFB0001280,CLI0219,ASG000501,DUD100319,2022-03-31,4,5,5,5,4,5,5,Yes,False,,
CFB0001281,CLI0029,ASG000502,DUD100319,2024-12-16,4,4,4,4,5,4,3,Maybe,False,,
CFB0001282,CLI0029,ASG000502,DUD100319,2026-06-07,2,1,3,3,2,2,3,No,False,,
CFB0001283,CLI0029,ASG000502,DUD100319,2023-12-12,4,4,4,4,3,5,3,Maybe,False,,
CFB0001284,CLI0029,ASG000502,DUD100319,2023-06-10,5,5,5,4,5,5,5,Yes,False,,
CFB0001285,CLI0083,ASG000503,DUD100320,2025-07-21,4,4,4,3,4,4,4,Yes,False,,
CFB0001286,CLI0083,ASG000503,DUD100320,2025-08-23,2,3,3,2,2,1,1,No,False,,
CFB0001287,CLI0020,ASG000504,DUD100320,2026-06-23,5,5,5,5,5,5,4,Yes,False,,
CFB0001288,CLI0020,ASG000504,DUD100320,2025-12-26,4,4,4,5,3,3,4,Yes,False,,
CFB0001289,CLI0180,ASG000505,DUD100321,2026-08-04,3,2,3,3,3,3,3,No,False,,
CFB0001290,CLI0180,ASG000505,DUD100321,2025-10-24,2,2,1,2,2,2,1,Yes,False,,
CFB0001291,CLI0273,ASG000506,DUD100322,2021-08-14,5,4,5,5,5,5,4,Yes,False,,
CFB0001292,CLI0081,ASG000507,DUD100322,2023-09-08,4,4,4,4,5,3,4,Yes,False,,
CFB0001293,CLI0107,ASG000508,DUD100323,2026-03-06,2,2,2,1,1,1,1,Yes,False,,
CFB0001294,CLI0107,ASG000508,DUD100323,2025-06-19,4,4,5,3,3,3,3,Yes,False,,
CFB0001295,CLI0107,ASG000508,DUD100323,2025-05-15,4,5,4,4,3,4,4,Yes,False,,
CFB0001296,CLI0296,ASG000509,DUD100323,2026-04-30,5,4,5,5,4,5,4,Maybe,False,,
CFB0001297,CLI0296,ASG000509,DUD100323,2026-06-27,3,4,3,3,2,3,3,Maybe,True,Punctuality,
CFB0001298,CLI0296,ASG000509,DUD100323,2026-06-04,2,2,3,3,3,1,2,Yes,False,,
CFB0001299,CLI0202,ASG000510,DUD100324,2025-11-16,4,4,3,5,4,4,5,Yes,False,,
CFB0001300,CLI0202,ASG000510,DUD100324,2025-10-27,5,5,4,5,4,5,4,Yes,False,,
CFB0001301,CLI0202,ASG000510,DUD100324,2026-01-16,4,5,3,3,4,4,5,Yes,False,,
CFB0001302,CLI0202,ASG000510,DUD100324,2025-10-02,5,4,5,5,5,5,5,Yes,False,,
CFB0001303,CLI0278,ASG000511,DUD100325,2023-02-06,4,4,4,4,4,4,4,Yes,False,,
CFB0001304,CLI0278,ASG000511,DUD100325,2022-12-06,5,5,5,5,5,5,5,Yes,False,,
CFB0001305,CLI0278,ASG000511,DUD100325,2023-01-01,3,3,2,3,2,3,3,Yes,True,Classroom Management,
CFB0001306,CLI0278,ASG000511,DUD100325,2022-10-09,4,3,3,4,4,4,3,Yes,False,,
CFB0001307,CLI0094,ASG000512,DUD100325,2024-09-10,4,4,5,4,4,5,3,Yes,False,,
CFB0001308,CLI0094,ASG000512,DUD100325,2024-10-19,5,5,5,5,4,4,5,Yes,False,,
CFB0001309,CLI0094,ASG000512,DUD100325,2024-12-01,4,4,4,4,4,4,4,Maybe,False,,
CFB0001310,CLI0094,ASG000512,DUD100325,2024-07-24,4,4,3,5,5,4,4,Maybe,False,,
CFB0001311,CLI0100,ASG000513,DUD100325,2025-08-23,4,4,4,5,4,5,3,Yes,False,,
CFB0001312,CLI0031,ASG000514,DUD100326,2023-01-09,5,5,4,5,5,5,5,Yes,False,,
CFB0001313,CLI0031,ASG000514,DUD100326,2022-03-03,4,4,4,3,3,4,5,Yes,True,Classroom Management,
CFB0001314,CLI0031,ASG000514,DUD100326,2022-03-26,4,5,4,4,5,3,4,Maybe,False,,
CFB0001315,CLI0031,ASG000514,DUD100326,2023-01-06,5,4,4,5,4,5,4,Yes,False,,
CFB0001316,CLI0199,ASG000515,DUD100327,2024-08-27,1,1,1,2,2,1,1,Yes,False,,
CFB0001317,CLI0199,ASG000515,DUD100327,2023-11-25,3,4,3,2,3,3,3,Maybe,True,Lesson Quality,
CFB0001318,CLI0199,ASG000515,DUD100327,2025-08-30,5,5,4,4,5,4,5,Yes,False,,
CFB0001319,CLI0199,ASG000515,DUD100327,2025-01-19,3,3,4,4,4,4,4,Yes,False,,
CFB0001320,CLI0204,ASG000516,DUD100328,2023-07-29,5,4,5,5,4,5,5,Yes,False,,
CFB0001321,CLI0204,ASG000516,DUD100328,2023-09-28,4,4,5,5,3,5,4,No,False,,
CFB0001322,CLI0204,ASG000516,DUD100328,2023-09-20,5,5,5,5,4,5,5,Maybe,False,,
CFB0001323,CLI0255,ASG000517,DUD100328,2024-12-07,5,4,5,5,5,5,4,Yes,False,,
CFB0001324,CLI0255,ASG000517,DUD100328,2025-05-25,3,3,3,3,3,3,3,No,False,,
CFB0001325,CLI0255,ASG000517,DUD100328,2024-10-01,5,4,4,5,5,5,5,Maybe,False,,
CFB0001326,CLI0255,ASG000517,DUD100328,2024-12-04,3,3,4,3,2,3,2,Maybe,False,,
CFB0001327,CLI0289,ASG000518,DUD100329,2022-08-27,4,4,4,4,3,4,4,Maybe,False,,
CFB0001328,CLI0289,ASG000518,DUD100329,2023-04-15,4,4,4,4,4,4,4,Maybe,False,,
CFB0001329,CLI0289,ASG000518,DUD100329,2023-07-23,4,3,4,4,4,5,5,Maybe,False,,
CFB0001330,CLI0289,ASG000518,DUD100329,2023-09-06,1,1,1,1,1,1,1,Yes,False,,
CFB0001331,CLI0195,ASG000519,DUD100329,2025-04-04,4,4,4,4,4,3,4,Yes,True,Lesson Quality,
CFB0001332,CLI0195,ASG000519,DUD100329,2024-06-14,5,5,5,5,5,5,5,Yes,False,,
CFB0001333,CLI0195,ASG000519,DUD100329,2026-03-23,5,5,5,5,5,5,4,Yes,False,,
CFB0001334,CLI0017,ASG000520,DUD100330,2024-01-17,4,5,4,4,4,5,3,Maybe,False,,
CFB0001335,CLI0017,ASG000520,DUD100330,2023-12-26,4,4,4,3,3,4,5,Yes,False,,
CFB0001336,CLI0202,ASG000521,DUD100331,2022-08-25,2,2,1,3,3,1,2,Maybe,False,,
CFB0001337,CLI0202,ASG000521,DUD100331,2023-02-12,3,4,4,4,2,2,3,No,True,Attendance,
CFB0001338,CLI0202,ASG000521,DUD100331,2023-02-07,5,5,5,5,5,4,4,Maybe,False,,
CFB0001339,CLI0202,ASG000521,DUD100331,2022-10-12,3,2,3,2,3,4,3,Maybe,True,Professionalism,
CFB0001340,CLI0280,ASG000522,DUD100331,2023-06-02,4,4,4,3,4,4,4,Yes,False,,
CFB0001341,CLI0280,ASG000522,DUD100331,2023-05-18,3,3,4,4,4,3,2,No,False,,
CFB0001342,CLI0280,ASG000522,DUD100331,2023-03-05,1,1,1,1,1,1,1,Yes,False,,
CFB0001343,CLI0280,ASG000522,DUD100331,2023-08-30,5,4,5,4,5,4,5,Yes,False,,
CFB0001344,CLI0127,ASG000523,DUD100332,2026-08-16,5,5,5,5,5,5,5,Yes,False,,
CFB0001345,CLI0127,ASG000523,DUD100332,2025-02-10,5,4,5,5,4,5,4,Yes,False,,
CFB0001346,CLI0196,ASG000524,DUD100333,2024-03-06,5,4,4,5,5,5,5,No,False,,
CFB0001347,CLI0196,ASG000524,DUD100333,2024-05-28,3,2,3,4,4,2,3,Maybe,False,,
CFB0001348,CLI0196,ASG000524,DUD100333,2023-11-19,5,4,4,5,5,5,4,Maybe,False,,
CFB0001349,CLI0196,ASG000524,DUD100333,2024-02-22,4,3,5,3,4,5,3,Yes,False,,
CFB0001350,CLI0040,ASG000525,DUD100333,2024-10-15,5,5,5,5,5,5,4,Yes,False,,
CFB0001351,CLI0018,ASG000526,DUD100334,2025-11-22,4,4,4,4,3,4,4,Yes,True,Attendance,
CFB0001352,CLI0018,ASG000526,DUD100334,2025-06-15,4,3,4,4,4,4,4,Yes,False,,
CFB0001353,CLI0018,ASG000526,DUD100334,2025-06-22,1,1,2,1,1,1,1,Yes,False,,
CFB0001354,CLI0018,ASG000526,DUD100334,2025-07-24,4,4,4,4,4,4,4,Yes,False,,
CFB0001355,CLI0158,ASG000527,DUD100334,2026-05-27,5,5,5,5,5,5,4,Yes,False,,
CFB0001356,CLI0067,ASG000528,DUD100335,2025-08-19,3,4,3,3,4,4,3,Yes,True,Classroom Management,
CFB0001357,CLI0067,ASG000528,DUD100335,2026-04-07,5,5,5,4,5,5,5,Yes,False,,
CFB0001358,CLI0290,ASG000529,DUD100335,2026-08-05,3,2,4,3,3,3,3,Yes,True,Professionalism,
CFB0001359,CLI0290,ASG000529,DUD100335,2026-08-06,5,5,5,5,4,4,5,Yes,False,,
CFB0001360,CLI0290,ASG000529,DUD100335,2026-08-17,4,5,4,4,5,4,3,No,False,,
CFB0001361,CLI0290,ASG000529,DUD100335,2026-08-07,4,4,4,4,3,4,5,Yes,False,,
CFB0001362,CLI0266,ASG000530,DUD100336,2024-12-25,4,4,3,4,5,4,3,Yes,False,,
CFB0001363,CLI0266,ASG000530,DUD100336,2026-07-19,2,2,2,2,2,3,3,Maybe,False,,
CFB0001364,CLI0266,ASG000530,DUD100336,2026-06-23,4,4,3,4,4,3,4,Yes,False,,
CFB0001365,CLI0088,ASG000531,DUD100337,2026-01-10,5,5,5,5,4,5,5,No,False,,
CFB0001366,CLI0088,ASG000531,DUD100337,2025-09-17,3,3,3,3,4,3,3,No,False,,
CFB0001367,CLI0088,ASG000531,DUD100337,2026-04-06,3,3,3,3,3,3,4,Maybe,False,,
CFB0001368,CLI0128,ASG000532,DUD100338,2024-06-30,3,3,4,3,3,3,3,Maybe,False,,
CFB0001369,CLI0128,ASG000532,DUD100338,2023-11-30,3,3,3,3,3,3,3,No,False,,
CFB0001370,CLI0128,ASG000532,DUD100338,2023-12-21,5,5,4,5,4,5,5,Yes,False,,
CFB0001371,CLI0181,ASG000533,DUD100339,2026-04-20,4,5,4,3,4,3,4,Maybe,False,,
CFB0001372,CLI0019,ASG000534,DUD100340,2024-06-05,1,1,1,1,1,2,1,Maybe,False,,
CFB0001373,CLI0161,ASG000535,DUD100341,2026-04-25,5,5,5,4,5,5,5,Yes,False,,
CFB0001374,CLI0161,ASG000535,DUD100341,2025-07-20,4,4,4,4,3,3,5,Yes,False,,
CFB0001375,CLI0161,ASG000535,DUD100341,2025-11-03,5,4,5,4,5,4,5,Maybe,False,,
CFB0001376,CLI0161,ASG000535,DUD100341,2025-08-28,4,3,5,4,4,4,5,Maybe,False,,
CFB0001377,CLI0078,ASG000536,DUD100341,2027-08-05,5,5,5,5,5,5,5,Yes,False,,
CFB0001378,CLI0078,ASG000536,DUD100341,2027-02-09,3,4,4,3,3,4,4,Yes,False,,
CFB0001379,CLI0078,ASG000536,DUD100341,2026-11-08,4,4,5,4,3,5,5,Yes,False,,
CFB0001380,CLI0110,ASG000537,DUD100341,2027-09-07,4,3,3,3,4,4,5,Yes,False,,
CFB0001381,CLI0110,ASG000537,DUD100341,2028-03-21,3,3,4,3,3,3,3,Yes,False,,
CFB0001382,CLI0110,ASG000537,DUD100341,2028-03-01,4,3,3,4,4,4,5,Yes,False,,
CFB0001383,CLI0141,ASG000538,DUD100342,2025-04-08,4,4,4,4,4,4,3,Yes,False,,
CFB0001384,CLI0217,ASG000539,DUD100342,2025-06-26,3,3,4,3,4,3,3,Yes,False,,
CFB0001385,CLI0217,ASG000539,DUD100342,2025-08-31,5,5,5,4,4,5,5,Yes,False,,
CFB0001386,CLI0217,ASG000539,DUD100342,2025-07-08,4,4,5,4,4,4,4,Maybe,False,,
CFB0001387,CLI0217,ASG000539,DUD100342,2025-06-04,4,4,4,4,4,3,5,Maybe,False,,
CFB0001388,CLI0135,ASG000540,DUD100343,2024-03-26,3,3,4,2,3,3,2,Maybe,False,,
CFB0001389,CLI0135,ASG000540,DUD100343,2024-02-25,4,4,3,4,5,3,4,Yes,False,,
CFB0001390,CLI0135,ASG000540,DUD100343,2024-02-13,5,4,5,5,5,4,5,Yes,False,,
CFB0001391,CLI0135,ASG000540,DUD100343,2024-01-14,5,5,5,5,5,5,5,Yes,False,,
CFB0001392,CLI0243,ASG000541,DUD100343,2024-12-18,4,4,5,3,5,5,4,Yes,False,,
CFB0001393,CLI0067,ASG000542,DUD100343,2026-08-17,5,5,5,5,4,5,4,Maybe,False,,
CFB0001394,CLI0067,ASG000542,DUD100343,2025-07-09,4,4,4,4,4,4,4,Maybe,False,,
CFB0001395,CLI0067,ASG000542,DUD100343,2025-11-02,5,5,5,5,5,5,5,Yes,False,,
CFB0001396,CLI0038,ASG000543,DUD100344,2027-01-13,3,3,3,2,3,2,3,Maybe,False,,
CFB0001397,CLI0038,ASG000543,DUD100344,2026-03-20,4,5,4,4,3,3,4,Maybe,False,,
CFB0001398,CLI0260,ASG000544,DUD100344,2027-07-18,4,4,3,4,3,4,4,Yes,False,,
CFB0001399,CLI0260,ASG000544,DUD100344,2027-07-18,5,5,5,5,4,5,5,Yes,False,,
CFB0001400,CLI0266,ASG000545,DUD100345,2025-07-03,4,4,3,5,5,3,4,Maybe,False,,
CFB0001401,CLI0266,ASG000545,DUD100345,2025-02-05,3,3,4,4,2,3,3,Maybe,False,,
CFB0001402,CLI0299,ASG000546,DUD100345,2026-03-09,5,5,4,5,5,5,5,No,False,,
CFB0001403,CLI0299,ASG000546,DUD100345,2026-02-06,3,3,2,3,4,3,3,Maybe,False,,
CFB0001404,CLI0299,ASG000546,DUD100345,2026-03-22,4,4,4,4,4,4,4,Yes,False,,
CFB0001405,CLI0299,ASG000546,DUD100345,2026-08-01,5,5,5,5,5,4,4,Maybe,False,,
CFB0001406,CLI0182,ASG000547,DUD100346,2023-02-05,3,3,3,2,3,2,2,Yes,False,,
CFB0001407,CLI0182,ASG000547,DUD100346,2025-12-11,5,5,5,5,4,4,5,Maybe,False,,
CFB0001408,CLI0182,ASG000547,DUD100346,2023-11-19,3,2,3,3,3,4,3,Maybe,False,,
CFB0001409,CLI0249,ASG000548,DUD100347,2022-10-14,5,5,5,5,5,5,5,Yes,False,,
CFB0001410,CLI0249,ASG000548,DUD100347,2022-06-27,4,4,5,5,3,3,4,Maybe,False,,
CFB0001411,CLI0249,ASG000548,DUD100347,2022-09-12,5,5,5,5,5,4,4,Yes,False,,
CFB0001412,CLI0249,ASG000548,DUD100347,2022-08-01,5,5,5,5,4,5,5,Yes,False,,
CFB0001413,CLI0227,ASG000549,DUD100347,2023-05-17,3,3,2,2,3,4,3,Maybe,False,,
CFB0001414,CLI0023,ASG000550,DUD100348,2024-01-20,4,4,4,3,4,4,3,Yes,False,,
CFB0001415,CLI0023,ASG000550,DUD100348,2023-11-09,3,3,4,2,4,4,3,Maybe,False,,
CFB0001416,CLI0188,ASG000551,DUD100348,2024-07-01,2,1,2,2,2,3,1,No,False,,
CFB0001417,CLI0188,ASG000551,DUD100348,2024-09-07,2,3,2,2,3,2,1,Maybe,False,,
CFB0001418,CLI0188,ASG000551,DUD100348,2026-06-06,4,4,4,3,4,4,4,Yes,False,,
CFB0001419,CLI0188,ASG000551,DUD100348,2024-08-01,4,4,5,3,3,5,4,Yes,False,,
CFB0001420,CLI0141,ASG000552,DUD100349,2022-06-19,4,3,3,3,4,5,5,Yes,False,,
CFB0001421,CLI0141,ASG000552,DUD100349,2022-05-14,5,4,4,5,5,5,5,Yes,False,,
CFB0001422,CLI0141,ASG000552,DUD100349,2022-04-28,3,3,3,3,4,4,2,Yes,False,,
CFB0001423,CLI0141,ASG000552,DUD100349,2022-05-01,4,4,4,4,5,4,5,Yes,False,,
CFB0001424,CLI0103,ASG000553,DUD100349,2023-12-30,3,3,2,3,2,2,4,Maybe,True,Professionalism,
CFB0001425,CLI0103,ASG000553,DUD100349,2023-02-09,5,4,4,5,5,4,5,Yes,False,,
CFB0001426,CLI0272,ASG000554,DUD100349,2025-12-27,4,5,4,5,5,4,3,Maybe,False,,
CFB0001427,CLI0074,ASG000555,DUD100350,2026-08-11,4,5,3,5,3,3,4,Yes,False,,
CFB0001428,CLI0257,ASG000556,DUD100351,2024-03-26,4,4,3,4,3,5,4,Maybe,False,,
CFB0001429,CLI0266,ASG000557,DUD100352,2023-02-10,4,5,5,3,3,3,5,Yes,False,,
CFB0001430,CLI0266,ASG000557,DUD100352,2024-02-13,3,2,2,3,4,2,2,Maybe,False,,
CFB0001431,CLI0266,ASG000557,DUD100352,2023-05-04,4,4,4,4,4,3,4,Yes,False,,
CFB0001432,CLI0266,ASG000557,DUD100352,2024-01-02,3,3,2,4,3,2,3,No,False,,
CFB0001433,CLI0022,ASG000558,DUD100352,2025-08-05,4,4,4,5,5,4,4,Yes,False,,
CFB0001434,CLI0022,ASG000558,DUD100352,2026-06-12,4,4,3,4,5,4,4,Yes,False,,
CFB0001435,CLI0022,ASG000558,DUD100352,2026-07-06,5,5,4,5,5,5,5,Maybe,False,,
CFB0001436,CLI0022,ASG000558,DUD100352,2025-11-19,5,5,4,5,5,5,5,No,False,,
CFB0001437,CLI0238,ASG000559,DUD100353,2025-05-17,4,4,4,5,4,3,4,Yes,False,,
CFB0001438,CLI0238,ASG000559,DUD100353,2024-10-25,4,3,3,4,3,3,4,Yes,False,,
CFB0001439,CLI0238,ASG000559,DUD100353,2025-05-10,4,3,5,3,5,4,5,Yes,False,,
CFB0001440,CLI0238,ASG000559,DUD100353,2025-04-25,5,4,5,5,5,5,5,Yes,False,,
CFB0001441,CLI0292,ASG000560,DUD100354,2024-04-11,5,5,5,4,5,5,4,Yes,False,,
CFB0001442,CLI0292,ASG000560,DUD100354,2025-04-26,3,3,3,3,4,4,2,Maybe,False,,
CFB0001443,CLI0292,ASG000560,DUD100354,2024-04-20,5,5,5,5,5,5,5,No,False,,
CFB0001444,CLI0011,ASG000561,DUD100355,2022-01-29,4,4,5,4,5,5,3,Maybe,False,,
CFB0001445,CLI0011,ASG000561,DUD100355,2022-01-21,3,4,3,4,2,3,4,Maybe,False,,
CFB0001446,CLI0066,ASG000562,DUD100355,2022-11-28,4,4,4,3,5,4,4,Yes,False,,
CFB0001447,CLI0066,ASG000562,DUD100355,2022-09-27,4,4,3,4,3,3,4,Yes,False,,
CFB0001448,CLI0066,ASG000562,DUD100355,2022-12-04,4,4,4,4,4,4,3,Yes,False,,
CFB0001449,CLI0066,ASG000562,DUD100355,2022-11-28,5,5,5,5,5,4,5,Yes,False,,
CFB0001450,CLI0076,ASG000563,DUD100355,2023-04-12,4,5,5,4,4,5,4,Yes,False,,
CFB0001451,CLI0076,ASG000563,DUD100355,2023-01-31,5,5,5,5,5,4,4,Yes,False,,
CFB0001452,CLI0076,ASG000563,DUD100355,2023-04-17,4,5,5,4,4,5,3,Maybe,False,,
CFB0001453,CLI0076,ASG000563,DUD100355,2023-04-10,4,4,4,4,4,4,5,Yes,False,,
CFB0001454,CLI0292,ASG000564,DUD100356,2023-12-27,4,4,4,5,4,3,4,No,False,,
CFB0001455,CLI0292,ASG000564,DUD100356,2023-10-23,4,5,3,4,4,4,4,Yes,False,,
CFB0001456,CLI0292,ASG000564,DUD100356,2023-06-05,5,4,5,4,5,5,4,Maybe,False,,
CFB0001457,CLI0246,ASG000565,DUD100356,2024-03-19,3,3,4,3,4,3,2,Yes,False,,
CFB0001458,CLI0246,ASG000565,DUD100356,2024-03-25,3,2,2,3,4,4,3,Yes,False,,
CFB0001459,CLI0246,ASG000565,DUD100356,2024-04-24,3,2,2,2,3,2,2,Maybe,False,,
CFB0001460,CLI0246,ASG000565,DUD100356,2024-03-26,5,4,5,5,4,4,4,Maybe,False,,
CFB0001461,CLI0253,ASG000566,DUD100356,2024-10-27,1,1,2,1,1,1,1,No,False,,
CFB0001462,CLI0253,ASG000566,DUD100356,2026-05-28,2,1,3,1,2,2,2,Yes,False,,
CFB0001463,CLI0253,ASG000566,DUD100356,2024-12-27,3,4,2,4,3,3,2,Yes,True,Communication,
CFB0001464,CLI0253,ASG000566,DUD100356,2026-06-19,4,4,3,4,5,3,5,Yes,False,,
CFB0001465,CLI0255,ASG000567,DUD100357,2025-06-02,4,4,5,5,3,5,4,Yes,False,,
CFB0001466,CLI0255,ASG000567,DUD100357,2024-09-23,4,3,5,4,4,4,5,Maybe,False,,
CFB0001467,CLI0255,ASG000567,DUD100357,2024-07-07,5,5,5,4,5,5,5,Maybe,False,,
CFB0001468,CLI0255,ASG000567,DUD100357,2026-07-02,4,4,4,4,4,4,3,No,False,,
CFB0001469,CLI0010,ASG000568,DUD100358,2026-04-26,3,3,3,2,3,2,2,Yes,False,,
CFB0001470,CLI0010,ASG000568,DUD100358,2026-05-14,5,5,4,5,5,5,5,Maybe,False,,
CFB0001471,CLI0010,ASG000568,DUD100358,2026-05-09,5,5,4,5,5,5,5,Maybe,False,,
CFB0001472,CLI0152,ASG000569,DUD100359,2022-06-03,4,3,4,4,4,4,3,Yes,False,,
CFB0001473,CLI0152,ASG000569,DUD100359,2022-06-11,2,2,3,2,1,2,2,Yes,False,,
CFB0001474,CLI0152,ASG000569,DUD100359,2022-07-11,4,3,5,4,4,4,5,Maybe,False,,
CFB0001475,CLI0152,ASG000569,DUD100359,2023-01-25,4,4,4,4,4,5,3,Yes,False,,
CFB0001476,CLI0098,ASG000570,DUD100360,2022-07-24,2,2,3,2,3,2,3,Yes,False,,
CFB0001477,CLI0098,ASG000570,DUD100360,2022-07-23,4,5,5,5,3,4,3,Yes,False,,
CFB0001478,CLI0098,ASG000570,DUD100360,2022-07-08,4,4,4,5,4,4,5,Yes,False,,
CFB0001479,CLI0038,ASG000571,DUD100360,2024-10-02,5,5,5,5,4,5,5,Maybe,False,,
CFB0001480,CLI0038,ASG000571,DUD100360,2026-05-12,4,4,3,3,4,4,5,No,False,,
CFB0001481,CLI0179,ASG000572,DUD100361,2026-06-26,2,2,1,3,1,1,2,No,False,,
CFB0001482,CLI0179,ASG000572,DUD100361,2026-04-21,5,5,5,5,5,4,5,Yes,False,,
CFB0001483,CLI0230,ASG000573,DUD100362,2021-09-26,3,3,2,3,4,3,3,No,False,,
CFB0001484,CLI0230,ASG000573,DUD100362,2022-07-29,4,4,4,3,4,4,4,Yes,True,Lesson Quality,
CFB0001485,CLI0049,ASG000574,DUD100362,2023-05-24,5,4,4,5,5,5,4,Yes,False,,
CFB0001486,CLI0004,ASG000575,DUD100362,2024-06-15,5,5,5,4,5,5,5,Yes,False,,
CFB0001487,CLI0245,ASG000576,DUD100363,2023-03-29,4,5,5,5,5,4,4,Yes,False,,
CFB0001488,CLI0017,ASG000577,DUD100364,2023-01-27,5,5,4,5,5,5,4,Yes,False,,
CFB0001489,CLI0017,ASG000577,DUD100364,2024-11-22,4,4,4,4,5,3,3,Yes,False,,
CFB0001490,CLI0017,ASG000577,DUD100364,2021-09-14,3,3,4,3,2,3,3,Maybe,False,,
CFB0001491,CLI0041,ASG000578,DUD100365,2024-03-20,3,4,3,3,4,2,4,No,False,,
CFB0001492,CLI0041,ASG000578,DUD100365,2023-09-21,5,5,5,5,5,5,4,Yes,False,,
CFB0001493,CLI0197,ASG000579,DUD100365,2024-09-04,4,3,5,4,4,5,4,No,False,,
CFB0001494,CLI0239,ASG000580,DUD100365,2025-02-10,3,3,3,3,4,2,4,Yes,True,Professionalism,
CFB0001495,CLI0145,ASG000581,DUD100366,2021-06-12,5,5,5,5,4,4,5,No,False,,
CFB0001496,CLI0145,ASG000581,DUD100366,2021-06-20,5,5,5,4,4,4,5,Yes,False,,
CFB0001497,CLI0145,ASG000581,DUD100366,2021-06-12,4,4,5,4,4,3,4,Yes,False,,
CFB0001498,CLI0145,ASG000581,DUD100366,2021-04-07,4,4,5,3,3,4,4,Yes,False,,
CFB0001499,CLI0135,ASG000582,DUD100366,2024-07-24,5,5,4,5,5,5,4,Yes,False,,
CFB0001500,CLI0135,ASG000582,DUD100366,2024-12-01,5,5,5,5,5,4,5,Yes,False,,
CFB0001501,CLI0290,ASG000583,DUD100367,2021-12-14,3,3,2,3,3,4,2,No,False,,
CFB0001502,CLI0290,ASG000583,DUD100367,2022-01-20,5,4,5,4,5,5,4,Yes,False,,
CFB0001503,CLI0290,ASG000583,DUD100367,2022-05-10,4,4,4,4,4,4,4,Yes,False,,
CFB0001504,CLI0180,ASG000584,DUD100367,2022-09-02,4,5,4,5,4,4,3,Yes,False,,
CFB0001505,CLI0158,ASG000585,DUD100367,2025-10-26,4,4,3,3,5,4,3,No,False,,
CFB0001506,CLI0158,ASG000585,DUD100367,2025-03-03,4,5,4,4,4,4,4,Yes,False,,
CFB0001507,CLI0158,ASG000585,DUD100367,2025-10-19,4,5,5,5,3,4,5,Yes,False,,
CFB0001508,CLI0184,ASG000586,DUD100368,2026-06-25,3,3,3,2,3,2,3,No,False,,
CFB0001509,CLI0184,ASG000586,DUD100368,2026-06-30,1,1,2,1,2,1,1,No,False,,
CFB0001510,CLI0148,ASG000587,DUD100369,2026-03-06,4,4,5,5,4,4,4,No,False,,
CFB0001511,CLI0181,ASG000588,DUD100370,2024-08-18,1,1,1,1,1,2,1,Maybe,False,,
CFB0001512,CLI0181,ASG000588,DUD100370,2025-03-14,3,3,3,2,4,4,3,Yes,False,,
CFB0001513,CLI0181,ASG000588,DUD100370,2024-10-17,4,4,5,4,4,3,4,Yes,False,,
CFB0001514,CLI0181,ASG000588,DUD100370,2025-07-26,4,3,4,4,5,4,5,Yes,False,,
CFB0001515,CLI0174,ASG000589,DUD100371,2021-07-26,4,4,5,3,4,5,4,Maybe,False,,
CFB0001516,CLI0174,ASG000589,DUD100371,2021-09-11,3,3,3,3,2,3,2,Maybe,False,,
CFB0001517,CLI0174,ASG000589,DUD100371,2021-08-12,5,4,5,5,4,5,5,Maybe,False,,
CFB0001518,CLI0088,ASG000590,DUD100371,2026-02-06,4,5,3,3,4,4,3,Maybe,False,,
CFB0001519,CLI0088,ASG000590,DUD100371,2025-10-31,5,4,5,5,4,5,5,Yes,False,,
CFB0001520,CLI0125,ASG000591,DUD100372,2023-02-07,4,3,3,5,4,4,5,Yes,False,,
CFB0001521,CLI0125,ASG000591,DUD100372,2022-05-09,4,4,3,4,4,4,5,Maybe,False,,
CFB0001522,CLI0277,ASG000592,DUD100373,2026-04-26,4,4,4,4,3,3,3,Yes,False,,
CFB0001523,CLI0277,ASG000592,DUD100373,2025-09-03,4,4,4,4,4,4,5,Yes,False,,
CFB0001524,CLI0277,ASG000592,DUD100373,2026-08-12,3,2,4,3,4,3,2,Yes,False,,
CFB0001525,CLI0277,ASG000592,DUD100373,2026-04-13,3,4,3,4,2,2,2,Maybe,False,,
CFB0001526,CLI0251,ASG000593,DUD100374,2026-06-08,5,5,4,4,5,5,5,Yes,False,,
CFB0001527,CLI0251,ASG000593,DUD100374,2024-04-25,1,1,1,1,1,1,1,No,False,,
CFB0001528,CLI0018,ASG000594,DUD100375,2026-02-12,5,5,5,5,5,5,5,Yes,False,,
CFB0001529,CLI0018,ASG000594,DUD100375,2026-07-25,4,5,4,4,4,4,4,Yes,False,,
CFB0001530,CLI0018,ASG000594,DUD100375,2026-05-03,5,5,5,4,5,5,5,Maybe,False,,
CFB0001531,CLI0080,ASG000595,DUD100375,2027-04-12,4,4,4,4,4,4,4,Yes,False,,
CFB0001532,CLI0123,ASG000596,DUD100375,2027-05-14,4,5,5,3,4,5,3,Yes,False,,
CFB0001533,CLI0123,ASG000596,DUD100375,2027-05-14,4,4,4,3,4,4,4,Yes,False,,
CFB0001534,CLI0273,ASG000597,DUD100376,2023-05-05,5,4,5,4,4,4,5,Yes,False,,
CFB0001535,CLI0273,ASG000597,DUD100376,2025-11-10,3,2,3,2,3,4,3,No,False,,
CFB0001536,CLI0052,ASG000598,DUD100377,2023-09-24,5,5,5,5,5,5,5,Yes,False,,
CFB0001537,CLI0052,ASG000598,DUD100377,2024-06-04,4,3,3,5,4,5,4,Yes,False,,
CFB0001538,CLI0212,ASG000599,DUD100378,2021-05-28,4,5,4,5,3,3,4,Maybe,False,,
CFB0001539,CLI0173,ASG000600,DUD100378,2022-02-03,3,3,3,3,4,4,2,Yes,True,Classroom Management,
CFB0001540,CLI0173,ASG000600,DUD100378,2022-01-27,4,3,4,4,4,3,4,Yes,False,,
CFB0001541,CLI0132,ASG000601,DUD100378,2026-04-13,3,3,2,2,2,4,4,Maybe,False,,
CFB0001542,CLI0132,ASG000601,DUD100378,2025-07-23,4,4,4,4,5,3,4,Yes,False,,
CFB0001543,CLI0132,ASG000601,DUD100378,2025-01-04,4,5,5,3,3,4,4,Yes,False,,
CFB0001544,CLI0132,ASG000601,DUD100378,2026-07-06,5,5,4,5,5,5,4,Yes,False,,
CFB0001545,CLI0151,ASG000602,DUD100379,2024-04-06,3,3,3,3,4,2,2,No,False,,
CFB0001546,CLI0151,ASG000602,DUD100379,2024-01-07,2,2,3,2,3,2,2,Maybe,False,,
CFB0001547,CLI0151,ASG000602,DUD100379,2024-03-14,3,2,2,3,3,4,2,No,False,,
CFB0001548,CLI0075,ASG000603,DUD100379,2024-07-16,1,1,1,1,1,1,1,Yes,False,,
CFB0001549,CLI0075,ASG000603,DUD100379,2024-09-01,4,5,4,4,3,3,5,Yes,False,,
CFB0001550,CLI0075,ASG000603,DUD100379,2024-07-13,4,4,4,4,3,4,4,Maybe,False,,
CFB0001551,CLI0183,ASG000604,DUD100380,2026-05-05,4,4,3,5,4,4,4,Yes,False,,
CFB0001552,CLI0114,ASG000605,DUD100381,2025-02-08,4,4,4,4,4,4,5,Yes,True,Punctuality,
CFB0001553,CLI0114,ASG000605,DUD100381,2026-04-06,5,5,5,5,4,4,4,Yes,False,,
CFB0001554,CLI0114,ASG000605,DUD100381,2025-04-09,5,4,5,5,5,5,5,Yes,False,,
CFB0001555,CLI0256,ASG000606,DUD100382,2023-04-15,5,5,4,4,4,4,5,Yes,False,,
CFB0001556,CLI0256,ASG000606,DUD100382,2023-09-25,4,3,5,4,4,4,4,Maybe,False,,
CFB0001557,CLI0256,ASG000606,DUD100382,2022-12-22,4,4,3,4,3,4,4,Yes,False,,
CFB0001558,CLI0256,ASG000606,DUD100382,2023-10-27,4,3,4,3,4,5,4,Maybe,False,,
CFB0001559,CLI0172,ASG000607,DUD100382,2024-05-09,4,5,5,4,5,3,3,Yes,False,,
CFB0001560,CLI0172,ASG000607,DUD100382,2024-03-13,3,3,3,3,3,2,2,Maybe,False,,
CFB0001561,CLI0108,ASG000608,DUD100382,2024-09-18,4,3,5,4,4,3,5,Yes,False,,
CFB0001562,CLI0200,ASG000609,DUD100383,2025-11-03,4,3,4,4,3,5,3,Yes,False,,
CFB0001563,CLI0200,ASG000609,DUD100383,2025-06-18,5,4,4,5,5,4,4,Yes,False,,
CFB0001564,CLI0200,ASG000609,DUD100383,2025-10-25,4,4,4,4,5,4,3,Yes,False,,
CFB0001565,CLI0225,ASG000610,DUD100384,2024-12-29,3,3,2,3,4,3,4,Maybe,False,,
CFB0001566,CLI0225,ASG000610,DUD100384,2024-08-01,4,3,5,4,5,5,5,Yes,False,,
CFB0001567,CLI0225,ASG000610,DUD100384,2023-01-28,5,5,5,4,5,5,5,No,False,,
CFB0001568,CLI0225,ASG000610,DUD100384,2023-09-14,5,5,5,5,4,5,5,Yes,False,,
CFB0001569,CLI0102,ASG000611,DUD100385,2025-02-24,4,5,3,5,4,4,4,No,False,,
CFB0001570,CLI0102,ASG000611,DUD100385,2023-12-18,3,3,4,4,2,4,2,Maybe,False,,
CFB0001571,CLI0201,ASG000612,DUD100386,2023-06-09,3,3,2,3,3,3,3,No,False,,
CFB0001572,CLI0201,ASG000612,DUD100386,2024-04-13,3,3,2,3,2,4,4,Maybe,True,Communication,
CFB0001573,CLI0201,ASG000612,DUD100386,2023-12-20,1,1,2,1,2,1,1,Maybe,False,,
CFB0001574,CLI0075,ASG000613,DUD100386,2024-12-04,5,5,5,5,5,4,5,Yes,False,,
CFB0001575,CLI0075,ASG000613,DUD100386,2025-06-07,3,2,2,2,3,3,3,Maybe,False,,
CFB0001576,CLI0068,ASG000614,DUD100387,2025-01-26,4,5,4,4,3,4,4,No,False,,
CFB0001577,CLI0068,ASG000614,DUD100387,2024-07-07,3,3,3,3,4,4,3,No,False,,
CFB0001578,CLI0068,ASG000614,DUD100387,2026-01-27,3,3,2,3,4,3,3,Yes,False,,
CFB0001579,CLI0068,ASG000614,DUD100387,2023-12-19,4,3,3,3,3,5,3,Yes,False,,
CFB0001580,CLI0248,ASG000615,DUD100388,2025-05-30,4,3,5,4,4,3,5,Yes,False,,
CFB0001581,CLI0248,ASG000615,DUD100388,2025-09-24,1,1,2,1,1,2,2,Maybe,False,,
CFB0001582,CLI0248,ASG000615,DUD100388,2025-10-15,4,4,4,3,4,3,4,Maybe,False,,
CFB0001583,CLI0248,ASG000615,DUD100388,2024-08-13,5,5,5,5,4,5,5,Maybe,False,,
CFB0001584,CLI0248,ASG000616,DUD100389,2026-06-02,4,3,4,4,4,3,3,Maybe,False,,
CFB0001585,CLI0248,ASG000616,DUD100389,2026-06-16,2,2,1,2,3,2,1,Yes,False,,
CFB0001586,CLI0242,ASG000617,DUD100390,2025-10-11,3,3,3,4,3,3,2,Maybe,False,,
CFB0001587,CLI0242,ASG000617,DUD100390,2026-02-26,4,4,4,4,4,5,4,Yes,False,,
CFB0001588,CLI0242,ASG000617,DUD100390,2026-08-09,5,5,4,5,5,5,5,Yes,False,,
CFB0001589,CLI0242,ASG000617,DUD100390,2025-11-22,2,2,2,2,2,2,3,No,False,,
CFB0001590,CLI0187,ASG000618,DUD100391,2023-07-04,3,2,4,3,2,3,3,Yes,True,Attendance,
CFB0001591,CLI0076,ASG000619,DUD100392,2025-10-06,5,5,5,5,4,5,5,Yes,False,,
CFB0001592,CLI0076,ASG000619,DUD100392,2025-07-03,5,4,5,5,5,4,4,Yes,False,,
CFB0001593,CLI0076,ASG000619,DUD100392,2025-12-28,5,5,5,5,4,5,5,Yes,False,,
CFB0001594,CLI0076,ASG000619,DUD100392,2026-02-17,3,3,4,2,3,3,2,Maybe,False,,
CFB0001595,CLI0162,ASG000620,DUD100393,2025-01-30,4,4,4,5,5,5,5,Yes,False,,
CFB0001596,CLI0186,ASG000621,DUD100393,2026-02-28,5,5,4,5,5,5,5,No,False,,
CFB0001597,CLI0270,ASG000622,DUD100394,2026-05-21,2,1,2,2,2,3,2,Maybe,False,,
CFB0001598,CLI0270,ASG000622,DUD100394,2026-07-13,5,5,4,5,5,5,5,Yes,False,,
CFB0001599,CLI0270,ASG000622,DUD100394,2026-07-04,5,5,5,5,5,5,5,Yes,False,,
CFB0001600,CLI0270,ASG000622,DUD100394,2026-01-05,5,4,5,5,5,5,5,Yes,False,,
CFB0001601,CLI0116,ASG000623,DUD100395,2023-05-17,4,4,4,4,5,3,4,Yes,False,,
CFB0001602,CLI0051,ASG000624,DUD100395,2024-06-24,5,5,5,5,5,4,4,Yes,False,,
CFB0001603,CLI0051,ASG000624,DUD100395,2024-09-08,5,4,5,5,5,5,5,Yes,True,Punctuality,
CFB0001604,CLI0051,ASG000624,DUD100395,2024-05-18,5,5,5,5,4,5,5,Yes,False,,
CFB0001605,CLI0051,ASG000624,DUD100395,2025-09-13,5,5,5,4,5,5,4,Maybe,False,,
CFB0001606,CLI0217,ASG000625,DUD100396,2027-06-18,1,2,1,1,1,1,1,No,False,,
CFB0001607,CLI0217,ASG000625,DUD100396,2026-03-06,4,4,4,4,3,4,4,Yes,False,,
CFB0001608,CLI0175,ASG000626,DUD100396,2027-07-11,4,4,3,5,3,5,3,Yes,False,,
CFB0001609,CLI0175,ASG000626,DUD100396,2027-07-11,4,4,3,4,3,3,5,Maybe,False,,
CFB0001610,CLI0266,ASG000627,DUD100397,2024-06-30,3,3,4,3,2,2,2,Maybe,False,,
CFB0001611,CLI0266,ASG000627,DUD100397,2025-04-21,4,3,4,3,5,4,5,Yes,False,,
CFB0001612,CLI0266,ASG000627,DUD100397,2024-10-29,3,2,2,3,4,4,3,No,True,Communication,
CFB0001613,CLI0053,ASG000628,DUD100397,2026-02-15,4,4,3,5,4,5,5,Maybe,False,,
CFB0001614,CLI0053,ASG000628,DUD100397,2026-03-06,4,5,3,3,4,4,5,Yes,False,,
CFB0001615,CLI0005,ASG000629,DUD100397,2026-07-09,4,4,4,4,4,4,4,Yes,False,,
CFB0001616,CLI0005,ASG000629,DUD100397,2026-05-13,2,2,2,1,3,3,2,Maybe,False,,
CFB0001617,CLI0005,ASG000629,DUD100397,2026-07-19,5,5,4,5,4,4,5,Yes,False,,
CFB0001618,CLI0257,ASG000630,DUD100398,2024-09-25,5,5,5,4,5,5,4,Yes,False,,
CFB0001619,CLI0030,ASG000631,DUD100398,2025-11-30,4,3,5,4,3,3,4,Maybe,False,,
CFB0001620,CLI0147,ASG000632,DUD100399,2025-08-16,4,4,3,5,5,4,4,Yes,False,,
CFB0001621,CLI0147,ASG000632,DUD100399,2024-08-03,3,2,3,3,4,3,4,Yes,True,Attendance,
CFB0001622,CLI0147,ASG000632,DUD100399,2026-05-19,4,4,4,5,4,4,4,Maybe,False,,
CFB0001623,CLI0016,ASG000633,DUD100400,2025-04-11,5,5,5,4,5,5,4,Maybe,False,,
CFB0001624,CLI0016,ASG000633,DUD100400,2026-05-24,5,5,5,5,5,5,5,Maybe,False,,
CFB0001625,CLI0016,ASG000633,DUD100400,2025-08-18,2,3,1,1,3,2,1,Maybe,False,,
CFB0001626,CLI0128,ASG000634,DUD100401,2024-05-13,5,5,5,5,5,5,5,Maybe,False,,
CFB0001627,CLI0128,ASG000634,DUD100401,2024-07-26,5,5,5,4,4,4,5,Yes,False,,
CFB0001628,CLI0128,ASG000634,DUD100401,2024-09-03,5,5,5,5,4,5,4,Yes,False,,
CFB0001629,CLI0128,ASG000634,DUD100401,2024-07-16,5,5,4,5,4,5,5,Yes,False,,
CFB0001630,CLI0209,ASG000635,DUD100401,2026-07-30,5,4,5,5,5,4,5,No,False,,
CFB0001631,CLI0209,ASG000635,DUD100401,2024-11-03,2,2,1,2,3,1,2,Yes,True,Attendance,
CFB0001632,CLI0209,ASG000635,DUD100401,2024-12-11,5,5,4,5,4,5,4,Maybe,False,,
CFB0001633,CLI0149,ASG000636,DUD100402,2025-11-07,5,5,5,5,5,4,4,Yes,False,,
CFB0001634,CLI0149,ASG000636,DUD100402,2025-10-22,4,3,3,4,4,4,3,Yes,False,,
CFB0001635,CLI0149,ASG000636,DUD100402,2025-11-06,5,4,5,4,4,5,5,Yes,False,,
CFB0001636,CLI0184,ASG000637,DUD100402,2026-06-14,4,5,4,3,3,3,5,Yes,False,,
CFB0001637,CLI0184,ASG000637,DUD100402,2026-10-03,4,4,4,4,3,4,4,Yes,False,,
CFB0001638,CLI0009,ASG000638,DUD100403,2024-04-10,4,3,5,5,5,4,3,Maybe,False,,
CFB0001639,CLI0009,ASG000638,DUD100403,2024-04-06,5,5,5,4,5,5,5,Maybe,False,,
CFB0001640,CLI0009,ASG000638,DUD100403,2023-07-23,5,4,5,4,5,5,5,Maybe,False,,
CFB0001641,CLI0009,ASG000638,DUD100403,2024-01-09,4,5,4,5,4,5,4,Yes,False,,
CFB0001642,CLI0190,ASG000639,DUD100404,2022-11-09,4,5,3,4,3,4,4,Yes,False,,
CFB0001643,CLI0190,ASG000639,DUD100404,2022-06-02,4,3,5,4,4,4,3,Maybe,False,,
CFB0001644,CLI0190,ASG000639,DUD100404,2023-03-26,4,5,5,3,4,5,4,No,False,,
CFB0001645,CLI0190,ASG000639,DUD100404,2023-01-11,5,4,5,5,5,5,5,Maybe,False,,
CFB0001646,CLI0140,ASG000640,DUD100405,2021-10-10,1,2,1,1,1,2,1,Maybe,False,,
CFB0001647,CLI0140,ASG000640,DUD100405,2021-06-09,4,3,5,4,5,3,3,Yes,False,,
CFB0001648,CLI0140,ASG000640,DUD100405,2021-06-17,4,4,4,5,4,3,4,Yes,False,,
CFB0001649,CLI0055,ASG000641,DUD100405,2023-08-10,4,4,4,3,4,3,5,Yes,False,,
CFB0001650,CLI0055,ASG000641,DUD100405,2024-12-13,2,1,1,2,3,2,3,No,True,Attendance,
CFB0001651,CLI0055,ASG000641,DUD100405,2023-02-16,5,4,5,5,4,5,5,Yes,False,,
CFB0001652,CLI0055,ASG000641,DUD100405,2024-07-25,4,3,5,3,4,5,3,Yes,False,,
CFB0001653,CLI0181,ASG000642,DUD100406,2026-05-04,5,5,5,5,5,5,5,Yes,False,,
CFB0001654,CLI0257,ASG000643,DUD100407,2025-05-11,4,4,4,5,5,4,4,Yes,False,,
CFB0001655,CLI0264,ASG000644,DUD100407,2026-01-04,4,3,5,5,5,4,4,Maybe,False,,
CFB0001656,CLI0264,ASG000644,DUD100407,2026-02-07,4,3,3,4,4,4,5,Yes,False,,
CFB0001657,CLI0150,ASG000645,DUD100408,2024-02-22,4,3,4,3,5,3,5,Yes,False,,
CFB0001658,CLI0150,ASG000645,DUD100408,2023-12-23,5,5,5,5,4,5,4,Yes,False,,
CFB0001659,CLI0150,ASG000645,DUD100408,2024-05-18,5,5,5,5,5,5,5,Yes,True,Classroom Management,
CFB0001660,CLI0150,ASG000645,DUD100408,2024-04-28,4,4,5,3,5,5,4,Yes,False,,
CFB0001661,CLI0109,ASG000646,DUD100409,2024-09-07,4,4,3,4,4,3,5,Yes,False,,
CFB0001662,CLI0020,ASG000647,DUD100410,2023-04-21,5,5,5,5,5,5,5,No,False,,
CFB0001663,CLI0020,ASG000647,DUD100410,2022-12-30,1,1,1,1,1,1,2,Yes,True,Punctuality,
CFB0001664,CLI0020,ASG000647,DUD100410,2022-09-24,4,5,4,5,5,5,4,Yes,False,,
CFB0001665,CLI0020,ASG000647,DUD100410,2023-08-31,4,4,3,4,3,4,4,Yes,False,,
CFB0001666,CLI0105,ASG000648,DUD100410,2024-12-07,5,5,5,5,5,5,5,Yes,False,,
CFB0001667,CLI0105,ASG000648,DUD100410,2024-04-05,3,4,3,3,4,4,4,No,False,,
CFB0001668,CLI0105,ASG000648,DUD100410,2024-10-12,4,4,4,4,4,4,4,Yes,False,,
CFB0001669,CLI0151,ASG000649,DUD100411,2024-01-10,4,4,4,3,5,4,5,No,False,,
CFB0001670,CLI0151,ASG000649,DUD100411,2023-12-22,2,2,1,2,2,3,2,No,False,,
CFB0001671,CLI0023,ASG000650,DUD100412,2026-04-03,2,1,2,2,1,2,2,Yes,False,,
CFB0001672,CLI0023,ASG000650,DUD100412,2025-10-10,4,4,4,5,4,5,4,Yes,False,,
CFB0001673,CLI0023,ASG000650,DUD100412,2024-07-15,4,4,5,3,4,4,3,Yes,False,,
CFB0001674,CLI0023,ASG000650,DUD100412,2025-09-19,4,3,4,3,3,4,5,Maybe,True,Punctuality,
CFB0001675,CLI0296,ASG000651,DUD100413,2026-01-25,4,4,4,4,3,4,4,Maybe,False,,
CFB0001676,CLI0296,ASG000651,DUD100413,2025-10-25,3,2,3,3,3,3,3,Yes,False,,
CFB0001677,CLI0296,ASG000651,DUD100413,2026-07-29,3,2,3,4,3,3,3,Maybe,False,,
CFB0001678,CLI0296,ASG000651,DUD100413,2024-10-17,4,3,4,5,4,4,3,Yes,False,,
CFB0001679,CLI0168,ASG000652,DUD100414,2025-12-07,4,4,3,4,5,4,5,Yes,False,,
CFB0001680,CLI0168,ASG000652,DUD100414,2025-06-15,4,4,4,4,3,4,4,Yes,False,,
CFB0001681,CLI0217,ASG000653,DUD100414,2026-03-09,4,4,4,4,4,4,4,Maybe,False,,
CFB0001682,CLI0217,ASG000653,DUD100414,2026-04-16,3,4,3,3,4,3,4,Maybe,False,,
CFB0001683,CLI0217,ASG000653,DUD100414,2026-01-25,2,2,2,2,2,1,2,Maybe,False,,
CFB0001684,CLI0217,ASG000653,DUD100414,2026-01-18,5,5,5,5,5,5,4,Maybe,True,Communication,
CFB0001685,CLI0196,ASG000654,DUD100415,2023-12-19,4,4,5,5,3,4,5,Yes,False,,
CFB0001686,CLI0196,ASG000654,DUD100415,2024-01-31,4,4,4,3,3,4,4,Yes,False,,
CFB0001687,CLI0095,ASG000655,DUD100415,2025-07-21,4,5,3,4,5,4,5,Yes,False,,
CFB0001688,CLI0095,ASG000655,DUD100415,2025-02-25,2,3,2,2,1,3,3,Maybe,True,Punctuality,
CFB0001689,CLI0095,ASG000655,DUD100415,2025-07-11,3,4,3,3,3,3,3,No,False,,
CFB0001690,CLI0021,ASG000656,DUD100416,2024-12-28,2,3,3,2,1,2,3,No,False,,
CFB0001691,CLI0021,ASG000656,DUD100416,2024-09-03,4,5,3,4,4,4,5,Yes,False,,
CFB0001692,CLI0168,ASG000657,DUD100416,2026-08-07,4,4,3,4,4,4,4,Maybe,False,,
CFB0001693,CLI0168,ASG000657,DUD100416,2026-09-17,5,4,4,5,5,4,5,Yes,True,Attendance,
CFB0001694,CLI0168,ASG000657,DUD100416,2025-12-25,3,3,2,3,3,4,3,No,True,Attendance,
CFB0001695,CLI0203,ASG000658,DUD100417,2022-04-09,4,4,4,5,3,4,4,Yes,False,,
CFB0001696,CLI0203,ASG000658,DUD100417,2022-05-29,4,4,5,5,5,4,5,Yes,False,,
CFB0001697,CLI0203,ASG000658,DUD100417,2021-12-22,4,4,3,3,4,4,4,Maybe,True,Classroom Management,
CFB0001698,CLI0203,ASG000658,DUD100417,2021-12-27,4,4,3,4,4,4,4,No,False,,
CFB0001699,CLI0196,ASG000659,DUD100418,2025-04-29,3,3,3,4,3,3,3,Yes,False,,
CFB0001700,CLI0196,ASG000659,DUD100418,2025-03-05,4,4,3,4,3,4,5,Yes,False,,
CFB0001701,CLI0168,ASG000660,DUD100418,2025-12-21,5,5,5,5,5,4,4,Maybe,False,,
CFB0001702,CLI0168,ASG000660,DUD100418,2025-08-29,4,3,4,5,5,4,4,Yes,False,,
CFB0001703,CLI0168,ASG000660,DUD100418,2026-04-19,4,5,5,4,4,5,4,No,False,,
CFB0001704,CLI0168,ASG000660,DUD100418,2026-04-02,4,4,5,4,4,4,5,Yes,False,,
CFB0001705,CLI0203,ASG000661,DUD100418,2026-08-30,5,5,5,5,5,5,4,Yes,True,Professionalism,
CFB0001706,CLI0203,ASG000661,DUD100418,2026-06-04,5,5,5,5,4,5,5,Yes,False,,
CFB0001707,CLI0098,ASG000662,DUD100419,2022-01-24,4,5,4,5,4,4,4,Maybe,False,,
CFB0001708,CLI0098,ASG000662,DUD100419,2022-02-20,3,3,3,3,2,3,3,No,False,,
CFB0001709,CLI0219,ASG000663,DUD100420,2026-02-07,4,4,5,4,3,5,3,Yes,False,,
CFB0001710,CLI0219,ASG000663,DUD100420,2026-10-15,5,4,4,4,5,5,5,No,False,,
CFB0001711,CLI0219,ASG000663,DUD100420,2026-06-02,4,4,3,5,4,4,3,Yes,False,,
CFB0001712,CLI0001,ASG000664,DUD100421,2025-03-17,5,4,5,5,5,5,5,Yes,False,,
CFB0001713,CLI0001,ASG000664,DUD100421,2025-03-11,5,4,5,5,5,5,5,Maybe,False,,
CFB0001714,CLI0001,ASG000664,DUD100421,2025-02-06,4,4,5,4,3,5,3,Yes,False,,
CFB0001715,CLI0247,ASG000665,DUD100421,2026-02-11,4,3,5,5,4,5,4,Yes,False,,
CFB0001716,CLI0247,ASG000665,DUD100421,2026-06-17,5,5,5,5,5,4,5,Yes,False,,
CFB0001717,CLI0247,ASG000665,DUD100421,2026-08-07,3,3,2,4,3,3,3,Maybe,False,,
CFB0001718,CLI0247,ASG000665,DUD100421,2026-05-07,4,4,3,4,4,3,4,Yes,False,,
CFB0001719,CLI0154,ASG000666,DUD100422,2022-07-04,3,3,4,2,3,3,4,Yes,False,,
CFB0001720,CLI0154,ASG000666,DUD100422,2022-02-05,4,4,4,4,3,5,4,Yes,False,,
CFB0001721,CLI0154,ASG000666,DUD100422,2021-12-04,4,4,4,4,4,4,4,Yes,False,,
CFB0001722,CLI0154,ASG000666,DUD100422,2022-10-18,1,2,2,1,2,1,2,No,False,,
CFB0001723,CLI0192,ASG000667,DUD100422,2022-12-01,4,4,5,4,5,5,4,Yes,False,,
CFB0001724,CLI0192,ASG000667,DUD100422,2023-05-17,4,4,4,5,4,4,4,Yes,False,,
CFB0001725,CLI0175,ASG000668,DUD100423,2025-08-21,3,4,3,2,3,2,4,No,True,Professionalism,
CFB0001726,CLI0175,ASG000668,DUD100423,2024-10-10,4,4,5,3,4,3,4,Yes,False,,
CFB0001727,CLI0077,ASG000669,DUD100423,2025-12-22,3,2,3,3,3,2,3,Maybe,False,,
CFB0001728,CLI0245,ASG000670,DUD100424,2026-05-16,3,4,2,4,3,2,3,Maybe,False,,
CFB0001729,CLI0245,ASG000670,DUD100424,2026-03-14,4,4,4,4,5,4,3,Yes,False,,
CFB0001730,CLI0068,ASG000671,DUD100425,2021-07-14,3,3,3,3,4,3,3,No,False,,
CFB0001731,CLI0068,ASG000671,DUD100425,2021-12-10,2,2,2,2,2,3,3,Yes,False,,
CFB0001732,CLI0255,ASG000672,DUD100425,2022-08-10,4,4,4,3,5,4,4,Yes,False,,
CFB0001733,CLI0255,ASG000672,DUD100425,2023-01-10,5,5,5,5,5,5,5,Yes,False,,
CFB0001734,CLI0255,ASG000672,DUD100425,2022-06-24,3,3,3,4,3,3,3,Maybe,True,Punctuality,
CFB0001735,CLI0232,ASG000673,DUD100426,2021-10-19,5,5,5,5,5,5,5,Yes,False,,
CFB0001736,CLI0232,ASG000673,DUD100426,2022-04-05,3,3,3,3,3,3,4,Maybe,False,,
CFB0001737,CLI0232,ASG000673,DUD100426,2021-10-03,3,2,3,3,3,3,4,Maybe,True,Classroom Management,
CFB0001738,CLI0232,ASG000673,DUD100426,2022-01-10,5,5,4,4,5,5,4,Yes,False,,
CFB0001739,CLI0034,ASG000674,DUD100426,2025-11-10,5,5,5,5,4,4,5,Maybe,False,,
CFB0001740,CLI0168,ASG000675,DUD100427,2024-10-13,4,4,5,4,4,4,3,Yes,False,,
CFB0001741,CLI0168,ASG000675,DUD100427,2024-12-04,4,3,5,3,5,3,5,Yes,False,,
CFB0001742,CLI0197,ASG000676,DUD100428,2024-08-17,2,2,1,2,3,3,2,Maybe,False,,
CFB0001743,CLI0118,ASG000677,DUD100429,2022-10-30,5,5,5,5,5,5,5,Yes,False,,
CFB0001744,CLI0118,ASG000677,DUD100429,2022-10-13,4,3,5,4,5,3,4,Yes,False,,
CFB0001745,CLI0101,ASG000678,DUD100430,2021-11-07,5,5,5,5,5,5,5,Yes,False,,
CFB0001746,CLI0101,ASG000678,DUD100430,2021-11-09,1,2,1,1,1,1,2,Maybe,False,,
CFB0001747,CLI0101,ASG000678,DUD100430,2021-12-18,3,3,2,2,3,3,2,Maybe,False,,
CFB0001748,CLI0111,ASG000679,DUD100430,2022-10-06,4,3,3,4,5,4,3,Yes,False,,
CFB0001749,CLI0111,ASG000679,DUD100430,2022-06-10,4,4,3,4,5,5,3,Yes,False,,
CFB0001750,CLI0165,ASG000680,DUD100430,2025-04-18,4,4,4,3,3,4,4,Yes,False,,
CFB0001751,CLI0165,ASG000680,DUD100430,2023-10-10,4,4,5,5,3,4,4,Yes,False,,
CFB0001752,CLI0165,ASG000680,DUD100430,2024-06-14,3,3,4,4,3,2,3,Yes,False,,
CFB0001753,CLI0176,ASG000681,DUD100431,2022-07-13,3,3,4,2,2,3,3,Yes,False,,
CFB0001754,CLI0176,ASG000681,DUD100431,2022-07-09,5,5,5,5,5,5,5,Yes,False,,
CFB0001755,CLI0176,ASG000681,DUD100431,2022-07-28,5,5,5,5,5,5,4,Yes,False,,
CFB0001756,CLI0131,ASG000682,DUD100431,2024-09-23,4,5,4,3,5,4,5,No,False,,
CFB0001757,CLI0131,ASG000682,DUD100431,2023-10-14,3,3,2,4,2,2,3,Maybe,False,,
CFB0001758,CLI0131,ASG000682,DUD100431,2024-04-05,5,4,5,5,5,5,5,Yes,False,,
CFB0001759,CLI0108,ASG000683,DUD100432,2025-01-19,2,2,2,3,2,2,1,Maybe,False,,
CFB0001760,CLI0108,ASG000683,DUD100432,2025-03-14,2,2,2,3,1,1,2,Yes,False,,
CFB0001761,CLI0020,ASG000684,DUD100432,2026-08-02,4,3,4,4,4,4,4,Maybe,False,,
CFB0001762,CLI0020,ASG000684,DUD100432,2025-12-16,4,4,4,5,4,4,3,Maybe,False,,
CFB0001763,CLI0107,ASG000685,DUD100433,2025-09-12,5,5,5,4,4,5,5,Yes,False,,
CFB0001764,CLI0107,ASG000685,DUD100433,2026-06-02,4,4,3,5,5,4,5,No,False,,
CFB0001765,CLI0107,ASG000685,DUD100433,2026-06-08,4,5,5,4,3,3,4,Yes,False,,
CFB0001766,CLI0253,ASG000686,DUD100433,2026-09-30,4,4,5,4,4,4,3,Maybe,False,,
CFB0001767,CLI0253,ASG000686,DUD100433,2026-10-18,4,5,4,4,5,4,5,No,False,,
CFB0001768,CLI0033,ASG000687,DUD100434,2025-06-23,4,5,5,3,4,5,4,Maybe,False,,
CFB0001769,CLI0033,ASG000687,DUD100434,2025-06-10,4,4,5,5,3,3,5,Yes,False,,
CFB0001770,CLI0033,ASG000687,DUD100434,2025-07-15,4,3,3,5,4,4,5,No,False,,
CFB0001771,CLI0210,ASG000688,DUD100434,2026-06-17,3,3,3,2,3,3,3,Maybe,False,,
CFB0001772,CLI0028,ASG000689,DUD100435,2024-04-16,5,5,5,5,5,5,4,Yes,False,,
CFB0001773,CLI0055,ASG000690,DUD100436,2026-01-11,3,3,4,3,4,3,4,Maybe,False,,
CFB0001774,CLI0055,ASG000690,DUD100436,2025-09-24,5,5,5,5,5,4,5,Yes,False,,
CFB0001775,CLI0055,ASG000690,DUD100436,2025-10-08,5,5,5,5,5,4,5,Yes,False,,
CFB0001776,CLI0055,ASG000690,DUD100436,2026-08-15,5,5,4,5,4,5,5,Yes,False,,
CFB0001777,CLI0177,ASG000691,DUD100437,2025-03-09,2,2,2,1,3,3,2,Maybe,False,,
CFB0001778,CLI0055,ASG000692,DUD100438,2026-09-04,4,3,4,3,5,4,4,No,True,Attendance,
CFB0001779,CLI0055,ASG000692,DUD100438,2025-11-24,4,4,3,4,5,3,3,Yes,False,,
CFB0001780,CLI0055,ASG000692,DUD100438,2026-09-29,4,3,3,4,3,5,4,Maybe,False,,
CFB0001781,CLI0091,ASG000693,DUD100438,2027-03-14,5,5,5,5,5,5,4,Yes,False,,
CFB0001782,CLI0179,ASG000694,DUD100439,2026-03-25,2,2,3,3,2,2,2,Yes,True,Classroom Management,
CFB0001783,CLI0179,ASG000694,DUD100439,2027-02-07,4,3,3,4,5,4,4,Yes,False,,
CFB0001784,CLI0078,ASG000695,DUD100439,2027-03-20,4,3,3,4,3,4,5,Yes,False,,
CFB0001785,CLI0060,ASG000696,DUD100440,2026-08-16,4,4,4,4,3,4,3,Yes,False,,
CFB0001786,CLI0060,ASG000696,DUD100440,2023-03-12,5,5,5,4,5,5,5,Maybe,False,,
CFB0001787,CLI0060,ASG000696,DUD100440,2025-12-07,5,4,5,5,5,5,5,Yes,False,,
CFB0001788,CLI0283,ASG000697,DUD100441,2025-11-05,5,5,5,5,5,4,4,Yes,False,,
CFB0001789,CLI0283,ASG000697,DUD100441,2025-03-11,5,5,5,5,5,5,4,Yes,False,,
CFB0001790,CLI0283,ASG000697,DUD100441,2024-09-26,5,4,5,5,5,5,5,Yes,False,,
CFB0001791,CLI0251,ASG000698,DUD100442,2023-10-04,5,4,4,4,5,5,5,No,False,,
CFB0001792,CLI0251,ASG000698,DUD100442,2025-08-10,4,4,4,4,3,4,4,Yes,False,,
CFB0001793,CLI0251,ASG000698,DUD100442,2025-11-14,4,4,4,4,4,4,3,Yes,False,,
CFB0001794,CLI0251,ASG000698,DUD100442,2025-07-04,4,4,4,5,5,4,4,Yes,False,,
CFB0001795,CLI0009,ASG000699,DUD100443,2021-10-09,2,2,1,1,1,3,1,Yes,False,,
CFB0001796,CLI0009,ASG000699,DUD100443,2022-09-16,5,5,5,5,5,5,5,No,False,,
CFB0001797,CLI0108,ASG000700,DUD100444,2022-09-08,4,4,3,4,3,4,3,Maybe,False,,
CFB0001798,CLI0108,ASG000700,DUD100444,2022-08-16,4,3,3,4,4,3,4,Yes,False,,
CFB0001799,CLI0108,ASG000700,DUD100444,2023-04-15,4,5,4,5,4,3,4,Yes,False,,
CFB0001800,CLI0092,ASG000701,DUD100444,2023-10-03,5,5,5,5,5,4,5,Yes,False,,
CFB0001801,CLI0092,ASG000701,DUD100444,2025-07-22,5,4,5,5,5,5,4,Yes,False,,
CFB0001802,CLI0089,ASG000702,DUD100445,2025-07-05,4,5,5,4,5,4,5,Yes,False,,
CFB0001803,CLI0097,ASG000703,DUD100445,2026-12-26,5,5,5,4,4,5,5,Yes,False,,
CFB0001804,CLI0097,ASG000703,DUD100445,2027-03-09,4,3,5,4,4,4,4,Yes,False,,
CFB0001805,CLI0097,ASG000703,DUD100445,2026-12-10,4,3,4,3,5,5,4,No,False,,
CFB0001806,CLI0097,ASG000703,DUD100445,2027-01-13,4,4,3,5,5,3,3,No,False,,
CFB0001807,CLI0241,ASG000704,DUD100446,2026-07-14,4,3,3,5,4,5,4,Yes,False,,
CFB0001808,CLI0241,ASG000704,DUD100446,2027-03-10,4,5,4,4,4,4,4,Maybe,False,,
CFB0001809,CLI0241,ASG000704,DUD100446,2026-04-08,2,2,1,1,2,2,2,Maybe,True,Attendance,
CFB0001810,CLI0241,ASG000704,DUD100446,2027-05-04,3,3,3,3,4,3,4,Maybe,True,Professionalism,
CFB0001811,CLI0133,ASG000705,DUD100446,2027-08-19,4,5,3,4,3,4,3,Yes,False,,
CFB0001812,CLI0133,ASG000705,DUD100446,2027-08-19,5,5,5,4,4,4,5,No,False,,
CFB0001813,CLI0052,ASG000706,DUD100447,2025-11-13,5,4,5,5,5,5,5,Maybe,False,,
CFB0001814,CLI0289,ASG000707,DUD100447,2026-06-22,4,4,3,4,3,3,4,Yes,False,,
CFB0001815,CLI0289,ASG000707,DUD100447,2025-12-19,3,3,4,3,2,4,3,Maybe,False,,
CFB0001816,CLI0149,ASG000708,DUD100448,2023-09-16,4,4,4,3,3,4,4,Yes,False,,
CFB0001817,CLI0149,ASG000708,DUD100448,2024-10-09,4,5,4,4,3,4,4,Maybe,False,,
CFB0001818,CLI0149,ASG000708,DUD100448,2026-07-06,4,4,3,5,4,3,4,Yes,False,,
CFB0001819,CLI0149,ASG000708,DUD100448,2023-03-28,4,3,4,3,3,4,3,No,False,,
CFB0001820,CLI0212,ASG000709,DUD100449,2025-05-17,5,5,4,4,5,5,5,Yes,False,,
CFB0001821,CLI0212,ASG000709,DUD100449,2026-07-18,4,3,3,4,4,4,4,Yes,False,,
CFB0001822,CLI0155,ASG000710,DUD100450,2022-01-15,5,5,5,5,5,4,5,Yes,False,,
CFB0001823,CLI0155,ASG000710,DUD100450,2021-11-22,1,1,2,1,1,2,1,No,False,,
CFB0001824,CLI0155,ASG000710,DUD100450,2021-12-19,4,4,4,5,5,5,3,Yes,False,,
CFB0001825,CLI0199,ASG000711,DUD100451,2023-07-05,3,3,3,2,4,3,2,No,False,,
CFB0001826,CLI0199,ASG000711,DUD100451,2023-09-08,4,5,3,5,5,4,3,Yes,False,,
CFB0001827,CLI0199,ASG000711,DUD100451,2023-05-24,4,5,5,3,5,4,4,Yes,False,,
CFB0001828,CLI0199,ASG000711,DUD100451,2023-06-17,4,4,3,5,4,3,4,Yes,False,,
CFB0001829,CLI0277,ASG000712,DUD100451,2024-09-25,5,5,5,5,4,5,5,Yes,False,,
CFB0001830,CLI0200,ASG000713,DUD100451,2025-09-09,4,4,5,5,4,4,4,Yes,False,,
CFB0001831,CLI0200,ASG000713,DUD100451,2025-03-02,4,5,3,3,4,4,4,Yes,True,Classroom Management,
CFB0001832,CLI0166,ASG000714,DUD100452,2026-02-22,3,3,3,3,2,3,3,Maybe,False,,
CFB0001833,CLI0166,ASG000714,DUD100452,2025-12-12,5,5,5,5,5,5,5,Yes,False,,
CFB0001834,CLI0289,ASG000715,DUD100453,2022-02-03,3,3,3,3,3,2,3,Maybe,False,,
CFB0001835,CLI0289,ASG000715,DUD100453,2022-06-19,5,4,5,5,5,4,5,Maybe,False,,
CFB0001836,CLI0289,ASG000715,DUD100453,2022-05-15,2,3,1,1,2,1,2,Maybe,True,Professionalism,
CFB0001837,CLI0011,ASG000716,DUD100453,2022-09-08,5,5,5,5,5,5,5,Yes,False,,
CFB0001838,CLI0011,ASG000716,DUD100453,2026-02-10,4,4,3,3,4,4,4,Yes,False,,
CFB0001839,CLI0011,ASG000716,DUD100453,2023-09-30,4,5,4,4,4,3,3,Yes,False,,
CFB0001840,CLI0189,ASG000717,DUD100454,2025-07-16,2,2,2,3,2,2,2,Maybe,False,,
CFB0001841,CLI0189,ASG000717,DUD100454,2024-11-03,4,4,4,4,5,5,4,Yes,False,,
CFB0001842,CLI0189,ASG000717,DUD100454,2024-12-04,5,5,5,5,4,4,5,No,False,,
CFB0001843,CLI0124,ASG000718,DUD100454,2025-09-15,5,5,5,4,5,5,5,Maybe,False,,
CFB0001844,CLI0124,ASG000718,DUD100454,2025-10-10,5,5,5,5,5,5,4,Maybe,False,,
CFB0001845,CLI0124,ASG000718,DUD100454,2025-08-10,4,5,5,5,4,5,3,Yes,False,,
CFB0001846,CLI0124,ASG000718,DUD100454,2025-12-12,4,3,4,4,3,5,4,Maybe,False,,
CFB0001847,CLI0230,ASG000719,DUD100455,2024-11-09,5,5,5,5,5,5,5,Yes,False,,
CFB0001848,CLI0230,ASG000719,DUD100455,2024-08-18,5,5,5,4,5,5,4,Yes,False,,
CFB0001849,CLI0230,ASG000719,DUD100455,2024-06-17,4,3,4,4,5,4,5,Maybe,False,,
CFB0001850,CLI0204,ASG000720,DUD100455,2026-11-26,4,5,4,5,4,4,4,Yes,False,,
CFB0001851,CLI0295,ASG000721,DUD100455,2027-02-12,5,5,4,5,5,5,5,No,False,,
CFB0001852,CLI0295,ASG000721,DUD100455,2027-03-06,4,4,5,4,4,4,5,Yes,False,,
CFB0001853,CLI0295,ASG000721,DUD100455,2027-05-04,4,4,3,4,4,4,5,Maybe,False,,
CFB0001854,CLI0276,ASG000722,DUD100456,2026-03-17,3,2,4,3,3,3,4,No,True,Professionalism,
CFB0001855,CLI0120,ASG000723,DUD100457,2023-08-14,4,4,5,3,4,3,4,Yes,True,Professionalism,
CFB0001856,CLI0120,ASG000723,DUD100457,2024-01-04,4,4,4,4,4,3,4,Yes,False,,
CFB0001857,CLI0257,ASG000724,DUD100457,2024-07-07,5,5,4,5,5,5,4,Yes,False,,
CFB0001858,CLI0257,ASG000724,DUD100457,2024-12-07,4,3,4,4,3,4,3,Yes,False,,
CFB0001859,CLI0257,ASG000724,DUD100457,2024-06-03,4,4,4,5,4,5,4,Maybe,True,Attendance,
CFB0001860,CLI0257,ASG000724,DUD100457,2024-06-25,3,3,4,2,4,4,3,Maybe,False,,
CFB0001861,CLI0131,ASG000725,DUD100458,2023-07-02,5,5,4,4,5,5,5,Yes,False,,
CFB0001862,CLI0131,ASG000725,DUD100458,2023-03-22,4,4,5,4,3,4,5,Yes,False,,
CFB0001863,CLI0131,ASG000725,DUD100458,2023-05-23,4,4,4,4,4,4,3,Yes,False,,
CFB0001864,CLI0131,ASG000725,DUD100458,2022-08-20,4,3,5,5,4,5,3,Yes,False,,
CFB0001865,CLI0190,ASG000726,DUD100458,2026-07-27,5,4,5,5,5,4,5,Yes,False,,
CFB0001866,CLI0190,ASG000726,DUD100458,2024-11-17,4,4,4,5,5,3,4,Maybe,False,,
CFB0001867,CLI0190,ASG000726,DUD100458,2025-06-24,5,5,5,5,5,5,4,Maybe,False,,
CFB0001868,CLI0221,ASG000727,DUD100459,2024-09-20,5,5,5,5,5,5,5,Yes,False,,
CFB0001869,CLI0151,ASG000728,DUD100459,2026-01-28,4,4,5,4,5,4,4,Yes,False,,
CFB0001870,CLI0151,ASG000728,DUD100459,2027-01-11,4,3,5,5,4,4,5,Yes,False,,
CFB0001871,CLI0287,ASG000729,DUD100459,2027-11-11,4,3,4,4,5,3,4,No,False,,
CFB0001872,CLI0287,ASG000729,DUD100459,2027-03-12,5,5,5,4,5,5,5,Yes,False,,
CFB0001873,CLI0287,ASG000729,DUD100459,2027-12-27,4,5,5,4,4,3,4,Yes,False,,
CFB0001874,CLI0067,ASG000730,DUD100460,2025-08-11,5,5,5,5,5,5,5,Yes,False,,
CFB0001875,CLI0067,ASG000730,DUD100460,2025-07-10,4,4,4,4,5,5,4,Yes,False,,
CFB0001876,CLI0285,ASG000731,DUD100461,2021-10-18,2,2,1,2,3,2,1,Maybe,False,,
CFB0001877,CLI0285,ASG000731,DUD100461,2021-10-15,3,3,4,2,2,4,2,No,False,,
CFB0001878,CLI0285,ASG000731,DUD100461,2021-07-31,4,3,4,4,4,4,4,Yes,False,,
CFB0001879,CLI0255,ASG000732,DUD100462,2022-08-24,4,4,4,5,4,4,4,Yes,False,,
CFB0001880,CLI0255,ASG000732,DUD100462,2023-05-10,5,5,5,4,4,5,5,Yes,False,,
CFB0001881,CLI0255,ASG000732,DUD100462,2023-05-22,5,5,5,5,5,4,5,Maybe,False,,
CFB0001882,CLI0010,ASG000733,DUD100462,2023-09-09,4,4,4,5,5,4,5,Yes,False,,
CFB0001883,CLI0010,ASG000733,DUD100462,2024-01-05,4,5,5,3,5,4,4,No,False,,
CFB0001884,CLI0010,ASG000733,DUD100462,2023-12-19,4,4,5,3,3,5,4,Yes,False,,
CFB0001885,CLI0045,ASG000734,DUD100462,2025-02-23,3,3,3,4,3,3,2,Maybe,False,,
CFB0001886,CLI0045,ASG000734,DUD100462,2026-03-03,4,3,4,5,4,4,4,Maybe,False,,
CFB0001887,CLI0294,ASG000735,DUD100463,2024-07-18,4,4,4,5,4,5,3,Yes,False,,
CFB0001888,CLI0294,ASG000735,DUD100463,2023-08-13,3,3,3,2,2,3,3,Yes,False,,
CFB0001889,CLI0294,ASG000735,DUD100463,2023-11-12,5,5,5,4,5,5,5,Yes,False,,
CFB0001890,CLI0294,ASG000735,DUD100463,2024-08-28,4,3,4,4,4,3,5,Yes,False,,
CFB0001891,CLI0016,ASG000736,DUD100463,2025-01-14,4,4,4,4,3,3,3,Yes,False,,
CFB0001892,CLI0180,ASG000737,DUD100464,2026-03-18,4,4,5,3,4,4,3,Yes,False,,
CFB0001893,CLI0180,ASG000737,DUD100464,2026-07-31,3,3,3,4,2,3,4,Yes,False,,
CFB0001894,CLI0180,ASG000737,DUD100464,2026-05-09,4,4,3,3,4,4,3,Yes,False,,
CFB0001895,CLI0180,ASG000737,DUD100464,2025-10-15,2,3,1,2,2,2,3,Maybe,False,,
CFB0001896,CLI0005,ASG000738,DUD100465,2026-06-12,3,2,3,4,3,3,4,Yes,False,,
CFB0001897,CLI0005,ASG000738,DUD100465,2026-06-17,5,5,5,4,5,4,5,Yes,False,,
CFB0001898,CLI0005,ASG000738,DUD100465,2026-08-06,4,4,3,5,4,4,3,Yes,False,,
CFB0001899,CLI0005,ASG000738,DUD100465,2026-04-27,5,5,4,5,5,5,5,Maybe,False,,
CFB0001900,CLI0285,ASG000739,DUD100466,2024-02-04,4,4,5,4,4,5,4,Yes,False,,
CFB0001901,CLI0285,ASG000739,DUD100466,2025-02-23,4,4,5,4,4,3,4,Yes,False,,
CFB0001902,CLI0285,ASG000739,DUD100466,2024-05-11,4,3,4,5,5,4,4,Yes,False,,
CFB0001903,CLI0285,ASG000739,DUD100466,2025-04-21,3,4,3,2,3,3,4,Maybe,False,,
CFB0001904,CLI0008,ASG000740,DUD100466,2026-02-07,3,3,3,4,3,3,3,Yes,False,,
CFB0001905,CLI0048,ASG000741,DUD100466,2026-04-30,2,2,1,2,1,3,2,Yes,False,,
CFB0001906,CLI0048,ASG000741,DUD100466,2026-05-16,4,4,4,3,5,4,5,Yes,False,,
CFB0001907,CLI0048,ASG000741,DUD100466,2026-04-19,4,4,4,4,4,3,4,Yes,False,,
CFB0001908,CLI0275,ASG000742,DUD100467,2025-12-29,5,5,5,4,5,5,4,Yes,False,,
CFB0001909,CLI0275,ASG000742,DUD100467,2026-03-21,4,3,5,4,4,3,3,Yes,False,,
CFB0001910,CLI0145,ASG000743,DUD100468,2022-12-03,5,4,5,5,5,5,4,Maybe,False,,
CFB0001911,CLI0145,ASG000743,DUD100468,2023-12-28,4,5,4,4,3,3,5,Yes,False,,
CFB0001912,CLI0169,ASG000744,DUD100469,2024-02-20,4,3,4,5,4,4,3,Yes,False,,
CFB0001913,CLI0169,ASG000744,DUD100469,2023-11-05,4,4,4,3,4,3,4,Yes,False,,
CFB0001914,CLI0169,ASG000744,DUD100469,2024-05-04,4,4,3,3,4,5,3,Yes,False,,
CFB0001915,CLI0036,ASG000745,DUD100470,2023-07-14,3,2,3,2,4,3,2,Maybe,True,Professionalism,
CFB0001916,CLI0196,ASG000746,DUD100471,2026-06-29,3,4,2,3,3,3,3,No,False,,
CFB0001917,CLI0196,ASG000746,DUD100471,2026-04-23,4,4,3,4,4,3,5,No,False,,
CFB0001918,CLI0196,ASG000746,DUD100471,2026-04-28,5,5,5,5,5,5,4,Maybe,False,,
CFB0001919,CLI0168,ASG000747,DUD100472,2025-06-09,5,5,5,5,5,4,5,Yes,False,,
CFB0001920,CLI0168,ASG000747,DUD100472,2025-06-19,5,5,5,5,5,4,5,Yes,False,,
CFB0001921,CLI0168,ASG000747,DUD100472,2025-10-05,3,3,3,2,3,3,3,Yes,True,Punctuality,
CFB0001922,CLI0202,ASG000748,DUD100473,2022-10-27,5,5,5,4,4,5,5,Yes,False,,
CFB0001923,CLI0202,ASG000748,DUD100473,2024-05-31,2,1,1,2,2,2,2,Maybe,False,,
CFB0001924,CLI0093,ASG000749,DUD100474,2026-06-12,4,3,3,4,4,3,3,Yes,False,,
CFB0001925,CLI0293,ASG000750,DUD100475,2023-07-04,5,5,5,4,5,5,5,Yes,False,,
CFB0001926,CLI0038,ASG000751,DUD100476,2023-03-27,2,2,2,3,1,2,3,Maybe,False,,
CFB0001927,CLI0132,ASG000752,DUD100477,2024-05-20,5,5,5,5,5,5,4,Yes,False,,
CFB0001928,CLI0132,ASG000752,DUD100477,2024-04-15,4,3,4,3,4,3,3,Yes,False,,
CFB0001929,CLI0132,ASG000752,DUD100477,2024-02-12,5,5,5,5,4,5,5,Yes,False,,
CFB0001930,CLI0132,ASG000752,DUD100477,2024-04-07,4,5,4,4,4,3,3,No,False,,
CFB0001931,CLI0109,ASG000753,DUD100477,2024-10-02,5,5,5,4,4,5,4,Yes,False,,
CFB0001932,CLI0109,ASG000753,DUD100477,2024-08-08,4,4,3,4,4,4,3,Yes,False,,
CFB0001933,CLI0109,ASG000753,DUD100477,2024-06-25,3,4,3,2,3,3,2,Maybe,True,Classroom Management,
CFB0001934,CLI0222,ASG000754,DUD100478,2024-08-23,5,5,5,5,5,5,5,Yes,False,,
CFB0001935,CLI0222,ASG000755,DUD100479,2021-08-22,5,5,5,5,4,5,5,No,False,,
CFB0001936,CLI0222,ASG000755,DUD100479,2021-05-21,4,4,4,4,4,4,4,Yes,False,,
CFB0001937,CLI0222,ASG000755,DUD100479,2021-10-18,5,5,4,5,5,4,5,Yes,False,,
CFB0001938,CLI0219,ASG000756,DUD100479,2025-10-30,4,4,3,4,3,4,5,Yes,False,,
CFB0001939,CLI0219,ASG000756,DUD100479,2023-10-06,5,5,5,4,5,5,5,Maybe,False,,
CFB0001940,CLI0219,ASG000756,DUD100479,2024-11-04,4,3,4,4,3,4,4,Yes,False,,
CFB0001941,CLI0117,ASG000757,DUD100480,2025-10-28,4,5,4,4,3,5,5,Yes,False,,
CFB0001942,CLI0117,ASG000757,DUD100480,2026-08-01,5,5,5,5,5,5,4,Yes,False,,
CFB0001943,CLI0117,ASG000757,DUD100480,2025-07-14,5,5,5,5,4,5,5,Yes,False,,
CFB0001944,CLI0239,ASG000758,DUD100481,2023-03-07,4,4,4,4,4,3,4,Yes,False,,
CFB0001945,CLI0239,ASG000758,DUD100481,2022-09-30,4,4,4,3,4,4,4,Yes,False,,
CFB0001946,CLI0239,ASG000758,DUD100481,2023-04-06,3,3,2,4,3,4,4,Maybe,False,,
CFB0001947,CLI0139,ASG000759,DUD100482,2025-09-08,5,5,4,4,5,5,4,No,False,,
CFB0001948,CLI0139,ASG000759,DUD100482,2025-11-16,3,4,3,3,3,3,2,Maybe,False,,
CFB0001949,CLI0105,ASG000760,DUD100483,2026-06-21,4,4,4,4,5,4,4,Yes,False,,
CFB0001950,CLI0105,ASG000760,DUD100483,2026-05-25,5,5,5,5,5,4,4,Yes,False,,
CFB0001951,CLI0105,ASG000760,DUD100483,2026-02-04,4,5,4,4,4,4,5,Maybe,False,,
CFB0001952,CLI0058,ASG000761,DUD100483,2026-09-15,5,5,4,5,5,4,5,Yes,False,,
CFB0001953,CLI0058,ASG000761,DUD100483,2026-11-13,4,4,4,5,5,4,4,Yes,False,,
CFB0001954,CLI0058,ASG000761,DUD100483,2027-06-06,4,4,4,3,5,3,4,Yes,False,,
CFB0001955,CLI0058,ASG000761,DUD100483,2027-11-23,3,3,2,3,4,3,3,Maybe,False,,
CFB0001956,CLI0150,ASG000762,DUD100484,2024-08-03,4,4,4,4,5,3,3,Maybe,False,,
CFB0001957,CLI0150,ASG000762,DUD100484,2025-01-14,4,5,5,5,3,5,4,Yes,False,,
CFB0001958,CLI0287,ASG000763,DUD100485,2024-03-10,5,5,4,4,4,4,5,Yes,False,,
CFB0001959,CLI0287,ASG000763,DUD100485,2025-06-29,4,4,4,3,5,5,5,Yes,False,,
CFB0001960,CLI0287,ASG000763,DUD100485,2023-07-04,3,4,3,3,3,2,3,Yes,False,,
CFB0001961,CLI0092,ASG000764,DUD100486,2025-11-15,4,5,5,5,4,4,4,Yes,False,,
CFB0001962,CLI0092,ASG000764,DUD100486,2026-01-16,4,5,4,4,4,3,4,No,False,,
CFB0001963,CLI0092,ASG000764,DUD100486,2025-11-26,4,4,3,4,4,4,5,Yes,False,,
CFB0001964,CLI0090,ASG000765,DUD100487,2021-09-23,4,4,4,3,5,3,4,Yes,False,,
CFB0001965,CLI0090,ASG000765,DUD100487,2021-07-02,2,3,2,1,3,2,2,Yes,False,,
CFB0001966,CLI0090,ASG000765,DUD100487,2021-07-24,4,4,4,5,4,4,5,Maybe,False,,
CFB0001967,CLI0135,ASG000766,DUD100487,2024-07-28,5,5,5,4,4,5,5,Yes,False,,
CFB0001968,CLI0135,ASG000766,DUD100487,2022-12-08,4,4,4,3,4,3,4,Maybe,False,,
CFB0001969,CLI0049,ASG000767,DUD100488,2025-01-18,5,5,4,5,5,5,5,Yes,False,,
CFB0001970,CLI0049,ASG000767,DUD100488,2025-01-11,4,4,4,4,4,5,4,Yes,False,,
CFB0001971,CLI0212,ASG000768,DUD100488,2025-11-09,3,3,2,3,2,4,3,No,False,,
CFB0001972,CLI0224,ASG000769,DUD100489,2022-06-04,4,4,4,5,4,4,5,Yes,False,,
CFB0001973,CLI0224,ASG000769,DUD100489,2023-01-03,4,3,3,4,4,4,5,Maybe,False,,
CFB0001974,CLI0207,ASG000770,DUD100490,2022-04-26,5,5,5,5,5,5,4,Yes,False,,
CFB0001975,CLI0207,ASG000770,DUD100490,2023-07-04,4,5,4,5,3,5,4,Maybe,False,,
CFB0001976,CLI0207,ASG000770,DUD100490,2025-02-19,3,3,3,2,4,3,3,Maybe,False,,
CFB0001977,CLI0207,ASG000770,DUD100490,2021-07-08,1,1,1,2,1,1,1,Yes,False,,
CFB0001978,CLI0070,ASG000771,DUD100491,2026-04-26,3,4,4,3,2,3,3,Yes,False,,
CFB0001979,CLI0094,ASG000772,DUD100492,2021-09-02,3,3,3,2,3,3,4,Maybe,False,,
CFB0001980,CLI0094,ASG000772,DUD100492,2021-09-16,4,3,4,4,4,4,4,Maybe,False,,
CFB0001981,CLI0094,ASG000772,DUD100492,2021-11-16,3,3,2,2,4,2,4,Yes,False,,
CFB0001982,CLI0094,ASG000772,DUD100492,2021-11-29,5,4,5,5,5,5,5,Maybe,False,,
CFB0001983,CLI0263,ASG000773,DUD100492,2021-12-30,5,4,5,5,5,5,5,Yes,False,,
CFB0001984,CLI0087,ASG000774,DUD100492,2024-06-10,4,4,4,5,4,4,3,Yes,False,,
CFB0001985,CLI0087,ASG000774,DUD100492,2025-03-11,4,5,5,4,4,5,3,Yes,False,,
CFB0001986,CLI0280,ASG000775,DUD100493,2025-06-02,4,5,4,4,5,3,4,Yes,False,,
CFB0001987,CLI0280,ASG000775,DUD100493,2025-06-11,4,5,5,5,4,5,3,Yes,False,,
CFB0001988,CLI0280,ASG000775,DUD100493,2025-07-27,4,3,4,4,4,4,4,Yes,False,,
CFB0001989,CLI0280,ASG000775,DUD100493,2025-12-18,3,3,3,3,2,4,3,Yes,False,,
CFB0001990,CLI0164,ASG000776,DUD100493,2026-10-01,4,4,4,5,3,4,4,Yes,False,,
CFB0001991,CLI0164,ASG000776,DUD100493,2026-10-23,4,3,5,4,5,3,3,Yes,False,,
CFB0001992,CLI0014,ASG000777,DUD100494,2025-05-25,2,2,2,2,2,1,1,Maybe,False,,
CFB0001993,CLI0014,ASG000777,DUD100494,2024-09-12,4,4,5,4,4,4,4,No,False,,
CFB0001994,CLI0014,ASG000777,DUD100494,2024-07-28,4,4,4,4,3,3,4,No,False,,
CFB0001995,CLI0044,ASG000778,DUD100495,2025-09-19,5,5,5,5,5,5,5,Yes,False,,
CFB0001996,CLI0143,ASG000779,DUD100495,2026-06-21,5,5,4,5,5,5,5,Maybe,False,,
CFB0001997,CLI0128,ASG000780,DUD100495,2026-09-03,3,3,3,4,4,3,3,Maybe,False,,
CFB0001998,CLI0128,ASG000780,DUD100495,2026-09-03,4,4,5,5,4,4,5,Yes,False,,
CFB0001999,CLI0128,ASG000780,DUD100495,2026-09-03,4,4,4,4,4,4,4,Yes,False,,
CFB0002000,CLI0128,ASG000780,DUD100495,2026-09-03,4,4,5,5,5,3,3,Yes,False,,
CFB0002001,CLI0020,ASG000781,DUD100496,2024-12-25,5,5,4,4,5,5,5,No,False,,
CFB0002002,CLI0020,ASG000781,DUD100496,2024-10-27,5,5,5,5,5,5,5,Maybe,False,,
CFB0002003,CLI0276,ASG000782,DUD100496,2026-06-13,3,2,4,4,3,3,3,Yes,False,,
CFB0002004,CLI0195,ASG000783,DUD100497,2025-07-24,5,5,5,5,5,5,4,Yes,False,,
CFB0002005,CLI0195,ASG000783,DUD100497,2025-08-28,4,4,4,4,4,4,4,Yes,True,Communication,
CFB0002006,CLI0195,ASG000783,DUD100497,2024-10-23,2,2,1,1,1,1,2,Yes,False,,
CFB0002007,CLI0195,ASG000783,DUD100497,2025-04-11,5,5,4,5,4,5,5,Maybe,False,,
CFB0002008,CLI0116,ASG000784,DUD100498,2022-06-08,4,4,4,4,4,5,3,Yes,False,,
CFB0002009,CLI0116,ASG000784,DUD100498,2022-10-23,4,3,3,4,5,4,4,Yes,False,,
CFB0002010,CLI0116,ASG000784,DUD100498,2022-06-09,5,5,4,5,5,4,5,Yes,False,,
CFB0002011,CLI0025,ASG000785,DUD100498,2025-04-10,3,3,3,2,3,4,2,Maybe,False,,
CFB0002012,CLI0025,ASG000785,DUD100498,2024-11-25,4,4,4,4,5,3,5,Yes,False,,
CFB0002013,CLI0025,ASG000785,DUD100498,2025-03-17,3,3,4,3,4,4,4,Maybe,False,,
CFB0002014,CLI0133,ASG000786,DUD100499,2025-12-12,5,5,5,5,4,4,5,Yes,False,,
CFB0002015,CLI0133,ASG000786,DUD100499,2025-11-10,4,4,3,5,5,4,3,Yes,False,,
CFB0002016,CLI0205,ASG000787,DUD100500,2025-06-21,4,5,4,4,3,4,4,Yes,False,,
CFB0002017,CLI0205,ASG000787,DUD100500,2026-03-15,4,4,4,5,3,3,5,Maybe,False,,
CFB0002018,CLI0063,ASG000788,DUD100501,2025-03-30,4,5,3,4,3,5,3,Yes,False,,
CFB0002019,CLI0063,ASG000788,DUD100501,2025-04-18,2,1,2,2,3,2,2,No,False,,
CFB0002020,CLI0051,ASG000789,DUD100502,2026-07-19,5,5,5,5,5,5,4,Yes,False,,
CFB0002021,CLI0051,ASG000789,DUD100502,2026-05-08,4,3,3,5,4,5,4,Yes,False,,
CFB0002022,CLI0051,ASG000789,DUD100502,2026-05-06,4,3,5,4,4,4,3,Yes,False,,
CFB0002023,CLI0281,ASG000790,DUD100503,2023-09-18,4,5,4,4,4,3,3,Yes,False,,
CFB0002024,CLI0037,ASG000791,DUD100504,2022-09-22,4,4,4,3,4,3,4,Yes,False,,
CFB0002025,CLI0037,ASG000791,DUD100504,2022-07-15,3,3,2,2,4,2,3,No,False,,
CFB0002026,CLI0037,ASG000791,DUD100504,2022-03-07,4,4,4,4,4,5,3,Yes,False,,
CFB0002027,CLI0037,ASG000791,DUD100504,2023-01-09,4,4,3,5,4,5,3,Yes,False,,
CFB0002028,CLI0137,ASG000792,DUD100505,2026-01-10,5,5,4,5,5,5,5,Yes,False,,
CFB0002029,CLI0137,ASG000792,DUD100505,2026-05-03,4,4,5,5,5,4,4,Yes,False,,
CFB0002030,CLI0137,ASG000792,DUD100505,2026-07-06,2,1,2,1,2,2,1,Yes,False,,
CFB0002031,CLI0137,ASG000792,DUD100505,2025-11-16,4,4,5,4,3,4,5,Yes,False,,
CFB0002032,CLI0267,ASG000793,DUD100506,2025-08-24,4,3,5,4,3,3,4,Yes,False,,
CFB0002033,CLI0289,ASG000794,DUD100507,2023-07-09,3,4,3,2,4,3,3,Maybe,False,,
CFB0002034,CLI0289,ASG000794,DUD100507,2023-05-31,5,4,5,5,5,5,5,Yes,False,,
CFB0002035,CLI0163,ASG000795,DUD100507,2024-04-06,4,4,4,5,4,5,4,Yes,False,,
CFB0002036,CLI0163,ASG000795,DUD100507,2024-08-29,4,5,5,5,4,4,5,Yes,False,,
CFB0002037,CLI0163,ASG000795,DUD100507,2024-09-28,5,5,5,5,5,5,5,Yes,False,,
CFB0002038,CLI0007,ASG000796,DUD100508,2023-09-05,5,4,5,5,5,5,5,No,False,,
CFB0002039,CLI0016,ASG000797,DUD100508,2024-09-24,4,5,3,4,5,5,4,No,False,,
CFB0002040,CLI0016,ASG000797,DUD100508,2024-12-09,4,5,3,3,5,4,3,Maybe,False,,
CFB0002041,CLI0016,ASG000797,DUD100508,2024-10-15,1,1,2,1,1,1,1,Maybe,False,,
CFB0002042,CLI0016,ASG000797,DUD100508,2024-10-13,4,5,4,4,3,5,4,Maybe,False,,
CFB0002043,CLI0004,ASG000798,DUD100508,2025-10-25,4,5,5,4,3,3,4,Maybe,False,,
CFB0002044,CLI0004,ASG000798,DUD100508,2026-06-30,4,4,5,4,4,3,3,Yes,False,,
CFB0002045,CLI0004,ASG000798,DUD100508,2025-10-02,5,5,5,5,5,5,5,Yes,False,,
CFB0002046,CLI0161,ASG000799,DUD100509,2022-01-17,5,5,4,5,5,5,4,Yes,False,,
CFB0002047,CLI0161,ASG000799,DUD100509,2022-07-15,4,4,4,4,4,4,4,Maybe,False,,
CFB0002048,CLI0161,ASG000799,DUD100509,2023-12-19,4,4,3,5,5,4,3,Maybe,False,,
CFB0002049,CLI0161,ASG000799,DUD100509,2022-02-06,5,5,5,4,5,5,4,Yes,False,,
CFB0002050,CLI0060,ASG000800,DUD100510,2024-11-28,5,4,5,5,5,4,5,Yes,False,,
CFB0002051,CLI0060,ASG000800,DUD100510,2024-09-16,4,4,4,5,4,4,3,Yes,False,,
CFB0002052,CLI0060,ASG000800,DUD100510,2024-08-18,5,5,4,5,5,5,5,Yes,False,,
CFB0002053,CLI0091,ASG000801,DUD100511,2022-06-25,4,4,3,5,3,5,3,No,False,,
CFB0002054,CLI0091,ASG000801,DUD100511,2022-10-19,4,4,5,3,5,3,4,No,False,,
CFB0002055,CLI0091,ASG000801,DUD100511,2023-04-17,5,5,4,5,5,5,5,Yes,False,,
CFB0002056,CLI0248,ASG000802,DUD100511,2025-07-14,4,4,5,3,4,5,3,Yes,False,,
CFB0002057,CLI0248,ASG000802,DUD100511,2026-01-05,4,4,3,3,3,5,4,Yes,False,,
CFB0002058,CLI0248,ASG000802,DUD100511,2025-07-29,5,5,5,4,5,5,5,Yes,False,,
CFB0002059,CLI0095,ASG000803,DUD100512,2021-11-18,2,3,2,1,3,3,3,Maybe,False,,
CFB0002060,CLI0087,ASG000804,DUD100512,2026-01-25,4,4,4,4,5,4,3,Maybe,False,,
CFB0002061,CLI0087,ASG000804,DUD100512,2023-10-03,4,3,4,4,5,5,4,Yes,False,,
CFB0002062,CLI0172,ASG000805,DUD100513,2021-07-03,4,3,5,4,4,4,3,Maybe,False,,
CFB0002063,CLI0172,ASG000805,DUD100513,2023-10-16,5,4,5,5,4,5,4,Yes,False,,
CFB0002064,CLI0172,ASG000805,DUD100513,2021-03-10,3,4,2,2,3,3,3,Yes,False,,
CFB0002065,CLI0172,ASG000805,DUD100513,2024-01-30,3,3,3,4,4,3,2,No,False,,
CFB0002066,CLI0041,ASG000806,DUD100514,2026-01-18,4,4,3,3,4,4,5,Maybe,False,,
CFB0002067,CLI0041,ASG000806,DUD100514,2025-11-18,3,3,3,2,2,2,4,No,False,,
CFB0002068,CLI0177,ASG000807,DUD100514,2026-07-11,5,5,5,5,5,5,5,Maybe,False,,
CFB0002069,CLI0177,ASG000807,DUD100514,2026-03-05,4,4,3,5,5,3,3,Yes,False,,
CFB0002070,CLI0177,ASG000807,DUD100514,2026-07-04,5,5,5,5,4,5,4,Yes,False,,
CFB0002071,CLI0177,ASG000807,DUD100514,2026-06-12,3,3,3,2,2,3,3,No,False,,
CFB0002072,CLI0102,ASG000808,DUD100515,2024-01-23,4,4,4,4,3,4,4,Maybe,False,,
CFB0002073,CLI0102,ASG000808,DUD100515,2023-09-19,4,4,4,4,3,3,3,Yes,False,,
CFB0002074,CLI0102,ASG000808,DUD100515,2025-01-12,3,4,4,2,2,3,2,Yes,False,,
CFB0002075,CLI0212,ASG000809,DUD100516,2022-05-25,5,4,5,4,5,5,5,Maybe,False,,
CFB0002076,CLI0139,ASG000810,DUD100516,2025-03-20,5,5,5,5,4,5,4,Yes,False,,
CFB0002077,CLI0244,ASG000811,DUD100517,2024-05-24,4,5,3,3,3,3,4,Yes,False,,
CFB0002078,CLI0059,ASG000812,DUD100517,2025-01-23,4,4,3,3,5,4,5,Yes,False,,
CFB0002079,CLI0059,ASG000812,DUD100517,2025-11-07,4,4,5,4,3,4,4,No,False,,
CFB0002080,CLI0059,ASG000812,DUD100517,2025-09-13,4,4,5,5,4,5,4,No,False,,
CFB0002081,CLI0059,ASG000812,DUD100517,2025-03-26,4,4,4,4,3,3,5,Yes,False,,
CFB0002082,CLI0076,ASG000813,DUD100518,2026-07-13,3,3,2,2,3,4,3,No,False,,
CFB0002083,CLI0076,ASG000813,DUD100518,2025-04-09,4,4,5,4,4,5,4,Maybe,False,,
CFB0002084,CLI0076,ASG000813,DUD100518,2025-04-06,3,3,4,2,3,4,3,Yes,False,,
CFB0002085,CLI0222,ASG000814,DUD100519,2024-06-01,3,3,3,3,2,3,3,Maybe,False,,
CFB0002086,CLI0192,ASG000815,DUD100520,2024-08-17,1,2,2,1,1,2,2,Maybe,True,Professionalism,
CFB0002087,CLI0192,ASG000815,DUD100520,2024-03-05,4,4,3,5,4,5,3,Yes,False,,
CFB0002088,CLI0192,ASG000815,DUD100520,2025-01-14,4,4,4,5,5,4,4,Yes,False,,
CFB0002089,CLI0141,ASG000816,DUD100520,2025-08-19,3,3,3,3,3,2,3,Yes,False,,
CFB0002090,CLI0099,ASG000817,DUD100521,2024-04-08,2,1,1,1,3,2,2,No,False,,
CFB0002091,CLI0210,ASG000818,DUD100522,2026-08-01,5,5,5,5,4,5,4,Maybe,False,,
CFB0002092,CLI0210,ASG000818,DUD100522,2025-10-09,3,3,4,3,3,2,3,No,False,,
CFB0002093,CLI0270,ASG000819,DUD100522,2027-04-29,4,4,4,5,4,4,4,Maybe,False,,
CFB0002094,CLI0270,ASG000819,DUD100522,2027-01-22,3,3,3,4,3,2,3,Maybe,True,Communication,
CFB0002095,CLI0270,ASG000819,DUD100522,2027-04-24,2,2,2,1,2,3,1,No,False,,
CFB0002096,CLI0270,ASG000819,DUD100522,2026-12-23,4,4,4,4,5,4,4,No,False,,
CFB0002097,CLI0234,ASG000820,DUD100522,2028-02-11,3,3,2,4,3,4,3,Yes,False,,
CFB0002098,CLI0234,ASG000820,DUD100522,2028-02-11,3,3,3,3,4,3,3,Yes,False,,
CFB0002099,CLI0234,ASG000820,DUD100522,2028-02-11,4,4,5,3,3,4,5,Yes,False,,
CFB0002100,CLI0211,ASG000821,DUD100523,2025-08-20,3,3,3,3,2,3,3,No,False,,
CFB0002101,CLI0211,ASG000821,DUD100523,2024-08-27,4,4,5,4,4,4,5,Yes,False,,
CFB0002102,CLI0211,ASG000821,DUD100523,2024-10-08,5,5,5,5,5,5,4,Yes,False,,
CFB0002103,CLI0211,ASG000821,DUD100523,2026-08-13,4,4,4,4,4,5,4,Yes,False,,
CFB0002104,CLI0277,ASG000822,DUD100524,2025-04-09,5,5,4,5,5,4,5,Yes,False,,
CFB0002105,CLI0277,ASG000822,DUD100524,2025-04-06,5,5,5,5,4,5,5,Maybe,False,,
CFB0002106,CLI0277,ASG000822,DUD100524,2025-06-07,4,3,5,5,4,3,3,Yes,False,,
CFB0002107,CLI0277,ASG000822,DUD100524,2025-05-29,3,2,2,4,3,3,3,Maybe,False,,
CFB0002108,CLI0005,ASG000823,DUD100525,2021-08-28,1,1,2,2,1,1,2,Yes,False,,
CFB0002109,CLI0261,ASG000824,DUD100526,2024-12-21,4,3,5,4,4,4,3,No,False,,
CFB0002110,CLI0171,ASG000825,DUD100527,2024-12-04,5,4,5,5,5,4,5,Yes,False,,
CFB0002111,CLI0171,ASG000825,DUD100527,2025-08-04,5,5,5,5,5,4,5,Maybe,False,,
CFB0002112,CLI0171,ASG000825,DUD100527,2026-03-15,2,1,1,2,3,3,1,No,False,,
CFB0002113,CLI0171,ASG000825,DUD100527,2024-11-07,4,4,3,3,4,4,4,Yes,False,,
CFB0002114,CLI0202,ASG000826,DUD100528,2024-05-30,4,4,5,5,5,3,4,Yes,False,,
CFB0002115,CLI0202,ASG000826,DUD100528,2024-07-23,4,3,3,5,4,5,4,Yes,False,,
CFB0002116,CLI0057,ASG000827,DUD100529,2023-01-15,5,5,5,5,4,5,4,Yes,False,,
CFB0002117,CLI0057,ASG000827,DUD100529,2023-03-19,3,2,2,2,3,3,4,Maybe,False,,
CFB0002118,CLI0057,ASG000827,DUD100529,2022-12-09,5,5,5,4,5,5,4,Yes,False,,
CFB0002119,CLI0057,ASG000827,DUD100529,2022-06-06,5,5,5,5,5,5,5,Yes,False,,
CFB0002120,CLI0258,ASG000828,DUD100529,2025-05-14,4,3,3,5,3,4,4,Yes,False,,
CFB0002121,CLI0258,ASG000828,DUD100529,2024-08-13,5,4,5,5,5,5,5,Maybe,False,,
CFB0002122,CLI0067,ASG000829,DUD100530,2024-10-20,5,5,5,5,5,5,5,Yes,False,,
CFB0002123,CLI0067,ASG000829,DUD100530,2025-01-31,4,5,3,4,5,3,4,Yes,False,,
CFB0002124,CLI0067,ASG000829,DUD100530,2025-01-01,4,3,3,3,3,3,4,Maybe,False,,
CFB0002125,CLI0067,ASG000829,DUD100530,2025-07-28,4,5,4,5,4,5,4,Yes,False,,
CFB0002126,CLI0189,ASG000830,DUD100530,2025-12-09,5,4,5,5,5,4,5,Yes,False,,
CFB0002127,CLI0189,ASG000830,DUD100530,2025-08-23,4,4,4,5,5,3,4,Maybe,False,,
CFB0002128,CLI0189,ASG000830,DUD100530,2025-09-13,1,1,1,1,1,1,1,Maybe,False,,
CFB0002129,CLI0189,ASG000830,DUD100530,2025-10-26,2,3,1,2,3,2,2,Yes,True,Classroom Management,
CFB0002130,CLI0245,ASG000831,DUD100530,2026-04-19,5,5,5,4,4,4,5,Yes,False,,
CFB0002131,CLI0288,ASG000832,DUD100531,2025-07-13,4,4,5,3,5,5,5,Yes,False,,
CFB0002132,CLI0288,ASG000832,DUD100531,2025-01-23,5,4,4,4,5,5,5,Yes,False,,
CFB0002133,CLI0288,ASG000832,DUD100531,2025-05-29,4,4,4,4,3,4,3,Maybe,False,,
CFB0002134,CLI0288,ASG000832,DUD100531,2025-04-17,4,3,4,5,4,4,5,Maybe,False,,
CFB0002135,CLI0272,ASG000833,DUD100532,2024-03-24,5,5,5,4,4,5,5,Maybe,False,,
CFB0002136,CLI0094,ASG000834,DUD100532,2025-05-11,4,4,5,3,5,4,3,Yes,False,,
CFB0002137,CLI0094,ASG000834,DUD100532,2025-10-02,3,3,4,2,2,3,2,Yes,True,Professionalism,
CFB0002138,CLI0094,ASG000834,DUD100532,2025-10-08,4,4,5,4,3,4,4,Yes,False,,
CFB0002139,CLI0094,ASG000834,DUD100532,2025-07-28,4,4,4,4,4,4,3,Yes,False,,
CFB0002140,CLI0234,ASG000835,DUD100532,2026-07-19,4,5,4,5,5,5,5,Yes,True,Professionalism,
CFB0002141,CLI0234,ASG000835,DUD100532,2026-05-09,2,2,3,2,2,2,2,Maybe,True,Professionalism,
CFB0002142,CLI0234,ASG000835,DUD100532,2026-06-07,5,5,4,5,5,5,5,Yes,False,,
CFB0002143,CLI0217,ASG000836,DUD100533,2023-11-03,3,3,3,4,2,3,3,Yes,False,,
CFB0002144,CLI0296,ASG000837,DUD100534,2021-01-12,5,5,4,5,5,5,5,Yes,False,,
CFB0002145,CLI0296,ASG000837,DUD100534,2021-05-21,3,3,2,3,2,4,3,Maybe,False,,
CFB0002146,CLI0296,ASG000837,DUD100534,2021-05-03,5,4,5,5,5,5,5,Maybe,False,,
CFB0002147,CLI0296,ASG000837,DUD100534,2021-05-11,4,4,4,4,4,5,4,Maybe,False,,
CFB0002148,CLI0194,ASG000838,DUD100534,2025-11-11,2,2,3,2,2,2,2,Maybe,False,,
CFB0002149,CLI0194,ASG000838,DUD100534,2023-11-29,3,4,3,2,4,2,4,Yes,False,,
CFB0002150,CLI0149,ASG000839,DUD100535,2022-04-01,3,2,4,2,2,4,3,Yes,True,Lesson Quality,
CFB0002151,CLI0286,ASG000840,DUD100535,2023-12-04,4,5,4,4,5,3,4,Yes,False,,
CFB0002152,CLI0286,ASG000840,DUD100535,2023-05-27,3,4,4,2,2,2,2,Yes,True,Classroom Management,
CFB0002153,CLI0286,ASG000840,DUD100535,2024-03-05,4,4,3,4,4,3,5,Yes,False,,
CFB0002154,CLI0197,ASG000841,DUD100536,2026-02-24,1,1,1,1,1,1,1,Maybe,False,,
CFB0002155,CLI0052,ASG000842,DUD100537,2026-02-02,4,4,4,4,5,4,3,Yes,False,,
CFB0002156,CLI0172,ASG000843,DUD100538,2024-07-28,4,4,4,5,4,3,4,Yes,False,,
CFB0002157,CLI0172,ASG000843,DUD100538,2024-02-24,4,4,5,4,3,4,5,Yes,False,,
CFB0002158,CLI0172,ASG000843,DUD100538,2024-07-02,2,2,2,3,2,1,2,Maybe,False,,
CFB0002159,CLI0172,ASG000843,DUD100538,2024-06-27,2,2,3,3,3,1,1,No,False,,
CFB0002160,CLI0258,ASG000844,DUD100538,2024-12-03,4,4,4,3,4,5,4,Maybe,False,,
CFB0002161,CLI0007,ASG000845,DUD100538,2025-09-06,4,4,5,4,5,4,4,Yes,False,,
CFB0002162,CLI0142,ASG000846,DUD100539,2023-01-20,2,2,3,2,1,3,2,No,False,,
CFB0002163,CLI0142,ASG000846,DUD100539,2022-09-18,2,3,3,3,2,1,3,No,False,,
CFB0002164,CLI0246,ASG000847,DUD100539,2025-10-26,3,2,4,3,2,3,3,No,True,Lesson Quality,
CFB0002165,CLI0215,ASG000848,DUD100540,2023-04-14,4,3,4,5,3,4,3,Maybe,False,,
CFB0002166,CLI0215,ASG000848,DUD100540,2022-05-25,4,3,4,3,4,4,5,Yes,False,,
CFB0002167,CLI0152,ASG000849,DUD100541,2022-11-23,5,5,5,4,5,5,5,Yes,False,,
CFB0002168,CLI0152,ASG000849,DUD100541,2023-01-03,4,4,4,3,4,5,5,Maybe,False,,
CFB0002169,CLI0152,ASG000849,DUD100541,2022-11-11,2,3,2,2,3,3,2,Maybe,False,,
CFB0002170,CLI0152,ASG000849,DUD100541,2022-10-14,5,5,5,5,5,5,4,Yes,False,,
CFB0002171,CLI0093,ASG000850,DUD100541,2023-12-17,3,2,4,2,2,2,3,No,False,,
CFB0002172,CLI0093,ASG000850,DUD100541,2025-01-04,5,5,5,5,4,5,4,Yes,False,,
CFB0002173,CLI0093,ASG000850,DUD100541,2024-04-30,4,4,4,5,5,4,4,Yes,False,,
CFB0002174,CLI0009,ASG000851,DUD100542,2025-08-12,3,2,2,3,3,4,3,Yes,True,Professionalism,
CFB0002175,CLI0009,ASG000851,DUD100542,2024-12-08,4,5,5,4,5,4,4,Maybe,False,,
CFB0002176,CLI0009,ASG000851,DUD100542,2024-08-09,4,4,4,4,4,5,4,Yes,False,,
CFB0002177,CLI0088,ASG000852,DUD100542,2025-12-16,4,3,5,5,3,3,4,Yes,False,,
CFB0002178,CLI0088,ASG000852,DUD100542,2025-10-29,5,5,4,4,4,5,5,Yes,False,,
CFB0002179,CLI0078,ASG000853,DUD100543,2025-04-02,5,4,5,4,4,5,5,Yes,True,Communication,
CFB0002180,CLI0078,ASG000853,DUD100543,2025-02-16,3,4,4,2,3,3,3,Maybe,False,,
CFB0002181,CLI0125,ASG000854,DUD100544,2024-11-09,5,4,5,5,5,5,5,Maybe,False,,
CFB0002182,CLI0125,ASG000854,DUD100544,2023-05-10,3,3,4,3,4,2,4,Yes,False,,
CFB0002183,CLI0011,ASG000855,DUD100545,2026-02-11,4,3,4,4,4,3,3,Yes,True,Attendance,
CFB0002184,CLI0011,ASG000855,DUD100545,2026-10-23,5,5,5,5,5,4,4,Yes,False,,
CFB0002185,CLI0138,ASG000856,DUD100545,2026-11-14,1,1,1,1,2,1,1,Maybe,True,Professionalism,
CFB0002186,CLI0138,ASG000856,DUD100545,2026-12-17,4,5,4,3,5,5,4,Maybe,False,,
CFB0002187,CLI0159,ASG000857,DUD100546,2026-03-03,4,4,5,5,5,4,5,Yes,False,,
CFB0002188,CLI0159,ASG000857,DUD100546,2024-10-13,4,4,4,5,4,3,4,Yes,True,Communication,
CFB0002189,CLI0249,ASG000858,DUD100547,2023-08-07,4,4,4,4,4,4,5,Yes,False,,
CFB0002190,CLI0249,ASG000858,DUD100547,2023-02-02,4,4,4,3,5,3,3,Maybe,False,,
CFB0002191,CLI0041,ASG000859,DUD100548,2024-07-26,5,5,4,4,5,4,4,Yes,False,,
CFB0002192,CLI0041,ASG000859,DUD100548,2024-06-05,5,5,5,5,5,5,5,Maybe,False,,
CFB0002193,CLI0041,ASG000859,DUD100548,2024-10-02,5,4,4,5,5,5,5,Yes,False,,
CFB0002194,CLI0041,ASG000859,DUD100548,2024-03-13,4,4,4,4,4,3,4,Maybe,False,,
CFB0002195,CLI0078,ASG000860,DUD100549,2026-03-12,5,5,5,5,5,5,5,Yes,False,,
CFB0002196,CLI0078,ASG000860,DUD100549,2026-07-15,4,3,3,3,5,5,4,Maybe,False,,
CFB0002197,CLI0078,ASG000860,DUD100549,2026-07-14,2,2,2,1,2,1,1,Maybe,False,,
CFB0002198,CLI0185,ASG000861,DUD100550,2023-08-22,4,4,5,4,4,4,5,Maybe,False,,
CFB0002199,CLI0185,ASG000861,DUD100550,2025-07-08,3,2,2,3,3,3,3,No,True,Professionalism,
CFB0002200,CLI0204,ASG000862,DUD100551,2024-05-28,4,4,3,5,3,4,3,Yes,False,,
CFB0002201,CLI0204,ASG000862,DUD100551,2024-02-19,4,4,4,5,4,5,5,Yes,False,,
CFB0002202,CLI0204,ASG000862,DUD100551,2024-02-19,4,3,4,4,4,4,4,Maybe,False,,
CFB0002203,CLI0204,ASG000862,DUD100551,2025-03-02,1,1,1,1,1,2,2,Maybe,False,,
CFB0002204,CLI0071,ASG000863,DUD100551,2026-01-27,3,3,3,2,3,3,2,Maybe,False,,
CFB0002205,CLI0012,ASG000864,DUD100552,2026-02-26,5,5,5,5,5,5,5,Yes,False,,
CFB0002206,CLI0012,ASG000864,DUD100552,2025-07-05,5,5,5,5,4,5,5,Yes,False,,
CFB0002207,CLI0012,ASG000864,DUD100552,2026-04-24,5,5,5,5,4,5,5,Yes,False,,
CFB0002208,CLI0012,ASG000864,DUD100552,2026-02-16,5,4,4,4,5,4,5,Yes,False,,
CFB0002209,CLI0047,ASG000865,DUD100553,2023-07-29,5,4,4,4,4,5,5,Yes,False,,
CFB0002210,CLI0047,ASG000865,DUD100553,2023-01-04,5,5,5,5,5,5,5,Yes,False,,
CFB0002211,CLI0180,ASG000866,DUD100554,2024-12-11,3,3,4,3,3,2,3,Maybe,False,,
CFB0002212,CLI0056,ASG000867,DUD100555,2025-02-09,4,5,5,4,5,3,3,Yes,False,,
CFB0002213,CLI0005,ASG000868,DUD100555,2026-07-26,5,4,5,5,4,5,5,Yes,False,,
CFB0002214,CLI0151,ASG000869,DUD100556,2024-10-01,4,4,4,5,4,3,4,No,False,,
CFB0002215,CLI0151,ASG000869,DUD100556,2024-12-19,3,3,3,4,3,3,3,Yes,False,,
CFB0002216,CLI0151,ASG000869,DUD100556,2024-11-01,4,5,4,3,3,4,4,Yes,False,,
CFB0002217,CLI0151,ASG000869,DUD100556,2024-11-02,5,5,4,5,5,5,5,No,False,,
CFB0002218,CLI0023,ASG000870,DUD100556,2025-04-10,5,5,5,4,5,4,5,Maybe,False,,
CFB0002219,CLI0023,ASG000870,DUD100556,2025-06-25,4,3,5,4,4,5,5,Yes,False,,
CFB0002220,CLI0222,ASG000871,DUD100557,2021-07-04,4,4,3,5,5,3,3,Yes,False,,
CFB0002221,CLI0222,ASG000871,DUD100557,2021-06-29,4,4,3,5,4,4,3,Maybe,False,,
CFB0002222,CLI0222,ASG000871,DUD100557,2021-06-04,4,4,3,4,4,4,4,Maybe,False,,
CFB0002223,CLI0119,ASG000872,DUD100557,2023-02-19,4,5,5,4,5,3,4,Yes,False,,
CFB0002224,CLI0119,ASG000872,DUD100557,2022-02-02,4,3,5,4,4,3,4,Yes,False,,
CFB0002225,CLI0030,ASG000873,DUD100558,2022-06-28,4,4,4,4,3,4,4,Yes,False,,
CFB0002226,CLI0030,ASG000873,DUD100558,2022-04-27,3,4,4,4,2,4,3,No,False,,
CFB0002227,CLI0179,ASG000874,DUD100558,2024-05-09,4,5,4,5,4,5,5,Yes,True,Professionalism,
CFB0002228,CLI0179,ASG000874,DUD100558,2024-06-04,3,3,3,4,4,3,3,Maybe,True,Attendance,
CFB0002229,CLI0179,ASG000874,DUD100558,2026-05-07,5,5,5,5,5,5,5,Yes,False,,
CFB0002230,CLI0179,ASG000874,DUD100558,2025-05-04,5,5,5,4,5,5,5,Maybe,False,,
CFB0002231,CLI0172,ASG000875,DUD100559,2026-07-02,4,3,5,3,4,4,3,Yes,False,,
CFB0002232,CLI0172,ASG000875,DUD100559,2026-06-14,5,5,5,5,5,5,4,Yes,False,,
CFB0002233,CLI0172,ASG000875,DUD100559,2026-04-08,2,2,1,1,2,1,2,Yes,False,,
CFB0002234,CLI0004,ASG000876,DUD100559,2026-08-04,2,2,2,2,1,2,3,No,False,,
CFB0002235,CLI0004,ASG000876,DUD100559,2026-11-23,5,5,4,4,5,5,5,Maybe,False,,
CFB0002236,CLI0004,ASG000876,DUD100559,2027-04-22,2,2,2,3,2,2,2,Maybe,False,,
CFB0002237,CLI0004,ASG000876,DUD100559,2026-08-05,4,4,5,3,4,3,5,Yes,False,,
CFB0002238,CLI0145,ASG000877,DUD100559,2027-11-19,3,3,2,4,3,3,4,Maybe,False,,
CFB0002239,CLI0145,ASG000877,DUD100559,2027-12-06,3,3,3,4,3,3,3,Yes,False,,
CFB0002240,CLI0234,ASG000878,DUD100560,2024-06-14,5,5,5,5,5,5,5,Maybe,False,,
CFB0002241,CLI0234,ASG000878,DUD100560,2024-08-21,3,2,3,3,4,3,3,No,False,,
CFB0002242,CLI0234,ASG000878,DUD100560,2024-01-26,4,5,5,5,5,4,4,Yes,False,,
CFB0002243,CLI0234,ASG000878,DUD100560,2023-08-15,3,2,4,2,2,2,2,No,False,,
CFB0002244,CLI0089,ASG000879,DUD100560,2025-04-02,5,5,5,5,5,4,5,Maybe,False,,
CFB0002245,CLI0089,ASG000879,DUD100560,2025-12-05,5,5,5,5,5,5,5,Maybe,False,,
CFB0002246,CLI0264,ASG000880,DUD100561,2023-03-31,4,4,4,5,4,4,3,Yes,False,,
CFB0002247,CLI0264,ASG000880,DUD100561,2023-03-18,4,5,5,4,5,4,4,Maybe,False,,
CFB0002248,CLI0264,ASG000880,DUD100561,2023-04-30,3,4,2,3,2,3,2,Yes,False,,
CFB0002249,CLI0264,ASG000880,DUD100561,2023-04-28,5,4,5,5,5,5,5,No,False,,
CFB0002250,CLI0084,ASG000881,DUD100562,2022-12-17,4,4,5,4,5,5,4,Yes,False,,
CFB0002251,CLI0084,ASG000881,DUD100562,2023-03-17,4,5,4,3,4,3,4,Maybe,False,,
CFB0002252,CLI0084,ASG000881,DUD100562,2023-06-12,2,2,2,1,2,2,1,Maybe,False,,
CFB0002253,CLI0084,ASG000881,DUD100562,2023-02-16,1,1,1,2,1,1,1,No,False,,
CFB0002254,CLI0163,ASG000882,DUD100562,2024-02-10,4,3,4,4,4,3,4,Yes,False,,
CFB0002255,CLI0163,ASG000882,DUD100562,2024-07-13,4,5,3,4,4,4,3,No,False,,
CFB0002256,CLI0163,ASG000882,DUD100562,2026-07-10,4,4,3,4,4,4,3,Yes,False,,
CFB0002257,CLI0163,ASG000882,DUD100562,2024-07-22,4,5,4,3,3,3,5,No,False,,
CFB0002258,CLI0112,ASG000883,DUD100563,2024-02-15,5,4,5,5,5,4,5,Yes,False,,
CFB0002259,CLI0112,ASG000883,DUD100563,2024-02-24,5,5,4,5,5,5,5,Yes,False,,
CFB0002260,CLI0112,ASG000883,DUD100563,2026-05-22,3,3,4,3,2,2,4,No,False,,
CFB0002261,CLI0168,ASG000884,DUD100564,2022-12-08,3,4,2,3,2,4,4,Yes,False,,
CFB0002262,CLI0168,ASG000884,DUD100564,2023-12-02,5,5,5,4,4,4,5,Maybe,False,,
CFB0002263,CLI0118,ASG000885,DUD100564,2025-04-24,5,5,5,5,5,4,5,Yes,False,,
CFB0002264,CLI0118,ASG000885,DUD100564,2026-06-06,4,5,4,4,4,4,4,Yes,False,,
CFB0002265,CLI0118,ASG000885,DUD100564,2025-05-01,5,5,5,4,5,5,5,Yes,False,,
CFB0002266,CLI0118,ASG000885,DUD100564,2024-06-01,4,3,5,5,5,5,5,Yes,False,,
CFB0002267,CLI0103,ASG000886,DUD100565,2026-01-30,5,5,4,4,5,5,5,Yes,False,,
CFB0002268,CLI0178,ASG000887,DUD100566,2023-06-08,4,5,4,5,3,4,5,Maybe,False,,
CFB0002269,CLI0178,ASG000887,DUD100566,2023-05-06,4,4,3,4,5,4,4,Yes,False,,
CFB0002270,CLI0127,ASG000888,DUD100567,2024-07-13,3,3,4,4,2,3,2,No,False,,
CFB0002271,CLI0127,ASG000888,DUD100567,2024-10-20,2,2,1,2,2,1,1,No,True,Attendance,
CFB0002272,CLI0127,ASG000888,DUD100567,2024-07-06,4,4,4,3,5,4,4,Yes,False,,
CFB0002273,CLI0127,ASG000888,DUD100567,2024-06-23,4,4,4,5,5,4,4,Yes,False,,
CFB0002274,CLI0044,ASG000889,DUD100567,2025-05-27,5,5,5,5,4,4,5,Yes,False,,
CFB0002275,CLI0044,ASG000889,DUD100567,2026-05-25,5,5,5,4,4,5,5,Yes,False,,
CFB0002276,CLI0044,ASG000889,DUD100567,2025-06-11,3,3,3,3,4,3,3,Yes,False,,
CFB0002277,CLI0044,ASG000889,DUD100567,2026-05-17,5,4,5,5,5,5,5,Yes,False,,
CFB0002278,CLI0003,ASG000890,DUD100568,2025-11-27,3,2,2,4,4,4,3,No,False,,
CFB0002279,CLI0003,ASG000890,DUD100568,2025-07-17,5,5,5,4,5,4,4,Maybe,False,,
CFB0002280,CLI0003,ASG000890,DUD100568,2024-07-17,5,5,5,5,5,5,5,Yes,False,,
CFB0002281,CLI0003,ASG000890,DUD100568,2025-08-20,5,4,5,5,5,5,5,Maybe,False,,
CFB0002282,CLI0089,ASG000891,DUD100569,2025-01-08,4,4,5,4,3,3,4,Yes,True,Attendance,
CFB0002283,CLI0089,ASG000891,DUD100569,2025-03-23,5,4,5,5,5,5,5,Yes,False,,
CFB0002284,CLI0124,ASG000892,DUD100570,2023-04-27,5,4,5,5,5,4,5,Maybe,False,,
CFB0002285,CLI0124,ASG000892,DUD100570,2023-05-19,4,4,3,4,3,5,3,Yes,False,,
CFB0002286,CLI0157,ASG000893,DUD100571,2023-01-14,3,4,3,4,3,3,3,Yes,False,,
CFB0002287,CLI0157,ASG000893,DUD100571,2023-09-29,5,5,4,5,5,4,4,Maybe,False,,
CFB0002288,CLI0157,ASG000893,DUD100571,2023-02-14,3,3,3,3,3,3,3,No,True,Communication,
CFB0002289,CLI0157,ASG000893,DUD100571,2023-09-07,5,4,5,5,5,5,5,Maybe,False,,
CFB0002290,CLI0150,ASG000894,DUD100571,2024-09-17,4,4,3,5,4,3,4,Yes,False,,
CFB0002291,CLI0150,ASG000894,DUD100571,2024-12-16,5,5,4,5,5,5,5,Maybe,False,,
CFB0002292,CLI0150,ASG000894,DUD100571,2024-12-10,5,4,4,5,5,4,5,Maybe,False,,
CFB0002293,CLI0150,ASG000894,DUD100571,2024-12-01,2,2,3,1,3,2,2,Maybe,True,Lesson Quality,
CFB0002294,CLI0062,ASG000895,DUD100572,2022-09-23,4,3,4,5,4,3,4,Yes,False,,
CFB0002295,CLI0062,ASG000895,DUD100572,2022-11-03,5,5,5,5,5,5,4,Yes,True,Attendance,
CFB0002296,CLI0062,ASG000895,DUD100572,2022-05-04,2,2,3,1,3,1,3,Maybe,False,,
CFB0002297,CLI0062,ASG000895,DUD100572,2022-10-03,5,5,5,4,5,5,5,Maybe,False,,
CFB0002298,CLI0013,ASG000896,DUD100572,2025-02-18,4,4,5,4,4,5,4,Maybe,False,,
CFB0002299,CLI0013,ASG000896,DUD100572,2024-10-12,1,2,1,1,1,1,1,Yes,False,,
CFB0002300,CLI0013,ASG000896,DUD100572,2024-01-21,4,4,4,4,3,5,5,Yes,False,,
CFB0002301,CLI0082,ASG000897,DUD100573,2024-07-09,4,4,4,4,4,4,4,Yes,False,,
CFB0002302,CLI0082,ASG000897,DUD100573,2024-09-09,4,4,4,3,5,3,4,Yes,False,,
CFB0002303,CLI0082,ASG000897,DUD100573,2024-08-03,4,5,4,4,4,3,3,Yes,False,,
CFB0002304,CLI0292,ASG000898,DUD100573,2026-07-18,1,1,2,1,1,1,1,Maybe,False,,
CFB0002305,CLI0292,ASG000898,DUD100573,2026-01-20,4,3,5,5,5,4,4,Yes,False,,
CFB0002306,CLI0248,ASG000899,DUD100574,2022-06-10,4,4,4,4,4,3,4,Maybe,False,,
CFB0002307,CLI0248,ASG000899,DUD100574,2022-09-17,4,5,3,3,5,4,4,Yes,False,,
CFB0002308,CLI0248,ASG000899,DUD100574,2022-07-10,4,5,4,3,5,4,5,Yes,False,,
CFB0002309,CLI0124,ASG000900,DUD100574,2025-05-01,4,4,3,5,4,4,4,Maybe,False,,
CFB0002310,CLI0124,ASG000900,DUD100574,2024-04-04,4,5,4,4,4,3,5,Yes,False,,
CFB0002311,CLI0124,ASG000900,DUD100574,2026-01-07,5,5,5,4,5,5,5,Yes,False,,
CFB0002312,CLI0124,ASG000900,DUD100574,2024-09-06,5,4,5,4,5,5,5,Yes,False,,
CFB0002313,CLI0021,ASG000901,DUD100575,2023-11-06,2,2,3,3,2,2,2,Maybe,False,,
CFB0002314,CLI0021,ASG000901,DUD100575,2024-01-09,4,3,4,4,5,5,4,Maybe,False,,
CFB0002315,CLI0165,ASG000902,DUD100575,2024-07-08,4,4,4,5,3,4,4,Yes,True,Professionalism,
CFB0002316,CLI0165,ASG000902,DUD100575,2025-03-18,5,5,4,4,5,5,5,Yes,False,,
CFB0002317,CLI0165,ASG000902,DUD100575,2024-06-10,4,3,5,3,4,5,3,Yes,True,Lesson Quality,
CFB0002318,CLI0150,ASG000903,DUD100576,2026-01-24,4,4,4,4,4,4,4,Yes,False,,
CFB0002319,CLI0065,ASG000904,DUD100576,2026-07-10,4,4,5,3,4,4,3,Yes,False,,
CFB0002320,CLI0065,ASG000904,DUD100576,2026-06-03,5,5,4,5,4,5,5,Yes,False,,
CFB0002321,CLI0065,ASG000904,DUD100576,2026-08-20,1,1,1,2,1,2,2,Yes,False,,
CFB0002322,CLI0065,ASG000904,DUD100576,2026-05-12,5,5,4,5,5,5,5,Yes,False,,
CFB0002323,CLI0274,ASG000905,DUD100577,2025-03-20,4,4,5,3,4,4,4,Yes,False,,
CFB0002324,CLI0274,ASG000905,DUD100577,2025-08-30,4,4,5,4,3,3,3,Yes,False,,
CFB0002325,CLI0039,ASG000906,DUD100578,2025-10-20,3,3,3,3,4,3,3,Yes,False,,
CFB0002326,CLI0039,ASG000906,DUD100578,2024-01-08,2,2,2,3,1,1,1,Maybe,False,,
CFB0002327,CLI0264,ASG000907,DUD100579,2026-09-06,5,4,5,5,5,5,5,Maybe,False,,
CFB0002328,CLI0264,ASG000907,DUD100579,2027-04-13,4,4,5,5,4,4,3,Yes,False,,
CFB0002329,CLI0264,ASG000907,DUD100579,2027-03-13,4,4,4,3,4,3,3,Yes,False,,
CFB0002330,CLI0264,ASG000907,DUD100579,2026-11-07,1,1,1,1,2,1,2,No,False,,
CFB0002331,CLI0232,ASG000908,DUD100580,2025-12-21,4,5,5,4,3,5,3,Yes,False,,
CFB0002332,CLI0124,ASG000909,DUD100581,2026-07-03,4,4,5,4,3,4,4,Yes,False,,
CFB0002333,CLI0124,ASG000909,DUD100581,2024-03-14,4,3,4,5,3,5,4,Yes,False,,
CFB0002334,CLI0124,ASG000909,DUD100581,2026-08-03,5,4,5,5,5,5,4,Yes,False,,
CFB0002335,CLI0124,ASG000909,DUD100581,2025-10-09,5,5,4,5,5,5,5,Yes,False,,
CFB0002336,CLI0275,ASG000910,DUD100582,2024-02-25,4,4,4,3,5,4,4,Yes,False,,
CFB0002337,CLI0087,ASG000911,DUD100582,2026-08-03,4,3,4,4,4,4,4,Maybe,False,,
CFB0002338,CLI0087,ASG000911,DUD100582,2026-01-04,3,4,3,3,3,4,3,No,False,,
CFB0002339,CLI0087,ASG000911,DUD100582,2025-04-30,4,5,3,3,3,3,3,No,False,,
CFB0002340,CLI0279,ASG000912,DUD100583,2024-04-06,5,5,5,5,5,5,5,Yes,False,,
CFB0002341,CLI0279,ASG000912,DUD100583,2024-02-11,3,4,3,3,2,3,3,No,False,,
CFB0002342,CLI0279,ASG000912,DUD100583,2024-04-17,4,4,5,4,5,4,4,Yes,True,Professionalism,
CFB0002343,CLI0263,ASG000913,DUD100583,2024-07-23,5,5,5,5,4,5,4,Yes,True,Lesson Quality,
CFB0002344,CLI0263,ASG000913,DUD100583,2025-08-02,4,4,5,4,4,4,3,Maybe,False,,
CFB0002345,CLI0263,ASG000913,DUD100583,2024-09-24,3,3,3,4,2,3,3,Yes,False,,
CFB0002346,CLI0164,ASG000914,DUD100584,2022-03-25,3,3,2,2,3,2,4,Yes,False,,
CFB0002347,CLI0091,ASG000915,DUD100584,2022-08-24,5,5,4,5,5,4,5,Maybe,True,Professionalism,
CFB0002348,CLI0091,ASG000915,DUD100584,2022-05-19,5,5,5,4,4,4,5,Yes,False,,
CFB0002349,CLI0059,ASG000916,DUD100585,2025-07-04,4,4,4,4,5,5,3,Yes,False,,
CFB0002350,CLI0059,ASG000916,DUD100585,2026-04-08,5,5,5,5,5,4,4,Yes,False,,
CFB0002351,CLI0059,ASG000916,DUD100585,2025-09-29,4,5,5,4,4,4,4,Maybe,False,,
CFB0002352,CLI0121,ASG000917,DUD100586,2025-04-11,1,1,1,2,2,1,2,Maybe,False,,
CFB0002353,CLI0121,ASG000917,DUD100586,2024-07-09,4,5,4,4,4,3,4,Maybe,False,,
CFB0002354,CLI0121,ASG000917,DUD100586,2025-03-05,3,2,2,4,3,3,3,Yes,False,,
CFB0002355,CLI0158,ASG000918,DUD100587,2024-07-10,5,4,4,4,5,5,5,Yes,False,,
CFB0002356,CLI0158,ASG000918,DUD100587,2024-12-20,2,1,1,2,3,2,2,Yes,False,,
CFB0002357,CLI0158,ASG000918,DUD100587,2024-11-02,4,4,4,3,3,4,3,Yes,False,,
CFB0002358,CLI0158,ASG000918,DUD100587,2024-08-26,4,4,4,4,5,5,5,Yes,False,,
CFB0002359,CLI0234,ASG000919,DUD100588,2024-03-25,5,5,4,4,5,5,5,Yes,False,,
CFB0002360,CLI0234,ASG000919,DUD100588,2025-02-20,4,4,4,3,4,4,3,Maybe,False,,
CFB0002361,CLI0245,ASG000920,DUD100588,2025-10-18,4,5,3,4,3,4,3,Yes,False,,
CFB0002362,CLI0245,ASG000920,DUD100588,2025-10-02,3,3,2,4,4,3,2,Yes,True,Professionalism,
CFB0002363,CLI0245,ASG000920,DUD100588,2025-12-19,4,4,5,5,3,4,3,Yes,False,,
CFB0002364,CLI0245,ASG000920,DUD100588,2026-02-26,5,4,5,5,5,5,4,Yes,False,,
CFB0002365,CLI0168,ASG000921,DUD100589,2025-04-11,4,4,4,4,4,4,5,Maybe,False,,
CFB0002366,CLI0168,ASG000921,DUD100589,2025-07-09,3,3,4,3,3,2,2,Yes,False,,
CFB0002367,CLI0168,ASG000921,DUD100589,2025-06-27,2,2,2,2,2,2,2,Yes,False,,
CFB0002368,CLI0001,ASG000922,DUD100590,2021-12-09,2,1,2,2,2,3,2,Yes,False,,
CFB0002369,CLI0001,ASG000922,DUD100590,2023-09-24,5,4,4,4,4,4,5,Yes,False,,
CFB0002370,CLI0142,ASG000923,DUD100591,2025-07-11,4,4,4,4,4,4,5,Maybe,False,,
CFB0002371,CLI0270,ASG000924,DUD100592,2025-03-28,4,5,3,4,3,4,4,Yes,False,,
CFB0002372,CLI0270,ASG000924,DUD100592,2025-11-15,4,5,3,4,4,5,4,Yes,False,,
CFB0002373,CLI0270,ASG000924,DUD100592,2026-01-28,4,5,4,3,5,4,4,Yes,False,,
CFB0002374,CLI0229,ASG000925,DUD100592,2026-07-01,3,3,2,2,4,2,2,Maybe,False,,
CFB0002375,CLI0229,ASG000925,DUD100592,2026-05-25,4,3,4,4,3,5,4,Maybe,False,,
CFB0002376,CLI0229,ASG000925,DUD100592,2026-05-19,4,4,4,4,3,4,5,Yes,False,,
CFB0002377,CLI0083,ASG000926,DUD100593,2024-03-08,2,2,1,3,3,2,1,Maybe,False,,
CFB0002378,CLI0083,ASG000926,DUD100593,2024-04-25,4,4,5,4,5,4,5,Yes,False,,
CFB0002379,CLI0202,ASG000927,DUD100594,2025-09-15,4,5,4,4,5,4,4,Yes,False,,
CFB0002380,CLI0202,ASG000927,DUD100594,2025-11-23,4,4,4,4,3,5,4,Yes,False,,
CFB0002381,CLI0202,ASG000927,DUD100594,2026-06-18,2,2,3,2,1,2,1,Yes,False,,
CFB0002382,CLI0202,ASG000927,DUD100594,2026-06-28,2,3,2,2,3,2,2,Yes,False,,
CFB0002383,CLI0095,ASG000928,DUD100595,2023-06-16,4,4,4,4,3,4,5,Yes,False,,
CFB0002384,CLI0129,ASG000929,DUD100595,2024-03-25,5,5,5,4,5,4,4,Maybe,False,,
CFB0002385,CLI0006,ASG000930,DUD100596,2024-03-12,4,4,3,5,3,4,4,Yes,False,,
CFB0002386,CLI0073,ASG000931,DUD100597,2025-04-01,4,4,3,4,4,3,4,Yes,True,Attendance,
CFB0002387,CLI0073,ASG000931,DUD100597,2025-10-16,5,5,4,5,4,5,5,Yes,False,,
CFB0002388,CLI0073,ASG000931,DUD100597,2025-06-27,4,3,4,4,4,5,4,Yes,False,,
CFB0002389,CLI0248,ASG000932,DUD100597,2026-04-16,4,4,3,3,4,4,4,Yes,False,,
CFB0002390,CLI0248,ASG000932,DUD100597,2026-03-29,4,5,4,5,4,3,5,No,False,,
CFB0002391,CLI0248,ASG000932,DUD100597,2026-03-13,4,4,5,3,4,3,5,Yes,False,,
CFB0002392,CLI0136,ASG000933,DUD100598,2021-09-30,3,3,2,2,3,3,3,Maybe,False,,
CFB0002393,CLI0136,ASG000933,DUD100598,2021-06-30,3,3,4,3,4,4,2,Maybe,True,Communication,
CFB0002394,CLI0136,ASG000933,DUD100598,2021-05-03,4,4,4,4,4,4,3,Maybe,False,,
CFB0002395,CLI0162,ASG000934,DUD100599,2023-10-05,3,3,2,3,3,2,3,No,True,Lesson Quality,
CFB0002396,CLI0162,ASG000934,DUD100599,2024-03-19,4,5,4,4,5,5,4,Yes,False,,
CFB0002397,CLI0162,ASG000934,DUD100599,2024-01-22,4,4,4,5,3,4,3,Yes,False,,
CFB0002398,CLI0210,ASG000935,DUD100599,2024-12-11,4,4,4,5,5,3,3,Yes,False,,
CFB0002399,CLI0210,ASG000935,DUD100599,2026-04-22,4,4,3,5,4,4,4,Yes,False,,
CFB0002400,CLI0210,ASG000935,DUD100599,2025-12-22,4,3,4,4,5,4,3,No,False,,
CFB0002401,CLI0210,ASG000935,DUD100599,2026-05-27,5,5,5,5,4,4,5,Yes,False,,
CFB0002402,CLI0124,ASG000936,DUD100600,2026-08-30,4,4,4,5,4,4,3,Maybe,False,,
CFB0002403,CLI0124,ASG000936,DUD100600,2025-11-12,5,4,5,5,4,4,4,Yes,False,,
CFB0002404,CLI0124,ASG000936,DUD100600,2027-01-21,5,5,5,4,5,5,4,Maybe,False,,
CFB0002405,CLI0124,ASG000936,DUD100600,2026-03-30,4,5,5,4,4,4,4,Yes,False,,
CFB0002406,CLI0111,ASG000937,DUD100600,2028-03-26,2,2,2,2,2,2,2,No,False,,
CFB0002407,CLI0160,ASG000938,DUD100600,2028-04-21,3,3,3,3,3,3,4,Yes,False,,
CFB0002408,CLI0142,ASG000939,DUD100601,2021-08-11,5,5,5,5,5,5,5,No,False,,
CFB0002409,CLI0142,ASG000939,DUD100601,2022-03-18,4,4,4,3,4,4,4,Maybe,False,,
CFB0002410,CLI0142,ASG000939,DUD100601,2022-01-23,4,4,4,4,4,5,3,Maybe,False,,
CFB0002411,CLI0142,ASG000939,DUD100601,2022-07-29,4,3,3,3,4,3,4,Yes,False,,
CFB0002412,CLI0300,ASG000940,DUD100602,2023-02-13,4,4,3,5,5,4,3,Yes,False,,
CFB0002413,CLI0300,ASG000940,DUD100602,2023-09-22,5,5,5,4,5,5,4,Yes,False,,
CFB0002414,CLI0008,ASG000941,DUD100602,2025-11-18,4,4,4,5,3,3,4,Yes,False,,
CFB0002415,CLI0008,ASG000941,DUD100602,2025-04-22,5,5,4,4,5,5,5,Yes,False,,
CFB0002416,CLI0008,ASG000941,DUD100602,2026-02-02,3,4,3,4,3,3,2,Yes,False,,
CFB0002417,CLI0008,ASG000941,DUD100602,2025-04-07,4,5,4,4,5,4,3,Yes,False,,
CFB0002418,CLI0101,ASG000942,DUD100603,2026-05-13,3,3,3,3,3,3,3,Yes,False,,
CFB0002419,CLI0101,ASG000942,DUD100603,2026-05-06,2,2,2,3,3,1,1,No,False,,
CFB0002420,CLI0101,ASG000942,DUD100603,2026-07-20,5,5,5,4,4,5,5,Yes,False,,
CFB0002421,CLI0085,ASG000943,DUD100604,2022-11-18,4,4,4,4,5,4,4,Yes,False,,
CFB0002422,CLI0085,ASG000943,DUD100604,2022-11-30,4,4,4,5,4,5,3,Yes,False,,
CFB0002423,CLI0085,ASG000943,DUD100604,2022-10-22,5,5,5,5,5,5,5,Yes,True,Attendance,
CFB0002424,CLI0046,ASG000944,DUD100604,2024-09-05,2,3,3,2,3,1,3,Yes,False,,
CFB0002425,CLI0046,ASG000944,DUD100604,2023-11-04,4,4,4,5,4,4,4,Maybe,False,,
CFB0002426,CLI0189,ASG000945,DUD100604,2025-08-12,5,5,5,4,4,4,5,Maybe,False,,
CFB0002427,CLI0189,ASG000945,DUD100604,2025-05-24,4,4,3,4,4,5,4,No,False,,
CFB0002428,CLI0189,ASG000945,DUD100604,2025-04-03,4,3,4,5,4,4,5,Yes,False,,
CFB0002429,CLI0248,ASG000946,DUD100605,2024-07-17,5,4,5,5,5,5,5,Yes,False,,
CFB0002430,CLI0248,ASG000946,DUD100605,2023-11-11,5,5,5,5,5,5,5,Maybe,False,,
CFB0002431,CLI0173,ASG000947,DUD100605,2025-09-18,1,2,1,1,2,1,2,Yes,False,,
CFB0002432,CLI0173,ASG000947,DUD100605,2026-07-17,3,3,3,3,2,2,2,Yes,False,,
CFB0002433,CLI0173,ASG000947,DUD100605,2026-05-19,3,3,3,3,2,3,4,Yes,False,,
CFB0002434,CLI0126,ASG000948,DUD100606,2021-03-21,4,4,3,3,3,5,4,Yes,False,,
CFB0002435,CLI0126,ASG000948,DUD100606,2021-05-31,4,3,5,4,4,4,4,Yes,False,,
CFB0002436,CLI0126,ASG000948,DUD100606,2021-03-15,4,4,4,4,4,5,3,Yes,False,,
CFB0002437,CLI0241,ASG000949,DUD100606,2022-09-15,2,2,3,1,3,2,3,Maybe,False,,
CFB0002438,CLI0080,ASG000950,DUD100607,2023-08-13,4,4,4,4,5,4,3,Yes,False,,
CFB0002439,CLI0202,ASG000951,DUD100608,2024-09-09,5,5,5,5,4,5,5,Yes,False,,
CFB0002440,CLI0202,ASG000951,DUD100608,2023-07-17,4,4,4,4,4,5,5,Yes,False,,
CFB0002441,CLI0202,ASG000951,DUD100608,2023-09-25,4,4,4,3,4,5,4,Maybe,False,,
CFB0002442,CLI0299,ASG000952,DUD100609,2023-03-23,2,2,2,2,1,2,3,No,True,Lesson Quality,
CFB0002443,CLI0299,ASG000952,DUD100609,2022-03-28,4,3,4,5,4,5,4,Yes,False,,
CFB0002444,CLI0169,ASG000953,DUD100609,2025-03-26,4,3,4,4,3,5,5,Maybe,False,,
CFB0002445,CLI0144,ASG000954,DUD100610,2026-04-25,3,3,3,3,2,2,3,Yes,False,,
CFB0002446,CLI0278,ASG000955,DUD100610,2027-02-25,3,4,3,3,3,2,2,No,False,,
CFB0002447,CLI0278,ASG000955,DUD100610,2027-02-25,4,4,4,3,5,4,4,Yes,False,,
CFB0002448,CLI0090,ASG000956,DUD100611,2025-07-21,5,5,5,5,5,5,4,Yes,False,,
CFB0002449,CLI0090,ASG000956,DUD100611,2025-06-23,3,2,3,2,3,3,3,Maybe,False,,
CFB0002450,CLI0090,ASG000956,DUD100611,2025-08-09,2,1,2,3,3,2,1,Maybe,False,,
CFB0002451,CLI0090,ASG000956,DUD100611,2025-08-13,3,2,3,4,4,4,4,Maybe,False,,
CFB0002452,CLI0083,ASG000957,DUD100611,2025-11-11,1,1,1,1,1,2,1,Maybe,False,,
CFB0002453,CLI0083,ASG000957,DUD100611,2026-01-24,3,4,4,2,2,3,2,Maybe,False,,
CFB0002454,CLI0083,ASG000957,DUD100611,2026-01-28,5,4,4,5,5,5,5,Yes,False,,
CFB0002455,CLI0192,ASG000958,DUD100611,2026-07-02,4,4,4,4,4,4,5,Maybe,False,,
CFB0002456,CLI0192,ASG000958,DUD100611,2026-04-27,4,4,4,4,3,3,4,Yes,False,,
CFB0002457,CLI0199,ASG000959,DUD100612,2024-09-23,4,4,3,4,3,5,5,Maybe,False,,
CFB0002458,CLI0199,ASG000959,DUD100612,2025-11-18,5,5,5,4,5,5,4,Yes,False,,
CFB0002459,CLI0199,ASG000959,DUD100612,2026-06-21,4,4,5,4,4,4,5,Yes,False,,
CFB0002460,CLI0199,ASG000959,DUD100612,2026-02-25,4,3,4,4,4,3,4,Yes,False,,
CFB0002461,CLI0239,ASG000960,DUD100613,2025-08-22,4,4,5,3,5,4,4,Yes,False,,
CFB0002462,CLI0239,ASG000960,DUD100613,2026-02-06,5,5,5,5,5,5,5,Yes,False,,
CFB0002463,CLI0239,ASG000960,DUD100613,2023-12-05,4,4,5,5,5,3,5,Yes,False,,
CFB0002464,CLI0152,ASG000961,DUD100614,2025-03-16,4,4,4,3,4,3,5,Yes,False,,
CFB0002465,CLI0152,ASG000961,DUD100614,2025-04-09,4,4,4,5,4,5,3,No,False,,
CFB0002466,CLI0154,ASG000962,DUD100614,2026-01-31,4,4,3,4,3,5,5,Yes,False,,
CFB0002467,CLI0154,ASG000962,DUD100614,2026-04-18,4,4,4,4,4,3,4,Yes,False,,
CFB0002468,CLI0154,ASG000962,DUD100614,2025-08-27,5,5,4,4,5,5,5,Yes,False,,
CFB0002469,CLI0154,ASG000962,DUD100614,2026-04-27,3,3,3,4,4,4,2,Yes,False,,
CFB0002470,CLI0295,ASG000963,DUD100615,2026-01-13,4,5,3,4,4,4,4,Yes,False,,
CFB0002471,CLI0295,ASG000963,DUD100615,2025-09-03,3,3,4,4,4,4,3,Maybe,False,,
CFB0002472,CLI0236,ASG000964,DUD100616,2026-04-06,4,4,4,4,5,4,4,Yes,False,,
CFB0002473,CLI0236,ASG000964,DUD100616,2025-11-21,5,5,5,5,5,4,5,Maybe,False,,
CFB0002474,CLI0269,ASG000965,DUD100617,2023-07-19,3,3,2,3,4,3,3,Maybe,False,,
CFB0002475,CLI0005,ASG000966,DUD100617,2024-03-10,3,2,3,2,3,3,2,Maybe,False,,
CFB0002476,CLI0005,ASG000966,DUD100617,2025-04-17,4,5,4,4,5,3,5,Maybe,False,,
CFB0002477,CLI0005,ASG000966,DUD100617,2025-03-20,3,3,4,2,3,3,3,Maybe,False,,
CFB0002478,CLI0005,ASG000966,DUD100617,2026-07-13,3,3,2,4,3,2,3,No,False,,
CFB0002479,CLI0294,ASG000967,DUD100618,2021-09-16,4,5,4,4,5,4,3,Yes,False,,
CFB0002480,CLI0294,ASG000967,DUD100618,2021-05-22,3,3,2,2,2,4,2,Maybe,False,,
CFB0002481,CLI0294,ASG000967,DUD100618,2021-10-01,4,4,3,5,3,5,3,No,False,,
CFB0002482,CLI0032,ASG000968,DUD100619,2025-01-17,5,5,4,5,5,5,5,Maybe,False,,
CFB0002483,CLI0166,ASG000969,DUD100619,2026-06-11,1,1,2,1,1,1,1,No,False,,
CFB0002484,CLI0166,ASG000969,DUD100619,2025-06-03,3,4,3,2,2,3,2,No,True,Communication,
CFB0002485,CLI0166,ASG000969,DUD100619,2026-02-17,5,5,5,5,5,5,4,Maybe,False,,
CFB0002486,CLI0181,ASG000970,DUD100620,2025-08-28,3,2,3,4,2,3,3,Maybe,False,,
CFB0002487,CLI0181,ASG000970,DUD100620,2022-12-31,5,5,4,5,4,5,5,No,False,,
CFB0002488,CLI0298,ASG000971,DUD100621,2022-07-22,3,2,2,4,2,3,3,No,False,,
CFB0002489,CLI0298,ASG000971,DUD100621,2021-10-09,5,5,5,5,5,4,5,Yes,False,,
CFB0002490,CLI0298,ASG000971,DUD100621,2022-04-15,5,5,5,5,4,4,5,Yes,False,,
CFB0002491,CLI0298,ASG000971,DUD100621,2021-10-02,3,4,3,3,3,4,3,Yes,False,,
CFB0002492,CLI0084,ASG000972,DUD100622,2022-10-10,4,3,4,3,4,5,4,Maybe,False,,
CFB0002493,CLI0084,ASG000972,DUD100622,2023-03-27,2,2,1,1,1,2,1,No,False,,
CFB0002494,CLI0155,ASG000973,DUD100622,2026-04-13,4,4,4,5,4,4,5,Maybe,False,,
CFB0002495,CLI0155,ASG000973,DUD100622,2023-10-29,3,3,2,3,3,2,4,Maybe,False,,
CFB0002496,CLI0155,ASG000973,DUD100622,2026-04-13,4,4,4,4,4,3,4,Yes,False,,
CFB0002497,CLI0099,ASG000974,DUD100623,2022-11-26,4,3,5,3,4,3,5,Yes,False,,
CFB0002498,CLI0255,ASG000975,DUD100623,2025-05-15,4,4,4,4,4,4,4,No,False,,
CFB0002499,CLI0255,ASG000975,DUD100623,2024-11-26,5,5,5,5,4,5,5,Yes,False,,
CFB0002500,CLI0255,ASG000975,DUD100623,2023-11-28,1,1,1,1,1,1,1,Yes,False,,
CFB0002501,CLI0255,ASG000975,DUD100623,2024-10-14,4,3,4,5,3,3,3,Yes,False,,
CFB0002502,CLI0115,ASG000976,DUD100624,2025-09-25,4,3,5,4,5,5,3,No,False,,
CFB0002503,CLI0280,ASG000977,DUD100624,2026-03-14,3,4,2,2,3,3,2,Yes,False,,
CFB0002504,CLI0280,ASG000977,DUD100624,2026-03-02,5,5,5,5,5,5,5,No,False,,
CFB0002505,CLI0280,ASG000977,DUD100624,2026-05-13,4,4,4,5,3,5,5,Maybe,False,,
CFB0002506,CLI0280,ASG000977,DUD100624,2026-04-26,4,4,4,4,5,4,5,Yes,False,,
CFB0002507,CLI0086,ASG000978,DUD100624,2027-02-25,5,5,5,5,5,5,4,Yes,False,,
CFB0002508,CLI0257,ASG000979,DUD100625,2022-08-01,5,5,5,4,5,5,5,Yes,False,,
CFB0002509,CLI0257,ASG000979,DUD100625,2022-06-08,4,4,4,5,5,3,3,Maybe,False,,
CFB0002510,CLI0227,ASG000980,DUD100626,2026-03-27,4,4,4,5,4,4,4,Yes,False,,
CFB0002511,CLI0103,ASG000981,DUD100627,2023-11-27,4,4,4,4,4,4,4,Maybe,False,,
CFB0002512,CLI0103,ASG000981,DUD100627,2023-12-24,2,1,2,2,2,2,1,No,False,,
CFB0002513,CLI0103,ASG000981,DUD100627,2024-03-13,5,5,5,5,5,5,4,Yes,False,,
CFB0002514,CLI0103,ASG000981,DUD100627,2024-05-14,4,4,3,4,4,4,3,No,False,,
CFB0002515,CLI0190,ASG000982,DUD100628,2024-03-13,5,5,4,4,5,5,4,Maybe,False,,
CFB0002516,CLI0190,ASG000982,DUD100628,2024-09-19,5,4,5,5,5,5,5,Maybe,False,,
CFB0002517,CLI0190,ASG000982,DUD100628,2024-03-02,5,5,5,5,5,5,5,Yes,False,,
CFB0002518,CLI0190,ASG000982,DUD100628,2024-02-11,3,3,4,4,4,2,3,No,False,,
CFB0002519,CLI0134,ASG000983,DUD100628,2026-08-06,4,3,5,3,5,4,4,No,False,,
CFB0002520,CLI0134,ASG000983,DUD100628,2025-04-17,4,4,4,4,4,3,5,Maybe,False,,
CFB0002521,CLI0044,ASG000984,DUD100629,2025-12-04,2,2,1,2,1,1,3,Yes,False,,
CFB0002522,CLI0044,ASG000984,DUD100629,2025-01-13,2,3,2,2,2,2,3,Maybe,False,,
CFB0002523,CLI0044,ASG000984,DUD100629,2025-09-10,4,5,3,4,4,3,5,Maybe,False,,
CFB0002524,CLI0044,ASG000984,DUD100629,2025-04-11,5,5,5,5,5,4,5,Yes,False,,
CFB0002525,CLI0220,ASG000985,DUD100629,2026-10-21,4,5,5,4,5,3,4,Yes,False,,
CFB0002526,CLI0197,ASG000986,DUD100630,2021-10-08,4,4,4,4,5,5,4,Yes,False,,
CFB0002527,CLI0203,ASG000987,DUD100630,2022-04-15,1,2,2,1,1,2,1,Yes,True,Attendance,
CFB0002528,CLI0203,ASG000987,DUD100630,2022-05-27,5,5,4,5,5,5,5,Yes,False,,
CFB0002529,CLI0001,ASG000988,DUD100631,2025-06-22,4,4,4,4,4,3,3,Yes,False,,
CFB0002530,CLI0001,ASG000988,DUD100631,2026-08-12,3,3,3,3,4,3,3,Maybe,False,,
CFB0002531,CLI0001,ASG000988,DUD100631,2026-05-29,1,1,1,1,1,1,1,Yes,True,Communication,
CFB0002532,CLI0253,ASG000989,DUD100632,2023-08-10,4,4,4,4,4,4,5,No,False,,
CFB0002533,CLI0069,ASG000990,DUD100633,2021-07-31,4,4,4,4,4,4,4,Maybe,False,,
CFB0002534,CLI0069,ASG000990,DUD100633,2021-12-04,4,5,4,3,5,4,4,Maybe,False,,
CFB0002535,CLI0069,ASG000990,DUD100633,2021-11-11,3,2,2,4,3,4,3,Yes,False,,
CFB0002536,CLI0157,ASG000991,DUD100634,2023-07-31,4,4,4,4,5,4,4,Maybe,False,,
CFB0002537,CLI0157,ASG000991,DUD100634,2023-01-05,4,4,4,5,4,4,5,Maybe,False,,
CFB0002538,CLI0157,ASG000991,DUD100634,2023-07-22,4,5,5,4,5,4,4,Yes,False,,
CFB0002539,CLI0157,ASG000991,DUD100634,2023-07-09,3,4,4,2,2,4,2,No,False,,
CFB0002540,CLI0242,ASG000992,DUD100634,2025-04-03,4,4,5,5,5,4,3,Maybe,False,,
CFB0002541,CLI0239,ASG000993,DUD100635,2024-07-31,5,5,4,4,5,5,4,No,False,,
CFB0002542,CLI0239,ASG000993,DUD100635,2024-06-07,3,3,4,3,2,3,3,Maybe,False,,
CFB0002543,CLI0239,ASG000993,DUD100635,2024-07-28,4,4,5,5,5,3,4,Maybe,False,,
CFB0002544,CLI0239,ASG000993,DUD100635,2024-06-21,5,5,5,5,5,4,4,Yes,False,,
CFB0002545,CLI0228,ASG000994,DUD100635,2026-03-08,4,5,5,4,4,4,3,Yes,False,,
CFB0002546,CLI0228,ASG000994,DUD100635,2025-02-01,3,3,3,3,4,2,4,No,False,,
CFB0002547,CLI0228,ASG000994,DUD100635,2025-08-13,4,4,3,5,5,5,4,Yes,False,,
CFB0002548,CLI0147,ASG000995,DUD100636,2025-11-24,1,1,1,1,1,1,1,Maybe,True,Classroom Management,
CFB0002549,CLI0147,ASG000995,DUD100636,2026-02-28,3,3,3,3,3,4,3,Maybe,False,,
CFB0002550,CLI0147,ASG000995,DUD100636,2026-01-27,4,4,3,4,5,5,4,Yes,False,,
CFB0002551,CLI0196,ASG000996,DUD100637,2024-02-20,4,4,4,5,4,4,3,Yes,False,,
CFB0002552,CLI0196,ASG000996,DUD100637,2023-11-17,4,3,3,3,3,4,4,Yes,False,,
CFB0002553,CLI0196,ASG000996,DUD100637,2023-10-12,5,4,5,5,4,4,4,No,False,,
CFB0002554,CLI0210,ASG000997,DUD100637,2025-03-19,4,4,3,4,3,4,5,No,False,,
CFB0002555,CLI0210,ASG000997,DUD100637,2026-07-05,4,3,5,3,3,4,4,Yes,False,,
CFB0002556,CLI0235,ASG000998,DUD100638,2022-05-22,4,5,4,4,4,4,4,Yes,False,,
CFB0002557,CLI0021,ASG000999,DUD100639,2025-12-08,4,3,4,3,4,4,4,Yes,True,Lesson Quality,
CFB0002558,CLI0021,ASG000999,DUD100639,2025-04-18,5,5,5,5,5,5,4,Yes,False,,
CFB0002559,CLI0021,ASG000999,DUD100639,2025-02-03,5,4,4,4,5,4,5,Yes,False,,
CFB0002560,CLI0188,ASG001000,DUD100639,2026-01-27,4,3,4,4,3,3,3,Yes,False,,
CFB0002561,CLI0188,ASG001000,DUD100639,2026-03-29,5,5,5,4,5,4,4,Yes,False,,
CFB0002562,CLI0188,ASG001000,DUD100639,2026-05-29,5,5,4,5,4,5,5,Yes,False,,
CFB0002563,CLI0201,ASG001001,DUD100640,2025-06-03,5,5,5,4,5,5,5,Maybe,False,,
CFB0002564,CLI0224,ASG001002,DUD100641,2025-12-02,5,5,4,5,5,5,5,Yes,False,,
CFB0002565,CLI0224,ASG001002,DUD100641,2026-05-05,4,3,3,4,5,4,3,Yes,False,,
CFB0002566,CLI0016,ASG001003,DUD100641,2027-02-24,4,3,4,5,4,4,5,No,False,,
CFB0002567,CLI0016,ASG001003,DUD100641,2027-08-30,4,4,4,5,4,3,4,No,False,,
CFB0002568,CLI0036,ASG001004,DUD100642,2026-03-30,4,4,5,4,3,4,3,Yes,True,Lesson Quality,
CFB0002569,CLI0036,ASG001004,DUD100642,2026-06-16,5,5,4,5,5,5,5,Maybe,False,,
CFB0002570,CLI0066,ASG001005,DUD100643,2024-08-17,4,4,4,3,4,5,4,Yes,False,,
CFB0002571,CLI0066,ASG001005,DUD100643,2024-04-22,4,4,4,3,4,5,4,Maybe,False,,
CFB0002572,CLI0066,ASG001005,DUD100643,2024-03-23,3,3,2,2,4,3,4,Maybe,False,,
CFB0002573,CLI0066,ASG001005,DUD100643,2024-02-04,2,3,1,1,1,1,2,Yes,False,,
CFB0002574,CLI0133,ASG001006,DUD100643,2026-07-12,3,4,3,3,2,2,3,Maybe,False,,
CFB0002575,CLI0133,ASG001006,DUD100643,2026-05-10,3,4,2,3,4,2,4,Yes,False,,
CFB0002576,CLI0133,ASG001006,DUD100643,2025-03-07,4,4,4,3,4,5,4,Yes,False,,
CFB0002577,CLI0251,ASG001007,DUD100644,2026-04-18,4,3,4,3,3,4,5,Maybe,False,,
CFB0002578,CLI0251,ASG001007,DUD100644,2025-12-17,2,2,2,1,2,3,2,Maybe,False,,
CFB0002579,CLI0251,ASG001007,DUD100644,2026-04-10,3,3,3,3,3,4,3,No,False,,
CFB0002580,CLI0251,ASG001007,DUD100644,2026-01-21,3,3,2,3,3,2,3,Maybe,False,,
CFB0002581,CLI0161,ASG001008,DUD100645,2023-09-02,5,5,4,5,5,5,5,Maybe,False,,
CFB0002582,CLI0161,ASG001008,DUD100645,2023-07-22,4,4,4,4,3,5,5,No,False,,
CFB0002583,CLI0153,ASG001009,DUD100645,2026-07-01,4,4,4,4,4,3,5,Yes,False,,
CFB0002584,CLI0153,ASG001009,DUD100645,2025-05-09,4,3,5,4,5,4,3,Yes,False,,
CFB0002585,CLI0153,ASG001009,DUD100645,2024-02-20,5,5,5,4,5,4,5,Yes,False,,
CFB0002586,CLI0153,ASG001009,DUD100645,2024-06-17,4,5,4,4,4,3,5,Maybe,False,,
CFB0002587,CLI0014,ASG001010,DUD100646,2026-01-09,4,4,3,4,3,5,4,Yes,False,,
CFB0002588,CLI0014,ASG001010,DUD100646,2024-07-14,5,4,5,4,5,5,5,No,False,,
CFB0002589,CLI0014,ASG001010,DUD100646,2025-12-18,5,5,5,5,5,5,5,Maybe,False,,
CFB0002590,CLI0114,ASG001011,DUD100647,2025-11-23,5,4,5,4,5,5,5,Yes,False,,
CFB0002591,CLI0187,ASG001012,DUD100648,2024-08-19,5,5,5,5,5,5,5,No,False,,
CFB0002592,CLI0187,ASG001012,DUD100648,2025-07-31,4,3,4,3,3,5,4,Maybe,False,,
CFB0002593,CLI0187,ASG001012,DUD100648,2025-04-28,4,4,5,5,3,3,4,Yes,False,,
CFB0002594,CLI0187,ASG001012,DUD100648,2025-08-30,2,1,2,1,2,2,3,Maybe,True,Classroom Management,
CFB0002595,CLI0018,ASG001013,DUD100649,2024-11-29,5,4,5,5,4,5,5,Yes,False,,
CFB0002596,CLI0218,ASG001014,DUD100650,2026-08-04,3,3,2,2,2,4,3,Yes,True,Communication,
CFB0002597,CLI0154,ASG001015,DUD100651,2025-06-23,2,2,1,2,1,1,3,Yes,False,,
CFB0002598,CLI0130,ASG001016,DUD100652,2023-11-12,1,1,2,1,1,1,1,Maybe,False,,
CFB0002599,CLI0130,ASG001016,DUD100652,2026-05-15,2,1,3,2,2,3,2,Yes,False,,
CFB0002600,CLI0130,ASG001016,DUD100652,2023-08-30,3,3,3,4,3,3,3,Maybe,False,,
CFB0002601,CLI0022,ASG001017,DUD100653,2021-04-17,5,5,5,5,4,5,5,Yes,False,,
CFB0002602,CLI0022,ASG001017,DUD100653,2021-08-07,4,4,5,5,5,3,4,Yes,False,,
CFB0002603,CLI0022,ASG001017,DUD100653,2021-05-07,4,3,4,4,5,3,4,Maybe,True,Communication,
CFB0002604,CLI0242,ASG001018,DUD100654,2024-06-01,3,3,4,4,4,3,4,Maybe,True,Professionalism,
CFB0002605,CLI0242,ASG001018,DUD100654,2024-02-02,4,5,4,4,4,3,3,Yes,False,,
CFB0002606,CLI0242,ASG001018,DUD100654,2024-06-24,4,4,4,4,5,4,5,Yes,False,,
CFB0002607,CLI0242,ASG001018,DUD100654,2024-09-03,5,5,4,4,5,5,5,Maybe,False,,
CFB0002608,CLI0023,ASG001019,DUD100655,2026-06-03,4,5,5,3,4,5,5,Maybe,False,,
CFB0002609,CLI0023,ASG001019,DUD100655,2026-06-11,5,4,4,4,5,4,5,Yes,False,,
CFB0002610,CLI0023,ASG001019,DUD100655,2025-11-27,5,5,4,5,4,5,5,Yes,True,Communication,
CFB0002611,CLI0169,ASG001020,DUD100656,2026-02-20,4,3,3,5,4,4,4,No,False,,
CFB0002612,CLI0041,ASG001021,DUD100657,2023-12-25,3,3,2,4,3,2,3,Maybe,False,,
CFB0002613,CLI0041,ASG001021,DUD100657,2024-03-13,4,4,5,4,4,4,5,Maybe,False,,
CFB0002614,CLI0041,ASG001021,DUD100657,2023-02-18,4,4,4,4,5,4,5,Yes,False,,
CFB0002615,CLI0249,ASG001022,DUD100658,2021-11-02,5,5,5,5,5,5,5,Maybe,False,,
CFB0002616,CLI0249,ASG001022,DUD100658,2021-11-03,5,5,4,5,4,5,5,Maybe,False,,
CFB0002617,CLI0276,ASG001023,DUD100658,2025-10-23,4,5,5,3,5,4,5,Yes,False,,
CFB0002618,CLI0280,ASG001024,DUD100659,2024-07-18,5,5,5,5,5,5,5,Yes,False,,
CFB0002619,CLI0280,ASG001024,DUD100659,2024-03-17,4,4,4,4,4,4,4,Yes,True,Punctuality,
CFB0002620,CLI0280,ASG001024,DUD100659,2024-07-22,5,5,5,4,5,5,5,Maybe,False,,
CFB0002621,CLI0280,ASG001024,DUD100659,2024-06-20,5,5,5,5,5,5,4,Yes,False,,
CFB0002622,CLI0006,ASG001025,DUD100659,2024-10-04,4,4,3,5,3,4,5,No,False,,
CFB0002623,CLI0006,ASG001025,DUD100659,2024-09-27,5,5,5,5,4,4,4,Maybe,False,,
CFB0002624,CLI0006,ASG001025,DUD100659,2025-01-24,4,3,3,4,4,3,4,Yes,False,,
CFB0002625,CLI0106,ASG001026,DUD100660,2024-12-23,4,4,4,3,4,4,3,Yes,False,,
CFB0002626,CLI0275,ASG001027,DUD100661,2024-02-02,4,5,5,3,3,4,4,Maybe,False,,
CFB0002627,CLI0137,ASG001028,DUD100661,2025-09-22,2,2,2,3,2,3,2,Maybe,False,,
CFB0002628,CLI0107,ASG001029,DUD100662,2023-10-13,3,2,3,3,3,2,3,Yes,False,,
CFB0002629,CLI0107,ASG001029,DUD100662,2025-10-09,3,3,4,2,3,3,2,Maybe,False,,
CFB0002630,CLI0107,ASG001029,DUD100662,2022-10-29,5,5,5,4,5,4,4,Yes,False,,
CFB0002631,CLI0279,ASG001030,DUD100663,2024-12-12,4,3,5,5,4,5,4,Yes,False,,
CFB0002632,CLI0270,ASG001031,DUD100663,2027-01-16,3,3,2,3,4,4,2,Maybe,False,,
CFB0002633,CLI0270,ASG001031,DUD100663,2026-11-16,3,3,4,2,3,3,4,Yes,True,Communication,
CFB0002634,CLI0056,ASG001032,DUD100663,2027-08-25,5,5,5,4,5,5,5,No,False,,
CFB0002635,CLI0056,ASG001032,DUD100663,2028-01-02,4,4,4,3,5,4,3,Yes,False,,
CFB0002636,CLI0056,ASG001032,DUD100663,2027-11-23,4,4,3,5,3,5,5,Yes,False,,
CFB0002637,CLI0238,ASG001033,DUD100664,2026-04-15,4,5,3,4,3,3,4,Yes,False,,
CFB0002638,CLI0238,ASG001033,DUD100664,2025-11-19,5,5,5,5,5,5,4,Maybe,False,,
CFB0002639,CLI0238,ASG001033,DUD100664,2025-12-03,5,5,5,5,4,5,5,Yes,False,,
CFB0002640,CLI0102,ASG001034,DUD100665,2022-03-10,3,2,3,2,2,3,3,No,False,,
CFB0002641,CLI0102,ASG001034,DUD100665,2022-09-05,3,3,4,4,3,3,3,Yes,False,,
CFB0002642,CLI0130,ASG001035,DUD100665,2022-12-16,3,3,2,2,3,2,4,Maybe,False,,
CFB0002643,CLI0130,ASG001035,DUD100665,2022-12-24,5,5,5,5,5,4,5,Maybe,False,,
CFB0002644,CLI0130,ASG001035,DUD100665,2022-12-30,5,4,5,5,5,5,5,Maybe,False,,
CFB0002645,CLI0251,ASG001036,DUD100666,2024-04-16,2,1,1,2,2,3,3,Maybe,False,,
CFB0002646,CLI0251,ASG001036,DUD100666,2024-02-11,5,5,5,5,5,5,4,Yes,False,,
CFB0002647,CLI0251,ASG001036,DUD100666,2024-02-03,4,4,3,4,3,5,3,Yes,False,,
CFB0002648,CLI0251,ASG001036,DUD100666,2024-04-22,4,4,5,3,3,4,4,Yes,False,,
CFB0002649,CLI0142,ASG001037,DUD100666,2025-03-09,2,2,2,1,2,3,2,Maybe,False,,
CFB0002650,CLI0170,ASG001038,DUD100666,2026-04-22,5,4,4,5,5,5,5,Yes,True,Professionalism,
CFB0002651,CLI0170,ASG001039,DUD100667,2024-08-10,4,3,4,4,4,5,4,Yes,False,,
CFB0002652,CLI0170,ASG001039,DUD100667,2025-04-22,4,5,4,4,4,5,4,Yes,False,,
CFB0002653,CLI0170,ASG001039,DUD100667,2025-08-29,3,3,3,3,2,3,3,Maybe,False,,
CFB0002654,CLI0126,ASG001040,DUD100668,2024-07-09,5,5,5,4,4,5,5,Yes,False,,
CFB0002655,CLI0240,ASG001041,DUD100669,2026-01-19,2,3,2,3,2,2,2,Yes,False,,
CFB0002656,CLI0240,ASG001041,DUD100669,2026-01-21,4,3,4,5,3,4,3,Yes,False,,
CFB0002657,CLI0240,ASG001041,DUD100669,2025-08-29,5,4,5,5,5,5,5,Yes,False,,
CFB0002658,CLI0095,ASG001042,DUD100670,2025-06-13,2,2,1,2,1,2,3,No,False,,
CFB0002659,CLI0095,ASG001042,DUD100670,2025-04-05,5,5,5,5,5,5,5,No,False,,
CFB0002660,CLI0055,ASG001043,DUD100671,2023-10-08,3,3,3,4,4,2,2,Maybe,False,,
CFB0002661,CLI0055,ASG001043,DUD100671,2023-11-30,5,5,5,5,4,5,5,Yes,False,,
CFB0002662,CLI0055,ASG001043,DUD100671,2023-11-01,3,4,3,3,4,3,4,No,True,Lesson Quality,
CFB0002663,CLI0029,ASG001044,DUD100671,2024-03-31,3,2,2,4,4,4,3,Yes,False,,
CFB0002664,CLI0029,ASG001044,DUD100671,2024-04-07,4,4,4,4,3,3,3,Yes,False,,
CFB0002665,CLI0029,ASG001044,DUD100671,2024-06-06,5,5,5,5,5,5,5,Yes,False,,
CFB0002666,CLI0228,ASG001045,DUD100672,2025-09-21,3,4,3,3,3,3,4,Maybe,True,Professionalism,
CFB0002667,CLI0228,ASG001045,DUD100672,2024-09-20,4,4,3,4,3,4,3,Maybe,False,,
CFB0002668,CLI0228,ASG001045,DUD100672,2026-05-02,3,3,3,3,2,4,4,Maybe,False,,
CFB0002669,CLI0228,ASG001045,DUD100672,2026-02-24,4,3,4,4,4,5,4,No,False,,
CFB0002670,CLI0283,ASG001046,DUD100673,2026-05-12,4,3,4,3,4,5,4,Maybe,False,,
CFB0002671,CLI0283,ASG001046,DUD100673,2023-07-19,5,4,5,5,5,5,4,No,False,,
CFB0002672,CLI0283,ASG001046,DUD100673,2023-10-31,3,2,2,3,4,3,2,Yes,False,,
CFB0002673,CLI0279,ASG001047,DUD100674,2022-04-13,3,2,3,2,3,3,3,Yes,True,Professionalism,
CFB0002674,CLI0279,ASG001047,DUD100674,2022-03-02,4,3,4,4,4,5,4,Yes,False,,
CFB0002675,CLI0279,ASG001047,DUD100674,2022-01-09,4,4,4,4,5,4,5,No,False,,
CFB0002676,CLI0279,ASG001047,DUD100674,2021-12-26,5,4,5,5,4,5,5,Yes,False,,
CFB0002677,CLI0126,ASG001048,DUD100674,2025-07-18,4,4,5,3,4,3,5,Yes,False,,
CFB0002678,CLI0126,ASG001048,DUD100674,2023-01-29,4,4,4,5,3,3,4,Maybe,False,,
CFB0002679,CLI0126,ASG001048,DUD100674,2024-05-25,5,4,5,5,5,5,5,Yes,False,,
CFB0002680,CLI0189,ASG001049,DUD100675,2025-10-28,2,3,3,1,2,3,2,Maybe,True,Attendance,
CFB0002681,CLI0189,ASG001049,DUD100675,2023-05-14,5,5,5,5,5,5,5,Maybe,False,,
CFB0002682,CLI0189,ASG001049,DUD100675,2025-09-29,4,5,4,4,4,4,5,Yes,False,,
CFB0002683,CLI0189,ASG001049,DUD100675,2026-06-19,2,2,2,1,3,1,2,No,False,,
CFB0002684,CLI0128,ASG001050,DUD100676,2025-06-16,5,5,5,5,5,5,5,Yes,False,,
CFB0002685,CLI0128,ASG001050,DUD100676,2025-03-31,5,4,5,5,4,4,5,Yes,False,,
CFB0002686,CLI0202,ASG001051,DUD100676,2025-09-22,5,4,5,5,5,5,5,No,False,,
CFB0002687,CLI0202,ASG001051,DUD100676,2026-03-02,5,5,4,5,5,5,5,Yes,True,Lesson Quality,
CFB0002688,CLI0202,ASG001051,DUD100676,2025-09-29,3,3,3,4,3,4,3,Yes,False,,
CFB0002689,CLI0104,ASG001052,DUD100676,2026-07-05,3,3,3,3,4,2,3,Yes,False,,
CFB0002690,CLI0104,ASG001052,DUD100676,2026-08-14,5,4,5,5,4,5,5,Yes,False,,
CFB0002691,CLI0104,ASG001052,DUD100676,2026-12-25,3,3,3,2,2,3,3,Yes,False,,
CFB0002692,CLI0104,ASG001052,DUD100676,2026-12-30,3,4,4,4,3,2,4,Maybe,False,,
CFB0002693,CLI0193,ASG001053,DUD100677,2026-03-01,5,4,5,5,5,5,4,Yes,False,,
CFB0002694,CLI0193,ASG001053,DUD100677,2026-01-12,5,5,5,5,5,5,4,Yes,False,,
CFB0002695,CLI0193,ASG001053,DUD100677,2026-03-15,4,5,3,3,4,4,4,Yes,False,,
CFB0002696,CLI0300,ASG001054,DUD100678,2023-04-01,5,5,4,5,5,5,5,Yes,False,,
CFB0002697,CLI0300,ASG001054,DUD100678,2023-08-07,4,4,3,4,5,5,4,Yes,False,,
CFB0002698,CLI0300,ASG001054,DUD100678,2023-11-18,4,5,5,5,4,5,4,Yes,False,,
CFB0002699,CLI0300,ASG001055,DUD100679,2023-05-16,5,5,5,5,5,5,4,Yes,False,,
CFB0002700,CLI0300,ASG001055,DUD100679,2023-04-06,4,4,3,5,4,5,3,Yes,False,,
CFB0002701,CLI0300,ASG001055,DUD100679,2022-06-11,2,2,2,2,2,3,2,No,False,,
CFB0002702,CLI0134,ASG001056,DUD100679,2023-12-12,4,3,4,5,5,4,3,Maybe,False,,
CFB0002703,CLI0134,ASG001056,DUD100679,2023-10-31,3,4,3,3,3,3,3,No,False,,
CFB0002704,CLI0203,ASG001057,DUD100680,2023-06-16,1,1,1,1,1,2,1,Yes,True,Punctuality,
CFB0002705,CLI0203,ASG001057,DUD100680,2023-04-01,4,4,5,4,3,4,3,Yes,False,,
CFB0002706,CLI0203,ASG001057,DUD100680,2023-04-15,4,4,3,4,5,4,3,Yes,False,,
CFB0002707,CLI0203,ASG001057,DUD100680,2023-05-15,4,3,3,4,3,5,4,Yes,False,,
CFB0002708,CLI0212,ASG001058,DUD100680,2023-07-30,4,3,3,4,5,4,5,Yes,False,,
CFB0002709,CLI0212,ASG001058,DUD100680,2025-07-30,4,4,3,4,4,3,3,Yes,False,,
CFB0002710,CLI0212,ASG001058,DUD100680,2023-09-05,1,1,1,1,1,1,1,No,False,,
CFB0002711,CLI0228,ASG001059,DUD100681,2024-08-13,4,4,4,3,5,3,4,Yes,False,,
CFB0002712,CLI0242,ASG001060,DUD100682,2026-04-30,4,3,4,3,5,5,3,Yes,False,,
CFB0002713,CLI0265,ASG001061,DUD100683,2022-05-31,4,4,4,4,4,4,4,Yes,False,,
CFB0002714,CLI0265,ASG001061,DUD100683,2022-03-20,4,4,4,4,3,5,3,Yes,False,,
CFB0002715,CLI0188,ASG001062,DUD100683,2023-05-24,3,3,2,3,2,3,3,Maybe,False,,
CFB0002716,CLI0188,ASG001062,DUD100683,2026-02-25,4,4,3,4,4,5,4,Maybe,False,,
CFB0002717,CLI0198,ASG001063,DUD100684,2026-04-11,4,4,4,4,4,4,3,Maybe,False,,
CFB0002718,CLI0104,ASG001064,DUD100684,2026-11-01,4,4,3,3,4,4,5,Maybe,False,,
CFB0002719,CLI0104,ASG001064,DUD100684,2026-09-22,4,4,3,4,5,3,4,No,False,,
CFB0002720,CLI0255,ASG001065,DUD100685,2023-12-02,4,5,4,5,3,5,5,Yes,False,,
CFB0002721,CLI0174,ASG001066,DUD100685,2026-07-24,4,5,4,3,4,5,4,Yes,False,,
CFB0002722,CLI0174,ASG001066,DUD100685,2026-01-27,4,4,3,5,4,5,5,Yes,False,,
CFB0002723,CLI0174,ASG001066,DUD100685,2024-09-13,3,2,2,4,3,4,3,Yes,False,,
CFB0002724,CLI0174,ASG001066,DUD100685,2025-06-01,4,4,4,5,3,4,3,Maybe,False,,
CFB0002725,CLI0155,ASG001067,DUD100686,2026-07-19,5,5,5,4,5,5,5,Yes,False,,
CFB0002726,CLI0155,ASG001067,DUD100686,2022-11-22,5,5,5,5,5,5,5,Yes,False,,
CFB0002727,CLI0155,ASG001067,DUD100686,2025-11-12,5,5,5,4,5,5,5,Maybe,False,,
CFB0002728,CLI0211,ASG001068,DUD100687,2022-07-03,4,4,5,5,3,4,5,Maybe,False,,
CFB0002729,CLI0153,ASG001069,DUD100688,2023-10-03,4,3,4,3,4,5,5,Yes,False,,
CFB0002730,CLI0153,ASG001069,DUD100688,2022-11-25,4,4,5,3,3,4,4,Yes,False,,
CFB0002731,CLI0220,ASG001070,DUD100689,2023-12-31,4,5,3,5,4,5,3,Yes,False,,
CFB0002732,CLI0200,ASG001071,DUD100689,2024-08-08,3,3,2,2,3,2,4,Yes,False,,
CFB0002733,CLI0200,ASG001071,DUD100689,2024-06-25,4,3,3,3,4,4,5,Maybe,False,,
CFB0002734,CLI0262,ASG001072,DUD100689,2025-07-15,3,3,3,4,3,2,4,Yes,False,,
CFB0002735,CLI0262,ASG001072,DUD100689,2025-02-06,4,4,4,4,5,4,4,Yes,False,,
CFB0002736,CLI0262,ASG001072,DUD100689,2025-10-08,4,3,4,3,3,4,4,Yes,False,,
CFB0002737,CLI0262,ASG001072,DUD100689,2025-09-29,4,4,4,4,3,4,5,Yes,False,,
CFB0002738,CLI0126,ASG001073,DUD100690,2025-09-25,4,4,3,4,4,5,5,Yes,False,,
CFB0002739,CLI0126,ASG001073,DUD100690,2025-11-07,3,3,3,3,3,4,4,Yes,False,,
CFB0002740,CLI0238,ASG001074,DUD100691,2025-07-06,4,4,3,5,3,4,5,Yes,False,,
CFB0002741,CLI0238,ASG001074,DUD100691,2025-07-20,4,4,4,5,4,3,3,Yes,False,,
CFB0002742,CLI0238,ASG001074,DUD100691,2025-07-01,4,3,3,3,3,5,4,Yes,False,,
CFB0002743,CLI0279,ASG001075,DUD100692,2026-09-20,5,5,5,5,5,5,4,Maybe,False,,
CFB0002744,CLI0100,ASG001076,DUD100693,2026-03-03,3,3,3,4,3,2,3,No,False,,
CFB0002745,CLI0281,ASG001077,DUD100693,2026-09-12,2,2,3,3,2,1,1,Yes,False,,
CFB0002746,CLI0281,ASG001077,DUD100693,2026-07-27,4,4,3,4,4,5,4,Yes,False,,
CFB0002747,CLI0123,ASG001078,DUD100693,2027-03-03,2,3,3,1,2,1,1,Maybe,True,Communication,
CFB0002748,CLI0123,ASG001078,DUD100693,2027-03-03,4,5,4,4,4,4,3,Yes,False,,
CFB0002749,CLI0123,ASG001078,DUD100693,2027-03-03,5,5,4,5,5,5,5,Maybe,False,,
CFB0002750,CLI0123,ASG001078,DUD100693,2027-03-03,4,5,5,3,4,4,5,Yes,False,,
CFB0002751,CLI0229,ASG001079,DUD100694,2026-01-07,5,5,5,5,5,5,5,Yes,False,,
CFB0002752,CLI0229,ASG001079,DUD100694,2025-11-09,2,1,3,1,2,2,3,Maybe,False,,
CFB0002753,CLI0229,ASG001079,DUD100694,2026-05-24,5,5,5,5,5,5,4,Yes,False,,
CFB0002754,CLI0229,ASG001079,DUD100694,2026-06-14,5,5,5,4,5,4,4,Yes,False,,
CFB0002755,CLI0273,ASG001080,DUD100694,2026-08-11,4,3,4,4,4,4,4,No,False,,
CFB0002756,CLI0273,ASG001080,DUD100694,2027-03-26,4,4,5,5,4,3,3,Maybe,False,,
CFB0002757,CLI0210,ASG001081,DUD100695,2026-04-06,3,3,4,2,4,3,3,Maybe,False,,
CFB0002758,CLI0210,ASG001081,DUD100695,2025-12-24,5,4,5,5,5,5,5,Yes,False,,
CFB0002759,CLI0210,ASG001081,DUD100695,2026-02-02,4,4,3,3,3,4,3,Maybe,False,,
CFB0002760,CLI0293,ASG001082,DUD100695,2026-06-02,4,4,4,4,5,3,4,Yes,False,,
CFB0002761,CLI0051,ASG001083,DUD100696,2022-06-17,4,4,3,4,3,4,3,Maybe,False,,
CFB0002762,CLI0051,ASG001083,DUD100696,2022-03-01,3,3,4,4,4,4,3,No,False,,
CFB0002763,CLI0147,ASG001084,DUD100696,2023-01-10,4,4,3,3,5,4,4,Yes,False,,
CFB0002764,CLI0272,ASG001085,DUD100696,2024-12-09,5,5,5,5,5,5,5,Yes,False,,
CFB0002765,CLI0272,ASG001085,DUD100696,2025-10-13,5,5,5,5,4,5,5,Maybe,False,,
CFB0002766,CLI0177,ASG001086,DUD100697,2026-01-11,4,4,4,4,3,5,5,Yes,False,,
CFB0002767,CLI0177,ASG001086,DUD100697,2023-08-06,4,4,5,5,5,3,4,Yes,False,,
CFB0002768,CLI0177,ASG001086,DUD100697,2024-08-16,4,5,5,4,3,5,4,Yes,False,,
CFB0002769,CLI0082,ASG001087,DUD100698,2022-11-18,2,1,1,3,2,1,1,Maybe,False,,
CFB0002770,CLI0082,ASG001087,DUD100698,2023-01-22,5,5,5,5,5,5,5,Yes,True,Professionalism,
CFB0002771,CLI0049,ASG001088,DUD100698,2023-12-08,3,3,2,4,3,3,3,Yes,False,,
CFB0002772,CLI0049,ASG001088,DUD100698,2023-07-09,4,3,4,5,4,4,4,Yes,False,,
CFB0002773,CLI0049,ASG001088,DUD100698,2024-06-02,5,4,5,5,5,5,5,Yes,False,,
CFB0002774,CLI0049,ASG001088,DUD100698,2024-02-24,4,4,5,3,4,4,3,Yes,False,,
CFB0002775,CLI0194,ASG001089,DUD100699,2024-02-07,3,4,3,3,2,3,4,Maybe,True,Punctuality,
CFB0002776,CLI0194,ASG001089,DUD100699,2024-03-02,4,5,5,4,5,4,5,Yes,False,,
CFB0002777,CLI0194,ASG001089,DUD100699,2024-04-19,3,3,3,4,3,3,4,Yes,False,,
CFB0002778,CLI0194,ASG001089,DUD100699,2024-03-23,4,3,5,4,4,4,5,Maybe,True,Classroom Management,
CFB0002779,CLI0020,ASG001090,DUD100699,2024-10-27,4,4,5,5,5,4,5,Yes,True,Communication,
CFB0002780,CLI0020,ASG001090,DUD100699,2025-02-06,4,4,3,4,4,5,3,Yes,False,,
CFB0002781,CLI0130,ASG001091,DUD100700,2022-02-23,4,4,5,4,5,4,4,Maybe,False,,
CFB0002782,CLI0130,ASG001091,DUD100700,2022-05-01,5,5,5,5,4,4,5,Yes,False,,
CFB0002783,CLI0183,ASG001092,DUD100700,2022-09-13,4,4,4,5,4,5,3,Yes,False,,
CFB0002784,CLI0183,ASG001092,DUD100700,2022-08-23,5,4,5,5,5,5,5,Yes,False,,
CFB0002785,CLI0183,ASG001092,DUD100700,2023-05-03,1,1,1,2,1,1,1,No,False,,
CFB0002786,CLI0070,ASG001093,DUD100700,2024-11-10,1,2,2,1,1,1,1,Yes,False,,
CFB0002787,CLI0070,ASG001093,DUD100700,2024-11-10,4,5,5,4,3,3,5,Yes,False,,
CFB0002788,CLI0221,ASG001094,DUD100701,2023-07-27,4,4,5,3,3,5,4,Yes,False,,
CFB0002789,CLI0221,ASG001094,DUD100701,2023-09-25,5,4,5,4,5,5,5,Yes,True,Punctuality,
CFB0002790,CLI0221,ASG001094,DUD100701,2023-11-04,3,3,3,2,3,4,3,Yes,False,,
CFB0002791,CLI0221,ASG001094,DUD100701,2024-01-19,3,3,3,2,4,3,3,Maybe,False,,
CFB0002792,CLI0133,ASG001095,DUD100702,2024-04-07,4,3,4,5,4,5,4,Maybe,False,,
CFB0002793,CLI0110,ASG001096,DUD100703,2024-02-16,3,3,3,2,4,4,3,Maybe,False,,
CFB0002794,CLI0110,ASG001096,DUD100703,2023-04-04,5,5,5,5,4,4,5,Yes,False,,
CFB0002795,CLI0110,ASG001096,DUD100703,2023-01-09,5,4,5,5,5,5,5,Yes,False,,
CFB0002796,CLI0110,ASG001096,DUD100703,2022-10-31,4,5,5,4,4,4,5,Yes,False,,
CFB0002797,CLI0101,ASG001097,DUD100703,2026-08-16,5,4,4,5,5,5,5,Yes,True,Classroom Management,
CFB0002798,CLI0101,ASG001097,DUD100703,2026-01-24,2,2,2,1,3,2,3,Maybe,False,,
CFB0002799,CLI0299,ASG001098,DUD100704,2022-03-16,4,3,4,3,5,3,4,Yes,False,,
CFB0002800,CLI0299,ASG001098,DUD100704,2022-06-09,5,5,4,5,5,4,5,Maybe,False,,
CFB0002801,CLI0299,ASG001098,DUD100704,2022-03-25,4,5,5,5,3,3,5,Maybe,False,,
CFB0002802,CLI0299,ASG001098,DUD100704,2022-01-05,4,4,4,5,4,3,3,Yes,False,,
CFB0002803,CLI0228,ASG001099,DUD100704,2023-06-16,4,4,5,4,4,4,4,Yes,False,,
CFB0002804,CLI0228,ASG001099,DUD100704,2023-05-17,4,5,5,5,4,4,4,Maybe,False,,
CFB0002805,CLI0228,ASG001099,DUD100704,2023-02-06,4,4,5,4,4,5,4,No,False,,
CFB0002806,CLI0133,ASG001100,DUD100704,2025-06-29,4,4,5,3,4,3,4,Yes,False,,
CFB0002807,CLI0133,ASG001100,DUD100704,2026-08-16,4,4,4,3,3,5,5,Yes,False,,
CFB0002808,CLI0152,ASG001101,DUD100705,2026-03-30,5,5,5,5,5,5,5,Yes,False,,
CFB0002809,CLI0152,ASG001101,DUD100705,2026-07-09,4,4,4,4,3,5,4,Maybe,False,,
CFB0002810,CLI0152,ASG001101,DUD100705,2025-09-14,3,3,4,3,2,3,3,Maybe,True,Attendance,
CFB0002811,CLI0152,ASG001101,DUD100705,2025-09-29,3,3,3,4,4,3,2,No,True,Communication,
CFB0002812,CLI0235,ASG001102,DUD100706,2024-11-15,3,3,4,3,2,3,2,Maybe,False,,
CFB0002813,CLI0235,ASG001102,DUD100706,2023-05-20,5,5,5,4,5,5,5,Maybe,False,,
CFB0002814,CLI0235,ASG001102,DUD100706,2024-05-01,3,4,3,2,3,4,2,Yes,False,,
CFB0002815,CLI0209,ASG001103,DUD100707,2025-11-13,2,2,2,2,2,2,2,Maybe,False,,
CFB0002816,CLI0209,ASG001103,DUD100707,2025-08-24,5,5,5,5,5,5,5,Yes,False,,
CFB0002817,CLI0209,ASG001103,DUD100707,2026-03-29,3,3,3,3,3,2,2,No,False,,
CFB0002818,CLI0209,ASG001103,DUD100707,2025-11-07,2,3,2,2,1,3,3,Maybe,False,,
CFB0002819,CLI0016,ASG001104,DUD100708,2024-10-22,4,4,4,4,4,5,4,Yes,True,Lesson Quality,
CFB0002820,CLI0016,ASG001104,DUD100708,2024-08-17,4,5,4,4,3,5,4,Yes,False,,
CFB0002821,CLI0016,ASG001104,DUD100708,2024-04-30,3,3,4,4,3,3,3,Yes,False,,
CFB0002822,CLI0016,ASG001104,DUD100708,2024-05-22,4,3,5,4,4,4,3,Maybe,False,,
CFB0002823,CLI0144,ASG001105,DUD100708,2026-08-14,5,5,5,5,5,5,5,Yes,False,,
CFB0002824,CLI0144,ASG001105,DUD100708,2026-03-13,4,3,4,4,4,3,4,Yes,False,,
CFB0002825,CLI0252,ASG001106,DUD100709,2025-02-20,4,3,5,3,5,5,5,Yes,False,,
CFB0002826,CLI0252,ASG001106,DUD100709,2023-10-24,1,2,2,1,2,1,1,Maybe,True,Classroom Management,
CFB0002827,CLI0252,ASG001106,DUD100709,2026-06-18,5,5,5,4,5,5,4,No,False,,
CFB0002828,CLI0252,ASG001106,DUD100709,2024-03-17,4,4,3,4,4,5,4,Yes,False,,
CFB0002829,CLI0240,ASG001107,DUD100710,2022-11-23,3,3,4,2,4,2,4,No,False,,
CFB0002830,CLI0240,ASG001107,DUD100710,2022-07-23,3,2,3,2,4,3,2,Yes,False,,
CFB0002831,CLI0158,ASG001108,DUD100710,2024-01-11,3,4,2,3,3,2,4,Maybe,False,,
CFB0002832,CLI0158,ASG001108,DUD100710,2023-11-14,5,5,5,5,5,5,5,Yes,False,,
CFB0002833,CLI0158,ASG001108,DUD100710,2024-02-10,4,3,4,4,3,4,4,Maybe,False,,
CFB0002834,CLI0270,ASG001109,DUD100711,2027-03-26,4,4,3,5,4,5,5,Yes,False,,
CFB0002835,CLI0270,ASG001109,DUD100711,2027-05-11,3,3,2,3,3,2,4,Maybe,False,,
CFB0002836,CLI0054,ASG001110,DUD100711,2027-06-11,3,4,3,3,3,3,3,Maybe,False,,
CFB0002837,CLI0054,ASG001110,DUD100711,2027-06-11,4,4,4,3,4,3,4,Yes,False,,
CFB0002838,CLI0168,ASG001111,DUD100712,2022-05-24,4,3,5,4,5,5,3,Yes,False,,
CFB0002839,CLI0168,ASG001111,DUD100712,2021-07-15,4,3,4,5,5,4,4,Maybe,False,,
CFB0002840,CLI0168,ASG001111,DUD100712,2022-04-14,2,2,2,3,3,3,2,Maybe,False,,
CFB0002841,CLI0168,ASG001111,DUD100712,2021-10-02,5,5,4,5,5,4,5,Yes,False,,
CFB0002842,CLI0097,ASG001112,DUD100713,2022-07-05,3,3,3,3,3,3,3,Yes,False,,
CFB0002843,CLI0097,ASG001112,DUD100713,2022-03-11,4,5,4,5,3,5,3,Yes,False,,
CFB0002844,CLI0097,ASG001112,DUD100713,2022-01-21,5,5,5,5,5,5,5,Maybe,False,,
CFB0002845,CLI0228,ASG001113,DUD100713,2023-01-25,4,4,4,3,3,4,3,Yes,False,,
CFB0002846,CLI0228,ASG001113,DUD100713,2023-09-11,3,2,3,3,3,3,3,Maybe,True,Professionalism,
CFB0002847,CLI0063,ASG001114,DUD100713,2025-04-03,5,4,4,4,5,4,5,Yes,False,,
CFB0002848,CLI0063,ASG001114,DUD100713,2024-09-17,3,3,3,2,2,3,4,No,True,Lesson Quality,
CFB0002849,CLI0063,ASG001114,DUD100713,2024-05-20,3,3,4,2,4,3,3,Maybe,False,,
CFB0002850,CLI0159,ASG001115,DUD100714,2025-05-23,3,3,4,2,3,2,3,No,False,,
CFB0002851,CLI0159,ASG001115,DUD100714,2025-08-26,2,2,2,3,1,1,1,Maybe,False,,
CFB0002852,CLI0076,ASG001116,DUD100715,2022-08-27,5,5,4,4,5,4,4,Yes,False,,
CFB0002853,CLI0076,ASG001116,DUD100715,2022-04-17,5,5,4,5,5,5,5,Yes,False,,
CFB0002854,CLI0153,ASG001117,DUD100716,2026-11-28,3,3,4,3,4,3,3,No,False,,
CFB0002855,CLI0153,ASG001117,DUD100716,2026-09-18,5,5,5,4,5,5,4,Yes,True,Communication,
CFB0002856,CLI0047,ASG001118,DUD100716,2027-04-22,3,3,2,2,2,3,4,Maybe,False,,
CFB0002857,CLI0047,ASG001118,DUD100716,2027-11-08,4,4,3,4,5,4,5,Yes,False,,
CFB0002858,CLI0047,ASG001118,DUD100716,2027-08-25,3,3,2,2,2,3,2,No,False,,
CFB0002859,CLI0047,ASG001118,DUD100716,2027-02-17,4,5,3,4,5,5,5,Yes,False,,
CFB0002860,CLI0115,ASG001119,DUD100717,2022-04-11,4,5,3,4,5,4,4,Maybe,False,,
CFB0002861,CLI0140,ASG001120,DUD100717,2025-08-21,5,5,5,5,5,5,5,Yes,False,,
CFB0002862,CLI0140,ASG001120,DUD100717,2026-03-27,5,5,5,5,5,5,5,Yes,False,,
CFB0002863,CLI0140,ASG001120,DUD100717,2024-09-28,4,5,4,3,4,5,4,No,False,,
CFB0002864,CLI0070,ASG001121,DUD100718,2025-03-03,5,4,5,4,5,4,5,Yes,False,,
CFB0002865,CLI0070,ASG001121,DUD100718,2026-03-11,2,2,2,1,2,3,2,Yes,False,,
CFB0002866,CLI0258,ASG001122,DUD100719,2026-03-11,2,2,1,3,1,2,3,Yes,False,,
CFB0002867,CLI0258,ASG001122,DUD100719,2026-04-17,4,3,3,3,4,5,4,Yes,False,,
CFB0002868,CLI0258,ASG001122,DUD100719,2026-01-10,4,4,3,4,4,4,4,Yes,False,,
CFB0002869,CLI0258,ASG001122,DUD100719,2026-06-19,4,4,3,3,4,4,4,Maybe,False,,
CFB0002870,CLI0130,ASG001123,DUD100720,2024-10-13,4,4,5,3,4,5,5,Maybe,False,,
CFB0002871,CLI0130,ASG001123,DUD100720,2024-09-16,5,5,5,5,5,5,5,Maybe,False,,
CFB0002872,CLI0093,ASG001124,DUD100720,2025-12-15,3,2,3,2,4,2,3,Maybe,False,,
CFB0002873,CLI0106,ASG001125,DUD100721,2024-06-16,5,5,5,5,5,5,4,Yes,False,,
CFB0002874,CLI0106,ASG001125,DUD100721,2025-10-01,4,3,5,4,4,4,4,Yes,False,,
CFB0002875,CLI0106,ASG001125,DUD100721,2022-09-25,5,5,5,4,5,5,5,Yes,False,,
CFB0002876,CLI0106,ASG001125,DUD100721,2024-03-18,1,1,2,2,1,2,1,No,False,,
CFB0002877,CLI0086,ASG001126,DUD100722,2026-04-27,4,5,4,3,5,5,4,Yes,False,,
CFB0002878,CLI0086,ASG001126,DUD100722,2025-12-11,2,2,1,3,1,2,3,Maybe,False,,
CFB0002879,CLI0252,ASG001127,DUD100723,2022-02-26,4,4,5,5,5,5,4,Maybe,False,,
CFB0002880,CLI0252,ASG001127,DUD100723,2022-11-04,4,4,4,3,3,5,4,Maybe,False,,
CFB0002881,CLI0115,ASG001128,DUD100724,2023-05-07,3,2,4,3,2,2,4,Yes,False,,
CFB0002882,CLI0115,ASG001128,DUD100724,2023-02-22,4,4,3,4,3,5,4,Maybe,False,,
CFB0002883,CLI0233,ASG001129,DUD100724,2025-01-05,2,3,2,1,1,1,3,Maybe,True,Classroom Management,
CFB0002884,CLI0261,ASG001130,DUD100725,2025-01-13,4,4,3,4,4,5,4,No,False,,
CFB0002885,CLI0009,ASG001131,DUD100725,2025-05-24,5,4,5,5,5,4,5,Yes,False,,
CFB0002886,CLI0009,ASG001131,DUD100725,2026-04-01,4,3,3,4,3,4,4,Yes,True,Attendance,
CFB0002887,CLI0222,ASG001132,DUD100726,2022-12-13,5,5,5,5,5,5,5,Yes,True,Classroom Management,
CFB0002888,CLI0200,ASG001133,DUD100727,2025-04-26,4,4,4,4,4,5,3,Yes,False,,
CFB0002889,CLI0200,ASG001133,DUD100727,2025-04-13,3,2,3,3,4,4,3,Yes,False,,
CFB0002890,CLI0200,ASG001133,DUD100727,2025-05-27,5,5,4,5,5,5,5,Maybe,False,,
CFB0002891,CLI0200,ASG001133,DUD100727,2025-08-12,3,4,2,3,3,3,4,No,False,,
CFB0002892,CLI0037,ASG001134,DUD100727,2026-01-02,5,4,5,5,5,5,4,Yes,False,,
CFB0002893,CLI0037,ASG001134,DUD100727,2025-10-26,4,4,5,4,4,5,3,Yes,False,,
CFB0002894,CLI0037,ASG001134,DUD100727,2026-06-17,3,4,2,3,2,3,4,Yes,False,,
CFB0002895,CLI0103,ASG001135,DUD100728,2025-09-10,4,3,5,4,5,3,4,Yes,False,,
CFB0002896,CLI0103,ASG001135,DUD100728,2025-12-22,5,5,5,5,4,5,5,Yes,False,,
CFB0002897,CLI0121,ASG001136,DUD100728,2026-09-27,4,4,5,5,4,5,3,Maybe,False,,
CFB0002898,CLI0121,ASG001136,DUD100728,2026-10-18,5,5,5,4,5,5,5,Yes,True,Classroom Management,
CFB0002899,CLI0121,ASG001136,DUD100728,2027-07-02,2,2,2,2,3,3,3,Maybe,False,,
CFB0002900,CLI0121,ASG001136,DUD100728,2027-04-30,1,1,1,1,1,2,1,Yes,False,,
CFB0002901,CLI0130,ASG001137,DUD100729,2022-09-09,1,2,1,1,1,1,2,Maybe,False,,
CFB0002902,CLI0130,ASG001137,DUD100729,2022-03-01,4,4,3,4,5,4,4,Maybe,False,,
CFB0002903,CLI0130,ASG001137,DUD100729,2023-06-28,4,4,4,5,4,5,3,Yes,False,,
CFB0002904,CLI0075,ASG001138,DUD100730,2022-12-30,3,4,2,3,4,2,4,Maybe,False,,
CFB0002905,CLI0075,ASG001138,DUD100730,2023-03-11,5,5,5,5,5,5,5,Maybe,False,,
CFB0002906,CLI0075,ASG001138,DUD100730,2022-08-29,5,4,5,5,5,5,4,Yes,False,,
CFB0002907,CLI0075,ASG001138,DUD100730,2022-03-20,4,3,4,4,5,5,4,Maybe,False,,
CFB0002908,CLI0128,ASG001139,DUD100730,2023-08-23,1,2,1,1,1,1,1,Maybe,True,Lesson Quality,
CFB0002909,CLI0128,ASG001139,DUD100730,2023-05-29,5,5,5,5,5,4,4,Yes,False,,
CFB0002910,CLI0128,ASG001139,DUD100730,2023-09-20,4,4,3,3,5,3,4,Yes,False,,
CFB0002911,CLI0128,ASG001139,DUD100730,2023-05-24,5,4,5,5,5,4,5,No,False,,
CFB0002912,CLI0208,ASG001140,DUD100731,2024-03-16,2,2,3,1,3,1,1,Maybe,False,,
CFB0002913,CLI0208,ASG001140,DUD100731,2024-03-25,4,4,3,4,5,4,4,Yes,False,,
CFB0002914,CLI0269,ASG001141,DUD100732,2025-09-06,5,4,4,5,5,5,5,Maybe,False,,
CFB0002915,CLI0269,ASG001141,DUD100732,2025-07-17,4,4,5,3,3,4,3,Yes,False,,
CFB0002916,CLI0200,ASG001142,DUD100733,2025-08-11,3,4,4,3,4,3,2,Maybe,False,,
CFB0002917,CLI0115,ASG001143,DUD100734,2022-10-01,2,2,1,2,1,3,3,No,False,,
CFB0002918,CLI0115,ASG001143,DUD100734,2023-05-30,5,4,5,5,5,5,5,No,False,,
CFB0002919,CLI0240,ASG001144,DUD100735,2023-08-05,5,5,5,5,4,5,5,Maybe,False,,
CFB0002920,CLI0240,ASG001144,DUD100735,2023-06-08,3,3,3,4,4,3,2,Yes,True,Attendance,
CFB0002921,CLI0240,ASG001144,DUD100735,2023-12-31,5,5,5,5,4,5,5,No,False,,
CFB0002922,CLI0240,ASG001144,DUD100735,2023-12-02,4,3,4,4,5,5,4,Yes,False,,
CFB0002923,CLI0043,ASG001145,DUD100736,2026-03-24,5,5,5,5,5,5,5,Yes,False,,
CFB0002924,CLI0043,ASG001145,DUD100736,2026-06-19,5,5,4,5,5,5,5,Yes,False,,
CFB0002925,CLI0026,ASG001146,DUD100737,2023-03-29,4,5,4,5,3,4,3,Maybe,False,,
CFB0002926,CLI0026,ASG001146,DUD100737,2024-12-08,5,5,5,5,5,4,4,Yes,False,,
CFB0002927,CLI0026,ASG001146,DUD100737,2026-01-18,4,4,4,4,5,4,4,Yes,False,,
CFB0002928,CLI0107,ASG001147,DUD100738,2025-03-07,5,4,5,5,4,5,5,Yes,False,,
CFB0002929,CLI0107,ASG001147,DUD100738,2024-08-02,3,3,3,3,3,3,2,No,True,Lesson Quality,
CFB0002930,CLI0107,ASG001147,DUD100738,2025-07-13,5,5,5,5,5,5,4,Yes,False,,
CFB0002931,CLI0208,ASG001148,DUD100739,2022-04-01,5,5,5,4,5,5,5,Yes,False,,
CFB0002932,CLI0208,ASG001148,DUD100739,2022-07-26,2,3,3,3,1,2,2,Maybe,True,Lesson Quality,
CFB0002933,CLI0208,ASG001148,DUD100739,2022-12-09,5,5,5,5,5,5,5,Yes,False,,
CFB0002934,CLI0208,ASG001148,DUD100739,2022-06-15,3,3,2,2,4,4,3,Yes,False,,
CFB0002935,CLI0193,ASG001149,DUD100739,2025-09-04,4,4,4,4,5,4,4,Yes,False,,
CFB0002936,CLI0193,ASG001149,DUD100739,2025-11-02,5,4,5,5,5,4,4,No,False,,
CFB0002937,CLI0233,ASG001150,DUD100740,2023-11-02,3,4,3,4,2,4,3,Yes,False,,
CFB0002938,CLI0131,ASG001151,DUD100740,2024-09-04,4,4,5,5,4,4,5,Maybe,False,,
CFB0002939,CLI0131,ASG001151,DUD100740,2025-06-12,4,4,3,4,5,5,3,Yes,False,,
CFB0002940,CLI0131,ASG001151,DUD100740,2025-03-26,4,3,3,4,3,5,5,Yes,True,Professionalism,
CFB0002941,CLI0131,ASG001151,DUD100740,2024-11-25,4,4,4,4,4,5,5,Yes,False,,
CFB0002942,CLI0079,ASG001152,DUD100740,2026-02-04,4,4,4,4,4,4,3,No,False,,
CFB0002943,CLI0079,ASG001152,DUD100740,2025-11-24,5,4,4,5,5,5,5,Maybe,False,,
CFB0002944,CLI0079,ASG001152,DUD100740,2025-11-25,4,4,4,4,4,4,3,Yes,False,,
CFB0002945,CLI0079,ASG001152,DUD100740,2026-08-01,5,5,5,4,5,5,5,No,False,,
CFB0002946,CLI0109,ASG001153,DUD100741,2024-11-13,5,5,4,5,4,4,5,Maybe,False,,
CFB0002947,CLI0109,ASG001153,DUD100741,2025-04-15,3,2,2,3,2,3,3,Maybe,False,,
CFB0002948,CLI0109,ASG001153,DUD100741,2024-11-03,4,4,5,4,4,4,5,Yes,False,,
CFB0002949,CLI0109,ASG001153,DUD100741,2025-02-26,5,5,5,5,5,4,5,Yes,False,,
CFB0002950,CLI0160,ASG001154,DUD100741,2026-06-08,4,4,3,4,3,5,5,Yes,False,,
CFB0002951,CLI0160,ASG001154,DUD100741,2026-07-10,4,3,3,4,5,4,4,No,False,,
CFB0002952,CLI0121,ASG001155,DUD100742,2022-07-02,4,4,4,5,3,4,4,Yes,False,,
CFB0002953,CLI0121,ASG001155,DUD100742,2022-05-25,4,4,4,4,5,4,3,No,False,,
CFB0002954,CLI0085,ASG001156,DUD100742,2026-08-09,3,2,3,3,3,2,3,Yes,False,,
CFB0002955,CLI0085,ASG001156,DUD100742,2026-02-28,5,5,4,4,5,5,5,Maybe,False,,
CFB0002956,CLI0085,ASG001156,DUD100742,2023-06-09,4,4,3,4,4,4,5,Yes,False,,
CFB0002957,CLI0085,ASG001156,DUD100742,2023-07-20,4,5,4,5,4,4,3,Yes,False,,
CFB0002958,CLI0139,ASG001157,DUD100743,2022-08-02,4,4,4,3,4,3,5,Yes,False,,
CFB0002959,CLI0139,ASG001157,DUD100743,2022-11-27,2,2,2,1,2,3,3,Maybe,False,,
CFB0002960,CLI0139,ASG001157,DUD100743,2022-08-30,2,2,3,2,2,2,2,Yes,False,,
CFB0002961,CLI0045,ASG001158,DUD100743,2024-10-28,5,5,5,5,5,4,5,Yes,True,Communication,
CFB0002962,CLI0045,ASG001158,DUD100743,2024-04-10,5,5,5,5,4,5,4,Maybe,True,Professionalism,
CFB0002963,CLI0045,ASG001158,DUD100743,2026-04-24,4,5,4,3,5,5,3,Maybe,False,,
CFB0002964,CLI0112,ASG001159,DUD100744,2024-12-30,4,4,3,4,4,3,4,Yes,False,,
CFB0002965,CLI0112,ASG001159,DUD100744,2025-02-23,4,4,3,3,4,5,4,No,False,,
CFB0002966,CLI0174,ASG001160,DUD100745,2022-07-31,4,4,5,3,4,4,5,Yes,False,,
CFB0002967,CLI0174,ASG001160,DUD100745,2023-03-28,5,5,4,5,5,5,5,Maybe,False,,
CFB0002968,CLI0174,ASG001160,DUD100745,2022-08-26,1,1,1,2,1,2,1,No,False,,
CFB0002969,CLI0199,ASG001161,DUD100745,2023-09-04,4,4,3,4,4,3,5,Yes,False,,
CFB0002970,CLI0199,ASG001161,DUD100745,2023-07-24,5,5,5,5,5,5,5,Yes,False,,
CFB0002971,CLI0199,ASG001161,DUD100745,2024-03-21,1,1,1,2,1,1,1,Yes,False,,
CFB0002972,CLI0137,ASG001162,DUD100745,2024-05-11,3,3,4,3,2,2,2,Yes,False,,
CFB0002973,CLI0137,ASG001162,DUD100745,2025-08-28,2,3,3,2,3,1,2,Maybe,True,Punctuality,
CFB0002974,CLI0241,ASG001163,DUD100746,2022-02-08,2,2,3,2,2,3,2,Maybe,True,Classroom Management,
CFB0002975,CLI0241,ASG001163,DUD100746,2022-07-02,4,4,5,5,4,4,4,Maybe,False,,
CFB0002976,CLI0241,ASG001163,DUD100746,2022-06-02,5,5,5,5,5,5,5,Yes,False,,
CFB0002977,CLI0249,ASG001164,DUD100747,2026-04-03,5,5,5,4,4,5,5,No,False,,
CFB0002978,CLI0249,ASG001164,DUD100747,2026-05-25,4,4,4,3,5,4,4,Yes,False,,
CFB0002979,CLI0249,ASG001164,DUD100747,2026-06-24,4,5,3,4,3,3,3,Yes,False,,
CFB0002980,CLI0249,ASG001164,DUD100747,2026-02-16,4,3,4,3,4,3,3,Yes,False,,
CFB0002981,CLI0091,ASG001165,DUD100748,2023-01-31,3,3,3,2,2,3,3,Maybe,False,,
CFB0002982,CLI0091,ASG001165,DUD100748,2023-03-20,2,2,2,1,1,3,2,Maybe,True,Punctuality,
CFB0002983,CLI0169,ASG001166,DUD100749,2023-05-20,3,2,2,4,3,3,3,Maybe,False,,
CFB0002984,CLI0169,ASG001166,DUD100749,2024-11-30,5,5,4,5,5,4,5,Yes,False,,
CFB0002985,CLI0025,ASG001167,DUD100750,2025-08-22,4,4,5,5,4,4,3,Yes,False,,
CFB0002986,CLI0025,ASG001167,DUD100750,2025-05-22,3,2,3,3,2,3,3,Yes,False,,
CFB0002987,CLI0025,ASG001167,DUD100750,2025-06-07,3,3,3,3,3,3,3,No,False,,
CFB0002988,CLI0025,ASG001167,DUD100750,2025-06-11,4,5,5,5,4,4,4,Yes,False,,
CFB0002989,CLI0253,ASG001168,DUD100750,2026-06-25,3,4,3,4,3,3,3,Yes,False,,
CFB0002990,CLI0253,ASG001168,DUD100750,2026-02-16,5,5,4,5,5,5,4,Yes,False,,
CFB0002991,CLI0253,ASG001168,DUD100750,2026-06-25,2,2,2,3,2,2,3,No,False,,
CFB0002992,CLI0266,ASG001169,DUD100751,2025-05-16,5,5,4,5,5,5,5,Yes,False,,
CFB0002993,CLI0269,ASG001170,DUD100752,2025-03-22,3,4,2,3,3,3,2,Maybe,False,,
CFB0002994,CLI0269,ASG001170,DUD100752,2023-09-15,3,3,3,2,4,4,2,No,False,,
CFB0002995,CLI0128,ASG001171,DUD100753,2026-05-19,5,4,4,5,4,4,5,Yes,False,,
CFB0002996,CLI0128,ASG001171,DUD100753,2026-04-30,3,4,4,2,4,4,2,Yes,True,Professionalism,
CFB0002997,CLI0128,ASG001171,DUD100753,2026-05-13,4,4,4,3,4,3,5,Maybe,False,,
CFB0002998,CLI0258,ASG001172,DUD100754,2026-06-08,4,4,4,4,4,4,4,Yes,False,,
CFB0002999,CLI0243,ASG001173,DUD100755,2025-12-20,5,5,4,4,4,5,5,Yes,False,,
CFB0003000,CLI0012,ASG001174,DUD100756,2024-12-03,4,4,3,4,4,4,5,Yes,False,,
CFB0003001,CLI0012,ASG001174,DUD100756,2026-06-22,4,3,3,3,4,5,4,Yes,False,,
CFB0003002,CLI0012,ASG001174,DUD100756,2025-08-14,3,4,3,2,3,3,2,No,False,,
CFB0003003,CLI0012,ASG001174,DUD100756,2021-11-08,4,3,5,4,3,5,5,Yes,False,,
CFB0003004,CLI0285,ASG001175,DUD100757,2026-05-28,4,5,5,4,3,3,3,Yes,False,,
CFB0003005,CLI0285,ASG001175,DUD100757,2026-04-29,3,4,2,4,4,3,2,Yes,True,Classroom Management,
CFB0003006,CLI0025,ASG001176,DUD100757,2027-04-12,5,4,4,5,4,5,5,Yes,False,,
CFB0003007,CLI0273,ASG001177,DUD100758,2024-02-18,5,4,5,5,5,4,4,Yes,False,,
CFB0003008,CLI0273,ASG001177,DUD100758,2023-12-02,5,5,5,5,5,5,5,Maybe,False,,
CFB0003009,CLI0273,ASG001177,DUD100758,2023-12-01,4,3,4,4,3,3,3,Maybe,False,,
CFB0003010,CLI0273,ASG001177,DUD100758,2024-02-21,5,5,5,5,5,5,5,Maybe,False,,
CFB0003011,CLI0200,ASG001178,DUD100758,2024-11-10,4,4,3,4,3,5,4,Yes,False,,
CFB0003012,CLI0177,ASG001179,DUD100758,2025-08-26,4,4,5,5,4,3,3,Yes,False,,
CFB0003013,CLI0109,ASG001180,DUD100759,2023-03-23,5,5,5,5,4,5,5,Yes,False,,
CFB0003014,CLI0109,ASG001180,DUD100759,2023-02-09,4,4,5,4,4,3,4,Yes,False,,
CFB0003015,CLI0109,ASG001180,DUD100759,2023-03-10,4,5,5,4,3,4,3,Yes,False,,
CFB0003016,CLI0103,ASG001181,DUD100759,2024-04-03,4,5,3,4,4,5,4,Yes,False,,
CFB0003017,CLI0103,ASG001181,DUD100759,2025-01-02,4,4,4,4,5,4,3,Yes,False,,
CFB0003018,CLI0103,ASG001181,DUD100759,2023-12-24,4,4,3,4,5,5,5,Maybe,False,,
CFB0003019,CLI0016,ASG001182,DUD100760,2024-12-29,3,3,3,2,2,4,3,Yes,True,Professionalism,
CFB0003020,CLI0016,ASG001182,DUD100760,2025-04-23,3,3,4,2,3,4,2,No,False,,
CFB0003021,CLI0016,ASG001182,DUD100760,2025-05-20,3,2,3,3,3,3,3,Maybe,False,,
CFB0003022,CLI0192,ASG001183,DUD100760,2026-04-06,4,5,4,5,3,5,3,Yes,False,,
CFB0003023,CLI0192,ASG001183,DUD100760,2025-10-08,5,5,5,5,4,4,5,Yes,False,,
CFB0003024,CLI0192,ASG001183,DUD100760,2025-06-24,2,2,3,3,1,2,2,No,False,,
CFB0003025,CLI0192,ASG001183,DUD100760,2026-03-31,4,5,5,4,4,4,3,Yes,False,,
CFB0003026,CLI0134,ASG001184,DUD100761,2025-10-13,3,2,4,3,3,3,3,Yes,False,,
CFB0003027,CLI0134,ASG001184,DUD100761,2026-01-23,4,4,4,3,3,5,5,Maybe,False,,
CFB0003028,CLI0134,ASG001184,DUD100761,2026-01-18,5,5,5,5,5,4,5,No,False,,
CFB0003029,CLI0199,ASG001185,DUD100762,2024-05-12,4,4,4,5,4,5,3,Yes,False,,
CFB0003030,CLI0199,ASG001185,DUD100762,2024-03-03,5,5,5,4,5,4,5,Yes,True,Punctuality,
CFB0003031,CLI0170,ASG001186,DUD100763,2026-06-09,5,4,5,4,4,4,5,No,False,,
CFB0003032,CLI0170,ASG001186,DUD100763,2025-06-18,3,3,2,4,2,4,3,Yes,False,,
CFB0003033,CLI0170,ASG001186,DUD100763,2024-04-01,3,3,4,4,4,3,2,Maybe,False,,
CFB0003034,CLI0170,ASG001186,DUD100763,2024-08-26,4,5,5,5,5,4,4,Yes,False,,
CFB0003035,CLI0162,ASG001187,DUD100764,2022-12-29,3,3,3,2,3,2,2,Yes,False,,
CFB0003036,CLI0162,ASG001187,DUD100764,2023-06-25,4,5,5,4,5,4,5,No,False,,
CFB0003037,CLI0162,ASG001187,DUD100764,2022-07-09,4,4,5,4,4,4,4,Yes,False,,
CFB0003038,CLI0162,ASG001187,DUD100764,2022-11-14,4,4,4,4,4,4,3,Yes,False,,
CFB0003039,CLI0111,ASG001188,DUD100765,2026-10-18,5,5,4,5,5,5,5,Yes,False,,
CFB0003040,CLI0111,ASG001188,DUD100765,2026-08-30,5,5,5,4,5,5,5,Yes,False,,
CFB0003041,CLI0218,ASG001189,DUD100766,2022-09-20,4,5,3,5,4,3,5,Yes,False,,
CFB0003042,CLI0218,ASG001189,DUD100766,2022-03-11,4,4,5,4,4,3,4,Yes,False,,
CFB0003043,CLI0218,ASG001189,DUD100766,2022-06-16,4,4,4,5,5,4,4,Yes,False,,
CFB0003044,CLI0218,ASG001189,DUD100766,2022-09-13,4,4,4,3,4,4,4,Yes,False,,
CFB0003045,CLI0111,ASG001190,DUD100766,2023-08-12,4,5,4,3,5,4,5,Yes,False,,
CFB0003046,CLI0111,ASG001190,DUD100766,2023-04-05,4,4,3,3,5,4,3,Yes,True,Communication,
CFB0003047,CLI0111,ASG001190,DUD100766,2023-04-07,3,3,4,2,4,2,3,Maybe,False,,
CFB0003048,CLI0111,ASG001190,DUD100766,2023-06-19,4,5,4,4,5,3,4,Yes,False,,
CFB0003049,CLI0279,ASG001191,DUD100766,2026-05-12,5,5,5,5,5,5,4,Yes,False,,
CFB0003050,CLI0279,ASG001191,DUD100766,2026-05-30,5,5,4,5,5,5,5,Yes,False,,
CFB0003051,CLI0036,ASG001192,DUD100767,2026-03-01,4,3,3,5,4,4,4,Yes,False,,
CFB0003052,CLI0036,ASG001192,DUD100767,2026-03-16,4,4,3,5,3,3,3,Yes,False,,
CFB0003053,CLI0036,ASG001192,DUD100767,2026-04-08,3,3,2,3,3,3,3,Maybe,False,,
CFB0003054,CLI0290,ASG001193,DUD100767,2026-06-16,4,5,5,5,4,3,3,Yes,False,,
CFB0003055,CLI0290,ASG001193,DUD100767,2026-07-27,2,2,2,2,1,3,1,Yes,True,Communication,
CFB0003056,CLI0290,ASG001193,DUD100767,2026-06-10,4,3,5,4,5,3,3,Yes,False,,
CFB0003057,CLI0216,ASG001194,DUD100768,2024-09-29,5,5,5,4,5,5,4,Yes,False,,
CFB0003058,CLI0216,ASG001194,DUD100768,2024-07-03,3,4,3,4,3,3,2,Maybe,False,,
CFB0003059,CLI0002,ASG001195,DUD100769,2023-12-02,3,3,3,3,2,3,4,Yes,False,,
CFB0003060,CLI0002,ASG001195,DUD100769,2023-10-26,4,4,5,5,4,4,4,Maybe,False,,
CFB0003061,CLI0271,ASG001196,DUD100769,2024-02-26,3,3,3,2,3,4,3,No,False,,
CFB0003062,CLI0271,ASG001196,DUD100769,2024-03-23,5,5,5,5,5,5,5,Maybe,False,,
CFB0003063,CLI0185,ASG001197,DUD100769,2024-08-29,3,3,2,2,4,3,2,Maybe,False,,
CFB0003064,CLI0185,ASG001197,DUD100769,2024-12-23,4,4,3,5,4,3,3,Maybe,False,,
CFB0003065,CLI0069,ASG001198,DUD100770,2025-05-31,5,5,5,4,5,4,5,Yes,False,,
CFB0003066,CLI0138,ASG001199,DUD100771,2025-09-22,4,4,5,3,4,5,3,No,False,,
CFB0003067,CLI0138,ASG001199,DUD100771,2023-02-10,4,4,4,5,4,4,5,Yes,False,,
CFB0003068,CLI0027,ASG001200,DUD100772,2025-09-15,4,3,4,3,4,3,5,No,False,,
CFB0003069,CLI0247,ASG001201,DUD100773,2023-09-24,4,3,4,5,4,4,3,Maybe,False,,
CFB0003070,CLI0247,ASG001201,DUD100773,2024-02-19,5,5,5,5,5,5,5,Yes,False,,
CFB0003071,CLI0247,ASG001201,DUD100773,2024-01-24,5,4,5,5,5,5,5,Yes,False,,
CFB0003072,CLI0292,ASG001202,DUD100773,2024-09-21,3,2,4,3,3,4,4,Maybe,False,,
CFB0003073,CLI0292,ASG001202,DUD100773,2026-03-12,1,2,1,1,1,1,1,Yes,True,Classroom Management,
CFB0003074,CLI0292,ASG001202,DUD100773,2024-05-19,4,5,5,4,4,4,4,Yes,False,,
CFB0003075,CLI0292,ASG001202,DUD100773,2025-02-06,4,4,4,4,3,4,4,Yes,False,,
CFB0003076,CLI0201,ASG001203,DUD100774,2025-06-07,4,5,4,4,3,3,4,Yes,False,,
CFB0003077,CLI0201,ASG001203,DUD100774,2025-04-20,3,3,2,3,3,2,3,Maybe,False,,
CFB0003078,CLI0103,ASG001204,DUD100774,2026-02-03,3,3,2,3,3,3,2,No,False,,
CFB0003079,CLI0103,ASG001204,DUD100774,2026-05-27,3,3,2,2,4,2,3,Maybe,True,Lesson Quality,
CFB0003080,CLI0103,ASG001204,DUD100774,2025-08-15,4,4,5,4,4,5,4,Maybe,False,,
CFB0003081,CLI0276,ASG001205,DUD100775,2023-05-04,2,2,2,3,2,2,1,No,False,,
CFB0003082,CLI0276,ASG001205,DUD100775,2023-07-06,5,4,5,5,5,5,5,Maybe,False,,
CFB0003083,CLI0276,ASG001205,DUD100775,2023-10-19,3,2,2,4,3,4,2,Maybe,False,,
CFB0003084,CLI0224,ASG001206,DUD100775,2026-01-16,4,4,3,5,5,4,3,Yes,False,,
CFB0003085,CLI0224,ASG001206,DUD100775,2024-10-01,4,4,3,3,3,4,4,Maybe,False,,
CFB0003086,CLI0224,ASG001206,DUD100775,2026-06-06,3,2,2,4,3,3,3,No,False,,
CFB0003087,CLI0224,ASG001206,DUD100775,2023-12-22,4,4,4,3,5,4,3,No,False,,
CFB0003088,CLI0052,ASG001207,DUD100776,2022-11-10,5,5,5,4,5,5,5,Yes,False,,
CFB0003089,CLI0052,ASG001207,DUD100776,2023-02-03,4,4,5,5,4,4,5,Maybe,False,,
CFB0003090,CLI0157,ASG001208,DUD100777,2025-08-20,1,1,1,2,1,2,1,Yes,True,Professionalism,
CFB0003091,CLI0157,ASG001208,DUD100777,2024-03-18,3,4,3,3,4,4,3,No,False,,
CFB0003092,CLI0157,ASG001208,DUD100777,2024-11-13,4,5,4,5,4,4,3,Yes,False,,
CFB0003093,CLI0157,ASG001208,DUD100777,2023-02-10,3,4,3,3,2,2,3,Yes,False,,
CFB0003094,CLI0131,ASG001209,DUD100778,2023-12-13,5,5,5,5,4,5,5,Yes,False,,
CFB0003095,CLI0131,ASG001209,DUD100778,2024-01-05,3,2,4,3,3,4,4,Yes,True,Punctuality,
CFB0003096,CLI0131,ASG001209,DUD100778,2023-11-06,4,4,3,3,3,4,5,Yes,False,,
CFB0003097,CLI0131,ASG001209,DUD100778,2023-08-04,4,4,4,5,4,5,5,No,False,,
CFB0003098,CLI0246,ASG001210,DUD100778,2025-08-31,4,4,3,3,4,4,4,Yes,False,,
CFB0003099,CLI0246,ASG001210,DUD100778,2026-06-20,4,4,4,4,3,4,4,Yes,False,,
CFB0003100,CLI0246,ASG001210,DUD100778,2025-11-03,3,4,3,3,4,2,3,No,False,,
CFB0003101,CLI0138,ASG001211,DUD100779,2022-02-20,4,3,4,3,3,5,4,Yes,False,,
CFB0003102,CLI0195,ASG001212,DUD100779,2023-09-28,5,5,5,4,4,5,4,Yes,False,,
CFB0003103,CLI0195,ASG001212,DUD100779,2023-10-08,4,5,4,4,5,3,4,Maybe,False,,
CFB0003104,CLI0128,ASG001213,DUD100780,2026-02-04,3,2,3,2,3,2,3,Maybe,False,,
CFB0003105,CLI0128,ASG001213,DUD100780,2025-07-05,4,4,5,3,3,5,5,Yes,False,,
CFB0003106,CLI0128,ASG001213,DUD100780,2026-01-20,3,3,4,3,3,2,2,No,False,,
CFB0003107,CLI0161,ASG001214,DUD100780,2026-06-19,4,4,3,5,4,5,4,Maybe,False,,
CFB0003108,CLI0161,ASG001214,DUD100780,2026-08-13,4,3,4,4,3,3,3,Yes,False,,
CFB0003109,CLI0161,ASG001214,DUD100780,2026-05-11,4,3,5,4,4,3,5,Yes,False,,
CFB0003110,CLI0161,ASG001214,DUD100780,2026-07-03,2,2,1,1,3,2,2,Maybe,False,,
CFB0003111,CLI0091,ASG001215,DUD100781,2022-07-03,5,5,5,5,5,5,5,Yes,False,,
CFB0003112,CLI0078,ASG001216,DUD100782,2026-04-26,5,5,4,5,4,5,5,Yes,False,,
CFB0003113,CLI0078,ASG001216,DUD100782,2026-08-14,5,4,4,5,5,4,5,Maybe,False,,
CFB0003114,CLI0086,ASG001217,DUD100783,2025-06-28,3,3,2,3,2,4,3,Maybe,True,Punctuality,
CFB0003115,CLI0121,ASG001218,DUD100783,2026-05-05,3,3,3,3,3,4,2,Yes,False,,
CFB0003116,CLI0121,ASG001218,DUD100783,2025-11-28,3,4,3,2,3,4,3,Maybe,False,,
CFB0003117,CLI0121,ASG001218,DUD100783,2026-02-08,5,5,5,4,5,4,4,Maybe,False,,
CFB0003118,CLI0121,ASG001218,DUD100783,2026-01-15,3,3,3,4,4,2,2,Yes,False,,
CFB0003119,CLI0213,ASG001219,DUD100784,2026-03-06,4,4,4,3,4,4,4,No,False,,
CFB0003120,CLI0213,ASG001219,DUD100784,2025-06-06,5,5,5,5,5,4,5,Yes,True,Lesson Quality,
CFB0003121,CLI0213,ASG001219,DUD100784,2024-12-05,3,4,3,4,4,3,2,Maybe,False,,
CFB0003122,CLI0296,ASG001220,DUD100785,2023-01-03,2,2,1,2,1,2,2,No,False,,
CFB0003123,CLI0173,ASG001221,DUD100785,2024-02-27,1,1,1,1,1,2,1,Maybe,False,,
CFB0003124,CLI0173,ASG001221,DUD100785,2026-05-25,4,4,3,3,5,5,3,Maybe,False,,
CFB0003125,CLI0189,ASG001222,DUD100786,2021-10-14,3,3,4,3,3,3,3,Yes,False,,
CFB0003126,CLI0189,ASG001222,DUD100786,2021-08-13,3,4,3,2,2,3,3,Maybe,False,,
CFB0003127,CLI0189,ASG001222,DUD100786,2021-08-15,4,5,4,4,3,5,4,Maybe,False,,
CFB0003128,CLI0189,ASG001222,DUD100786,2021-05-22,5,5,5,5,5,5,5,Maybe,False,,
CFB0003129,CLI0198,ASG001223,DUD100786,2022-02-26,3,4,2,3,4,2,4,Maybe,False,,
CFB0003130,CLI0175,ASG001224,DUD100786,2025-12-28,4,4,3,4,3,4,3,Yes,False,,
CFB0003131,CLI0175,ASG001224,DUD100786,2025-02-06,2,2,1,1,2,1,3,Yes,True,Attendance,
CFB0003132,CLI0117,ASG001225,DUD100787,2025-02-13,4,5,4,5,4,3,4,Yes,False,,
CFB0003133,CLI0117,ASG001225,DUD100787,2025-03-13,3,3,3,3,3,3,4,No,False,,
CFB0003134,CLI0034,ASG001226,DUD100788,2025-08-17,4,4,4,5,4,4,3,No,False,,
CFB0003135,CLI0260,ASG001227,DUD100788,2027-04-10,4,4,4,4,4,3,4,Yes,False,,
CFB0003136,CLI0260,ASG001227,DUD100788,2026-02-16,4,5,3,4,4,5,5,No,False,,
CFB0003137,CLI0073,ASG001228,DUD100789,2023-09-06,3,3,4,3,2,3,2,Maybe,False,,
CFB0003138,CLI0073,ASG001228,DUD100789,2022-07-16,1,1,1,1,1,2,1,Yes,False,,
CFB0003139,CLI0073,ASG001228,DUD100789,2024-06-22,4,3,3,5,4,5,5,Yes,False,,
CFB0003140,CLI0073,ASG001228,DUD100789,2024-04-23,5,4,5,4,4,5,5,Yes,False,,
CFB0003141,CLI0181,ASG001229,DUD100790,2024-08-26,4,5,4,4,3,4,3,Yes,False,,
CFB0003142,CLI0181,ASG001229,DUD100790,2023-08-26,4,5,4,5,3,3,3,Yes,False,,
CFB0003143,CLI0181,ASG001229,DUD100790,2025-04-26,5,5,5,5,5,4,5,Yes,True,Punctuality,
CFB0003144,CLI0181,ASG001229,DUD100790,2026-02-04,5,5,5,5,4,5,5,Yes,False,,
CFB0003145,CLI0108,ASG001230,DUD100791,2022-03-18,3,3,2,4,4,3,4,Yes,False,,
CFB0003146,CLI0108,ASG001230,DUD100791,2022-05-12,4,3,5,4,4,5,4,Yes,False,,
CFB0003147,CLI0108,ASG001230,DUD100791,2022-05-20,4,3,4,3,3,4,4,Yes,True,Professionalism,
CFB0003148,CLI0108,ASG001230,DUD100791,2022-05-30,4,4,4,3,5,5,3,Yes,False,,
CFB0003149,CLI0098,ASG001231,DUD100792,2026-03-09,3,3,3,3,3,3,4,No,False,,
CFB0003150,CLI0098,ASG001231,DUD100792,2026-07-30,4,4,3,5,4,5,4,Yes,False,,
CFB0003151,CLI0098,ASG001231,DUD100792,2025-11-03,3,3,3,3,3,2,3,Maybe,False,,
CFB0003152,CLI0147,ASG001232,DUD100793,2025-01-21,1,1,2,2,2,1,1,Yes,False,,
CFB0003153,CLI0147,ASG001232,DUD100793,2026-05-13,4,3,4,3,5,4,4,Yes,False,,
CFB0003154,CLI0147,ASG001232,DUD100793,2025-09-15,4,5,4,4,4,4,4,Yes,False,,
CFB0003155,CLI0122,ASG001233,DUD100794,2024-09-24,3,3,3,2,2,2,3,Maybe,True,Professionalism,
CFB0003156,CLI0122,ASG001233,DUD100794,2024-11-02,4,3,4,3,4,4,4,Yes,False,,
CFB0003157,CLI0122,ASG001233,DUD100794,2024-10-01,4,3,5,4,4,4,4,Yes,False,,
CFB0003158,CLI0096,ASG001234,DUD100794,2025-03-19,3,3,3,3,3,4,3,Maybe,False,,
CFB0003159,CLI0096,ASG001234,DUD100794,2025-04-23,5,4,4,5,5,4,4,Yes,False,,
CFB0003160,CLI0096,ASG001234,DUD100794,2025-07-22,5,5,5,5,5,5,4,Yes,False,,
CFB0003161,CLI0227,ASG001235,DUD100795,2024-07-29,2,2,2,2,2,2,2,Maybe,True,Lesson Quality,
CFB0003162,CLI0046,ASG001236,DUD100796,2021-08-09,3,3,2,4,2,3,3,Maybe,False,,
CFB0003163,CLI0046,ASG001236,DUD100796,2021-11-29,4,3,3,3,4,4,3,Yes,False,,
CFB0003164,CLI0046,ASG001236,DUD100796,2021-12-04,4,4,4,4,4,5,4,Yes,False,,
CFB0003165,CLI0295,ASG001237,DUD100796,2023-04-26,5,5,5,5,4,5,5,Yes,False,,
CFB0003166,CLI0114,ASG001238,DUD100796,2025-12-20,4,4,4,4,3,4,4,Yes,True,Communication,
CFB0003167,CLI0199,ASG001239,DUD100797,2021-11-19,4,4,5,4,4,5,5,Yes,False,,
CFB0003168,CLI0199,ASG001239,DUD100797,2022-04-12,3,3,2,2,4,3,3,No,False,,
CFB0003169,CLI0199,ASG001239,DUD100797,2022-06-23,5,4,5,4,5,5,5,Yes,False,,
CFB0003170,CLI0199,ASG001239,DUD100797,2022-01-25,4,4,4,5,4,4,5,Maybe,False,,
CFB0003171,CLI0283,ASG001240,DUD100797,2022-12-06,4,4,5,5,3,5,4,Yes,False,,
CFB0003172,CLI0283,ASG001240,DUD100797,2023-02-27,5,5,5,5,5,5,4,Yes,False,,
CFB0003173,CLI0283,ASG001240,DUD100797,2022-12-18,3,3,4,2,4,3,4,No,False,,
CFB0003174,CLI0283,ASG001240,DUD100797,2022-12-13,5,5,4,5,4,5,4,Yes,False,,
CFB0003175,CLI0238,ASG001241,DUD100797,2025-05-05,3,3,3,2,3,4,3,Maybe,False,,
CFB0003176,CLI0238,ASG001241,DUD100797,2025-07-30,3,3,3,3,3,2,3,Maybe,False,,
CFB0003177,CLI0013,ASG001242,DUD100798,2022-02-24,3,3,2,4,4,3,3,Maybe,False,,
CFB0003178,CLI0032,ASG001243,DUD100798,2025-10-06,5,5,5,5,5,4,5,Yes,False,,
CFB0003179,CLI0084,ASG001244,DUD100799,2023-08-19,1,1,1,1,1,1,2,Maybe,False,,
CFB0003180,CLI0084,ASG001244,DUD100799,2023-12-05,4,4,3,3,4,4,4,Yes,False,,
CFB0003181,CLI0239,ASG001245,DUD100800,2024-07-23,4,4,5,3,4,4,4,Maybe,False,,
CFB0003182,CLI0223,ASG001246,DUD100800,2025-09-13,4,4,4,4,3,4,3,Yes,False,,
CFB0003183,CLI0223,ASG001246,DUD100800,2026-03-17,5,5,5,5,5,5,5,Maybe,False,,
CFB0003184,CLI0223,ASG001246,DUD100800,2025-10-13,4,4,5,3,4,4,4,Yes,False,,
CFB0003185,CLI0233,ASG001247,DUD100801,2026-06-27,4,4,5,5,3,5,4,Yes,False,,
CFB0003186,CLI0233,ASG001247,DUD100801,2026-01-09,4,4,3,4,3,4,4,Maybe,False,,
CFB0003187,CLI0233,ASG001247,DUD100801,2023-05-21,5,5,5,5,5,5,5,Yes,False,,
CFB0003188,CLI0233,ASG001247,DUD100801,2025-09-20,3,3,2,2,4,3,4,Yes,False,,
CFB0003189,CLI0270,ASG001248,DUD100802,2022-06-08,5,5,5,5,5,5,5,Yes,True,Communication,
CFB0003190,CLI0270,ASG001248,DUD100802,2022-02-20,5,5,5,5,5,5,5,Maybe,False,,
CFB0003191,CLI0270,ASG001248,DUD100802,2022-03-03,5,5,5,5,4,4,4,Yes,False,,
CFB0003192,CLI0065,ASG001249,DUD100803,2022-03-24,4,4,3,5,4,3,4,No,False,,
CFB0003193,CLI0065,ASG001249,DUD100803,2021-06-13,4,3,5,5,3,5,4,Maybe,False,,
CFB0003194,CLI0065,ASG001249,DUD100803,2021-08-21,1,1,1,1,2,1,1,Yes,False,,
CFB0003195,CLI0065,ASG001249,DUD100803,2021-09-13,3,4,2,3,4,2,4,Yes,False,,
CFB0003196,CLI0295,ASG001250,DUD100803,2023-12-12,4,3,5,4,3,4,4,Maybe,False,,
CFB0003197,CLI0294,ASG001251,DUD100804,2024-10-07,4,4,4,4,3,3,4,Maybe,False,,
CFB0003198,CLI0116,ASG001252,DUD100804,2025-01-18,5,5,5,5,5,4,5,Yes,False,,
CFB0003199,CLI0116,ASG001252,DUD100804,2026-02-21,5,5,4,5,5,5,5,Yes,False,,
CFB0003200,CLI0116,ASG001252,DUD100804,2026-07-23,5,4,5,5,5,4,5,Yes,False,,
CFB0003201,CLI0116,ASG001252,DUD100804,2025-12-19,5,4,5,5,5,5,5,Yes,False,,
CFB0003202,CLI0084,ASG001253,DUD100805,2025-11-27,4,4,3,4,3,4,5,Maybe,False,,
CFB0003203,CLI0084,ASG001253,DUD100805,2026-02-11,1,1,1,1,2,2,1,Maybe,False,,
CFB0003204,CLI0146,ASG001254,DUD100806,2022-02-20,5,5,5,5,5,5,5,Yes,False,,
CFB0003205,CLI0146,ASG001254,DUD100806,2022-10-16,5,4,5,5,4,4,4,Yes,False,,
CFB0003206,CLI0146,ASG001254,DUD100806,2022-02-03,4,3,3,4,3,4,4,Maybe,False,,
CFB0003207,CLI0146,ASG001254,DUD100806,2022-11-27,3,3,3,3,3,2,3,No,False,,
CFB0003208,CLI0209,ASG001255,DUD100806,2023-05-26,5,4,5,5,5,4,5,Maybe,False,,
CFB0003209,CLI0028,ASG001256,DUD100806,2025-11-18,4,4,3,5,3,4,4,No,False,,
CFB0003210,CLI0028,ASG001256,DUD100806,2026-05-25,5,5,4,5,4,5,5,Yes,False,,
CFB0003211,CLI0028,ASG001256,DUD100806,2026-01-13,4,5,5,4,3,5,4,Yes,False,,
CFB0003212,CLI0286,ASG001257,DUD100807,2025-02-04,4,4,3,4,4,4,5,Yes,False,,
CFB0003213,CLI0286,ASG001257,DUD100807,2024-12-22,4,4,5,3,3,3,4,Yes,False,,
CFB0003214,CLI0020,ASG001258,DUD100808,2024-08-02,4,5,3,5,4,4,5,Maybe,False,,
CFB0003215,CLI0116,ASG001259,DUD100808,2026-05-06,5,5,5,5,5,4,5,Maybe,False,,
CFB0003216,CLI0116,ASG001259,DUD100808,2025-06-25,4,4,5,5,4,4,4,Maybe,False,,
CFB0003217,CLI0258,ASG001260,DUD100809,2021-07-27,4,4,5,4,4,4,5,Yes,False,,
CFB0003218,CLI0258,ASG001260,DUD100809,2021-10-06,5,5,4,5,4,5,5,Maybe,False,,
CFB0003219,CLI0217,ASG001261,DUD100809,2022-03-26,5,5,5,5,5,5,4,No,False,,
CFB0003220,CLI0217,ASG001261,DUD100809,2022-07-16,5,5,5,5,4,4,5,Yes,False,,
CFB0003221,CLI0217,ASG001261,DUD100809,2022-10-29,2,1,2,1,2,2,2,Maybe,False,,
CFB0003222,CLI0217,ASG001261,DUD100809,2022-07-25,4,4,3,4,5,4,3,Yes,False,,
CFB0003223,CLI0250,ASG001262,DUD100809,2023-11-02,3,3,3,4,2,3,2,Maybe,False,,
CFB0003224,CLI0250,ASG001262,DUD100809,2023-04-20,5,5,5,4,4,5,5,Yes,False,,
CFB0003225,CLI0250,ASG001262,DUD100809,2026-01-27,4,4,4,5,5,4,5,Yes,False,,
CFB0003226,CLI0241,ASG001263,DUD100810,2025-02-28,5,5,5,5,5,5,4,Yes,False,,
CFB0003227,CLI0241,ASG001263,DUD100810,2024-06-10,4,4,3,4,4,5,4,Yes,False,,
CFB0003228,CLI0154,ASG001264,DUD100810,2026-03-26,4,3,4,5,5,5,5,Yes,False,,
CFB0003229,CLI0030,ASG001265,DUD100811,2024-01-26,1,1,1,2,1,1,1,Yes,False,,
CFB0003230,CLI0030,ASG001265,DUD100811,2025-05-12,4,4,5,4,5,4,4,Yes,False,,
CFB0003231,CLI0030,ASG001265,DUD100811,2025-03-11,4,4,4,4,3,4,5,Yes,False,,
CFB0003232,CLI0030,ASG001265,DUD100811,2022-07-12,4,5,3,4,4,4,5,Yes,False,,
CFB0003233,CLI0113,ASG001266,DUD100812,2023-09-09,1,2,1,1,1,2,1,Maybe,False,,
CFB0003234,CLI0113,ASG001266,DUD100812,2024-12-16,3,2,4,3,2,4,3,Yes,False,,
CFB0003235,CLI0113,ASG001266,DUD100812,2024-12-01,5,5,5,5,5,5,5,Maybe,False,,
CFB0003236,CLI0113,ASG001266,DUD100812,2026-05-17,3,3,3,2,4,3,3,Maybe,False,,
CFB0003237,CLI0138,ASG001267,DUD100813,2025-09-07,4,4,5,3,4,5,4,Yes,False,,
CFB0003238,CLI0138,ASG001267,DUD100813,2026-04-08,5,4,5,4,5,5,5,Yes,False,,
CFB0003239,CLI0029,ASG001268,DUD100814,2025-05-28,4,4,4,5,4,4,3,No,False,,
CFB0003240,CLI0158,ASG001269,DUD100815,2026-05-23,3,4,4,3,3,3,3,Maybe,False,,
CFB0003241,CLI0158,ASG001269,DUD100815,2026-04-19,5,5,4,5,4,5,4,Yes,False,,
CFB0003242,CLI0158,ASG001269,DUD100815,2026-03-11,4,4,5,4,4,4,4,Yes,False,,
CFB0003243,CLI0010,ASG001270,DUD100816,2026-04-05,5,5,4,5,5,5,4,No,False,,
CFB0003244,CLI0010,ASG001270,DUD100816,2025-06-03,4,4,5,4,3,4,5,Yes,False,,
CFB0003245,CLI0010,ASG001270,DUD100816,2025-11-15,4,5,4,5,5,5,4,Maybe,False,,
CFB0003246,CLI0162,ASG001271,DUD100817,2022-03-19,5,4,4,5,5,5,4,Yes,False,,
CFB0003247,CLI0162,ASG001271,DUD100817,2022-02-01,5,5,5,5,4,5,4,Yes,False,,
CFB0003248,CLI0162,ASG001271,DUD100817,2022-09-11,4,4,4,3,4,3,4,Yes,False,,
CFB0003249,CLI0162,ASG001271,DUD100817,2022-06-15,2,2,2,2,3,1,2,Maybe,True,Attendance,
CFB0003250,CLI0300,ASG001272,DUD100817,2024-06-03,5,5,4,5,5,4,5,Yes,False,,
CFB0003251,CLI0300,ASG001272,DUD100817,2024-11-09,3,3,3,3,3,4,3,Maybe,False,,
CFB0003252,CLI0300,ASG001272,DUD100817,2025-07-07,4,4,4,4,5,5,4,Yes,False,,
CFB0003253,CLI0300,ASG001272,DUD100817,2024-01-07,5,5,4,4,5,4,5,Yes,False,,
CFB0003254,CLI0029,ASG001273,DUD100818,2024-08-22,5,4,5,5,5,4,5,Yes,False,,
CFB0003255,CLI0029,ASG001273,DUD100818,2024-06-24,4,4,4,5,3,4,4,Yes,False,,
CFB0003256,CLI0029,ASG001273,DUD100818,2024-09-27,3,3,3,3,3,4,3,Maybe,False,,
CFB0003257,CLI0022,ASG001274,DUD100819,2025-05-15,4,3,3,5,4,5,4,Yes,False,,
CFB0003258,CLI0022,ASG001274,DUD100819,2025-07-02,5,5,5,5,5,5,5,Yes,False,,
CFB0003259,CLI0022,ASG001274,DUD100819,2025-03-07,5,5,4,5,5,4,5,Yes,False,,
CFB0003260,CLI0192,ASG001275,DUD100820,2024-09-26,5,5,4,5,5,5,4,Yes,True,Communication,
CFB0003261,CLI0192,ASG001275,DUD100820,2023-03-17,4,4,4,4,5,5,4,Yes,False,,
CFB0003262,CLI0192,ASG001275,DUD100820,2026-02-02,4,3,4,5,4,3,5,Yes,False,,
CFB0003263,CLI0192,ASG001275,DUD100820,2026-04-29,5,5,4,5,5,4,4,Maybe,False,,
CFB0003264,CLI0096,ASG001276,DUD100821,2025-04-04,4,4,4,5,3,5,4,Yes,False,,
CFB0003265,CLI0096,ASG001276,DUD100821,2025-10-17,4,4,3,5,4,4,4,Yes,False,,
CFB0003266,CLI0174,ASG001277,DUD100822,2024-02-29,4,5,4,4,5,5,4,No,False,,
CFB0003267,CLI0174,ASG001277,DUD100822,2024-01-15,5,5,5,5,4,5,5,Yes,False,,
CFB0003268,CLI0174,ASG001277,DUD100822,2023-10-19,4,3,4,4,4,3,5,No,False,,
CFB0003269,CLI0174,ASG001277,DUD100822,2023-07-23,2,1,2,3,1,3,2,Yes,False,,
CFB0003270,CLI0181,ASG001278,DUD100822,2026-03-19,5,5,5,5,4,5,5,Yes,False,,
CFB0003271,CLI0059,ASG001279,DUD100823,2025-10-04,3,4,3,3,3,3,4,No,False,,
CFB0003272,CLI0059,ASG001279,DUD100823,2025-12-30,4,5,3,4,5,4,4,Yes,False,,
CFB0003273,CLI0122,ASG001280,DUD100824,2026-03-31,4,4,4,4,4,3,3,Yes,False,,
CFB0003274,CLI0280,ASG001281,DUD100824,2027-03-26,4,5,5,3,4,4,4,Yes,True,Classroom Management,
CFB0003275,CLI0115,ASG001282,DUD100825,2025-02-24,3,2,3,3,3,2,3,Maybe,False,,
CFB0003276,CLI0115,ASG001282,DUD100825,2025-03-04,4,5,4,4,4,4,4,Maybe,False,,
CFB0003277,CLI0115,ASG001282,DUD100825,2025-06-08,4,4,4,5,5,4,4,Maybe,False,,
CFB0003278,CLI0115,ASG001282,DUD100825,2025-04-15,4,4,3,4,4,3,5,No,False,,
CFB0003279,CLI0165,ASG001283,DUD100826,2022-05-18,4,4,5,5,4,5,3,Yes,False,,
CFB0003280,CLI0165,ASG001283,DUD100826,2022-08-01,3,3,4,2,3,3,3,Yes,True,Lesson Quality,
CFB0003281,CLI0165,ASG001283,DUD100826,2022-10-28,5,5,5,5,5,5,5,Yes,False,,
CFB0003282,CLI0290,ASG001284,DUD100826,2026-06-16,5,4,5,5,4,4,5,Yes,False,,
CFB0003283,CLI0290,ASG001284,DUD100826,2023-05-30,5,5,5,5,5,5,4,Yes,False,,
CFB0003284,CLI0290,ASG001284,DUD100826,2026-05-21,2,2,3,3,2,2,2,Yes,True,Classroom Management,
CFB0003285,CLI0290,ASG001284,DUD100826,2023-09-04,3,4,3,3,3,3,3,Yes,False,,
CFB0003286,CLI0202,ASG001285,DUD100827,2025-10-05,4,4,4,4,4,4,4,Yes,False,,
CFB0003287,CLI0202,ASG001285,DUD100827,2025-09-21,3,3,3,4,3,3,4,No,False,,
CFB0003288,CLI0063,ASG001286,DUD100827,2027-07-01,4,5,5,5,5,4,5,Yes,False,,
CFB0003289,CLI0202,ASG001287,DUD100828,2021-09-16,3,3,2,4,3,2,2,Maybe,False,,
CFB0003290,CLI0249,ASG001288,DUD100828,2022-11-12,4,4,4,4,4,4,5,Maybe,False,,
CFB0003291,CLI0171,ASG001289,DUD100829,2025-08-05,1,1,2,2,1,1,1,Maybe,False,,
CFB0003292,CLI0010,ASG001290,DUD100829,2027-01-09,4,4,3,5,4,4,3,Maybe,False,,
CFB0003293,CLI0010,ASG001290,DUD100829,2026-09-16,4,3,3,5,3,5,5,Yes,False,,
CFB0003294,CLI0010,ASG001290,DUD100829,2026-12-26,1,2,1,1,1,1,1,Maybe,False,,
CFB0003295,CLI0105,ASG001291,DUD100830,2025-09-01,4,4,4,4,5,3,3,Maybe,False,,
CFB0003296,CLI0105,ASG001291,DUD100830,2025-07-29,3,3,3,2,3,4,3,Yes,False,,
CFB0003297,CLI0105,ASG001291,DUD100830,2026-01-20,5,5,5,5,4,4,5,Yes,False,,
CFB0003298,CLI0241,ASG001292,DUD100830,2026-07-14,5,5,5,5,5,4,5,No,False,,
CFB0003299,CLI0048,ASG001293,DUD100831,2024-08-30,4,4,4,3,4,3,3,Maybe,False,,
CFB0003300,CLI0191,ASG001294,DUD100832,2023-08-30,4,4,4,3,5,4,3,Maybe,False,,
CFB0003301,CLI0036,ASG001295,DUD100833,2022-06-15,3,4,3,3,3,4,2,No,False,,
CFB0003302,CLI0036,ASG001295,DUD100833,2025-08-05,5,5,5,5,5,5,5,Yes,True,Punctuality,
CFB0003303,CLI0166,ASG001296,DUD100834,2022-09-26,3,2,2,3,4,2,3,Yes,False,,
CFB0003304,CLI0259,ASG001297,DUD100835,2026-01-23,3,3,3,4,4,4,3,Yes,False,,
CFB0003305,CLI0259,ASG001297,DUD100835,2026-01-04,4,3,4,4,5,3,5,Yes,False,,
CFB0003306,CLI0259,ASG001297,DUD100835,2025-12-13,5,5,4,5,5,5,5,Maybe,False,,
CFB0003307,CLI0259,ASG001297,DUD100835,2025-08-26,3,4,4,3,3,2,3,No,False,,
CFB0003308,CLI0028,ASG001298,DUD100836,2023-06-25,5,5,5,5,5,4,5,Yes,False,,
CFB0003309,CLI0028,ASG001298,DUD100836,2022-10-07,4,4,4,3,4,5,4,Yes,False,,
CFB0003310,CLI0292,ASG001299,DUD100836,2025-01-29,3,3,3,3,3,3,3,No,True,Communication,
CFB0003311,CLI0292,ASG001299,DUD100836,2025-11-14,3,3,4,3,3,3,3,No,False,,
CFB0003312,CLI0292,ASG001299,DUD100836,2025-06-06,2,3,3,2,3,2,2,Yes,False,,
CFB0003313,CLI0245,ASG001300,DUD100837,2024-08-27,4,5,5,4,5,4,5,Yes,False,,
CFB0003314,CLI0245,ASG001300,DUD100837,2026-05-06,1,1,2,2,2,1,2,No,False,,
CFB0003315,CLI0245,ASG001300,DUD100837,2023-02-19,3,3,2,3,3,3,4,Yes,False,,
CFB0003316,CLI0245,ASG001300,DUD100837,2023-10-23,2,2,2,3,3,2,2,No,False,,
CFB0003317,CLI0152,ASG001301,DUD100838,2026-02-25,5,5,5,4,4,5,5,Yes,True,Attendance,
CFB0003318,CLI0152,ASG001301,DUD100838,2025-09-12,4,4,3,5,4,3,4,Maybe,False,,
CFB0003319,CLI0205,ASG001302,DUD100839,2025-07-26,3,4,3,3,4,4,3,No,False,,
CFB0003320,CLI0205,ASG001302,DUD100839,2026-05-13,4,4,4,4,5,5,4,Yes,False,,
CFB0003321,CLI0205,ASG001302,DUD100839,2023-07-12,3,4,3,2,4,4,3,Maybe,False,,
CFB0003322,CLI0205,ASG001302,DUD100839,2024-02-22,5,5,4,5,5,5,5,Maybe,False,,
CFB0003323,CLI0030,ASG001303,DUD100840,2025-08-13,4,3,3,3,5,5,4,Yes,False,,
CFB0003324,CLI0292,ASG001304,DUD100841,2024-04-09,2,3,1,3,1,2,3,Maybe,False,,
CFB0003325,CLI0292,ASG001304,DUD100841,2025-11-23,5,5,4,5,5,5,5,Maybe,False,,
CFB0003326,CLI0292,ASG001304,DUD100841,2025-10-09,3,2,3,4,3,4,3,Maybe,False,,
CFB0003327,CLI0090,ASG001305,DUD100842,2024-04-16,4,4,3,5,4,5,5,Maybe,False,,
CFB0003328,CLI0090,ASG001305,DUD100842,2024-10-09,4,4,4,5,3,4,5,Maybe,False,,
CFB0003329,CLI0090,ASG001305,DUD100842,2024-04-11,4,3,4,4,4,3,4,Yes,False,,
CFB0003330,CLI0090,ASG001305,DUD100842,2024-06-23,4,4,4,5,5,4,5,Yes,False,,
CFB0003331,CLI0097,ASG001306,DUD100842,2025-05-27,4,4,3,4,4,3,4,Yes,False,,
CFB0003332,CLI0097,ASG001306,DUD100842,2025-10-12,1,1,2,1,1,1,1,No,False,,
CFB0003333,CLI0097,ASG001306,DUD100842,2025-04-24,2,3,2,2,3,2,3,Maybe,True,Attendance,
CFB0003334,CLI0097,ASG001306,DUD100842,2025-07-12,2,2,2,2,2,3,2,No,True,Lesson Quality,
CFB0003335,CLI0049,ASG001307,DUD100842,2026-05-06,3,4,2,3,2,3,4,Maybe,True,Attendance,
CFB0003336,CLI0015,ASG001308,DUD100843,2025-07-20,3,4,3,4,3,3,4,Maybe,False,,
CFB0003337,CLI0015,ASG001308,DUD100843,2025-10-04,5,4,4,5,5,5,5,Yes,False,,
CFB0003338,CLI0015,ASG001308,DUD100843,2025-02-13,4,4,5,5,4,4,4,Yes,False,,
CFB0003339,CLI0015,ASG001308,DUD100843,2025-11-01,2,1,1,1,2,1,1,No,False,,
CFB0003340,CLI0093,ASG001309,DUD100844,2022-09-09,4,4,4,4,4,3,5,Yes,False,,
CFB0003341,CLI0093,ASG001309,DUD100844,2023-01-11,3,4,3,2,4,4,3,Yes,True,Attendance,
CFB0003342,CLI0093,ASG001309,DUD100844,2023-07-07,4,5,3,4,4,3,5,Yes,False,,
CFB0003343,CLI0158,ASG001310,DUD100844,2023-07-30,5,5,5,5,5,5,5,Yes,True,Attendance,
CFB0003344,CLI0210,ASG001311,DUD100844,2024-05-30,1,1,2,1,1,2,1,No,False,,
CFB0003345,CLI0210,ASG001311,DUD100844,2026-02-06,4,4,4,4,4,4,5,Yes,False,,
CFB0003346,CLI0173,ASG001312,DUD100845,2023-01-13,5,5,5,5,5,5,5,Yes,False,,
CFB0003347,CLI0054,ASG001313,DUD100846,2024-06-20,5,5,4,5,4,5,5,Yes,False,,
CFB0003348,CLI0054,ASG001313,DUD100846,2024-05-09,4,4,4,4,5,5,5,Yes,False,,
CFB0003349,CLI0054,ASG001313,DUD100846,2024-04-10,3,3,3,3,3,2,3,No,False,,
CFB0003350,CLI0054,ASG001313,DUD100846,2024-06-20,4,3,5,4,4,4,5,Yes,False,,
CFB0003351,CLI0101,ASG001314,DUD100847,2021-08-17,2,2,2,3,1,2,2,No,False,,
CFB0003352,CLI0101,ASG001314,DUD100847,2021-08-15,5,5,5,5,5,5,5,No,False,,
CFB0003353,CLI0101,ASG001314,DUD100847,2021-03-30,4,4,4,4,3,3,3,Yes,False,,
CFB0003354,CLI0101,ASG001314,DUD100847,2021-03-29,3,3,4,4,3,3,4,No,False,,
CFB0003355,CLI0124,ASG001315,DUD100847,2022-10-01,3,3,3,4,3,3,4,Maybe,True,Classroom Management,
CFB0003356,CLI0124,ASG001315,DUD100847,2021-11-13,2,1,1,2,1,2,2,No,False,,
CFB0003357,CLI0124,ASG001315,DUD100847,2022-05-22,4,3,5,4,5,5,3,Yes,False,,
CFB0003358,CLI0007,ASG001316,DUD100847,2024-06-29,2,2,1,2,2,2,2,Yes,True,Professionalism,
CFB0003359,CLI0007,ASG001316,DUD100847,2024-08-24,5,4,5,5,5,4,5,Yes,False,,
CFB0003360,CLI0116,ASG001317,DUD100848,2026-03-25,4,5,5,5,4,5,5,Maybe,False,,
CFB0003361,CLI0116,ASG001317,DUD100848,2025-09-24,4,3,4,5,5,3,3,Yes,False,,
CFB0003362,CLI0267,ASG001318,DUD100849,2026-06-18,3,3,3,3,3,3,3,Yes,False,,
CFB0003363,CLI0140,ASG001319,DUD100850,2023-05-19,5,5,5,5,5,5,5,Yes,False,,
CFB0003364,CLI0140,ASG001319,DUD100850,2023-07-10,4,5,4,4,3,4,4,Yes,False,,
CFB0003365,CLI0269,ASG001320,DUD100851,2024-10-07,4,5,4,4,5,5,4,Maybe,False,,
CFB0003366,CLI0269,ASG001320,DUD100851,2024-08-08,4,4,5,5,4,5,4,No,False,,
CFB0003367,CLI0269,ASG001320,DUD100851,2024-09-21,4,3,4,5,3,4,4,Yes,False,,
CFB0003368,CLI0061,ASG001321,DUD100851,2025-02-25,5,5,5,5,5,5,4,Yes,False,,
CFB0003369,CLI0061,ASG001321,DUD100851,2025-03-29,4,3,5,5,3,4,5,Maybe,False,,
CFB0003370,CLI0061,ASG001321,DUD100851,2025-04-29,5,5,5,4,5,4,5,Yes,False,,
CFB0003371,CLI0061,ASG001321,DUD100851,2025-06-04,4,5,4,4,4,4,5,Yes,False,,
CFB0003372,CLI0294,ASG001322,DUD100851,2026-06-24,3,2,4,3,3,4,2,Maybe,False,,
CFB0003373,CLI0294,ASG001322,DUD100851,2026-02-28,4,5,4,4,5,4,5,Yes,False,,
CFB0003374,CLI0294,ASG001322,DUD100851,2025-12-15,3,4,2,2,2,3,3,Yes,True,Attendance,
CFB0003375,CLI0294,ASG001322,DUD100851,2025-11-06,5,5,5,4,5,5,5,Yes,False,,
CFB0003376,CLI0122,ASG001323,DUD100852,2024-06-19,3,3,2,2,2,3,3,Maybe,False,,
CFB0003377,CLI0122,ASG001323,DUD100852,2025-08-19,3,3,3,2,3,3,4,No,False,,
CFB0003378,CLI0122,ASG001323,DUD100852,2026-08-15,5,5,4,5,4,5,5,Yes,False,,
CFB0003379,CLI0020,ASG001324,DUD100853,2021-05-26,1,1,1,1,1,1,1,Maybe,False,,
CFB0003380,CLI0020,ASG001324,DUD100853,2021-07-11,1,1,2,1,1,1,2,Maybe,False,,
CFB0003381,CLI0080,ASG001325,DUD100853,2025-05-31,5,5,5,5,4,5,5,Maybe,False,,
CFB0003382,CLI0100,ASG001326,DUD100854,2026-04-25,4,4,3,4,4,4,4,Yes,False,,
CFB0003383,CLI0100,ASG001326,DUD100854,2026-06-19,4,5,4,5,3,3,3,Maybe,False,,
CFB0003384,CLI0100,ASG001326,DUD100854,2026-09-08,1,1,1,2,2,1,2,Yes,False,,
CFB0003385,CLI0100,ASG001326,DUD100854,2026-09-06,4,4,4,4,4,4,4,Yes,False,,
CFB0003386,CLI0234,ASG001327,DUD100854,2026-12-16,4,4,3,4,3,3,5,Yes,False,,
CFB0003387,CLI0198,ASG001328,DUD100855,2023-12-27,2,2,1,1,2,2,2,Yes,False,,
CFB0003388,CLI0198,ASG001328,DUD100855,2023-05-03,4,4,4,5,4,4,4,Maybe,False,,
CFB0003389,CLI0198,ASG001328,DUD100855,2024-12-24,5,5,5,4,5,4,5,Yes,False,,
CFB0003390,CLI0269,ASG001329,DUD100856,2024-03-01,5,5,5,5,5,5,5,Yes,False,,
CFB0003391,CLI0269,ASG001329,DUD100856,2025-06-12,5,4,4,4,5,4,5,Yes,False,,
CFB0003392,CLI0269,ASG001329,DUD100856,2024-09-16,5,5,4,5,5,4,4,Yes,False,,
CFB0003393,CLI0087,ASG001330,DUD100857,2025-03-09,5,5,5,5,5,5,4,Yes,False,,
CFB0003394,CLI0087,ASG001330,DUD100857,2024-11-22,5,5,5,5,5,5,4,Yes,False,,
CFB0003395,CLI0087,ASG001330,DUD100857,2025-03-26,3,3,3,3,4,3,2,No,False,,
CFB0003396,CLI0087,ASG001330,DUD100857,2024-09-12,3,3,3,2,3,4,3,Maybe,False,,
CFB0003397,CLI0123,ASG001331,DUD100858,2022-10-06,4,4,4,3,3,3,3,Yes,False,,
CFB0003398,CLI0123,ASG001331,DUD100858,2022-09-19,3,4,3,4,4,4,3,Maybe,False,,
CFB0003399,CLI0297,ASG001332,DUD100858,2023-11-27,4,5,4,3,3,3,3,Yes,False,,
CFB0003400,CLI0297,ASG001332,DUD100858,2023-09-28,4,5,5,4,4,5,4,Yes,False,,
CFB0003401,CLI0241,ASG001333,DUD100858,2024-11-17,3,3,2,3,4,2,3,Yes,False,,
CFB0003402,CLI0241,ASG001333,DUD100858,2025-05-26,5,5,5,5,5,4,5,Yes,False,,
CFB0003403,CLI0272,ASG001334,DUD100859,2023-06-26,3,4,2,2,2,4,2,Maybe,False,,
CFB0003404,CLI0272,ASG001334,DUD100859,2024-09-08,5,4,5,4,4,5,5,Maybe,False,,
CFB0003405,CLI0272,ASG001334,DUD100859,2026-03-06,1,1,1,1,1,1,1,Yes,False,,
CFB0003406,CLI0272,ASG001334,DUD100859,2021-10-17,2,3,2,2,3,3,1,Maybe,False,,
CFB0003407,CLI0023,ASG001335,DUD100860,2023-08-08,4,4,5,3,4,4,5,Yes,False,,
CFB0003408,CLI0023,ASG001335,DUD100860,2023-03-17,3,3,2,2,3,3,4,No,False,,
CFB0003409,CLI0047,ASG001336,DUD100861,2025-10-23,4,5,4,5,3,4,4,No,False,,
CFB0003410,CLI0047,ASG001336,DUD100861,2025-11-04,3,3,3,4,4,4,2,No,False,,
CFB0003411,CLI0047,ASG001336,DUD100861,2025-04-15,4,4,4,3,3,3,4,Maybe,False,,
CFB0003412,CLI0072,ASG001337,DUD100862,2025-07-20,4,3,5,4,4,4,4,Maybe,False,,
CFB0003413,CLI0267,ASG001338,DUD100863,2024-09-07,4,4,4,4,5,4,4,Yes,False,,
CFB0003414,CLI0267,ASG001338,DUD100863,2025-08-10,5,5,4,5,5,5,5,Yes,False,,
CFB0003415,CLI0267,ASG001338,DUD100863,2025-11-15,3,2,4,2,3,3,4,No,False,,
CFB0003416,CLI0063,ASG001339,DUD100864,2025-11-25,4,3,4,4,3,4,4,Yes,False,,
CFB0003417,CLI0063,ASG001339,DUD100864,2024-09-29,1,2,1,1,2,2,1,Maybe,False,,
CFB0003418,CLI0063,ASG001339,DUD100864,2024-07-17,4,4,3,3,3,3,3,Yes,False,,
CFB0003419,CLI0191,ASG001340,DUD100865,2023-09-01,4,3,3,4,4,4,3,Yes,False,,
CFB0003420,CLI0242,ASG001341,DUD100865,2024-01-04,3,3,2,2,3,3,2,Yes,False,,
CFB0003421,CLI0242,ASG001341,DUD100865,2024-03-11,5,5,5,5,5,5,4,Maybe,False,,
CFB0003422,CLI0242,ASG001341,DUD100865,2023-11-20,4,3,4,4,5,4,4,Yes,False,,
CFB0003423,CLI0114,ASG001342,DUD100865,2024-12-18,4,3,4,4,5,3,4,Yes,False,,
CFB0003424,CLI0114,ASG001342,DUD100865,2025-01-06,3,3,3,3,4,2,3,Maybe,True,Professionalism,
CFB0003425,CLI0137,ASG001343,DUD100866,2026-07-12,4,4,3,3,4,4,3,Yes,False,,
CFB0003426,CLI0137,ASG001343,DUD100866,2026-09-20,4,4,3,4,5,4,5,Yes,False,,
CFB0003427,CLI0170,ASG001344,DUD100867,2021-07-06,4,5,3,4,4,4,3,Yes,False,,
CFB0003428,CLI0130,ASG001345,DUD100868,2021-09-24,4,5,4,3,4,3,3,Maybe,False,,
CFB0003429,CLI0130,ASG001345,DUD100868,2021-12-16,4,4,4,5,4,3,3,Yes,False,,
CFB0003430,CLI0130,ASG001345,DUD100868,2021-08-28,2,2,2,2,2,2,1,Maybe,False,,
CFB0003431,CLI0243,ASG001346,DUD100868,2022-08-01,4,4,5,5,4,5,5,Maybe,False,,
CFB0003432,CLI0243,ASG001346,DUD100868,2022-10-12,5,5,5,5,5,5,5,Yes,False,,
CFB0003433,CLI0111,ASG001347,DUD100869,2026-03-14,2,1,3,1,1,2,2,No,False,,
CFB0003434,CLI0111,ASG001347,DUD100869,2025-07-26,4,4,4,5,5,4,4,Maybe,False,,
CFB0003435,CLI0111,ASG001347,DUD100869,2025-07-12,3,4,3,3,3,3,3,Yes,True,Professionalism,
CFB0003436,CLI0111,ASG001347,DUD100869,2025-11-28,3,3,3,2,4,3,3,Maybe,False,,
CFB0003437,CLI0172,ASG001348,DUD100870,2024-11-01,4,4,4,4,3,5,5,Yes,False,,
CFB0003438,CLI0172,ASG001348,DUD100870,2025-03-09,5,5,4,5,5,4,4,Yes,False,,
CFB0003439,CLI0080,ASG001349,DUD100871,2026-05-24,5,5,5,5,5,5,4,No,False,,
CFB0003440,CLI0015,ASG001350,DUD100871,2026-07-29,4,4,5,5,4,3,4,Yes,False,,
CFB0003441,CLI0015,ASG001350,DUD100871,2026-08-16,3,4,3,4,3,3,3,Maybe,False,,
CFB0003442,CLI0137,ASG001351,DUD100872,2025-01-30,4,4,5,3,4,5,4,Yes,False,,
CFB0003443,CLI0034,ASG001352,DUD100873,2025-10-04,5,5,5,5,5,5,5,Yes,False,,
CFB0003444,CLI0034,ASG001352,DUD100873,2023-01-12,2,2,2,2,1,2,2,Maybe,False,,
CFB0003445,CLI0034,ASG001352,DUD100873,2025-06-18,5,5,5,5,4,4,4,Yes,False,,
CFB0003446,CLI0110,ASG001353,DUD100874,2023-11-17,4,4,4,4,4,4,4,No,False,,
CFB0003447,CLI0283,ASG001354,DUD100875,2025-07-26,4,3,4,4,4,4,3,Maybe,False,,
CFB0003448,CLI0283,ASG001354,DUD100875,2026-02-23,4,3,3,4,5,4,5,Yes,False,,
CFB0003449,CLI0208,ASG001355,DUD100876,2024-12-31,2,2,2,1,1,3,2,Yes,False,,
CFB0003450,CLI0208,ASG001355,DUD100876,2024-12-12,5,5,5,5,4,5,5,Yes,False,,
CFB0003451,CLI0208,ASG001355,DUD100876,2024-12-21,4,4,4,5,4,3,4,Yes,False,,
CFB0003452,CLI0116,ASG001356,DUD100876,2025-12-02,4,4,4,5,4,3,4,Yes,False,,
CFB0003453,CLI0116,ASG001356,DUD100876,2025-02-20,3,3,3,3,2,2,3,Maybe,True,Lesson Quality,
CFB0003454,CLI0116,ASG001356,DUD100876,2026-03-10,3,3,3,2,3,3,3,Maybe,False,,
CFB0003455,CLI0164,ASG001357,DUD100877,2026-01-08,5,5,5,4,5,5,5,Yes,False,,
CFB0003456,CLI0164,ASG001357,DUD100877,2026-07-12,4,3,3,3,4,4,4,Yes,False,,
CFB0003457,CLI0164,ASG001357,DUD100877,2026-06-29,3,3,3,3,3,4,3,Maybe,False,,
CFB0003458,CLI0237,ASG001358,DUD100878,2026-07-31,3,3,4,3,3,3,4,Yes,False,,
CFB0003459,CLI0237,ASG001358,DUD100878,2025-09-21,2,2,2,2,3,2,2,Maybe,False,,
CFB0003460,CLI0237,ASG001358,DUD100878,2026-01-11,5,5,4,5,5,5,5,Maybe,False,,
CFB0003461,CLI0237,ASG001358,DUD100878,2026-04-23,5,4,4,4,5,5,5,Yes,False,,
CFB0003462,CLI0278,ASG001359,DUD100879,2026-03-21,5,5,5,5,5,5,4,Maybe,False,,
CFB0003463,CLI0278,ASG001359,DUD100879,2025-11-12,5,5,5,5,5,5,5,Yes,False,,
CFB0003464,CLI0278,ASG001359,DUD100879,2026-05-17,3,3,3,3,2,3,2,Maybe,False,,
CFB0003465,CLI0027,ASG001360,DUD100880,2026-01-26,3,3,3,4,3,2,3,Yes,True,Communication,
CFB0003466,CLI0027,ASG001360,DUD100880,2026-07-05,3,2,4,3,4,2,4,Yes,True,Classroom Management,
CFB0003467,CLI0061,ASG001361,DUD100880,2027-04-23,4,4,5,5,4,3,4,Maybe,False,,
CFB0003468,CLI0064,ASG001362,DUD100881,2027-02-14,1,1,2,1,1,1,2,Maybe,False,,
CFB0003469,CLI0064,ASG001362,DUD100881,2027-07-29,4,3,5,3,5,4,5,Yes,False,,
CFB0003470,CLI0064,ASG001362,DUD100881,2026-06-22,5,4,5,5,5,5,5,Yes,False,,
CFB0003471,CLI0229,ASG001363,DUD100881,2027-09-13,2,3,1,2,2,2,1,Maybe,False,,
CFB0003472,CLI0229,ASG001363,DUD100881,2027-09-13,4,4,5,4,5,4,5,Yes,False,,
CFB0003473,CLI0125,ASG001364,DUD100882,2022-06-23,3,3,3,3,3,2,4,Maybe,True,Punctuality,
CFB0003474,CLI0039,ASG001365,DUD100883,2023-07-25,4,5,4,3,4,4,3,Yes,False,,
CFB0003475,CLI0039,ASG001365,DUD100883,2023-10-29,4,4,5,4,4,3,4,Yes,False,,
CFB0003476,CLI0039,ASG001365,DUD100883,2023-07-08,1,1,1,1,1,1,1,Maybe,False,,
CFB0003477,CLI0129,ASG001366,DUD100883,2024-06-23,5,5,5,5,5,5,5,Yes,False,,
CFB0003478,CLI0129,ASG001366,DUD100883,2024-09-19,4,3,5,4,4,4,4,Maybe,False,,
CFB0003479,CLI0129,ASG001366,DUD100883,2024-03-28,2,3,3,2,2,1,3,Yes,False,,
CFB0003480,CLI0062,ASG001367,DUD100884,2022-11-02,3,3,3,2,4,2,3,Yes,True,Communication,
CFB0003481,CLI0062,ASG001367,DUD100884,2023-08-14,5,5,4,5,5,5,5,Maybe,False,,
CFB0003482,CLI0075,ASG001368,DUD100884,2025-03-09,5,5,4,5,4,4,5,Yes,False,,
CFB0003483,CLI0075,ASG001368,DUD100884,2025-05-01,4,4,5,3,3,4,4,Yes,False,,
CFB0003484,CLI0075,ASG001368,DUD100884,2026-07-12,4,4,4,5,3,4,5,Yes,False,,
CFB0003485,CLI0075,ASG001368,DUD100884,2024-05-05,4,5,5,4,3,3,4,Maybe,False,,
CFB0003486,CLI0274,ASG001369,DUD100885,2025-10-26,4,4,5,4,5,4,5,Yes,False,,
CFB0003487,CLI0267,ASG001370,DUD100886,2024-08-09,2,1,3,3,2,2,3,Maybe,False,,
CFB0003488,CLI0131,ASG001371,DUD100887,2023-04-17,2,3,3,1,2,1,1,Maybe,True,Classroom Management,
CFB0003489,CLI0131,ASG001371,DUD100887,2023-03-22,4,4,3,5,4,5,3,Yes,False,,
CFB0003490,CLI0131,ASG001371,DUD100887,2023-04-18,4,3,5,4,4,3,4,Maybe,False,,
CFB0003491,CLI0211,ASG001372,DUD100887,2024-05-29,4,4,3,4,5,4,5,Yes,False,,
CFB0003492,CLI0211,ASG001372,DUD100887,2024-06-12,5,5,5,4,5,4,4,Yes,False,,
CFB0003493,CLI0239,ASG001373,DUD100887,2025-12-14,4,3,4,4,4,3,4,Yes,False,,
CFB0003494,CLI0239,ASG001373,DUD100887,2024-10-10,2,2,1,2,2,2,3,Maybe,True,Classroom Management,
CFB0003495,CLI0239,ASG001373,DUD100887,2025-05-02,2,1,3,1,2,1,2,No,False,,
CFB0003496,CLI0239,ASG001373,DUD100887,2024-12-24,3,3,4,4,3,3,3,Maybe,False,,
CFB0003497,CLI0179,ASG001374,DUD100888,2025-11-22,4,3,4,4,3,4,4,Maybe,False,,
CFB0003498,CLI0018,ASG001375,DUD100889,2024-05-27,5,5,5,5,4,5,5,Yes,False,,
CFB0003499,CLI0018,ASG001375,DUD100889,2024-06-28,5,4,5,5,5,5,5,Yes,False,,
CFB0003500,CLI0018,ASG001375,DUD100889,2024-05-07,3,4,3,2,4,2,4,Yes,False,,
CFB0003501,CLI0018,ASG001375,DUD100889,2024-06-06,3,4,3,4,4,4,3,No,False,,
CFB0003502,CLI0084,ASG001376,DUD100889,2026-01-22,3,2,3,4,4,4,3,Maybe,False,,
CFB0003503,CLI0084,ASG001376,DUD100889,2025-12-28,3,3,3,4,2,3,4,Yes,False,,
CFB0003504,CLI0084,ASG001376,DUD100889,2026-03-17,5,5,5,5,5,5,5,Yes,False,,
CFB0003505,CLI0084,ASG001376,DUD100889,2024-11-08,3,2,2,4,3,3,4,Maybe,False,,
CFB0003506,CLI0158,ASG001377,DUD100890,2026-07-17,5,5,4,5,5,4,5,Yes,False,,
CFB0003507,CLI0158,ASG001377,DUD100890,2025-01-11,5,4,5,5,4,5,5,No,False,,
CFB0003508,CLI0106,ASG001378,DUD100891,2026-01-28,5,4,5,5,5,5,5,Yes,False,,
CFB0003509,CLI0180,ASG001379,DUD100892,2026-06-03,4,5,4,5,4,3,5,Maybe,False,,
CFB0003510,CLI0180,ASG001379,DUD100892,2026-06-10,4,5,3,3,4,4,5,No,False,,
CFB0003511,CLI0180,ASG001379,DUD100892,2026-02-16,4,5,3,4,3,3,5,Yes,False,,
CFB0003512,CLI0096,ASG001380,DUD100893,2024-11-06,4,3,4,4,4,3,4,Yes,False,,
CFB0003513,CLI0096,ASG001380,DUD100893,2025-07-21,4,3,4,4,4,4,4,Yes,False,,
CFB0003514,CLI0096,ASG001380,DUD100893,2025-03-23,4,5,3,5,4,3,4,Yes,False,,
CFB0003515,CLI0096,ASG001380,DUD100893,2025-01-08,4,5,5,4,5,3,4,Yes,False,,
CFB0003516,CLI0066,ASG001381,DUD100893,2026-10-21,4,4,3,4,4,5,4,Maybe,False,,
CFB0003517,CLI0067,ASG001382,DUD100893,2027-01-01,3,3,2,2,3,3,3,Maybe,False,,
CFB0003518,CLI0067,ASG001382,DUD100893,2027-03-04,5,5,5,5,5,5,4,Yes,False,,
CFB0003519,CLI0067,ASG001382,DUD100893,2026-12-01,5,5,4,5,4,5,5,Yes,False,,
CFB0003520,CLI0067,ASG001382,DUD100893,2027-01-18,4,3,4,5,4,5,4,No,False,,
CFB0003521,CLI0033,ASG001383,DUD100894,2025-08-02,3,4,4,2,3,3,2,No,False,,
CFB0003522,CLI0033,ASG001383,DUD100894,2025-03-16,4,3,3,5,3,4,4,No,True,Communication,
CFB0003523,CLI0238,ASG001384,DUD100894,2026-02-15,5,5,5,4,5,5,4,No,False,,
CFB0003524,CLI0009,ASG001385,DUD100895,2026-03-09,5,5,5,4,5,4,4,Maybe,False,,
CFB0003525,CLI0009,ASG001385,DUD100895,2026-06-16,3,3,2,4,3,3,3,Yes,True,Lesson Quality,
CFB0003526,CLI0009,ASG001385,DUD100895,2026-01-09,5,5,5,4,4,4,4,No,False,,
CFB0003527,CLI0009,ASG001385,DUD100895,2025-12-10,5,5,5,5,5,5,5,Yes,True,Lesson Quality,
CFB0003528,CLI0039,ASG001386,DUD100896,2023-06-22,4,4,3,4,5,5,3,Yes,False,,
CFB0003529,CLI0039,ASG001386,DUD100896,2022-08-25,5,5,5,5,5,5,5,No,False,,
CFB0003530,CLI0214,ASG001387,DUD100897,2023-07-11,4,4,3,3,4,5,4,Yes,False,,
CFB0003531,CLI0214,ASG001387,DUD100897,2023-11-25,4,4,4,4,3,4,3,Yes,False,,
CFB0003532,CLI0214,ASG001387,DUD100897,2025-01-24,4,3,3,3,4,5,4,Yes,False,,
CFB0003533,CLI0214,ASG001387,DUD100897,2023-08-24,5,5,5,5,5,5,5,Maybe,False,,
CFB0003534,CLI0106,ASG001388,DUD100898,2026-02-19,2,3,1,3,3,2,3,Yes,True,Professionalism,
CFB0003535,CLI0214,ASG001389,DUD100899,2023-12-03,4,4,3,5,4,4,4,Yes,False,,
CFB0003536,CLI0214,ASG001389,DUD100899,2024-02-07,2,2,1,2,3,1,3,Yes,False,,
CFB0003537,CLI0214,ASG001389,DUD100899,2024-01-14,4,4,4,3,5,5,4,Maybe,False,,
CFB0003538,CLI0043,ASG001390,DUD100899,2026-06-26,5,5,5,5,5,4,5,Maybe,False,,
CFB0003539,CLI0043,ASG001390,DUD100899,2025-12-24,5,5,5,5,5,5,5,Yes,False,,
CFB0003540,CLI0223,ASG001391,DUD100900,2024-07-07,3,4,3,2,2,3,2,Yes,True,Professionalism,
CFB0003541,CLI0223,ASG001391,DUD100900,2023-08-07,3,3,3,3,2,2,4,No,False,,
CFB0003542,CLI0278,ASG001392,DUD100901,2024-01-07,5,5,5,5,5,5,5,Maybe,False,,
CFB0003543,CLI0278,ASG001392,DUD100901,2023-12-07,4,4,5,3,5,3,4,Maybe,False,,
CFB0003544,CLI0278,ASG001392,DUD100901,2023-11-16,4,3,4,3,5,4,4,Yes,False,,
CFB0003545,CLI0219,ASG001393,DUD100901,2024-12-15,2,2,2,2,3,3,2,Maybe,False,,
CFB0003546,CLI0219,ASG001393,DUD100901,2024-04-24,5,5,5,4,5,5,4,Yes,False,,
CFB0003547,CLI0219,ASG001393,DUD100901,2024-09-14,3,3,3,3,4,3,3,Maybe,False,,
CFB0003548,CLI0219,ASG001393,DUD100901,2024-10-25,5,4,4,5,5,4,4,Yes,False,,
CFB0003549,CLI0013,ASG001394,DUD100902,2025-01-24,4,3,4,5,5,5,4,No,False,,
CFB0003550,CLI0004,ASG001395,DUD100902,2025-08-16,3,3,3,4,4,4,2,No,False,,
CFB0003551,CLI0004,ASG001395,DUD100902,2026-03-03,4,4,4,3,3,4,4,Yes,False,,
CFB0003552,CLI0004,ASG001395,DUD100902,2025-06-27,4,4,4,4,3,3,4,Yes,False,,
CFB0003553,CLI0004,ASG001395,DUD100902,2025-12-26,4,5,4,4,4,4,5,Maybe,False,,
CFB0003554,CLI0065,ASG001396,DUD100903,2026-08-04,4,4,5,5,3,4,3,Yes,False,,
CFB0003555,CLI0159,ASG001397,DUD100904,2023-03-12,3,2,4,2,3,3,4,Yes,False,,
CFB0003556,CLI0159,ASG001397,DUD100904,2024-01-15,5,4,5,5,5,4,5,Yes,False,,
CFB0003557,CLI0111,ASG001398,DUD100904,2026-08-04,4,4,4,5,4,4,4,No,False,,
CFB0003558,CLI0111,ASG001398,DUD100904,2024-09-11,4,4,3,4,3,5,4,Yes,False,,
CFB0003559,CLI0029,ASG001399,DUD100905,2026-03-17,5,5,5,5,4,5,5,Yes,False,,
CFB0003560,CLI0029,ASG001399,DUD100905,2023-10-13,5,5,5,5,5,5,4,Yes,False,,
CFB0003561,CLI0029,ASG001399,DUD100905,2024-09-09,4,5,4,4,4,3,4,No,False,,
CFB0003562,CLI0162,ASG001400,DUD100906,2025-09-19,3,2,3,3,3,3,3,Maybe,False,,
CFB0003563,CLI0170,ASG001401,DUD100907,2025-08-17,4,4,4,4,3,3,3,Yes,False,,
CFB0003564,CLI0170,ASG001401,DUD100907,2025-10-18,4,4,5,5,3,4,3,Yes,False,,
CFB0003565,CLI0170,ASG001401,DUD100907,2026-01-19,3,2,3,2,3,4,3,No,False,,
CFB0003566,CLI0187,ASG001402,DUD100908,2025-05-12,3,3,4,3,2,4,4,Maybe,False,,
CFB0003567,CLI0187,ASG001402,DUD100908,2026-01-19,4,3,5,4,3,3,3,Yes,False,,
CFB0003568,CLI0187,ASG001402,DUD100908,2025-09-02,2,3,2,2,2,3,3,Yes,False,,
CFB0003569,CLI0121,ASG001403,DUD100909,2026-03-02,3,2,4,3,2,3,4,No,False,,
CFB0003570,CLI0053,ASG001404,DUD100910,2025-08-31,4,3,4,3,4,4,4,Yes,False,,
CFB0003571,CLI0053,ASG001404,DUD100910,2025-11-05,5,5,4,5,5,5,5,Yes,False,,
CFB0003572,CLI0003,ASG001405,DUD100910,2026-02-27,5,5,5,5,4,5,4,Yes,False,,
CFB0003573,CLI0003,ASG001405,DUD100910,2026-04-10,4,3,5,5,3,4,3,Yes,False,,
CFB0003574,CLI0003,ASG001405,DUD100910,2026-04-07,5,4,5,5,5,5,5,Yes,False,,
CFB0003575,CLI0003,ASG001405,DUD100910,2026-07-17,3,3,3,2,3,3,4,Maybe,False,,
CFB0003576,CLI0118,ASG001406,DUD100911,2024-09-15,3,3,2,2,4,3,2,No,False,,
CFB0003577,CLI0118,ASG001406,DUD100911,2024-05-13,4,3,4,4,3,3,3,Maybe,False,,
CFB0003578,CLI0118,ASG001406,DUD100911,2024-07-30,4,5,5,4,4,5,5,Yes,False,,
CFB0003579,CLI0118,ASG001406,DUD100911,2024-04-17,4,3,5,4,4,4,4,Yes,False,,
CFB0003580,CLI0256,ASG001407,DUD100912,2023-09-24,4,4,4,4,4,4,4,Yes,False,,
CFB0003581,CLI0256,ASG001407,DUD100912,2022-08-17,5,5,5,5,5,5,5,Maybe,False,,
CFB0003582,CLI0256,ASG001407,DUD100912,2022-03-21,5,5,5,4,5,4,4,Yes,False,,
CFB0003583,CLI0256,ASG001407,DUD100912,2025-06-16,4,4,3,5,5,5,4,No,False,,
CFB0003584,CLI0077,ASG001408,DUD100913,2024-02-27,5,5,5,5,5,5,5,Yes,False,,
CFB0003585,CLI0077,ASG001408,DUD100913,2023-02-01,4,4,4,4,5,3,4,Maybe,False,,
CFB0003586,CLI0001,ASG001409,DUD100914,2025-11-08,4,5,3,4,4,4,5,Yes,False,,
CFB0003587,CLI0087,ASG001410,DUD100915,2026-11-28,3,3,2,3,4,3,3,No,True,Attendance,
CFB0003588,CLI0087,ASG001410,DUD100915,2026-12-20,4,4,3,4,3,3,4,Yes,False,,
CFB0003589,CLI0148,ASG001411,DUD100916,2022-12-23,4,4,3,4,3,5,5,Yes,False,,
CFB0003590,CLI0148,ASG001411,DUD100916,2023-03-02,5,5,4,4,5,5,4,No,False,,
CFB0003591,CLI0148,ASG001411,DUD100916,2023-02-02,4,4,4,3,4,5,4,Yes,False,,
CFB0003592,CLI0155,ASG001412,DUD100916,2024-09-18,1,1,1,2,1,2,2,Yes,True,Attendance,
CFB0003593,CLI0155,ASG001412,DUD100916,2023-11-19,3,4,3,3,2,4,2,Maybe,False,,
CFB0003594,CLI0139,ASG001413,DUD100917,2025-11-22,4,4,4,4,4,5,4,Maybe,False,,
CFB0003595,CLI0260,ASG001414,DUD100918,2022-02-14,4,3,4,5,4,4,5,No,False,,
CFB0003596,CLI0260,ASG001414,DUD100918,2021-11-18,2,2,2,2,1,1,2,Yes,False,,
CFB0003597,CLI0233,ASG001415,DUD100918,2023-07-05,5,5,5,5,5,5,5,Yes,False,,
CFB0003598,CLI0233,ASG001415,DUD100918,2023-04-15,4,5,5,3,4,5,4,No,False,,
CFB0003599,CLI0233,ASG001415,DUD100918,2023-06-20,4,4,5,5,4,5,5,Maybe,False,,
CFB0003600,CLI0039,ASG001416,DUD100919,2026-03-27,4,4,5,4,5,3,4,Yes,False,,
CFB0003601,CLI0039,ASG001416,DUD100919,2026-08-03,5,5,5,5,5,5,5,Yes,False,,
CFB0003602,CLI0039,ASG001416,DUD100919,2025-11-23,5,4,5,4,5,5,4,Yes,False,,
CFB0003603,CLI0039,ASG001416,DUD100919,2026-03-26,4,5,5,4,5,3,3,Maybe,False,,
CFB0003604,CLI0165,ASG001417,DUD100920,2025-10-03,4,4,4,4,3,4,5,Yes,False,,
CFB0003605,CLI0165,ASG001417,DUD100920,2026-05-07,4,4,4,4,3,3,4,No,False,,
CFB0003606,CLI0113,ASG001418,DUD100921,2026-05-16,5,5,5,5,5,5,5,Yes,False,,
CFB0003607,CLI0113,ASG001418,DUD100921,2026-03-11,5,4,4,4,5,4,5,Yes,False,,
CFB0003608,CLI0113,ASG001418,DUD100921,2026-06-29,3,3,3,4,3,3,3,Yes,False,,
CFB0003609,CLI0113,ASG001418,DUD100921,2026-06-06,2,2,2,2,1,2,2,Maybe,False,,
CFB0003610,CLI0256,ASG001419,DUD100922,2022-07-20,5,5,5,4,5,5,5,Yes,False,,
CFB0003611,CLI0191,ASG001420,DUD100923,2025-09-02,3,3,4,4,3,3,4,Yes,False,,
CFB0003612,CLI0191,ASG001420,DUD100923,2025-12-02,2,2,2,2,2,1,2,Maybe,False,,
CFB0003613,CLI0191,ASG001420,DUD100923,2025-12-24,4,3,4,4,4,5,4,Yes,False,,
CFB0003614,CLI0299,ASG001421,DUD100924,2023-09-18,4,4,3,4,4,4,4,Maybe,False,,
CFB0003615,CLI0299,ASG001421,DUD100924,2024-02-25,5,5,5,4,5,4,5,Yes,False,,
CFB0003616,CLI0299,ASG001421,DUD100924,2024-01-04,3,3,2,3,3,4,3,Maybe,False,,
CFB0003617,CLI0230,ASG001422,DUD100924,2025-11-30,4,5,4,3,3,3,5,Maybe,False,,
CFB0003618,CLI0230,ASG001422,DUD100924,2026-03-11,3,2,3,2,2,4,3,Maybe,True,Professionalism,
CFB0003619,CLI0219,ASG001423,DUD100925,2024-02-02,4,3,4,3,4,3,4,Yes,False,,
CFB0003620,CLI0219,ASG001423,DUD100925,2023-12-16,5,5,4,5,4,5,5,Maybe,True,Communication,
CFB0003621,CLI0219,ASG001423,DUD100925,2024-04-22,3,2,2,2,3,3,4,Yes,False,,
CFB0003622,CLI0211,ASG001424,DUD100926,2026-04-01,1,1,1,1,2,1,1,Maybe,False,,
CFB0003623,CLI0211,ASG001424,DUD100926,2026-07-06,2,1,1,1,3,2,2,No,False,,
CFB0003624,CLI0102,ASG001425,DUD100926,2026-10-30,4,4,3,4,4,4,5,Yes,False,,
CFB0003625,CLI0290,ASG001426,DUD100927,2026-05-12,4,5,3,5,5,4,5,Yes,False,,
CFB0003626,CLI0048,ASG001427,DUD100928,2025-04-06,4,4,4,3,4,5,4,Maybe,False,,
CFB0003627,CLI0048,ASG001427,DUD100928,2024-10-22,5,5,5,5,5,4,5,Maybe,False,,
CFB0003628,CLI0048,ASG001427,DUD100928,2025-03-21,4,4,5,3,3,4,4,Maybe,False,,
CFB0003629,CLI0151,ASG001428,DUD100928,2026-05-22,1,1,1,1,1,1,1,No,False,,
CFB0003630,CLI0151,ASG001428,DUD100928,2025-07-07,5,5,5,5,5,4,5,No,False,,
CFB0003631,CLI0151,ASG001428,DUD100928,2026-01-16,4,3,5,3,4,4,4,Maybe,False,,
CFB0003632,CLI0151,ASG001428,DUD100928,2026-07-20,4,3,5,4,5,4,5,Yes,False,,
CFB0003633,CLI0083,ASG001429,DUD100928,2026-09-04,4,4,3,4,3,4,3,Yes,False,,
CFB0003634,CLI0083,ASG001429,DUD100928,2026-09-04,4,4,4,4,3,4,3,Yes,False,,
CFB0003635,CLI0233,ASG001430,DUD100929,2025-04-01,4,5,4,4,4,5,5,Yes,False,,
CFB0003636,CLI0002,ASG001431,DUD100930,2026-05-29,4,4,3,4,5,3,3,Yes,False,,
CFB0003637,CLI0007,ASG001432,DUD100931,2026-09-05,5,5,5,5,5,5,4,Yes,False,,
CFB0003638,CLI0007,ASG001432,DUD100931,2026-05-05,2,2,2,2,1,1,2,Maybe,False,,
CFB0003639,CLI0007,ASG001432,DUD100931,2026-03-17,3,3,3,2,2,4,2,Yes,True,Professionalism,
CFB0003640,CLI0007,ASG001432,DUD100931,2026-09-13,5,5,5,5,5,5,5,Yes,False,,
CFB0003641,CLI0136,ASG001433,DUD100931,2026-11-02,4,4,3,5,5,4,4,Yes,False,,
CFB0003642,CLI0136,ASG001433,DUD100931,2026-11-02,4,4,3,5,5,4,4,Yes,False,,
CFB0003643,CLI0085,ASG001434,DUD100932,2025-07-11,1,2,2,2,1,1,2,No,False,,
CFB0003644,CLI0085,ASG001434,DUD100932,2025-04-28,5,5,5,5,5,5,5,Yes,False,,
CFB0003645,CLI0259,ASG001435,DUD100933,2021-12-23,4,4,4,3,4,3,4,Yes,False,,
CFB0003646,CLI0085,ASG001436,DUD100933,2023-09-18,4,4,3,5,3,4,3,No,False,,
CFB0003647,CLI0085,ASG001436,DUD100933,2025-06-16,4,4,4,3,4,4,3,Yes,False,,
CFB0003648,CLI0085,ASG001436,DUD100933,2022-11-17,5,5,4,5,4,5,5,No,False,,
CFB0003649,CLI0085,ASG001436,DUD100933,2026-01-24,3,3,3,3,2,2,2,Maybe,False,,
CFB0003650,CLI0200,ASG001437,DUD100934,2022-09-12,2,3,1,2,1,2,1,Maybe,False,,
CFB0003651,CLI0200,ASG001437,DUD100934,2022-06-03,4,4,5,5,4,4,4,Maybe,False,,
CFB0003652,CLI0200,ASG001437,DUD100934,2022-11-11,5,5,5,5,4,5,5,Yes,False,,
CFB0003653,CLI0200,ASG001437,DUD100934,2023-02-22,3,3,3,2,2,4,4,Yes,False,,
CFB0003654,CLI0237,ASG001438,DUD100934,2024-02-14,2,1,2,2,2,2,3,Maybe,False,,
CFB0003655,CLI0237,ASG001438,DUD100934,2024-02-22,4,4,5,3,3,4,4,Yes,False,,
CFB0003656,CLI0230,ASG001439,DUD100935,2022-02-14,3,4,2,3,3,2,2,Maybe,True,Attendance,
CFB0003657,CLI0019,ASG001440,DUD100936,2023-06-08,5,5,4,5,4,5,5,Yes,False,,
CFB0003658,CLI0019,ASG001440,DUD100936,2023-08-27,4,5,3,4,4,4,4,Yes,False,,
CFB0003659,CLI0019,ASG001440,DUD100936,2023-10-29,4,4,4,5,5,3,5,Yes,False,,
CFB0003660,CLI0019,ASG001440,DUD100936,2023-11-27,4,4,4,3,3,3,4,Yes,False,,
CFB0003661,CLI0273,ASG001441,DUD100936,2024-10-09,4,3,4,3,3,5,5,Maybe,False,,
CFB0003662,CLI0273,ASG001441,DUD100936,2025-06-29,3,3,2,4,4,3,4,Yes,False,,
CFB0003663,CLI0038,ASG001442,DUD100937,2025-03-10,3,3,4,3,4,2,4,Maybe,False,,
CFB0003664,CLI0127,ASG001443,DUD100937,2026-03-01,3,3,4,3,3,3,4,No,False,,
CFB0003665,CLI0127,ASG001443,DUD100937,2026-09-28,4,4,3,5,3,3,4,Yes,False,,
CFB0003666,CLI0127,ASG001443,DUD100937,2027-01-27,4,4,4,3,5,3,4,Yes,False,,
CFB0003667,CLI0127,ASG001443,DUD100937,2027-02-22,2,1,2,3,1,1,1,Yes,False,,
CFB0003668,CLI0036,ASG001444,DUD100938,2023-09-23,4,3,3,4,5,4,4,No,False,,
CFB0003669,CLI0036,ASG001444,DUD100938,2024-04-28,4,4,5,4,4,3,3,Yes,False,,
CFB0003670,CLI0193,ASG001445,DUD100938,2026-04-30,2,1,2,1,2,1,1,Yes,False,,
CFB0003671,CLI0155,ASG001446,DUD100939,2026-07-21,4,5,4,4,3,4,4,Yes,False,,
CFB0003672,CLI0155,ASG001446,DUD100939,2026-04-12,3,3,3,3,3,2,4,Maybe,False,,
CFB0003673,CLI0155,ASG001446,DUD100939,2024-11-22,5,5,5,5,5,4,5,Yes,False,,
CFB0003674,CLI0111,ASG001447,DUD100940,2023-09-20,5,4,5,4,5,4,4,Yes,False,,
CFB0003675,CLI0111,ASG001447,DUD100940,2023-09-23,5,5,5,4,4,5,5,Yes,False,,
CFB0003676,CLI0111,ASG001447,DUD100940,2024-03-13,4,4,4,5,5,5,4,Yes,False,,
CFB0003677,CLI0163,ASG001448,DUD100941,2024-04-05,5,5,4,5,5,4,5,Maybe,False,,
CFB0003678,CLI0163,ASG001448,DUD100941,2024-01-11,4,4,4,5,4,4,5,Yes,False,,
CFB0003679,CLI0175,ASG001449,DUD100942,2022-12-25,4,5,4,4,5,4,3,Yes,False,,
CFB0003680,CLI0187,ASG001450,DUD100942,2024-01-01,3,3,3,3,3,3,4,Yes,True,Professionalism,
CFB0003681,CLI0187,ASG001450,DUD100942,2023-07-26,3,3,3,4,4,4,3,No,False,,
CFB0003682,CLI0022,ASG001451,DUD100942,2025-05-30,5,5,5,5,5,5,5,Yes,False,,
CFB0003683,CLI0022,ASG001451,DUD100942,2025-05-05,4,4,4,4,4,5,4,No,False,,
CFB0003684,CLI0022,ASG001451,DUD100942,2026-05-17,5,5,5,4,5,5,5,Yes,False,,
CFB0003685,CLI0022,ASG001451,DUD100942,2026-02-05,4,4,5,5,4,4,4,Maybe,False,,
CFB0003686,CLI0003,ASG001452,DUD100943,2022-08-26,3,4,3,3,3,4,3,Yes,False,,
CFB0003687,CLI0003,ASG001452,DUD100943,2022-01-15,5,5,5,4,5,5,5,Yes,False,,
CFB0003688,CLI0257,ASG001453,DUD100943,2023-10-03,5,5,5,5,5,5,4,Yes,False,,
CFB0003689,CLI0257,ASG001453,DUD100943,2024-06-10,5,4,4,5,4,5,5,Yes,False,,
CFB0003690,CLI0257,ASG001453,DUD100943,2026-04-15,5,5,5,5,5,5,5,Yes,False,,
CFB0003691,CLI0182,ASG001454,DUD100944,2025-07-02,5,5,5,5,5,5,4,Yes,False,,
CFB0003692,CLI0182,ASG001454,DUD100944,2025-09-01,4,4,4,4,5,4,4,Yes,False,,
CFB0003693,CLI0182,ASG001454,DUD100944,2023-12-27,4,4,5,3,4,3,4,Yes,False,,
CFB0003694,CLI0182,ASG001454,DUD100944,2025-05-16,3,2,4,2,4,4,3,No,False,,
CFB0003695,CLI0136,ASG001455,DUD100945,2024-10-06,5,5,4,5,4,4,5,Maybe,False,,
CFB0003696,CLI0136,ASG001455,DUD100945,2022-08-24,4,5,4,4,4,4,3,Yes,False,,
CFB0003697,CLI0136,ASG001455,DUD100945,2025-09-29,5,5,4,4,5,4,5,Yes,False,,
CFB0003698,CLI0204,ASG001456,DUD100946,2022-05-13,4,4,4,3,3,3,4,Maybe,False,,
CFB0003699,CLI0204,ASG001456,DUD100946,2022-07-01,4,5,4,4,5,4,4,Yes,False,,
CFB0003700,CLI0204,ASG001456,DUD100946,2022-01-13,5,5,5,5,4,5,5,Yes,False,,
CFB0003701,CLI0204,ASG001456,DUD100946,2022-05-02,3,3,3,2,3,3,4,Yes,True,Communication,
CFB0003702,CLI0114,ASG001457,DUD100946,2023-07-21,3,3,3,2,3,3,4,No,False,,
CFB0003703,CLI0114,ASG001457,DUD100946,2025-08-29,2,3,1,2,1,3,2,Maybe,True,Communication,
CFB0003704,CLI0114,ASG001457,DUD100946,2022-11-15,4,4,4,4,4,5,3,Maybe,False,,
CFB0003705,CLI0026,ASG001458,DUD100947,2025-05-09,4,4,4,4,5,5,4,Yes,False,,
CFB0003706,CLI0246,ASG001459,DUD100948,2025-11-14,4,4,4,3,4,3,4,Yes,False,,
CFB0003707,CLI0246,ASG001459,DUD100948,2025-10-11,5,5,5,5,5,5,5,Maybe,False,,
CFB0003708,CLI0246,ASG001459,DUD100948,2025-10-27,4,3,5,5,4,4,4,Yes,False,,
CFB0003709,CLI0248,ASG001460,DUD100949,2021-08-31,1,1,1,2,1,2,1,Maybe,False,,
CFB0003710,CLI0248,ASG001460,DUD100949,2025-02-27,4,5,4,5,5,4,3,Yes,False,,
CFB0003711,CLI0287,ASG001461,DUD100950,2023-06-02,4,4,4,4,5,5,3,Yes,False,,
CFB0003712,CLI0287,ASG001461,DUD100950,2026-04-13,3,4,4,2,3,4,3,No,False,,
CFB0003713,CLI0070,ASG001462,DUD100951,2025-05-13,4,4,4,5,5,3,3,No,False,,
CFB0003714,CLI0070,ASG001462,DUD100951,2024-05-25,4,4,4,4,5,5,4,Maybe,False,,
CFB0003715,CLI0070,ASG001462,DUD100951,2025-11-28,4,4,5,3,4,3,4,Maybe,False,,
CFB0003716,CLI0070,ASG001462,DUD100951,2026-02-15,2,1,1,1,2,2,1,Maybe,True,Attendance,
CFB0003717,CLI0089,ASG001463,DUD100952,2024-02-27,5,5,5,4,5,4,5,Yes,False,,
CFB0003718,CLI0147,ASG001464,DUD100952,2026-05-28,4,4,4,3,3,3,4,Yes,False,,
CFB0003719,CLI0147,ASG001464,DUD100952,2025-10-04,4,4,4,3,5,5,4,Yes,False,,
CFB0003720,CLI0147,ASG001464,DUD100952,2025-06-29,4,4,3,5,3,4,4,Yes,False,,
CFB0003721,CLI0147,ASG001464,DUD100952,2025-10-20,4,3,4,5,3,4,5,Yes,False,,
CFB0003722,CLI0271,ASG001465,DUD100953,2026-04-10,5,5,5,5,5,4,4,Yes,False,,
CFB0003723,CLI0247,ASG001466,DUD100954,2024-05-25,4,4,5,4,4,5,4,Yes,False,,
CFB0003724,CLI0247,ASG001466,DUD100954,2024-06-23,4,4,5,4,5,4,4,Maybe,False,,
CFB0003725,CLI0247,ASG001466,DUD100954,2024-09-02,4,4,5,4,4,4,5,No,False,,
CFB0003726,CLI0288,ASG001467,DUD100954,2026-03-16,2,1,2,3,2,2,2,Yes,False,,
CFB0003727,CLI0288,ASG001467,DUD100954,2026-01-17,5,5,5,5,5,5,4,Yes,False,,
CFB0003728,CLI0288,ASG001467,DUD100954,2026-03-06,5,5,5,4,4,5,4,Yes,False,,
CFB0003729,CLI0070,ASG001468,DUD100955,2022-10-16,3,3,4,4,3,3,3,Maybe,False,,
CFB0003730,CLI0047,ASG001469,DUD100955,2023-10-29,1,2,1,1,1,1,2,Maybe,False,,
CFB0003731,CLI0047,ASG001469,DUD100955,2023-02-13,3,2,4,4,3,3,4,No,False,,
CFB0003732,CLI0046,ASG001470,DUD100955,2025-08-18,5,5,5,5,5,5,5,Yes,False,,
CFB0003733,CLI0046,ASG001470,DUD100955,2025-04-13,5,5,5,5,5,5,5,Yes,False,,
CFB0003734,CLI0046,ASG001470,DUD100955,2025-06-11,5,5,5,5,5,5,5,Yes,False,,
CFB0003735,CLI0046,ASG001470,DUD100955,2025-01-01,2,3,1,2,2,2,2,Yes,False,,
CFB0003736,CLI0026,ASG001471,DUD100956,2026-03-26,1,1,2,1,1,1,2,Yes,False,,
CFB0003737,CLI0083,ASG001472,DUD100956,2027-02-07,4,4,4,4,3,4,3,Maybe,False,,
CFB0003738,CLI0083,ASG001472,DUD100956,2026-10-11,3,3,2,3,4,3,3,Maybe,False,,
CFB0003739,CLI0083,ASG001472,DUD100956,2026-12-23,4,4,3,3,3,3,4,Yes,False,,
CFB0003740,CLI0099,ASG001473,DUD100957,2023-02-02,4,5,4,3,4,5,3,Yes,False,,
CFB0003741,CLI0221,ASG001474,DUD100958,2021-11-24,3,3,3,3,3,2,4,Yes,False,,
CFB0003742,CLI0221,ASG001474,DUD100958,2022-04-03,4,4,3,4,4,4,4,Yes,False,,
CFB0003743,CLI0221,ASG001474,DUD100958,2022-04-10,3,3,3,2,3,3,2,Yes,False,,
CFB0003744,CLI0221,ASG001474,DUD100958,2021-11-27,5,5,5,5,5,5,5,Yes,False,,
CFB0003745,CLI0052,ASG001475,DUD100958,2023-01-02,4,3,4,4,3,4,3,Maybe,False,,
CFB0003746,CLI0052,ASG001475,DUD100958,2022-12-27,5,5,4,4,5,4,5,No,False,,
CFB0003747,CLI0202,ASG001476,DUD100959,2024-01-02,4,4,4,3,4,4,4,Yes,False,,
CFB0003748,CLI0215,ASG001477,DUD100960,2022-11-11,4,4,5,4,3,4,5,Maybe,False,,
CFB0003749,CLI0215,ASG001477,DUD100960,2025-12-26,4,5,4,3,4,4,3,Yes,False,,
CFB0003750,CLI0007,ASG001478,DUD100961,2023-05-19,1,1,1,1,1,1,1,Maybe,False,,
CFB0003751,CLI0007,ASG001478,DUD100961,2023-02-19,5,4,5,5,5,4,5,No,False,,
CFB0003752,CLI0251,ASG001479,DUD100962,2024-03-10,5,5,4,5,5,5,4,Yes,False,,
CFB0003753,CLI0102,ASG001480,DUD100962,2024-12-09,5,4,5,4,4,4,5,Yes,False,,
CFB0003754,CLI0007,ASG001481,DUD100963,2023-06-20,4,3,3,4,3,3,4,No,False,,
CFB0003755,CLI0007,ASG001481,DUD100963,2024-06-04,4,3,4,3,4,3,3,Yes,False,,
CFB0003756,CLI0081,ASG001482,DUD100964,2026-07-31,3,2,2,4,4,2,4,Maybe,False,,
CFB0003757,CLI0081,ASG001482,DUD100964,2026-02-11,5,5,4,5,4,4,5,Yes,False,,
CFB0003758,CLI0109,ASG001483,DUD100965,2025-02-26,5,5,5,5,5,4,5,Maybe,False,,
CFB0003759,CLI0109,ASG001483,DUD100965,2025-01-15,5,5,5,5,5,4,5,Maybe,False,,
CFB0003760,CLI0058,ASG001484,DUD100965,2026-02-23,2,3,3,2,3,1,2,Yes,False,,
CFB0003761,CLI0058,ASG001484,DUD100965,2026-01-18,5,5,5,5,5,5,5,Yes,False,,
CFB0003762,CLI0058,ASG001484,DUD100965,2025-12-11,4,4,4,4,5,5,4,Maybe,False,,
CFB0003763,CLI0058,ASG001484,DUD100965,2025-08-18,1,1,1,1,1,2,1,No,False,,
CFB0003764,CLI0274,ASG001485,DUD100966,2023-11-29,3,3,2,3,4,4,4,Maybe,False,,
CFB0003765,CLI0274,ASG001485,DUD100966,2023-06-06,4,4,5,4,3,5,3,No,False,,
CFB0003766,CLI0159,ASG001486,DUD100966,2024-12-23,4,4,4,4,4,5,4,Maybe,False,,
CFB0003767,CLI0159,ASG001486,DUD100966,2025-04-18,4,4,4,5,4,4,4,Maybe,False,,
CFB0003768,CLI0054,ASG001487,DUD100967,2024-01-15,4,3,4,4,3,4,4,Yes,False,,
CFB0003769,CLI0054,ASG001487,DUD100967,2023-09-24,4,4,4,4,3,5,4,Yes,False,,
CFB0003770,CLI0054,ASG001487,DUD100967,2023-07-15,4,4,4,4,3,5,5,Yes,False,,
CFB0003771,CLI0101,ASG001488,DUD100967,2025-05-31,4,4,3,4,4,4,4,Yes,False,,
CFB0003772,CLI0101,ASG001488,DUD100967,2026-07-16,4,4,4,5,4,3,4,Maybe,False,,
CFB0003773,CLI0079,ASG001489,DUD100968,2022-10-05,5,5,5,5,4,5,5,Yes,False,,
CFB0003774,CLI0208,ASG001490,DUD100969,2022-11-14,4,5,4,4,3,5,3,Yes,False,,
CFB0003775,CLI0208,ASG001490,DUD100969,2022-07-10,5,4,5,4,5,5,5,Yes,False,,
CFB0003776,CLI0208,ASG001490,DUD100969,2022-03-11,3,3,2,3,3,2,2,Maybe,False,,
CFB0003777,CLI0174,ASG001491,DUD100970,2026-05-01,5,5,4,4,5,5,5,Maybe,False,,
CFB0003778,CLI0174,ASG001491,DUD100970,2026-04-13,4,5,5,5,4,4,3,Yes,False,,
CFB0003779,CLI0174,ASG001491,DUD100970,2025-12-20,3,3,4,3,4,4,3,Maybe,False,,
CFB0003780,CLI0174,ASG001491,DUD100970,2026-05-10,4,4,3,5,5,4,4,Yes,False,,
CFB0003781,CLI0130,ASG001492,DUD100971,2024-01-22,5,5,5,5,5,5,5,Yes,False,,
CFB0003782,CLI0130,ASG001492,DUD100971,2024-01-13,4,5,4,3,5,4,4,Yes,False,,
CFB0003783,CLI0028,ASG001493,DUD100971,2024-10-28,4,4,4,3,4,4,3,No,False,,
CFB0003784,CLI0028,ASG001493,DUD100971,2024-07-18,3,3,3,4,3,3,2,Yes,False,,
CFB0003785,CLI0002,ASG001494,DUD100972,2022-05-15,3,2,3,3,4,3,3,Yes,False,,
CFB0003786,CLI0210,ASG001495,DUD100972,2023-12-10,1,1,1,1,1,1,1,No,False,,
CFB0003787,CLI0210,ASG001495,DUD100972,2024-12-22,5,5,5,5,5,5,4,No,False,,
CFB0003788,CLI0210,ASG001495,DUD100972,2026-06-22,4,4,5,3,4,4,4,No,False,,
CFB0003789,CLI0210,ASG001495,DUD100972,2024-03-05,5,5,5,5,5,4,5,No,False,,
CFB0003790,CLI0135,ASG001496,DUD100973,2022-12-10,5,5,5,5,5,5,5,Maybe,False,,
CFB0003791,CLI0135,ASG001496,DUD100973,2022-09-03,4,4,4,3,3,4,4,Yes,False,,
CFB0003792,CLI0135,ASG001496,DUD100973,2022-04-14,3,2,2,4,3,3,3,Maybe,True,Communication,
CFB0003793,CLI0135,ASG001496,DUD100973,2022-06-13,5,5,5,4,4,5,5,Yes,False,,
CFB0003794,CLI0163,ASG001497,DUD100973,2023-07-15,4,5,4,4,4,4,3,Yes,False,,
CFB0003795,CLI0163,ASG001497,DUD100973,2024-01-29,5,5,5,5,4,5,5,Yes,True,Punctuality,
CFB0003796,CLI0095,ASG001498,DUD100974,2025-11-02,4,3,5,5,4,4,4,Maybe,False,,
CFB0003797,CLI0095,ASG001498,DUD100974,2022-07-08,5,4,5,5,5,5,5,No,False,,
CFB0003798,CLI0095,ASG001498,DUD100974,2022-06-01,4,4,3,3,5,4,3,Maybe,False,,
CFB0003799,CLI0169,ASG001499,DUD100975,2024-08-07,3,4,3,3,3,2,2,Maybe,False,,
CFB0003800,CLI0169,ASG001499,DUD100975,2024-10-27,4,4,4,4,4,4,4,Yes,False,,
CFB0003801,CLI0169,ASG001499,DUD100975,2024-08-16,5,5,5,4,5,5,5,Yes,False,,
CFB0003802,CLI0226,ASG001500,DUD100975,2025-11-06,4,4,4,4,4,3,4,Yes,False,,
CFB0003803,CLI0226,ASG001500,DUD100975,2025-04-07,5,5,5,5,5,5,5,Maybe,False,,
CFB0003804,CLI0226,ASG001500,DUD100975,2025-05-21,4,4,4,4,4,3,5,Yes,False,,
CFB0003805,CLI0226,ASG001500,DUD100975,2026-07-29,4,5,5,4,3,4,4,Yes,False,,
CFB0003806,CLI0214,ASG001501,DUD100976,2026-09-06,3,2,3,3,2,4,3,No,True,Communication,
CFB0003807,CLI0242,ASG001502,DUD100976,2027-12-28,4,3,4,4,4,4,4,Yes,False,,
CFB0003808,CLI0242,ASG001502,DUD100976,2027-10-06,4,4,5,4,3,4,3,Yes,False,,
CFB0003809,CLI0242,ASG001502,DUD100976,2028-03-08,5,5,5,4,5,5,5,Yes,False,,
CFB0003810,CLI0163,ASG001503,DUD100976,2029-06-28,2,3,2,1,1,3,2,Yes,False,,
CFB0003811,CLI0163,ASG001503,DUD100976,2028-10-02,4,5,5,5,5,4,4,Yes,False,,
CFB0003812,CLI0163,ASG001503,DUD100976,2029-06-17,4,3,5,4,3,5,4,Yes,False,,
CFB0003813,CLI0163,ASG001503,DUD100976,2029-06-04,4,3,3,4,4,5,4,No,False,,
CFB0003814,CLI0144,ASG001504,DUD100977,2023-07-07,4,5,4,4,4,3,4,Yes,False,,
CFB0003815,CLI0072,ASG001505,DUD100978,2023-03-16,4,4,5,5,4,3,4,No,False,,
CFB0003816,CLI0072,ASG001505,DUD100978,2023-02-12,5,5,5,5,5,5,4,Yes,False,,
CFB0003817,CLI0072,ASG001505,DUD100978,2023-03-18,4,5,5,4,5,4,3,Yes,False,,
CFB0003818,CLI0270,ASG001506,DUD100979,2025-05-17,4,4,4,4,3,3,3,Yes,False,,
CFB0003819,CLI0270,ASG001506,DUD100979,2023-02-19,5,4,5,5,5,5,4,Yes,False,,
CFB0003820,CLI0270,ASG001506,DUD100979,2026-06-23,5,4,4,5,5,5,4,Yes,False,,
CFB0003821,CLI0270,ASG001506,DUD100979,2024-08-21,5,5,4,5,5,5,5,Yes,False,,
CFB0003822,CLI0060,ASG001507,DUD100980,2023-07-15,5,5,4,5,4,4,5,Yes,False,,
CFB0003823,CLI0060,ASG001507,DUD100980,2024-10-02,5,4,4,5,5,5,5,Maybe,False,,
CFB0003824,CLI0060,ASG001507,DUD100980,2025-08-23,4,5,3,4,3,5,5,Yes,False,,
CFB0003825,CLI0251,ASG001508,DUD100981,2021-05-14,4,3,3,4,4,4,4,Yes,False,,
CFB0003826,CLI0251,ASG001508,DUD100981,2021-06-10,3,4,3,3,3,3,2,Maybe,False,,
CFB0003827,CLI0251,ASG001508,DUD100981,2021-05-23,4,4,4,3,5,4,3,Maybe,False,,
CFB0003828,CLI0202,ASG001509,DUD100981,2021-11-02,5,4,5,5,5,5,5,Maybe,False,,
CFB0003829,CLI0230,ASG001510,DUD100982,2023-09-05,3,4,3,4,2,3,3,No,False,,
CFB0003830,CLI0230,ASG001510,DUD100982,2023-01-14,3,3,2,3,4,3,3,Yes,True,Communication,
CFB0003831,CLI0230,ASG001510,DUD100982,2023-11-17,5,4,4,4,4,5,5,Maybe,False,,
CFB0003832,CLI0215,ASG001511,DUD100983,2023-05-06,4,4,4,3,5,3,4,Maybe,False,,
CFB0003833,CLI0275,ASG001512,DUD100983,2024-02-25,3,3,2,2,4,2,2,Maybe,False,,
CFB0003834,CLI0275,ASG001512,DUD100983,2023-10-04,3,3,3,3,2,2,3,Maybe,False,,
CFB0003835,CLI0275,ASG001512,DUD100983,2023-07-23,4,4,4,4,4,5,4,Maybe,False,,
CFB0003836,CLI0275,ASG001512,DUD100983,2023-08-22,4,4,4,4,3,3,5,Maybe,False,,
CFB0003837,CLI0232,ASG001513,DUD100983,2024-11-12,5,5,5,5,5,5,5,Yes,False,,
CFB0003838,CLI0232,ASG001513,DUD100983,2024-09-18,3,4,3,2,3,2,4,Yes,False,,
CFB0003839,CLI0232,ASG001513,DUD100983,2026-04-04,3,2,2,3,2,2,3,No,False,,
CFB0003840,CLI0232,ASG001513,DUD100983,2025-01-24,5,5,5,5,4,5,5,Yes,False,,
CFB0003841,CLI0119,ASG001514,DUD100984,2025-08-13,5,5,5,5,5,5,4,Yes,False,,
CFB0003842,CLI0119,ASG001514,DUD100984,2022-07-30,3,3,2,4,4,3,3,Yes,True,Professionalism,
CFB0003843,CLI0028,ASG001515,DUD100985,2024-04-27,3,2,2,2,3,4,3,Maybe,False,,
CFB0003844,CLI0028,ASG001515,DUD100985,2025-08-05,3,3,3,4,3,3,4,Yes,False,,
CFB0003845,CLI0028,ASG001515,DUD100985,2024-11-16,4,3,3,4,4,3,4,Maybe,False,,
CFB0003846,CLI0055,ASG001516,DUD100986,2025-08-11,3,4,3,3,4,4,3,Maybe,False,,
CFB0003847,CLI0055,ASG001516,DUD100986,2025-07-08,5,5,5,5,5,5,4,Yes,False,,
CFB0003848,CLI0055,ASG001516,DUD100986,2025-04-23,4,3,4,3,4,3,5,Yes,False,,
CFB0003849,CLI0055,ASG001516,DUD100986,2025-05-09,1,1,2,1,1,2,1,No,False,,
CFB0003850,CLI0074,ASG001517,DUD100986,2026-04-12,5,5,5,4,4,4,4,Yes,False,,
CFB0003851,CLI0022,ASG001518,DUD100986,2026-07-11,5,5,5,5,5,5,4,Yes,False,,
CFB0003852,CLI0022,ASG001518,DUD100986,2026-07-11,3,2,2,3,3,3,3,Yes,False,,
CFB0003853,CLI0022,ASG001518,DUD100986,2026-07-27,4,4,5,4,4,5,5,Yes,False,,
CFB0003854,CLI0226,ASG001519,DUD100987,2023-11-25,1,1,2,1,1,1,1,Yes,False,,
CFB0003855,CLI0063,ASG001520,DUD100988,2025-06-24,4,4,4,4,4,5,4,Yes,False,,
CFB0003856,CLI0063,ASG001520,DUD100988,2024-06-17,4,5,4,3,3,3,4,Yes,False,,
CFB0003857,CLI0063,ASG001520,DUD100988,2026-05-10,3,2,3,4,2,2,3,Maybe,False,,
CFB0003858,CLI0076,ASG001521,DUD100989,2026-01-23,3,3,3,2,4,3,3,Yes,True,Lesson Quality,
CFB0003859,CLI0156,ASG001522,DUD100990,2024-08-23,5,5,5,5,5,5,5,Yes,False,,
CFB0003860,CLI0156,ASG001522,DUD100990,2022-10-19,4,4,4,4,4,3,5,Yes,False,,
CFB0003861,CLI0156,ASG001522,DUD100990,2024-09-06,1,1,1,1,2,1,1,No,True,Communication,
CFB0003862,CLI0156,ASG001522,DUD100990,2024-12-06,4,3,5,5,4,4,4,Yes,False,,
CFB0003863,CLI0158,ASG001523,DUD100991,2026-04-18,4,4,3,3,4,3,4,Maybe,False,,
CFB0003864,CLI0158,ASG001523,DUD100991,2026-05-25,5,5,4,5,5,5,5,Yes,False,,
CFB0003865,CLI0279,ASG001524,DUD100992,2025-09-14,4,4,4,4,5,3,3,Yes,False,,
CFB0003866,CLI0279,ASG001524,DUD100992,2025-05-10,5,5,5,5,5,5,4,Yes,False,,
CFB0003867,CLI0075,ASG001525,DUD100992,2026-01-16,5,5,5,5,5,4,4,Maybe,False,,
CFB0003868,CLI0265,ASG001526,DUD100993,2023-08-11,3,4,3,3,2,2,3,No,False,,
CFB0003869,CLI0270,ASG001527,DUD100994,2023-06-30,3,3,2,2,3,4,3,Yes,False,,
CFB0003870,CLI0270,ASG001527,DUD100994,2023-04-06,4,4,4,3,4,5,3,Yes,False,,
CFB0003871,CLI0087,ASG001528,DUD100994,2024-03-10,2,3,2,3,2,1,2,Yes,True,Communication,
CFB0003872,CLI0079,ASG001529,DUD100995,2023-02-02,5,5,5,4,5,5,5,Maybe,False,,
CFB0003873,CLI0261,ASG001530,DUD100996,2022-02-13,5,5,4,5,5,4,5,Yes,True,Professionalism,
CFB0003874,CLI0261,ASG001530,DUD100996,2022-03-14,4,4,4,4,3,5,3,Yes,False,,
CFB0003875,CLI0098,ASG001531,DUD100996,2024-11-08,5,5,5,5,5,5,5,Yes,True,Communication,
CFB0003876,CLI0290,ASG001532,DUD100997,2026-04-03,4,4,4,5,4,4,3,No,False,,
CFB0003877,CLI0290,ASG001532,DUD100997,2025-12-23,4,4,3,3,4,4,4,No,False,,
CFB0003878,CLI0110,ASG001533,DUD100997,2027-11-02,5,5,4,5,5,5,4,Yes,False,,
CFB0003879,CLI0110,ASG001533,DUD100997,2027-03-21,3,4,2,2,3,4,4,Maybe,False,,
CFB0003880,CLI0132,ASG001534,DUD100998,2022-04-30,4,4,4,4,4,4,5,Yes,False,,
CFB0003881,CLI0132,ASG001534,DUD100998,2022-06-13,4,4,3,3,4,4,4,Maybe,False,,
CFB0003882,CLI0132,ASG001534,DUD100998,2022-04-20,4,3,4,5,4,5,4,No,False,,
CFB0003883,CLI0193,ASG001535,DUD100998,2026-01-24,3,4,2,2,2,3,4,Maybe,True,Attendance,
CFB0003884,CLI0162,ASG001536,DUD100999,2022-01-12,4,4,3,4,5,3,4,Yes,False,,
CFB0003885,CLI0162,ASG001536,DUD100999,2021-12-25,4,4,4,4,4,3,4,Yes,False,,
CFB0003886,CLI0111,ASG001537,DUD101000,2026-06-15,5,5,5,4,5,4,5,Yes,False,,
CFB0003887,CLI0111,ASG001537,DUD101000,2025-09-18,5,5,5,5,5,5,4,Yes,False,,
CFB0003888,CLI0111,ASG001537,DUD101000,2026-01-03,4,5,3,4,4,5,4,Yes,False,,
CFB0003889,CLI0111,ASG001537,DUD101000,2026-06-22,3,2,2,4,3,3,2,Maybe,False,,
CFB0003890,CLI0255,ASG001538,DUD101001,2025-09-11,3,3,4,3,3,3,4,Maybe,False,,
CFB0003891,CLI0056,ASG001539,DUD101001,2027-12-06,4,4,4,4,5,3,5,Maybe,False,,
CFB0003892,CLI0056,ASG001539,DUD101001,2027-11-13,4,3,5,5,3,4,4,Yes,False,,
CFB0003893,CLI0056,ASG001539,DUD101001,2027-03-10,4,4,3,4,3,5,3,Yes,False,,
CFB0003894,CLI0152,ASG001540,DUD101001,2028-11-05,3,3,4,4,4,3,3,Maybe,False,,
CFB0003895,CLI0152,ASG001540,DUD101001,2028-05-15,3,4,2,4,3,3,3,No,False,,
CFB0003896,CLI0061,ASG001541,DUD101002,2025-04-14,3,2,2,3,2,3,2,No,False,,
CFB0003897,CLI0061,ASG001541,DUD101002,2024-04-23,4,4,4,4,5,4,4,Maybe,False,,
CFB0003898,CLI0061,ASG001541,DUD101002,2024-10-14,4,4,3,3,4,5,3,Yes,False,,
CFB0003899,CLI0061,ASG001541,DUD101002,2024-05-11,2,2,2,2,2,2,3,Yes,False,,
CFB0003900,CLI0272,ASG001542,DUD101002,2026-06-28,5,5,4,5,5,5,5,Maybe,False,,
CFB0003901,CLI0243,ASG001543,DUD101003,2026-05-01,4,5,5,4,4,4,4,Yes,False,,
CFB0003902,CLI0243,ASG001543,DUD101003,2025-06-30,5,4,5,5,5,5,5,Yes,False,,
CFB0003903,CLI0260,ASG001544,DUD101004,2023-08-20,3,4,3,4,4,3,3,Maybe,False,,
CFB0003904,CLI0236,ASG001545,DUD101005,2021-07-18,5,5,5,5,5,5,4,Maybe,False,,
CFB0003905,CLI0236,ASG001545,DUD101005,2021-10-05,4,4,4,3,5,3,4,Yes,False,,
CFB0003906,CLI0236,ASG001545,DUD101005,2021-07-12,4,5,3,4,4,5,5,Yes,False,,
CFB0003907,CLI0198,ASG001546,DUD101005,2023-05-01,5,4,5,4,5,5,4,Yes,False,,
CFB0003908,CLI0198,ASG001546,DUD101005,2024-10-15,4,4,4,4,3,3,5,Yes,False,,
CFB0003909,CLI0198,ASG001546,DUD101005,2022-10-23,4,5,5,4,4,4,4,Maybe,False,,
CFB0003910,CLI0198,ASG001546,DUD101005,2025-06-06,3,3,3,4,3,4,2,Yes,False,,
CFB0003911,CLI0217,ASG001547,DUD101006,2024-05-12,5,4,5,5,5,5,5,Yes,False,,
CFB0003912,CLI0217,ASG001547,DUD101006,2024-11-18,3,3,3,2,3,3,3,Yes,False,,
CFB0003913,CLI0217,ASG001547,DUD101006,2024-04-30,5,5,5,5,4,5,4,Yes,False,,
CFB0003914,CLI0217,ASG001547,DUD101006,2024-10-18,3,3,2,2,2,2,2,No,True,Punctuality,
CFB0003915,CLI0125,ASG001548,DUD101006,2025-12-03,4,4,4,4,4,4,4,Maybe,False,,
CFB0003916,CLI0125,ASG001548,DUD101006,2025-05-01,4,4,5,5,5,4,3,Maybe,False,,
CFB0003917,CLI0125,ASG001548,DUD101006,2025-05-09,4,4,4,5,3,5,4,Yes,False,,
CFB0003918,CLI0281,ASG001549,DUD101007,2023-04-26,5,4,5,5,4,4,5,Yes,False,,
CFB0003919,CLI0281,ASG001549,DUD101007,2022-09-19,4,4,3,3,3,3,4,Maybe,False,,
CFB0003920,CLI0281,ASG001549,DUD101007,2023-04-21,3,3,3,3,4,2,2,Maybe,False,,
CFB0003921,CLI0281,ASG001549,DUD101007,2023-02-01,3,3,3,2,2,2,2,Yes,False,,
CFB0003922,CLI0021,ASG001550,DUD101007,2024-10-10,4,4,4,5,5,4,3,Yes,False,,
CFB0003923,CLI0021,ASG001550,DUD101007,2024-09-18,3,3,4,4,3,2,4,Maybe,False,,
CFB0003924,CLI0021,ASG001550,DUD101007,2024-01-03,4,5,4,4,5,4,5,No,False,,
CFB0003925,CLI0021,ASG001550,DUD101007,2024-12-14,4,3,4,5,5,5,4,No,False,,
CFB0003926,CLI0178,ASG001551,DUD101007,2025-01-25,4,4,4,4,5,3,4,Yes,False,,
CFB0003927,CLI0154,ASG001552,DUD101008,2024-08-29,5,4,5,5,4,5,5,Maybe,False,,
CFB0003928,CLI0154,ASG001552,DUD101008,2024-11-06,5,5,5,5,5,5,4,Yes,False,,
CFB0003929,CLI0154,ASG001552,DUD101008,2024-08-20,3,3,2,2,3,3,3,No,False,,
CFB0003930,CLI0078,ASG001553,DUD101008,2025-05-10,4,5,4,5,4,4,4,Maybe,False,,
CFB0003931,CLI0078,ASG001553,DUD101008,2025-01-29,5,5,5,4,4,5,5,Yes,False,,
CFB0003932,CLI0078,ASG001553,DUD101008,2025-05-04,3,2,3,2,3,3,2,Maybe,False,,
CFB0003933,CLI0019,ASG001554,DUD101009,2021-12-08,3,4,3,4,3,4,4,Maybe,False,,
CFB0003934,CLI0019,ASG001554,DUD101009,2022-03-10,4,4,5,4,4,3,3,Maybe,False,,
CFB0003935,CLI0019,ASG001554,DUD101009,2022-05-30,4,4,4,4,4,4,3,No,False,,
CFB0003936,CLI0019,ASG001554,DUD101009,2022-02-26,5,5,5,4,4,5,5,Yes,False,,
CFB0003937,CLI0127,ASG001555,DUD101010,2022-09-03,4,4,3,3,5,4,4,Maybe,False,,
CFB0003938,CLI0127,ASG001555,DUD101010,2022-12-05,3,4,4,3,4,3,3,Maybe,False,,
CFB0003939,CLI0127,ASG001555,DUD101010,2022-12-20,5,5,5,5,4,4,5,Yes,False,,
CFB0003940,CLI0143,ASG001556,DUD101010,2024-03-10,4,4,4,4,4,5,5,Yes,False,,
CFB0003941,CLI0169,ASG001557,DUD101010,2024-08-13,5,5,4,5,5,5,5,Yes,False,,
CFB0003942,CLI0040,ASG001558,DUD101011,2022-05-26,3,2,3,4,3,2,3,Maybe,False,,
CFB0003943,CLI0040,ASG001558,DUD101011,2022-06-19,4,5,5,3,4,3,3,Yes,False,,
CFB0003944,CLI0040,ASG001558,DUD101011,2022-09-20,3,3,4,3,2,4,3,Yes,True,Punctuality,
CFB0003945,CLI0040,ASG001558,DUD101011,2022-02-20,3,3,3,3,3,4,2,Maybe,False,,
CFB0003946,CLI0147,ASG001559,DUD101012,2021-05-11,5,5,5,5,5,5,5,No,False,,
CFB0003947,CLI0147,ASG001559,DUD101012,2021-12-13,5,4,5,5,4,5,5,No,False,,
CFB0003948,CLI0147,ASG001559,DUD101012,2021-06-20,4,4,4,4,5,5,4,Yes,False,,
CFB0003949,CLI0147,ASG001559,DUD101012,2022-01-23,5,5,5,4,5,5,5,Maybe,False,,
CFB0003950,CLI0104,ASG001560,DUD101012,2023-09-27,4,4,5,5,4,4,5,Yes,False,,
CFB0003951,CLI0104,ASG001560,DUD101012,2024-08-01,5,5,5,4,5,5,5,Yes,False,,
CFB0003952,CLI0104,ASG001560,DUD101012,2024-03-09,5,5,4,4,5,4,5,Yes,False,,
CFB0003953,CLI0080,ASG001561,DUD101013,2021-12-08,5,5,5,5,5,5,4,Maybe,False,,
CFB0003954,CLI0080,ASG001561,DUD101013,2021-12-24,4,4,5,4,4,3,4,Yes,False,,
CFB0003955,CLI0236,ASG001562,DUD101014,2022-06-29,4,4,5,4,4,4,4,Yes,False,,
CFB0003956,CLI0236,ASG001562,DUD101014,2022-10-17,4,4,4,5,4,4,5,Yes,False,,
CFB0003957,CLI0236,ASG001562,DUD101014,2023-03-13,3,3,4,2,2,2,3,Yes,False,,
CFB0003958,CLI0236,ASG001562,DUD101014,2022-05-21,5,5,5,5,5,4,4,Yes,False,,
CFB0003959,CLI0296,ASG001563,DUD101015,2024-11-16,4,4,3,3,3,5,5,Yes,False,,
CFB0003960,CLI0170,ASG001564,DUD101016,2026-10-19,4,4,4,3,4,4,4,Yes,False,,
CFB0003961,CLI0170,ASG001564,DUD101016,2026-02-03,3,4,2,3,2,4,3,No,False,,
CFB0003962,CLI0170,ASG001564,DUD101016,2026-01-24,4,3,3,4,3,4,3,Maybe,False,,
CFB0003963,CLI0248,ASG001565,DUD101016,2026-11-14,5,5,5,5,5,5,5,No,False,,
CFB0003964,CLI0248,ASG001565,DUD101016,2026-11-14,4,4,3,5,5,4,5,Yes,False,,
CFB0003965,CLI0070,ASG001566,DUD101017,2025-08-25,4,4,4,3,3,4,3,Yes,False,,
CFB0003966,CLI0070,ASG001566,DUD101017,2025-03-03,2,1,2,2,1,2,2,No,False,,
CFB0003967,CLI0070,ASG001566,DUD101017,2024-09-09,5,5,4,5,4,5,4,Maybe,False,,
CFB0003968,CLI0202,ASG001567,DUD101018,2026-06-02,5,5,5,5,5,5,5,Yes,False,,
CFB0003969,CLI0202,ASG001567,DUD101018,2025-08-18,4,3,4,4,3,5,4,Yes,True,Professionalism,
CFB0003970,CLI0296,ASG001568,DUD101019,2023-12-19,5,5,5,5,5,5,5,Yes,False,,
CFB0003971,CLI0296,ASG001568,DUD101019,2026-02-18,4,3,5,5,5,4,5,Maybe,False,,
CFB0003972,CLI0296,ASG001568,DUD101019,2026-06-22,4,4,4,4,4,5,3,Yes,False,,
CFB0003973,CLI0296,ASG001568,DUD101019,2023-09-05,5,5,5,5,5,4,5,Yes,False,,
CFB0003974,CLI0292,ASG001569,DUD101020,2023-03-24,4,4,3,4,4,4,5,Yes,False,,
CFB0003975,CLI0292,ASG001569,DUD101020,2023-06-19,5,4,5,5,4,5,5,Yes,False,,
CFB0003976,CLI0166,ASG001570,DUD101021,2021-07-02,3,2,2,2,3,2,3,Maybe,False,,
CFB0003977,CLI0283,ASG001571,DUD101021,2022-04-30,4,4,4,4,4,4,4,Maybe,False,,
CFB0003978,CLI0101,ASG001572,DUD101021,2025-08-12,4,4,5,3,3,3,3,Yes,False,,
CFB0003979,CLI0095,ASG001573,DUD101022,2022-03-21,5,5,4,5,4,4,5,Maybe,False,,
CFB0003980,CLI0095,ASG001573,DUD101022,2022-05-24,3,4,2,3,3,3,3,Maybe,True,Classroom Management,
CFB0003981,CLI0095,ASG001573,DUD101022,2021-11-29,5,5,4,5,5,4,4,Yes,False,,
CFB0003982,CLI0033,ASG001574,DUD101022,2022-11-05,3,3,2,4,3,4,3,Maybe,False,,
CFB0003983,CLI0033,ASG001574,DUD101022,2022-09-29,4,4,4,3,3,5,4,Yes,False,,
CFB0003984,CLI0055,ASG001575,DUD101023,2026-05-21,4,4,4,3,3,5,5,Yes,False,,
CFB0003985,CLI0055,ASG001575,DUD101023,2026-04-13,4,4,4,4,3,4,3,Yes,False,,
CFB0003986,CLI0055,ASG001575,DUD101023,2026-01-22,3,3,2,3,3,3,3,Maybe,True,Punctuality,
CFB0003987,CLI0048,ASG001576,DUD101023,2026-11-26,4,4,3,3,4,5,5,Yes,False,,
CFB0003988,CLI0048,ASG001576,DUD101023,2026-11-26,3,3,2,2,4,3,2,Maybe,True,Communication,
CFB0003989,CLI0048,ASG001576,DUD101023,2026-11-26,4,4,3,3,3,5,5,Yes,False,,
CFB0003990,CLI0048,ASG001576,DUD101023,2026-11-26,4,3,4,4,5,3,4,Yes,False,,
CFB0003991,CLI0067,ASG001577,DUD101024,2025-02-19,4,4,5,4,4,3,5,Yes,False,,
CFB0003992,CLI0283,ASG001578,DUD101024,2026-07-31,4,5,4,4,3,5,4,Yes,False,,
CFB0003993,CLI0283,ASG001578,DUD101024,2025-06-23,5,5,5,5,5,4,4,Yes,False,,
CFB0003994,CLI0283,ASG001578,DUD101024,2025-06-28,5,5,5,5,4,5,5,Maybe,False,,
CFB0003995,CLI0131,ASG001579,DUD101025,2024-04-06,3,3,3,2,2,3,3,Maybe,False,,
CFB0003996,CLI0271,ASG001580,DUD101026,2024-11-23,5,5,5,5,5,5,5,Yes,False,,
CFB0003997,CLI0271,ASG001580,DUD101026,2025-06-07,4,4,3,3,5,4,4,Maybe,False,,
CFB0003998,CLI0040,ASG001581,DUD101027,2026-05-02,5,5,5,5,5,5,4,Maybe,False,,
CFB0003999,CLI0040,ASG001581,DUD101027,2026-12-30,4,4,4,3,4,4,5,Yes,False,,
CFB0004000,CLI0040,ASG001581,DUD101027,2027-02-26,3,3,3,3,3,3,3,Yes,False,,
CFB0004001,CLI0040,ASG001581,DUD101027,2027-01-12,1,1,2,1,1,1,1,Yes,False,,
CFB0004002,CLI0299,ASG001582,DUD101027,2027-08-25,5,5,5,5,5,4,4,No,False,,
CFB0004003,CLI0063,ASG001583,DUD101028,2024-06-23,4,3,4,5,4,4,3,Maybe,False,,
CFB0004004,CLI0063,ASG001583,DUD101028,2024-09-27,2,2,2,2,2,2,2,No,False,,
CFB0004005,CLI0063,ASG001583,DUD101028,2024-06-16,4,3,3,3,4,4,5,Maybe,False,,
CFB0004006,CLI0077,ASG001584,DUD101028,2024-12-09,3,3,2,3,3,3,3,Maybe,False,,
CFB0004007,CLI0077,ASG001584,DUD101028,2024-10-28,4,4,5,4,4,4,4,Yes,False,,
CFB0004008,CLI0077,ASG001584,DUD101028,2024-11-12,4,3,5,4,4,4,4,Maybe,False,,
CFB0004009,CLI0077,ASG001584,DUD101028,2025-04-18,4,3,3,5,4,3,5,Maybe,False,,
CFB0004010,CLI0092,ASG001585,DUD101029,2026-04-29,4,5,4,3,4,5,3,Yes,False,,
CFB0004011,CLI0092,ASG001585,DUD101029,2026-06-11,5,5,5,5,5,5,5,No,False,,
CFB0004012,CLI0092,ASG001585,DUD101029,2026-05-16,5,5,5,5,4,4,5,Yes,False,,
CFB0004013,CLI0092,ASG001585,DUD101029,2026-01-14,4,3,4,3,4,4,4,Yes,False,,
CFB0004014,CLI0180,ASG001586,DUD101030,2023-05-04,5,5,4,5,5,5,5,Yes,False,,
CFB0004015,CLI0180,ASG001586,DUD101030,2023-08-29,4,5,3,3,4,5,4,Maybe,False,,
CFB0004016,CLI0180,ASG001586,DUD101030,2023-05-26,3,3,2,3,2,2,3,No,False,,
CFB0004017,CLI0178,ASG001587,DUD101030,2024-03-20,2,2,2,2,2,3,2,No,False,,
CFB0004018,CLI0178,ASG001587,DUD101030,2025-05-26,4,5,4,4,4,5,3,Yes,False,,
CFB0004019,CLI0178,ASG001587,DUD101030,2023-11-01,4,4,3,5,4,5,3,Maybe,False,,
CFB0004020,CLI0178,ASG001587,DUD101030,2026-01-12,5,5,5,5,5,4,5,Yes,True,Professionalism,
CFB0004021,CLI0222,ASG001588,DUD101031,2026-04-30,5,5,5,5,4,4,5,Yes,False,,
CFB0004022,CLI0222,ASG001588,DUD101031,2026-08-30,4,4,4,4,3,3,4,Maybe,False,,
CFB0004023,CLI0222,ASG001588,DUD101031,2026-07-02,4,4,4,4,4,5,5,Yes,False,,
CFB0004024,CLI0222,ASG001588,DUD101031,2026-04-30,4,4,5,5,3,4,3,Yes,False,,
CFB0004025,CLI0251,ASG001589,DUD101031,2026-12-29,5,5,5,4,5,4,4,Yes,False,,
CFB0004026,CLI0251,ASG001589,DUD101031,2026-12-29,4,4,4,4,4,4,5,Yes,False,,
CFB0004027,CLI0251,ASG001589,DUD101031,2026-12-29,3,3,2,4,3,2,2,No,True,Classroom Management,
CFB0004028,CLI0251,ASG001589,DUD101031,2026-12-29,4,4,3,3,4,4,3,Yes,False,,
CFB0004029,CLI0273,ASG001590,DUD101032,2023-05-04,2,2,1,2,2,2,3,Yes,False,,
CFB0004030,CLI0273,ASG001590,DUD101032,2023-03-31,3,4,2,3,3,2,3,Maybe,False,,
CFB0004031,CLI0273,ASG001590,DUD101032,2023-03-16,4,4,4,4,4,3,5,Yes,False,,
CFB0004032,CLI0273,ASG001590,DUD101032,2023-07-05,4,5,5,4,4,5,3,Maybe,False,,
CFB0004033,CLI0010,ASG001591,DUD101032,2023-08-31,4,4,5,4,4,4,4,Yes,False,,
CFB0004034,CLI0010,ASG001591,DUD101032,2023-10-07,4,3,4,5,5,5,4,Yes,False,,
CFB0004035,CLI0010,ASG001591,DUD101032,2023-10-14,3,3,3,4,3,2,2,Yes,True,Punctuality,
CFB0004036,CLI0037,ASG001592,DUD101032,2024-08-14,4,4,4,3,4,4,3,Maybe,False,,
CFB0004037,CLI0037,ASG001592,DUD101032,2025-06-17,5,5,5,5,5,5,5,Yes,False,,
CFB0004038,CLI0296,ASG001593,DUD101033,2022-07-22,4,3,4,4,3,4,4,Yes,False,,
CFB0004039,CLI0296,ASG001593,DUD101033,2022-07-23,4,3,5,3,3,3,4,Yes,False,,
CFB0004040,CLI0296,ASG001593,DUD101033,2022-06-30,5,5,4,5,5,5,4,Yes,False,,
CFB0004041,CLI0173,ASG001594,DUD101033,2023-02-11,4,4,4,3,4,4,5,Yes,False,,
CFB0004042,CLI0173,ASG001594,DUD101033,2023-06-17,3,2,3,3,3,3,3,Maybe,False,,
CFB0004043,CLI0173,ASG001594,DUD101033,2023-06-20,5,4,5,5,5,5,5,Yes,False,,
CFB0004044,CLI0173,ASG001594,DUD101033,2023-05-07,2,1,2,1,2,3,1,Maybe,True,Communication,
CFB0004045,CLI0003,ASG001595,DUD101034,2025-11-11,4,4,3,3,4,4,4,Maybe,False,,
CFB0004046,CLI0003,ASG001595,DUD101034,2025-05-23,4,4,4,3,5,4,3,Yes,False,,
CFB0004047,CLI0003,ASG001595,DUD101034,2025-05-28,3,3,4,3,2,4,3,Maybe,False,,
CFB0004048,CLI0081,ASG001596,DUD101034,2026-08-08,3,4,3,4,4,3,4,Yes,False,,
CFB0004049,CLI0081,ASG001596,DUD101034,2026-06-10,5,4,4,5,4,4,5,No,False,,
CFB0004050,CLI0081,ASG001596,DUD101034,2026-05-20,4,4,3,4,5,5,4,Yes,False,,
CFB0004051,CLI0081,ASG001596,DUD101034,2026-06-28,4,4,5,5,4,4,4,No,False,,
CFB0004052,CLI0110,ASG001597,DUD101035,2023-12-11,3,3,3,2,3,3,3,Yes,False,,
CFB0004053,CLI0110,ASG001597,DUD101035,2024-05-23,4,4,5,4,4,4,4,Yes,False,,
CFB0004054,CLI0110,ASG001597,DUD101035,2023-02-24,5,4,5,5,5,5,5,Yes,False,,
CFB0004055,CLI0110,ASG001597,DUD101035,2023-06-21,5,4,4,4,4,5,5,Yes,False,,
CFB0004056,CLI0138,ASG001598,DUD101035,2025-09-27,4,4,5,4,4,3,3,Yes,False,,
CFB0004057,CLI0138,ASG001598,DUD101035,2026-01-20,5,4,4,4,5,5,5,Maybe,False,,
CFB0004058,CLI0021,ASG001599,DUD101036,2025-07-28,3,2,3,2,3,2,2,Yes,False,,
CFB0004059,CLI0106,ASG001600,DUD101037,2022-09-05,5,5,5,5,5,5,5,Yes,False,,
CFB0004060,CLI0132,ASG001601,DUD101038,2022-08-25,4,4,4,3,3,3,4,Yes,False,,
CFB0004061,CLI0132,ASG001601,DUD101038,2022-03-29,2,2,3,2,3,1,2,Maybe,False,,
CFB0004062,CLI0132,ASG001601,DUD101038,2022-04-12,5,5,5,5,5,5,5,Yes,False,,
CFB0004063,CLI0278,ASG001602,DUD101039,2022-09-06,3,3,3,2,4,2,3,No,False,,
CFB0004064,CLI0278,ASG001602,DUD101039,2022-08-08,1,1,2,1,1,2,1,No,False,,
CFB0004065,CLI0278,ASG001602,DUD101039,2022-08-30,3,2,4,4,3,2,3,No,False,,
CFB0004066,CLI0114,ASG001603,DUD101039,2026-07-20,5,5,5,4,5,5,5,Yes,False,,
CFB0004067,CLI0114,ASG001603,DUD101039,2023-07-11,5,5,5,5,5,4,5,No,False,,
CFB0004068,CLI0007,ASG001604,DUD101040,2021-04-02,5,4,5,4,5,5,5,Yes,False,,
CFB0004069,CLI0007,ASG001604,DUD101040,2021-06-04,5,5,5,5,5,5,5,Yes,False,,
CFB0004070,CLI0217,ASG001605,DUD101041,2022-03-03,4,4,4,5,5,5,4,Yes,False,,
CFB0004071,CLI0217,ASG001605,DUD101041,2022-07-14,2,3,3,2,2,2,1,No,False,,
CFB0004072,CLI0078,ASG001606,DUD101042,2021-08-17,5,5,5,5,5,5,5,Yes,False,,
CFB0004073,CLI0078,ASG001606,DUD101042,2021-12-11,4,4,4,5,3,5,3,Yes,False,,
CFB0004074,CLI0078,ASG001606,DUD101042,2021-11-19,1,2,1,1,1,1,2,Yes,False,,
CFB0004075,CLI0225,ASG001607,DUD101042,2025-12-05,3,3,3,3,3,3,3,Maybe,True,Attendance,
CFB0004076,CLI0128,ASG001608,DUD101043,2021-12-26,4,4,5,5,3,5,4,Yes,False,,
CFB0004077,CLI0128,ASG001608,DUD101043,2021-11-28,4,4,3,3,4,5,5,Yes,False,,
CFB0004078,CLI0128,ASG001608,DUD101043,2022-05-01,2,2,2,2,2,2,2,Yes,False,,
CFB0004079,CLI0128,ASG001608,DUD101043,2021-11-06,2,1,2,2,3,1,1,Maybe,False,,
CFB0004080,CLI0153,ASG001609,DUD101043,2023-03-15,4,4,4,5,3,3,3,Maybe,False,,
CFB0004081,CLI0153,ASG001609,DUD101043,2023-10-28,5,5,5,5,4,5,5,Yes,False,,
CFB0004082,CLI0061,ASG001610,DUD101044,2025-04-15,3,3,4,3,3,2,2,Maybe,False,,
CFB0004083,CLI0221,ASG001611,DUD101044,2025-06-14,3,4,3,3,2,3,3,Yes,True,Classroom Management,
CFB0004084,CLI0221,ASG001611,DUD101044,2025-10-20,4,4,4,4,4,3,5,No,True,Punctuality,
CFB0004085,CLI0180,ASG001612,DUD101045,2026-05-11,3,2,4,4,2,4,3,No,False,,
CFB0004086,CLI0180,ASG001612,DUD101045,2025-11-18,4,5,4,4,4,4,4,Yes,False,,
CFB0004087,CLI0091,ASG001613,DUD101046,2024-03-21,4,4,4,4,4,5,5,Yes,False,,
CFB0004088,CLI0091,ASG001613,DUD101046,2024-03-05,4,4,4,3,4,5,4,Yes,False,,
CFB0004089,CLI0091,ASG001613,DUD101046,2024-03-14,5,4,5,5,5,5,5,Maybe,False,,
CFB0004090,CLI0099,ASG001614,DUD101046,2026-02-20,5,4,5,5,4,5,5,Yes,False,,
CFB0004091,CLI0099,ASG001614,DUD101046,2026-08-06,4,4,5,5,5,5,4,Yes,False,,
CFB0004092,CLI0099,ASG001614,DUD101046,2025-05-21,4,4,5,5,3,4,3,Yes,False,,
CFB0004093,CLI0074,ASG001615,DUD101047,2022-10-01,2,1,2,2,2,2,2,Maybe,False,,
CFB0004094,CLI0041,ASG001616,DUD101047,2026-02-06,4,4,3,5,4,4,5,Yes,False,,
CFB0004095,CLI0041,ASG001616,DUD101047,2024-04-21,5,5,5,5,5,5,5,Maybe,False,,
CFB0004096,CLI0221,ASG001617,DUD101048,2025-04-18,5,5,5,5,4,4,5,Yes,False,,
CFB0004097,CLI0221,ASG001617,DUD101048,2024-06-30,4,3,4,4,4,4,4,Maybe,False,,
CFB0004098,CLI0221,ASG001617,DUD101048,2023-07-13,2,3,3,2,2,2,3,Maybe,False,,
CFB0004099,CLI0140,ASG001618,DUD101049,2026-08-09,2,1,2,3,2,3,3,Yes,False,,
CFB0004100,CLI0140,ASG001618,DUD101049,2025-11-25,4,5,3,5,4,5,3,Yes,False,,
CFB0004101,CLI0140,ASG001618,DUD101049,2025-11-22,5,5,5,5,5,5,5,Yes,False,,
CFB0004102,CLI0102,ASG001619,DUD101050,2021-07-09,5,5,5,5,5,5,4,Maybe,True,Classroom Management,
CFB0004103,CLI0102,ASG001619,DUD101050,2022-03-16,5,5,5,5,5,5,5,Yes,False,,
CFB0004104,CLI0149,ASG001620,DUD101050,2022-09-24,4,3,3,3,4,4,3,Yes,False,,
CFB0004105,CLI0073,ASG001621,DUD101051,2024-02-17,4,4,3,5,4,5,4,Maybe,True,Professionalism,
CFB0004106,CLI0073,ASG001621,DUD101051,2024-05-15,5,5,5,5,4,5,5,Yes,False,,
CFB0004107,CLI0073,ASG001621,DUD101051,2024-04-29,5,5,5,5,5,5,5,Yes,True,Communication,
CFB0004108,CLI0259,ASG001622,DUD101051,2025-02-21,4,5,4,3,3,3,4,Yes,False,,
CFB0004109,CLI0214,ASG001623,DUD101052,2023-12-15,4,4,4,3,3,3,3,Maybe,False,,
CFB0004110,CLI0214,ASG001623,DUD101052,2024-01-06,3,3,3,2,3,2,4,Maybe,False,,
CFB0004111,CLI0214,ASG001623,DUD101052,2024-02-23,4,4,3,5,4,4,5,Yes,False,,
CFB0004112,CLI0214,ASG001623,DUD101052,2024-01-28,4,3,4,5,5,5,5,Yes,False,,
CFB0004113,CLI0035,ASG001624,DUD101052,2025-06-13,4,4,5,5,4,3,3,Yes,False,,
CFB0004114,CLI0035,ASG001624,DUD101052,2026-07-25,4,5,4,4,4,4,4,Maybe,False,,
CFB0004115,CLI0111,ASG001625,DUD101053,2025-06-15,3,2,3,3,4,3,3,No,False,,
CFB0004116,CLI0111,ASG001625,DUD101053,2025-12-27,4,4,5,4,4,3,3,Yes,False,,
CFB0004117,CLI0111,ASG001625,DUD101053,2025-10-09,4,5,4,3,4,4,5,Maybe,False,,
CFB0004118,CLI0250,ASG001626,DUD101053,2026-10-16,4,4,4,5,3,3,4,Yes,False,,
CFB0004119,CLI0250,ASG001626,DUD101053,2026-10-04,5,5,5,5,4,5,5,Yes,False,,
CFB0004120,CLI0250,ASG001626,DUD101053,2027-05-02,3,4,4,4,4,3,2,Maybe,False,,
CFB0004121,CLI0250,ASG001626,DUD101053,2027-04-05,5,4,4,4,5,5,4,Yes,False,,
CFB0004122,CLI0074,ASG001627,DUD101054,2026-07-06,3,3,3,3,3,3,2,Yes,False,,
CFB0004123,CLI0074,ASG001627,DUD101054,2026-05-07,5,5,5,5,5,5,5,Yes,False,,
CFB0004124,CLI0074,ASG001627,DUD101054,2026-05-14,3,2,3,4,4,3,3,Yes,False,,
CFB0004125,CLI0196,ASG001628,DUD101055,2025-04-05,4,4,4,4,3,3,3,Yes,False,,
CFB0004126,CLI0196,ASG001628,DUD101055,2025-08-14,5,5,5,5,5,5,5,No,False,,
CFB0004127,CLI0196,ASG001628,DUD101055,2025-07-29,5,4,5,4,5,4,5,Yes,False,,
CFB0004128,CLI0140,ASG001629,DUD101056,2025-03-30,4,5,3,4,4,4,4,Yes,False,,
CFB0004129,CLI0140,ASG001629,DUD101056,2022-10-09,4,4,4,3,4,3,4,Yes,False,,
CFB0004130,CLI0140,ASG001629,DUD101056,2025-12-06,4,5,4,3,4,3,4,No,False,,
CFB0004131,CLI0044,ASG001630,DUD101057,2026-06-12,4,4,5,4,3,4,4,Maybe,False,,
CFB0004132,CLI0044,ASG001630,DUD101057,2026-03-02,5,5,5,4,5,4,5,Yes,False,,
CFB0004133,CLI0044,ASG001630,DUD101057,2026-08-03,1,1,1,1,1,1,1,Yes,False,,
CFB0004134,CLI0044,ASG001630,DUD101057,2026-07-05,5,4,5,5,5,5,5,Yes,False,,
CFB0004135,CLI0295,ASG001631,DUD101058,2023-12-27,5,5,5,5,4,5,5,No,False,,
CFB0004136,CLI0206,ASG001632,DUD101058,2025-11-30,4,3,5,4,5,4,4,Yes,False,,
CFB0004137,CLI0009,ASG001633,DUD101059,2025-10-03,4,3,4,5,4,3,4,Yes,False,,
CFB0004138,CLI0009,ASG001633,DUD101059,2026-02-10,5,5,4,5,5,5,5,Yes,False,,
CFB0004139,CLI0009,ASG001633,DUD101059,2025-11-09,4,5,3,4,5,5,5,Maybe,True,Communication,
CFB0004140,CLI0009,ASG001633,DUD101059,2025-08-31,1,1,1,1,1,1,1,Maybe,False,,
CFB0004141,CLI0077,ASG001634,DUD101059,2026-07-28,5,4,4,5,4,5,4,Yes,False,,
CFB0004142,CLI0003,ASG001635,DUD101060,2025-11-16,3,3,2,4,2,4,3,Maybe,False,,
CFB0004143,CLI0067,ASG001636,DUD101061,2025-05-06,4,4,5,4,3,4,3,Yes,False,,
CFB0004144,CLI0067,ASG001636,DUD101061,2025-04-25,4,4,4,4,5,5,4,Maybe,False,,
CFB0004145,CLI0067,ASG001636,DUD101061,2025-03-19,4,4,4,5,3,5,4,Maybe,False,,
CFB0004146,CLI0067,ASG001636,DUD101061,2025-03-04,3,3,2,3,3,3,4,Yes,False,,
CFB0004147,CLI0164,ASG001637,DUD101061,2026-07-30,3,2,3,3,3,2,2,No,True,Communication,
CFB0004148,CLI0164,ASG001637,DUD101061,2025-11-03,4,5,4,3,4,4,4,Yes,False,,
CFB0004149,CLI0238,ASG001638,DUD101062,2022-08-24,3,3,3,2,2,4,3,Yes,True,Punctuality,
CFB0004150,CLI0238,ASG001638,DUD101062,2024-06-23,3,2,3,3,2,3,3,No,False,,
CFB0004151,CLI0238,ASG001638,DUD101062,2023-06-03,4,4,5,3,5,4,5,Yes,False,,
CFB0004152,CLI0038,ASG001639,DUD101063,2023-08-21,4,5,4,4,3,3,4,Yes,False,,
CFB0004153,CLI0038,ASG001639,DUD101063,2023-10-13,4,4,4,4,4,4,5,Yes,False,,
CFB0004154,CLI0038,ASG001639,DUD101063,2023-06-13,2,1,2,3,1,1,1,Maybe,False,,
CFB0004155,CLI0232,ASG001640,DUD101063,2024-01-31,3,3,3,2,3,2,2,Yes,False,,
CFB0004156,CLI0232,ASG001640,DUD101063,2024-06-23,4,4,4,5,5,4,3,Yes,False,,
CFB0004157,CLI0211,ASG001641,DUD101063,2024-09-27,5,5,5,5,5,5,5,Yes,False,,
CFB0004158,CLI0211,ASG001641,DUD101063,2024-11-02,4,3,3,4,5,5,4,No,False,,
CFB0004159,CLI0211,ASG001641,DUD101063,2026-06-01,4,3,5,4,5,5,4,Yes,False,,
CFB0004160,CLI0029,ASG001642,DUD101064,2024-02-05,5,5,4,5,5,4,5,Yes,False,,
CFB0004161,CLI0029,ASG001642,DUD101064,2023-12-21,3,3,2,3,4,3,3,Maybe,False,,
CFB0004162,CLI0029,ASG001642,DUD101064,2024-02-22,4,4,3,4,5,5,4,Yes,False,,
CFB0004163,CLI0219,ASG001643,DUD101065,2025-06-24,4,3,3,4,3,4,5,Yes,False,,
CFB0004164,CLI0219,ASG001643,DUD101065,2025-03-29,4,4,3,4,4,3,5,Yes,False,,
CFB0004165,CLI0192,ASG001644,DUD101065,2026-07-07,4,5,5,3,4,4,3,No,False,,
CFB0004166,CLI0192,ASG001644,DUD101065,2027-03-21,3,2,4,3,4,2,4,Maybe,False,,
CFB0004167,CLI0298,ASG001645,DUD101066,2023-08-07,5,5,5,5,5,5,5,Yes,False,,
CFB0004168,CLI0298,ASG001645,DUD101066,2024-05-12,5,5,5,5,4,4,5,Yes,False,,
CFB0004169,CLI0173,ASG001646,DUD101066,2024-09-02,5,5,5,4,5,5,5,Maybe,False,,
CFB0004170,CLI0173,ASG001646,DUD101066,2026-04-08,5,5,5,4,5,5,5,No,False,,
CFB0004171,CLI0173,ASG001646,DUD101066,2026-05-11,3,3,2,3,3,3,2,Maybe,False,,
CFB0004172,CLI0124,ASG001647,DUD101067,2022-06-30,4,4,4,3,5,3,3,Yes,False,,
CFB0004173,CLI0124,ASG001647,DUD101067,2022-09-18,4,4,3,3,4,3,4,No,False,,
CFB0004174,CLI0124,ASG001647,DUD101067,2022-04-20,3,3,3,3,3,3,3,Maybe,False,,
CFB0004175,CLI0124,ASG001647,DUD101067,2022-07-30,5,5,4,5,5,5,5,Yes,False,,
CFB0004176,CLI0001,ASG001648,DUD101067,2023-02-08,4,4,5,4,3,3,5,Maybe,False,,
CFB0004177,CLI0001,ASG001648,DUD101067,2024-09-01,5,5,5,5,4,5,5,Yes,False,,
CFB0004178,CLI0001,ASG001648,DUD101067,2022-11-22,1,1,1,1,1,2,1,No,False,,
CFB0004179,CLI0001,ASG001648,DUD101067,2026-02-08,3,3,2,2,4,2,3,Maybe,False,,
CFB0004180,CLI0285,ASG001649,DUD101068,2023-10-05,4,3,3,4,3,4,3,Yes,False,,
CFB0004181,CLI0285,ASG001649,DUD101068,2023-10-06,2,1,3,1,2,2,2,Maybe,False,,
CFB0004182,CLI0285,ASG001649,DUD101068,2023-11-28,4,4,3,5,5,3,5,Yes,False,,
CFB0004183,CLI0285,ASG001649,DUD101068,2023-07-21,4,3,5,5,5,3,3,Yes,False,,
CFB0004184,CLI0235,ASG001650,DUD101068,2025-05-02,4,4,4,4,4,3,3,Maybe,False,,
CFB0004185,CLI0235,ASG001650,DUD101068,2025-12-24,5,5,5,5,5,5,5,Yes,False,,
CFB0004186,CLI0272,ASG001651,DUD101069,2023-03-08,4,4,5,5,5,5,5,Yes,False,,
CFB0004187,CLI0272,ASG001651,DUD101069,2023-07-30,2,3,1,2,2,1,2,Yes,False,,
CFB0004188,CLI0086,ASG001652,DUD101069,2024-05-11,4,4,5,3,4,3,5,Yes,False,,
CFB0004189,CLI0086,ASG001652,DUD101069,2024-10-09,5,4,5,5,4,5,5,Yes,False,,
CFB0004190,CLI0224,ASG001653,DUD101070,2024-01-05,5,5,5,5,5,5,5,Maybe,True,Lesson Quality,
CFB0004191,CLI0224,ASG001653,DUD101070,2024-07-26,4,4,3,4,4,5,3,Yes,False,,
CFB0004192,CLI0224,ASG001653,DUD101070,2023-10-06,4,4,4,5,4,4,3,Yes,False,,
CFB0004193,CLI0161,ASG001654,DUD101071,2023-05-13,4,4,4,5,3,4,5,Maybe,False,,
CFB0004194,CLI0161,ASG001654,DUD101071,2023-05-17,3,3,3,3,3,3,2,Maybe,True,Professionalism,
CFB0004195,CLI0161,ASG001654,DUD101071,2023-01-24,3,3,4,2,3,3,2,Yes,False,,
CFB0004196,CLI0206,ASG001655,DUD101071,2024-08-14,4,4,4,5,4,4,4,No,False,,
CFB0004197,CLI0079,ASG001656,DUD101071,2026-07-22,4,4,3,3,5,4,3,Yes,False,,
CFB0004198,CLI0194,ASG001657,DUD101072,2022-07-15,4,4,3,5,5,4,4,Yes,False,,
CFB0004199,CLI0194,ASG001657,DUD101072,2023-05-08,3,3,3,4,3,2,4,Maybe,False,,
CFB0004200,CLI0194,ASG001657,DUD101072,2022-10-26,5,4,5,5,5,5,5,Yes,False,,
CFB0004201,CLI0194,ASG001657,DUD101072,2022-07-12,5,5,5,5,5,4,5,Maybe,False,,
CFB0004202,CLI0132,ASG001658,DUD101073,2026-02-18,4,5,3,4,4,4,4,Yes,False,,
CFB0004203,CLI0132,ASG001658,DUD101073,2024-07-28,1,2,1,2,1,2,2,Yes,True,Classroom Management,
CFB0004204,CLI0240,ASG001659,DUD101074,2026-02-06,3,4,4,3,4,4,3,Yes,False,,
CFB0004205,CLI0240,ASG001659,DUD101074,2026-05-03,2,2,3,2,3,1,2,Yes,False,,
CFB0004206,CLI0240,ASG001659,DUD101074,2026-05-19,3,2,2,4,4,2,3,Maybe,False,,
CFB0004207,CLI0240,ASG001659,DUD101074,2026-05-03,4,5,4,4,4,3,5,Yes,False,,
CFB0004208,CLI0202,ASG001660,DUD101074,2026-08-01,4,5,4,3,4,3,3,Yes,False,,
CFB0004209,CLI0202,ASG001660,DUD101074,2026-11-08,2,2,2,2,2,1,2,Yes,False,,
CFB0004210,CLI0202,ASG001660,DUD101074,2026-10-21,3,3,3,3,4,3,3,Maybe,False,,
CFB0004211,CLI0037,ASG001661,DUD101074,2026-12-15,4,4,5,3,3,3,5,Yes,False,,
CFB0004212,CLI0037,ASG001661,DUD101074,2026-12-15,5,5,5,5,5,5,5,Yes,False,,
CFB0004213,CLI0037,ASG001661,DUD101074,2026-12-15,5,5,4,5,5,5,5,Yes,True,Communication,
CFB0004214,CLI0037,ASG001661,DUD101074,2026-12-15,5,5,5,5,4,4,5,Yes,False,,
CFB0004215,CLI0164,ASG001662,DUD101075,2022-01-09,4,4,4,3,3,5,3,Yes,False,,
CFB0004216,CLI0012,ASG001663,DUD101075,2024-11-29,1,2,2,2,1,2,2,Maybe,False,,
CFB0004217,CLI0012,ASG001663,DUD101075,2024-10-22,1,1,2,1,1,1,1,Maybe,False,,
CFB0004218,CLI0012,ASG001663,DUD101075,2026-02-26,5,5,5,5,4,5,5,Yes,False,,
CFB0004219,CLI0012,ASG001663,DUD101075,2023-01-19,5,5,5,5,4,4,4,Yes,False,,
CFB0004220,CLI0162,ASG001664,DUD101076,2026-04-30,3,3,3,3,3,2,3,Yes,False,,
CFB0004221,CLI0162,ASG001664,DUD101076,2026-05-09,4,3,4,3,4,5,3,Yes,False,,
CFB0004222,CLI0109,ASG001665,DUD101076,2026-06-14,4,4,4,4,4,4,3,Maybe,False,,
CFB0004223,CLI0109,ASG001665,DUD101076,2027-01-07,5,5,5,5,5,5,5,Maybe,True,Professionalism,
CFB0004224,CLI0109,ASG001665,DUD101076,2027-03-04,4,3,3,4,4,4,4,Yes,False,,
CFB0004225,CLI0260,ASG001666,DUD101076,2027-08-28,5,5,5,5,4,5,5,Yes,False,,
CFB0004226,CLI0260,ASG001666,DUD101076,2027-10-19,4,4,3,4,5,3,4,Maybe,False,,
CFB0004227,CLI0249,ASG001667,DUD101077,2026-05-07,4,4,5,3,3,4,3,No,False,,
CFB0004228,CLI0245,ASG001668,DUD101077,2027-04-27,4,4,5,3,3,4,4,Yes,False,,
CFB0004229,CLI0245,ASG001668,DUD101077,2027-03-30,5,5,4,5,5,4,5,Yes,False,,
CFB0004230,CLI0245,ASG001668,DUD101077,2027-08-31,4,5,3,4,5,4,4,Yes,False,,
CFB0004231,CLI0245,ASG001668,DUD101077,2026-12-20,5,4,4,5,5,5,5,Maybe,False,,
CFB0004232,CLI0063,ASG001669,DUD101078,2025-01-31,3,2,2,3,2,3,2,No,False,,
CFB0004233,CLI0145,ASG001670,DUD101078,2026-04-14,4,4,3,4,4,4,5,Yes,False,,
CFB0004234,CLI0145,ASG001670,DUD101078,2025-04-12,2,2,2,2,2,3,1,Yes,False,,
CFB0004235,CLI0012,ASG001671,DUD101079,2026-07-07,5,5,5,4,5,5,5,Maybe,False,,
CFB0004236,CLI0012,ASG001671,DUD101079,2026-07-18,4,4,4,4,5,4,3,Maybe,False,,
CFB0004237,CLI0012,ASG001671,DUD101079,2025-11-18,4,3,4,4,4,5,3,Maybe,False,,
CFB0004238,CLI0012,ASG001671,DUD101079,2026-06-28,5,5,5,5,5,4,4,Yes,False,,
CFB0004239,CLI0049,ASG001672,DUD101079,2027-03-03,4,4,4,3,3,4,4,Yes,False,,
CFB0004240,CLI0090,ASG001673,DUD101080,2021-06-15,1,1,1,2,1,1,1,Yes,False,,
CFB0004241,CLI0090,ASG001673,DUD101080,2021-09-03,5,4,5,5,5,5,5,Yes,False,,
CFB0004242,CLI0090,ASG001673,DUD101080,2021-10-15,4,3,3,4,4,4,3,Maybe,False,,
CFB0004243,CLI0090,ASG001673,DUD101080,2021-08-28,4,4,4,4,4,3,4,Yes,False,,
CFB0004244,CLI0233,ASG001674,DUD101080,2022-10-08,3,2,4,3,3,3,3,Maybe,True,Punctuality,
CFB0004245,CLI0233,ASG001674,DUD101080,2022-01-17,4,4,4,3,4,3,5,Maybe,False,,
CFB0004246,CLI0233,ASG001674,DUD101080,2022-10-20,4,4,5,4,4,5,5,Yes,True,Punctuality,
CFB0004247,CLI0233,ASG001674,DUD101080,2023-06-08,2,1,2,1,3,2,2,Yes,False,,
CFB0004248,CLI0130,ASG001675,DUD101081,2023-02-17,5,5,5,5,5,5,4,Yes,False,,
CFB0004249,CLI0130,ASG001675,DUD101081,2024-08-26,2,2,2,1,2,3,2,No,False,,
CFB0004250,CLI0243,ASG001676,DUD101082,2023-02-02,2,3,1,2,2,3,3,Yes,False,,
CFB0004251,CLI0243,ASG001676,DUD101082,2023-10-12,3,3,4,3,4,4,3,Maybe,False,,
CFB0004252,CLI0243,ASG001676,DUD101082,2023-06-09,5,5,5,5,4,5,5,Yes,False,,
CFB0004253,CLI0062,ASG001677,DUD101082,2024-09-23,5,5,4,5,5,5,4,Yes,False,,
CFB0004254,CLI0062,ASG001677,DUD101082,2024-05-23,3,2,2,3,2,3,2,Maybe,False,,
CFB0004255,CLI0062,ASG001677,DUD101082,2024-07-07,4,4,4,4,4,4,4,Yes,False,,
CFB0004256,CLI0062,ASG001677,DUD101082,2024-04-05,3,3,2,3,3,2,3,Maybe,True,Punctuality,
CFB0004257,CLI0102,ASG001678,DUD101083,2023-08-24,2,1,2,3,2,2,3,Maybe,False,,
CFB0004258,CLI0102,ASG001678,DUD101083,2023-12-11,3,3,4,3,3,2,3,Maybe,False,,
CFB0004259,CLI0102,ASG001678,DUD101083,2026-03-27,3,3,3,4,2,3,4,Maybe,False,,
CFB0004260,CLI0014,ASG001679,DUD101084,2024-01-18,5,5,5,5,5,5,5,Yes,False,,
CFB0004261,CLI0014,ASG001679,DUD101084,2025-07-07,4,4,4,3,4,4,4,Yes,False,,
CFB0004262,CLI0240,ASG001680,DUD101085,2026-01-10,5,5,5,4,5,4,4,Maybe,False,,
CFB0004263,CLI0240,ASG001680,DUD101085,2025-12-27,4,4,5,4,4,3,4,Maybe,False,,
CFB0004264,CLI0240,ASG001680,DUD101085,2026-03-03,4,4,5,4,5,4,4,Yes,False,,
CFB0004265,CLI0240,ASG001680,DUD101085,2025-12-08,5,5,5,4,4,5,4,Maybe,False,,
CFB0004266,CLI0241,ASG001681,DUD101085,2026-09-24,3,3,3,2,3,4,2,Maybe,False,,
CFB0004267,CLI0241,ASG001681,DUD101085,2026-07-11,4,4,4,4,4,5,4,Maybe,False,,
CFB0004268,CLI0159,ASG001682,DUD101085,2027-06-09,3,3,2,4,2,4,3,Yes,False,,
CFB0004269,CLI0159,ASG001682,DUD101085,2027-06-09,5,5,5,5,5,5,5,No,False,,
CFB0004270,CLI0159,ASG001682,DUD101085,2027-06-09,3,2,2,3,3,3,3,Yes,False,,
CFB0004271,CLI0159,ASG001682,DUD101085,2027-06-09,2,1,3,2,1,3,1,No,False,,
CFB0004272,CLI0094,ASG001683,DUD101086,2021-10-11,5,5,5,4,5,5,4,Maybe,False,,
CFB0004273,CLI0094,ASG001683,DUD101086,2021-06-26,4,3,3,4,4,3,4,Yes,False,,
CFB0004274,CLI0094,ASG001683,DUD101086,2021-08-04,4,5,3,3,3,3,3,Maybe,False,,
CFB0004275,CLI0094,ASG001683,DUD101086,2021-11-18,3,4,3,3,3,4,3,No,False,,
CFB0004276,CLI0197,ASG001684,DUD101086,2022-10-18,4,4,3,3,4,3,3,Yes,False,,
CFB0004277,CLI0107,ASG001685,DUD101087,2026-03-02,5,5,4,4,4,5,5,No,False,,
CFB0004278,CLI0107,ASG001685,DUD101087,2026-06-18,4,4,3,3,4,5,4,Yes,False,,
CFB0004279,CLI0043,ASG001686,DUD101088,2026-04-12,3,3,3,3,3,4,3,Yes,False,,
CFB0004280,CLI0043,ASG001686,DUD101088,2025-10-29,3,4,2,3,3,3,3,No,False,,
CFB0004281,CLI0043,ASG001686,DUD101088,2026-05-09,4,4,3,3,3,3,4,Maybe,False,,
CFB0004282,CLI0043,ASG001686,DUD101088,2025-11-11,4,5,4,4,3,3,5,Yes,False,,
CFB0004283,CLI0019,ASG001687,DUD101089,2024-10-03,5,5,5,5,4,5,5,Yes,False,,
CFB0004284,CLI0019,ASG001687,DUD101089,2024-07-28,4,4,4,3,5,4,4,Yes,False,,
CFB0004285,CLI0097,ASG001688,DUD101090,2024-10-08,4,4,4,4,5,3,5,Yes,False,,
CFB0004286,CLI0097,ASG001688,DUD101090,2025-05-21,4,3,5,3,4,4,4,Yes,False,,
CFB0004287,CLI0097,ASG001688,DUD101090,2025-05-31,5,5,5,5,5,5,5,Maybe,False,,
CFB0004288,CLI0097,ASG001688,DUD101090,2025-02-23,5,5,4,5,5,4,4,Yes,False,,
CFB0004289,CLI0132,ASG001689,DUD101090,2026-02-19,5,5,5,4,5,4,5,Yes,False,,
CFB0004290,CLI0132,ASG001689,DUD101090,2026-05-16,4,4,3,5,4,3,4,Yes,False,,
CFB0004291,CLI0088,ASG001690,DUD101091,2023-10-24,4,4,5,3,4,4,3,Maybe,True,Classroom Management,
CFB0004292,CLI0088,ASG001690,DUD101091,2023-05-08,5,5,5,5,5,5,4,Yes,False,,
CFB0004293,CLI0125,ASG001691,DUD101091,2024-12-23,4,4,3,3,3,4,4,No,False,,
CFB0004294,CLI0125,ASG001691,DUD101091,2025-01-03,2,3,2,2,3,3,2,Maybe,False,,
CFB0004295,CLI0275,ASG001692,DUD101092,2024-11-08,4,5,3,3,5,4,3,Maybe,False,,
CFB0004296,CLI0275,ASG001692,DUD101092,2024-01-18,5,5,5,5,5,4,5,Maybe,False,,
CFB0004297,CLI0165,ASG001693,DUD101093,2026-01-03,3,3,3,4,2,2,4,Maybe,False,,
CFB0004298,CLI0165,ASG001693,DUD101093,2026-02-22,5,5,5,5,4,5,4,Maybe,False,,
CFB0004299,CLI0027,ASG001694,DUD101094,2023-10-25,3,4,3,4,3,2,3,Yes,True,Lesson Quality,
CFB0004300,CLI0001,ASG001695,DUD101095,2025-07-29,4,5,4,3,3,4,4,Yes,True,Communication,
CFB0004301,CLI0063,ASG001696,DUD101096,2025-06-11,5,4,5,5,5,5,5,Yes,False,,
CFB0004302,CLI0025,ASG001697,DUD101097,2024-06-02,4,4,4,4,4,3,4,Yes,False,,
CFB0004303,CLI0025,ASG001697,DUD101097,2024-02-24,4,4,3,4,3,4,5,Yes,False,,
CFB0004304,CLI0022,ASG001698,DUD101098,2026-01-26,4,4,5,3,3,5,3,No,False,,
CFB0004305,CLI0022,ASG001698,DUD101098,2025-10-15,1,1,1,1,1,1,2,No,True,Attendance,
CFB0004306,CLI0022,ASG001698,DUD101098,2026-04-24,4,5,5,3,3,4,3,Yes,False,,
CFB0004307,CLI0100,ASG001699,DUD101099,2026-05-14,3,3,4,3,3,3,3,Maybe,False,,
CFB0004308,CLI0100,ASG001699,DUD101099,2026-05-22,5,5,5,5,5,4,5,Yes,False,,
CFB0004309,CLI0100,ASG001699,DUD101099,2026-07-15,1,1,1,1,1,1,1,Yes,False,,
CFB0004310,CLI0225,ASG001700,DUD101100,2021-12-12,5,4,4,4,5,5,5,Yes,False,,
CFB0004311,CLI0225,ASG001700,DUD101100,2022-01-03,3,3,3,3,3,4,3,Maybe,False,,
CFB0004312,CLI0241,ASG001701,DUD101101,2025-09-15,4,4,3,4,4,4,4,Maybe,False,,
CFB0004313,CLI0049,ASG001702,DUD101102,2025-05-14,4,3,3,3,3,4,5,Yes,False,,
CFB0004314,CLI0189,ASG001703,DUD101103,2026-01-23,5,5,5,5,4,4,5,Yes,False,,
CFB0004315,CLI0189,ASG001703,DUD101103,2025-09-04,4,4,3,5,5,5,4,Yes,False,,
CFB0004316,CLI0245,ASG001704,DUD101104,2023-03-18,5,5,5,4,4,5,5,Maybe,False,,
CFB0004317,CLI0245,ASG001704,DUD101104,2025-06-21,5,5,5,5,5,4,5,Maybe,False,,
CFB0004318,CLI0245,ASG001704,DUD101104,2023-04-16,4,4,4,4,4,3,4,No,False,,
CFB0004319,CLI0255,ASG001705,DUD101105,2025-04-24,5,4,4,5,5,5,5,Yes,False,,
CFB0004320,CLI0255,ASG001705,DUD101105,2025-03-29,2,2,2,1,2,1,2,Maybe,False,,
CFB0004321,CLI0255,ASG001705,DUD101105,2025-01-12,4,4,5,4,5,4,5,Yes,False,,
CFB0004322,CLI0257,ASG001706,DUD101105,2025-09-27,4,5,5,4,4,4,3,Yes,False,,
CFB0004323,CLI0257,ASG001706,DUD101105,2025-09-28,3,3,2,3,4,2,3,Maybe,False,,
CFB0004324,CLI0248,ASG001707,DUD101105,2026-08-01,5,4,5,5,5,5,5,Yes,False,,
CFB0004325,CLI0248,ASG001707,DUD101105,2025-11-15,4,5,3,5,3,3,4,Yes,False,,
CFB0004326,CLI0263,ASG001708,DUD101106,2024-06-06,4,4,5,3,4,4,5,Maybe,False,,
CFB0004327,CLI0263,ASG001708,DUD101106,2025-01-27,4,5,3,5,3,5,3,Yes,False,,
CFB0004328,CLI0263,ASG001708,DUD101106,2024-01-14,5,5,5,5,5,5,5,No,False,,
CFB0004329,CLI0263,ASG001708,DUD101106,2025-09-06,4,5,5,4,4,3,3,Yes,False,,
CFB0004330,CLI0173,ASG001709,DUD101107,2026-02-11,4,5,4,5,4,3,5,Yes,False,,
CFB0004331,CLI0173,ASG001709,DUD101107,2026-04-12,3,2,2,3,3,4,4,Yes,False,,
CFB0004332,CLI0173,ASG001709,DUD101107,2025-12-23,4,4,5,5,4,4,4,Maybe,False,,
CFB0004333,CLI0173,ASG001709,DUD101107,2026-03-20,4,4,4,3,4,4,4,Yes,False,,
CFB0004334,CLI0053,ASG001710,DUD101107,2026-12-13,5,5,4,5,5,5,4,Yes,False,,
CFB0004335,CLI0053,ASG001710,DUD101107,2027-03-11,5,5,4,5,5,5,4,Yes,False,,
CFB0004336,CLI0053,ASG001710,DUD101107,2027-02-04,4,4,3,4,3,4,5,Yes,False,,
CFB0004337,CLI0053,ASG001710,DUD101107,2027-03-09,4,5,3,4,4,3,4,Yes,False,,
CFB0004338,CLI0262,ASG001711,DUD101107,2027-04-16,4,4,4,4,5,3,4,Maybe,False,,
CFB0004339,CLI0262,ASG001711,DUD101107,2027-04-16,1,1,2,2,1,1,1,Maybe,False,,
CFB0004340,CLI0137,ASG001712,DUD101108,2025-10-20,3,3,3,2,3,3,3,Maybe,False,,
CFB0004341,CLI0137,ASG001712,DUD101108,2025-07-05,4,4,4,4,3,4,3,Yes,False,,
CFB0004342,CLI0137,ASG001712,DUD101108,2026-08-17,4,3,4,5,4,4,5,Yes,False,,
CFB0004343,CLI0297,ASG001713,DUD101109,2026-01-23,4,4,5,4,4,5,3,Maybe,False,,
CFB0004344,CLI0104,ASG001714,DUD101110,2022-08-04,5,5,5,5,5,5,5,Yes,False,,
CFB0004345,CLI0104,ASG001714,DUD101110,2023-10-10,4,4,4,5,5,3,4,Yes,False,,
CFB0004346,CLI0080,ASG001715,DUD101111,2025-10-04,4,3,5,3,3,3,4,Maybe,False,,
CFB0004347,CLI0080,ASG001715,DUD101111,2026-10-28,1,2,2,2,1,2,1,Maybe,False,,
CFB0004348,CLI0080,ASG001715,DUD101111,2026-02-04,4,5,3,4,4,4,5,Yes,False,,
CFB0004349,CLI0080,ASG001715,DUD101111,2025-10-01,3,3,4,3,4,3,2,Maybe,False,,
CFB0004350,CLI0235,ASG001716,DUD101112,2025-01-30,4,4,4,4,5,4,5,Yes,False,,
CFB0004351,CLI0235,ASG001716,DUD101112,2023-09-23,2,2,2,2,3,3,2,Maybe,True,Professionalism,
CFB0004352,CLI0010,ASG001717,DUD101113,2022-02-05,4,4,4,4,4,5,4,Yes,False,,
CFB0004353,CLI0010,ASG001717,DUD101113,2022-03-30,4,4,3,4,3,5,3,Maybe,False,,
CFB0004354,CLI0010,ASG001717,DUD101113,2021-09-28,5,4,5,4,4,5,4,Yes,False,,
CFB0004355,CLI0283,ASG001718,DUD101113,2026-07-03,5,5,5,5,4,5,5,Yes,False,,
CFB0004356,CLI0283,ASG001718,DUD101113,2023-08-02,2,2,3,2,1,3,1,No,True,Attendance,
CFB0004357,CLI0087,ASG001719,DUD101114,2022-09-29,4,4,4,3,5,3,4,Maybe,False,,
CFB0004358,CLI0087,ASG001719,DUD101114,2022-06-11,4,5,5,4,4,5,5,Yes,False,,
CFB0004359,CLI0087,ASG001719,DUD101114,2022-05-01,5,5,4,5,4,5,5,Yes,False,,
CFB0004360,CLI0096,ASG001720,DUD101114,2022-12-19,4,4,3,3,3,5,4,Maybe,False,,
CFB0004361,CLI0083,ASG001721,DUD101115,2023-06-19,1,1,2,2,1,1,2,Maybe,False,,
CFB0004362,CLI0264,ASG001722,DUD101116,2025-12-10,4,5,3,4,3,4,4,No,False,,
CFB0004363,CLI0118,ASG001723,DUD101116,2026-08-02,1,1,1,2,1,1,1,Yes,False,,
CFB0004364,CLI0118,ASG001724,DUD101117,2025-06-22,4,4,4,4,5,3,4,Yes,False,,
CFB0004365,CLI0118,ASG001724,DUD101117,2025-06-26,4,3,3,4,4,3,4,Yes,True,Punctuality,
CFB0004366,CLI0118,ASG001724,DUD101117,2025-07-07,3,2,2,4,3,3,3,Maybe,True,Punctuality,
CFB0004367,CLI0094,ASG001725,DUD101118,2026-06-22,5,5,5,5,5,5,5,Yes,False,,
CFB0004368,CLI0220,ASG001726,DUD101118,2027-08-29,4,4,5,3,4,5,3,Maybe,False,,
CFB0004369,CLI0294,ASG001727,DUD101119,2025-12-24,3,2,3,2,3,3,4,No,False,,
CFB0004370,CLI0294,ASG001727,DUD101119,2025-03-20,2,2,2,2,3,1,2,Maybe,False,,
CFB0004371,CLI0294,ASG001727,DUD101119,2025-04-12,4,4,3,4,4,3,4,Yes,False,,
CFB0004372,CLI0035,ASG001728,DUD101120,2025-10-17,5,4,5,5,5,5,5,Yes,False,,
CFB0004373,CLI0035,ASG001728,DUD101120,2024-12-02,4,4,5,4,4,3,4,Yes,False,,
CFB0004374,CLI0035,ASG001728,DUD101120,2024-07-11,3,2,2,4,3,3,3,Yes,False,,
CFB0004375,CLI0168,ASG001729,DUD101121,2023-04-10,5,5,5,5,5,5,5,Yes,False,,
CFB0004376,CLI0168,ASG001729,DUD101121,2023-01-06,4,3,4,5,3,4,5,No,False,,
CFB0004377,CLI0168,ASG001729,DUD101121,2023-09-14,4,4,4,4,5,5,5,Yes,False,,
CFB0004378,CLI0007,ASG001730,DUD101122,2022-10-27,4,4,4,4,4,4,4,Yes,False,,
CFB0004379,CLI0007,ASG001730,DUD101122,2023-09-18,5,5,5,5,5,5,5,Yes,False,,
CFB0004380,CLI0007,ASG001730,DUD101122,2023-05-15,3,3,3,3,4,2,3,Yes,False,,
CFB0004381,CLI0007,ASG001730,DUD101122,2023-04-26,4,3,4,4,4,3,5,Yes,False,,
CFB0004382,CLI0184,ASG001731,DUD101122,2025-02-08,3,2,3,3,2,3,4,Yes,False,,
CFB0004383,CLI0184,ASG001731,DUD101122,2025-04-27,3,4,3,4,4,3,3,Maybe,False,,
CFB0004384,CLI0094,ASG001732,DUD101123,2023-04-26,5,5,4,5,5,4,5,Yes,False,,
CFB0004385,CLI0094,ASG001732,DUD101123,2025-05-28,4,4,5,4,4,4,5,Yes,False,,
CFB0004386,CLI0094,ASG001732,DUD101123,2026-07-22,5,5,4,5,4,5,5,Yes,False,,
CFB0004387,CLI0101,ASG001733,DUD101124,2025-07-09,1,1,2,2,1,1,1,Yes,True,Punctuality,
CFB0004388,CLI0101,ASG001733,DUD101124,2023-04-13,4,3,3,4,4,5,4,Yes,False,,
CFB0004389,CLI0101,ASG001733,DUD101124,2022-09-02,4,4,4,4,4,5,4,Maybe,False,,
CFB0004390,CLI0101,ASG001733,DUD101124,2025-12-28,4,5,5,4,3,5,4,Yes,False,,
CFB0004391,CLI0204,ASG001734,DUD101125,2024-08-18,5,5,5,5,5,5,5,Maybe,False,,
CFB0004392,CLI0204,ASG001734,DUD101125,2024-03-30,4,3,4,4,3,4,3,Maybe,False,,
CFB0004393,CLI0204,ASG001734,DUD101125,2024-05-10,5,5,5,5,5,5,5,Yes,False,,
CFB0004394,CLI0204,ASG001734,DUD101125,2023-11-27,2,2,2,1,2,2,2,Maybe,False,,
CFB0004395,CLI0165,ASG001735,DUD101126,2025-07-07,5,5,5,4,5,5,5,Maybe,False,,
CFB0004396,CLI0165,ASG001735,DUD101126,2025-04-26,1,1,2,2,1,2,1,No,False,,
CFB0004397,CLI0205,ASG001736,DUD101127,2023-12-16,5,5,5,5,5,5,5,Yes,False,,
CFB0004398,CLI0205,ASG001736,DUD101127,2026-08-14,4,4,5,4,4,5,4,Yes,False,,
CFB0004399,CLI0058,ASG001737,DUD101128,2022-11-20,3,4,3,3,2,3,3,Maybe,False,,
CFB0004400,CLI0058,ASG001737,DUD101128,2022-05-03,5,5,5,4,5,5,5,Maybe,False,,
CFB0004401,CLI0058,ASG001737,DUD101128,2022-07-08,4,4,3,4,5,4,5,Yes,False,,
CFB0004402,CLI0058,ASG001737,DUD101128,2022-05-15,5,5,5,5,5,5,5,Maybe,False,,
CFB0004403,CLI0242,ASG001738,DUD101129,2024-01-09,4,4,5,3,4,4,4,Yes,False,,
CFB0004404,CLI0242,ASG001738,DUD101129,2024-09-24,4,4,5,4,4,4,5,Maybe,True,Lesson Quality,
CFB0004405,CLI0205,ASG001739,DUD101130,2022-04-17,4,4,3,5,5,4,4,Yes,False,,
CFB0004406,CLI0205,ASG001739,DUD101130,2022-03-22,4,5,3,5,4,4,3,Yes,False,,
CFB0004407,CLI0205,ASG001739,DUD101130,2022-02-27,4,4,4,5,5,4,4,Maybe,False,,
CFB0004408,CLI0205,ASG001739,DUD101130,2022-06-09,1,2,1,1,1,2,1,Yes,False,,
CFB0004409,CLI0038,ASG001740,DUD101130,2025-12-15,5,5,5,4,5,5,4,Yes,False,,
CFB0004410,CLI0239,ASG001741,DUD101131,2026-05-21,1,1,1,1,1,2,2,Maybe,False,,
CFB0004411,CLI0239,ASG001741,DUD101131,2026-02-05,4,5,4,4,4,5,5,Maybe,False,,
CFB0004412,CLI0239,ASG001741,DUD101131,2026-05-11,2,2,2,2,1,3,3,Maybe,False,,
CFB0004413,CLI0239,ASG001741,DUD101131,2025-12-14,4,4,3,4,4,5,4,Maybe,False,,
CFB0004414,CLI0243,ASG001742,DUD101132,2021-05-10,4,4,3,4,4,4,3,Yes,False,,
CFB0004415,CLI0119,ASG001743,DUD101132,2021-11-06,4,5,4,4,4,3,5,Maybe,False,,
CFB0004416,CLI0119,ASG001743,DUD101132,2021-11-04,4,4,4,3,5,4,4,Yes,False,,
CFB0004417,CLI0071,ASG001744,DUD101132,2023-02-14,4,4,3,5,3,4,3,Yes,False,,
CFB0004418,CLI0071,ASG001744,DUD101132,2026-07-26,3,3,4,3,2,4,2,No,False,,
CFB0004419,CLI0071,ASG001744,DUD101132,2024-05-17,4,5,3,3,4,5,3,Yes,False,,
CFB0004420,CLI0071,ASG001744,DUD101132,2023-02-17,4,4,5,5,4,3,4,Yes,False,,
CFB0004421,CLI0102,ASG001745,DUD101133,2021-07-20,4,4,4,3,4,4,3,Maybe,False,,
CFB0004422,CLI0102,ASG001745,DUD101133,2021-08-17,5,5,5,4,5,5,5,Yes,False,,
CFB0004423,CLI0029,ASG001746,DUD101133,2021-10-31,4,4,5,5,5,4,5,Yes,False,,
CFB0004424,CLI0029,ASG001746,DUD101133,2021-12-16,2,3,3,3,1,2,2,Maybe,False,,
CFB0004425,CLI0029,ASG001746,DUD101133,2021-12-01,5,4,5,5,5,5,5,Yes,False,,
CFB0004426,CLI0224,ASG001747,DUD101133,2026-01-14,4,5,4,4,4,4,4,Yes,False,,
CFB0004427,CLI0224,ASG001747,DUD101133,2023-04-28,4,4,4,4,5,5,3,Maybe,False,,
CFB0004428,CLI0224,ASG001747,DUD101133,2025-02-09,4,4,5,5,5,4,4,Yes,False,,
CFB0004429,CLI0224,ASG001747,DUD101133,2026-06-07,5,5,5,5,5,5,5,Yes,False,,
CFB0004430,CLI0040,ASG001748,DUD101134,2021-05-22,3,4,3,4,3,3,2,No,False,,
CFB0004431,CLI0040,ASG001748,DUD101134,2021-09-23,3,4,2,3,2,3,4,Maybe,False,,
CFB0004432,CLI0040,ASG001748,DUD101134,2021-04-06,3,2,3,2,3,4,3,Maybe,True,Punctuality,
CFB0004433,CLI0192,ASG001749,DUD101135,2026-03-18,4,4,4,5,5,3,4,Maybe,False,,
CFB0004434,CLI0192,ASG001749,DUD101135,2026-04-10,3,2,2,2,3,2,3,Yes,False,,
CFB0004435,CLI0095,ASG001750,DUD101136,2025-12-02,3,3,4,4,3,3,2,Yes,False,,
CFB0004436,CLI0095,ASG001750,DUD101136,2025-09-13,2,2,3,1,2,2,2,No,False,,
CFB0004437,CLI0095,ASG001750,DUD101136,2025-11-15,3,3,2,2,3,4,4,Yes,False,,
CFB0004438,CLI0095,ASG001750,DUD101136,2025-12-30,5,5,5,5,5,5,5,Yes,False,,
CFB0004439,CLI0218,ASG001751,DUD101137,2025-10-22,4,4,4,3,4,4,4,Yes,False,,
CFB0004440,CLI0218,ASG001751,DUD101137,2025-12-20,5,5,5,5,5,5,4,Maybe,False,,
CFB0004441,CLI0218,ASG001751,DUD101137,2025-10-27,4,4,3,4,5,4,3,Yes,False,,
CFB0004442,CLI0218,ASG001751,DUD101137,2025-04-30,5,5,5,5,5,5,4,Yes,False,,
CFB0004443,CLI0219,ASG001752,DUD101137,2026-04-16,5,5,5,5,5,5,4,Yes,False,,
CFB0004444,CLI0219,ASG001752,DUD101137,2026-08-16,4,4,4,4,5,5,4,Yes,False,,
CFB0004445,CLI0287,ASG001753,DUD101138,2022-02-06,5,5,5,5,4,5,5,Yes,False,,
CFB0004446,CLI0056,ASG001754,DUD101138,2023-11-11,3,3,4,3,3,3,2,No,False,,
CFB0004447,CLI0056,ASG001754,DUD101138,2024-01-22,4,4,5,5,4,5,3,Yes,False,,
CFB0004448,CLI0124,ASG001755,DUD101139,2025-05-04,4,3,4,5,5,3,4,Yes,False,,
CFB0004449,CLI0124,ASG001755,DUD101139,2024-05-07,4,4,3,5,4,4,3,Yes,False,,
CFB0004450,CLI0124,ASG001755,DUD101139,2023-01-24,2,2,3,2,3,3,3,Maybe,False,,
CFB0004451,CLI0124,ASG001755,DUD101139,2026-02-04,2,2,1,1,1,3,1,Maybe,False,,
CFB0004452,CLI0123,ASG001756,DUD101140,2025-03-04,5,5,5,5,4,4,5,Yes,False,,
CFB0004453,CLI0123,ASG001756,DUD101140,2025-08-26,3,4,2,3,3,2,3,No,True,Lesson Quality,
CFB0004454,CLI0068,ASG001757,DUD101141,2024-06-10,3,2,3,3,3,4,4,No,True,Professionalism,
CFB0004455,CLI0068,ASG001757,DUD101141,2024-11-11,3,2,2,2,4,2,4,No,False,,
CFB0004456,CLI0171,ASG001758,DUD101142,2026-04-26,3,3,3,3,2,3,3,No,False,,
CFB0004457,CLI0171,ASG001758,DUD101142,2024-02-28,4,3,4,4,3,4,5,Yes,False,,
CFB0004458,CLI0034,ASG001759,DUD101143,2026-01-17,4,5,4,3,4,4,4,Yes,False,,
CFB0004459,CLI0034,ASG001759,DUD101143,2023-10-10,4,4,3,4,5,4,4,Yes,False,,
CFB0004460,CLI0179,ASG001760,DUD101144,2024-10-14,4,3,3,4,3,4,4,Maybe,False,,
CFB0004461,CLI0179,ASG001760,DUD101144,2026-06-17,3,4,3,3,4,4,2,Yes,False,,
CFB0004462,CLI0019,ASG001761,DUD101145,2025-07-20,1,2,1,1,1,1,1,No,False,,
CFB0004463,CLI0019,ASG001761,DUD101145,2025-04-14,4,4,5,3,3,3,3,Yes,False,,
CFB0004464,CLI0019,ASG001761,DUD101145,2025-06-14,3,3,4,3,2,3,3,Yes,False,,
CFB0004465,CLI0264,ASG001762,DUD101145,2026-04-20,4,5,4,5,4,4,5,Yes,False,,
CFB0004466,CLI0264,ASG001762,DUD101145,2026-04-07,2,1,3,2,2,2,2,Maybe,True,Lesson Quality,
CFB0004467,CLI0264,ASG001762,DUD101145,2025-12-09,5,4,5,5,5,4,4,Yes,False,,
CFB0004468,CLI0264,ASG001762,DUD101145,2026-02-11,4,4,4,4,4,3,3,Yes,False,,
CFB0004469,CLI0140,ASG001763,DUD101145,2026-08-19,4,4,4,4,4,5,4,Yes,False,,
CFB0004470,CLI0140,ASG001763,DUD101145,2026-08-19,3,3,2,3,4,4,3,Yes,False,,
CFB0004471,CLI0164,ASG001764,DUD101146,2024-12-19,1,1,2,1,1,1,1,Yes,False,,
CFB0004472,CLI0162,ASG001765,DUD101146,2025-12-10,4,4,4,4,4,3,5,Maybe,False,,
CFB0004473,CLI0162,ASG001765,DUD101146,2026-05-02,5,5,4,4,5,4,4,Yes,False,,
CFB0004474,CLI0162,ASG001765,DUD101146,2026-09-23,4,4,4,4,4,4,4,Yes,False,,
CFB0004475,CLI0134,ASG001766,DUD101146,2027-04-01,2,2,3,2,2,3,2,Maybe,False,,
CFB0004476,CLI0134,ASG001766,DUD101146,2027-04-01,2,2,2,2,2,1,2,No,True,Communication,
CFB0004477,CLI0134,ASG001766,DUD101146,2027-04-01,4,4,5,4,4,4,4,Yes,False,,
CFB0004478,CLI0134,ASG001766,DUD101146,2027-04-01,4,4,4,4,4,5,4,Yes,False,,
CFB0004479,CLI0055,ASG001767,DUD101147,2026-05-01,3,3,3,2,3,3,2,Maybe,True,Punctuality,
CFB0004480,CLI0055,ASG001767,DUD101147,2026-04-09,5,5,4,5,4,5,5,No,False,,
CFB0004481,CLI0105,ASG001768,DUD101147,2027-04-05,5,5,5,5,4,5,5,Yes,False,,
CFB0004482,CLI0105,ASG001768,DUD101147,2027-07-27,5,5,5,5,5,5,4,Yes,False,,
CFB0004483,CLI0284,ASG001769,DUD101148,2026-05-12,5,5,5,5,4,5,5,Yes,False,,
CFB0004484,CLI0258,ASG001770,DUD101149,2024-11-10,1,1,1,2,2,1,1,Maybe,False,,
CFB0004485,CLI0258,ASG001770,DUD101149,2024-06-29,4,5,3,4,4,5,3,Yes,False,,
CFB0004486,CLI0258,ASG001770,DUD101149,2024-10-06,3,3,3,2,2,4,4,Yes,False,,
CFB0004487,CLI0195,ASG001771,DUD101150,2026-01-21,4,5,3,3,5,3,4,Yes,False,,
CFB0004488,CLI0195,ASG001771,DUD101150,2026-03-27,3,3,4,3,3,3,3,Yes,False,,
CFB0004489,CLI0190,ASG001772,DUD101151,2024-05-06,4,3,3,3,4,4,3,Yes,False,,
CFB0004490,CLI0190,ASG001772,DUD101151,2023-07-22,3,2,4,2,3,4,2,Maybe,False,,
CFB0004491,CLI0190,ASG001772,DUD101151,2026-01-29,4,4,3,4,4,3,4,Yes,False,,
CFB0004492,CLI0057,ASG001773,DUD101152,2022-03-03,4,4,4,4,5,4,4,Yes,False,,
CFB0004493,CLI0230,ASG001774,DUD101152,2022-06-07,4,3,4,4,4,4,5,Yes,False,,
CFB0004494,CLI0287,ASG001775,DUD101152,2026-04-04,4,3,4,4,5,3,5,Yes,False,,
CFB0004495,CLI0287,ASG001775,DUD101152,2026-03-27,5,5,4,4,5,5,5,Yes,False,,
CFB0004496,CLI0100,ASG001776,DUD101153,2025-08-21,4,5,5,4,3,5,5,Maybe,False,,
CFB0004497,CLI0100,ASG001776,DUD101153,2025-05-06,5,5,5,5,5,5,5,Yes,False,,
CFB0004498,CLI0100,ASG001776,DUD101153,2025-06-29,4,4,4,4,5,3,4,Yes,False,,
CFB0004499,CLI0100,ASG001776,DUD101153,2026-01-25,4,4,4,4,3,4,5,Yes,False,,
CFB0004500,CLI0121,ASG001777,DUD101154,2027-03-02,5,5,4,5,5,5,5,Maybe,False,,
CFB0004501,CLI0121,ASG001777,DUD101154,2026-07-19,5,5,5,5,5,5,5,Yes,False,,
CFB0004502,CLI0121,ASG001777,DUD101154,2026-06-21,4,5,4,4,3,4,3,Yes,False,,
CFB0004503,CLI0121,ASG001777,DUD101154,2026-11-03,3,3,3,2,2,3,3,Maybe,False,,
CFB0004504,CLI0265,ASG001778,DUD101154,2027-07-26,5,5,5,5,5,4,5,No,False,,
CFB0004505,CLI0265,ASG001778,DUD101154,2027-07-26,3,2,3,3,3,2,3,Yes,False,,
CFB0004506,CLI0016,ASG001779,DUD101155,2022-08-05,4,3,4,3,4,4,3,Yes,False,,
CFB0004507,CLI0016,ASG001779,DUD101155,2024-07-11,2,2,2,3,1,3,3,Maybe,False,,
CFB0004508,CLI0016,ASG001779,DUD101155,2024-11-29,5,5,4,5,4,5,5,Yes,False,,
CFB0004509,CLI0155,ASG001780,DUD101156,2025-04-13,4,4,4,4,3,4,4,Maybe,False,,
CFB0004510,CLI0155,ASG001780,DUD101156,2025-11-08,5,4,5,4,5,5,5,Yes,False,,
CFB0004511,CLI0155,ASG001780,DUD101156,2025-06-05,4,5,5,3,5,3,4,Yes,False,,
CFB0004512,CLI0155,ASG001780,DUD101156,2025-01-17,5,5,5,4,5,5,5,Yes,False,,
CFB0004513,CLI0071,ASG001781,DUD101157,2026-09-23,3,3,2,2,3,3,2,Maybe,True,Professionalism,
CFB0004514,CLI0071,ASG001781,DUD101157,2026-02-15,2,1,3,3,3,2,3,No,False,,
CFB0004515,CLI0071,ASG001781,DUD101157,2026-08-14,5,5,5,4,4,4,5,Maybe,False,,
CFB0004516,CLI0071,ASG001781,DUD101157,2027-02-25,4,4,3,4,3,5,3,Yes,False,,
CFB0004517,CLI0288,ASG001782,DUD101157,2027-08-05,5,5,5,5,5,5,5,Maybe,False,,
CFB0004518,CLI0295,ASG001783,DUD101158,2024-09-28,4,3,4,5,3,4,4,Maybe,False,,
CFB0004519,CLI0295,ASG001783,DUD101158,2026-07-13,3,4,2,3,2,3,3,Maybe,True,Attendance,
CFB0004520,CLI0295,ASG001783,DUD101158,2023-09-21,3,3,3,4,3,3,3,Yes,False,,
CFB0004521,CLI0295,ASG001783,DUD101158,2023-10-14,4,5,3,4,4,3,4,No,False,,
CFB0004522,CLI0179,ASG001784,DUD101159,2025-05-30,4,4,3,3,4,4,3,Yes,False,,
CFB0004523,CLI0179,ASG001784,DUD101159,2026-05-31,4,3,3,4,5,4,3,Maybe,False,,
CFB0004524,CLI0160,ASG001785,DUD101160,2024-11-11,5,4,5,5,4,5,5,Yes,False,,
CFB0004525,CLI0160,ASG001785,DUD101160,2024-12-03,4,5,5,3,4,3,5,Yes,False,,
CFB0004526,CLI0160,ASG001785,DUD101160,2024-11-10,5,5,5,5,4,4,4,Yes,False,,
CFB0004527,CLI0160,ASG001785,DUD101160,2024-10-05,3,3,4,2,3,3,2,No,False,,
CFB0004528,CLI0048,ASG001786,DUD101160,2025-08-27,4,4,4,5,4,5,3,Maybe,False,,
CFB0004529,CLI0048,ASG001786,DUD101160,2025-08-15,3,3,3,3,3,3,3,Maybe,True,Attendance,
CFB0004530,CLI0048,ASG001786,DUD101160,2025-08-27,3,4,4,3,2,2,3,No,False,,
CFB0004531,CLI0244,ASG001787,DUD101161,2026-11-16,5,4,4,4,5,5,5,Yes,False,,
CFB0004532,CLI0244,ASG001787,DUD101161,2026-09-02,3,3,2,3,2,3,3,Maybe,False,,
CFB0004533,CLI0244,ASG001787,DUD101161,2026-09-02,4,3,5,5,4,3,4,Yes,False,,
CFB0004534,CLI0244,ASG001787,DUD101161,2026-07-03,3,3,2,3,2,4,2,Yes,True,Attendance,
CFB0004535,CLI0009,ASG001788,DUD101161,2027-03-04,5,4,4,4,5,5,4,No,False,,
CFB0004536,CLI0255,ASG001789,DUD101162,2022-12-29,4,4,4,3,4,3,5,No,False,,
CFB0004537,CLI0139,ASG001790,DUD101163,2025-11-15,3,2,4,2,4,2,4,Maybe,True,Attendance,
CFB0004538,CLI0139,ASG001790,DUD101163,2025-02-25,4,4,3,5,4,3,4,Yes,False,,
CFB0004539,CLI0184,ASG001791,DUD101164,2025-03-12,1,2,1,1,2,1,1,Yes,False,,
CFB0004540,CLI0184,ASG001791,DUD101164,2025-02-22,3,4,3,4,3,3,2,Maybe,True,Classroom Management,
CFB0004541,CLI0020,ASG001792,DUD101165,2022-05-07,5,5,5,5,5,5,4,No,False,,
CFB0004542,CLI0086,ASG001793,DUD101166,2025-07-20,5,5,5,4,5,4,4,Yes,False,,
CFB0004543,CLI0086,ASG001793,DUD101166,2025-03-04,5,4,5,5,5,4,5,Yes,False,,
CFB0004544,CLI0003,ASG001794,DUD101167,2024-06-23,5,5,5,5,4,5,5,Yes,False,,
CFB0004545,CLI0299,ASG001795,DUD101168,2024-06-01,3,2,4,3,4,4,4,No,False,,
CFB0004546,CLI0299,ASG001795,DUD101168,2025-05-14,4,3,3,3,3,5,3,Yes,False,,
CFB0004547,CLI0299,ASG001795,DUD101168,2025-07-06,1,1,1,1,1,1,1,Maybe,False,,
CFB0004548,CLI0299,ASG001795,DUD101168,2024-09-27,4,5,5,3,3,4,5,Maybe,False,,
CFB0004549,CLI0034,ASG001796,DUD101169,2021-10-18,4,5,4,4,5,5,4,Yes,False,,
CFB0004550,CLI0034,ASG001796,DUD101169,2021-10-11,5,5,5,5,5,4,5,Yes,False,,
CFB0004551,CLI0034,ASG001796,DUD101169,2021-07-18,4,4,5,4,5,3,4,Maybe,False,,
CFB0004552,CLI0063,ASG001797,DUD101169,2025-04-20,3,3,3,2,3,3,3,Maybe,False,,
CFB0004553,CLI0075,ASG001798,DUD101170,2023-03-22,4,3,4,4,4,5,4,Maybe,False,,
CFB0004554,CLI0075,ASG001798,DUD101170,2022-09-08,5,5,5,5,5,5,5,Yes,False,,
CFB0004555,CLI0148,ASG001799,DUD101170,2025-07-11,3,3,2,4,3,4,3,Maybe,True,Communication,
CFB0004556,CLI0238,ASG001800,DUD101171,2026-02-15,4,4,4,5,4,5,5,Yes,False,,
CFB0004557,CLI0238,ASG001800,DUD101171,2026-01-29,4,4,5,4,3,4,4,Yes,False,,
CFB0004558,CLI0238,ASG001800,DUD101171,2026-04-28,5,5,5,5,5,5,4,Yes,False,,
CFB0004559,CLI0130,ASG001801,DUD101171,2026-06-22,5,5,5,5,4,5,4,Yes,False,,
CFB0004560,CLI0130,ASG001801,DUD101171,2026-07-04,4,5,4,5,3,3,4,Yes,False,,
CFB0004561,CLI0130,ASG001801,DUD101171,2026-06-23,3,4,4,2,4,3,2,Yes,False,,
CFB0004562,CLI0183,ASG001802,DUD101172,2025-11-07,2,2,2,2,2,1,2,Yes,False,,
CFB0004563,CLI0212,ASG001803,DUD101172,2027-01-28,3,3,2,4,3,3,2,Maybe,False,,
CFB0004564,CLI0212,ASG001803,DUD101172,2027-03-08,5,5,5,5,5,5,5,Yes,False,,
CFB0004565,CLI0212,ASG001803,DUD101172,2026-12-02,3,3,4,4,2,3,3,Yes,True,Communication,
CFB0004566,CLI0212,ASG001803,DUD101172,2027-01-04,5,5,5,5,5,5,5,Yes,False,,
CFB0004567,CLI0216,ASG001804,DUD101172,2028-01-26,5,5,5,5,5,5,5,Yes,False,,
CFB0004568,CLI0216,ASG001804,DUD101172,2027-06-26,4,4,5,3,3,3,4,Yes,False,,
CFB0004569,CLI0216,ASG001804,DUD101172,2027-12-13,2,2,2,3,2,3,2,No,False,,
CFB0004570,CLI0216,ASG001804,DUD101172,2027-12-02,3,3,3,3,3,2,2,No,False,,
CFB0004571,CLI0294,ASG001805,DUD101173,2023-01-27,4,4,5,5,3,4,3,Yes,False,,
CFB0004572,CLI0294,ASG001805,DUD101173,2023-12-16,5,5,5,5,5,5,5,Maybe,False,,
CFB0004573,CLI0294,ASG001805,DUD101173,2023-09-10,5,5,5,4,5,5,5,Yes,False,,
CFB0004574,CLI0292,ASG001806,DUD101174,2022-07-04,4,5,4,4,4,4,4,Yes,False,,
CFB0004575,CLI0220,ASG001807,DUD101174,2023-01-14,3,3,2,4,2,3,3,Yes,True,Communication,
CFB0004576,CLI0219,ASG001808,DUD101174,2025-04-19,5,5,5,4,4,5,5,Yes,False,,
CFB0004577,CLI0219,ASG001808,DUD101174,2023-06-25,3,4,2,2,3,4,3,Yes,False,,
CFB0004578,CLI0251,ASG001809,DUD101175,2026-05-24,2,2,3,1,2,2,1,No,False,,
CFB0004579,CLI0256,ASG001810,DUD101176,2022-09-08,4,4,4,3,3,4,3,Yes,False,,
CFB0004580,CLI0256,ASG001810,DUD101176,2022-08-21,5,5,4,4,5,5,4,Yes,False,,
CFB0004581,CLI0256,ASG001810,DUD101176,2022-07-13,4,4,4,3,4,4,4,No,False,,
CFB0004582,CLI0182,ASG001811,DUD101176,2023-08-20,4,4,5,4,4,3,4,Maybe,False,,
CFB0004583,CLI0182,ASG001811,DUD101176,2023-01-17,4,4,3,3,3,4,5,Yes,False,,
CFB0004584,CLI0059,ASG001812,DUD101176,2024-02-23,3,3,3,3,3,3,3,Maybe,True,Attendance,
CFB0004585,CLI0059,ASG001812,DUD101176,2024-08-28,5,5,5,5,5,5,4,Yes,False,,
CFB0004586,CLI0059,ASG001812,DUD101176,2026-06-16,4,5,5,4,4,3,4,Yes,False,,
CFB0004587,CLI0059,ASG001812,DUD101176,2024-11-03,4,5,3,3,4,5,4,Yes,False,,
CFB0004588,CLI0043,ASG001813,DUD101177,2025-04-24,4,4,3,5,5,4,4,Yes,False,,
CFB0004589,CLI0043,ASG001813,DUD101177,2025-04-02,4,4,3,5,3,4,5,Maybe,False,,
CFB0004590,CLI0043,ASG001813,DUD101177,2025-02-18,5,5,4,5,5,5,5,No,False,,
CFB0004591,CLI0119,ASG001814,DUD101178,2023-08-24,4,5,4,4,4,5,4,Maybe,False,,
CFB0004592,CLI0119,ASG001814,DUD101178,2023-05-24,4,4,5,4,4,4,3,Yes,False,,
CFB0004593,CLI0119,ASG001814,DUD101178,2024-02-24,3,3,4,3,2,3,2,Maybe,False,,
CFB0004594,CLI0139,ASG001815,DUD101178,2024-10-30,5,4,5,5,5,5,5,Maybe,False,,
CFB0004595,CLI0139,ASG001815,DUD101178,2025-09-06,3,2,3,3,3,3,3,Yes,False,,
CFB0004596,CLI0139,ASG001815,DUD101178,2024-10-01,3,3,4,4,3,3,4,Maybe,True,Punctuality,
CFB0004597,CLI0139,ASG001815,DUD101178,2025-08-31,1,1,1,1,1,2,1,Maybe,False,,
CFB0004598,CLI0229,ASG001816,DUD101179,2024-04-14,2,2,2,1,1,3,2,Maybe,False,,
CFB0004599,CLI0229,ASG001816,DUD101179,2025-06-27,5,5,4,5,4,5,5,Yes,False,,
CFB0004600,CLI0229,ASG001816,DUD101179,2026-07-30,4,3,3,5,4,5,3,Yes,False,,
CFB0004601,CLI0229,ASG001816,DUD101179,2024-06-26,1,1,1,1,1,1,1,Maybe,False,,
CFB0004602,CLI0069,ASG001817,DUD101180,2021-08-28,5,5,5,5,5,5,4,Maybe,False,,
CFB0004603,CLI0069,ASG001817,DUD101180,2021-09-01,4,4,5,4,5,5,5,Maybe,False,,
CFB0004604,CLI0069,ASG001817,DUD101180,2021-11-17,3,4,3,3,3,2,3,Yes,False,,
CFB0004605,CLI0069,ASG001817,DUD101180,2021-08-31,3,3,4,2,3,2,2,Maybe,True,Professionalism,
CFB0004606,CLI0044,ASG001818,DUD101180,2022-07-07,5,5,5,4,5,5,5,Yes,False,,
CFB0004607,CLI0044,ASG001818,DUD101180,2022-01-05,5,4,5,4,4,4,5,Yes,False,,
CFB0004608,CLI0044,ASG001818,DUD101180,2022-05-28,3,3,3,3,2,4,3,Yes,False,,
CFB0004609,CLI0044,ASG001818,DUD101180,2022-10-04,4,4,5,5,3,4,4,Maybe,False,,
CFB0004610,CLI0158,ASG001819,DUD101181,2021-08-10,4,4,5,4,3,3,4,Maybe,False,,
CFB0004611,CLI0158,ASG001819,DUD101181,2021-09-22,4,4,4,4,4,4,4,Maybe,False,,
CFB0004612,CLI0263,ASG001820,DUD101181,2023-09-18,3,3,2,3,3,4,3,Maybe,False,,
CFB0004613,CLI0263,ASG001820,DUD101181,2023-07-24,4,4,4,4,4,4,4,No,False,,
CFB0004614,CLI0155,ASG001821,DUD101181,2024-07-15,3,3,3,4,3,4,3,Yes,False,,
CFB0004615,CLI0155,ASG001821,DUD101181,2026-06-07,4,3,5,4,3,4,4,Yes,False,,
CFB0004616,CLI0225,ASG001822,DUD101182,2026-05-24,4,5,4,4,4,5,3,Maybe,False,,
CFB0004617,CLI0090,ASG001823,DUD101182,2026-09-18,3,3,3,4,2,4,3,Yes,False,,
CFB0004618,CLI0090,ASG001823,DUD101182,2026-09-18,4,3,5,3,4,5,3,Maybe,False,,
CFB0004619,CLI0024,ASG001824,DUD101183,2026-05-12,3,3,3,3,4,3,3,Maybe,False,,
CFB0004620,CLI0024,ASG001824,DUD101183,2025-12-15,4,5,4,4,4,4,3,Yes,False,,
CFB0004621,CLI0024,ASG001824,DUD101183,2025-03-21,4,4,4,4,5,3,3,Maybe,False,,
CFB0004622,CLI0010,ASG001825,DUD101183,2027-03-13,5,4,5,5,5,4,5,Yes,False,,
CFB0004623,CLI0010,ASG001825,DUD101183,2026-12-29,3,3,3,2,2,3,4,Yes,True,Lesson Quality,
CFB0004624,CLI0186,ASG001826,DUD101183,2028-01-05,1,1,1,1,1,1,2,Yes,False,,
CFB0004625,CLI0153,ASG001827,DUD101184,2025-04-30,4,3,5,4,5,3,4,Yes,False,,
CFB0004626,CLI0098,ASG001828,DUD101185,2022-06-17,4,4,3,3,5,4,4,Maybe,False,,
CFB0004627,CLI0098,ASG001828,DUD101185,2022-04-16,5,5,5,5,5,4,5,Yes,False,,
CFB0004628,CLI0098,ASG001828,DUD101185,2022-04-30,5,5,5,4,4,5,5,Yes,False,,
CFB0004629,CLI0098,ASG001828,DUD101185,2022-05-19,3,2,2,3,3,3,3,Maybe,True,Classroom Management,
CFB0004630,CLI0122,ASG001829,DUD101185,2025-09-30,5,4,5,5,5,5,5,Yes,False,,
CFB0004631,CLI0061,ASG001830,DUD101186,2023-04-02,3,3,4,2,3,3,3,No,False,,
CFB0004632,CLI0061,ASG001830,DUD101186,2023-06-26,2,1,2,3,2,2,1,Maybe,False,,
CFB0004633,CLI0061,ASG001830,DUD101186,2023-10-04,5,5,5,5,5,5,5,Yes,False,,
CFB0004634,CLI0197,ASG001831,DUD101186,2026-01-03,3,3,3,2,3,2,2,Maybe,False,,
CFB0004635,CLI0012,ASG001832,DUD101187,2023-01-28,2,2,2,3,3,2,2,Maybe,False,,
CFB0004636,CLI0012,ASG001832,DUD101187,2023-03-23,4,4,3,3,5,4,5,Maybe,False,,
CFB0004637,CLI0012,ASG001832,DUD101187,2024-02-17,4,4,4,4,5,4,5,Yes,False,,
CFB0004638,CLI0012,ASG001832,DUD101187,2023-07-20,4,3,4,4,3,3,4,Yes,False,,
CFB0004639,CLI0012,ASG001833,DUD101188,2026-06-20,5,5,4,4,5,5,5,Yes,False,,
CFB0004640,CLI0178,ASG001834,DUD101189,2025-06-24,4,5,5,4,5,4,4,Yes,False,,
CFB0004641,CLI0260,ASG001835,DUD101189,2026-03-17,4,5,3,5,5,3,4,Yes,False,,
CFB0004642,CLI0260,ASG001835,DUD101189,2026-02-22,3,2,3,4,2,2,2,No,True,Lesson Quality,
CFB0004643,CLI0260,ASG001835,DUD101189,2026-05-16,4,3,4,4,3,5,4,Maybe,False,,
CFB0004644,CLI0249,ASG001836,DUD101190,2022-07-03,4,4,4,3,5,3,3,Maybe,True,Lesson Quality,
CFB0004645,CLI0249,ASG001836,DUD101190,2022-06-13,2,3,2,1,2,3,1,Yes,False,,
CFB0004646,CLI0220,ASG001837,DUD101190,2024-09-28,4,4,5,5,4,3,4,No,False,,
CFB0004647,CLI0220,ASG001837,DUD101190,2026-04-19,5,4,4,5,5,5,5,Yes,False,,
CFB0004648,CLI0220,ASG001837,DUD101190,2026-05-17,4,3,5,3,5,5,4,Yes,False,,
CFB0004649,CLI0115,ASG001838,DUD101191,2025-07-01,3,3,2,3,3,3,3,Yes,False,,
CFB0004650,CLI0041,ASG001839,DUD101191,2025-11-13,4,4,4,3,4,3,4,Yes,False,,
CFB0004651,CLI0041,ASG001839,DUD101191,2026-01-10,4,3,3,4,4,3,5,Yes,True,Communication,
CFB0004652,CLI0041,ASG001839,DUD101191,2026-03-19,4,4,4,3,3,4,3,Yes,False,,
CFB0004653,CLI0041,ASG001839,DUD101191,2025-12-07,4,4,4,5,4,5,3,Yes,False,,
CFB0004654,CLI0254,ASG001840,DUD101191,2026-06-07,4,4,5,3,4,4,3,Maybe,False,,
CFB0004655,CLI0059,ASG001841,DUD101192,2021-02-13,4,4,4,4,4,4,3,Yes,False,,
CFB0004656,CLI0059,ASG001841,DUD101192,2021-05-29,4,5,3,5,4,5,4,Maybe,False,,
CFB0004657,CLI0059,ASG001841,DUD101192,2021-03-14,5,4,5,4,5,4,5,Yes,False,,
CFB0004658,CLI0084,ASG001842,DUD101192,2023-02-20,5,4,5,5,5,5,5,Yes,False,,
CFB0004659,CLI0084,ASG001842,DUD101192,2024-08-26,3,3,2,3,3,2,2,Maybe,False,,
CFB0004660,CLI0190,ASG001843,DUD101193,2024-07-27,2,1,1,2,3,1,3,Maybe,False,,
CFB0004661,CLI0190,ASG001843,DUD101193,2024-07-26,3,3,2,4,2,4,4,Yes,True,Punctuality,
CFB0004662,CLI0190,ASG001843,DUD101193,2024-10-17,4,4,3,3,4,5,5,Yes,False,,
CFB0004663,CLI0258,ASG001844,DUD101193,2025-02-03,4,5,4,4,5,5,5,Maybe,False,,
CFB0004664,CLI0258,ASG001844,DUD101193,2024-12-31,5,5,5,5,4,5,5,Yes,False,,
CFB0004665,CLI0249,ASG001845,DUD101193,2025-06-17,4,4,4,4,5,3,4,Yes,False,,
CFB0004666,CLI0249,ASG001845,DUD101193,2025-04-25,4,4,4,3,5,4,4,Yes,False,,
CFB0004667,CLI0083,ASG001846,DUD101194,2024-12-01,4,5,5,4,4,4,5,Yes,False,,
CFB0004668,CLI0083,ASG001846,DUD101194,2025-01-19,2,1,1,2,3,2,3,Maybe,True,Punctuality,
CFB0004669,CLI0083,ASG001846,DUD101194,2024-09-13,4,4,4,5,3,5,3,Maybe,False,,
CFB0004670,CLI0016,ASG001847,DUD101194,2025-05-07,4,4,4,4,3,4,3,Maybe,False,,
CFB0004671,CLI0228,ASG001848,DUD101195,2023-06-24,4,4,5,5,4,5,3,Yes,False,,
CFB0004672,CLI0100,ASG001849,DUD101195,2024-10-17,4,3,5,4,4,5,4,Yes,False,,
CFB0004673,CLI0100,ASG001849,DUD101195,2024-10-06,2,2,1,3,3,2,2,No,True,Professionalism,
CFB0004674,CLI0100,ASG001849,DUD101195,2024-06-15,1,1,1,2,1,1,1,Yes,False,,
CFB0004675,CLI0100,ASG001849,DUD101195,2026-04-27,4,4,5,5,3,3,3,Yes,False,,
CFB0004676,CLI0155,ASG001850,DUD101196,2025-09-07,3,3,4,3,2,2,3,No,False,,
CFB0004677,CLI0233,ASG001851,DUD101197,2023-12-07,4,4,3,4,4,4,4,Maybe,False,,
CFB0004678,CLI0233,ASG001851,DUD101197,2024-04-15,4,3,5,4,4,4,4,Yes,False,,
CFB0004679,CLI0233,ASG001851,DUD101197,2024-08-10,5,5,5,5,5,5,5,Maybe,False,,
CFB0004680,CLI0233,ASG001851,DUD101197,2024-05-23,5,5,5,5,4,5,5,Yes,False,,
CFB0004681,CLI0151,ASG001852,DUD101197,2026-01-26,2,1,1,1,2,2,1,No,False,,
CFB0004682,CLI0151,ASG001852,DUD101197,2025-02-04,4,4,5,4,3,5,4,Yes,False,,
CFB0004683,CLI0120,ASG001853,DUD101198,2023-04-01,4,5,5,5,3,5,4,Yes,False,,
CFB0004684,CLI0120,ASG001853,DUD101198,2023-01-27,5,5,5,5,5,5,5,Maybe,False,,
CFB0004685,CLI0120,ASG001853,DUD101198,2023-04-23,4,3,4,5,5,4,5,Yes,False,,
CFB0004686,CLI0120,ASG001853,DUD101198,2023-03-18,5,5,5,4,5,5,5,No,False,,
CFB0004687,CLI0158,ASG001854,DUD101198,2024-02-25,2,2,3,2,3,3,2,Maybe,False,,
CFB0004688,CLI0070,ASG001855,DUD101198,2025-06-22,3,3,3,2,3,2,3,Maybe,False,,
CFB0004689,CLI0195,ASG001856,DUD101199,2026-05-04,5,5,5,4,5,5,5,Yes,False,,
CFB0004690,CLI0236,ASG001857,DUD101199,2026-08-08,4,5,4,4,5,3,4,Yes,False,,
CFB0004691,CLI0236,ASG001857,DUD101199,2026-08-17,5,5,5,5,5,4,5,Yes,False,,
CFB0004692,CLI0236,ASG001857,DUD101199,2026-08-17,2,3,2,2,2,1,2,Maybe,False,,
CFB0004693,CLI0236,ASG001857,DUD101199,2026-08-09,1,1,1,1,1,1,2,No,False,,
CFB0004694,CLI0249,ASG001858,DUD101200,2026-01-15,4,4,4,4,3,3,3,Maybe,False,,
CFB0004695,CLI0129,ASG001859,DUD101200,2027-03-22,5,5,5,5,5,4,5,Yes,False,,
CFB0004696,CLI0210,ASG001860,DUD101200,2027-06-10,3,3,4,3,3,3,2,Maybe,False,,
CFB0004697,CLI0210,ASG001860,DUD101200,2027-06-10,5,5,5,4,5,4,5,Maybe,False,,
CFB0004698,CLI0238,ASG001861,DUD101201,2024-10-23,4,5,3,4,4,5,4,Yes,False,,
CFB0004699,CLI0238,ASG001861,DUD101201,2024-11-02,3,2,2,3,3,4,4,Maybe,True,Lesson Quality,
CFB0004700,CLI0238,ASG001861,DUD101201,2024-08-09,4,4,4,5,4,3,5,Yes,False,,
CFB0004701,CLI0067,ASG001862,DUD101202,2024-11-20,2,1,3,2,1,1,2,Maybe,True,Classroom Management,
CFB0004702,CLI0067,ASG001862,DUD101202,2024-08-20,5,5,5,5,4,5,5,Yes,False,,
CFB0004703,CLI0067,ASG001862,DUD101202,2024-12-22,4,3,3,4,4,4,4,Maybe,False,,
CFB0004704,CLI0067,ASG001862,DUD101202,2024-07-30,5,5,5,5,5,5,5,Yes,False,,
CFB0004705,CLI0267,ASG001863,DUD101203,2022-04-17,4,4,3,5,5,3,4,Maybe,False,,
CFB0004706,CLI0267,ASG001863,DUD101203,2023-12-22,3,4,3,4,3,3,3,Maybe,True,Communication,
CFB0004707,CLI0173,ASG001864,DUD101204,2021-12-23,4,3,4,4,4,3,5,No,False,,
CFB0004708,CLI0173,ASG001864,DUD101204,2022-04-20,4,3,5,3,4,5,5,Yes,False,,
CFB0004709,CLI0173,ASG001864,DUD101204,2021-10-12,4,4,4,4,4,5,4,Yes,False,,
CFB0004710,CLI0043,ASG001865,DUD101204,2026-06-11,4,4,3,4,4,5,4,Yes,False,,
CFB0004711,CLI0043,ASG001865,DUD101204,2025-12-18,3,4,2,4,3,3,4,Yes,False,,
CFB0004712,CLI0043,ASG001865,DUD101204,2024-12-30,4,5,4,4,3,4,4,Yes,False,,
CFB0004713,CLI0255,ASG001866,DUD101205,2026-08-06,4,4,3,4,5,5,5,No,False,,
CFB0004714,CLI0255,ASG001866,DUD101205,2026-09-20,4,5,5,5,3,5,3,Yes,False,,
CFB0004715,CLI0255,ASG001866,DUD101205,2026-06-01,2,2,1,1,2,2,3,No,False,,
CFB0004716,CLI0255,ASG001866,DUD101205,2026-02-20,4,5,4,5,5,4,3,Maybe,False,,
CFB0004717,CLI0265,ASG001867,DUD101205,2028-02-24,5,5,5,5,5,5,5,Yes,False,,
CFB0004718,CLI0265,ASG001867,DUD101205,2027-06-28,5,5,4,5,4,5,5,Yes,False,,
CFB0004719,CLI0265,ASG001867,DUD101205,2027-04-20,4,4,5,4,3,4,4,Yes,False,,
CFB0004720,CLI0193,ASG001868,DUD101206,2024-05-17,4,4,3,4,5,4,4,Yes,False,,
CFB0004721,CLI0288,ASG001869,DUD101207,2026-06-15,4,4,3,4,4,5,4,Yes,False,,
CFB0004722,CLI0200,ASG001870,DUD101208,2023-05-25,4,3,4,3,4,5,4,Yes,False,,
CFB0004723,CLI0200,ASG001870,DUD101208,2022-08-03,4,3,5,5,3,4,5,Yes,False,,
CFB0004724,CLI0113,ASG001871,DUD101208,2025-03-18,2,3,3,3,1,3,3,No,False,,
CFB0004725,CLI0113,ASG001871,DUD101208,2024-06-01,2,2,1,3,2,2,2,Yes,False,,
CFB0004726,CLI0089,ASG001872,DUD101209,2026-02-17,5,5,5,5,5,5,5,Maybe,False,,
CFB0004727,CLI0089,ASG001872,DUD101209,2026-03-04,3,2,3,4,4,3,4,Yes,False,,
CFB0004728,CLI0123,ASG001873,DUD101210,2024-04-19,3,4,2,3,3,4,3,Yes,False,,
CFB0004729,CLI0123,ASG001873,DUD101210,2024-07-11,4,4,5,5,4,4,5,Yes,False,,
CFB0004730,CLI0066,ASG001874,DUD101210,2024-12-28,4,5,4,5,5,3,4,No,False,,
CFB0004731,CLI0066,ASG001874,DUD101210,2025-04-14,5,5,4,5,5,5,5,Yes,False,,
CFB0004732,CLI0258,ASG001875,DUD101211,2024-04-17,3,4,2,3,2,3,4,Yes,False,,
CFB0004733,CLI0258,ASG001875,DUD101211,2022-01-10,4,4,3,5,4,4,3,Maybe,False,,
CFB0004734,CLI0039,ASG001876,DUD101212,2022-07-15,3,3,4,3,4,3,4,No,False,,
CFB0004735,CLI0096,ASG001877,DUD101212,2023-02-28,3,4,3,3,3,4,2,Maybe,True,Attendance,
CFB0004736,CLI0217,ASG001878,DUD101213,2025-05-04,5,4,4,5,5,4,4,Maybe,False,,
CFB0004737,CLI0081,ASG001879,DUD101214,2022-08-14,3,3,3,4,4,4,2,Yes,False,,
CFB0004738,CLI0081,ASG001879,DUD101214,2022-07-05,5,5,5,5,5,5,5,Maybe,False,,
CFB0004739,CLI0081,ASG001879,DUD101214,2022-07-09,3,2,4,4,4,2,2,Maybe,False,,
CFB0004740,CLI0272,ASG001880,DUD101214,2023-06-21,4,4,3,4,4,4,4,Yes,False,,
CFB0004741,CLI0272,ASG001880,DUD101214,2023-02-10,4,4,3,5,4,5,3,Yes,False,,
CFB0004742,CLI0272,ASG001880,DUD101214,2023-11-14,5,5,5,5,4,5,4,No,False,,
CFB0004743,CLI0077,ASG001881,DUD101214,2024-02-18,4,4,3,4,5,3,3,Maybe,False,,
CFB0004744,CLI0268,ASG001882,DUD101215,2025-01-01,3,2,2,3,3,4,3,Maybe,False,,
CFB0004745,CLI0138,ASG001883,DUD101216,2025-09-02,3,3,4,4,3,4,3,Yes,False,,
CFB0004746,CLI0138,ASG001883,DUD101216,2025-11-24,4,4,5,4,4,3,5,Yes,False,,
CFB0004747,CLI0138,ASG001883,DUD101216,2025-03-07,3,3,3,2,3,3,4,Yes,True,Lesson Quality,
CFB0004748,CLI0266,ASG001884,DUD101217,2026-04-06,4,5,3,4,4,4,3,Yes,False,,
CFB0004749,CLI0266,ASG001884,DUD101217,2025-07-17,4,4,4,5,4,3,4,Yes,False,,
CFB0004750,CLI0266,ASG001884,DUD101217,2023-07-04,3,3,2,3,3,4,4,No,False,,
CFB0004751,CLI0145,ASG001885,DUD101218,2025-10-03,4,4,4,4,3,4,4,Maybe,False,,
CFB0004752,CLI0145,ASG001885,DUD101218,2026-04-04,4,4,4,4,5,5,3,Yes,False,,
CFB0004753,CLI0145,ASG001885,DUD101218,2026-04-05,4,5,3,5,4,5,4,Yes,False,,
CFB0004754,CLI0247,ASG001886,DUD101219,2021-10-29,1,1,1,1,1,1,1,Yes,False,,
CFB0004755,CLI0044,ASG001887,DUD101220,2026-06-17,3,3,3,3,2,2,2,No,False,,
CFB0004756,CLI0044,ASG001887,DUD101220,2026-03-02,4,5,5,3,4,5,3,Yes,False,,
CFB0004757,CLI0044,ASG001887,DUD101220,2025-07-31,5,5,5,5,5,4,5,Yes,False,,
CFB0004758,CLI0044,ASG001887,DUD101220,2025-12-01,5,5,5,5,5,4,4,Yes,False,,
CFB0004759,CLI0065,ASG001888,DUD101220,2026-10-22,2,2,2,3,1,3,3,Maybe,True,Attendance,
CFB0004760,CLI0065,ASG001888,DUD101220,2026-10-22,4,4,4,4,4,4,4,Yes,False,,
CFB0004761,CLI0065,ASG001888,DUD101220,2026-10-22,5,5,5,5,5,5,5,Yes,False,,
CFB0004762,CLI0065,ASG001888,DUD101220,2026-10-22,4,4,4,4,5,5,4,Yes,False,,
CFB0004763,CLI0119,ASG001889,DUD101221,2025-12-22,4,4,4,4,4,4,4,Yes,False,,
CFB0004764,CLI0119,ASG001889,DUD101221,2022-09-13,4,5,5,4,5,5,5,Yes,False,,
CFB0004765,CLI0119,ASG001889,DUD101221,2023-06-14,4,4,3,4,3,4,4,Yes,False,,
CFB0004766,CLI0119,ASG001890,DUD101222,2026-02-05,5,5,5,4,5,4,5,Yes,False,,
CFB0004767,CLI0079,ASG001891,DUD101223,2024-09-13,4,5,5,3,5,4,4,Yes,False,,
CFB0004768,CLI0079,ASG001891,DUD101223,2021-05-11,4,4,4,5,4,4,5,Maybe,False,,
CFB0004769,CLI0152,ASG001892,DUD101224,2024-03-06,5,4,5,5,4,5,5,Yes,False,,
CFB0004770,CLI0152,ASG001892,DUD101224,2023-10-15,4,4,5,4,3,4,4,Maybe,False,,
CFB0004771,CLI0152,ASG001892,DUD101224,2023-12-15,5,5,4,5,5,4,5,Yes,False,,
CFB0004772,CLI0198,ASG001893,DUD101225,2024-05-18,3,3,3,4,3,3,2,No,True,Attendance,
CFB0004773,CLI0198,ASG001893,DUD101225,2024-01-10,3,3,4,4,3,2,3,Maybe,False,,
CFB0004774,CLI0180,ASG001894,DUD101225,2025-08-22,4,3,5,5,4,5,5,Yes,False,,
CFB0004775,CLI0180,ASG001894,DUD101225,2024-11-30,4,4,4,4,5,4,4,Yes,False,,
CFB0004776,CLI0054,ASG001895,DUD101225,2026-04-03,5,4,5,5,4,5,5,Yes,False,,
CFB0004777,CLI0131,ASG001896,DUD101226,2026-09-27,4,4,3,3,5,5,4,Yes,False,,
CFB0004778,CLI0260,ASG001897,DUD101226,2026-10-30,5,5,5,5,5,5,4,Yes,False,,
CFB0004779,CLI0212,ASG001898,DUD101227,2025-12-23,5,5,4,5,5,5,5,Maybe,False,,
CFB0004780,CLI0212,ASG001898,DUD101227,2026-06-09,5,4,4,4,5,4,5,Yes,False,,
CFB0004781,CLI0176,ASG001899,DUD101228,2023-04-02,5,5,5,4,5,5,5,Yes,False,,
CFB0004782,CLI0069,ASG001900,DUD101229,2025-03-02,4,5,5,5,5,4,4,Yes,False,,
CFB0004783,CLI0069,ASG001900,DUD101229,2025-04-06,4,4,4,3,4,5,5,Yes,False,,
CFB0004784,CLI0069,ASG001900,DUD101229,2025-05-14,4,4,4,4,5,3,5,Yes,False,,
CFB0004785,CLI0069,ASG001900,DUD101229,2025-04-22,3,2,4,3,3,3,2,Maybe,False,,
CFB0004786,CLI0176,ASG001901,DUD101229,2025-10-22,4,4,4,4,4,4,5,No,False,,
CFB0004787,CLI0176,ASG001901,DUD101229,2026-07-03,5,5,5,5,5,4,5,Maybe,False,,
CFB0004788,CLI0176,ASG001901,DUD101229,2025-08-10,3,4,2,3,3,4,2,No,False,,
CFB0004789,CLI0056,ASG001902,DUD101230,2023-06-10,4,3,3,3,5,4,5,Yes,False,,
CFB0004790,CLI0056,ASG001902,DUD101230,2023-01-02,4,5,3,4,5,4,4,Maybe,False,,
CFB0004791,CLI0056,ASG001902,DUD101230,2024-01-31,3,2,3,2,3,3,4,No,False,,
CFB0004792,CLI0127,ASG001903,DUD101230,2025-07-30,4,5,4,3,5,5,3,Yes,False,,
CFB0004793,CLI0127,ASG001903,DUD101230,2026-08-08,4,5,3,4,4,4,3,Yes,False,,
CFB0004794,CLI0007,ASG001904,DUD101231,2024-03-29,4,4,5,5,5,3,4,Maybe,False,,
CFB0004795,CLI0007,ASG001904,DUD101231,2026-08-05,5,4,5,4,5,4,5,Yes,False,,
CFB0004796,CLI0007,ASG001904,DUD101231,2024-09-04,3,3,4,3,3,3,3,No,False,,
CFB0004797,CLI0135,ASG001905,DUD101232,2026-05-29,3,3,3,2,3,3,4,Yes,False,,
CFB0004798,CLI0135,ASG001905,DUD101232,2026-04-13,3,3,2,4,3,4,3,Maybe,False,,
CFB0004799,CLI0149,ASG001906,DUD101232,2027-09-07,3,3,2,3,3,2,3,Yes,False,,
CFB0004800,CLI0149,ASG001906,DUD101232,2027-09-03,5,4,5,5,5,4,4,Yes,False,,
CFB0004801,CLI0149,ASG001906,DUD101232,2028-01-21,5,4,5,5,5,5,4,Maybe,False,,
CFB0004802,CLI0043,ASG001907,DUD101233,2026-09-07,4,4,5,5,4,3,4,Yes,False,,
CFB0004803,CLI0043,ASG001907,DUD101233,2026-03-10,4,4,3,4,4,3,3,Maybe,False,,
CFB0004804,CLI0145,ASG001908,DUD101233,2027-08-02,4,3,5,5,4,4,4,Maybe,False,,
CFB0004805,CLI0145,ASG001908,DUD101233,2028-06-12,3,2,4,3,3,2,2,No,False,,
CFB0004806,CLI0205,ASG001909,DUD101234,2025-02-16,4,3,4,5,3,4,4,Maybe,False,,
CFB0004807,CLI0205,ASG001909,DUD101234,2025-02-13,4,4,4,4,4,5,4,Yes,False,,
CFB0004808,CLI0205,ASG001909,DUD101234,2024-11-25,5,5,4,5,5,5,4,No,False,,
CFB0004809,CLI0205,ASG001909,DUD101234,2024-09-27,5,4,4,5,5,4,5,Yes,False,,
CFB0004810,CLI0001,ASG001910,DUD101234,2026-05-15,2,2,2,2,2,2,2,No,False,,
CFB0004811,CLI0001,ASG001910,DUD101234,2025-11-12,4,3,4,3,4,3,4,Yes,False,,
CFB0004812,CLI0142,ASG001911,DUD101235,2025-05-27,3,4,2,3,2,3,2,Maybe,False,,
CFB0004813,CLI0142,ASG001911,DUD101235,2025-10-08,3,2,3,3,3,2,3,Yes,False,,
CFB0004814,CLI0142,ASG001911,DUD101235,2025-07-13,2,2,1,1,2,2,2,No,True,Classroom Management,
CFB0004815,CLI0090,ASG001912,DUD101235,2027-01-21,3,3,2,2,3,3,4,Maybe,False,,
CFB0004816,CLI0090,ASG001912,DUD101235,2027-06-12,4,4,4,4,3,5,3,Yes,False,,
CFB0004817,CLI0090,ASG001912,DUD101235,2027-05-04,4,4,5,4,4,3,3,Yes,False,,
CFB0004818,CLI0090,ASG001912,DUD101235,2027-01-22,3,2,3,3,3,4,2,Yes,False,,
CFB0004819,CLI0082,ASG001913,DUD101235,2027-10-13,4,4,3,4,3,4,3,Yes,False,,
CFB0004820,CLI0082,ASG001913,DUD101235,2027-10-13,5,5,5,5,4,4,5,Yes,False,,
CFB0004821,CLI0233,ASG001914,DUD101236,2021-10-20,2,2,1,3,1,2,2,Yes,False,,
CFB0004822,CLI0233,ASG001914,DUD101236,2021-10-24,4,4,4,3,3,3,3,Maybe,False,,
CFB0004823,CLI0145,ASG001915,DUD101236,2023-03-01,4,3,4,4,4,4,4,Yes,False,,
CFB0004824,CLI0145,ASG001915,DUD101236,2022-05-23,4,5,4,4,4,4,4,Maybe,False,,
CFB0004825,CLI0150,ASG001916,DUD101236,2024-07-06,5,5,5,4,4,5,5,Yes,False,,
CFB0004826,CLI0150,ASG001916,DUD101236,2026-08-05,5,4,5,5,5,5,5,Yes,False,,
CFB0004827,CLI0150,ASG001916,DUD101236,2026-02-16,4,4,3,3,4,4,4,Yes,False,,
CFB0004828,CLI0062,ASG001917,DUD101237,2023-03-30,5,5,5,5,5,5,5,Maybe,False,,
CFB0004829,CLI0062,ASG001917,DUD101237,2025-05-12,4,3,5,5,5,4,4,Maybe,False,,
CFB0004830,CLI0062,ASG001917,DUD101237,2024-08-24,4,4,5,3,4,4,3,Yes,False,,
CFB0004831,CLI0062,ASG001917,DUD101237,2026-03-23,4,4,3,3,4,4,3,Yes,False,,
CFB0004832,CLI0230,ASG001918,DUD101238,2024-10-15,5,5,4,5,4,5,5,Yes,False,,
CFB0004833,CLI0230,ASG001918,DUD101238,2026-03-22,5,4,4,5,5,5,4,Yes,False,,
CFB0004834,CLI0168,ASG001919,DUD101239,2022-12-09,4,4,5,5,4,4,4,Yes,False,,
CFB0004835,CLI0003,ASG001920,DUD101240,2026-05-22,4,3,4,4,4,5,3,Yes,False,,
CFB0004836,CLI0003,ASG001920,DUD101240,2026-04-30,2,3,3,2,2,1,3,Yes,False,,
CFB0004837,CLI0224,ASG001921,DUD101241,2026-07-22,2,1,1,1,2,2,2,No,False,,
CFB0004838,CLI0224,ASG001921,DUD101241,2026-01-07,3,3,2,4,3,3,2,Yes,False,,
CFB0004839,CLI0016,ASG001922,DUD101242,2025-03-11,3,3,3,4,4,4,2,Maybe,False,,
CFB0004840,CLI0016,ASG001922,DUD101242,2024-12-15,4,4,4,4,4,4,4,Maybe,False,,
CFB0004841,CLI0016,ASG001922,DUD101242,2025-04-10,2,2,1,2,3,1,2,No,False,,
CFB0004842,CLI0238,ASG001923,DUD101242,2026-01-16,4,3,5,4,3,5,3,Yes,False,,
CFB0004843,CLI0238,ASG001923,DUD101242,2026-03-04,4,3,4,5,4,4,3,Yes,False,,
CFB0004844,CLI0140,ASG001924,DUD101242,2026-05-23,5,5,5,5,5,5,4,Yes,False,,
CFB0004845,CLI0140,ASG001924,DUD101242,2026-07-17,3,3,4,4,3,2,3,Maybe,False,,
CFB0004846,CLI0140,ASG001924,DUD101242,2026-08-14,2,3,1,1,2,2,3,Yes,False,,
CFB0004847,CLI0140,ASG001924,DUD101242,2026-06-29,5,5,5,5,5,5,4,No,False,,
CFB0004848,CLI0284,ASG001925,DUD101243,2022-11-07,4,3,3,4,4,5,5,Yes,False,,
CFB0004849,CLI0079,ASG001926,DUD101243,2024-06-30,3,3,3,4,3,3,3,Yes,True,Punctuality,
CFB0004850,CLI0079,ASG001926,DUD101243,2024-04-30,4,3,5,5,4,5,4,Maybe,True,Classroom Management,
CFB0004851,CLI0079,ASG001926,DUD101243,2025-02-23,5,5,4,5,5,5,4,Yes,False,,
CFB0004852,CLI0079,ASG001926,DUD101243,2026-02-18,4,4,5,4,3,4,3,No,False,,
CFB0004853,CLI0251,ASG001927,DUD101244,2026-01-01,4,3,3,4,3,4,4,Yes,False,,
CFB0004854,CLI0168,ASG001928,DUD101244,2026-07-07,4,4,3,4,3,3,4,Yes,False,,
CFB0004855,CLI0168,ASG001928,DUD101244,2026-03-29,3,4,4,3,3,3,4,Yes,False,,
CFB0004856,CLI0168,ASG001928,DUD101244,2026-08-31,5,5,5,5,5,5,5,Yes,False,,
CFB0004857,CLI0168,ASG001928,DUD101244,2026-08-03,5,5,5,5,5,5,4,Yes,False,,
CFB0004858,CLI0115,ASG001929,DUD101244,2027-02-06,3,3,3,2,4,4,3,Maybe,True,Punctuality,
CFB0004859,CLI0172,ASG001930,DUD101245,2026-01-03,5,5,5,5,5,5,5,Yes,False,,
CFB0004860,CLI0172,ASG001930,DUD101245,2025-09-28,1,2,1,1,1,1,1,No,False,,
CFB0004861,CLI0172,ASG001930,DUD101245,2025-03-30,4,4,4,4,4,4,4,Yes,False,,
CFB0004862,CLI0172,ASG001930,DUD101245,2025-01-04,4,4,5,3,4,4,4,No,False,,
CFB0004863,CLI0163,ASG001931,DUD101245,2026-04-06,2,1,3,1,1,2,3,Yes,True,Punctuality,
CFB0004864,CLI0170,ASG001932,DUD101246,2025-06-18,2,2,1,2,3,2,3,No,True,Classroom Management,
CFB0004865,CLI0170,ASG001932,DUD101246,2026-05-02,3,3,3,4,2,3,3,Maybe,True,Professionalism,
CFB0004866,CLI0170,ASG001932,DUD101246,2025-05-26,5,4,5,5,5,5,5,Maybe,False,,
CFB0004867,CLI0170,ASG001932,DUD101246,2025-04-19,4,4,4,4,4,5,3,Yes,False,,
CFB0004868,CLI0210,ASG001933,DUD101247,2025-09-23,3,3,3,3,3,4,3,Yes,False,,
CFB0004869,CLI0218,ASG001934,DUD101248,2025-05-24,4,5,4,4,4,4,5,Yes,True,Communication,
CFB0004870,CLI0218,ASG001934,DUD101248,2025-07-06,4,3,4,3,4,3,4,No,False,,
CFB0004871,CLI0204,ASG001935,DUD101248,2026-08-07,5,5,4,5,5,4,5,Maybe,False,,
CFB0004872,CLI0204,ASG001935,DUD101248,2026-08-03,5,5,5,4,5,5,4,Yes,False,,
CFB0004873,CLI0204,ASG001935,DUD101248,2026-08-11,5,5,5,5,4,5,5,Maybe,False,,
CFB0004874,CLI0127,ASG001936,DUD101249,2025-04-29,4,3,3,3,4,3,5,No,False,,
CFB0004875,CLI0127,ASG001936,DUD101249,2026-02-09,3,4,3,4,3,4,2,No,False,,
CFB0004876,CLI0126,ASG001937,DUD101249,2026-08-14,5,4,4,5,5,5,4,Yes,False,,
CFB0004877,CLI0126,ASG001937,DUD101249,2026-05-20,1,1,1,1,2,1,1,Yes,True,Communication,
CFB0004878,CLI0228,ASG001938,DUD101250,2024-06-16,4,4,5,4,4,4,4,Maybe,False,,
CFB0004879,CLI0228,ASG001938,DUD101250,2025-03-07,3,3,4,2,4,3,3,Maybe,False,,
CFB0004880,CLI0205,ASG001939,DUD101251,2025-12-03,4,4,3,4,4,4,4,Yes,False,,
CFB0004881,CLI0205,ASG001939,DUD101251,2024-12-20,3,3,3,2,3,2,3,Yes,True,Lesson Quality,
CFB0004882,CLI0191,ASG001940,DUD101252,2023-07-18,5,4,5,5,5,4,5,No,False,,
CFB0004883,CLI0230,ASG001941,DUD101253,2025-12-28,4,5,4,3,5,4,4,Maybe,False,,
CFB0004884,CLI0174,ASG001942,DUD101254,2022-02-06,5,5,4,5,5,5,5,Yes,False,,
CFB0004885,CLI0174,ASG001942,DUD101254,2022-01-21,5,5,4,5,5,5,5,Yes,True,Attendance,
CFB0004886,CLI0253,ASG001943,DUD101254,2023-04-16,4,4,3,5,4,4,3,Yes,False,,
CFB0004887,CLI0253,ASG001943,DUD101254,2022-12-22,4,4,5,3,4,4,4,Yes,False,,
CFB0004888,CLI0253,ASG001943,DUD101254,2022-12-25,5,5,5,5,4,5,5,Yes,True,Attendance,
CFB0004889,CLI0253,ASG001943,DUD101254,2023-01-10,2,2,3,2,2,2,1,No,False,,
CFB0004890,CLI0093,ASG001944,DUD101254,2023-09-30,4,4,4,3,4,4,3,Yes,False,,
CFB0004891,CLI0093,ASG001944,DUD101254,2024-07-07,3,3,3,3,2,4,3,Maybe,False,,
CFB0004892,CLI0073,ASG001945,DUD101255,2022-02-05,2,3,2,2,2,2,3,Yes,False,,
CFB0004893,CLI0073,ASG001945,DUD101255,2021-11-27,5,5,4,4,5,5,5,Yes,False,,
CFB0004894,CLI0073,ASG001945,DUD101255,2022-03-04,5,5,4,4,5,5,5,Yes,False,,
CFB0004895,CLI0133,ASG001946,DUD101256,2024-02-12,4,4,5,4,3,4,4,Maybe,False,,
CFB0004896,CLI0285,ASG001947,DUD101256,2024-08-02,4,4,5,3,4,4,4,Yes,False,,
CFB0004897,CLI0117,ASG001948,DUD101256,2026-04-26,5,5,5,5,5,5,5,Yes,True,Attendance,
CFB0004898,CLI0200,ASG001949,DUD101257,2023-12-26,4,5,5,4,5,5,3,Maybe,False,,
CFB0004899,CLI0167,ASG001950,DUD101258,2026-03-10,3,3,3,3,2,3,4,Maybe,False,,
CFB0004900,CLI0167,ASG001950,DUD101258,2026-01-28,4,4,3,4,3,4,5,Yes,False,,
CFB0004901,CLI0167,ASG001950,DUD101258,2026-01-16,3,2,4,4,3,4,2,Maybe,False,,
CFB0004902,CLI0167,ASG001950,DUD101258,2026-02-28,4,5,3,4,5,3,4,Yes,False,,
CFB0004903,CLI0044,ASG001951,DUD101258,2026-09-15,2,2,2,1,1,3,1,Maybe,False,,
CFB0004904,CLI0044,ASG001951,DUD101258,2026-09-15,5,5,5,4,5,5,5,Maybe,False,,
CFB0004905,CLI0044,ASG001951,DUD101258,2026-09-15,4,4,4,4,5,3,3,Yes,False,,
CFB0004906,CLI0261,ASG001952,DUD101259,2021-11-22,3,3,3,3,3,3,3,Maybe,False,,
CFB0004907,CLI0188,ASG001953,DUD101259,2022-02-05,5,5,5,4,5,5,5,Yes,False,,
CFB0004908,CLI0188,ASG001953,DUD101259,2022-11-29,4,3,4,4,4,4,4,Yes,False,,
CFB0004909,CLI0170,ASG001954,DUD101260,2026-07-29,3,3,2,3,4,3,4,Yes,False,,
CFB0004910,CLI0170,ASG001954,DUD101260,2026-02-03,3,3,4,2,3,3,3,Maybe,False,,
CFB0004911,CLI0170,ASG001954,DUD101260,2024-01-26,4,4,5,4,4,4,5,Yes,False,,
CFB0004912,CLI0005,ASG001955,DUD101261,2026-03-17,5,4,5,5,5,5,5,Maybe,False,,
CFB0004913,CLI0005,ASG001955,DUD101261,2026-07-17,4,3,4,4,4,3,5,Yes,True,Punctuality,
CFB0004914,CLI0005,ASG001955,DUD101261,2026-02-03,4,5,4,5,3,4,4,Maybe,False,,
CFB0004915,CLI0153,ASG001956,DUD101261,2026-08-30,4,4,5,4,5,4,5,Yes,True,Communication,
CFB0004916,CLI0153,ASG001956,DUD101261,2026-08-30,3,4,3,3,2,3,2,No,True,Communication,
CFB0004917,CLI0153,ASG001956,DUD101261,2026-08-30,4,4,5,4,4,4,4,Yes,False,,
CFB0004918,CLI0153,ASG001956,DUD101261,2026-08-30,3,3,3,2,3,3,3,Yes,False,,
CFB0004919,CLI0200,ASG001957,DUD101262,2024-08-06,4,4,4,4,3,5,3,Yes,False,,
CFB0004920,CLI0200,ASG001957,DUD101262,2025-03-30,4,5,5,4,4,3,4,Maybe,False,,
CFB0004921,CLI0200,ASG001957,DUD101262,2024-11-18,4,3,3,3,4,3,3,Yes,False,,
CFB0004922,CLI0218,ASG001958,DUD101263,2026-05-13,4,5,4,4,4,3,5,Yes,False,,
CFB0004923,CLI0274,ASG001959,DUD101263,2026-06-29,5,5,5,4,4,5,4,Yes,False,,
CFB0004924,CLI0248,ASG001960,DUD101263,2027-07-08,3,4,4,3,3,4,4,Maybe,False,,
CFB0004925,CLI0076,ASG001961,DUD101264,2025-09-26,5,4,4,5,5,4,5,Maybe,False,,
CFB0004926,CLI0076,ASG001961,DUD101264,2025-11-17,5,4,4,5,4,4,4,Maybe,False,,
CFB0004927,CLI0076,ASG001961,DUD101264,2025-05-06,5,5,5,4,5,4,5,Maybe,False,,
CFB0004928,CLI0076,ASG001961,DUD101264,2025-10-29,4,5,5,4,4,5,5,Yes,False,,
CFB0004929,CLI0211,ASG001962,DUD101264,2026-05-01,3,3,4,3,2,3,3,Yes,False,,
CFB0004930,CLI0211,ASG001962,DUD101264,2026-02-22,4,4,4,4,5,3,5,Yes,False,,
CFB0004931,CLI0211,ASG001962,DUD101264,2026-06-17,4,4,4,4,4,3,4,Yes,False,,
CFB0004932,CLI0021,ASG001963,DUD101264,2026-12-07,4,5,4,3,4,4,4,Yes,False,,
CFB0004933,CLI0021,ASG001963,DUD101264,2026-08-13,5,5,5,5,4,4,5,Yes,False,,
CFB0004934,CLI0021,ASG001963,DUD101264,2026-12-08,1,1,1,1,2,1,1,Yes,False,,
CFB0004935,CLI0021,ASG001963,DUD101264,2026-08-13,4,4,4,4,5,4,4,Yes,False,,
CFB0004936,CLI0057,ASG001964,DUD101265,2025-03-17,3,2,3,4,3,3,3,No,False,,
CFB0004937,CLI0044,ASG001965,DUD101266,2022-02-11,5,4,5,5,5,5,5,Yes,False,,
CFB0004938,CLI0044,ASG001965,DUD101266,2022-01-11,5,5,5,5,4,5,5,Yes,True,Attendance,
CFB0004939,CLI0276,ASG001966,DUD101266,2023-06-30,4,4,4,3,3,5,4,Yes,False,,
CFB0004940,CLI0276,ASG001966,DUD101266,2025-09-03,3,3,4,2,3,4,2,Maybe,False,,
CFB0004941,CLI0276,ASG001966,DUD101266,2026-08-15,5,5,5,5,5,5,4,Yes,False,,
CFB0004942,CLI0276,ASG001966,DUD101266,2023-07-18,3,3,3,3,4,4,3,No,True,Punctuality,
CFB0004943,CLI0270,ASG001967,DUD101267,2025-01-23,2,1,3,3,3,2,2,Maybe,False,,
CFB0004944,CLI0198,ASG001968,DUD101268,2025-10-15,5,5,5,5,5,4,5,No,False,,
CFB0004945,CLI0198,ASG001968,DUD101268,2023-11-30,5,5,5,5,4,5,5,Yes,False,,
CFB0004946,CLI0167,ASG001969,DUD101269,2025-01-09,4,3,5,5,4,3,4,Yes,False,,
CFB0004947,CLI0167,ASG001969,DUD101269,2024-10-20,4,4,4,3,4,4,3,Yes,False,,
CFB0004948,CLI0167,ASG001969,DUD101269,2024-12-05,4,5,4,5,3,4,5,Yes,False,,
CFB0004949,CLI0167,ASG001969,DUD101269,2024-12-09,3,2,3,3,3,3,2,Maybe,False,,
CFB0004950,CLI0026,ASG001970,DUD101270,2026-04-30,4,5,5,4,4,4,4,Maybe,False,,
CFB0004951,CLI0026,ASG001970,DUD101270,2026-02-07,4,4,4,5,4,4,3,Yes,False,,
CFB0004952,CLI0225,ASG001971,DUD101271,2025-03-16,3,3,2,3,3,2,3,Yes,False,,
CFB0004953,CLI0225,ASG001971,DUD101271,2025-05-16,5,5,5,4,5,5,4,Yes,False,,
CFB0004954,CLI0225,ASG001971,DUD101271,2025-07-15,2,2,1,2,2,3,2,Yes,False,,
CFB0004955,CLI0142,ASG001972,DUD101272,2026-04-03,4,4,5,4,3,4,4,Yes,False,,
CFB0004956,CLI0142,ASG001972,DUD101272,2024-01-19,5,5,5,5,5,5,5,Yes,False,,
CFB0004957,CLI0100,ASG001973,DUD101273,2026-02-21,4,5,4,4,3,4,3,Yes,False,,
CFB0004958,CLI0100,ASG001973,DUD101273,2024-09-05,4,4,3,4,3,3,3,Yes,False,,
CFB0004959,CLI0267,ASG001974,DUD101274,2021-07-19,3,4,4,3,4,3,3,Yes,True,Lesson Quality,
CFB0004960,CLI0267,ASG001974,DUD101274,2021-08-09,3,3,3,3,3,3,3,Maybe,False,,
CFB0004961,CLI0252,ASG001975,DUD101275,2023-09-07,4,3,3,4,5,5,3,Yes,False,,
CFB0004962,CLI0252,ASG001975,DUD101275,2024-09-19,3,3,2,3,3,4,2,No,True,Lesson Quality,
CFB0004963,CLI0252,ASG001975,DUD101275,2024-10-29,5,5,5,5,5,5,4,Yes,False,,
CFB0004964,CLI0286,ASG001976,DUD101275,2025-07-04,4,4,4,3,5,4,3,Yes,False,,
CFB0004965,CLI0286,ASG001976,DUD101275,2025-02-14,3,2,4,2,3,2,4,Maybe,False,,
CFB0004966,CLI0286,ASG001976,DUD101275,2025-04-04,5,5,5,5,5,4,4,Yes,False,,
CFB0004967,CLI0156,ASG001977,DUD101275,2025-12-26,5,4,5,4,5,4,5,Maybe,False,,
CFB0004968,CLI0156,ASG001977,DUD101275,2026-02-22,5,5,4,5,5,5,4,Maybe,False,,
CFB0004969,CLI0279,ASG001978,DUD101276,2024-07-16,3,3,2,4,3,4,3,Yes,True,Professionalism,
CFB0004970,CLI0279,ASG001978,DUD101276,2024-05-04,3,3,3,4,2,4,3,No,False,,
CFB0004971,CLI0119,ASG001979,DUD101276,2026-05-20,4,3,5,4,3,5,3,Yes,False,,
CFB0004972,CLI0131,ASG001980,DUD101277,2024-07-14,5,5,5,5,5,5,5,Yes,False,,
CFB0004973,CLI0131,ASG001980,DUD101277,2025-12-29,3,3,4,3,2,3,3,No,False,,
CFB0004974,CLI0066,ASG001981,DUD101278,2026-08-04,5,4,5,5,4,4,4,Yes,False,,
CFB0004975,CLI0066,ASG001981,DUD101278,2026-05-07,2,3,2,2,2,1,2,Maybe,True,Communication,
CFB0004976,CLI0047,ASG001982,DUD101279,2023-11-01,3,2,3,3,3,3,2,Yes,False,,
CFB0004977,CLI0047,ASG001982,DUD101279,2024-05-01,3,3,2,2,3,3,3,Maybe,False,,
CFB0004978,CLI0047,ASG001982,DUD101279,2024-05-05,3,2,3,3,4,3,4,Maybe,False,,
CFB0004979,CLI0047,ASG001982,DUD101279,2024-01-09,4,3,5,5,3,4,5,Yes,False,,
CFB0004980,CLI0257,ASG001983,DUD101279,2025-06-05,4,4,5,4,4,4,3,No,False,,
CFB0004981,CLI0257,ASG001983,DUD101279,2025-07-11,4,4,5,4,4,4,5,Maybe,False,,
CFB0004982,CLI0192,ASG001984,DUD101280,2024-09-27,4,5,4,4,3,5,5,Maybe,False,,
CFB0004983,CLI0192,ASG001984,DUD101280,2024-05-30,3,2,3,3,2,4,2,Yes,False,,
CFB0004984,CLI0192,ASG001984,DUD101280,2024-08-02,3,3,3,2,3,2,3,Maybe,True,Attendance,
CFB0004985,CLI0192,ASG001984,DUD101280,2024-05-23,4,4,4,4,4,3,4,Yes,False,,
CFB0004986,CLI0192,ASG001985,DUD101281,2026-06-05,5,5,5,4,5,4,5,Yes,True,Professionalism,
CFB0004987,CLI0270,ASG001986,DUD101281,2027-06-26,3,2,4,3,3,4,3,No,False,,
CFB0004988,CLI0270,ASG001986,DUD101281,2027-02-03,4,4,4,4,4,5,5,Yes,False,,
CFB0004989,CLI0270,ASG001986,DUD101281,2028-01-13,5,5,5,5,5,5,5,Yes,False,,
CFB0004990,CLI0290,ASG001987,DUD101282,2026-08-15,4,3,3,4,4,4,5,Yes,False,,
CFB0004991,CLI0290,ASG001987,DUD101282,2025-08-26,4,3,4,5,4,3,3,Yes,False,,
CFB0004992,CLI0290,ASG001987,DUD101282,2026-06-19,5,4,5,5,4,5,4,Maybe,False,,
CFB0004993,CLI0290,ASG001987,DUD101282,2026-01-28,2,2,2,3,2,1,1,Yes,False,,
CFB0004994,CLI0083,ASG001988,DUD101283,2023-11-08,3,4,2,4,3,3,3,Maybe,True,Lesson Quality,
CFB0004995,CLI0083,ASG001988,DUD101283,2023-11-06,4,3,5,4,4,5,4,Yes,False,,
CFB0004996,CLI0083,ASG001988,DUD101283,2024-01-08,4,4,4,4,4,3,5,Maybe,False,,
CFB0004997,CLI0083,ASG001988,DUD101283,2023-11-04,4,4,4,5,4,5,4,Yes,False,,
CFB0004998,CLI0148,ASG001989,DUD101284,2022-02-16,3,2,2,3,3,3,4,Yes,True,Lesson Quality,
CFB0004999,CLI0148,ASG001989,DUD101284,2023-02-02,4,5,5,5,4,5,3,Yes,False,,
CFB0005000,CLI0089,ASG001990,DUD101284,2023-07-20,4,4,3,4,5,4,3,Yes,False,,
CFB0005001,CLI0089,ASG001990,DUD101284,2023-10-07,2,1,2,2,3,2,2,Maybe,True,Classroom Management,
CFB0005002,CLI0089,ASG001990,DUD101284,2023-11-24,5,5,5,4,5,5,4,Yes,False,,
CFB0005003,CLI0130,ASG001991,DUD101285,2023-02-09,4,5,5,5,4,4,4,Yes,False,,
CFB0005004,CLI0130,ASG001991,DUD101285,2022-12-14,2,2,3,1,3,2,3,Yes,False,,
CFB0005005,CLI0130,ASG001991,DUD101285,2022-12-26,3,4,4,2,3,2,4,Maybe,False,,
CFB0005006,CLI0007,ASG001992,DUD101286,2024-07-15,5,5,5,5,4,5,5,Yes,True,Punctuality,
CFB0005007,CLI0007,ASG001992,DUD101286,2024-02-22,2,2,2,3,2,2,2,Yes,True,Communication,
CFB0005008,CLI0007,ASG001992,DUD101286,2023-10-07,5,5,4,5,5,5,4,No,False,,
CFB0005009,CLI0177,ASG001993,DUD101287,2023-12-11,4,4,5,4,4,5,4,Yes,False,,
CFB0005010,CLI0177,ASG001993,DUD101287,2023-04-16,5,5,5,5,5,4,5,Yes,False,,
CFB0005011,CLI0177,ASG001993,DUD101287,2024-02-18,4,5,4,4,3,3,4,Maybe,False,,
CFB0005012,CLI0095,ASG001994,DUD101287,2025-06-16,5,5,5,5,5,5,5,Yes,False,,
CFB0005013,CLI0095,ASG001994,DUD101287,2026-03-20,3,4,4,2,3,4,3,Maybe,True,Punctuality,
CFB0005014,CLI0047,ASG001995,DUD101288,2025-12-07,4,4,4,5,4,3,4,Maybe,False,,
CFB0005015,CLI0047,ASG001995,DUD101288,2025-09-15,3,3,4,3,2,4,3,No,False,,
CFB0005016,CLI0047,ASG001995,DUD101288,2025-12-12,4,4,4,4,5,4,3,Maybe,False,,
CFB0005017,CLI0275,ASG001996,DUD101289,2026-07-06,5,5,5,5,4,4,5,Yes,False,,
CFB0005018,CLI0014,ASG001997,DUD101290,2025-04-14,4,3,5,4,5,5,5,No,False,,
CFB0005019,CLI0118,ASG001998,DUD101290,2026-04-16,4,5,3,4,5,4,3,Maybe,False,,
CFB0005020,CLI0059,ASG001999,DUD101291,2022-10-26,4,4,3,3,3,4,4,Yes,False,,
CFB0005021,CLI0059,ASG001999,DUD101291,2021-06-19,5,5,4,4,5,5,4,Yes,False,,
CFB0005022,CLI0059,ASG001999,DUD101291,2022-08-01,5,4,5,4,5,5,5,Yes,False,,
CFB0005023,CLI0059,ASG001999,DUD101291,2022-02-19,4,5,4,4,5,5,4,No,False,,
CFB0005024,CLI0212,ASG002000,DUD101291,2023-09-22,2,2,1,3,3,2,1,Maybe,True,Punctuality,
CFB0005025,CLI0243,ASG002001,DUD101292,2024-07-19,5,5,5,5,4,5,5,Yes,False,,
CFB0005026,CLI0243,ASG002001,DUD101292,2026-03-30,4,3,4,3,4,4,3,Yes,False,,
CFB0005027,CLI0021,ASG002002,DUD101293,2022-08-27,4,4,3,4,3,3,4,Yes,False,,
CFB0005028,CLI0288,ASG002003,DUD101293,2023-07-19,4,4,5,5,4,5,4,Yes,False,,
CFB0005029,CLI0288,ASG002003,DUD101293,2023-08-16,4,5,3,5,4,3,4,Yes,False,,
CFB0005030,CLI0288,ASG002003,DUD101293,2023-05-18,1,1,1,1,1,2,2,Maybe,False,,
CFB0005031,CLI0288,ASG002003,DUD101293,2023-04-30,4,4,5,3,4,3,5,Yes,True,Communication,
CFB0005032,CLI0101,ASG002004,DUD101294,2022-12-18,3,4,3,2,3,4,2,Maybe,False,,
CFB0005033,CLI0101,ASG002004,DUD101294,2022-11-09,3,4,2,4,2,3,3,Yes,True,Lesson Quality,
CFB0005034,CLI0097,ASG002005,DUD101295,2023-12-29,4,4,5,4,4,5,4,Yes,False,,
CFB0005035,CLI0097,ASG002005,DUD101295,2024-06-05,4,4,4,4,4,5,4,Maybe,False,,
CFB0005036,CLI0097,ASG002005,DUD101295,2025-06-24,5,4,4,5,5,5,5,No,False,,
CFB0005037,CLI0111,ASG002006,DUD101296,2021-12-01,4,4,4,4,3,5,4,Maybe,False,,
CFB0005038,CLI0111,ASG002006,DUD101296,2021-11-28,4,4,4,5,4,5,4,Yes,False,,
CFB0005039,CLI0111,ASG002006,DUD101296,2021-05-11,5,4,5,5,5,5,5,Yes,False,,
CFB0005040,CLI0111,ASG002006,DUD101296,2021-03-30,5,5,5,4,5,4,5,No,False,,
CFB0005041,CLI0293,ASG002007,DUD101296,2022-11-30,3,2,3,3,3,3,3,Maybe,False,,
CFB0005042,CLI0293,ASG002007,DUD101296,2023-04-25,5,5,5,5,5,5,5,Yes,False,,
CFB0005043,CLI0107,ASG002008,DUD101296,2023-09-15,5,5,5,4,5,5,5,Maybe,False,,
CFB0005044,CLI0107,ASG002008,DUD101296,2023-08-25,5,4,5,5,4,5,4,Yes,False,,
CFB0005045,CLI0107,ASG002008,DUD101296,2023-09-09,4,3,4,4,5,4,4,Yes,False,,
CFB0005046,CLI0107,ASG002008,DUD101296,2023-08-04,5,5,5,4,5,4,4,Yes,False,,
CFB0005047,CLI0019,ASG002009,DUD101297,2024-12-05,5,4,5,4,5,4,4,Yes,False,,
CFB0005048,CLI0019,ASG002009,DUD101297,2025-04-09,3,2,3,4,2,3,2,Maybe,True,Punctuality,
CFB0005049,CLI0103,ASG002010,DUD101297,2026-09-27,4,4,4,5,3,4,5,Maybe,False,,
CFB0005050,CLI0113,ASG002011,DUD101298,2025-05-05,2,2,3,2,3,3,1,Maybe,False,,
CFB0005051,CLI0113,ASG002011,DUD101298,2025-02-08,4,3,4,3,4,5,5,Yes,False,,
CFB0005052,CLI0206,ASG002012,DUD101298,2026-04-17,3,3,2,2,4,3,3,Yes,False,,
CFB0005053,CLI0206,ASG002012,DUD101298,2026-06-01,3,3,3,2,3,3,2,Maybe,False,,
CFB0005054,CLI0206,ASG002012,DUD101298,2025-09-11,4,5,5,4,5,5,3,Yes,False,,
CFB0005055,CLI0062,ASG002013,DUD101299,2024-09-12,5,4,5,5,4,5,5,Yes,False,,
CFB0005056,CLI0062,ASG002013,DUD101299,2025-02-03,4,4,4,4,4,3,4,Maybe,False,,
CFB0005057,CLI0062,ASG002013,DUD101299,2025-07-03,4,5,4,4,5,4,4,Yes,False,,
CFB0005058,CLI0062,ASG002013,DUD101299,2024-12-29,4,5,5,4,4,4,4,Maybe,False,,
CFB0005059,CLI0187,ASG002014,DUD101299,2025-11-02,2,3,1,1,2,3,3,No,False,,
CFB0005060,CLI0187,ASG002014,DUD101299,2025-11-18,4,4,3,5,5,5,3,Maybe,False,,
CFB0005061,CLI0187,ASG002014,DUD101299,2026-05-06,3,2,2,4,4,4,3,Yes,False,,
CFB0005062,CLI0187,ASG002014,DUD101299,2025-08-27,4,5,4,4,3,5,4,Yes,False,,
CFB0005063,CLI0102,ASG002015,DUD101300,2022-06-06,3,3,3,3,3,2,4,Maybe,True,Punctuality,
CFB0005064,CLI0140,ASG002016,DUD101301,2021-10-13,5,5,5,5,5,5,4,Yes,False,,
CFB0005065,CLI0140,ASG002016,DUD101301,2022-04-11,5,5,5,5,5,5,4,Yes,False,,
CFB0005066,CLI0264,ASG002017,DUD101302,2025-06-22,4,3,5,5,3,5,4,Yes,False,,
CFB0005067,CLI0247,ASG002018,DUD101302,2025-11-12,3,3,3,2,2,2,3,No,False,,
CFB0005068,CLI0168,ASG002019,DUD101303,2023-09-16,4,4,3,5,4,4,4,Maybe,False,,
CFB0005069,CLI0168,ASG002019,DUD101303,2024-01-17,3,3,3,2,4,3,3,Yes,False,,
CFB0005070,CLI0168,ASG002019,DUD101303,2024-03-17,3,2,3,4,4,2,2,Maybe,False,,
CFB0005071,CLI0168,ASG002019,DUD101303,2023-12-12,3,4,4,3,2,3,4,Yes,False,,
CFB0005072,CLI0231,ASG002020,DUD101303,2025-07-06,5,5,5,5,5,5,5,Yes,False,,
CFB0005073,CLI0231,ASG002020,DUD101303,2024-10-12,4,5,5,4,4,3,5,Yes,False,,
CFB0005074,CLI0039,ASG002021,DUD101303,2026-04-27,5,5,5,5,4,5,5,Yes,False,,
CFB0005075,CLI0104,ASG002022,DUD101304,2024-07-13,4,4,5,3,4,4,3,Yes,False,,
CFB0005076,CLI0130,ASG002023,DUD101304,2025-08-23,4,4,3,5,5,3,4,Yes,False,,
CFB0005077,CLI0130,ASG002023,DUD101304,2026-03-07,4,5,4,5,3,5,5,Yes,False,,
CFB0005078,CLI0130,ASG002023,DUD101304,2025-02-19,1,1,2,1,2,2,1,No,False,,
CFB0005079,CLI0229,ASG002024,DUD101304,2026-08-03,4,3,4,4,4,4,5,Yes,False,,
CFB0005080,CLI0229,ASG002024,DUD101304,2026-03-23,4,4,3,4,5,5,3,Yes,False,,
CFB0005081,CLI0229,ASG002024,DUD101304,2026-07-12,5,4,5,5,5,5,4,Yes,False,,
CFB0005082,CLI0011,ASG002025,DUD101305,2023-03-22,5,5,5,5,5,5,4,Yes,False,,
CFB0005083,CLI0011,ASG002025,DUD101305,2022-12-13,5,5,4,4,4,5,4,Maybe,False,,
CFB0005084,CLI0011,ASG002025,DUD101305,2023-12-29,3,2,4,2,2,3,4,Maybe,False,,
CFB0005085,CLI0199,ASG002026,DUD101306,2022-11-16,3,4,3,4,4,3,3,Maybe,True,Classroom Management,
CFB0005086,CLI0199,ASG002026,DUD101306,2025-10-15,4,4,4,5,3,4,5,Yes,False,,
CFB0005087,CLI0199,ASG002026,DUD101306,2025-09-04,4,4,3,3,4,4,4,Yes,False,,
CFB0005088,CLI0199,ASG002026,DUD101306,2026-06-18,5,5,4,5,4,5,5,Yes,False,,
CFB0005089,CLI0283,ASG002027,DUD101307,2022-04-09,4,4,5,4,4,5,4,Yes,False,,
CFB0005090,CLI0283,ASG002027,DUD101307,2022-08-30,5,5,5,4,4,5,5,Maybe,False,,
CFB0005091,CLI0283,ASG002027,DUD101307,2022-03-09,4,4,5,4,4,5,3,Yes,False,,
CFB0005092,CLI0010,ASG002028,DUD101308,2024-03-06,5,5,4,5,5,5,4,Yes,False,,
CFB0005093,CLI0072,ASG002029,DUD101309,2025-05-24,4,4,5,4,3,4,4,Yes,False,,
CFB0005094,CLI0072,ASG002029,DUD101309,2025-10-15,4,4,3,4,3,4,5,Yes,False,,
CFB0005095,CLI0182,ASG002030,DUD101310,2023-07-05,5,4,5,5,5,5,5,Maybe,False,,
CFB0005096,CLI0182,ASG002030,DUD101310,2025-08-02,3,3,2,3,3,3,4,No,False,,
CFB0005097,CLI0182,ASG002030,DUD101310,2022-07-24,3,3,3,4,3,4,3,No,False,,
CFB0005098,CLI0036,ASG002031,DUD101311,2026-09-17,2,3,2,3,2,2,2,Maybe,False,,
CFB0005099,CLI0036,ASG002031,DUD101311,2026-02-05,5,4,5,4,5,5,5,Yes,False,,
CFB0005100,CLI0262,ASG002032,DUD101311,2026-11-07,4,5,4,5,5,5,3,Yes,False,,
CFB0005101,CLI0262,ASG002032,DUD101311,2026-11-07,4,4,5,5,4,5,4,Maybe,False,,
CFB0005102,CLI0262,ASG002032,DUD101311,2026-11-07,5,5,5,5,4,4,5,Yes,False,,
CFB0005103,CLI0129,ASG002033,DUD101312,2023-10-02,2,2,1,3,2,2,2,Yes,False,,
CFB0005104,CLI0070,ASG002034,DUD101312,2024-07-27,3,4,2,4,3,3,4,Maybe,False,,
CFB0005105,CLI0070,ASG002034,DUD101312,2023-11-10,1,1,1,1,1,1,1,Maybe,False,,
CFB0005106,CLI0070,ASG002034,DUD101312,2024-02-01,4,4,4,5,4,4,4,Yes,False,,
CFB0005107,CLI0070,ASG002034,DUD101312,2026-02-28,4,5,3,4,4,3,3,Yes,True,Classroom Management,
CFB0005108,CLI0189,ASG002035,DUD101313,2025-05-20,5,4,5,5,5,5,5,Yes,False,,
CFB0005109,CLI0189,ASG002035,DUD101313,2024-10-20,3,4,3,4,3,2,3,No,False,,
CFB0005110,CLI0189,ASG002035,DUD101313,2023-07-01,3,3,4,3,4,3,3,Yes,False,,
CFB0005111,CLI0253,ASG002036,DUD101314,2025-11-27,4,4,5,4,4,5,4,Maybe,False,,
CFB0005112,CLI0253,ASG002036,DUD101314,2025-05-06,5,5,5,5,4,4,4,Yes,False,,
CFB0005113,CLI0253,ASG002036,DUD101314,2024-06-18,4,5,4,3,4,3,4,Yes,False,,
CFB0005114,CLI0072,ASG002037,DUD101315,2023-12-04,4,5,4,5,3,4,4,Maybe,False,,
CFB0005115,CLI0072,ASG002037,DUD101315,2025-09-26,4,4,3,4,4,4,3,Yes,False,,
CFB0005116,CLI0018,ASG002038,DUD101316,2022-12-19,4,4,3,4,4,5,4,No,False,,
CFB0005117,CLI0018,ASG002038,DUD101316,2023-08-22,4,4,4,4,4,4,4,Maybe,False,,
CFB0005118,CLI0213,ASG002039,DUD101317,2024-10-23,4,4,3,4,4,4,4,No,False,,
CFB0005119,CLI0213,ASG002039,DUD101317,2024-12-17,4,4,4,5,5,5,5,Yes,False,,
CFB0005120,CLI0213,ASG002039,DUD101317,2025-01-05,4,5,4,3,5,4,4,Yes,False,,
CFB0005121,CLI0213,ASG002039,DUD101317,2024-11-08,5,5,4,5,5,5,5,No,False,,
CFB0005122,CLI0043,ASG002040,DUD101317,2025-06-27,5,5,5,4,4,5,4,Yes,False,,
CFB0005123,CLI0252,ASG002041,DUD101318,2026-04-14,4,4,3,5,4,4,5,Yes,False,,
CFB0005124,CLI0252,ASG002041,DUD101318,2024-11-04,2,2,2,3,2,3,2,Yes,False,,
CFB0005125,CLI0252,ASG002041,DUD101318,2026-01-15,3,3,4,3,4,4,4,Maybe,False,,
CFB0005126,CLI0088,ASG002042,DUD101319,2021-11-11,4,5,5,4,5,4,3,Yes,False,,
CFB0005127,CLI0088,ASG002042,DUD101319,2021-12-08,5,5,4,4,5,5,5,Yes,False,,
CFB0005128,CLI0228,ASG002043,DUD101319,2022-01-20,5,5,5,5,5,4,5,Yes,False,,
CFB0005129,CLI0129,ASG002044,DUD101319,2026-03-26,4,4,3,3,5,4,3,Yes,False,,
CFB0005130,CLI0129,ASG002044,DUD101319,2026-06-25,3,3,2,3,2,3,2,Yes,False,,
CFB0005131,CLI0129,ASG002044,DUD101319,2024-05-30,5,5,5,5,5,4,5,Yes,False,,
CFB0005132,CLI0129,ASG002044,DUD101319,2023-09-28,4,3,4,3,5,5,4,Maybe,False,,
CFB0005133,CLI0073,ASG002045,DUD101320,2023-05-07,4,3,4,4,4,3,3,Yes,False,,
CFB0005134,CLI0073,ASG002045,DUD101320,2023-05-24,3,2,4,4,4,3,2,Yes,False,,
CFB0005135,CLI0073,ASG002045,DUD101320,2023-04-12,2,2,2,1,3,2,2,Maybe,False,,
CFB0005136,CLI0073,ASG002045,DUD101320,2023-03-22,5,5,5,5,5,5,4,Yes,False,,
CFB0005137,CLI0284,ASG002046,DUD101320,2023-09-09,4,4,5,4,4,3,4,Yes,False,,
CFB0005138,CLI0284,ASG002046,DUD101320,2024-09-14,3,3,4,3,2,3,2,Maybe,False,,
CFB0005139,CLI0219,ASG002047,DUD101321,2023-06-30,4,5,4,4,4,3,3,Yes,False,,
CFB0005140,CLI0219,ASG002047,DUD101321,2022-08-26,5,4,4,5,5,4,5,No,False,,
CFB0005141,CLI0219,ASG002047,DUD101321,2024-07-06,4,4,3,3,4,4,4,Yes,False,,
CFB0005142,CLI0048,ASG002048,DUD101322,2022-05-06,4,4,5,5,5,5,3,Yes,False,,
CFB0005143,CLI0048,ASG002048,DUD101322,2022-07-23,3,2,2,2,3,4,4,Yes,False,,
CFB0005144,CLI0048,ASG002048,DUD101322,2022-03-19,3,3,2,3,4,3,2,No,False,,
CFB0005145,CLI0048,ASG002048,DUD101322,2022-08-23,4,5,4,5,4,3,3,Yes,False,,
CFB0005146,CLI0016,ASG002049,DUD101322,2023-01-12,5,5,4,4,4,5,4,Yes,False,,
CFB0005147,CLI0016,ASG002049,DUD101322,2023-03-03,3,3,2,2,2,4,4,Maybe,False,,
CFB0005148,CLI0060,ASG002050,DUD101322,2026-03-11,4,3,4,4,4,3,4,Maybe,False,,
CFB0005149,CLI0060,ASG002050,DUD101322,2025-04-20,3,3,2,4,2,2,3,Yes,False,,
CFB0005150,CLI0060,ASG002050,DUD101322,2026-01-15,2,2,2,1,3,2,3,No,False,,
CFB0005151,CLI0158,ASG002051,DUD101323,2021-09-03,5,5,5,5,4,4,4,Yes,True,Professionalism,
CFB0005152,CLI0102,ASG002052,DUD101323,2022-11-18,4,5,3,4,3,3,3,Yes,False,,
CFB0005153,CLI0102,ASG002052,DUD101323,2022-04-18,5,5,5,5,5,4,5,Yes,False,,
CFB0005154,CLI0102,ASG002052,DUD101323,2023-04-19,5,4,5,5,5,4,4,Yes,True,Punctuality,
CFB0005155,CLI0102,ASG002052,DUD101323,2022-10-30,2,2,1,1,3,2,2,No,False,,
CFB0005156,CLI0156,ASG002053,DUD101324,2025-12-16,3,3,3,2,3,3,3,Maybe,True,Attendance,
CFB0005157,CLI0193,ASG002054,DUD101325,2025-07-10,4,4,3,4,5,4,4,Yes,False,,
CFB0005158,CLI0193,ASG002054,DUD101325,2025-11-09,1,1,2,1,1,1,1,Maybe,False,,
CFB0005159,CLI0076,ASG002055,DUD101325,2026-06-30,4,4,4,3,4,5,4,Yes,False,,
CFB0005160,CLI0172,ASG002056,DUD101326,2023-01-05,5,5,5,5,5,5,5,Yes,False,,
CFB0005161,CLI0172,ASG002056,DUD101326,2023-04-16,5,4,5,5,4,5,5,Yes,False,,
CFB0005162,CLI0267,ASG002057,DUD101326,2025-12-05,3,4,3,3,3,2,3,No,False,,
CFB0005163,CLI0267,ASG002057,DUD101326,2024-03-29,4,4,4,3,4,5,4,Yes,False,,
CFB0005164,CLI0267,ASG002057,DUD101326,2024-09-08,5,5,4,5,5,5,4,Yes,True,Classroom Management,
CFB0005165,CLI0267,ASG002057,DUD101326,2023-10-25,5,4,4,5,5,5,4,Yes,False,,
CFB0005166,CLI0259,ASG002058,DUD101327,2023-04-28,4,5,4,3,4,4,3,Maybe,True,Punctuality,
CFB0005167,CLI0259,ASG002058,DUD101327,2023-04-21,4,4,4,4,4,3,3,Yes,False,,
CFB0005168,CLI0259,ASG002058,DUD101327,2023-08-07,3,4,2,3,4,2,4,Maybe,False,,
CFB0005169,CLI0259,ASG002058,DUD101327,2023-07-17,5,4,5,5,5,4,4,Yes,False,,
CFB0005170,CLI0276,ASG002059,DUD101327,2023-11-23,5,5,5,4,4,5,5,Yes,True,Lesson Quality,
CFB0005171,CLI0131,ASG002060,DUD101327,2026-01-26,4,4,3,3,3,4,4,Yes,False,,
CFB0005172,CLI0131,ASG002060,DUD101327,2026-04-25,5,5,5,5,4,4,5,Maybe,False,,
CFB0005173,CLI0131,ASG002060,DUD101327,2025-08-10,3,3,2,4,3,4,4,Yes,False,,
CFB0005174,CLI0131,ASG002060,DUD101327,2026-07-28,3,3,3,3,2,3,4,Maybe,False,,
CFB0005175,CLI0211,ASG002061,DUD101328,2024-04-09,4,4,4,4,4,3,4,Maybe,False,,
CFB0005176,CLI0211,ASG002061,DUD101328,2024-02-05,3,2,2,3,2,4,2,No,False,,
CFB0005177,CLI0185,ASG002062,DUD101328,2025-09-09,5,5,4,5,5,5,5,Maybe,False,,
CFB0005178,CLI0215,ASG002063,DUD101329,2023-07-26,5,4,5,5,5,5,5,Yes,False,,
CFB0005179,CLI0068,ASG002064,DUD101330,2025-10-14,4,4,4,3,4,4,4,Yes,False,,
CFB0005180,CLI0068,ASG002064,DUD101330,2024-12-28,2,3,2,3,2,2,2,Yes,True,Punctuality,
CFB0005181,CLI0068,ASG002064,DUD101330,2026-06-20,5,5,5,4,5,4,5,No,False,,
CFB0005182,CLI0068,ASG002064,DUD101330,2023-05-04,3,3,2,2,3,3,2,Maybe,False,,
CFB0005183,CLI0084,ASG002065,DUD101331,2025-03-22,3,3,3,4,4,3,3,Maybe,False,,
CFB0005184,CLI0269,ASG002066,DUD101331,2025-09-22,3,2,4,2,3,3,3,Maybe,False,,
CFB0005185,CLI0269,ASG002066,DUD101331,2025-09-15,3,3,4,2,2,3,4,Yes,False,,
CFB0005186,CLI0269,ASG002066,DUD101331,2026-06-21,4,4,3,3,5,3,4,Yes,False,,
CFB0005187,CLI0109,ASG002067,DUD101332,2025-07-25,5,5,5,5,5,5,4,Yes,False,,
CFB0005188,CLI0092,ASG002068,DUD101332,2026-08-05,5,4,5,5,5,5,4,Yes,False,,
CFB0005189,CLI0092,ASG002068,DUD101332,2026-08-11,3,3,3,3,2,3,4,No,True,Professionalism,
CFB0005190,CLI0252,ASG002069,DUD101333,2026-01-02,4,5,3,4,5,3,4,Yes,False,,
CFB0005191,CLI0252,ASG002069,DUD101333,2026-06-17,3,3,2,3,2,3,3,Maybe,False,,
CFB0005192,CLI0252,ASG002069,DUD101333,2026-01-22,5,5,5,5,5,5,5,No,False,,
CFB0005193,CLI0056,ASG002070,DUD101334,2023-04-23,5,5,5,5,5,5,5,Yes,False,,
CFB0005194,CLI0052,ASG002071,DUD101334,2025-11-22,3,3,3,2,2,3,2,No,False,,
CFB0005195,CLI0012,ASG002072,DUD101335,2025-01-08,4,4,5,4,5,3,4,Yes,False,,
CFB0005196,CLI0012,ASG002072,DUD101335,2025-08-04,3,3,3,2,3,3,2,No,False,,
CFB0005197,CLI0012,ASG002072,DUD101335,2025-08-29,4,4,4,4,4,4,3,Yes,False,,
CFB0005198,CLI0012,ASG002072,DUD101335,2025-12-17,5,5,5,5,5,4,4,Yes,False,,
CFB0005199,CLI0186,ASG002073,DUD101336,2026-04-01,4,4,4,3,4,4,5,Yes,False,,
CFB0005200,CLI0186,ASG002073,DUD101336,2026-02-08,3,4,2,3,3,2,4,Yes,False,,
CFB0005201,CLI0186,ASG002073,DUD101336,2026-02-27,4,4,3,5,4,4,3,Yes,False,,
CFB0005202,CLI0186,ASG002073,DUD101336,2025-12-18,4,5,3,4,5,5,3,Yes,False,,
CFB0005203,CLI0295,ASG002074,DUD101336,2026-08-20,4,3,3,3,5,3,3,Yes,False,,
CFB0005204,CLI0295,ASG002074,DUD101336,2026-08-20,5,4,5,5,5,5,4,Maybe,False,,
CFB0005205,CLI0295,ASG002074,DUD101336,2026-08-20,4,4,3,4,4,3,4,Yes,False,,
CFB0005206,CLI0288,ASG002075,DUD101337,2026-03-24,4,3,4,5,4,4,4,Maybe,False,,
CFB0005207,CLI0288,ASG002075,DUD101337,2026-03-28,5,4,5,5,5,5,4,Yes,False,,
CFB0005208,CLI0288,ASG002075,DUD101337,2026-03-09,4,3,3,4,3,5,3,Yes,False,,
CFB0005209,CLI0288,ASG002075,DUD101337,2026-05-04,5,5,4,5,4,5,4,Yes,False,,
CFB0005210,CLI0012,ASG002076,DUD101338,2026-01-22,4,3,3,4,4,4,4,Yes,False,,
CFB0005211,CLI0012,ASG002076,DUD101338,2026-10-30,4,5,4,4,3,4,5,Yes,False,,
CFB0005212,CLI0288,ASG002077,DUD101339,2025-10-30,5,5,4,4,5,5,4,Maybe,False,,
CFB0005213,CLI0061,ASG002078,DUD101340,2023-04-28,4,4,4,4,3,4,3,Maybe,False,,
CFB0005214,CLI0061,ASG002078,DUD101340,2023-09-17,4,5,4,5,5,3,4,Yes,False,,
CFB0005215,CLI0235,ASG002079,DUD101340,2023-12-27,3,2,3,3,3,3,2,No,False,,
CFB0005216,CLI0106,ASG002080,DUD101341,2025-05-31,4,4,4,4,3,5,4,Maybe,False,,
CFB0005217,CLI0106,ASG002080,DUD101341,2026-07-04,3,2,3,4,2,3,4,No,False,,
CFB0005218,CLI0106,ASG002080,DUD101341,2023-11-07,4,4,5,4,4,3,4,Maybe,False,,
CFB0005219,CLI0106,ASG002080,DUD101341,2026-07-22,3,3,2,4,3,3,3,Yes,False,,
CFB0005220,CLI0130,ASG002081,DUD101342,2025-03-24,3,2,3,3,3,3,3,Yes,False,,
CFB0005221,CLI0130,ASG002081,DUD101342,2025-04-16,4,5,4,4,4,4,3,Yes,False,,
CFB0005222,CLI0130,ASG002081,DUD101342,2025-05-25,5,5,5,5,5,4,5,Yes,False,,
CFB0005223,CLI0058,ASG002082,DUD101342,2025-07-30,4,5,4,3,4,5,5,Yes,False,,
CFB0005224,CLI0058,ASG002082,DUD101342,2025-10-27,3,3,3,2,3,2,3,Maybe,False,,
CFB0005225,CLI0176,ASG002083,DUD101342,2026-07-02,4,4,4,4,3,3,4,Yes,False,,
CFB0005226,CLI0176,ASG002083,DUD101342,2026-07-13,2,2,3,2,1,1,3,Maybe,False,,
CFB0005227,CLI0112,ASG002084,DUD101343,2021-12-22,2,2,3,2,1,2,2,Maybe,False,,
CFB0005228,CLI0112,ASG002084,DUD101343,2022-03-12,5,5,5,5,5,5,5,No,False,,
CFB0005229,CLI0162,ASG002085,DUD101344,2022-01-30,4,4,4,4,4,5,4,Yes,False,,
CFB0005230,CLI0162,ASG002085,DUD101344,2022-11-20,4,4,4,4,5,4,4,Yes,True,Attendance,
CFB0005231,CLI0162,ASG002085,DUD101344,2022-09-26,4,4,4,3,5,4,3,Yes,False,,
CFB0005232,CLI0188,ASG002086,DUD101344,2023-06-28,4,5,5,4,5,4,3,Yes,True,Lesson Quality,
CFB0005233,CLI0188,ASG002086,DUD101344,2023-07-29,3,4,3,2,3,4,3,Maybe,True,Punctuality,
CFB0005234,CLI0188,ASG002086,DUD101344,2024-02-17,4,5,3,5,5,3,5,Maybe,False,,
CFB0005235,CLI0188,ASG002086,DUD101344,2023-06-22,5,4,4,5,4,5,5,Yes,False,,
CFB0005236,CLI0284,ASG002087,DUD101345,2024-12-09,4,3,5,4,3,4,4,Maybe,False,,
CFB0005237,CLI0284,ASG002087,DUD101345,2024-11-27,5,4,5,5,5,5,5,Yes,False,,
CFB0005238,CLI0284,ASG002087,DUD101345,2024-11-18,5,5,5,5,5,5,5,Yes,False,,
CFB0005239,CLI0260,ASG002088,DUD101346,2026-07-27,4,4,3,3,3,4,5,Yes,False,,
CFB0005240,CLI0260,ASG002088,DUD101346,2023-12-14,2,1,2,2,2,2,2,No,False,,
CFB0005241,CLI0260,ASG002088,DUD101346,2026-01-26,4,3,3,4,5,4,5,Yes,False,,
CFB0005242,CLI0182,ASG002089,DUD101347,2022-01-25,5,5,5,5,5,5,5,Yes,False,,
CFB0005243,CLI0182,ASG002089,DUD101347,2021-09-18,4,3,4,4,4,5,3,Yes,False,,
CFB0005244,CLI0182,ASG002089,DUD101347,2021-12-01,4,5,5,3,4,3,3,Yes,False,,
CFB0005245,CLI0182,ASG002089,DUD101347,2021-12-28,4,5,5,4,3,4,3,Maybe,False,,
CFB0005246,CLI0034,ASG002090,DUD101347,2026-04-22,4,4,4,5,5,4,5,Maybe,False,,
CFB0005247,CLI0034,ASG002090,DUD101347,2022-08-17,5,5,5,5,4,5,4,Maybe,False,,
CFB0005248,CLI0034,ASG002090,DUD101347,2026-08-08,5,5,5,5,5,5,5,Yes,False,,
CFB0005249,CLI0279,ASG002091,DUD101348,2024-02-26,2,1,2,2,1,2,3,Maybe,False,,
CFB0005250,CLI0279,ASG002091,DUD101348,2024-01-20,3,4,3,3,3,2,4,Maybe,False,,
CFB0005251,CLI0120,ASG002092,DUD101349,2025-01-29,2,2,3,1,2,2,2,Maybe,False,,
CFB0005252,CLI0120,ASG002092,DUD101349,2022-12-16,4,5,5,4,4,5,4,Yes,False,,
CFB0005253,CLI0036,ASG002093,DUD101350,2024-05-13,3,2,3,3,3,3,4,Yes,False,,
CFB0005254,CLI0036,ASG002093,DUD101350,2024-01-26,3,4,3,3,3,3,3,Maybe,True,Attendance,
CFB0005255,CLI0036,ASG002093,DUD101350,2024-01-30,4,4,4,5,4,3,5,Yes,True,Classroom Management,
CFB0005256,CLI0240,ASG002094,DUD101350,2026-01-10,5,5,5,5,5,5,5,Yes,False,,
CFB0005257,CLI0080,ASG002095,DUD101351,2021-11-12,4,4,4,4,3,5,3,Yes,False,,
CFB0005258,CLI0080,ASG002095,DUD101351,2021-06-21,5,5,4,5,5,5,4,Yes,False,,
CFB0005259,CLI0080,ASG002095,DUD101351,2021-05-24,4,4,4,4,3,4,4,Yes,False,,
CFB0005260,CLI0201,ASG002096,DUD101351,2026-03-02,2,2,3,3,3,1,2,Maybe,False,,
CFB0005261,CLI0201,ASG002096,DUD101351,2023-03-17,4,4,4,3,3,5,3,Yes,False,,
CFB0005262,CLI0201,ASG002096,DUD101351,2023-12-06,4,5,5,3,4,4,4,Yes,False,,
CFB0005263,CLI0201,ASG002096,DUD101351,2025-10-01,3,4,3,4,4,4,3,Maybe,False,,
CFB0005264,CLI0092,ASG002097,DUD101352,2024-07-01,5,5,5,4,5,4,5,Yes,False,,
CFB0005265,CLI0092,ASG002097,DUD101352,2024-05-26,4,4,4,4,5,4,3,Yes,False,,
CFB0005266,CLI0092,ASG002097,DUD101352,2024-03-29,5,5,5,5,5,5,5,Yes,False,,
CFB0005267,CLI0105,ASG002098,DUD101352,2025-11-01,5,5,5,5,5,5,5,Yes,False,,
CFB0005268,CLI0105,ASG002098,DUD101352,2025-07-11,4,3,5,4,4,4,4,Yes,False,,
CFB0005269,CLI0105,ASG002098,DUD101352,2025-05-15,4,4,4,4,4,4,4,Yes,False,,
CFB0005270,CLI0105,ASG002098,DUD101352,2025-06-18,4,4,5,4,4,5,4,Yes,False,,
CFB0005271,CLI0259,ASG002099,DUD101353,2026-05-03,4,5,4,4,4,3,5,Yes,False,,
CFB0005272,CLI0259,ASG002099,DUD101353,2025-11-25,4,3,4,5,4,3,4,Maybe,False,,
CFB0005273,CLI0152,ASG002100,DUD101353,2027-08-06,4,4,5,5,4,4,5,Yes,False,,
CFB0005274,CLI0152,ASG002100,DUD101353,2027-06-17,4,3,4,5,4,4,3,No,False,,
CFB0005275,CLI0152,ASG002100,DUD101353,2027-07-15,4,4,4,5,5,3,3,Yes,False,,
CFB0005276,CLI0152,ASG002100,DUD101353,2027-03-09,3,3,3,2,4,2,4,Maybe,False,,
CFB0005277,CLI0153,ASG002101,DUD101354,2022-02-21,4,4,4,3,4,5,3,Yes,False,,
CFB0005278,CLI0153,ASG002101,DUD101354,2021-12-08,4,4,5,4,4,3,3,Yes,False,,
CFB0005279,CLI0153,ASG002101,DUD101354,2022-10-23,4,3,4,4,4,5,4,Yes,False,,
CFB0005280,CLI0153,ASG002101,DUD101354,2022-08-26,3,2,4,2,3,4,2,Yes,False,,
CFB0005281,CLI0089,ASG002102,DUD101354,2023-02-02,5,5,5,5,4,5,5,Maybe,False,,
CFB0005282,CLI0089,ASG002102,DUD101354,2023-09-14,3,4,3,4,2,2,4,No,False,,
CFB0005283,CLI0032,ASG002103,DUD101355,2023-01-16,3,4,3,2,2,3,3,No,False,,
CFB0005284,CLI0032,ASG002103,DUD101355,2023-02-08,5,5,5,5,5,5,4,Maybe,False,,
CFB0005285,CLI0032,ASG002103,DUD101355,2023-04-19,4,4,4,4,4,3,3,Yes,False,,
CFB0005286,CLI0032,ASG002103,DUD101355,2024-01-21,5,5,5,5,4,4,5,Yes,False,,
CFB0005287,CLI0115,ASG002104,DUD101355,2026-04-26,2,2,3,3,2,1,2,Maybe,False,,
CFB0005288,CLI0115,ASG002104,DUD101355,2026-04-16,5,4,5,5,5,5,5,Maybe,False,,
CFB0005289,CLI0115,ASG002104,DUD101355,2026-05-10,3,4,3,3,4,3,2,No,False,,
CFB0005290,CLI0247,ASG002105,DUD101356,2026-03-14,5,5,5,4,5,5,5,Maybe,False,,
CFB0005291,CLI0221,ASG002106,DUD101356,2026-08-08,5,5,5,5,5,4,5,Yes,False,,
CFB0005292,CLI0221,ASG002106,DUD101356,2026-08-09,4,5,5,4,5,4,4,Yes,False,,
CFB0005293,CLI0221,ASG002106,DUD101356,2026-07-31,3,4,4,4,2,3,2,No,False,,
CFB0005294,CLI0100,ASG002107,DUD101357,2025-06-10,2,1,3,1,2,2,1,Yes,False,,
CFB0005295,CLI0086,ASG002108,DUD101358,2025-08-07,3,3,3,3,3,2,4,Maybe,False,,
CFB0005296,CLI0086,ASG002108,DUD101358,2023-08-13,3,3,3,3,3,3,4,Yes,False,,
CFB0005297,CLI0019,ASG002109,DUD101359,2025-05-18,4,4,4,3,4,3,3,Yes,False,,
CFB0005298,CLI0135,ASG002110,DUD101360,2021-06-04,3,2,2,3,2,4,3,Yes,True,Punctuality,
CFB0005299,CLI0037,ASG002111,DUD101360,2024-08-31,5,4,5,5,5,5,5,Yes,False,,
CFB0005300,CLI0037,ASG002111,DUD101360,2026-05-13,4,4,3,4,5,4,3,Yes,False,,
CFB0005301,CLI0074,ASG002112,DUD101361,2025-10-17,5,5,5,5,5,5,5,No,False,,
CFB0005302,CLI0020,ASG002113,DUD101361,2026-04-03,3,3,2,3,2,2,3,Yes,False,,
CFB0005303,CLI0020,ASG002113,DUD101361,2026-03-31,5,5,4,4,5,5,5,Yes,False,,
CFB0005304,CLI0020,ASG002113,DUD101361,2026-03-14,3,3,2,2,3,4,3,Yes,False,,
CFB0005305,CLI0020,ASG002113,DUD101361,2026-04-14,3,4,2,4,2,4,3,No,False,,
CFB0005306,CLI0018,ASG002114,DUD101362,2025-11-25,4,4,3,3,5,4,4,Yes,False,,
CFB0005307,CLI0018,ASG002114,DUD101362,2025-11-06,5,5,5,4,5,5,4,Maybe,False,,
CFB0005308,CLI0132,ASG002115,DUD101363,2023-04-18,4,4,5,3,5,5,3,Maybe,False,,
CFB0005309,CLI0132,ASG002115,DUD101363,2023-04-10,4,4,5,4,4,4,4,Yes,False,,
CFB0005310,CLI0132,ASG002115,DUD101363,2023-04-27,4,4,4,5,4,3,4,Yes,False,,
CFB0005311,CLI0132,ASG002115,DUD101363,2023-05-11,5,5,5,4,5,4,5,Yes,False,,
CFB0005312,CLI0143,ASG002116,DUD101363,2025-11-23,3,3,3,4,2,3,2,No,False,,
CFB0005313,CLI0143,ASG002116,DUD101363,2024-05-24,4,5,5,4,4,4,4,Maybe,False,,
CFB0005314,CLI0299,ASG002117,DUD101364,2022-08-20,5,5,5,4,5,4,5,Yes,False,,
CFB0005315,CLI0112,ASG002118,DUD101364,2025-08-28,4,5,4,5,4,5,5,No,False,,
CFB0005316,CLI0066,ASG002119,DUD101365,2025-02-06,4,4,5,4,5,3,3,Yes,False,,
CFB0005317,CLI0013,ASG002120,DUD101365,2026-04-29,5,5,5,5,5,4,5,No,False,,
CFB0005318,CLI0013,ASG002120,DUD101365,2025-07-05,2,1,2,2,1,1,3,Maybe,False,,
CFB0005319,CLI0013,ASG002120,DUD101365,2025-10-31,5,5,5,5,5,5,5,Yes,False,,
CFB0005320,CLI0013,ASG002120,DUD101365,2026-02-16,4,5,4,3,3,3,3,Yes,False,,
CFB0005321,CLI0008,ASG002121,DUD101365,2026-08-13,4,4,3,4,4,4,4,Yes,False,,
CFB0005322,CLI0008,ASG002121,DUD101365,2026-08-12,3,3,4,4,3,4,3,No,True,Professionalism,
CFB0005323,CLI0008,ASG002121,DUD101365,2026-08-15,4,4,4,4,5,4,4,No,False,,
CFB0005324,CLI0008,ASG002121,DUD101365,2026-08-14,4,4,4,5,4,5,3,Yes,False,,
CFB0005325,CLI0075,ASG002122,DUD101366,2021-10-13,3,2,4,3,3,2,2,Maybe,False,,
CFB0005326,CLI0075,ASG002122,DUD101366,2021-07-08,4,3,3,5,4,4,4,No,False,,
CFB0005327,CLI0207,ASG002123,DUD101367,2023-02-01,4,4,4,3,3,3,3,Yes,True,Lesson Quality,
CFB0005328,CLI0207,ASG002123,DUD101367,2023-05-19,4,4,5,4,4,4,5,Yes,False,,
CFB0005329,CLI0207,ASG002123,DUD101367,2023-08-06,4,5,5,5,5,4,4,No,False,,
CFB0005330,CLI0207,ASG002123,DUD101367,2022-11-02,4,4,4,3,4,4,3,Maybe,False,,
CFB0005331,CLI0289,ASG002124,DUD101367,2025-06-08,2,1,2,1,1,3,1,Yes,True,Punctuality,
CFB0005332,CLI0289,ASG002124,DUD101367,2025-07-16,4,3,4,5,4,3,4,Yes,False,,
CFB0005333,CLI0289,ASG002124,DUD101367,2024-03-31,4,5,4,4,4,5,3,Yes,False,,
CFB0005334,CLI0128,ASG002125,DUD101368,2024-07-24,4,4,4,5,3,4,5,Yes,False,,
CFB0005335,CLI0034,ASG002126,DUD101369,2024-06-23,4,4,4,5,4,4,4,Yes,False,,
CFB0005336,CLI0034,ASG002126,DUD101369,2024-04-10,4,4,5,4,4,4,4,Maybe,False,,
CFB0005337,CLI0182,ASG002127,DUD101369,2026-03-06,5,5,5,5,5,5,5,Yes,False,,
CFB0005338,CLI0182,ASG002127,DUD101369,2025-12-29,1,1,1,1,1,1,1,Maybe,False,,
CFB0005339,CLI0182,ASG002127,DUD101369,2026-08-09,4,5,4,5,4,4,4,No,False,,
CFB0005340,CLI0182,ASG002127,DUD101369,2025-07-14,5,5,5,5,5,5,4,Yes,False,,
CFB0005341,CLI0159,ASG002128,DUD101370,2026-06-08,4,3,5,3,5,3,4,Maybe,False,,
CFB0005342,CLI0159,ASG002128,DUD101370,2025-07-22,2,1,3,2,3,2,3,Maybe,False,,
CFB0005343,CLI0159,ASG002128,DUD101370,2025-09-10,3,4,2,2,3,2,4,No,True,Lesson Quality,
CFB0005344,CLI0159,ASG002128,DUD101370,2025-01-19,4,4,3,4,3,4,3,Yes,False,,
CFB0005345,CLI0262,ASG002129,DUD101371,2026-05-29,5,5,5,5,4,5,5,Yes,False,,
CFB0005346,CLI0262,ASG002129,DUD101371,2026-08-01,4,4,4,3,4,3,5,Yes,False,,
CFB0005347,CLI0262,ASG002129,DUD101371,2026-01-24,1,1,1,1,1,1,2,Maybe,False,,
CFB0005348,CLI0194,ASG002130,DUD101372,2025-10-02,4,5,4,5,5,4,4,No,False,,
CFB0005349,CLI0194,ASG002130,DUD101372,2025-05-16,4,4,4,3,3,4,4,Maybe,False,,
CFB0005350,CLI0194,ASG002130,DUD101372,2026-05-02,4,4,5,4,3,5,4,Maybe,False,,
CFB0005351,CLI0194,ASG002130,DUD101372,2025-12-31,5,5,4,5,4,5,5,No,False,,
CFB0005352,CLI0189,ASG002131,DUD101372,2026-10-16,3,2,4,4,3,3,4,No,False,,
CFB0005353,CLI0189,ASG002131,DUD101372,2026-11-24,3,4,4,3,2,4,3,No,False,,
CFB0005354,CLI0189,ASG002131,DUD101372,2026-12-21,4,4,4,5,3,3,3,Yes,False,,
CFB0005355,CLI0270,ASG002132,DUD101372,2027-03-20,3,4,3,3,4,3,3,Yes,False,,
CFB0005356,CLI0270,ASG002132,DUD101372,2027-03-20,5,5,4,4,5,5,5,Maybe,False,,
CFB0005357,CLI0270,ASG002132,DUD101372,2027-03-20,3,3,2,4,3,3,3,No,True,Punctuality,
CFB0005358,CLI0036,ASG002133,DUD101373,2026-04-12,4,4,3,4,4,4,4,Yes,False,,
CFB0005359,CLI0036,ASG002133,DUD101373,2026-04-28,3,3,4,3,3,4,4,No,False,,
CFB0005360,CLI0036,ASG002133,DUD101373,2025-03-30,5,5,4,5,5,5,5,Yes,False,,
CFB0005361,CLI0036,ASG002133,DUD101373,2025-09-02,4,4,5,4,4,5,5,Maybe,False,,
CFB0005362,CLI0047,ASG002134,DUD101374,2023-07-10,4,5,3,5,5,4,3,Yes,False,,
CFB0005363,CLI0047,ASG002134,DUD101374,2023-05-28,4,4,4,5,4,3,5,Yes,False,,
CFB0005364,CLI0047,ASG002134,DUD101374,2023-05-23,5,5,5,4,5,5,4,Yes,False,,
CFB0005365,CLI0024,ASG002135,DUD101374,2024-12-08,4,4,4,4,3,4,4,Yes,False,,
CFB0005366,CLI0024,ASG002135,DUD101374,2025-06-08,5,5,5,5,5,4,4,Yes,False,,
CFB0005367,CLI0234,ASG002136,DUD101375,2024-11-04,4,4,4,3,4,3,5,Yes,False,,
CFB0005368,CLI0234,ASG002136,DUD101375,2025-02-11,3,3,3,4,3,3,3,Yes,False,,
CFB0005369,CLI0023,ASG002137,DUD101375,2026-07-29,4,3,4,3,5,4,5,Yes,False,,
CFB0005370,CLI0023,ASG002137,DUD101375,2026-05-07,4,5,4,4,4,5,4,Yes,False,,
CFB0005371,CLI0011,ASG002138,DUD101376,2023-08-15,3,4,4,2,3,3,3,No,False,,
CFB0005372,CLI0210,ASG002139,DUD101376,2025-12-20,4,4,3,4,5,4,5,No,False,,
CFB0005373,CLI0210,ASG002139,DUD101376,2025-11-01,4,4,5,4,3,5,4,Yes,False,,
CFB0005374,CLI0210,ASG002139,DUD101376,2024-12-24,5,5,5,4,5,5,5,Maybe,False,,
CFB0005375,CLI0210,ASG002139,DUD101376,2024-05-31,2,3,3,2,3,1,2,Yes,False,,
CFB0005376,CLI0061,ASG002140,DUD101377,2023-08-29,2,2,1,2,3,2,3,Yes,False,,
CFB0005377,CLI0061,ASG002140,DUD101377,2025-12-29,4,3,4,3,3,5,4,Yes,False,,
CFB0005378,CLI0061,ASG002140,DUD101377,2026-01-07,5,5,4,5,5,4,5,Yes,True,Professionalism,
CFB0005379,CLI0048,ASG002141,DUD101378,2024-10-19,4,3,4,4,4,4,5,Yes,False,,
CFB0005380,CLI0048,ASG002141,DUD101378,2025-07-30,5,5,5,4,5,5,4,Yes,False,,
CFB0005381,CLI0048,ASG002141,DUD101378,2026-01-05,2,2,2,2,2,2,1,Maybe,False,,
CFB0005382,CLI0048,ASG002141,DUD101378,2025-05-06,5,5,5,5,5,5,5,Maybe,False,,
CFB0005383,CLI0264,ASG002142,DUD101378,2026-07-05,2,3,1,2,2,2,2,Maybe,False,,
CFB0005384,CLI0264,ASG002142,DUD101378,2026-07-08,5,5,5,4,5,4,5,Yes,False,,
CFB0005385,CLI0264,ASG002142,DUD101378,2026-05-25,5,4,5,5,5,5,4,Yes,False,,
CFB0005386,CLI0264,ASG002142,DUD101378,2026-07-06,5,4,5,5,5,5,5,Yes,False,,
CFB0005387,CLI0216,ASG002143,DUD101378,2026-08-30,5,5,5,5,5,5,5,Maybe,False,,
CFB0005388,CLI0216,ASG002143,DUD101378,2026-08-30,5,5,5,5,5,5,5,Maybe,False,,
CFB0005389,CLI0062,ASG002144,DUD101379,2025-08-17,4,5,4,3,3,4,5,Maybe,False,,
CFB0005390,CLI0062,ASG002144,DUD101379,2024-07-08,4,4,4,4,4,5,4,Maybe,False,,
CFB0005391,CLI0062,ASG002144,DUD101379,2025-01-05,2,2,3,3,3,1,2,Maybe,False,,
CFB0005392,CLI0004,ASG002145,DUD101380,2025-01-20,3,3,3,4,4,3,3,Maybe,False,,
CFB0005393,CLI0004,ASG002145,DUD101380,2024-07-30,5,5,5,5,5,4,5,Maybe,False,,
CFB0005394,CLI0004,ASG002145,DUD101380,2026-03-15,4,3,3,4,4,3,4,Yes,False,,
CFB0005395,CLI0004,ASG002145,DUD101380,2025-07-22,5,4,5,5,5,5,5,No,False,,
CFB0005396,CLI0241,ASG002146,DUD101381,2024-11-09,2,1,2,3,1,2,3,Maybe,False,,
CFB0005397,CLI0241,ASG002146,DUD101381,2024-10-30,3,4,2,3,3,3,3,Maybe,False,,
CFB0005398,CLI0217,ASG002147,DUD101381,2026-06-11,4,5,4,4,4,4,4,Yes,False,,
CFB0005399,CLI0217,ASG002147,DUD101381,2026-06-01,3,4,4,3,3,2,4,Maybe,False,,
CFB0005400,CLI0003,ASG002148,DUD101382,2022-07-24,3,2,2,2,2,3,3,No,False,,
CFB0005401,CLI0003,ASG002148,DUD101382,2022-05-15,4,4,5,3,3,4,5,Yes,False,,
CFB0005402,CLI0204,ASG002149,DUD101382,2024-02-25,4,5,3,4,5,4,3,Maybe,False,,
CFB0005403,CLI0204,ASG002149,DUD101382,2024-10-21,2,1,1,2,2,2,2,Maybe,False,,
CFB0005404,CLI0167,ASG002150,DUD101383,2023-03-21,3,3,3,3,3,3,3,Yes,False,,
CFB0005405,CLI0195,ASG002151,DUD101384,2026-06-19,3,3,2,2,4,3,3,No,False,,
CFB0005406,CLI0195,ASG002151,DUD101384,2026-03-21,4,4,5,4,5,5,4,Yes,False,,
CFB0005407,CLI0224,ASG002152,DUD101385,2022-06-19,3,4,3,4,2,3,2,Maybe,False,,
CFB0005408,CLI0224,ASG002152,DUD101385,2022-03-15,4,3,4,3,5,4,5,Yes,False,,
CFB0005409,CLI0067,ASG002153,DUD101385,2022-11-15,2,1,1,2,3,1,1,Yes,False,,
CFB0005410,CLI0067,ASG002153,DUD101385,2022-12-30,4,4,5,5,3,5,5,Yes,False,,
CFB0005411,CLI0067,ASG002153,DUD101385,2023-02-07,5,4,4,5,4,5,5,Yes,False,,
CFB0005412,CLI0257,ASG002154,DUD101385,2026-01-01,4,4,5,4,4,5,5,Yes,False,,
CFB0005413,CLI0257,ASG002154,DUD101385,2024-12-16,4,4,4,3,5,4,4,Yes,False,,
CFB0005414,CLI0090,ASG002155,DUD101386,2025-03-01,4,3,4,3,3,4,3,Yes,False,,
CFB0005415,CLI0090,ASG002155,DUD101386,2024-11-03,4,5,5,5,4,5,3,Yes,False,,
CFB0005416,CLI0090,ASG002155,DUD101386,2024-12-23,1,1,1,1,1,1,1,Maybe,False,,
CFB0005417,CLI0092,ASG002156,DUD101387,2025-09-03,4,5,4,5,3,4,4,Yes,False,,
CFB0005418,CLI0092,ASG002156,DUD101387,2022-12-28,4,4,4,5,4,3,5,Maybe,False,,
CFB0005419,CLI0092,ASG002156,DUD101387,2023-05-24,5,4,5,5,4,5,5,Yes,False,,
CFB0005420,CLI0092,ASG002156,DUD101387,2023-02-25,5,4,5,5,5,5,5,Yes,False,,
CFB0005421,CLI0277,ASG002157,DUD101388,2026-05-03,4,3,4,4,4,5,4,Yes,False,,
CFB0005422,CLI0190,ASG002158,DUD101389,2022-12-11,4,4,4,4,5,4,5,No,False,,
CFB0005423,CLI0190,ASG002158,DUD101389,2022-11-09,4,4,3,4,4,4,4,Yes,False,,
CFB0005424,CLI0190,ASG002158,DUD101389,2022-09-25,3,3,3,2,3,4,3,No,False,,
CFB0005425,CLI0081,ASG002159,DUD101389,2024-08-28,4,5,4,5,5,4,4,Yes,False,,
CFB0005426,CLI0081,ASG002159,DUD101389,2023-05-07,5,5,5,5,5,5,4,Yes,False,,
CFB0005427,CLI0081,ASG002159,DUD101389,2024-03-20,4,5,5,5,3,3,4,Yes,False,,
CFB0005428,CLI0209,ASG002160,DUD101390,2025-03-14,5,4,4,5,5,5,5,Yes,False,,
CFB0005429,CLI0209,ASG002160,DUD101390,2025-08-05,4,4,3,4,5,4,5,Yes,False,,
CFB0005430,CLI0209,ASG002160,DUD101390,2024-11-12,3,3,2,3,3,4,3,No,True,Punctuality,
CFB0005431,CLI0209,ASG002160,DUD101390,2025-12-16,5,5,4,5,5,5,5,Yes,False,,
CFB0005432,CLI0208,ASG002161,DUD101391,2023-07-30,4,3,3,4,4,3,4,Yes,False,,
CFB0005433,CLI0208,ASG002161,DUD101391,2024-01-25,1,1,1,1,1,1,1,No,False,,
CFB0005434,CLI0208,ASG002161,DUD101391,2024-02-02,4,4,5,4,3,5,5,Yes,True,Professionalism,
CFB0005435,CLI0208,ASG002161,DUD101391,2024-01-09,2,2,3,2,2,2,3,Maybe,False,,
CFB0005436,CLI0090,ASG002162,DUD101391,2024-08-08,3,4,3,4,3,4,4,Maybe,False,,
CFB0005437,CLI0090,ASG002162,DUD101391,2026-04-02,3,3,3,3,3,3,2,Maybe,False,,
CFB0005438,CLI0090,ASG002162,DUD101391,2025-10-30,5,5,4,5,5,5,5,Yes,False,,
CFB0005439,CLI0090,ASG002162,DUD101391,2026-04-08,5,5,4,5,5,5,4,Maybe,False,,
CFB0005440,CLI0266,ASG002163,DUD101392,2025-03-05,4,4,5,4,5,5,4,Yes,False,,
CFB0005441,CLI0266,ASG002163,DUD101392,2025-06-17,5,5,4,5,5,5,4,Yes,False,,
CFB0005442,CLI0251,ASG002164,DUD101392,2026-08-08,4,3,4,4,4,3,4,Yes,False,,
CFB0005443,CLI0251,ASG002164,DUD101392,2026-07-16,5,5,5,5,5,5,5,Yes,False,,
CFB0005444,CLI0251,ASG002164,DUD101392,2026-08-03,3,3,4,3,4,4,3,Yes,False,,
CFB0005445,CLI0251,ASG002164,DUD101392,2026-07-15,3,3,3,2,3,4,2,Yes,False,,
CFB0005446,CLI0260,ASG002165,DUD101393,2023-02-26,5,5,5,5,4,5,4,Maybe,False,,
CFB0005447,CLI0260,ASG002165,DUD101393,2022-10-01,5,5,5,4,5,4,5,Yes,False,,
CFB0005448,CLI0260,ASG002165,DUD101393,2023-06-03,5,5,4,4,5,4,5,Yes,False,,
CFB0005449,CLI0159,ASG002166,DUD101393,2024-01-01,3,3,2,2,2,3,4,Maybe,True,Professionalism,
CFB0005450,CLI0269,ASG002167,DUD101393,2025-06-13,3,4,3,3,4,3,3,Yes,True,Punctuality,
CFB0005451,CLI0269,ASG002167,DUD101393,2025-07-22,4,5,4,5,4,4,3,Yes,False,,
CFB0005452,CLI0269,ASG002167,DUD101393,2025-04-07,5,5,4,5,5,5,5,Maybe,False,,
CFB0005453,CLI0269,ASG002167,DUD101393,2025-06-22,5,5,5,5,5,4,5,Maybe,False,,
CFB0005454,CLI0149,ASG002168,DUD101394,2023-06-10,3,3,4,2,4,3,3,Maybe,True,Communication,
CFB0005455,CLI0149,ASG002168,DUD101394,2024-06-03,1,1,1,2,2,1,1,Yes,True,Communication,
CFB0005456,CLI0149,ASG002168,DUD101394,2024-12-25,4,5,4,3,5,4,3,No,False,,
CFB0005457,CLI0149,ASG002168,DUD101394,2024-03-20,4,5,4,4,5,5,3,No,False,,
CFB0005458,CLI0236,ASG002169,DUD101395,2021-04-14,4,4,4,5,4,3,4,Maybe,False,,
CFB0005459,CLI0236,ASG002169,DUD101395,2021-06-18,4,4,4,5,3,4,3,Yes,False,,
CFB0005460,CLI0236,ASG002169,DUD101395,2021-03-12,4,4,3,3,4,4,5,Yes,False,,
CFB0005461,CLI0169,ASG002170,DUD101395,2021-10-18,4,4,4,4,4,4,3,Yes,False,,
CFB0005462,CLI0169,ASG002170,DUD101395,2021-10-07,5,5,5,5,5,4,4,Yes,False,,
CFB0005463,CLI0171,ASG002171,DUD101396,2026-07-04,3,2,3,3,3,3,4,Maybe,False,,
CFB0005464,CLI0288,ASG002172,DUD101397,2024-08-28,2,1,1,1,2,2,2,Yes,True,Attendance,
CFB0005465,CLI0189,ASG002173,DUD101398,2026-01-27,4,5,3,5,4,4,4,Yes,False,,
CFB0005466,CLI0253,ASG002174,DUD101398,2026-12-07,4,3,4,5,5,4,5,No,False,,
CFB0005467,CLI0296,ASG002175,DUD101399,2025-01-31,3,3,4,2,4,2,3,Maybe,False,,
CFB0005468,CLI0262,ASG002176,DUD101400,2025-06-20,4,3,4,3,3,5,3,Yes,False,,
CFB0005469,CLI0241,ASG002177,DUD101400,2026-02-17,4,4,3,4,3,5,4,Yes,False,,
CFB0005470,CLI0241,ASG002177,DUD101400,2026-04-26,4,5,4,5,5,4,4,Yes,False,,
CFB0005471,CLI0241,ASG002177,DUD101400,2026-09-05,4,3,3,4,4,5,4,Yes,False,,
CFB0005472,CLI0044,ASG002178,DUD101400,2028-03-12,1,2,1,1,1,2,1,Yes,False,,
CFB0005473,CLI0294,ASG002179,DUD101401,2023-03-01,5,5,4,4,5,5,5,Yes,False,,
CFB0005474,CLI0294,ASG002179,DUD101401,2023-06-06,3,2,3,3,4,3,4,Maybe,False,,
CFB0005475,CLI0294,ASG002179,DUD101401,2023-07-04,4,5,5,4,4,4,5,Yes,False,,
CFB0005476,CLI0128,ASG002180,DUD101401,2023-09-20,4,5,4,4,5,3,4,Yes,False,,
CFB0005477,CLI0128,ASG002180,DUD101401,2024-08-06,4,5,3,4,3,5,4,Yes,False,,
CFB0005478,CLI0128,ASG002180,DUD101401,2026-07-11,4,4,4,3,3,4,4,Yes,False,,
CFB0005479,CLI0182,ASG002181,DUD101402,2025-07-12,4,4,3,4,3,4,3,No,False,,
CFB0005480,CLI0182,ASG002181,DUD101402,2024-12-25,3,3,2,3,4,2,4,Maybe,False,,
CFB0005481,CLI0269,ASG002182,DUD101403,2026-01-31,5,5,5,5,5,5,4,Maybe,False,,
CFB0005482,CLI0269,ASG002182,DUD101403,2025-09-11,3,3,3,2,4,3,4,No,False,,
CFB0005483,CLI0269,ASG002182,DUD101403,2025-09-12,5,5,5,5,5,4,5,Maybe,False,,
CFB0005484,CLI0269,ASG002182,DUD101403,2025-11-12,4,4,4,3,3,4,4,Yes,False,,
CFB0005485,CLI0048,ASG002183,DUD101403,2026-08-13,4,4,4,3,3,4,3,Yes,False,,
CFB0005486,CLI0048,ASG002183,DUD101403,2026-08-15,4,5,3,3,5,4,4,No,False,,
CFB0005487,CLI0289,ASG002184,DUD101404,2026-01-03,3,4,3,2,2,3,4,No,True,Professionalism,
CFB0005488,CLI0289,ASG002184,DUD101404,2026-04-17,4,5,4,4,3,3,5,Yes,False,,
CFB0005489,CLI0140,ASG002185,DUD101405,2024-06-27,4,4,4,5,4,3,4,No,False,,
CFB0005490,CLI0067,ASG002186,DUD101406,2023-03-15,5,5,5,5,5,5,5,Yes,False,,
CFB0005491,CLI0067,ASG002186,DUD101406,2022-08-02,4,4,3,3,3,5,4,Yes,False,,
CFB0005492,CLI0067,ASG002186,DUD101406,2023-01-30,4,4,3,5,3,4,3,Yes,False,,
CFB0005493,CLI0004,ASG002187,DUD101406,2024-01-09,4,4,4,3,3,4,4,Yes,False,,
CFB0005494,CLI0004,ASG002187,DUD101406,2023-07-25,4,4,3,4,4,4,4,Yes,False,,
CFB0005495,CLI0233,ASG002188,DUD101407,2023-07-30,4,4,5,4,4,5,3,No,False,,
CFB0005496,CLI0233,ASG002188,DUD101407,2023-11-04,2,2,3,1,2,2,1,Yes,False,,
CFB0005497,CLI0233,ASG002188,DUD101407,2023-08-23,4,4,4,5,3,4,4,Yes,False,,
CFB0005498,CLI0233,ASG002188,DUD101407,2023-08-08,3,3,4,3,2,3,2,Yes,False,,
CFB0005499,CLI0056,ASG002189,DUD101407,2024-11-24,4,4,5,5,3,4,3,Yes,False,,
CFB0005500,CLI0056,ASG002189,DUD101407,2025-01-07,4,4,4,3,4,5,5,Maybe,False,,
CFB0005501,CLI0142,ASG002190,DUD101407,2025-06-08,3,3,2,3,2,3,3,Maybe,False,,
CFB0005502,CLI0002,ASG002191,DUD101408,2024-12-18,4,4,3,4,3,3,5,Yes,False,,
CFB0005503,CLI0257,ASG002192,DUD101408,2026-01-26,5,5,5,5,4,5,4,Yes,False,,
CFB0005504,CLI0257,ASG002192,DUD101408,2025-10-15,4,4,3,4,5,3,4,Yes,False,,
CFB0005505,CLI0257,ASG002192,DUD101408,2026-06-27,3,3,2,3,4,2,3,Yes,False,,
CFB0005506,CLI0159,ASG002193,DUD101409,2022-05-09,5,5,5,5,5,4,5,Maybe,False,,
CFB0005507,CLI0159,ASG002193,DUD101409,2022-03-15,4,3,3,4,5,3,5,Yes,False,,
CFB0005508,CLI0159,ASG002193,DUD101409,2022-01-20,5,5,4,5,4,5,5,Yes,False,,
CFB0005509,CLI0277,ASG002194,DUD101409,2024-01-02,4,4,4,3,3,4,3,Yes,False,,
CFB0005510,CLI0277,ASG002194,DUD101409,2026-07-07,3,4,3,3,3,2,2,Yes,False,,
CFB0005511,CLI0017,ASG002195,DUD101410,2026-01-22,4,5,4,4,5,4,4,Yes,False,,
CFB0005512,CLI0017,ASG002195,DUD101410,2026-03-25,4,5,4,5,3,4,3,Yes,False,,
CFB0005513,CLI0017,ASG002195,DUD101410,2026-07-31,5,5,5,5,5,5,5,Maybe,False,,
CFB0005514,CLI0017,ASG002195,DUD101410,2026-04-02,4,4,4,4,4,3,4,Yes,False,,
CFB0005515,CLI0044,ASG002196,DUD101411,2023-12-14,4,4,4,3,5,5,5,Yes,False,,
CFB0005516,CLI0044,ASG002196,DUD101411,2023-07-28,4,4,5,5,4,5,5,Yes,False,,
CFB0005517,CLI0192,ASG002197,DUD101411,2024-06-25,4,4,4,4,4,5,3,No,False,,
CFB0005518,CLI0192,ASG002197,DUD101411,2024-07-02,2,2,2,1,3,1,2,No,False,,
CFB0005519,CLI0192,ASG002197,DUD101411,2024-11-29,5,4,5,5,5,4,5,Maybe,False,,
CFB0005520,CLI0192,ASG002197,DUD101411,2024-09-11,2,2,1,2,2,2,1,No,False,,
CFB0005521,CLI0198,ASG002198,DUD101411,2025-02-17,4,4,4,4,3,4,4,No,False,,
CFB0005522,CLI0198,ASG002198,DUD101411,2025-07-17,3,3,2,4,2,3,4,Maybe,False,,
CFB0005523,CLI0198,ASG002198,DUD101411,2025-07-29,5,4,4,5,5,5,5,Yes,False,,
CFB0005524,CLI0198,ASG002198,DUD101411,2025-05-12,4,4,3,4,4,5,5,Maybe,False,,
CFB0005525,CLI0071,ASG002199,DUD101412,2023-12-27,4,5,4,4,4,5,5,Yes,False,,
CFB0005526,CLI0071,ASG002199,DUD101412,2023-09-19,3,2,3,3,3,3,4,Yes,False,,
CFB0005527,CLI0071,ASG002199,DUD101412,2023-10-01,3,3,4,3,2,3,4,No,False,,
CFB0005528,CLI0071,ASG002199,DUD101412,2023-12-02,3,2,3,2,2,4,2,No,False,,
CFB0005529,CLI0252,ASG002200,DUD101412,2025-05-29,4,4,4,5,3,3,3,Maybe,False,,
CFB0005530,CLI0252,ASG002200,DUD101412,2025-07-22,3,3,3,2,3,3,4,Maybe,False,,
CFB0005531,CLI0188,ASG002201,DUD101413,2026-01-31,4,4,4,3,3,4,3,Yes,False,,
CFB0005532,CLI0188,ASG002201,DUD101413,2026-02-06,5,4,5,5,4,4,5,No,False,,
CFB0005533,CLI0188,ASG002201,DUD101413,2022-12-10,4,3,3,4,4,4,3,Yes,False,,
CFB0005534,CLI0188,ASG002201,DUD101413,2026-05-27,2,2,3,2,2,2,1,No,False,,
CFB0005535,CLI0029,ASG002202,DUD101414,2022-02-17,2,2,2,2,3,2,1,No,False,,
CFB0005536,CLI0029,ASG002202,DUD101414,2025-05-07,5,4,5,5,5,5,5,Yes,False,,
CFB0005537,CLI0159,ASG002203,DUD101415,2024-11-10,4,4,4,3,3,5,4,Maybe,False,,
CFB0005538,CLI0158,ASG002204,DUD101416,2027-01-13,3,3,2,2,2,3,3,Yes,False,,
CFB0005539,CLI0260,ASG002205,DUD101416,2028-07-25,4,4,4,3,4,4,4,No,False,,
CFB0005540,CLI0021,ASG002206,DUD101416,2028-09-19,4,4,4,4,4,5,3,Maybe,False,,
CFB0005541,CLI0152,ASG002207,DUD101417,2023-03-08,4,3,4,4,4,4,4,Yes,False,,
CFB0005542,CLI0107,ASG002208,DUD101417,2023-12-31,4,4,4,5,4,4,4,Yes,True,Lesson Quality,
CFB0005543,CLI0253,ASG002209,DUD101418,2023-07-30,4,4,4,4,5,4,4,Yes,False,,
CFB0005544,CLI0253,ASG002209,DUD101418,2023-06-07,5,5,5,5,5,5,5,Maybe,False,,
CFB0005545,CLI0253,ASG002209,DUD101418,2023-04-06,5,5,4,4,5,5,5,Yes,False,,
CFB0005546,CLI0241,ASG002210,DUD101418,2024-01-06,1,1,1,1,1,1,1,Maybe,False,,
CFB0005547,CLI0241,ASG002210,DUD101418,2023-12-07,4,4,4,5,4,4,4,Yes,False,,
CFB0005548,CLI0241,ASG002210,DUD101418,2023-10-10,2,3,3,2,1,3,2,No,False,,
CFB0005549,CLI0241,ASG002210,DUD101418,2023-12-27,3,3,3,2,3,3,2,No,True,Classroom Management,
CFB0005550,CLI0058,ASG002211,DUD101419,2024-03-11,2,2,2,3,2,3,2,Maybe,False,,
CFB0005551,CLI0058,ASG002211,DUD101419,2025-08-06,3,3,3,3,2,4,3,Yes,False,,
CFB0005552,CLI0058,ASG002211,DUD101419,2024-07-09,4,4,5,4,5,4,5,Maybe,False,,
CFB0005553,CLI0058,ASG002211,DUD101419,2026-08-12,4,3,4,5,5,4,4,Yes,False,,
CFB0005554,CLI0105,ASG002212,DUD101420,2025-12-09,4,3,4,5,5,3,4,Yes,False,,
CFB0005555,CLI0105,ASG002212,DUD101420,2025-10-26,3,2,3,3,2,3,2,Maybe,True,Communication,
CFB0005556,CLI0294,ASG002213,DUD101420,2026-02-16,5,5,5,5,5,5,5,Yes,False,,
CFB0005557,CLI0294,ASG002213,DUD101420,2026-11-14,4,4,4,4,4,3,5,Yes,False,,
CFB0005558,CLI0265,ASG002214,DUD101421,2025-02-16,4,3,4,4,3,4,3,Maybe,False,,
CFB0005559,CLI0265,ASG002214,DUD101421,2026-06-21,3,4,4,3,3,3,3,Yes,False,,
CFB0005560,CLI0265,ASG002214,DUD101421,2025-12-08,4,4,4,5,4,3,5,Yes,False,,
CFB0005561,CLI0117,ASG002215,DUD101422,2022-07-25,4,5,3,4,5,4,5,Yes,False,,
CFB0005562,CLI0050,ASG002216,DUD101423,2023-06-03,4,5,3,4,4,3,4,Yes,False,,
CFB0005563,CLI0050,ASG002216,DUD101423,2023-02-06,3,4,3,3,3,3,2,Maybe,False,,
CFB0005564,CLI0050,ASG002216,DUD101423,2023-02-06,4,4,4,5,3,3,5,Yes,False,,
CFB0005565,CLI0050,ASG002216,DUD101423,2023-01-30,4,4,4,4,4,5,4,Yes,False,,
CFB0005566,CLI0039,ASG002217,DUD101423,2023-07-28,4,4,3,3,4,4,3,Yes,False,,
CFB0005567,CLI0183,ASG002218,DUD101424,2024-01-16,5,4,5,5,5,5,5,Yes,False,,
CFB0005568,CLI0183,ASG002218,DUD101424,2023-08-07,4,4,4,4,4,3,3,Yes,False,,
CFB0005569,CLI0124,ASG002219,DUD101424,2025-05-12,2,2,2,2,2,2,3,Maybe,False,,
CFB0005570,CLI0124,ASG002219,DUD101424,2024-09-30,5,5,4,5,5,5,5,Yes,False,,
CFB0005571,CLI0124,ASG002219,DUD101424,2024-07-17,5,4,4,5,5,5,5,Yes,False,,
CFB0005572,CLI0124,ASG002219,DUD101424,2025-04-30,5,5,5,5,4,5,5,Yes,False,,
CFB0005573,CLI0099,ASG002220,DUD101424,2025-10-08,5,5,4,4,5,5,5,Yes,False,,
CFB0005574,CLI0099,ASG002220,DUD101424,2026-08-14,4,3,4,5,4,4,4,Yes,False,,
CFB0005575,CLI0170,ASG002221,DUD101425,2023-04-07,3,3,3,3,3,3,3,No,False,,
CFB0005576,CLI0170,ASG002221,DUD101425,2023-03-16,5,4,5,5,5,4,5,Yes,False,,
CFB0005577,CLI0170,ASG002221,DUD101425,2023-04-11,4,3,4,4,4,4,4,Yes,False,,
CFB0005578,CLI0215,ASG002222,DUD101425,2025-03-02,5,4,4,5,5,5,5,Yes,False,,
CFB0005579,CLI0075,ASG002223,DUD101426,2023-04-10,3,3,4,3,3,2,2,Maybe,False,,
CFB0005580,CLI0075,ASG002223,DUD101426,2022-12-22,4,4,3,3,4,4,3,Maybe,False,,
CFB0005581,CLI0180,ASG002224,DUD101426,2025-11-18,4,4,5,5,4,4,4,Yes,False,,
CFB0005582,CLI0123,ASG002225,DUD101427,2025-11-23,4,4,3,5,5,3,4,Yes,False,,
CFB0005583,CLI0123,ASG002225,DUD101427,2025-01-22,3,3,2,4,3,2,4,Yes,False,,
CFB0005584,CLI0096,ASG002226,DUD101428,2026-07-28,4,3,3,4,4,4,4,Yes,False,,
CFB0005585,CLI0019,ASG002227,DUD101429,2023-05-30,4,4,4,5,4,4,3,Yes,False,,
CFB0005586,CLI0019,ASG002227,DUD101429,2023-07-06,4,3,5,3,4,4,3,Yes,False,,
CFB0005587,CLI0019,ASG002227,DUD101429,2024-09-03,4,4,4,4,3,4,3,Yes,False,,
CFB0005588,CLI0019,ASG002227,DUD101429,2021-11-27,4,4,5,4,4,3,5,Maybe,False,,
CFB0005589,CLI0136,ASG002228,DUD101430,2023-02-18,4,4,5,4,4,5,4,Yes,False,,
CFB0005590,CLI0136,ASG002228,DUD101430,2023-03-25,2,2,2,3,1,3,2,Maybe,False,,
CFB0005591,CLI0136,ASG002228,DUD101430,2022-11-02,4,4,4,3,5,3,5,Yes,False,,
CFB0005592,CLI0236,ASG002229,DUD101430,2025-01-29,5,5,4,4,5,4,5,Yes,False,,
CFB0005593,CLI0236,ASG002229,DUD101430,2026-03-02,4,4,5,4,4,3,4,Maybe,False,,
CFB0005594,CLI0172,ASG002230,DUD101431,2026-04-26,5,5,5,5,5,5,4,Yes,True,Classroom Management,
CFB0005595,CLI0172,ASG002230,DUD101431,2026-02-21,4,3,3,5,4,4,4,Maybe,True,Communication,
CFB0005596,CLI0172,ASG002230,DUD101431,2024-11-01,4,4,5,4,4,4,3,Yes,False,,
CFB0005597,CLI0141,ASG002231,DUD101432,2023-01-08,3,3,4,3,3,4,3,No,False,,
CFB0005598,CLI0097,ASG002232,DUD101433,2024-12-03,4,5,4,4,3,3,4,Maybe,False,,
CFB0005599,CLI0097,ASG002232,DUD101433,2023-05-22,5,5,5,5,4,5,5,Maybe,False,,
CFB0005600,CLI0097,ASG002232,DUD101433,2025-08-03,5,5,5,4,5,5,5,Yes,False,,
CFB0005601,CLI0097,ASG002232,DUD101433,2026-04-09,4,4,4,4,5,5,4,Yes,False,,
CFB0005602,CLI0230,ASG002233,DUD101434,2025-12-30,5,4,5,4,5,5,4,Yes,False,,
CFB0005603,CLI0230,ASG002233,DUD101434,2025-05-14,5,5,5,5,5,4,5,Yes,False,,
CFB0005604,CLI0151,ASG002234,DUD101434,2026-03-28,1,1,2,2,1,1,1,No,True,Professionalism,
CFB0005605,CLI0151,ASG002234,DUD101434,2026-05-29,4,4,4,3,4,3,4,Yes,False,,
CFB0005606,CLI0231,ASG002235,DUD101435,2025-11-18,1,1,1,1,1,1,1,Maybe,False,,
CFB0005607,CLI0231,ASG002235,DUD101435,2026-06-21,4,4,4,3,4,5,4,Yes,False,,
CFB0005608,CLI0064,ASG002236,DUD101436,2025-03-10,5,4,5,5,5,5,5,Yes,False,,
CFB0005609,CLI0064,ASG002236,DUD101436,2024-10-30,2,1,1,2,3,2,2,Maybe,False,,
CFB0005610,CLI0064,ASG002236,DUD101436,2025-03-07,3,3,4,3,2,4,2,No,True,Classroom Management,
CFB0005611,CLI0064,ASG002236,DUD101436,2025-08-22,4,4,5,4,5,4,3,No,False,,
CFB0005612,CLI0183,ASG002237,DUD101437,2022-10-04,4,4,5,4,5,4,5,Yes,False,,
CFB0005613,CLI0183,ASG002237,DUD101437,2021-09-30,4,3,4,4,4,4,4,Yes,False,,
CFB0005614,CLI0251,ASG002238,DUD101437,2023-02-27,5,5,4,5,5,5,5,Yes,False,,
CFB0005615,CLI0123,ASG002239,DUD101438,2026-07-24,4,5,4,4,3,4,4,Yes,False,,
CFB0005616,CLI0123,ASG002239,DUD101438,2026-07-12,2,2,2,1,2,2,3,Yes,True,Lesson Quality,
CFB0005617,CLI0298,ASG002240,DUD101439,2024-11-05,3,3,2,3,2,4,2,Maybe,False,,
CFB0005618,CLI0298,ASG002240,DUD101439,2024-12-04,4,3,5,4,5,3,4,Yes,False,,
CFB0005619,CLI0178,ASG002241,DUD101439,2025-12-26,5,4,5,4,4,5,5,No,False,,
CFB0005620,CLI0178,ASG002241,DUD101439,2026-07-04,3,3,4,3,3,2,3,No,False,,
CFB0005621,CLI0178,ASG002241,DUD101439,2026-03-27,4,4,4,5,4,4,5,Yes,False,,
CFB0005622,CLI0219,ASG002242,DUD101439,2027-05-20,4,4,3,5,4,5,3,Yes,False,,
CFB0005623,CLI0219,ASG002242,DUD101439,2026-09-16,4,3,5,4,4,4,4,Yes,False,,
CFB0005624,CLI0219,ASG002242,DUD101439,2026-10-15,5,5,5,5,5,5,5,Yes,False,,
CFB0005625,CLI0091,ASG002243,DUD101440,2025-05-22,4,4,4,3,5,4,4,Yes,False,,
CFB0005626,CLI0091,ASG002243,DUD101440,2024-03-11,1,1,2,1,2,2,1,Maybe,True,Lesson Quality,
CFB0005627,CLI0091,ASG002243,DUD101440,2023-08-17,5,5,5,5,4,5,5,Yes,False,,
CFB0005628,CLI0091,ASG002243,DUD101440,2026-07-06,5,5,5,4,5,5,4,Yes,False,,
CFB0005629,CLI0036,ASG002244,DUD101441,2024-09-25,4,4,4,3,3,5,4,Maybe,False,,
CFB0005630,CLI0176,ASG002245,DUD101442,2022-03-23,4,5,4,4,5,4,5,Yes,False,,
CFB0005631,CLI0176,ASG002245,DUD101442,2022-02-24,5,5,4,5,5,5,5,Yes,True,Classroom Management,
CFB0005632,CLI0176,ASG002246,DUD101443,2022-03-08,4,4,3,3,5,4,4,Yes,False,,
CFB0005633,CLI0176,ASG002246,DUD101443,2022-01-12,2,1,1,3,3,2,3,Yes,False,,
CFB0005634,CLI0274,ASG002247,DUD101443,2022-06-27,5,5,4,5,5,5,5,Maybe,False,,
CFB0005635,CLI0274,ASG002247,DUD101443,2022-08-04,4,4,4,4,5,5,5,Yes,False,,
CFB0005636,CLI0234,ASG002248,DUD101444,2026-05-12,4,4,3,4,5,3,3,Yes,False,,
CFB0005637,CLI0234,ASG002248,DUD101444,2025-10-22,4,5,5,5,4,5,3,Yes,False,,
CFB0005638,CLI0234,ASG002248,DUD101444,2025-11-28,5,5,5,5,4,5,5,Maybe,False,,
CFB0005639,CLI0234,ASG002248,DUD101444,2022-02-10,5,5,4,5,5,5,5,Yes,False,,
CFB0005640,CLI0300,ASG002249,DUD101445,2024-04-04,4,3,5,4,5,4,5,Yes,False,,
CFB0005641,CLI0300,ASG002249,DUD101445,2024-06-26,3,3,3,2,4,3,4,Yes,False,,
CFB0005642,CLI0300,ASG002249,DUD101445,2024-11-20,4,4,3,4,4,4,4,Yes,False,,
CFB0005643,CLI0300,ASG002249,DUD101445,2024-10-06,5,4,5,5,5,5,5,Maybe,False,,
CFB0005644,CLI0264,ASG002250,DUD101446,2022-10-06,3,2,3,2,4,4,2,No,True,Lesson Quality,
CFB0005645,CLI0264,ASG002250,DUD101446,2022-01-07,3,4,4,4,4,4,2,Maybe,False,,
CFB0005646,CLI0264,ASG002250,DUD101446,2023-02-02,5,5,4,5,5,5,5,Yes,True,Communication,
CFB0005647,CLI0264,ASG002250,DUD101446,2022-08-22,3,4,4,4,3,2,2,No,False,,
CFB0005648,CLI0084,ASG002251,DUD101446,2024-02-19,4,3,4,3,5,4,4,Maybe,False,,
CFB0005649,CLI0084,ASG002251,DUD101446,2024-11-21,3,3,4,3,2,3,4,Yes,False,,
CFB0005650,CLI0084,ASG002251,DUD101446,2023-06-24,3,2,3,4,3,3,3,No,False,,
CFB0005651,CLI0084,ASG002251,DUD101446,2023-08-13,4,4,4,3,5,3,3,Yes,False,,
CFB0005652,CLI0048,ASG002252,DUD101447,2023-11-12,4,3,3,3,3,3,4,No,False,,
CFB0005653,CLI0048,ASG002252,DUD101447,2023-10-03,4,4,4,5,4,3,5,Yes,False,,
CFB0005654,CLI0048,ASG002252,DUD101447,2023-12-27,5,5,5,4,5,5,5,Yes,True,Communication,
CFB0005655,CLI0048,ASG002252,DUD101447,2023-10-18,2,2,2,2,1,2,2,Maybe,True,Classroom Management,
CFB0005656,CLI0133,ASG002253,DUD101447,2024-03-23,4,4,3,3,4,3,4,Yes,False,,
CFB0005657,CLI0133,ASG002253,DUD101447,2024-02-11,4,3,4,5,4,4,3,Yes,False,,
CFB0005658,CLI0133,ASG002253,DUD101447,2024-03-04,4,4,3,3,4,4,4,Maybe,False,,
CFB0005659,CLI0133,ASG002253,DUD101447,2024-02-06,4,3,4,4,5,4,3,Yes,False,,
CFB0005660,CLI0266,ASG002254,DUD101448,2025-12-29,4,4,4,3,5,4,4,Yes,True,Punctuality,
CFB0005661,CLI0266,ASG002254,DUD101448,2025-11-24,5,5,5,5,5,4,4,Yes,False,,
CFB0005662,CLI0266,ASG002254,DUD101448,2026-01-28,4,4,4,5,4,4,4,Maybe,False,,
CFB0005663,CLI0266,ASG002254,DUD101448,2025-09-03,4,4,4,4,4,4,4,Yes,False,,
CFB0005664,CLI0058,ASG002255,DUD101449,2026-01-31,3,2,4,3,3,2,4,No,True,Communication,
CFB0005665,CLI0058,ASG002255,DUD101449,2026-02-25,5,5,5,4,4,5,5,Yes,False,,
CFB0005666,CLI0011,ASG002256,DUD101450,2026-03-27,4,5,4,5,4,5,3,Yes,False,,
CFB0005667,CLI0011,ASG002256,DUD101450,2025-11-19,5,4,5,5,5,5,4,Yes,False,,
CFB0005668,CLI0011,ASG002256,DUD101450,2025-09-01,4,4,5,4,3,5,3,No,False,,
CFB0005669,CLI0011,ASG002256,DUD101450,2026-01-31,5,4,4,5,5,5,5,Maybe,False,,
CFB0005670,CLI0108,ASG002257,DUD101451,2022-11-05,4,4,4,3,5,4,3,Yes,False,,
CFB0005671,CLI0123,ASG002258,DUD101452,2024-05-25,4,4,4,5,3,5,4,No,False,,
CFB0005672,CLI0123,ASG002258,DUD101452,2025-04-09,3,3,4,2,3,4,3,No,False,,
CFB0005673,CLI0125,ASG002259,DUD101453,2022-07-04,4,3,4,3,5,4,4,Yes,False,,
CFB0005674,CLI0125,ASG002259,DUD101453,2022-07-16,4,4,4,4,3,4,3,Maybe,False,,
CFB0005675,CLI0050,ASG002260,DUD101454,2021-09-16,4,5,4,3,3,5,5,Yes,False,,
CFB0005676,CLI0050,ASG002260,DUD101454,2022-04-14,3,2,3,2,3,4,4,No,False,,
CFB0005677,CLI0050,ASG002260,DUD101454,2021-09-01,5,4,4,5,5,4,5,Yes,False,,
CFB0005678,CLI0185,ASG002261,DUD101454,2022-08-09,3,2,3,3,4,2,3,No,False,,
CFB0005679,CLI0185,ASG002261,DUD101454,2022-06-11,5,5,5,5,5,4,5,Yes,False,,
CFB0005680,CLI0185,ASG002261,DUD101454,2022-07-07,4,4,4,5,4,5,4,Yes,False,,
CFB0005681,CLI0153,ASG002262,DUD101455,2025-07-27,4,4,3,4,3,4,4,Yes,False,,
CFB0005682,CLI0241,ASG002263,DUD101455,2026-02-02,4,3,4,4,3,5,4,Yes,False,,
CFB0005683,CLI0241,ASG002263,DUD101455,2026-04-22,4,4,5,3,3,4,3,Maybe,False,,
CFB0005684,CLI0241,ASG002263,DUD101455,2026-04-20,5,5,4,5,5,4,5,Yes,False,,
CFB0005685,CLI0204,ASG002264,DUD101456,2024-06-08,5,5,5,5,5,5,5,Maybe,False,,
CFB0005686,CLI0204,ASG002264,DUD101456,2024-10-01,4,4,3,4,3,4,5,Yes,False,,
CFB0005687,CLI0204,ASG002264,DUD101456,2025-01-19,4,4,4,5,4,5,4,Yes,False,,
CFB0005688,CLI0046,ASG002265,DUD101457,2021-01-16,4,5,4,4,5,4,4,Yes,False,,
CFB0005689,CLI0046,ASG002265,DUD101457,2021-03-08,4,5,3,3,5,3,5,Yes,False,,
CFB0005690,CLI0046,ASG002265,DUD101457,2021-02-01,3,3,3,2,2,3,3,Yes,False,,
CFB0005691,CLI0300,ASG002266,DUD101457,2024-02-07,3,3,3,4,3,2,4,No,False,,
CFB0005692,CLI0300,ASG002266,DUD101457,2024-07-09,5,5,5,4,4,4,4,Yes,False,,
CFB0005693,CLI0148,ASG002267,DUD101458,2024-02-14,5,5,5,5,5,5,4,Yes,False,,
CFB0005694,CLI0148,ASG002267,DUD101458,2024-05-07,5,5,4,5,5,4,5,Maybe,False,,
CFB0005695,CLI0148,ASG002267,DUD101458,2023-09-28,4,4,4,4,4,5,4,Yes,False,,
CFB0005696,CLI0148,ASG002267,DUD101458,2024-04-11,4,5,4,4,4,4,3,Yes,False,,
CFB0005697,CLI0218,ASG002268,DUD101458,2025-07-15,4,4,4,4,4,4,4,Yes,False,,
CFB0005698,CLI0218,ASG002268,DUD101458,2025-11-02,4,4,4,5,4,4,4,Yes,False,,
CFB0005699,CLI0218,ASG002268,DUD101458,2026-03-15,4,4,3,3,5,4,5,Yes,False,,
CFB0005700,CLI0279,ASG002269,DUD101459,2021-05-20,4,4,4,4,4,4,4,Yes,False,,
CFB0005701,CLI0279,ASG002269,DUD101459,2021-07-21,2,2,2,3,2,2,2,Yes,True,Attendance,
CFB0005702,CLI0279,ASG002269,DUD101459,2022-01-15,3,3,2,2,4,3,2,Maybe,False,,
CFB0005703,CLI0279,ASG002269,DUD101459,2021-11-15,3,2,4,4,2,4,3,Maybe,False,,
CFB0005704,CLI0176,ASG002270,DUD101459,2022-03-09,4,4,4,4,3,3,5,Yes,True,Classroom Management,
CFB0005705,CLI0176,ASG002270,DUD101459,2022-02-25,5,4,4,4,5,5,5,Yes,False,,
CFB0005706,CLI0176,ASG002270,DUD101459,2022-04-15,3,3,3,3,3,3,3,Maybe,False,,
CFB0005707,CLI0255,ASG002271,DUD101460,2025-07-25,4,5,4,5,4,4,4,Yes,False,,
CFB0005708,CLI0255,ASG002271,DUD101460,2023-12-02,4,4,4,5,4,4,3,Yes,False,,
CFB0005709,CLI0255,ASG002271,DUD101460,2021-07-05,4,4,4,3,5,5,3,Yes,False,,
CFB0005710,CLI0056,ASG002272,DUD101461,2025-01-30,4,3,4,5,5,5,4,Yes,False,,
CFB0005711,CLI0270,ASG002273,DUD101462,2023-12-31,2,2,2,1,2,2,2,Maybe,False,,
CFB0005712,CLI0213,ASG002274,DUD101462,2026-03-06,1,2,1,1,2,1,1,Maybe,False,,
CFB0005713,CLI0019,ASG002275,DUD101463,2024-03-08,3,3,3,3,2,2,3,No,True,Communication,
CFB0005714,CLI0019,ASG002275,DUD101463,2024-06-28,4,5,3,5,4,3,3,Yes,False,,
CFB0005715,CLI0019,ASG002275,DUD101463,2025-01-03,4,4,5,4,5,4,3,Maybe,False,,
CFB0005716,CLI0123,ASG002276,DUD101463,2025-10-08,3,4,4,2,2,4,2,Yes,False,,
CFB0005717,CLI0123,ASG002276,DUD101463,2025-07-14,5,5,5,5,5,5,5,Yes,False,,
CFB0005718,CLI0123,ASG002276,DUD101463,2025-04-09,4,4,3,4,5,5,4,Maybe,False,,
CFB0005719,CLI0172,ASG002277,DUD101464,2022-11-16,5,5,5,4,4,4,5,Yes,False,,
CFB0005720,CLI0183,ASG002278,DUD101464,2024-02-19,4,5,5,4,4,4,4,Yes,False,,
CFB0005721,CLI0088,ASG002279,DUD101465,2025-02-11,5,5,5,4,4,5,5,Maybe,False,,
CFB0005722,CLI0280,ASG002280,DUD101466,2022-09-22,3,4,3,3,2,3,3,No,False,,
CFB0005723,CLI0280,ASG002280,DUD101466,2022-09-28,4,4,4,4,4,3,4,Yes,False,,
CFB0005724,CLI0280,ASG002280,DUD101466,2022-08-07,5,4,5,5,5,5,4,Yes,False,,
CFB0005725,CLI0156,ASG002281,DUD101466,2026-01-26,4,4,4,4,5,5,5,Yes,False,,
CFB0005726,CLI0156,ASG002281,DUD101466,2023-06-28,4,4,4,3,4,5,3,Maybe,False,,
CFB0005727,CLI0156,ASG002281,DUD101466,2023-08-29,4,5,3,4,5,4,4,Yes,False,,
CFB0005728,CLI0156,ASG002281,DUD101466,2023-05-05,5,5,4,5,5,5,4,Yes,False,,
CFB0005729,CLI0078,ASG002282,DUD101467,2024-07-07,5,5,5,5,4,5,5,Yes,False,,
CFB0005730,CLI0078,ASG002282,DUD101467,2024-11-05,4,4,4,3,4,3,5,Yes,False,,
CFB0005731,CLI0230,ASG002283,DUD101468,2024-11-12,4,4,4,4,3,4,4,Maybe,False,,
CFB0005732,CLI0230,ASG002283,DUD101468,2024-11-27,4,4,3,5,4,4,5,No,False,,
CFB0005733,CLI0230,ASG002283,DUD101468,2024-08-28,4,5,5,4,4,4,4,Yes,True,Communication,
CFB0005734,CLI0208,ASG002284,DUD101468,2026-03-01,5,5,5,5,5,5,5,Maybe,False,,
CFB0005735,CLI0208,ASG002284,DUD101468,2025-11-23,4,4,3,4,5,3,5,Yes,False,,
CFB0005736,CLI0208,ASG002284,DUD101468,2026-07-26,2,2,2,3,2,1,3,Yes,False,,
CFB0005737,CLI0208,ASG002284,DUD101468,2026-06-08,3,4,3,3,3,4,2,Maybe,False,,
CFB0005738,CLI0162,ASG002285,DUD101469,2025-06-12,5,5,5,5,5,5,5,Yes,True,Communication,
CFB0005739,CLI0162,ASG002285,DUD101469,2025-05-22,5,5,5,5,5,5,5,Yes,False,,
CFB0005740,CLI0061,ASG002286,DUD101470,2024-08-31,2,1,3,2,1,3,2,Yes,False,,
CFB0005741,CLI0061,ASG002286,DUD101470,2024-09-16,4,4,3,4,3,3,4,Maybe,False,,
CFB0005742,CLI0061,ASG002286,DUD101470,2023-10-26,3,3,4,3,3,3,3,No,True,Classroom Management,
CFB0005743,CLI0061,ASG002286,DUD101470,2024-08-13,4,4,3,3,4,4,3,Yes,False,,
CFB0005744,CLI0184,ASG002287,DUD101471,2025-03-27,5,4,5,4,5,4,5,Yes,False,,
CFB0005745,CLI0184,ASG002287,DUD101471,2025-06-22,4,4,5,5,5,4,4,Yes,False,,
CFB0005746,CLI0184,ASG002287,DUD101471,2025-04-21,4,5,4,5,4,4,5,Yes,False,,
CFB0005747,CLI0222,ASG002288,DUD101471,2025-09-19,3,4,3,3,3,3,3,Maybe,False,,
CFB0005748,CLI0222,ASG002288,DUD101471,2026-01-01,4,4,4,3,3,4,4,Maybe,False,,
CFB0005749,CLI0222,ASG002288,DUD101471,2025-10-14,4,3,3,4,5,4,3,Yes,False,,
CFB0005750,CLI0222,ASG002288,DUD101471,2025-11-24,5,5,5,4,5,4,5,Yes,False,,
CFB0005751,CLI0051,ASG002289,DUD101472,2021-10-07,3,2,2,3,3,3,3,Yes,False,,
CFB0005752,CLI0059,ASG002290,DUD101472,2022-08-12,2,2,2,1,2,2,3,Yes,False,,
CFB0005753,CLI0059,ASG002290,DUD101472,2022-08-23,5,4,4,4,5,5,5,Yes,False,,
CFB0005754,CLI0059,ASG002290,DUD101472,2022-07-06,4,3,5,5,4,5,4,Yes,False,,
CFB0005755,CLI0059,ASG002290,DUD101472,2022-06-15,4,4,4,3,3,5,3,Yes,False,,
CFB0005756,CLI0255,ASG002291,DUD101472,2024-04-18,4,4,4,4,5,3,4,Yes,False,,
CFB0005757,CLI0255,ASG002291,DUD101472,2023-06-14,4,4,4,3,3,5,4,Yes,False,,
CFB0005758,CLI0007,ASG002292,DUD101473,2022-06-02,3,3,2,3,4,4,4,Yes,False,,
CFB0005759,CLI0007,ASG002292,DUD101473,2022-02-19,3,2,2,4,4,3,4,Yes,False,,
CFB0005760,CLI0007,ASG002292,DUD101473,2026-06-11,5,5,5,5,5,4,5,Yes,False,,
CFB0005761,CLI0230,ASG002293,DUD101474,2022-06-23,4,4,3,3,4,3,4,Yes,False,,
CFB0005762,CLI0196,ASG002294,DUD101474,2023-05-18,4,3,5,5,4,4,4,Yes,False,,
CFB0005763,CLI0196,ASG002294,DUD101474,2023-04-13,3,3,3,2,3,3,4,No,False,,
CFB0005764,CLI0196,ASG002294,DUD101474,2023-01-01,5,5,5,4,5,5,5,Yes,False,,
CFB0005765,CLI0196,ASG002294,DUD101474,2023-05-05,1,1,2,1,1,1,1,Yes,False,,
CFB0005766,CLI0201,ASG002295,DUD101474,2026-03-28,3,3,2,2,3,2,2,Yes,False,,
CFB0005767,CLI0201,ASG002295,DUD101474,2023-10-14,4,5,4,3,5,3,4,Yes,False,,
CFB0005768,CLI0201,ASG002295,DUD101474,2025-04-03,3,3,2,4,4,3,4,Yes,False,,
CFB0005769,CLI0036,ASG002296,DUD101475,2024-02-08,4,4,5,5,5,3,3,Yes,False,,
CFB0005770,CLI0036,ASG002296,DUD101475,2023-12-20,5,4,4,5,4,4,5,Maybe,False,,
CFB0005771,CLI0036,ASG002296,DUD101475,2025-01-20,4,3,5,4,3,5,4,No,False,,
CFB0005772,CLI0264,ASG002297,DUD101476,2022-07-24,4,3,4,5,4,3,4,Yes,False,,
CFB0005773,CLI0133,ASG002298,DUD101476,2024-02-25,3,4,3,3,3,2,2,Maybe,False,,
CFB0005774,CLI0133,ASG002298,DUD101476,2025-11-29,5,5,5,4,4,5,4,Maybe,False,,
CFB0005775,CLI0133,ASG002298,DUD101476,2024-05-27,5,5,5,4,5,5,4,Yes,False,,
CFB0005776,CLI0168,ASG002299,DUD101477,2021-10-03,4,4,5,3,5,4,5,Maybe,False,,
CFB0005777,CLI0028,ASG002300,DUD101478,2023-11-05,5,5,5,4,5,5,5,Yes,False,,
CFB0005778,CLI0028,ASG002300,DUD101478,2026-05-29,4,4,5,5,5,4,5,Yes,False,,
CFB0005779,CLI0028,ASG002300,DUD101478,2026-02-26,4,4,3,3,4,3,5,Maybe,False,,
CFB0005780,CLI0156,ASG002301,DUD101479,2023-08-29,4,4,3,5,4,4,4,Yes,False,,
CFB0005781,CLI0156,ASG002301,DUD101479,2024-07-31,4,4,4,4,4,4,5,No,False,,
CFB0005782,CLI0156,ASG002301,DUD101479,2024-05-16,5,5,5,5,5,5,5,Maybe,False,,
CFB0005783,CLI0156,ASG002301,DUD101479,2024-04-28,5,4,5,4,4,5,5,Yes,False,,
CFB0005784,CLI0059,ASG002302,DUD101479,2024-08-28,5,5,5,4,5,5,4,Yes,False,,
CFB0005785,CLI0059,ASG002302,DUD101479,2024-10-12,4,4,4,4,4,5,3,Maybe,False,,
CFB0005786,CLI0059,ASG002302,DUD101479,2025-02-19,5,5,5,5,4,4,4,Maybe,False,,
CFB0005787,CLI0059,ASG002302,DUD101479,2024-09-19,5,5,5,5,5,4,4,Maybe,False,,
CFB0005788,CLI0023,ASG002303,DUD101479,2025-05-31,4,4,4,4,5,4,3,Yes,False,,
CFB0005789,CLI0023,ASG002303,DUD101479,2025-07-05,5,5,5,5,5,5,4,Maybe,False,,
CFB0005790,CLI0023,ASG002303,DUD101479,2025-04-05,5,4,5,4,5,5,5,Yes,False,,
CFB0005791,CLI0023,ASG002303,DUD101479,2025-08-14,2,2,3,2,3,3,1,No,False,,
CFB0005792,CLI0164,ASG002304,DUD101480,2025-09-26,4,3,4,3,4,4,4,Yes,False,,
CFB0005793,CLI0219,ASG002305,DUD101480,2026-07-06,4,3,3,5,4,3,4,Yes,False,,
CFB0005794,CLI0219,ASG002305,DUD101480,2026-08-10,4,4,5,4,4,5,3,Yes,False,,
CFB0005795,CLI0219,ASG002305,DUD101480,2026-08-11,5,5,5,5,5,4,4,Yes,False,,
CFB0005796,CLI0185,ASG002306,DUD101481,2022-08-15,2,1,1,3,2,2,2,No,True,Punctuality,
CFB0005797,CLI0185,ASG002306,DUD101481,2023-02-22,4,4,4,3,4,5,4,Yes,False,,
CFB0005798,CLI0185,ASG002306,DUD101481,2022-11-28,5,4,4,5,5,5,5,Yes,False,,
CFB0005799,CLI0006,ASG002307,DUD101481,2026-06-15,4,4,4,4,4,4,5,Yes,False,,
CFB0005800,CLI0006,ASG002307,DUD101481,2025-06-21,5,5,4,5,5,5,4,Yes,False,,
CFB0005801,CLI0006,ASG002307,DUD101481,2026-04-03,2,1,2,2,2,1,1,Yes,False,,
CFB0005802,CLI0158,ASG002308,DUD101482,2025-08-10,5,5,5,5,5,4,4,Yes,False,,
CFB0005803,CLI0158,ASG002308,DUD101482,2026-06-15,2,2,3,2,2,2,2,Yes,False,,
CFB0005804,CLI0158,ASG002308,DUD101482,2026-02-24,5,4,5,4,5,5,5,Yes,False,,
CFB0005805,CLI0158,ASG002308,DUD101482,2026-06-30,4,5,3,3,5,4,4,Maybe,False,,
CFB0005806,CLI0099,ASG002309,DUD101482,2027-09-04,4,5,4,4,3,4,5,Yes,False,,
CFB0005807,CLI0099,ASG002309,DUD101482,2027-07-14,5,5,5,5,4,4,4,Yes,False,,
CFB0005808,CLI0171,ASG002310,DUD101483,2026-01-18,2,3,1,3,3,2,2,No,False,,
CFB0005809,CLI0171,ASG002310,DUD101483,2026-05-05,3,3,3,2,3,4,3,No,False,,
CFB0005810,CLI0171,ASG002310,DUD101483,2026-01-21,2,2,2,2,3,2,1,Maybe,False,,
CFB0005811,CLI0024,ASG002311,DUD101483,2026-09-23,4,4,5,4,3,3,4,Yes,False,,
CFB0005812,CLI0024,ASG002311,DUD101483,2027-01-11,3,3,4,3,3,3,4,Yes,False,,
CFB0005813,CLI0024,ASG002311,DUD101483,2026-12-18,5,5,5,5,4,5,5,Yes,False,,
CFB0005814,CLI0043,ASG002312,DUD101484,2021-11-21,4,4,4,4,5,5,4,Yes,False,,
CFB0005815,CLI0043,ASG002312,DUD101484,2022-01-11,4,4,3,3,4,5,5,Maybe,False,,
CFB0005816,CLI0043,ASG002312,DUD101484,2021-05-03,5,4,4,4,5,4,5,Yes,False,,
CFB0005817,CLI0090,ASG002313,DUD101484,2026-08-17,5,5,5,4,5,5,5,Yes,False,,
CFB0005818,CLI0090,ASG002313,DUD101484,2024-11-15,4,3,3,5,5,3,4,Yes,False,,
CFB0005819,CLI0090,ASG002313,DUD101484,2025-02-11,3,3,3,3,3,3,2,Maybe,False,,
CFB0005820,CLI0048,ASG002314,DUD101485,2024-02-07,5,5,5,4,5,5,5,Yes,False,,
CFB0005821,CLI0025,ASG002315,DUD101486,2025-10-31,4,5,4,3,3,4,4,Yes,False,,
CFB0005822,CLI0025,ASG002315,DUD101486,2025-07-03,4,3,4,5,4,5,4,Yes,False,,
CFB0005823,CLI0025,ASG002315,DUD101486,2025-10-18,3,4,2,3,4,3,4,Maybe,False,,
CFB0005824,CLI0025,ASG002315,DUD101486,2026-05-22,5,5,4,5,5,4,5,Yes,False,,
CFB0005825,CLI0033,ASG002316,DUD101487,2021-04-01,2,2,3,1,2,1,3,Yes,False,,
CFB0005826,CLI0033,ASG002316,DUD101487,2021-08-31,4,4,4,4,5,4,5,Maybe,False,,
CFB0005827,CLI0033,ASG002316,DUD101487,2021-04-07,4,4,3,5,3,3,4,Maybe,False,,
CFB0005828,CLI0060,ASG002317,DUD101488,2026-01-16,5,5,5,5,5,5,5,Yes,False,,
CFB0005829,CLI0060,ASG002317,DUD101488,2025-10-09,5,5,4,5,5,5,5,Maybe,False,,
CFB0005830,CLI0060,ASG002317,DUD101488,2025-11-18,5,5,5,5,5,4,5,Maybe,False,,
CFB0005831,CLI0060,ASG002317,DUD101488,2026-01-06,3,3,3,3,3,3,4,Maybe,False,,
CFB0005832,CLI0164,ASG002318,DUD101488,2026-02-15,4,5,4,3,5,5,4,Maybe,False,,
CFB0005833,CLI0164,ASG002318,DUD101488,2026-05-13,5,5,5,5,5,5,5,Yes,False,,
CFB0005834,CLI0164,ASG002318,DUD101488,2026-05-28,4,3,4,4,5,5,4,Yes,False,,
CFB0005835,CLI0164,ASG002318,DUD101488,2026-03-14,5,5,4,5,5,5,4,Yes,False,,
CFB0005836,CLI0143,ASG002319,DUD101489,2023-11-16,4,3,5,4,3,5,4,Maybe,False,,
CFB0005837,CLI0143,ASG002319,DUD101489,2024-03-17,4,4,4,4,3,4,5,Yes,False,,
CFB0005838,CLI0143,ASG002319,DUD101489,2024-02-25,4,3,5,5,3,3,5,Yes,False,,
CFB0005839,CLI0143,ASG002319,DUD101489,2023-12-10,4,3,5,3,3,4,4,Yes,False,,
CFB0005840,CLI0097,ASG002320,DUD101490,2022-01-16,5,5,5,5,5,5,5,Yes,False,,
CFB0005841,CLI0097,ASG002320,DUD101490,2022-01-02,4,4,5,4,3,5,4,Yes,False,,
CFB0005842,CLI0213,ASG002321,DUD101490,2022-02-16,4,5,4,3,4,3,5,Yes,False,,
CFB0005843,CLI0213,ASG002321,DUD101490,2022-02-17,4,3,5,5,4,5,4,Maybe,False,,
CFB0005844,CLI0213,ASG002321,DUD101490,2022-02-27,4,4,4,4,4,3,4,Yes,False,,
CFB0005845,CLI0202,ASG002322,DUD101490,2023-03-10,4,4,5,4,4,5,3,No,False,,
CFB0005846,CLI0202,ASG002322,DUD101490,2024-03-10,5,5,4,4,5,5,5,Yes,False,,
CFB0005847,CLI0202,ASG002322,DUD101490,2026-02-07,4,5,5,5,4,4,4,Yes,False,,
CFB0005848,CLI0162,ASG002323,DUD101491,2025-12-16,3,4,2,2,4,3,3,Maybe,True,Punctuality,
CFB0005849,CLI0162,ASG002323,DUD101491,2026-08-04,5,5,4,5,5,5,5,Yes,False,,
CFB0005850,CLI0162,ASG002323,DUD101491,2026-07-22,1,1,1,1,2,1,1,Maybe,False,,
CFB0005851,CLI0162,ASG002323,DUD101491,2026-03-07,3,2,3,3,2,3,2,No,False,,
CFB0005852,CLI0029,ASG002324,DUD101491,2028-02-09,2,1,1,1,3,2,2,Maybe,False,,
CFB0005853,CLI0029,ASG002324,DUD101491,2027-10-18,5,5,5,4,4,5,5,Yes,False,,
CFB0005854,CLI0029,ASG002324,DUD101491,2028-05-11,2,2,1,1,2,2,2,Yes,False,,
CFB0005855,CLI0029,ASG002324,DUD101491,2027-03-15,2,2,1,1,2,2,2,Maybe,False,,
CFB0005856,CLI0032,ASG002325,DUD101491,2028-06-26,4,4,4,5,4,4,3,Yes,False,,
CFB0005857,CLI0032,ASG002325,DUD101491,2028-06-26,4,4,3,4,5,4,4,Yes,False,,
CFB0005858,CLI0032,ASG002325,DUD101491,2028-06-26,4,5,4,4,4,3,5,Yes,False,,
CFB0005859,CLI0179,ASG002326,DUD101492,2023-12-03,4,5,4,3,4,3,3,No,False,,
CFB0005860,CLI0179,ASG002326,DUD101492,2024-01-26,3,3,3,2,3,4,4,Yes,True,Professionalism,
CFB0005861,CLI0047,ASG002327,DUD101492,2025-03-22,4,3,4,4,5,3,4,Maybe,False,,
CFB0005862,CLI0047,ASG002327,DUD101492,2025-01-14,5,5,5,5,5,5,5,Yes,False,,
CFB0005863,CLI0047,ASG002327,DUD101492,2025-02-09,3,3,2,3,3,3,2,Maybe,False,,
CFB0005864,CLI0112,ASG002328,DUD101492,2025-10-02,4,5,5,5,4,4,5,No,False,,
CFB0005865,CLI0112,ASG002328,DUD101492,2025-10-20,5,5,5,5,4,5,5,Yes,False,,
CFB0005866,CLI0006,ASG002329,DUD101493,2026-06-28,3,2,4,2,3,4,3,Yes,False,,
CFB0005867,CLI0006,ASG002329,DUD101493,2026-03-27,4,4,4,5,4,3,4,Yes,True,Professionalism,
CFB0005868,CLI0246,ASG002330,DUD101494,2024-06-25,4,4,3,3,4,5,5,Yes,False,,
CFB0005869,CLI0246,ASG002330,DUD101494,2024-05-19,4,4,4,4,4,4,5,Yes,False,,
CFB0005870,CLI0246,ASG002330,DUD101494,2023-12-26,4,4,3,4,4,4,4,Yes,False,,
CFB0005871,CLI0246,ASG002330,DUD101494,2024-06-08,5,4,4,5,5,4,5,Maybe,False,,
CFB0005872,CLI0122,ASG002331,DUD101494,2025-04-18,4,4,4,3,4,4,4,Yes,False,,
CFB0005873,CLI0087,ASG002332,DUD101495,2025-04-10,4,4,3,5,4,3,5,Yes,True,Classroom Management,
CFB0005874,CLI0266,ASG002333,DUD101495,2025-09-21,4,4,3,4,5,5,4,Yes,False,,
CFB0005875,CLI0150,ASG002334,DUD101496,2023-04-05,3,2,2,2,4,4,3,Maybe,False,,
CFB0005876,CLI0150,ASG002334,DUD101496,2023-06-10,4,5,3,4,4,4,4,Yes,False,,
CFB0005877,CLI0055,ASG002335,DUD101497,2021-11-22,3,3,2,3,3,4,3,Maybe,False,,
CFB0005878,CLI0055,ASG002335,DUD101497,2022-03-04,3,2,3,3,2,3,2,Yes,False,,
CFB0005879,CLI0055,ASG002335,DUD101497,2022-05-01,5,5,5,5,5,5,5,Yes,False,,
CFB0005880,CLI0055,ASG002335,DUD101497,2022-08-03,5,5,5,5,5,5,5,Yes,False,,
CFB0005881,CLI0282,ASG002336,DUD101497,2023-03-19,4,4,3,5,4,4,5,Maybe,False,,
CFB0005882,CLI0282,ASG002336,DUD101497,2022-12-05,5,5,5,5,5,5,5,Yes,False,,
CFB0005883,CLI0282,ASG002336,DUD101497,2022-11-28,4,4,4,4,4,4,4,Yes,False,,
CFB0005884,CLI0001,ASG002337,DUD101498,2022-10-22,4,4,3,4,3,4,5,Yes,False,,
CFB0005885,CLI0001,ASG002337,DUD101498,2022-10-20,3,4,3,4,2,4,3,Yes,False,,
CFB0005886,CLI0001,ASG002337,DUD101498,2023-01-18,4,3,4,3,3,5,4,Yes,False,,
CFB0005887,CLI0001,ASG002337,DUD101498,2022-12-29,4,5,4,4,5,5,4,Maybe,False,,
CFB0005888,CLI0055,ASG002338,DUD101498,2024-06-12,3,3,2,3,4,3,3,Yes,False,,
CFB0005889,CLI0055,ASG002338,DUD101498,2024-02-11,5,5,5,5,5,5,4,Yes,False,,
CFB0005890,CLI0055,ASG002338,DUD101498,2024-09-19,5,5,5,5,5,5,4,Maybe,False,,
CFB0005891,CLI0266,ASG002339,DUD101499,2022-01-20,4,3,5,5,4,3,4,Yes,False,,
CFB0005892,CLI0019,ASG002340,DUD101499,2023-07-18,3,3,3,3,2,3,3,Yes,True,Classroom Management,
CFB0005893,CLI0093,ASG002341,DUD101500,2022-08-07,4,5,4,3,4,4,3,Yes,False,,
CFB0005894,CLI0093,ASG002341,DUD101500,2023-06-11,5,5,4,5,5,5,4,Yes,False,,
CFB0005895,CLI0093,ASG002341,DUD101500,2023-03-05,5,4,4,4,4,4,5,Yes,False,,
