employee_id,candidate_id,first_name,middle_name,last_name,date_of_birth,gender,nationality,country_of_birth,residence_country,education_level,degree_field,english_proficiency,japanese_proficiency,hire_eligibility,employee_type,created_date
DUD000001,,Robert,,Davis,1992-12-28,Male,Canadian,Spanish,Japan,Master's Degree,Linguistics,Native,Basic,Eligible,Head Office,2024-04-01
DUD000002,,Daniel,,Moore,1975-02-06,Non-binary,Spanish,Japanese,Japan,Diploma,Management,C1,N3,Eligible,Head Office,2024-04-01
DUD000003,,Luis,,Williams,1984-10-06,Male,Brazilian,American,Japan,Bachelor's Degree,Linguistics,C1,None,Eligible,Head Office,2024-04-01
DUD000004,,Sarah,,Hall,1984-01-12,Prefer not to say,American,French,Japan,Diploma,English,C2,Basic,Eligible,Head Office,2024-04-01
DUD000005,,Diego,,Martin,1982-01-02,Prefer not to say,Mexican,Filipino,Japan,Associate Degree,Business,B2,N1,Eligible,Head Office,2024-04-01
DUD000006,,Laura,,Wilson,1979-04-16,Prefer not to say,Filipino,Japanese,Japan,Bachelor's Degree,Linguistics,C2,None,Eligible,Head Office,2024-04-01
DUD000007,,Marco,,Young,1975-10-25,Non-binary,Filipino,Japanese,Japan,Master's Degree,Business,Native,N3,Eligible,Head Office,2024-04-01
DUD000008,,David,,Lopez,1982-10-23,Male,Spanish,Mexican,Japan,Diploma,Education,C2,Basic,Eligible,Head Office,2024-04-01
DUD000009,,Sarah,,Martin,1975-10-21,Non-binary,American,Australian,Japan,Bachelor's Degree,Education,B2,N3,Eligible,Head Office,2024-04-01
DUD000010,,Jose,,White,1991-11-22,Female,Mexican,Australian,Japan,Diploma,Linguistics,Native,N1,Eligible,Head Office,2024-04-01
DUD000011,,Ana,,Allen,1994-06-18,Prefer not to say,American,Australian,Japan,Diploma,Linguistics,B2,N2,Eligible,Head Office,2024-04-01
DUD000012,,Andres,,Wilson,1989-02-11,Non-binary,Canadian,Canadian,Japan,Master's Degree,Education,B2,N2,Eligible,Head Office,2024-04-01
DUD000013,,Sarah,,Brown,1989-02-09,Female,Australian,Brazilian,Japan,Associate Degree,English,Native,Basic,Eligible,Head Office,2024-04-01
DUD000014,,Christopher,,Miller,1977-09-09,Prefer not to say,Canadian,French,Japan,Associate Degree,English,C2,N1,Eligible,Head Office,2024-04-01
DUD000015,,James,,Davis,1978-06-11,Prefer not to say,Canadian,Mexican,Japan,Bachelor's Degree,Business,B2,N2,Eligible,Head Office,2024-04-01
DUD000016,,Matthew,,Smith,1998-11-17,Prefer not to say,British,British,Japan,Master's Degree,Management,C2,None,Eligible,Head Office,2024-04-01
DUD000017,,David,,Torres,1975-09-23,Female,Japanese,Canadian,Japan,Master's Degree,English,Native,None,Eligible,Head Office,2024-04-01
DUD000018,,Daniel,,Lopez,1987-09-17,Male,Australian,Spanish,Japan,Master's Degree,Linguistics,C2,N1,Eligible,Head Office,2024-04-01
DUD000019,,Sofia,,Martinez,1985-09-19,Non-binary,Japanese,Australian,Japan,Bachelor's Degree,Education,C2,None,Eligible,Head Office,2024-04-01
DUD000020,,Juan,,Garcia,1980-02-06,Male,Canadian,Spanish,Japan,Associate Degree,Business,C1,Basic,Eligible,Head Office,2024-04-01
DUD000021,,Matthew,,Ramirez,1979-05-09,Prefer not to say,Canadian,Canadian,Japan,Diploma,English,C1,N2,Eligible,Head Office,2024-04-01
DUD000022,,Hannah,,Miller,1990-05-26,Non-binary,Japanese,French,Japan,Diploma,Business,B2,N2,Eligible,Head Office,2024-04-01
DUD000023,,Daniel,,Walker,1997-05-19,Female,Australian,British,Japan,Diploma,Management,C2,N3,Eligible,Head Office,2024-04-01
DUD000024,,Miguel,,Brown,1982-07-14,Non-binary,Mexican,Australian,Japan,Diploma,Education,Native,Basic,Eligible,Head Office,2024-04-01
DUD000025,,Laura,,Wilson,1984-01-06,Female,Filipino,Filipino,Japan,Diploma,Business,Native,N1,Eligible,Head Office,2024-04-01
DUD000026,,Matthew,,Hernandez,1984-03-21,Female,Japanese,Filipino,Japan,Bachelor's Degree,Linguistics,C2,None,Eligible,Head Office,2024-04-01
DUD000027,,Laura,,Thompson,1990-01-23,Male,Australian,Spanish,Japan,Bachelor's Degree,English,B2,N3,Eligible,Head Office,2024-04-01
DUD000028,,Miguel,,Young,1982-09-01,Non-binary,American,Mexican,Japan,Bachelor's Degree,Education,C1,N2,Eligible,Head Office,2024-04-01
DUD000029,,Daniel,,Wilson,1985-08-08,Prefer not to say,Mexican,Mexican,Japan,Bachelor's Degree,Business,Native,N1,Eligible,Head Office,2024-04-01
DUD000030,,Sarah,,Martinez,1978-10-25,Female,Japanese,Japanese,Japan,Diploma,HR,Native,N2,Eligible,Head Office,2024-04-01
DUD000031,,John,,King,1993-09-22,Female,American,Brazilian,Japan,Diploma,Education,C2,Basic,Eligible,Head Office,2024-04-01
DUD000032,,Daniel,,Ramirez,1983-05-08,Non-binary,American,Japanese,Japan,Diploma,Management,Native,N3,Eligible,Head Office,2024-04-01
DUD000033,,Juan,,Johnson,1975-12-23,Prefer not to say,Spanish,Canadian,Japan,Bachelor's Degree,Business,C2,Basic,Eligible,Head Office,2024-04-01
DUD000034,,Juan,,Lee,1993-06-14,Non-binary,Spanish,Filipino,Japan,Bachelor's Degree,Business,C1,N2,Eligible,Head Office,2024-04-01
DUD000035,,Sarah,,Wilson,1992-05-19,Non-binary,Canadian,Mexican,Japan,Diploma,Business,Native,N3,Eligible,Head Office,2024-04-01
DUD000036,,Andres,,Sanchez,1998-05-19,Female,French,Mexican,Japan,Bachelor's Degree,English,B2,N3,Eligible,Head Office,2024-04-01
DUD000037,,Marco,,Davis,1996-04-11,Female,Australian,Mexican,Japan,Bachelor's Degree,HR,Native,N2,Eligible,Head Office,2024-04-01
DUD000038,,John,,Wilson,1994-04-20,Female,Brazilian,British,Japan,Diploma,Linguistics,C1,Basic,Eligible,Head Office,2024-04-01
DUD000039,,Michael,,Torres,1995-09-20,Prefer not to say,Filipino,Brazilian,Japan,Bachelor's Degree,Linguistics,C1,None,Eligible,Head Office,2024-04-01
DUD000040,,Miguel,,Lee,1977-09-12,Male,Spanish,Brazilian,Japan,Diploma,Linguistics,C2,None,Eligible,Head Office,2024-04-01
DUD000041,,Hannah,,Perez,1983-08-24,Prefer not to say,Mexican,Australian,Japan,Bachelor's Degree,Education,C1,N2,Eligible,Head Office,2024-04-01
DUD000042,,Sarah,,White,1983-01-06,Male,French,Australian,Japan,Master's Degree,Linguistics,Native,None,Eligible,Head Office,2024-04-01
DUD000043,,Emma,,Perez,1986-07-28,Prefer not to say,Australian,Spanish,Japan,Bachelor's Degree,Linguistics,Native,N2,Eligible,Head Office,2024-04-01
DUD000044,,Ana,,Rodriguez,1978-11-15,Prefer not to say,French,Brazilian,Japan,Master's Degree,English,C1,N3,Eligible,Head Office,2024-04-01
DUD000045,,Michael,,Hall,1975-03-11,Prefer not to say,Australian,Brazilian,Japan,Diploma,Education,C2,N1,Eligible,Head Office,2024-04-01
DUD000046,,Olivia,,Johnson,1984-01-23,Prefer not to say,American,Filipino,Japan,Master's Degree,HR,B2,None,Eligible,Head Office,2024-04-01
DUD000047,,Jessica,,King,1984-02-17,Male,Canadian,Japanese,Japan,Bachelor's Degree,Education,Native,None,Eligible,Head Office,2024-04-01
DUD000048,,Jose,,Gonzalez,1979-05-21,Male,Spanish,Filipino,Japan,Bachelor's Degree,Management,C2,N1,Eligible,Head Office,2024-04-01
DUD000049,,Emily,,Garcia,1998-09-08,Prefer not to say,Mexican,Mexican,Japan,Master's Degree,Education,B2,N3,Eligible,Head Office,2024-04-01
DUD000050,,William,,Hall,1992-12-24,Female,Filipino,Filipino,Japan,Master's Degree,Management,Native,N2,Eligible,Head Office,2024-04-01
DUD000051,,Miguel,,Hernandez,1987-04-27,Non-binary,Filipino,Spanish,Japan,Associate Degree,Management,B2,N1,Eligible,Head Office,2024-04-01
DUD000052,,Andres,,Garcia,1989-03-12,Female,Filipino,Canadian,Japan,Associate Degree,Linguistics,Native,Basic,Eligible,Head Office,2024-04-01
DUD000053,,Daniel,,Wilson,1996-12-22,Male,Spanish,Australian,Japan,Diploma,Business,Native,N2,Eligible,Head Office,2024-04-01
DUD000054,,Alejandro,,Martin,1977-08-28,Female,Mexican,Brazilian,Japan,Bachelor's Degree,Management,C2,Basic,Eligible,Head Office,2024-04-01
DUD000055,,James,,Martinez,1994-11-01,Non-binary,Mexican,Spanish,Japan,Bachelor's Degree,HR,C1,N3,Eligible,Head Office,2024-04-01
DUD000056,,Marco,,Gonzalez,1979-05-22,Prefer not to say,Japanese,American,Japan,Master's Degree,Education,C1,N3,Eligible,Head Office,2024-04-01
DUD000057,,Maria,,Martinez,1982-03-04,Prefer not to say,Mexican,Spanish,Japan,Bachelor's Degree,Management,C1,Basic,Eligible,Head Office,2024-04-01
DUD000058,,Emily,,Hernandez,1995-12-08,Male,Australian,Spanish,Japan,Associate Degree,English,C2,Basic,Eligible,Head Office,2024-04-01
DUD000059,,David,,Jackson,1976-12-09,Female,Spanish,British,Japan,Diploma,Education,C1,Basic,Eligible,Head Office,2024-04-01
DUD000060,,Luis,,Hall,1982-01-17,Male,Australian,Japanese,Japan,Associate Degree,Education,B2,N2,Eligible,Head Office,2024-04-01
DUD000061,,Robert,,Moore,1988-07-18,Prefer not to say,Filipino,Japanese,Japan,Diploma,Education,B2,None,Eligible,Head Office,2024-04-01
DUD000062,,Emma,,Young,1987-08-21,Prefer not to say,Spanish,Spanish,Japan,Diploma,Business,C2,N2,Eligible,Head Office,2024-04-01
DUD000063,,Sofia,,Allen,1996-03-26,Prefer not to say,American,British,Japan,Master's Degree,English,C2,N1,Eligible,Head Office,2024-04-01
DUD000064,,Thomas,,Anderson,1995-12-03,Prefer not to say,Mexican,Japanese,Japan,Associate Degree,HR,B2,N2,Eligible,Head Office,2024-04-01
DUD000065,,Laura,,Garcia,1986-09-07,Male,Mexican,Canadian,Japan,Associate Degree,Business,C2,N3,Eligible,Head Office,2024-04-01
DUD000066,,Jose,,Miller,1986-02-01,Male,Canadian,Australian,Japan,Diploma,HR,B2,N3,Eligible,Head Office,2024-04-01
DUD000067,,Juan,,Martin,1982-02-12,Non-binary,Spanish,Spanish,Japan,Associate Degree,Education,B2,N2,Eligible,Head Office,2024-04-01
DUD000068,,Olivia,,Jackson,1979-08-17,Female,British,Brazilian,Japan,Associate Degree,Management,Native,N2,Eligible,Head Office,2024-04-01
DUD000069,,Carlos,,Sanchez,1988-05-02,Prefer not to say,Japanese,Brazilian,Japan,Master's Degree,Linguistics,B2,N1,Eligible,Head Office,2024-04-01
DUD000070,,David,,Perez,1996-04-14,Non-binary,British,Canadian,Japan,Diploma,Business,Native,N3,Eligible,Head Office,2024-04-01
DUD000071,,Diego,,Perez,1988-07-18,Male,American,French,Japan,Bachelor's Degree,Management,C1,N3,Eligible,Head Office,2024-04-01
DUD000072,,Sarah,,Davis,1992-01-06,Female,Australian,British,Japan,Master's Degree,Education,C1,Basic,Eligible,Head Office,2024-04-01
DUD000073,,Christopher,,Johnson,1980-06-01,Male,Mexican,British,Japan,Diploma,HR,C2,N1,Eligible,Head Office,2024-04-01
DUD000074,,John,,Wilson,1986-03-21,Non-binary,Japanese,Japanese,Japan,Master's Degree,Education,C1,None,Eligible,Head Office,2024-04-01
DUD000075,,Jessica,,King,1985-03-24,Non-binary,American,Brazilian,Japan,Associate Degree,Education,Native,N2,Eligible,Head Office,2024-04-01
DUD000076,,David,,Garcia,1992-05-05,Prefer not to say,Japanese,Mexican,Japan,Diploma,Business,C2,N3,Eligible,Head Office,2024-04-01
DUD000077,,David,,Rodriguez,1989-10-23,Male,Brazilian,British,Japan,Associate Degree,Linguistics,B2,Basic,Eligible,Head Office,2024-04-01
DUD000078,,Hannah,,Taylor,1987-05-06,Female,Australian,Mexican,Japan,Diploma,Education,B2,N1,Eligible,Head Office,2024-04-01
DUD000079,,Michael,,Allen,1995-02-19,Non-binary,Filipino,Japanese,Japan,Master's Degree,HR,B2,N3,Eligible,Head Office,2024-04-01
DUD000080,,Ana,,Perez,1984-08-24,Male,Filipino,Mexican,Japan,Bachelor's Degree,English,C2,N3,Eligible,Head Office,2024-04-01
DUD000081,,Carlos,,White,1993-09-14,Female,Mexican,British,Japan,Diploma,Education,Native,N1,Eligible,Head Office,2024-04-01
DUD000082,,Olivia,,Allen,1993-08-10,Male,American,Canadian,Japan,Associate Degree,HR,Native,N1,Eligible,Head Office,2024-04-01
DUD000083,,Emily,,Lee,1975-04-15,Male,Canadian,Canadian,Japan,Master's Degree,English,C1,N2,Eligible,Head Office,2024-04-01
DUD000084,,Maria,,Gonzalez,1993-06-13,Non-binary,Mexican,American,Japan,Associate Degree,Business,C1,N1,Eligible,Head Office,2024-04-01
DUD000085,,Miguel,,White,1986-09-28,Female,Brazilian,Australian,Japan,Bachelor's Degree,Management,Native,Basic,Eligible,Head Office,2024-04-01
DUD000086,,Hannah,,Moore,1993-08-17,Prefer not to say,Spanish,Australian,Japan,Bachelor's Degree,Linguistics,Native,None,Eligible,Head Office,2024-04-01
DUD000087,,Michael,,Martin,1981-07-02,Male,Filipino,British,Japan,Associate Degree,Management,Native,N3,Eligible,Head Office,2024-04-01
DUD000088,,Maria,,Anderson,1995-09-22,Male,Mexican,Australian,Japan,Master's Degree,HR,Native,N3,Eligible,Head Office,2024-04-01
DUD000089,,Hannah,,Hernandez,1983-01-17,Non-binary,Australian,Filipino,Japan,Master's Degree,Business,C2,None,Eligible,Head Office,2024-04-01
DUD000090,,Daniel,,Garcia,1986-08-24,Male,Australian,Japanese,Japan,Diploma,Education,B2,N2,Eligible,Head Office,2024-04-01
DUD000091,,Jose,,Young,1977-05-06,Male,Filipino,Japanese,Japan,Diploma,Linguistics,B2,None,Eligible,Head Office,2024-04-01
DUD000092,,Christopher,,Taylor,1978-02-04,Prefer not to say,Spanish,Brazilian,Japan,Master's Degree,Linguistics,C2,None,Eligible,Head Office,2024-04-01
DUD000093,,Laura,,Hall,1996-09-17,Female,Filipino,Brazilian,Japan,Master's Degree,Education,B2,N2,Eligible,Head Office,2024-04-01
DUD000094,,Juan,,Davis,1995-04-19,Prefer not to say,American,Australian,Japan,Associate Degree,HR,Native,None,Eligible,Head Office,2024-04-01
DUD000095,,Diego,,Young,1998-06-19,Female,Mexican,Mexican,Japan,Diploma,Business,C1,N3,Eligible,Head Office,2024-04-01
DUD000096,,Robert,,Lee,1982-05-06,Prefer not to say,Japanese,American,Japan,Bachelor's Degree,HR,Native,Basic,Eligible,Head Office,2024-04-01
DUD000097,,Michael,,King,1979-09-23,Female,Mexican,Canadian,Japan,Diploma,HR,C1,N3,Eligible,Head Office,2024-04-01
DUD000098,,Daniel,,Torres,1984-11-21,Non-binary,British,Mexican,Japan,Associate Degree,Education,Native,None,Eligible,Head Office,2024-04-01
DUD000099,,Laura,,Martinez,1977-10-07,Female,Canadian,British,Japan,Master's Degree,Business,C2,N3,Eligible,Head Office,2024-04-01
DUD000100,,Marco,,Hall,1983-11-10,Male,British,Japanese,Japan,Bachelor's Degree,Management,Native,N2,Eligible,Head Office,2024-04-01
DUD100001,CAN001353,Andres,,Allen,1975-06-18,Non-binary,Mexican,Brazilian,Japan,Diploma,English,C1,N3,Eligible,Teacher,2024-04-13
DUD100002,CAN000308,Diego,,Allen,1992-03-22,Prefer not to say,Filipino,Filipino,Japan,Diploma,Psychology,C1,None,Eligible,Teacher,2026-05-11
DUD100003,CAN000538,Carlos,,Miller,1985-09-07,Non-binary,Brazilian,Japanese,Japan,Diploma,Linguistics,B2,N1,Eligible,Teacher,2024-12-26
DUD100004,CAN001227,Juan,,Rodriguez,2002-02-25,Prefer not to say,Japanese,French,Japan,Bachelor's Degree,English,C2,None,Eligible,Teacher,2026-03-06
DUD100005,CAN001344,Matthew,,White,1983-09-25,Prefer not to say,Australian,Mexican,Japan,Bachelor's Degree,Psychology,C1,None,Eligible,Teacher,2023-01-02
DUD100006,CAN000600,Laura,,Martin,1976-05-26,Prefer not to say,French,Spanish,Japan,Bachelor's Degree,English,C1,N1,Eligible,Teacher,2024-12-23
DUD100007,CAN000150,Emily,,King,1983-03-21,Non-binary,Spanish,French,Japan,Master's Degree,English,C2,N1,Eligible,Teacher,2022-12-19
DUD100008,CAN000746,Maria,,Hernandez,1986-10-19,Female,Spanish,Japanese,Japan,Bachelor's Degree,Other,C2,None,Eligible,Teacher,2024-10-11
DUD100009,CAN001973,Carlos,,Hernandez,1979-08-09,Non-binary,Filipino,Brazilian,Japan,Diploma,Education,C1,N2,Eligible,Teacher,2023-11-30
DUD100010,CAN000864,James,,Sanchez,2003-07-02,Non-binary,American,British,Japan,Associate Degree,Other,C1,None,Eligible,Teacher,2021-01-13
DUD100011,CAN001521,Diego,,Ramirez,1992-06-24,Female,American,Mexican,Japan,Diploma,Education,C1,N2,Eligible,Teacher,2022-08-24
DUD100012,CAN000059,Marco,,Garcia,1984-09-11,Prefer not to say,Filipino,Spanish,Japan,Master's Degree,Linguistics,B2,N2,Eligible,Teacher,2022-12-30
DUD100013,CAN000318,Jose,,Perez,1990-04-14,Prefer not to say,Japanese,Canadian,Japan,Master's Degree,Other,C1,Basic,Eligible,Teacher,2026-08-13
DUD100014,CAN000918,Jessica,,Miller,1988-10-11,Female,Japanese,Mexican,Japan,Associate Degree,Linguistics,B2,Basic,Eligible,Teacher,2024-09-04
DUD100015,CAN001369,Jessica,,Garcia,1985-02-06,Male,Filipino,British,Japan,Associate Degree,Psychology,C2,N1,Eligible,Teacher,2026-04-27
DUD100016,CAN000026,Andres,,Allen,1999-08-10,Male,Canadian,American,Japan,Diploma,Business,C1,N3,Eligible,Teacher,2025-06-30
DUD100017,CAN000817,Ana,,Torres,1999-05-18,Non-binary,Mexican,Filipino,Japan,Bachelor's Degree,Linguistics,Native,N3,Eligible,Teacher,2024-09-20
DUD100018,CAN001336,Juan,,Wilson,2000-11-17,Male,Brazilian,Brazilian,Japan,Diploma,Other,C2,N3,Eligible,Teacher,2021-12-09
DUD100019,CAN001372,David,,Moore,1986-02-19,Prefer not to say,Mexican,Spanish,Japan,Diploma,Business,C1,N2,Eligible,Teacher,2022-05-20
DUD100020,CAN001713,Jessica,,Allen,1997-04-12,Non-binary,Filipino,French,Japan,Master's Degree,Psychology,C1,N3,Eligible,Teacher,2022-11-05
DUD100021,CAN000363,Ana,,Allen,1975-07-23,Female,Filipino,Filipino,Japan,Master's Degree,Business,C1,Basic,Eligible,Teacher,2025-10-12
DUD100022,CAN000118,Ana,,Brown,1982-03-06,Prefer not to say,Japanese,Japanese,Japan,Diploma,Business,C1,N2,Eligible,Teacher,2021-05-29
DUD100023,CAN001844,Carlos,,Moore,1979-04-18,Non-binary,French,British,Japan,Bachelor's Degree,Psychology,C2,None,Eligible,Teacher,2022-09-18
DUD100024,CAN000031,Daniel,,Taylor,1986-12-05,Prefer not to say,French,American,Japan,Associate Degree,Other,C2,None,Eligible,Teacher,2021-03-29
DUD100025,CAN001032,Marco,,King,1981-02-08,Non-binary,Spanish,American,Japan,Diploma,Psychology,B2,Basic,Eligible,Teacher,2023-06-13
DUD100026,CAN000153,Miguel,,Miller,2002-06-04,Prefer not to say,Spanish,Japanese,Japan,Master's Degree,Linguistics,B2,N1,Eligible,Teacher,2021-04-08
DUD100027,CAN001898,Thomas,,Taylor,1982-03-23,Prefer not to say,Spanish,Brazilian,Japan,Associate Degree,Business,C2,Basic,Eligible,Teacher,2021-03-18
DUD100028,CAN001504,Matthew,,Johnson,1988-04-09,Prefer not to say,Filipino,American,Japan,Associate Degree,Business,Native,N3,Eligible,Teacher,2021-10-25
DUD100029,CAN000381,Olivia,,Rodriguez,1995-10-11,Prefer not to say,Brazilian,Filipino,Japan,Master's Degree,Education,Native,N2,Eligible,Teacher,2024-04-01
DUD100030,CAN001221,Sofia,,Thompson,1988-08-10,Male,Brazilian,Mexican,Japan,Bachelor's Degree,Business,Native,None,Eligible,Teacher,2022-05-14
DUD100031,CAN000482,Ana,,Moore,1975-08-02,Female,Canadian,Canadian,Japan,Master's Degree,Business,C1,N2,Eligible,Teacher,2022-02-19
DUD100032,CAN000628,Andres,,Brown,1999-12-23,Non-binary,British,British,Japan,Master's Degree,Other,B2,N1,Eligible,Teacher,2022-04-25
DUD100033,CAN000582,Matthew,,King,1990-02-28,Male,Brazilian,Japanese,Japan,Diploma,Other,C2,Basic,Eligible,Teacher,2021-08-29
DUD100034,CAN001254,Andres,,Williams,1984-09-15,Non-binary,Australian,Mexican,Japan,Bachelor's Degree,Psychology,C1,None,Eligible,Teacher,2023-10-16
DUD100035,CAN000706,John,,Davis,1990-01-25,Prefer not to say,Japanese,French,Japan,Associate Degree,Education,C2,N2,Eligible,Teacher,2022-01-09
DUD100036,CAN001887,Matthew,,Hall,1975-11-25,Female,French,Mexican,Japan,Master's Degree,Education,C1,N2,Eligible,Teacher,2025-08-28
DUD100037,CAN001833,Emma,,Garcia,1983-04-23,Prefer not to say,Canadian,Spanish,Japan,Diploma,English,C1,N2,Eligible,Teacher,2022-07-23
DUD100038,CAN001839,Sarah,,Taylor,1979-03-21,Female,Mexican,Mexican,Japan,Associate Degree,Business,Native,N3,Eligible,Teacher,2026-01-30
DUD100039,CAN000941,William,,Rodriguez,1977-02-25,Female,Mexican,French,Japan,Bachelor's Degree,Other,C1,None,Eligible,Teacher,2023-11-14
DUD100040,CAN000998,Ana,,Ramirez,1982-09-12,Male,Mexican,French,Japan,Diploma,Business,Native,Basic,Eligible,Teacher,2021-05-15
DUD100041,CAN000334,Juan,,Allen,2002-09-24,Female,British,Mexican,Japan,Master's Degree,Psychology,C2,Basic,Eligible,Teacher,2026-04-05
DUD100042,CAN001734,Daniel,,Ramirez,1995-07-23,Prefer not to say,Brazilian,American,Japan,Bachelor's Degree,Psychology,Native,Basic,Eligible,Teacher,2023-03-12
DUD100043,CAN001170,Daniel,,Brown,1975-04-10,Male,Brazilian,Canadian,Japan,Bachelor's Degree,Business,C1,N2,Eligible,Teacher,2022-10-10
DUD100044,CAN000389,Olivia,,Hernandez,1991-08-06,Prefer not to say,Australian,Mexican,Japan,Bachelor's Degree,Psychology,C2,N3,Eligible,Teacher,2025-07-13
DUD100045,CAN000411,Emily,,Sanchez,1991-09-16,Female,Canadian,American,Japan,Bachelor's Degree,Psychology,C2,N3,Eligible,Teacher,2021-06-09
DUD100046,CAN001653,Daniel,,Allen,2000-06-16,Female,Filipino,Brazilian,Japan,Diploma,Linguistics,C2,N3,Eligible,Teacher,2024-12-23
DUD100047,CAN000378,Alejandro,,Allen,1993-05-22,Male,Japanese,Spanish,Japan,Diploma,English,Native,None,Eligible,Teacher,2025-12-11
DUD100048,CAN001149,Jessica,,Williams,1975-06-07,Female,American,American,Japan,Master's Degree,Psychology,C1,N2,Eligible,Teacher,2026-04-25
DUD100049,CAN000305,Sofia,,Gonzalez,1982-05-07,Prefer not to say,Japanese,Canadian,Japan,Diploma,Education,C2,N2,Eligible,Teacher,2026-01-24
DUD100050,CAN000317,Diego,,Young,1992-11-09,Prefer not to say,Spanish,Mexican,Japan,Associate Degree,Business,C2,Basic,Eligible,Teacher,2022-12-13
DUD100051,CAN001018,James,,Moore,1998-07-06,Prefer not to say,Australian,Spanish,Japan,Bachelor's Degree,English,Native,Basic,Eligible,Teacher,2022-11-12
DUD100052,CAN000865,Robert,,Brown,2003-08-05,Non-binary,British,Mexican,Japan,Master's Degree,Education,C2,N2,Eligible,Teacher,2024-06-28
DUD100053,CAN001712,Thomas,,White,1999-07-26,Non-binary,Spanish,Spanish,Japan,Master's Degree,Other,B2,N1,Eligible,Teacher,2025-03-24
DUD100054,CAN000617,Olivia,,Thompson,1994-10-03,Non-binary,American,Filipino,Japan,Associate Degree,Psychology,Native,Basic,Eligible,Teacher,2022-04-20
DUD100055,CAN001255,Maria,,Moore,1981-08-11,Prefer not to say,Brazilian,Mexican,Japan,Bachelor's Degree,Linguistics,C1,N3,Eligible,Teacher,2021-09-14
DUD100056,CAN000240,Marco,,Anderson,1999-06-06,Female,Canadian,Mexican,Japan,Associate Degree,Other,B2,N1,Eligible,Teacher,2024-11-28
DUD100057,CAN000503,Jessica,,Walker,1981-10-14,Non-binary,Australian,Japanese,Japan,Master's Degree,Education,C2,N3,Eligible,Teacher,2021-03-03
DUD100058,CAN001940,Christopher,,Lopez,1986-04-28,Female,French,Japanese,Japan,Associate Degree,Psychology,C2,N2,Eligible,Teacher,2023-04-09
DUD100059,CAN000556,Maria,,Anderson,1983-08-20,Male,Mexican,Mexican,Japan,Diploma,Business,Native,None,Eligible,Teacher,2025-07-11
DUD100060,CAN000266,Sofia,,Thompson,1998-06-09,Non-binary,Filipino,French,Japan,Bachelor's Degree,Education,B2,N1,Eligible,Teacher,2026-08-11
DUD100061,CAN001132,William,,Thompson,1977-06-09,Prefer not to say,Japanese,Spanish,Japan,Bachelor's Degree,Business,Native,N1,Eligible,Teacher,2023-01-04
DUD100062,CAN001390,Emily,,Lopez,1998-11-04,Male,British,Canadian,Japan,Master's Degree,Linguistics,C2,N1,Eligible,Teacher,2024-06-05
DUD100063,CAN000659,Michael,,Martinez,1992-12-25,Male,Mexican,Mexican,Japan,Associate Degree,Education,C1,N1,Eligible,Teacher,2026-03-02
DUD100064,CAN000600,Jessica,,Martin,1993-08-23,Prefer not to say,Brazilian,Filipino,Japan,Master's Degree,Other,C2,N1,Eligible,Teacher,2021-06-22
DUD100065,CAN000518,Matthew,,King,2003-06-11,Prefer not to say,American,Australian,Japan,Master's Degree,Education,C1,N1,Eligible,Teacher,2024-08-06
DUD100066,CAN000697,Sofia,,Martinez,1992-04-19,Male,Japanese,Filipino,Japan,Associate Degree,Business,C1,N3,Eligible,Teacher,2024-12-01
DUD100067,CAN000496,Jessica,,Allen,1978-02-11,Prefer not to say,Canadian,Japanese,Japan,Bachelor's Degree,Psychology,C1,N3,Eligible,Teacher,2025-03-08
DUD100068,CAN000105,Robert,,Davis,1995-01-08,Non-binary,American,Japanese,Japan,Diploma,Education,Native,Basic,Eligible,Teacher,2024-07-02
DUD100069,CAN001928,Maria,,Lee,1975-04-01,Prefer not to say,French,Spanish,Japan,Diploma,Other,B2,None,Eligible,Teacher,2023-10-20
DUD100070,CAN001726,Diego,,Gonzalez,1978-01-09,Male,Canadian,Brazilian,Japan,Associate Degree,Other,C1,N1,Eligible,Teacher,2026-06-21
DUD100071,CAN001835,Miguel,,Williams,1991-12-02,Non-binary,American,French,Japan,Diploma,Linguistics,C2,Basic,Eligible,Teacher,2022-07-25
DUD100072,CAN001791,Hannah,,Torres,1984-02-12,Non-binary,French,Mexican,Japan,Master's Degree,English,Native,N2,Eligible,Teacher,2024-03-15
DUD100073,CAN001409,Andres,,Hall,1978-01-04,Male,Australian,British,Japan,Master's Degree,Psychology,C2,N2,Eligible,Teacher,2023-03-28
DUD100074,CAN000977,Emma,,Walker,1983-08-24,Male,Mexican,Australian,Japan,Diploma,Business,B2,None,Eligible,Teacher,2024-08-27
DUD100075,CAN000819,Daniel,,Johnson,1986-08-20,Prefer not to say,French,British,Japan,Diploma,Business,C2,N1,Eligible,Teacher,2021-07-17
DUD100076,CAN001283,Daniel,,Davis,1984-09-23,Prefer not to say,Spanish,Australian,Japan,Associate Degree,Other,C1,N1,Eligible,Teacher,2024-03-22
DUD100077,CAN000632,Sarah,,Wilson,1981-01-27,Prefer not to say,Filipino,Canadian,Japan,Associate Degree,English,C1,None,Eligible,Teacher,2025-06-27
DUD100078,CAN001886,Diego,,Johnson,1992-06-19,Prefer not to say,Filipino,Mexican,Japan,Diploma,English,C1,N1,Eligible,Teacher,2025-01-20
DUD100079,CAN000542,Emma,,Thompson,1985-12-15,Male,Mexican,Brazilian,Japan,Diploma,Linguistics,C2,N1,Eligible,Teacher,2023-11-05
DUD100080,CAN000436,Michael,,Miller,1977-07-16,Female,Filipino,Filipino,Japan,Diploma,Linguistics,C2,Basic,Eligible,Teacher,2021-03-14
DUD100081,CAN001961,David,,Hernandez,1991-12-16,Non-binary,Brazilian,Spanish,Japan,Master's Degree,Education,C1,N3,Eligible,Teacher,2022-05-09
DUD100082,CAN001083,Jessica,,Jackson,1996-01-18,Female,French,French,Japan,Bachelor's Degree,English,C1,Basic,Eligible,Teacher,2025-04-30
DUD100083,CAN001146,Sofia,,White,1977-04-14,Female,Filipino,Brazilian,Japan,Master's Degree,Linguistics,C2,N2,Eligible,Teacher,2022-08-08
DUD100084,CAN000171,Miguel,,Thompson,2001-07-27,Prefer not to say,Canadian,Spanish,Japan,Master's Degree,Linguistics,B2,None,Eligible,Teacher,2024-03-01
DUD100085,CAN001742,Miguel,,Hall,1987-09-07,Male,Spanish,Brazilian,Japan,Bachelor's Degree,Other,B2,Basic,Eligible,Teacher,2023-07-23
DUD100086,CAN000451,Ana,,Taylor,1999-06-27,Female,Brazilian,American,Japan,Master's Degree,Other,C2,None,Eligible,Teacher,2025-08-27
DUD100087,CAN001887,Christopher,,Smith,1985-05-17,Female,Japanese,British,Japan,Bachelor's Degree,Psychology,C2,Basic,Eligible,Teacher,2026-05-09
DUD100088,CAN001997,Olivia,,Allen,1992-11-11,Female,Mexican,Canadian,Japan,Bachelor's Degree,Psychology,C1,N2,Eligible,Teacher,2025-01-09
DUD100089,CAN000447,Jessica,,Allen,1990-11-09,Female,French,British,Japan,Diploma,Linguistics,C2,Basic,Eligible,Teacher,2022-04-06
DUD100090,CAN001333,Ana,,Miller,1977-09-08,Male,American,Japanese,Japan,Master's Degree,Other,C1,N3,Eligible,Teacher,2024-12-06
DUD100091,CAN000117,Carlos,,Rodriguez,1987-08-09,Male,Japanese,Brazilian,Japan,Diploma,Linguistics,Native,Basic,Eligible,Teacher,2024-02-23
DUD100092,CAN001263,Daniel,,Perez,1996-02-22,Prefer not to say,Mexican,Australian,Japan,Master's Degree,English,Native,N1,Eligible,Teacher,2022-09-15
DUD100093,CAN000965,Sarah,,Davis,1981-09-04,Male,Brazilian,Canadian,Japan,Master's Degree,Psychology,Native,N2,Eligible,Teacher,2025-11-30
DUD100094,CAN000350,Christopher,,Miller,1986-03-21,Prefer not to say,American,British,Japan,Bachelor's Degree,Other,B2,None,Eligible,Teacher,2025-04-14
DUD100095,CAN001060,Daniel,,Jackson,1989-03-19,Non-binary,Brazilian,French,Japan,Bachelor's Degree,Business,B2,N3,Eligible,Teacher,2022-10-26
DUD100096,CAN001706,Jose,,Jackson,1999-06-28,Non-binary,American,American,Japan,Bachelor's Degree,Linguistics,C2,Basic,Eligible,Teacher,2023-07-31
DUD100097,CAN000749,Alejandro,,White,1989-11-15,Female,Mexican,Brazilian,Japan,Master's Degree,Other,Native,N1,Eligible,Teacher,2024-02-16
DUD100098,CAN000410,Jessica,,Martin,1986-07-04,Female,Australian,American,Japan,Associate Degree,Psychology,B2,N2,Eligible,Teacher,2022-07-28
DUD100099,CAN000004,Christopher,,Walker,1999-04-10,Prefer not to say,Mexican,French,Japan,Associate Degree,Business,Native,N3,Eligible,Teacher,2025-11-24
DUD100100,CAN001037,Carlos,,Martin,1977-07-24,Female,French,British,Japan,Master's Degree,Education,C2,N3,Eligible,Teacher,2022-10-11
DUD100101,CAN001401,Jose,,Walker,1991-04-27,Non-binary,Mexican,Mexican,Japan,Associate Degree,English,B2,Basic,Eligible,Teacher,2022-10-02
DUD100102,CAN001306,Michael,,Anderson,1978-01-01,Non-binary,Spanish,Spanish,Japan,Master's Degree,Linguistics,Native,Basic,Eligible,Teacher,2022-05-31
DUD100103,CAN000568,Sarah,,Lopez,2002-02-11,Female,Filipino,Brazilian,Japan,Master's Degree,Education,Native,Basic,Eligible,Teacher,2023-04-15
DUD100104,CAN001478,David,,Thompson,1982-12-10,Female,Mexican,Mexican,Japan,Bachelor's Degree,Other,C2,N2,Eligible,Teacher,2025-09-10
DUD100105,CAN001599,Miguel,,Martin,1975-11-11,Prefer not to say,Spanish,Brazilian,Japan,Bachelor's Degree,Education,C1,N3,Eligible,Teacher,2025-08-19
DUD100106,CAN001132,Michael,,Martin,1982-08-05,Male,American,American,Japan,Associate Degree,Business,C2,N2,Eligible,Teacher,2024-09-20
DUD100107,CAN000235,Laura,,Jackson,1985-01-21,Male,Australian,Australian,Japan,Bachelor's Degree,English,Native,N3,Eligible,Teacher,2025-12-17
DUD100108,CAN001769,Thomas,,Young,1988-02-25,Male,Japanese,Australian,Japan,Associate Degree,Psychology,C2,N1,Eligible,Teacher,2022-03-26
DUD100109,CAN001053,Diego,,Garcia,1994-03-05,Prefer not to say,Japanese,Canadian,Japan,Associate Degree,Education,B2,Basic,Eligible,Teacher,2026-05-30
DUD100110,CAN000291,Jose,,Rodriguez,1987-07-06,Prefer not to say,Spanish,Australian,Japan,Associate Degree,Education,B2,None,Eligible,Teacher,2023-01-17
DUD100111,CAN000956,Ana,,Taylor,1977-01-26,Prefer not to say,Brazilian,Filipino,Japan,Master's Degree,Education,Native,N3,Eligible,Teacher,2022-03-26
DUD100112,CAN001100,Ana,,Jackson,1999-02-11,Non-binary,Mexican,Japanese,Japan,Diploma,Business,Native,Basic,Eligible,Teacher,2023-02-06
DUD100113,CAN001440,Thomas,,Johnson,1980-03-26,Prefer not to say,American,British,Japan,Master's Degree,English,C2,N1,Eligible,Teacher,2023-06-25
DUD100114,CAN001198,Olivia,,Williams,1995-10-10,Female,Filipino,Canadian,Japan,Bachelor's Degree,Other,Native,N3,Eligible,Teacher,2026-01-10
DUD100115,CAN001386,Diego,,Moore,1997-09-17,Prefer not to say,Spanish,Japanese,Japan,Diploma,Linguistics,C2,Basic,Eligible,Teacher,2025-10-30
DUD100116,CAN000831,Christopher,,Young,2003-04-25,Non-binary,Canadian,Australian,Japan,Bachelor's Degree,Psychology,C1,N3,Eligible,Teacher,2025-07-25
DUD100117,CAN000187,Michael,,Allen,1992-09-22,Non-binary,American,British,Japan,Associate Degree,Business,C1,Basic,Eligible,Teacher,2025-02-23
DUD100118,CAN000976,Maria,,Williams,1991-12-03,Male,British,Australian,Japan,Diploma,Business,C2,N1,Eligible,Teacher,2022-06-26
DUD100119,CAN000790,Sarah,,King,1979-11-02,Female,Mexican,Mexican,Japan,Diploma,Other,C1,Basic,Eligible,Teacher,2025-07-02
DUD100120,CAN000565,Emma,,Thompson,1986-03-08,Non-binary,British,British,Japan,Master's Degree,Education,C2,N3,Eligible,Teacher,2023-12-23
DUD100121,CAN000226,Christopher,,Martinez,1986-04-01,Male,Canadian,Canadian,Japan,Diploma,English,B2,Basic,Eligible,Teacher,2021-04-15
DUD100122,CAN000761,Marco,,Walker,2003-09-02,Non-binary,Mexican,French,Japan,Bachelor's Degree,Business,C1,Basic,Eligible,Teacher,2025-12-21
DUD100123,CAN001952,Daniel,,Brown,1987-12-22,Female,Mexican,American,Japan,Diploma,English,Native,None,Eligible,Teacher,2023-03-03
DUD100124,CAN001688,Alejandro,,Martin,1997-06-20,Male,Filipino,Mexican,Japan,Associate Degree,English,B2,Basic,Eligible,Teacher,2025-06-10
DUD100125,CAN000903,Jessica,,White,1985-09-27,Female,Canadian,American,Japan,Bachelor's Degree,Business,C2,None,Eligible,Teacher,2022-01-29
DUD100126,CAN001123,Emily,,Gonzalez,2000-01-11,Female,Filipino,British,Japan,Associate Degree,Psychology,C2,N3,Eligible,Teacher,2023-10-01
DUD100127,CAN000899,Jose,,Lee,1984-02-14,Male,American,Mexican,Japan,Bachelor's Degree,Other,Native,N1,Eligible,Teacher,2023-01-16
DUD100128,CAN001137,Miguel,,Rodriguez,1982-04-24,Male,Australian,Australian,Japan,Associate Degree,Psychology,B2,N2,Eligible,Teacher,2023-03-16
DUD100129,CAN000901,Christopher,,Perez,1975-06-21,Prefer not to say,Canadian,Filipino,Japan,Master's Degree,Education,B2,N2,Eligible,Teacher,2022-10-21
DUD100130,CAN001575,Olivia,,Jackson,1978-02-10,Prefer not to say,Brazilian,American,Japan,Bachelor's Degree,Linguistics,Native,N2,Eligible,Teacher,2023-06-10
DUD100131,CAN001377,Marco,,Allen,1996-02-02,Male,Japanese,Filipino,Japan,Associate Degree,Other,Native,N2,Eligible,Teacher,2024-01-07
DUD100132,CAN001122,Emily,,Young,1988-02-14,Female,American,Filipino,Japan,Associate Degree,Education,C2,N1,Eligible,Teacher,2024-08-09
DUD100133,CAN001141,Marco,,Gonzalez,1996-03-16,Prefer not to say,Japanese,American,Japan,Associate Degree,Business,Native,Basic,Eligible,Teacher,2022-08-18
DUD100134,CAN001769,Olivia,,Torres,2002-11-10,Prefer not to say,Filipino,French,Japan,Bachelor's Degree,Education,Native,N1,Eligible,Teacher,2021-03-09
DUD100135,CAN000279,Christopher,,Hall,1990-11-13,Male,Filipino,Australian,Japan,Associate Degree,Psychology,B2,N2,Eligible,Teacher,2021-06-04
DUD100136,CAN000339,Carlos,,Martin,1977-11-10,Non-binary,British,Brazilian,Japan,Bachelor's Degree,Other,C2,None,Eligible,Teacher,2022-07-31
DUD100137,CAN001466,Miguel,,Torres,1982-01-06,Female,Australian,French,Japan,Associate Degree,Education,B2,N3,Eligible,Teacher,2024-09-10
DUD100138,CAN000533,Michael,,Allen,1981-09-24,Female,Brazilian,Spanish,Japan,Master's Degree,Education,Native,Basic,Eligible,Teacher,2022-05-23
DUD100139,CAN000811,Laura,,Jackson,1978-03-03,Male,British,Australian,Japan,Master's Degree,Education,Native,None,Eligible,Teacher,2023-03-29
DUD100140,CAN000144,Hannah,,Ramirez,1991-11-26,Female,Mexican,Japanese,Japan,Diploma,Education,C2,N1,Eligible,Teacher,2022-08-07
DUD100141,CAN000361,Robert,,Brown,1993-07-19,Male,British,Australian,Japan,Master's Degree,Education,B2,None,Eligible,Teacher,2023-08-20
DUD100142,CAN000658,James,,Jackson,1998-01-18,Prefer not to say,Australian,British,Japan,Associate Degree,Business,B2,None,Eligible,Teacher,2021-04-22
DUD100143,CAN000081,Sofia,,Rodriguez,1976-10-19,Non-binary,Brazilian,French,Japan,Diploma,Education,Native,N2,Eligible,Teacher,2022-02-01
DUD100144,CAN000589,James,,Smith,2000-09-11,Non-binary,French,French,Japan,Master's Degree,Psychology,B2,N1,Eligible,Teacher,2023-10-14
DUD100145,CAN000069,Miguel,,Martin,1995-04-07,Prefer not to say,British,American,Japan,Bachelor's Degree,Other,Native,None,Eligible,Teacher,2022-01-27
DUD100146,CAN000720,Daniel,,Perez,1993-12-12,Female,American,Filipino,Japan,Bachelor's Degree,Linguistics,C1,None,Eligible,Teacher,2021-08-13
DUD100147,CAN000110,Andres,,Young,1983-01-22,Prefer not to say,Brazilian,Japanese,Japan,Master's Degree,English,C2,N2,Eligible,Teacher,2025-08-29
DUD100148,CAN000766,Carlos,,Taylor,1983-09-26,Male,Australian,Spanish,Japan,Diploma,Education,C2,N1,Eligible,Teacher,2026-03-27
DUD100149,CAN000267,Andres,,Jackson,1980-08-28,Non-binary,Australian,British,Japan,Diploma,Other,C1,Basic,Eligible,Teacher,2024-02-23
DUD100150,CAN000549,Matthew,,Thompson,1993-11-10,Male,Japanese,Australian,Japan,Associate Degree,Psychology,Native,N1,Eligible,Teacher,2026-05-15
DUD100151,CAN001771,Emily,,Miller,1996-04-02,Female,American,French,Japan,Master's Degree,Business,Native,N3,Eligible,Teacher,2022-04-21
DUD100152,CAN001476,Sarah,,Walker,1976-08-13,Male,Mexican,Japanese,Japan,Bachelor's Degree,Psychology,B2,N1,Eligible,Teacher,2022-12-02
DUD100153,CAN000092,Daniel,,Thompson,1983-09-19,Female,Japanese,Brazilian,Japan,Master's Degree,Other,B2,N1,Eligible,Teacher,2022-03-13
DUD100154,CAN001646,Carlos,,Thompson,1995-01-10,Female,Japanese,Canadian,Japan,Bachelor's Degree,Other,Native,Basic,Eligible,Teacher,2025-04-14
DUD100155,CAN001435,Carlos,,Anderson,1975-08-26,Prefer not to say,British,Mexican,Japan,Diploma,Education,Native,N2,Eligible,Teacher,2024-12-15
DUD100156,CAN000797,James,,Taylor,1993-12-16,Male,French,American,Japan,Master's Degree,English,B2,N3,Eligible,Teacher,2026-04-07
DUD100157,CAN001176,William,,Lopez,1984-03-12,Female,American,Australian,Japan,Diploma,Psychology,C2,Basic,Eligible,Teacher,2025-05-25
DUD100158,CAN000229,Michael,,Davis,1979-10-19,Female,Canadian,French,Japan,Diploma,Linguistics,C1,N2,Eligible,Teacher,2026-02-23
DUD100159,CAN001899,Jessica,,Smith,1977-03-20,Female,American,British,Japan,Associate Degree,Psychology,C2,N3,Eligible,Teacher,2022-03-09
DUD100160,CAN001269,Maria,,Martinez,1989-11-26,Male,Australian,Canadian,Japan,Bachelor's Degree,Linguistics,C1,N1,Eligible,Teacher,2023-12-08
DUD100161,CAN000354,William,,Wilson,2003-05-28,Non-binary,French,American,Japan,Diploma,Linguistics,C2,N2,Eligible,Teacher,2022-11-09
DUD100162,CAN001725,John,,Allen,1988-07-26,Male,Japanese,Mexican,Japan,Diploma,English,Native,N1,Eligible,Teacher,2026-08-05
DUD100163,CAN001910,Carlos,,Hall,1981-03-02,Prefer not to say,Japanese,British,Japan,Master's Degree,English,B2,N1,Eligible,Teacher,2023-08-27
DUD100164,CAN000367,Luis,,Martinez,1989-02-15,Prefer not to say,Canadian,Spanish,Japan,Diploma,Other,C1,N2,Eligible,Teacher,2023-03-28
DUD100165,CAN000226,Michael,,Taylor,1997-03-13,Male,Mexican,British,Japan,Associate Degree,Other,Native,N2,Eligible,Teacher,2023-10-07
DUD100166,CAN000165,John,,Smith,1999-01-03,Male,Filipino,Australian,Japan,Associate Degree,English,C2,N1,Eligible,Teacher,2024-04-30
DUD100167,CAN001609,Andres,,Anderson,1996-10-25,Male,French,Filipino,Japan,Bachelor's Degree,Other,Native,Basic,Eligible,Teacher,2022-09-10
DUD100168,CAN000700,Matthew,,Lee,1981-10-04,Non-binary,Spanish,Canadian,Japan,Diploma,Education,C2,None,Eligible,Teacher,2024-04-29
DUD100169,CAN001614,Juan,,Moore,1975-12-12,Non-binary,Australian,Mexican,Japan,Master's Degree,Linguistics,B2,Basic,Eligible,Teacher,2024-10-26
DUD100170,CAN001477,Jose,,Rodriguez,1977-11-17,Male,French,American,Japan,Bachelor's Degree,Other,C1,N2,Eligible,Teacher,2023-04-05
DUD100171,CAN001784,Hannah,,Ramirez,1993-07-25,Male,French,British,Japan,Master's Degree,Other,C1,Basic,Eligible,Teacher,2021-04-12
DUD100172,CAN001210,Jessica,,Lopez,2003-09-07,Prefer not to say,French,Mexican,Japan,Bachelor's Degree,Linguistics,C1,N3,Eligible,Teacher,2025-04-06
DUD100173,CAN001287,Daniel,,Martinez,1980-04-27,Male,Mexican,Mexican,Japan,Master's Degree,Other,C1,None,Eligible,Teacher,2024-03-30
DUD100174,CAN000509,Jose,,Ramirez,1979-04-01,Prefer not to say,Spanish,Japanese,Japan,Diploma,Other,Native,N1,Eligible,Teacher,2024-02-19
DUD100175,CAN001369,Sofia,,Rodriguez,1975-07-14,Non-binary,Brazilian,Mexican,Japan,Bachelor's Degree,English,B2,None,Eligible,Teacher,2026-08-07
DUD100176,CAN000180,Michael,,Wilson,1994-07-21,Non-binary,Canadian,Filipino,Japan,Diploma,English,C1,Basic,Eligible,Teacher,2021-01-10
DUD100177,CAN000312,Jessica,,Taylor,1980-12-04,Non-binary,Mexican,French,Japan,Master's Degree,Business,C1,N1,Eligible,Teacher,2023-12-24
DUD100178,CAN000715,Diego,,Johnson,1981-03-14,Female,British,Australian,Japan,Associate Degree,Psychology,C2,N3,Eligible,Teacher,2023-06-05
DUD100179,CAN000986,Michael,,Moore,1975-06-05,Prefer not to say,Japanese,American,Japan,Master's Degree,English,C1,None,Eligible,Teacher,2021-02-16
DUD100180,CAN001624,Laura,,Taylor,1994-08-26,Non-binary,Filipino,Australian,Japan,Bachelor's Degree,Business,B2,N1,Eligible,Teacher,2025-01-25
DUD100181,CAN001110,Marco,,Torres,1978-09-05,Male,Spanish,Australian,Japan,Associate Degree,Business,Native,Basic,Eligible,Teacher,2025-02-13
DUD100182,CAN000186,Daniel,,Hall,1985-02-09,Non-binary,Spanish,Brazilian,Japan,Diploma,English,C1,N2,Eligible,Teacher,2021-09-06
DUD100183,CAN001402,Matthew,,Sanchez,1998-05-16,Male,American,Australian,Japan,Bachelor's Degree,Psychology,B2,None,Eligible,Teacher,2026-03-05
DUD100184,CAN001114,Laura,,Hernandez,1985-10-22,Female,Brazilian,Japanese,Japan,Bachelor's Degree,Linguistics,Native,N3,Eligible,Teacher,2023-05-17
DUD100185,CAN000310,Ana,,Miller,1980-08-09,Male,Mexican,Australian,Japan,Diploma,Psychology,C2,N3,Eligible,Teacher,2021-10-05
DUD100186,CAN001919,James,,Garcia,1990-01-24,Non-binary,American,Filipino,Japan,Master's Degree,Education,Native,N1,Eligible,Teacher,2022-08-15
DUD100187,CAN000515,Miguel,,Miller,1988-03-17,Male,Australian,Australian,Japan,Master's Degree,Other,Native,N2,Eligible,Teacher,2021-06-01
DUD100188,CAN000499,Thomas,,Sanchez,1976-06-25,Male,Mexican,American,Japan,Bachelor's Degree,Psychology,Native,N1,Eligible,Teacher,2022-04-16
DUD100189,CAN000692,Diego,,Gonzalez,1994-02-14,Prefer not to say,Japanese,Canadian,Japan,Diploma,Psychology,Native,N1,Eligible,Teacher,2021-09-05
DUD100190,CAN000586,Laura,,King,2001-04-16,Prefer not to say,Filipino,Brazilian,Japan,Diploma,Education,B2,N2,Eligible,Teacher,2024-02-24
DUD100191,CAN001568,Alejandro,,Gonzalez,1995-09-23,Male,Brazilian,American,Japan,Master's Degree,Psychology,Native,N3,Eligible,Teacher,2024-10-05
DUD100192,CAN000770,Marco,,King,1982-02-14,Male,American,Filipino,Japan,Bachelor's Degree,Psychology,Native,None,Eligible,Teacher,2024-08-02
DUD100193,CAN000224,Sofia,,Wilson,1983-04-02,Non-binary,American,Brazilian,Japan,Master's Degree,Psychology,Native,Basic,Eligible,Teacher,2021-03-25
DUD100194,CAN001350,Juan,,Lopez,1986-06-09,Male,Australian,British,Japan,Diploma,Linguistics,Native,Basic,Eligible,Teacher,2026-05-08
DUD100195,CAN000416,Matthew,,Hall,1993-05-25,Prefer not to say,French,French,Japan,Master's Degree,English,C1,N1,Eligible,Teacher,2023-03-30
DUD100196,CAN001775,Matthew,,Rodriguez,1975-04-22,Prefer not to say,American,American,Japan,Bachelor's Degree,English,B2,None,Eligible,Teacher,2025-02-25
DUD100197,CAN001126,Emily,,Hall,1978-02-15,Male,Spanish,Spanish,Japan,Master's Degree,English,Native,N2,Eligible,Teacher,2023-12-20
DUD100198,CAN000735,Diego,,Smith,1976-05-20,Non-binary,Brazilian,Filipino,Japan,Associate Degree,English,Native,None,Eligible,Teacher,2023-10-27
DUD100199,CAN000042,Daniel,,Rodriguez,1981-09-08,Prefer not to say,Brazilian,British,Japan,Diploma,Linguistics,Native,None,Eligible,Teacher,2021-07-30
DUD100200,CAN000889,Sarah,,Thompson,1993-07-03,Non-binary,Australian,Mexican,Japan,Associate Degree,Business,Native,Basic,Eligible,Teacher,2021-09-24
DUD100201,CAN000641,James,,Allen,1999-01-13,Female,Spanish,Canadian,Japan,Master's Degree,Education,C1,N1,Eligible,Teacher,2022-04-07
DUD100202,CAN001381,Michael,,Taylor,1998-05-28,Prefer not to say,Spanish,Brazilian,Japan,Master's Degree,Other,C1,N1,Eligible,Teacher,2021-03-06
DUD100203,CAN000911,Laura,,Brown,1989-03-07,Male,Australian,Canadian,Japan,Diploma,Other,Native,N2,Eligible,Teacher,2026-01-10
DUD100204,CAN000906,Jose,,Allen,1986-11-26,Prefer not to say,Canadian,British,Japan,Master's Degree,English,C2,Basic,Eligible,Teacher,2021-02-25
DUD100205,CAN001767,Sofia,,Torres,1986-07-20,Prefer not to say,Filipino,Filipino,Japan,Diploma,Education,B2,N2,Eligible,Teacher,2025-05-27
DUD100206,CAN001735,Ana,,Williams,1987-02-05,Female,French,French,Japan,Diploma,English,Native,None,Eligible,Teacher,2024-12-02
DUD100207,CAN001931,Miguel,,Ramirez,2000-11-11,Female,British,Brazilian,Japan,Master's Degree,Education,C2,Basic,Eligible,Teacher,2024-01-07
DUD100208,CAN001247,Laura,,Anderson,1975-04-01,Prefer not to say,French,Japanese,Japan,Bachelor's Degree,English,C1,N3,Eligible,Teacher,2023-04-24
DUD100209,CAN000305,John,,Smith,1987-07-28,Male,British,Japanese,Japan,Associate Degree,Business,B2,N2,Eligible,Teacher,2021-04-04
DUD100210,CAN000184,Emma,,Hall,1978-03-04,Male,Filipino,American,Japan,Associate Degree,Business,C2,Basic,Eligible,Teacher,2021-02-28
DUD100211,CAN001415,Maria,,Martin,1991-12-28,Male,Filipino,French,Japan,Associate Degree,Business,C2,N1,Eligible,Teacher,2024-10-03
DUD100212,CAN001120,Emma,,Moore,1996-07-03,Female,Brazilian,Filipino,Japan,Bachelor's Degree,Linguistics,C2,N1,Eligible,Teacher,2024-09-09
DUD100213,CAN001984,Jose,,Hall,1993-11-22,Non-binary,Australian,French,Japan,Diploma,Business,B2,None,Eligible,Teacher,2023-06-22
DUD100214,CAN001970,Olivia,,Hall,1991-05-03,Prefer not to say,British,British,Japan,Associate Degree,Other,C2,N2,Eligible,Teacher,2024-10-08
DUD100215,CAN001356,Andres,,Brown,1983-10-12,Male,Filipino,Mexican,Japan,Bachelor's Degree,Education,Native,Basic,Eligible,Teacher,2022-10-15
DUD100216,CAN001847,Maria,,Williams,1990-09-13,Prefer not to say,Australian,British,Japan,Master's Degree,Linguistics,Native,N1,Eligible,Teacher,2025-04-18
DUD100217,CAN001524,Hannah,,Torres,1998-03-11,Prefer not to say,French,French,Japan,Master's Degree,Business,C2,N1,Eligible,Teacher,2023-06-04
DUD100218,CAN001781,Sofia,,Hernandez,1983-11-28,Non-binary,Spanish,British,Japan,Master's Degree,Education,C2,N2,Eligible,Teacher,2022-11-25
DUD100219,CAN000480,Olivia,,White,2003-07-01,Prefer not to say,French,Australian,Japan,Master's Degree,Education,C1,N2,Eligible,Teacher,2026-07-19
DUD100220,CAN000970,Juan,,Miller,1983-11-25,Prefer not to say,American,Australian,Japan,Associate Degree,English,Native,N1,Eligible,Teacher,2023-09-24
DUD100221,CAN000638,Maria,,Young,1975-01-27,Female,French,French,Japan,Bachelor's Degree,Other,Native,None,Eligible,Teacher,2024-03-21
DUD100222,CAN001038,Jose,,White,1979-09-04,Female,Spanish,Filipino,Japan,Master's Degree,Business,C2,N3,Eligible,Teacher,2023-04-30
DUD100223,CAN000423,Robert,,Williams,1975-05-27,Male,French,British,Japan,Master's Degree,Other,C1,N3,Eligible,Teacher,2026-06-26
DUD100224,CAN000346,Daniel,,Brown,1978-08-11,Male,Canadian,American,Japan,Associate Degree,Linguistics,Native,N1,Eligible,Teacher,2021-11-08
DUD100225,CAN001836,Matthew,,Garcia,1981-09-23,Non-binary,Brazilian,Brazilian,Japan,Master's Degree,English,Native,N2,Eligible,Teacher,2021-06-29
DUD100226,CAN000989,Emily,,Jackson,1989-09-27,Prefer not to say,Mexican,Mexican,Japan,Master's Degree,English,Native,N1,Eligible,Teacher,2024-09-11
DUD100227,CAN000864,Maria,,Smith,1977-05-16,Prefer not to say,Brazilian,Mexican,Japan,Bachelor's Degree,English,C2,N2,Eligible,Teacher,2024-10-08
DUD100228,CAN000404,Ana,,Lopez,1993-03-22,Male,Australian,Filipino,Japan,Associate Degree,Business,C1,N1,Eligible,Teacher,2025-09-21
DUD100229,CAN001535,Andres,,Young,1998-07-05,Non-binary,British,Filipino,Japan,Master's Degree,Education,Native,N1,Eligible,Teacher,2025-05-02
DUD100230,CAN001662,Emma,,Allen,1984-10-18,Male,Brazilian,British,Japan,Bachelor's Degree,English,B2,N1,Eligible,Teacher,2024-04-10
DUD100231,CAN001145,Juan,,Brown,1995-02-25,Male,Spanish,British,Japan,Diploma,Psychology,C1,Basic,Eligible,Teacher,2022-03-30
DUD100232,CAN001673,Hannah,,Thompson,1985-09-09,Prefer not to say,British,Canadian,Japan,Associate Degree,Linguistics,Native,N1,Eligible,Teacher,2024-12-17
DUD100233,CAN000715,Luis,,Johnson,1979-04-22,Prefer not to say,Mexican,American,Japan,Diploma,Linguistics,C1,N3,Eligible,Teacher,2022-10-05
DUD100234,CAN001176,Jessica,,Lopez,1991-07-04,Male,Mexican,Australian,Japan,Diploma,Psychology,Native,N1,Eligible,Teacher,2021-06-02
DUD100235,CAN000390,Emma,,Thompson,1996-09-14,Non-binary,Canadian,French,Japan,Bachelor's Degree,English,Native,N3,Eligible,Teacher,2022-11-16
DUD100236,CAN000487,Luis,,Gonzalez,1991-10-04,Male,Brazilian,American,Japan,Diploma,English,C1,N2,Eligible,Teacher,2022-11-21
DUD100237,CAN001321,Thomas,,King,1994-01-10,Non-binary,French,Canadian,Japan,Associate Degree,Education,C1,Basic,Eligible,Teacher,2021-04-03
DUD100238,CAN001519,Juan,,Miller,2003-09-11,Male,Filipino,American,Japan,Associate Degree,English,C2,N1,Eligible,Teacher,2024-02-16
DUD100239,CAN000529,Diego,,Walker,1998-06-19,Female,Spanish,Brazilian,Japan,Master's Degree,Psychology,Native,N1,Eligible,Teacher,2025-07-12
DUD100240,CAN000084,Thomas,,Lopez,1989-09-24,Non-binary,Australian,American,Japan,Diploma,English,Native,None,Eligible,Teacher,2021-05-25
DUD100241,CAN001997,Sofia,,Gonzalez,1983-04-09,Female,Australian,American,Japan,Bachelor's Degree,Psychology,C1,Basic,Eligible,Teacher,2022-12-31
DUD100242,CAN001957,Christopher,,Garcia,2003-01-04,Male,Filipino,Canadian,Japan,Master's Degree,Psychology,C2,None,Eligible,Teacher,2025-12-22
DUD100243,CAN001853,Jose,,Miller,1994-04-20,Prefer not to say,Australian,Mexican,Japan,Associate Degree,Linguistics,Native,Basic,Eligible,Teacher,2022-06-19
DUD100244,CAN001597,Christopher,,Johnson,2001-12-27,Prefer not to say,Mexican,Japanese,Japan,Bachelor's Degree,Linguistics,C1,Basic,Eligible,Teacher,2025-05-29
DUD100245,CAN001425,Alejandro,,Anderson,1985-10-01,Non-binary,Brazilian,Japanese,Japan,Diploma,Psychology,C2,N3,Eligible,Teacher,2024-03-22
DUD100246,CAN000086,Jose,,Smith,1991-11-25,Female,British,Australian,Japan,Master's Degree,Other,Native,None,Eligible,Teacher,2021-12-20
DUD100247,CAN001316,Laura,,Perez,1978-03-09,Prefer not to say,Canadian,Australian,Japan,Associate Degree,Psychology,Native,Basic,Eligible,Teacher,2022-09-13
DUD100248,CAN000828,Emma,,Davis,1994-11-24,Female,Japanese,Mexican,Japan,Bachelor's Degree,Psychology,B2,Basic,Eligible,Teacher,2023-04-27
DUD100249,CAN001143,Emily,,Young,1986-07-14,Non-binary,Australian,Mexican,Japan,Diploma,Linguistics,B2,None,Eligible,Teacher,2022-12-12
DUD100250,CAN001053,Hannah,,Thompson,1997-09-12,Non-binary,British,Canadian,Japan,Diploma,Education,C2,Basic,Eligible,Teacher,2023-05-05
DUD100251,CAN000503,Andres,,Allen,1999-12-07,Prefer not to say,Filipino,Mexican,Japan,Associate Degree,Psychology,C2,N2,Eligible,Teacher,2021-11-17
DUD100252,CAN000409,Ana,,Martin,1983-12-03,Non-binary,Japanese,American,Japan,Bachelor's Degree,English,Native,N3,Eligible,Teacher,2024-09-24
DUD100253,CAN001616,Ana,,Moore,1995-07-22,Male,British,American,Japan,Master's Degree,English,C1,N2,Eligible,Teacher,2024-09-17
DUD100254,CAN001218,Maria,,Anderson,2001-08-06,Female,Japanese,French,Japan,Bachelor's Degree,Education,C1,N2,Eligible,Teacher,2026-02-04
DUD100255,CAN001493,Alejandro,,Jackson,1996-12-05,Male,Spanish,Japanese,Japan,Master's Degree,Other,B2,N1,Eligible,Teacher,2021-12-02
DUD100256,CAN000685,Olivia,,Torres,2003-02-25,Prefer not to say,Mexican,French,Japan,Master's Degree,Psychology,C1,N3,Eligible,Teacher,2025-08-23
DUD100257,CAN000244,James,,Gonzalez,1996-04-26,Female,American,Spanish,Japan,Master's Degree,Other,B2,N1,Eligible,Teacher,2024-02-17
DUD100258,CAN000894,Laura,,Martin,1995-02-07,Prefer not to say,Brazilian,French,Japan,Bachelor's Degree,Linguistics,C1,N1,Eligible,Teacher,2025-08-23
DUD100259,CAN000222,Jose,,Smith,2002-06-04,Male,Brazilian,Canadian,Japan,Associate Degree,English,Native,N1,Eligible,Teacher,2024-02-15
DUD100260,CAN000617,Luis,,Taylor,1990-05-19,Non-binary,Brazilian,French,Japan,Master's Degree,Other,B2,N1,Eligible,Teacher,2026-02-20
DUD100261,CAN000215,John,,Taylor,1988-02-03,Female,Filipino,American,Japan,Master's Degree,Psychology,C2,Basic,Eligible,Teacher,2025-09-09
DUD100262,CAN000026,John,,Garcia,1978-03-15,Non-binary,Spanish,Australian,Japan,Diploma,Business,C2,Basic,Eligible,Teacher,2023-08-19
DUD100263,CAN001886,David,,Allen,1988-12-09,Male,Mexican,Mexican,Japan,Bachelor's Degree,Business,C1,None,Eligible,Teacher,2023-08-28
DUD100264,CAN000944,Emily,,Perez,1997-11-01,Female,American,British,Japan,Bachelor's Degree,Business,C1,N1,Eligible,Teacher,2024-04-23
DUD100265,CAN000458,Jessica,,Brown,1981-05-09,Male,Canadian,French,Japan,Diploma,Business,C1,N1,Eligible,Teacher,2023-09-01
DUD100266,CAN000540,Laura,,Thompson,2003-09-04,Male,Canadian,British,Japan,Bachelor's Degree,Psychology,B2,Basic,Eligible,Teacher,2023-10-30
DUD100267,CAN001436,Daniel,,Allen,1993-10-06,Prefer not to say,Canadian,American,Japan,Master's Degree,Linguistics,Native,N1,Eligible,Teacher,2025-02-27
DUD100268,CAN000360,Thomas,,Torres,1995-05-06,Female,Mexican,Spanish,Japan,Bachelor's Degree,Psychology,C1,N2,Eligible,Teacher,2023-06-09
DUD100269,CAN000507,Thomas,,Garcia,1989-07-09,Non-binary,Filipino,Australian,Japan,Master's Degree,Education,C2,N1,Eligible,Teacher,2024-05-09
DUD100270,CAN000452,Matthew,,Johnson,1995-01-13,Female,French,American,Japan,Bachelor's Degree,Psychology,Native,N3,Eligible,Teacher,2021-02-13
DUD100271,CAN001626,Carlos,,Jackson,1995-07-17,Female,Japanese,Japanese,Japan,Bachelor's Degree,Other,C1,None,Eligible,Teacher,2023-08-13
DUD100272,CAN000385,John,,Jackson,1984-01-25,Male,French,Canadian,Japan,Master's Degree,Linguistics,C2,N1,Eligible,Teacher,2021-12-11
DUD100273,CAN001939,Emma,,Davis,2002-11-18,Male,Canadian,British,Japan,Associate Degree,English,B2,Basic,Eligible,Teacher,2024-02-18
DUD100274,CAN001531,Alejandro,,Lopez,1993-04-20,Non-binary,Japanese,Australian,Japan,Master's Degree,Business,Native,None,Eligible,Teacher,2025-01-19
DUD100275,CAN000250,John,,Martin,1981-03-13,Male,Filipino,Mexican,Japan,Bachelor's Degree,Psychology,B2,N1,Eligible,Teacher,2021-07-26
DUD100276,CAN001739,William,,Young,2000-05-20,Female,British,Mexican,Japan,Diploma,English,B2,None,Eligible,Teacher,2025-07-20
DUD100277,CAN001599,Matthew,,Thompson,2001-05-16,Non-binary,French,French,Japan,Bachelor's Degree,Other,Native,N3,Eligible,Teacher,2021-07-09
DUD100278,CAN001235,David,,White,1987-09-10,Prefer not to say,Brazilian,Japanese,Japan,Associate Degree,Other,C1,N3,Eligible,Teacher,2023-07-12
DUD100279,CAN001470,James,,Sanchez,1976-12-24,Female,French,American,Japan,Master's Degree,Psychology,B2,N2,Eligible,Teacher,2023-03-30
DUD100280,CAN001790,Daniel,,Martin,1982-05-06,Male,British,Japanese,Japan,Bachelor's Degree,Other,B2,N1,Eligible,Teacher,2021-02-05
DUD100281,CAN000566,Laura,,Garcia,2001-04-18,Male,Canadian,Mexican,Japan,Bachelor's Degree,Psychology,C2,N2,Eligible,Teacher,2025-04-19
DUD100282,CAN000509,Jose,,Young,1979-01-17,Female,American,Brazilian,Japan,Bachelor's Degree,Linguistics,B2,N1,Eligible,Teacher,2021-04-17
DUD100283,CAN000289,Emily,,Brown,1993-09-20,Prefer not to say,Brazilian,Filipino,Japan,Diploma,Other,C2,N1,Eligible,Teacher,2026-04-01
DUD100284,CAN000429,Thomas,,Hall,1986-06-24,Female,Japanese,Brazilian,Japan,Bachelor's Degree,Other,C1,None,Eligible,Teacher,2022-03-15
DUD100285,CAN001314,Christopher,,Torres,1997-01-03,Prefer not to say,Filipino,Australian,Japan,Master's Degree,Other,B2,N1,Eligible,Teacher,2023-02-06
DUD100286,CAN000793,Daniel,,King,1975-07-12,Prefer not to say,American,Japanese,Japan,Master's Degree,Other,C1,N1,Eligible,Teacher,2023-07-13
DUD100287,CAN000503,Jessica,,Jackson,1979-04-09,Non-binary,Canadian,Japanese,Japan,Diploma,Education,Native,None,Eligible,Teacher,2022-07-14
DUD100288,CAN000450,Michael,,Walker,1983-08-09,Male,Japanese,British,Japan,Bachelor's Degree,Education,Native,Basic,Eligible,Teacher,2026-01-30
DUD100289,CAN001365,James,,Perez,1985-12-22,Female,Filipino,Brazilian,Japan,Bachelor's Degree,Psychology,C2,None,Eligible,Teacher,2021-05-26
DUD100290,CAN001758,Jose,,Young,2001-09-16,Non-binary,Mexican,Filipino,Japan,Master's Degree,Business,Native,Basic,Eligible,Teacher,2025-03-13
DUD100291,CAN000856,James,,Taylor,1985-09-19,Male,Mexican,Spanish,Japan,Associate Degree,Education,C2,Basic,Eligible,Teacher,2022-10-06
DUD100292,CAN000174,Marco,,Hall,1990-11-22,Female,Spanish,British,Japan,Diploma,Other,C1,N3,Eligible,Teacher,2024-09-10
DUD100293,CAN001991,Matthew,,Anderson,1976-10-22,Prefer not to say,Canadian,American,Japan,Bachelor's Degree,Other,Native,Basic,Eligible,Teacher,2026-07-20
DUD100294,CAN000506,Emma,,White,1992-04-16,Female,Australian,Japanese,Japan,Master's Degree,Education,C1,Basic,Eligible,Teacher,2024-04-22
DUD100295,CAN001209,Emma,,Sanchez,1981-12-07,Non-binary,American,French,Japan,Master's Degree,Education,C1,N3,Eligible,Teacher,2026-01-23
DUD100296,CAN001151,Sarah,,Martinez,1991-04-02,Male,French,American,Japan,Associate Degree,Business,C1,N2,Eligible,Teacher,2021-04-23
DUD100297,CAN000092,Marco,,Moore,1988-08-18,Prefer not to say,French,Canadian,Japan,Diploma,Business,C2,None,Eligible,Teacher,2024-09-20
DUD100298,CAN000157,Carlos,,Davis,1976-08-05,Female,American,Mexican,Japan,Bachelor's Degree,Other,Native,N1,Eligible,Teacher,2021-06-28
DUD100299,CAN000716,Andres,,Ramirez,2002-12-04,Prefer not to say,Canadian,Mexican,Japan,Master's Degree,Education,C1,None,Eligible,Teacher,2026-06-04
DUD100300,CAN000013,Jose,,Miller,1992-07-08,Female,French,Brazilian,Japan,Associate Degree,Psychology,C2,N2,Eligible,Teacher,2026-03-07
DUD100301,CAN000364,Matthew,,Williams,2003-05-05,Non-binary,Mexican,Japanese,Japan,Bachelor's Degree,English,Native,N2,Eligible,Teacher,2025-06-07
DUD100302,CAN000678,Jose,,Thompson,2002-08-04,Prefer not to say,Filipino,Spanish,Japan,Bachelor's Degree,Psychology,C2,N3,Eligible,Teacher,2022-04-23
DUD100303,CAN000984,Andres,,Ramirez,1989-09-14,Prefer not to say,Japanese,Spanish,Japan,Master's Degree,Education,C2,N2,Eligible,Teacher,2024-02-07
DUD100304,CAN000341,Miguel,,Williams,1987-09-22,Female,Australian,Japanese,Japan,Bachelor's Degree,Education,C1,N1,Eligible,Teacher,2021-03-20
DUD100305,CAN001453,Olivia,,Martin,1995-01-10,Non-binary,Spanish,British,Japan,Bachelor's Degree,Education,C1,N3,Eligible,Teacher,2024-02-25
DUD100306,CAN000166,Sofia,,Perez,1985-09-16,Non-binary,French,American,Japan,Master's Degree,Business,C2,None,Eligible,Teacher,2024-07-08
DUD100307,CAN000301,Alejandro,,Brown,1978-06-11,Prefer not to say,British,French,Japan,Bachelor's Degree,Other,Native,N1,Eligible,Teacher,2023-03-08
DUD100308,CAN001109,William,,Davis,1995-04-17,Non-binary,French,Filipino,Japan,Master's Degree,Education,B2,N1,Eligible,Teacher,2023-10-30
DUD100309,CAN001253,James,,Hernandez,1989-02-23,Female,French,British,Japan,Associate Degree,Linguistics,C1,None,Eligible,Teacher,2025-05-26
DUD100310,CAN000038,Matthew,,Torres,1989-05-02,Male,Brazilian,Japanese,Japan,Associate Degree,Psychology,B2,None,Eligible,Teacher,2021-05-18
DUD100311,CAN001281,John,,Hernandez,2003-11-28,Female,Australian,Filipino,Japan,Bachelor's Degree,Education,B2,N2,Eligible,Teacher,2022-04-27
DUD100312,CAN001918,Ana,,Taylor,2000-04-06,Non-binary,Brazilian,Brazilian,Japan,Associate Degree,Business,C1,None,Eligible,Teacher,2026-02-19
DUD100313,CAN000213,Michael,,Young,1992-05-03,Male,Australian,Mexican,Japan,Master's Degree,Education,Native,N2,Eligible,Teacher,2025-01-29
DUD100314,CAN000951,Christopher,,Anderson,1980-04-02,Non-binary,French,Australian,Japan,Associate Degree,Psychology,C2,N2,Eligible,Teacher,2021-10-23
DUD100315,CAN000146,Alejandro,,Garcia,1977-07-08,Female,British,French,Japan,Associate Degree,Education,B2,N3,Eligible,Teacher,2024-05-19
DUD100316,CAN000581,Robert,,Martin,1998-04-20,Non-binary,Japanese,Canadian,Japan,Associate Degree,Other,C2,N2,Eligible,Teacher,2025-11-10
DUD100317,CAN000207,Andres,,Rodriguez,1996-07-26,Prefer not to say,Canadian,Brazilian,Japan,Diploma,Linguistics,C1,N2,Eligible,Teacher,2026-03-02
DUD100318,CAN000317,Marco,,Martinez,1988-07-28,Prefer not to say,Spanish,Brazilian,Japan,Diploma,Education,Native,Basic,Eligible,Teacher,2026-05-07
DUD100319,CAN001524,Alejandro,,Torres,2001-06-28,Male,Japanese,Brazilian,Japan,Bachelor's Degree,Other,Native,Basic,Eligible,Teacher,2025-06-12
DUD100320,CAN001170,Emma,,Gonzalez,1984-10-02,Prefer not to say,Brazilian,Brazilian,Japan,Master's Degree,Linguistics,C2,N3,Eligible,Teacher,2024-09-09
DUD100321,CAN000290,Marco,,Taylor,1988-08-02,Non-binary,Brazilian,American,Japan,Associate Degree,English,C2,N2,Eligible,Teacher,2021-04-02
DUD100322,CAN001435,Matthew,,Smith,1993-07-15,Non-binary,Mexican,Japanese,Japan,Bachelor's Degree,Psychology,B2,Basic,Eligible,Teacher,2024-04-04
DUD100323,CAN000809,Sofia,,Sanchez,1997-10-24,Male,Australian,Australian,Japan,Associate Degree,Psychology,C1,None,Eligible,Teacher,2023-08-29
DUD100324,CAN001699,Sarah,,Jackson,1991-12-27,Male,American,American,Japan,Bachelor's Degree,Other,C2,None,Eligible,Teacher,2026-01-21
DUD100325,CAN000298,Michael,,Garcia,1986-01-07,Non-binary,Mexican,Canadian,Japan,Bachelor's Degree,Business,C2,N2,Eligible,Teacher,2026-03-27
DUD100326,CAN001665,Emily,,Moore,1978-06-24,Male,British,Canadian,Japan,Associate Degree,Linguistics,C2,N1,Eligible,Teacher,2022-08-23
DUD100327,CAN000994,James,,Hall,1998-07-20,Male,American,British,Japan,Master's Degree,English,Native,None,Eligible,Teacher,2023-11-30
DUD100328,CAN001601,Jessica,,Walker,1981-12-18,Prefer not to say,Canadian,British,Japan,Diploma,Education,Native,None,Eligible,Teacher,2026-03-13
DUD100329,CAN000789,Laura,,Hernandez,1981-09-23,Non-binary,French,Australian,Japan,Associate Degree,Business,C1,N3,Eligible,Teacher,2022-10-19
DUD100330,CAN001697,Carlos,,Hall,2000-10-22,Prefer not to say,American,Mexican,Japan,Diploma,Psychology,C1,Basic,Eligible,Teacher,2022-08-21
DUD100331,CAN000305,Andres,,Martin,1980-04-15,Female,Japanese,British,Japan,Master's Degree,Psychology,B2,N2,Eligible,Teacher,2022-10-08
DUD100332,CAN001414,Alejandro,,Williams,2001-11-04,Female,Japanese,Filipino,Japan,Diploma,Other,Native,N1,Eligible,Teacher,2022-09-13
DUD100333,CAN001628,Miguel,,Allen,2002-12-11,Non-binary,Filipino,French,Japan,Associate Degree,Linguistics,Native,N1,Eligible,Teacher,2025-07-31
DUD100334,CAN000771,Miguel,,Jackson,1989-09-15,Female,Canadian,Brazilian,Japan,Bachelor's Degree,Education,C1,N2,Eligible,Teacher,2022-09-25
DUD100335,CAN000349,Emma,,Sanchez,1999-11-24,Female,Brazilian,French,Japan,Diploma,Education,B2,None,Eligible,Teacher,2023-02-11
DUD100336,CAN001104,Olivia,,Martin,1976-05-25,Non-binary,Filipino,Mexican,Japan,Master's Degree,Business,B2,Basic,Eligible,Teacher,2025-09-22
DUD100337,CAN000175,Luis,,Walker,1975-07-12,Non-binary,Australian,Filipino,Japan,Bachelor's Degree,English,C2,N1,Eligible,Teacher,2022-04-12
DUD100338,CAN001745,Hannah,,Sanchez,1998-02-15,Female,Canadian,American,Japan,Diploma,English,B2,N2,Eligible,Teacher,2026-04-27
DUD100339,CAN001561,Jose,,Moore,1997-07-08,Male,Japanese,Canadian,Japan,Bachelor's Degree,Education,Native,Basic,Eligible,Teacher,2022-10-18
DUD100340,CAN000010,James,,Jackson,1987-10-10,Female,Canadian,Canadian,Japan,Bachelor's Degree,Linguistics,B2,Basic,Eligible,Teacher,2024-10-12
DUD100341,CAN000554,Michael,,Davis,1992-07-02,Prefer not to say,Filipino,British,Japan,Associate Degree,English,C1,None,Eligible,Teacher,2023-01-24
DUD100342,CAN001553,Jessica,,Thompson,1981-05-08,Female,Mexican,Mexican,Japan,Bachelor's Degree,Business,C1,N1,Eligible,Teacher,2024-10-19
DUD100343,CAN000871,Christopher,,Martinez,1980-06-17,Male,Brazilian,Mexican,Japan,Associate Degree,Business,Native,N2,Eligible,Teacher,2025-02-16
DUD100344,CAN001812,Robert,,Torres,2003-10-24,Female,Filipino,Canadian,Japan,Master's Degree,Psychology,B2,N1,Eligible,Teacher,2026-01-14
DUD100345,CAN001773,Michael,,Young,2000-12-26,Prefer not to say,Mexican,Mexican,Japan,Associate Degree,Other,B2,N3,Eligible,Teacher,2021-03-04
DUD100346,CAN000744,Daniel,,Hall,1990-08-20,Non-binary,Brazilian,Japanese,Japan,Bachelor's Degree,Linguistics,B2,Basic,Eligible,Teacher,2021-07-12
DUD100347,CAN001722,Andres,,Jackson,1989-01-19,Male,Filipino,Mexican,Japan,Associate Degree,English,Native,None,Eligible,Teacher,2022-01-05
DUD100348,CAN000824,Matthew,,Johnson,1987-11-24,Prefer not to say,Canadian,Filipino,Japan,Master's Degree,Business,C1,None,Eligible,Teacher,2023-06-05
DUD100349,CAN001121,Christopher,,Sanchez,1994-03-04,Non-binary,Canadian,Australian,Japan,Master's Degree,Education,B2,N3,Eligible,Teacher,2024-06-02
DUD100350,CAN001892,James,,Lopez,1993-09-11,Male,Canadian,Brazilian,Japan,Bachelor's Degree,Psychology,Native,N2,Eligible,Teacher,2022-01-20
DUD100351,CAN001078,Andres,,Martin,1977-07-15,Non-binary,Brazilian,Japanese,Japan,Diploma,Business,C2,N3,Eligible,Teacher,2021-03-07
DUD100352,CAN000536,William,,Williams,1983-08-20,Male,Brazilian,American,Japan,Diploma,English,C2,N2,Eligible,Teacher,2022-11-01
DUD100353,CAN000803,Olivia,,Hernandez,1976-12-01,Female,British,Mexican,Japan,Bachelor's Degree,Education,Native,None,Eligible,Teacher,2021-08-19
DUD100354,CAN001658,Daniel,,Allen,1995-03-05,Prefer not to say,British,French,Japan,Diploma,Education,C1,N3,Eligible,Teacher,2023-09-25
DUD100355,CAN001946,Olivia,,Rodriguez,1996-09-26,Female,Australian,Australian,Japan,Master's Degree,Business,C1,N2,Eligible,Teacher,2025-11-25
DUD100356,CAN000587,David,,Young,2002-01-28,Male,British,British,Japan,Bachelor's Degree,Education,B2,None,Eligible,Teacher,2022-08-27
DUD100357,CAN000778,James,,Garcia,1994-02-06,Prefer not to say,Brazilian,Australian,Japan,Diploma,Business,C1,None,Eligible,Teacher,2021-07-14
DUD100358,CAN000024,Juan,,Wilson,2002-07-03,Female,Japanese,American,Japan,Bachelor's Degree,English,Native,N1,Eligible,Teacher,2021-01-04
DUD100359,CAN000609,Sarah,,Walker,1990-08-07,Prefer not to say,Spanish,Australian,Japan,Master's Degree,English,Native,N2,Eligible,Teacher,2023-09-28
DUD100360,CAN000980,Daniel,,Moore,1986-02-10,Male,French,British,Japan,Bachelor's Degree,Psychology,B2,N1,Eligible,Teacher,2022-09-19
DUD100361,CAN001321,Michael,,Johnson,1995-01-23,Female,Brazilian,Filipino,Japan,Bachelor's Degree,English,Native,Basic,Eligible,Teacher,2022-01-18
DUD100362,CAN001531,Maria,,Perez,1997-01-27,Non-binary,Canadian,Japanese,Japan,Bachelor's Degree,English,C2,N2,Eligible,Teacher,2023-06-12
DUD100363,CAN000648,Emily,,Walker,1979-04-21,Female,Australian,Japanese,Japan,Associate Degree,Business,Native,N3,Eligible,Teacher,2026-01-02
DUD100364,CAN001766,Daniel,,Garcia,1989-04-03,Female,Spanish,Australian,Japan,Associate Degree,Psychology,C1,N3,Eligible,Teacher,2025-06-24
DUD100365,CAN000630,Emily,,Hernandez,1981-01-07,Prefer not to say,Brazilian,Brazilian,Japan,Diploma,Psychology,C2,Basic,Eligible,Teacher,2021-07-15
DUD100366,CAN001599,David,,Smith,1983-08-04,Female,Spanish,Mexican,Japan,Bachelor's Degree,Psychology,B2,N1,Eligible,Teacher,2025-05-01
DUD100367,CAN001393,John,,Lopez,1977-08-12,Prefer not to say,Spanish,Mexican,Japan,Master's Degree,Education,C2,N2,Eligible,Teacher,2024-04-09
DUD100368,CAN000228,Daniel,,Allen,1979-03-12,Prefer not to say,Brazilian,Australian,Japan,Bachelor's Degree,Linguistics,C2,N3,Eligible,Teacher,2022-05-05
DUD100369,CAN001605,Jessica,,Brown,1986-06-13,Prefer not to say,Spanish,French,Japan,Bachelor's Degree,Other,C1,N1,Eligible,Teacher,2023-02-26
DUD100370,CAN000862,Christopher,,Johnson,1995-12-03,Male,American,Australian,Japan,Associate Degree,Psychology,Native,N2,Eligible,Teacher,2022-10-18
DUD100371,CAN000683,David,,Lee,2000-12-02,Female,Canadian,British,Japan,Diploma,Business,B2,N3,Eligible,Teacher,2023-03-08
DUD100372,CAN000922,Olivia,,Thompson,1978-01-07,Prefer not to say,Australian,Spanish,Japan,Master's Degree,Other,C1,N1,Eligible,Teacher,2026-03-23
DUD100373,CAN000513,Ana,,Lee,1998-09-24,Prefer not to say,British,French,Japan,Diploma,Education,C1,N3,Eligible,Teacher,2021-08-16
DUD100374,CAN000080,Emma,,Sanchez,1995-09-05,Male,Canadian,Mexican,Japan,Associate Degree,Education,C1,N3,Eligible,Teacher,2021-09-17
DUD100375,CAN001429,Jessica,,Martin,1985-12-21,Prefer not to say,Brazilian,Filipino,Japan,Associate Degree,Business,C2,N1,Eligible,Teacher,2023-04-19
DUD100376,CAN000956,Alejandro,,Sanchez,1976-11-11,Male,Spanish,British,Japan,Bachelor's Degree,Business,C2,N3,Eligible,Teacher,2022-08-27
DUD100377,CAN001599,Maria,,Moore,1979-02-03,Non-binary,American,Japanese,Japan,Bachelor's Degree,English,C1,N3,Eligible,Teacher,2021-09-07
DUD100378,CAN000996,Ana,,Anderson,2003-07-28,Male,Mexican,Mexican,Japan,Master's Degree,Linguistics,B2,N3,Eligible,Teacher,2026-08-04
DUD100379,CAN001636,James,,Williams,2001-07-05,Non-binary,Australian,Mexican,Japan,Associate Degree,Education,C2,N3,Eligible,Teacher,2024-09-07
DUD100380,CAN001323,Luis,,Hall,1985-01-27,Male,Japanese,Mexican,Japan,Diploma,Business,C2,N3,Eligible,Teacher,2024-10-20
DUD100381,CAN001631,Diego,,Sanchez,1994-05-07,Non-binary,Brazilian,Spanish,Japan,Master's Degree,Psychology,C2,N2,Eligible,Teacher,2022-04-04
DUD100382,CAN001667,Jose,,Allen,1997-02-28,Non-binary,American,Japanese,Japan,Diploma,Linguistics,C1,N2,Eligible,Teacher,2023-05-26
DUD100383,CAN001868,Andres,,Torres,1988-09-05,Male,Australian,Brazilian,Japan,Master's Degree,Linguistics,Native,N3,Eligible,Teacher,2022-02-11
DUD100384,CAN001458,William,,Miller,1981-02-08,Prefer not to say,Spanish,Mexican,Japan,Associate Degree,Education,C2,N2,Eligible,Teacher,2024-08-20
DUD100385,CAN001297,Jessica,,Perez,2003-11-16,Prefer not to say,American,Australian,Japan,Diploma,Psychology,B2,N2,Eligible,Teacher,2022-07-16
DUD100386,CAN001111,Carlos,,Martin,2002-04-03,Prefer not to say,Australian,American,Japan,Master's Degree,Linguistics,Native,None,Eligible,Teacher,2022-08-17
DUD100387,CAN001047,Emily,,Hernandez,1975-07-27,Male,Japanese,Filipino,Japan,Associate Degree,Psychology,Native,N2,Eligible,Teacher,2022-01-05
DUD100388,CAN000231,Carlos,,Ramirez,1981-07-15,Non-binary,British,Australian,Japan,Bachelor's Degree,Education,B2,Basic,Eligible,Teacher,2023-01-09
DUD100389,CAN001095,Andres,,Anderson,1982-12-18,Prefer not to say,American,Japanese,Japan,Master's Degree,English,Native,N1,Eligible,Teacher,2026-03-17
DUD100390,CAN000613,Ana,,King,1990-09-15,Male,Filipino,British,Japan,Bachelor's Degree,Linguistics,C1,Basic,Eligible,Teacher,2021-05-08
DUD100391,CAN001399,Emily,,King,1989-09-20,Prefer not to say,Brazilian,Spanish,Japan,Bachelor's Degree,Other,C1,None,Eligible,Teacher,2021-12-23
DUD100392,CAN001452,Marco,,Rodriguez,1994-04-14,Male,Spanish,Mexican,Japan,Diploma,English,B2,Basic,Eligible,Teacher,2025-06-09
DUD100393,CAN000175,Carlos,,Thompson,1979-10-16,Female,Australian,Japanese,Japan,Bachelor's Degree,Business,B2,None,Eligible,Teacher,2025-04-03
DUD100394,CAN001816,Daniel,,Ramirez,2002-01-03,Prefer not to say,American,Australian,Japan,Diploma,Other,B2,N2,Eligible,Teacher,2022-11-02
DUD100395,CAN000114,Christopher,,Smith,1977-10-25,Male,American,American,Japan,Master's Degree,Business,C2,N3,Eligible,Teacher,2021-04-03
DUD100396,CAN001613,William,,Hernandez,1992-07-04,Prefer not to say,Australian,Canadian,Japan,Diploma,Other,B2,Basic,Eligible,Teacher,2024-06-06
DUD100397,CAN001629,Carlos,,Wilson,2000-04-22,Male,Brazilian,Canadian,Japan,Diploma,Linguistics,C1,None,Eligible,Teacher,2025-01-08
DUD100398,CAN000155,Emily,,King,1997-08-07,Non-binary,Spanish,Canadian,Japan,Associate Degree,English,B2,N1,Eligible,Teacher,2024-03-13
DUD100399,CAN000919,Jose,,Hernandez,1976-07-03,Non-binary,Australian,French,Japan,Bachelor's Degree,English,B2,Basic,Eligible,Teacher,2024-11-29
DUD100400,CAN001822,Emily,,Hall,1993-12-20,Male,Filipino,Mexican,Japan,Master's Degree,English,C2,Basic,Eligible,Teacher,2024-09-06
DUD100401,CAN000893,Laura,,Gonzalez,1993-07-10,Prefer not to say,French,Spanish,Japan,Associate Degree,Linguistics,Native,N3,Eligible,Teacher,2023-10-19
DUD100402,CAN000937,Carlos,,Thompson,1990-10-03,Non-binary,Brazilian,Canadian,Japan,Master's Degree,Education,B2,Basic,Eligible,Teacher,2024-06-01
DUD100403,CAN000191,Andres,,Lopez,1979-08-06,Non-binary,Australian,Australian,Japan,Associate Degree,Business,C1,None,Eligible,Teacher,2021-09-29
DUD100404,CAN001240,Daniel,,Taylor,1980-12-01,Non-binary,Canadian,Spanish,Japan,Associate Degree,Psychology,C2,N1,Eligible,Teacher,2022-04-21
DUD100405,CAN001837,Olivia,,Brown,1995-11-24,Prefer not to say,Spanish,Mexican,Japan,Master's Degree,Business,Native,Basic,Eligible,Teacher,2023-06-18
DUD100406,CAN001590,Michael,,Gonzalez,1991-02-26,Prefer not to say,Japanese,Canadian,Japan,Bachelor's Degree,Business,Native,N2,Eligible,Teacher,2021-11-30
DUD100407,CAN000027,Matthew,,Moore,1988-12-02,Male,Japanese,Spanish,Japan,Master's Degree,English,B2,None,Eligible,Teacher,2026-03-05
DUD100408,CAN000470,Emily,,Hall,1994-05-02,Female,Spanish,Japanese,Japan,Diploma,English,B2,N2,Eligible,Teacher,2025-05-12
DUD100409,CAN000024,Jessica,,Brown,1992-11-22,Prefer not to say,Japanese,Brazilian,Japan,Associate Degree,Other,Native,None,Eligible,Teacher,2024-03-23
DUD100410,CAN001863,Juan,,Perez,1980-06-04,Prefer not to say,Canadian,Filipino,Japan,Master's Degree,Other,C1,N3,Eligible,Teacher,2025-09-19
DUD100411,CAN001824,Sofia,,Allen,1988-02-27,Female,American,Japanese,Japan,Diploma,Business,B2,None,Eligible,Teacher,2026-04-08
DUD100412,CAN001740,Andres,,Anderson,1988-10-25,Female,Australian,British,Japan,Diploma,English,C2,N3,Eligible,Teacher,2022-10-03
DUD100413,CAN001285,Sofia,,Garcia,2002-01-23,Prefer not to say,Canadian,American,Japan,Master's Degree,Psychology,C2,N3,Eligible,Teacher,2026-02-23
DUD100414,CAN000074,Thomas,,King,1978-05-17,Male,Spanish,Filipino,Japan,Bachelor's Degree,Business,C1,N1,Eligible,Teacher,2022-08-03
DUD100415,CAN000049,John,,Hall,1991-03-25,Female,French,American,Japan,Master's Degree,Psychology,C2,N2,Eligible,Teacher,2025-08-02
DUD100416,CAN001569,Jose,,Perez,1984-06-19,Non-binary,Brazilian,Canadian,Japan,Master's Degree,Education,Native,N3,Eligible,Teacher,2023-01-07
DUD100417,CAN001096,James,,Moore,1986-08-03,Non-binary,Filipino,Mexican,Japan,Master's Degree,Linguistics,C2,N1,Eligible,Teacher,2025-06-07
DUD100418,CAN001582,James,,Martinez,1984-06-28,Non-binary,British,Filipino,Japan,Associate Degree,Linguistics,C2,N2,Eligible,Teacher,2021-01-08
DUD100419,CAN000330,William,,Hernandez,1990-06-10,Female,American,Canadian,Japan,Associate Degree,Other,C1,Basic,Eligible,Teacher,2024-09-20
DUD100420,CAN000609,Ana,,Walker,1993-09-13,Male,Japanese,Australian,Japan,Bachelor's Degree,Linguistics,B2,N3,Eligible,Teacher,2024-06-04
DUD100421,CAN001541,Hannah,,Gonzalez,1988-07-09,Female,Spanish,American,Japan,Associate Degree,Linguistics,B2,N1,Eligible,Teacher,2026-01-17
DUD100422,CAN001239,Marco,,Jackson,1999-07-19,Male,Filipino,Canadian,Japan,Diploma,Psychology,C2,None,Eligible,Teacher,2022-11-24
DUD100423,CAN001268,Miguel,,Garcia,1978-08-03,Male,Canadian,Japanese,Japan,Bachelor's Degree,Other,C2,N1,Eligible,Teacher,2023-11-10
DUD100424,CAN001485,Juan,,Torres,1999-09-08,Female,Brazilian,Japanese,Japan,Associate Degree,Other,B2,N3,Eligible,Teacher,2022-07-11
DUD100425,CAN001657,Jose,,Allen,1991-07-20,Prefer not to say,Brazilian,Spanish,Japan,Associate Degree,Education,C2,N1,Eligible,Teacher,2022-07-15
DUD100426,CAN001766,Jessica,,Garcia,1985-07-12,Female,Canadian,French,Japan,Diploma,Business,B2,N2,Eligible,Teacher,2026-05-01
DUD100427,CAN001801,Michael,,Young,1992-07-24,Male,Japanese,Mexican,Japan,Bachelor's Degree,Education,C1,N1,Eligible,Teacher,2025-09-17
DUD100428,CAN000784,Diego,,Perez,1975-09-25,Prefer not to say,Mexican,Filipino,Japan,Master's Degree,Business,C2,Basic,Eligible,Teacher,2023-02-12
DUD100429,CAN001093,Emma,,Lee,1983-05-25,Non-binary,Brazilian,French,Japan,Associate Degree,Business,B2,Basic,Eligible,Teacher,2023-07-22
DUD100430,CAN000266,Jose,,King,1975-04-04,Male,Mexican,Australian,Japan,Associate Degree,Education,Native,N1,Eligible,Teacher,2025-07-08
DUD100431,CAN000023,James,,Torres,1997-12-14,Prefer not to say,French,Brazilian,Japan,Diploma,Business,B2,None,Eligible,Teacher,2024-12-23
DUD100432,CAN001195,Daniel,,Wilson,1987-10-10,Female,Brazilian,Australian,Japan,Master's Degree,Other,C2,N3,Eligible,Teacher,2025-02-03
DUD100433,CAN001730,James,,White,1992-03-11,Non-binary,Japanese,Japanese,Japan,Diploma,Education,Native,N1,Eligible,Teacher,2026-04-03
DUD100434,CAN000094,Carlos,,Rodriguez,1983-02-10,Prefer not to say,Japanese,Mexican,Japan,Diploma,Other,C2,N3,Eligible,Teacher,2021-01-04
DUD100435,CAN001805,Luis,,Torres,1992-12-02,Male,Mexican,Spanish,Japan,Diploma,Other,B2,None,Eligible,Teacher,2026-03-06
DUD100436,CAN001867,Christopher,,Brown,1994-01-21,Prefer not to say,Brazilian,French,Japan,Associate Degree,Business,C1,N3,Eligible,Teacher,2024-04-09
DUD100437,CAN000141,Marco,,Hall,1979-02-24,Female,American,French,Japan,Bachelor's Degree,Psychology,B2,Basic,Eligible,Teacher,2021-12-06
DUD100438,CAN001523,Thomas,,Hall,1991-08-26,Female,American,Spanish,Japan,Master's Degree,English,C1,N2,Eligible,Teacher,2023-03-25
DUD100439,CAN000755,Emma,,Smith,1990-09-11,Non-binary,Spanish,Mexican,Japan,Associate Degree,Psychology,B2,N3,Eligible,Teacher,2025-04-08
DUD100440,CAN001078,Michael,,Sanchez,1981-02-17,Non-binary,Mexican,Australian,Japan,Master's Degree,Education,B2,N1,Eligible,Teacher,2024-02-06
DUD100441,CAN001752,Hannah,,Lee,1990-11-24,Prefer not to say,Mexican,French,Japan,Diploma,Linguistics,B2,N2,Eligible,Teacher,2022-01-22
DUD100442,CAN000693,Matthew,,Thompson,1984-07-04,Non-binary,Canadian,Mexican,Japan,Diploma,Education,C1,N1,Eligible,Teacher,2021-08-14
DUD100443,CAN000490,Marco,,King,1991-11-12,Non-binary,British,Filipino,Japan,Diploma,Psychology,B2,None,Eligible,Teacher,2025-11-26
DUD100444,CAN001988,Miguel,,King,1989-02-24,Female,American,Australian,Japan,Diploma,Linguistics,C2,N1,Eligible,Teacher,2023-06-13
DUD100445,CAN001551,William,,Hernandez,1989-08-23,Female,Australian,Spanish,Japan,Master's Degree,Other,C1,Basic,Eligible,Teacher,2022-09-18
DUD100446,CAN000899,Emma,,White,1997-05-20,Female,Spanish,French,Japan,Associate Degree,Business,C2,N1,Eligible,Teacher,2022-10-19
DUD100447,CAN001928,Jose,,Williams,1978-04-13,Male,Mexican,Brazilian,Japan,Diploma,Business,Native,Basic,Eligible,Teacher,2022-11-28
DUD100448,CAN001247,John,,Rodriguez,1986-11-08,Non-binary,Spanish,American,Japan,Diploma,Other,B2,N3,Eligible,Teacher,2022-07-03
DUD100449,CAN001332,Carlos,,Allen,2001-01-17,Prefer not to say,American,French,Japan,Diploma,Psychology,B2,N3,Eligible,Teacher,2026-01-16
DUD100450,CAN000639,James,,Thompson,1985-05-11,Non-binary,Australian,Spanish,Japan,Diploma,Education,C2,N2,Eligible,Teacher,2021-05-22
DUD100451,CAN001977,Luis,,Johnson,1977-05-10,Non-binary,Brazilian,Australian,Japan,Diploma,Other,C1,N2,Eligible,Teacher,2025-07-04
DUD100452,CAN000924,Carlos,,Young,1988-01-16,Prefer not to say,Brazilian,Spanish,Japan,Master's Degree,Psychology,C1,N2,Eligible,Teacher,2025-05-01
DUD100453,CAN001279,Jessica,,Johnson,1980-05-23,Female,French,Mexican,Japan,Master's Degree,English,C1,N1,Eligible,Teacher,2023-07-25
DUD100454,CAN001438,Andres,,Allen,1995-04-23,Non-binary,British,Mexican,Japan,Diploma,Business,B2,Basic,Eligible,Teacher,2021-05-21
DUD100455,CAN000793,Luis,,Wilson,1981-10-19,Prefer not to say,Canadian,Mexican,Japan,Diploma,Linguistics,B2,N3,Eligible,Teacher,2026-01-29
DUD100456,CAN000351,Alejandro,,Hall,1980-03-07,Prefer not to say,Mexican,French,Japan,Bachelor's Degree,Education,Native,N3,Eligible,Teacher,2025-11-22
DUD100457,CAN001751,Emma,,Allen,1999-07-15,Non-binary,Filipino,Canadian,Japan,Bachelor's Degree,English,C1,N3,Eligible,Teacher,2024-12-04
DUD100458,CAN000002,Juan,,Young,1976-09-20,Prefer not to say,British,Spanish,Japan,Bachelor's Degree,Business,Native,Basic,Eligible,Teacher,2023-04-29
DUD100459,CAN001993,Christopher,,Hall,1978-05-20,Female,Australian,Australian,Japan,Associate Degree,Linguistics,B2,N1,Eligible,Teacher,2021-06-24
DUD100460,CAN000991,Robert,,Moore,1997-01-21,Non-binary,British,Brazilian,Japan,Bachelor's Degree,Psychology,Native,None,Eligible,Teacher,2025-05-17
DUD100461,CAN001407,Emma,,Rodriguez,1996-07-21,Female,Mexican,Spanish,Japan,Diploma,Other,C2,N3,Eligible,Teacher,2025-05-02
DUD100462,CAN001680,Maria,,Martinez,2001-03-05,Non-binary,French,Japanese,Japan,Master's Degree,Other,C1,N2,Eligible,Teacher,2026-02-15
DUD100463,CAN001790,Sarah,,Moore,1978-12-18,Male,Spanish,Australian,Japan,Diploma,Linguistics,C2,N2,Eligible,Teacher,2026-03-02
DUD100464,CAN001719,Andres,,Martin,1989-04-22,Female,British,Filipino,Japan,Master's Degree,Business,Native,Basic,Eligible,Teacher,2021-09-08
DUD100465,CAN000889,Hannah,,Jackson,1986-11-28,Female,British,Australian,Japan,Associate Degree,Psychology,C2,N3,Eligible,Teacher,2023-02-15
DUD100466,CAN001500,Luis,,Wilson,1984-07-13,Male,French,Japanese,Japan,Bachelor's Degree,Other,C1,N2,Eligible,Teacher,2023-03-31
DUD100467,CAN001227,John,,Ramirez,1978-04-01,Female,British,Canadian,Japan,Master's Degree,Other,Native,N1,Eligible,Teacher,2021-04-12
DUD100468,CAN001129,John,,Torres,2002-08-20,Female,Brazilian,British,Japan,Bachelor's Degree,Other,C2,N2,Eligible,Teacher,2022-01-11
DUD100469,CAN001118,Emma,,Miller,1998-06-04,Male,Filipino,French,Japan,Associate Degree,Other,C2,Basic,Eligible,Teacher,2024-07-30
DUD100470,CAN001581,Robert,,Torres,2002-07-20,Prefer not to say,Canadian,Canadian,Japan,Diploma,Business,C1,N2,Eligible,Teacher,2023-10-19
DUD100471,CAN001287,David,,Lee,2002-11-17,Non-binary,Spanish,Australian,Japan,Diploma,Business,C1,None,Eligible,Teacher,2025-05-14
DUD100472,CAN001072,Alejandro,,White,1988-12-28,Female,Japanese,Brazilian,Japan,Associate Degree,Education,C2,N3,Eligible,Teacher,2025-07-26
DUD100473,CAN000821,Hannah,,Johnson,2002-09-01,Non-binary,Filipino,French,Japan,Associate Degree,Linguistics,B2,None,Eligible,Teacher,2021-11-10
DUD100474,CAN000163,James,,Smith,1989-10-09,Female,Japanese,American,Japan,Diploma,English,B2,Basic,Eligible,Teacher,2026-05-14
DUD100475,CAN001766,Miguel,,Gonzalez,1987-09-25,Prefer not to say,American,Canadian,Japan,Associate Degree,Linguistics,B2,N2,Eligible,Teacher,2024-11-30
DUD100476,CAN001977,Matthew,,Sanchez,1997-02-16,Male,Brazilian,Spanish,Japan,Bachelor's Degree,Education,C2,N1,Eligible,Teacher,2025-11-10
DUD100477,CAN001745,Hannah,,Williams,1995-11-27,Prefer not to say,Australian,Filipino,Japan,Associate Degree,Other,Native,N1,Eligible,Teacher,2026-06-25
DUD100478,CAN001430,Juan,,Lopez,1991-10-07,Female,American,Mexican,Japan,Master's Degree,Other,B2,N3,Eligible,Teacher,2022-05-02
DUD100479,CAN000078,Miguel,,Lopez,1992-09-13,Prefer not to say,British,Filipino,Japan,Bachelor's Degree,Linguistics,Native,N1,Eligible,Teacher,2021-02-08
DUD100480,CAN000937,James,,Rodriguez,1980-07-18,Male,British,Australian,Japan,Master's Degree,Psychology,C1,N3,Eligible,Teacher,2022-06-27
DUD100481,CAN000067,Ana,,Sanchez,1991-03-06,Female,Brazilian,Spanish,Japan,Master's Degree,Psychology,B2,N3,Eligible,Teacher,2025-09-28
DUD100482,CAN000813,Jose,,Perez,1990-12-02,Prefer not to say,Brazilian,Mexican,Japan,Master's Degree,Psychology,C1,Basic,Eligible,Teacher,2026-05-20
DUD100483,CAN000972,Luis,,Moore,1996-10-05,Female,French,Spanish,Japan,Diploma,Business,Native,N2,Eligible,Teacher,2023-09-24
DUD100484,CAN001781,Jessica,,Walker,2002-02-01,Non-binary,French,French,Japan,Bachelor's Degree,Other,C1,None,Eligible,Teacher,2021-10-21
DUD100485,CAN000019,Daniel,,Torres,1987-05-14,Male,Canadian,French,Japan,Bachelor's Degree,Business,Native,N2,Eligible,Teacher,2023-08-03
DUD100486,CAN000363,Emma,,Williams,1995-01-06,Male,British,Canadian,Japan,Master's Degree,Other,B2,N1,Eligible,Teacher,2022-01-23
DUD100487,CAN001129,Sarah,,Moore,1976-04-11,Non-binary,Japanese,British,Japan,Diploma,Education,Native,None,Eligible,Teacher,2023-10-17
DUD100488,CAN000362,Matthew,,Hernandez,1983-10-06,Prefer not to say,Brazilian,Canadian,Japan,Master's Degree,Other,Native,N1,Eligible,Teacher,2025-10-11
DUD100489,CAN000784,Ana,,Johnson,1975-01-22,Female,Japanese,Spanish,Japan,Diploma,Other,C1,Basic,Eligible,Teacher,2022-09-17
DUD100490,CAN000001,Daniel,,Martinez,1999-06-18,Female,Australian,American,Japan,Diploma,Education,C1,N3,Eligible,Teacher,2025-01-08
DUD100491,CAN000196,Andres,,Ramirez,1993-04-17,Male,Mexican,Filipino,Japan,Associate Degree,Business,Native,N3,Eligible,Teacher,2023-11-14
DUD100492,CAN001283,James,,Brown,1999-11-23,Non-binary,French,British,Japan,Master's Degree,Education,Native,N3,Eligible,Teacher,2023-10-06
DUD100493,CAN001893,Christopher,,Sanchez,1982-04-04,Non-binary,Mexican,Brazilian,Japan,Master's Degree,Business,C2,N3,Eligible,Teacher,2024-05-30
DUD100494,CAN000484,Hannah,,Sanchez,1999-05-11,Non-binary,Spanish,American,Japan,Master's Degree,Psychology,C2,Basic,Eligible,Teacher,2025-01-12
DUD100495,CAN001447,Olivia,,Davis,1978-03-09,Male,American,Mexican,Japan,Associate Degree,English,Native,None,Eligible,Teacher,2023-08-09
DUD100496,CAN001284,Carlos,,Torres,1996-06-27,Female,Spanish,French,Japan,Bachelor's Degree,Linguistics,C1,N1,Eligible,Teacher,2023-05-23
DUD100497,CAN001332,Sarah,,Wilson,1983-12-25,Non-binary,Japanese,Brazilian,Japan,Associate Degree,English,Native,None,Eligible,Teacher,2023-09-26
DUD100498,CAN000942,John,,Thompson,1984-10-05,Male,Australian,Brazilian,Japan,Bachelor's Degree,Psychology,Native,None,Eligible,Teacher,2021-07-30
DUD100499,CAN000008,Miguel,,Moore,1986-04-03,Male,Spanish,Mexican,Japan,Bachelor's Degree,Linguistics,C1,N2,Eligible,Teacher,2025-03-11
DUD100500,CAN000640,Andres,,Martinez,1987-08-10,Prefer not to say,Spanish,Australian,Japan,Bachelor's Degree,English,C1,None,Eligible,Teacher,2026-04-06
DUD100501,CAN000506,Robert,,Garcia,1988-08-13,Male,Japanese,Brazilian,Japan,Bachelor's Degree,English,C1,N3,Eligible,Teacher,2025-09-18
DUD100502,CAN000152,John,,Gonzalez,1999-08-23,Prefer not to say,Canadian,Mexican,Japan,Master's Degree,Other,C2,Basic,Eligible,Teacher,2025-05-15
DUD100503,CAN001018,William,,Martinez,1995-05-14,Female,Brazilian,Japanese,Japan,Associate Degree,Other,C2,Basic,Eligible,Teacher,2025-03-31
DUD100504,CAN001310,David,,Perez,1995-09-20,Non-binary,Spanish,Japanese,Japan,Master's Degree,Business,B2,Basic,Eligible,Teacher,2023-02-04
DUD100505,CAN001242,Sarah,,Young,1994-11-20,Prefer not to say,Japanese,Japanese,Japan,Diploma,Other,C1,N3,Eligible,Teacher,2026-05-04
DUD100506,CAN000473,Marco,,Young,1978-08-04,Male,Mexican,Canadian,Japan,Bachelor's Degree,English,C2,N1,Eligible,Teacher,2022-03-29
DUD100507,CAN001586,Ana,,Walker,1990-12-23,Non-binary,British,Japanese,Japan,Master's Degree,Business,C1,Basic,Eligible,Teacher,2025-02-08
DUD100508,CAN001263,John,,Perez,1994-11-06,Non-binary,Canadian,Mexican,Japan,Master's Degree,Business,Native,None,Eligible,Teacher,2024-07-07
DUD100509,CAN001407,Emily,,Taylor,1982-08-18,Prefer not to say,Spanish,Spanish,Japan,Associate Degree,Business,C2,Basic,Eligible,Teacher,2022-10-11
DUD100510,CAN000394,Luis,,Hernandez,1988-06-26,Female,Japanese,British,Japan,Associate Degree,Linguistics,B2,Basic,Eligible,Teacher,2025-08-24
DUD100511,CAN000549,Thomas,,Torres,1998-10-11,Female,Filipino,Spanish,Japan,Bachelor's Degree,Education,C2,N1,Eligible,Teacher,2022-11-20
DUD100512,CAN001758,Andres,,Hernandez,1998-03-09,Prefer not to say,Japanese,British,Japan,Associate Degree,Other,B2,N1,Eligible,Teacher,2023-11-24
DUD100513,CAN000026,Sarah,,Wilson,1980-04-24,Prefer not to say,American,Canadian,Japan,Diploma,Other,C1,N3,Eligible,Teacher,2026-05-18
DUD100514,CAN000716,Michael,,Walker,1983-07-05,Female,French,Australian,Japan,Diploma,Education,Native,Basic,Eligible,Teacher,2025-03-28
DUD100515,CAN001475,Miguel,,Perez,1976-05-16,Female,Japanese,Japanese,Japan,Bachelor's Degree,Other,Native,N2,Eligible,Teacher,2024-10-14
DUD100516,CAN000163,Emma,,King,1990-02-10,Male,Japanese,French,Japan,Associate Degree,Linguistics,B2,None,Eligible,Teacher,2021-04-27
DUD100517,CAN000075,Hannah,,Jackson,1978-11-04,Non-binary,Spanish,Brazilian,Japan,Master's Degree,Linguistics,B2,N1,Eligible,Teacher,2024-10-16
DUD100518,CAN000667,James,,Allen,1998-02-09,Non-binary,Canadian,Japanese,Japan,Associate Degree,Other,C2,Basic,Eligible,Teacher,2025-09-15
DUD100519,CAN001690,Andres,,White,1984-12-20,Male,Brazilian,Spanish,Japan,Master's Degree,Other,C1,N3,Eligible,Teacher,2025-12-02
DUD100520,CAN001894,Emily,,Anderson,1981-07-16,Prefer not to say,Brazilian,Filipino,Japan,Master's Degree,Business,C1,N1,Eligible,Teacher,2026-07-29
DUD100521,CAN000280,James,,Smith,1987-09-11,Prefer not to say,Filipino,Canadian,Japan,Bachelor's Degree,English,C1,Basic,Eligible,Teacher,2023-04-21
DUD100522,CAN001177,John,,Hernandez,1988-01-23,Male,Canadian,Japanese,Japan,Master's Degree,English,C2,N3,Eligible,Teacher,2021-02-23
DUD100523,CAN000585,Laura,,Brown,1979-10-28,Non-binary,Brazilian,Mexican,Japan,Master's Degree,Psychology,Native,N2,Eligible,Teacher,2023-05-21
DUD100524,CAN000202,Ana,,King,1993-12-26,Female,Spanish,Mexican,Japan,Master's Degree,Psychology,C1,N2,Eligible,Teacher,2026-02-18
DUD100525,CAN000287,Christopher,,Hernandez,1981-06-16,Male,Australian,Australian,Japan,Associate Degree,English,B2,None,Eligible,Teacher,2022-02-17
DUD100526,CAN001530,David,,Taylor,1978-07-02,Female,Australian,American,Japan,Master's Degree,Psychology,Native,N3,Eligible,Teacher,2021-10-30
DUD100527,CAN001176,Jessica,,Hall,1988-04-09,Male,Canadian,Australian,Japan,Master's Degree,Linguistics,Native,N3,Eligible,Teacher,2024-08-03
DUD100528,CAN000939,Laura,,Anderson,2003-10-15,Male,Australian,Canadian,Japan,Master's Degree,Linguistics,Native,None,Eligible,Teacher,2025-01-19
DUD100529,CAN000988,Emma,,King,2002-11-04,Prefer not to say,Filipino,American,Japan,Associate Degree,Linguistics,C2,N2,Eligible,Teacher,2025-04-21
DUD100530,CAN001005,David,,Ramirez,2003-04-20,Prefer not to say,Japanese,American,Japan,Master's Degree,Linguistics,B2,N1,Eligible,Teacher,2025-03-14
DUD100531,CAN000618,Christopher,,Smith,1979-08-04,Prefer not to say,Spanish,Spanish,Japan,Associate Degree,Other,B2,N1,Eligible,Teacher,2022-02-28
DUD100532,CAN001006,Jessica,,Ramirez,1983-02-16,Male,Filipino,Spanish,Japan,Master's Degree,English,Native,Basic,Eligible,Teacher,2022-12-08
DUD100533,CAN001193,Luis,,Martin,1979-06-09,Female,Spanish,Canadian,Japan,Master's Degree,Education,C2,Basic,Eligible,Teacher,2021-01-11
DUD100534,CAN001492,Alejandro,,Torres,1993-07-15,Female,Canadian,British,Japan,Master's Degree,Education,Native,N1,Eligible,Teacher,2023-08-20
DUD100535,CAN001490,Thomas,,Jackson,1995-12-12,Prefer not to say,Spanish,French,Japan,Master's Degree,Other,B2,None,Eligible,Teacher,2021-12-19
DUD100536,CAN001973,Sofia,,Young,1982-12-22,Prefer not to say,Australian,Spanish,Japan,Master's Degree,Psychology,Native,None,Eligible,Teacher,2023-10-06
DUD100537,CAN001928,Ana,,King,1996-09-21,Female,American,Filipino,Japan,Associate Degree,Other,Native,Basic,Eligible,Teacher,2025-10-02
DUD100538,CAN001331,Jessica,,Allen,1975-02-09,Male,Filipino,American,Japan,Master's Degree,Business,B2,N1,Eligible,Teacher,2025-02-17
DUD100539,CAN001436,Andres,,Torres,2002-01-05,Female,Australian,British,Japan,Associate Degree,Education,C2,N3,Eligible,Teacher,2026-06-13
DUD100540,CAN000595,Olivia,,Martin,1978-08-06,Male,British,Brazilian,Japan,Bachelor's Degree,English,Native,N2,Eligible,Teacher,2023-11-15
DUD100541,CAN001668,William,,Sanchez,1990-01-01,Male,Brazilian,Filipino,Japan,Associate Degree,Linguistics,C1,N1,Eligible,Teacher,2022-07-08
DUD100542,CAN000593,Daniel,,Thompson,1977-06-14,Female,Mexican,Mexican,Japan,Master's Degree,Other,C1,Basic,Eligible,Teacher,2024-09-01
DUD100543,CAN001517,Emma,,Hall,1998-11-19,Non-binary,British,Australian,Japan,Bachelor's Degree,Education,C1,Basic,Eligible,Teacher,2022-03-10
DUD100544,CAN001637,Matthew,,Davis,1975-06-16,Non-binary,Mexican,American,Japan,Bachelor's Degree,Psychology,C2,N2,Eligible,Teacher,2022-06-11
DUD100545,CAN001275,Hannah,,Ramirez,1998-10-24,Female,Canadian,Filipino,Japan,Master's Degree,English,Native,Basic,Eligible,Teacher,2025-03-23
DUD100546,CAN000270,Andres,,Johnson,2001-05-20,Male,Mexican,British,Japan,Master's Degree,English,Native,Basic,Eligible,Teacher,2024-03-31
DUD100547,CAN000548,Jose,,Lopez,1987-02-26,Female,Brazilian,Mexican,Japan,Master's Degree,Psychology,C1,N2,Eligible,Teacher,2022-04-29
DUD100548,CAN000830,Laura,,Hernandez,1986-05-18,Prefer not to say,Mexican,French,Japan,Diploma,English,Native,Basic,Eligible,Teacher,2021-09-21
DUD100549,CAN000394,Jessica,,Smith,1978-09-12,Non-binary,Japanese,French,Japan,Associate Degree,Other,B2,N2,Eligible,Teacher,2023-07-18
DUD100550,CAN000439,Marco,,Smith,1979-04-19,Non-binary,Spanish,Brazilian,Japan,Bachelor's Degree,Psychology,C1,N3,Eligible,Teacher,2023-11-27
DUD100551,CAN000908,Diego,,Smith,1997-11-12,Female,French,Canadian,Japan,Master's Degree,Education,Native,N3,Eligible,Teacher,2023-01-09
DUD100552,CAN000233,Emma,,Walker,1994-05-02,Female,British,American,Japan,Bachelor's Degree,Linguistics,B2,N1,Eligible,Teacher,2021-11-08
DUD100553,CAN000334,Jessica,,Allen,1997-11-08,Non-binary,Brazilian,Australian,Japan,Bachelor's Degree,Business,B2,N2,Eligible,Teacher,2026-06-24
DUD100554,CAN001665,James,,Allen,2001-06-10,Non-binary,Spanish,Japanese,Japan,Diploma,Psychology,C1,None,Eligible,Teacher,2024-06-29
DUD100555,CAN000116,Sofia,,Hall,1992-07-09,Non-binary,Filipino,Spanish,Japan,Diploma,Education,C1,N1,Eligible,Teacher,2022-02-22
DUD100556,CAN000973,Jessica,,Perez,1998-05-22,Male,Mexican,Canadian,Japan,Diploma,English,C2,N2,Eligible,Teacher,2022-04-09
DUD100557,CAN001724,Daniel,,White,1980-04-12,Male,Australian,French,Japan,Diploma,Other,C2,N1,Eligible,Teacher,2026-05-22
DUD100558,CAN000495,Marco,,Brown,2000-11-15,Non-binary,Spanish,Mexican,Japan,Diploma,English,C2,None,Eligible,Teacher,2021-11-22
DUD100559,CAN001371,Andres,,Taylor,1983-03-12,Non-binary,Brazilian,American,Japan,Bachelor's Degree,Education,Native,Basic,Eligible,Teacher,2022-12-14
DUD100560,CAN001383,Sofia,,Garcia,1984-10-01,Prefer not to say,Mexican,Mexican,Japan,Diploma,Education,B2,Basic,Eligible,Teacher,2022-11-04
DUD100561,CAN001034,Diego,,Gonzalez,1987-06-03,Non-binary,Japanese,British,Japan,Bachelor's Degree,Business,C2,None,Eligible,Teacher,2024-01-30
DUD100562,CAN000344,Andres,,Williams,1991-07-17,Prefer not to say,Canadian,Filipino,Japan,Associate Degree,Psychology,C1,Basic,Eligible,Teacher,2025-12-17
DUD100563,CAN001676,Marco,,Perez,1982-01-16,Prefer not to say,Mexican,Mexican,Japan,Bachelor's Degree,Business,C1,N1,Eligible,Teacher,2024-04-02
DUD100564,CAN000838,Christopher,,Smith,1995-04-26,Prefer not to say,Brazilian,Australian,Japan,Associate Degree,Linguistics,Native,N1,Eligible,Teacher,2025-02-28
DUD100565,CAN000159,Daniel,,Martin,1988-07-22,Non-binary,American,British,Japan,Bachelor's Degree,Education,C2,None,Eligible,Teacher,2025-10-10
DUD100566,CAN000221,Maria,,Jackson,2000-09-25,Male,Australian,Brazilian,Japan,Master's Degree,Business,C1,N1,Eligible,Teacher,2021-11-21
DUD100567,CAN000756,Sofia,,Garcia,1980-01-14,Non-binary,Japanese,Brazilian,Japan,Associate Degree,Other,C2,N3,Eligible,Teacher,2021-05-26
DUD100568,CAN000020,William,,Lee,1992-05-14,Prefer not to say,Canadian,Australian,Japan,Bachelor's Degree,English,Native,N1,Eligible,Teacher,2023-08-19
DUD100569,CAN001351,Miguel,,Brown,1998-09-24,Male,Mexican,French,Japan,Diploma,Other,C1,N1,Eligible,Teacher,2024-05-30
DUD100570,CAN000208,Laura,,Hall,1986-04-03,Female,Canadian,Brazilian,Japan,Diploma,Linguistics,C1,Basic,Eligible,Teacher,2026-08-07
DUD100571,CAN000842,James,,King,1980-06-07,Non-binary,Japanese,Australian,Japan,Diploma,Education,C1,None,Eligible,Teacher,2021-01-25
DUD100572,CAN001710,Emma,,Brown,1977-04-27,Female,British,Brazilian,Japan,Master's Degree,Psychology,B2,None,Eligible,Teacher,2023-01-17
DUD100573,CAN001665,John,,Taylor,2001-03-20,Male,Spanish,Brazilian,Japan,Master's Degree,Psychology,Native,Basic,Eligible,Teacher,2023-08-06
DUD100574,CAN001092,Ana,,Lee,1991-06-12,Non-binary,Canadian,Brazilian,Japan,Associate Degree,Business,B2,N1,Eligible,Teacher,2026-01-03
DUD100575,CAN000518,Olivia,,Allen,1991-05-15,Non-binary,Brazilian,American,Japan,Associate Degree,English,B2,Basic,Eligible,Teacher,2025-12-27
DUD100576,CAN000990,Luis,,Sanchez,1975-09-01,Male,Japanese,Brazilian,Japan,Bachelor's Degree,Education,C1,Basic,Eligible,Teacher,2026-02-18
DUD100577,CAN000631,Jose,,King,1985-07-12,Non-binary,Japanese,Brazilian,Japan,Bachelor's Degree,Education,B2,None,Eligible,Teacher,2025-06-01
DUD100578,CAN001022,Juan,,Torres,1996-08-18,Male,Australian,Mexican,Japan,Diploma,Psychology,C2,None,Eligible,Teacher,2023-04-17
DUD100579,CAN000662,James,,Johnson,1996-02-08,Non-binary,Canadian,American,Japan,Master's Degree,English,B2,Basic,Eligible,Teacher,2021-03-21
DUD100580,CAN000167,William,,Sanchez,1993-06-01,Male,Spanish,British,Japan,Diploma,Psychology,C1,None,Eligible,Teacher,2024-10-31
DUD100581,CAN000369,William,,Taylor,1998-05-15,Male,Filipino,Brazilian,Japan,Associate Degree,Psychology,Native,N1,Eligible,Teacher,2023-05-27
DUD100582,CAN001802,Juan,,King,1996-05-09,Non-binary,French,Canadian,Japan,Master's Degree,Psychology,Native,N1,Eligible,Teacher,2026-05-16
DUD100583,CAN001259,Andres,,Lee,1977-02-08,Male,Brazilian,Filipino,Japan,Bachelor's Degree,English,C2,N3,Eligible,Teacher,2026-03-12
DUD100584,CAN000547,Thomas,,Hall,1980-11-11,Prefer not to say,French,French,Japan,Associate Degree,English,C1,N1,Eligible,Teacher,2021-07-27
DUD100585,CAN000941,Michael,,Miller,1976-07-13,Male,Australian,Mexican,Japan,Master's Degree,Psychology,C1,N2,Eligible,Teacher,2024-07-26
DUD100586,CAN000052,Diego,,Wilson,2001-05-11,Non-binary,Japanese,Filipino,Japan,Master's Degree,English,B2,Basic,Eligible,Teacher,2025-12-12
DUD100587,CAN001977,Juan,,Allen,1993-10-09,Non-binary,Mexican,Spanish,Japan,Associate Degree,Business,B2,N3,Eligible,Teacher,2025-02-18
DUD100588,CAN001695,Hannah,,Ramirez,1992-07-18,Male,American,Brazilian,Japan,Diploma,Business,B2,None,Eligible,Teacher,2023-05-10
DUD100589,CAN000312,Thomas,,Williams,1978-03-02,Male,Canadian,British,Japan,Associate Degree,Business,C1,None,Eligible,Teacher,2025-10-11
DUD100590,CAN001812,Thomas,,Lopez,1980-01-04,Non-binary,British,French,Japan,Associate Degree,Other,B2,N2,Eligible,Teacher,2025-09-21
DUD100591,CAN000695,Daniel,,Perez,1975-10-18,Non-binary,Filipino,Spanish,Japan,Master's Degree,Psychology,C2,None,Eligible,Teacher,2023-04-19
DUD100592,CAN000744,Sarah,,Moore,1991-07-19,Male,French,Australian,Japan,Diploma,Business,C1,Basic,Eligible,Teacher,2023-06-15
DUD100593,CAN001207,Emily,,Sanchez,2001-02-10,Female,British,American,Japan,Associate Degree,Education,C1,None,Eligible,Teacher,2025-11-01
DUD100594,CAN000125,Christopher,,Walker,1995-12-16,Female,Spanish,Mexican,Japan,Master's Degree,Other,C1,Basic,Eligible,Teacher,2024-08-15
DUD100595,CAN000314,Robert,,Hernandez,1995-05-02,Prefer not to say,Australian,Mexican,Japan,Associate Degree,Linguistics,C2,Basic,Eligible,Teacher,2024-02-26
DUD100596,CAN000727,Diego,,Williams,1994-12-09,Female,Canadian,Brazilian,Japan,Bachelor's Degree,Psychology,C1,None,Eligible,Teacher,2023-10-26
DUD100597,CAN001582,Emily,,Gonzalez,1996-12-05,Male,Japanese,Filipino,Japan,Bachelor's Degree,Business,B2,N1,Eligible,Teacher,2022-07-22
DUD100598,CAN001082,John,,Williams,1977-06-21,Male,Spanish,Japanese,Japan,Master's Degree,Psychology,C1,N2,Eligible,Teacher,2024-01-13
DUD100599,CAN000929,Luis,,Jackson,1976-09-17,Male,Australian,French,Japan,Associate Degree,Education,C2,N3,Eligible,Teacher,2025-07-29
DUD100600,CAN001614,David,,White,1975-10-16,Male,Canadian,Filipino,Japan,Diploma,Linguistics,Native,Basic,Eligible,Teacher,2023-07-05
DUD100601,CAN000803,Jose,,Anderson,1995-03-27,Male,American,Australian,Japan,Diploma,Other,Native,None,Eligible,Teacher,2021-11-23
DUD100602,CAN000798,Carlos,,Taylor,1992-04-25,Prefer not to say,French,Brazilian,Japan,Master's Degree,Education,C2,N2,Eligible,Teacher,2023-12-08
DUD100603,CAN001835,Hannah,,Walker,1987-09-20,Non-binary,French,French,Japan,Bachelor's Degree,Psychology,Native,N2,Eligible,Teacher,2023-07-20
DUD100604,CAN000942,Maria,,Moore,2000-04-15,Non-binary,British,British,Japan,Associate Degree,Business,Native,N1,Eligible,Teacher,2025-07-07
DUD100605,CAN000495,Daniel,,Moore,1991-11-12,Prefer not to say,Filipino,Brazilian,Japan,Diploma,Business,Native,N2,Eligible,Teacher,2022-03-08
DUD100606,CAN001356,Robert,,King,2003-10-15,Male,British,Spanish,Japan,Master's Degree,English,B2,N2,Eligible,Teacher,2021-11-20
DUD100607,CAN001789,Michael,,Young,1993-04-05,Male,Filipino,Australian,Japan,Associate Degree,Business,C2,N1,Eligible,Teacher,2024-08-08
DUD100608,CAN000545,Marco,,Johnson,1982-06-28,Female,Mexican,Australian,Japan,Master's Degree,Business,Native,Basic,Eligible,Teacher,2024-08-17
DUD100609,CAN001923,Ana,,Brown,1993-09-05,Male,Filipino,Spanish,Japan,Bachelor's Degree,Other,B2,N2,Eligible,Teacher,2022-06-15
DUD100610,CAN000816,Thomas,,Hall,2003-02-22,Male,Brazilian,Japanese,Japan,Bachelor's Degree,Other,Native,N3,Eligible,Teacher,2022-08-31
DUD100611,CAN000453,Alejandro,,Allen,1984-08-17,Female,Canadian,Mexican,Japan,Diploma,Other,B2,N1,Eligible,Teacher,2024-12-24
DUD100612,CAN000822,Laura,,Martinez,1983-11-26,Non-binary,American,Japanese,Japan,Master's Degree,Linguistics,B2,Basic,Eligible,Teacher,2023-01-22
DUD100613,CAN001714,Diego,,Anderson,1989-12-06,Non-binary,Japanese,American,Japan,Bachelor's Degree,Psychology,C1,Basic,Eligible,Teacher,2022-11-21
DUD100614,CAN000024,Alejandro,,Allen,2003-09-27,Non-binary,Mexican,American,Japan,Master's Degree,English,Native,Basic,Eligible,Teacher,2023-09-12
DUD100615,CAN000020,David,,Hernandez,1979-11-12,Female,Australian,French,Japan,Bachelor's Degree,Other,B2,N3,Eligible,Teacher,2026-01-21
DUD100616,CAN001331,Sofia,,King,1975-03-12,Female,Canadian,French,Japan,Bachelor's Degree,Psychology,C2,None,Eligible,Teacher,2021-11-23
DUD100617,CAN001345,James,,Johnson,1999-08-03,Female,Spanish,Filipino,Japan,Bachelor's Degree,Education,Native,Basic,Eligible,Teacher,2024-08-03
DUD100618,CAN001117,Robert,,Young,1986-11-27,Prefer not to say,French,Australian,Japan,Bachelor's Degree,Business,Native,N1,Eligible,Teacher,2024-08-09
DUD100619,CAN001236,William,,Hernandez,2003-03-12,Female,Spanish,Spanish,Japan,Master's Degree,Business,B2,N1,Eligible,Teacher,2021-02-11
DUD100620,CAN000749,Maria,,Walker,1991-05-04,Female,French,British,Japan,Associate Degree,Linguistics,Native,N1,Eligible,Teacher,2021-03-21
DUD100621,CAN001009,Hannah,,Jackson,1993-01-09,Male,Mexican,Mexican,Japan,Master's Degree,Linguistics,Native,N1,Eligible,Teacher,2024-04-05
DUD100622,CAN000222,John,,Williams,1992-07-06,Male,British,Brazilian,Japan,Master's Degree,Education,C1,N3,Eligible,Teacher,2025-08-12
DUD100623,CAN001798,Marco,,Gonzalez,1989-04-28,Male,American,Brazilian,Japan,Master's Degree,Psychology,C2,Basic,Eligible,Teacher,2026-03-20
DUD100624,CAN001951,Michael,,Martin,1977-02-26,Female,Japanese,British,Japan,Diploma,Psychology,C1,None,Eligible,Teacher,2021-05-07
DUD100625,CAN001869,Andres,,Sanchez,1995-12-09,Non-binary,Australian,Japanese,Japan,Associate Degree,Linguistics,C1,N3,Eligible,Teacher,2024-08-19
DUD100626,CAN000425,Jessica,,Moore,1985-01-13,Prefer not to say,Japanese,Japanese,Japan,Bachelor's Degree,English,C1,None,Eligible,Teacher,2023-05-11
DUD100627,CAN001189,Jessica,,Hall,2000-03-07,Non-binary,Mexican,Australian,Japan,Bachelor's Degree,Psychology,C2,N1,Eligible,Teacher,2022-02-24
DUD100628,CAN000729,Jose,,Martinez,1990-08-01,Non-binary,Canadian,American,Japan,Associate Degree,Psychology,Native,Basic,Eligible,Teacher,2021-06-11
DUD100629,CAN000677,Marco,,Lee,1986-06-13,Non-binary,Filipino,Japanese,Japan,Bachelor's Degree,Linguistics,C2,N1,Eligible,Teacher,2022-05-09
DUD100630,CAN000148,Maria,,Miller,1993-02-26,Female,Japanese,Mexican,Japan,Associate Degree,Education,Native,None,Eligible,Teacher,2025-02-28
DUD100631,CAN001748,William,,Davis,1997-08-13,Prefer not to say,British,Japanese,Japan,Master's Degree,English,C2,None,Eligible,Teacher,2025-04-13
DUD100632,CAN000634,Christopher,,Thompson,1991-03-14,Female,French,Filipino,Japan,Associate Degree,Education,C2,N2,Eligible,Teacher,2021-02-07
DUD100633,CAN001676,Jose,,Williams,1998-07-11,Prefer not to say,Spanish,Australian,Japan,Bachelor's Degree,Psychology,C1,N3,Eligible,Teacher,2021-01-22
DUD100634,CAN000550,James,,Moore,1996-04-19,Male,Brazilian,Canadian,Japan,Bachelor's Degree,English,B2,N2,Eligible,Teacher,2025-01-06
DUD100635,CAN001410,Ana,,Miller,1992-11-11,Female,Japanese,French,Japan,Bachelor's Degree,Other,C1,None,Eligible,Teacher,2023-02-24
DUD100636,CAN001735,Robert,,Thompson,1998-10-07,Prefer not to say,American,Brazilian,Japan,Master's Degree,Other,B2,N2,Eligible,Teacher,2025-06-02
DUD100637,CAN001342,Olivia,,Martin,1975-03-12,Male,British,Mexican,Japan,Bachelor's Degree,Business,Native,N3,Eligible,Teacher,2022-12-20
DUD100638,CAN000927,Ana,,Martin,2000-09-17,Male,French,Brazilian,Japan,Associate Degree,Linguistics,B2,N3,Eligible,Teacher,2021-10-31
DUD100639,CAN000982,Diego,,Garcia,1995-12-24,Non-binary,British,Mexican,Japan,Diploma,Business,C2,N1,Eligible,Teacher,2026-02-16
DUD100640,CAN001285,Jose,,Thompson,1999-08-25,Prefer not to say,French,American,Japan,Master's Degree,Psychology,C2,None,Eligible,Teacher,2025-05-10
DUD100641,CAN000976,Carlos,,Allen,1983-10-06,Female,Brazilian,French,Japan,Diploma,English,C2,N3,Eligible,Teacher,2023-04-15
DUD100642,CAN001919,Hannah,,Martin,1978-09-12,Non-binary,Brazilian,Brazilian,Japan,Bachelor's Degree,Linguistics,B2,N2,Eligible,Teacher,2023-01-21
DUD100643,CAN000337,Olivia,,Walker,1992-11-22,Female,Brazilian,Spanish,Japan,Bachelor's Degree,Psychology,C1,N1,Eligible,Teacher,2023-07-08
DUD100644,CAN000094,Olivia,,Young,1982-06-13,Female,American,American,Japan,Master's Degree,Education,B2,N1,Eligible,Teacher,2025-03-27
DUD100645,CAN000320,Ana,,Jackson,1980-07-02,Female,Spanish,Canadian,Japan,Master's Degree,Other,Native,None,Eligible,Teacher,2025-10-23
DUD100646,CAN000126,Christopher,,Torres,1984-03-13,Non-binary,British,Brazilian,Japan,Bachelor's Degree,Linguistics,B2,None,Eligible,Teacher,2026-03-01
DUD100647,CAN000457,Michael,,Anderson,1995-05-14,Female,Japanese,British,Japan,Diploma,Other,Native,None,Eligible,Teacher,2025-04-08
DUD100648,CAN000832,Thomas,,Torres,1992-02-22,Prefer not to say,Mexican,Filipino,Japan,Bachelor's Degree,Linguistics,B2,N2,Eligible,Teacher,2024-08-05
DUD100649,CAN001981,Daniel,,King,1982-01-16,Prefer not to say,French,Mexican,Japan,Bachelor's Degree,Psychology,C1,Basic,Eligible,Teacher,2024-10-17
DUD100650,CAN000546,William,,Hall,1981-02-08,Female,Filipino,French,Japan,Diploma,Other,C1,None,Eligible,Teacher,2026-06-29
DUD100651,CAN000203,Juan,,Thompson,1987-06-15,Prefer not to say,American,Mexican,Japan,Diploma,Education,B2,N1,Eligible,Teacher,2025-06-14
DUD100652,CAN000664,Maria,,Perez,1984-05-24,Prefer not to say,Mexican,Brazilian,Japan,Diploma,Psychology,C1,N2,Eligible,Teacher,2022-01-07
DUD100653,CAN000750,David,,Perez,1977-08-03,Male,Japanese,Australian,Japan,Associate Degree,Other,C2,N1,Eligible,Teacher,2024-05-02
DUD100654,CAN001349,Michael,,Ramirez,1982-02-28,Prefer not to say,Brazilian,Brazilian,Japan,Associate Degree,Linguistics,B2,None,Eligible,Teacher,2021-08-31
DUD100655,CAN001293,Diego,,Allen,1990-02-13,Male,French,Filipino,Japan,Master's Degree,English,Native,N2,Eligible,Teacher,2021-08-25
DUD100656,CAN000517,Laura,,Walker,1980-10-27,Female,Japanese,Brazilian,Japan,Associate Degree,English,C1,N2,Eligible,Teacher,2021-04-13
DUD100657,CAN000366,Thomas,,Williams,1977-05-02,Prefer not to say,Japanese,Mexican,Japan,Master's Degree,Education,C1,None,Eligible,Teacher,2024-03-27
DUD100658,CAN001103,Carlos,,Lee,1995-10-22,Prefer not to say,American,Mexican,Japan,Associate Degree,Business,B2,None,Eligible,Teacher,2024-05-17
DUD100659,CAN000792,Laura,,Lopez,2002-06-12,Prefer not to say,Brazilian,Japanese,Japan,Associate Degree,Education,B2,N2,Eligible,Teacher,2023-09-29
DUD100660,CAN001392,Michael,,Anderson,1979-05-04,Male,Mexican,American,Japan,Associate Degree,Education,C1,None,Eligible,Teacher,2025-03-29
DUD100661,CAN001752,Alejandro,,Taylor,1987-06-09,Female,Japanese,Australian,Japan,Master's Degree,Psychology,C2,Basic,Eligible,Teacher,2026-05-04
DUD100662,CAN000404,Ana,,Martin,1986-06-11,Prefer not to say,French,Japanese,Japan,Diploma,Business,C2,Basic,Eligible,Teacher,2023-10-23
DUD100663,CAN001581,Juan,,Hernandez,1994-10-07,Male,British,Japanese,Japan,Bachelor's Degree,Education,Native,None,Eligible,Teacher,2025-10-02
DUD100664,CAN001163,Emily,,Sanchez,1980-01-14,Male,Filipino,Mexican,Japan,Diploma,Linguistics,Native,Basic,Eligible,Teacher,2023-01-31
DUD100665,CAN000575,Olivia,,Rodriguez,1975-02-08,Female,French,French,Japan,Bachelor's Degree,Business,C2,Basic,Eligible,Teacher,2026-03-30
DUD100666,CAN000125,Carlos,,Garcia,1991-03-24,Female,Filipino,British,Japan,Diploma,Other,C1,N1,Eligible,Teacher,2023-12-25
DUD100667,CAN001242,Marco,,Wilson,1985-08-14,Non-binary,Canadian,American,Japan,Master's Degree,Business,B2,Basic,Eligible,Teacher,2025-06-10
DUD100668,CAN000234,Robert,,Johnson,1989-01-24,Male,Filipino,Spanish,Japan,Diploma,Linguistics,Native,N3,Eligible,Teacher,2026-07-18
DUD100669,CAN000403,Jessica,,Hall,1992-03-27,Male,Canadian,Brazilian,Japan,Bachelor's Degree,Other,Native,None,Eligible,Teacher,2021-05-23
DUD100670,CAN001374,Andres,,Allen,1990-12-02,Prefer not to say,Brazilian,American,Japan,Master's Degree,Linguistics,B2,Basic,Eligible,Teacher,2022-05-30
DUD100671,CAN001847,Daniel,,Martin,1978-11-25,Prefer not to say,Spanish,Spanish,Japan,Master's Degree,Other,Native,Basic,Eligible,Teacher,2023-12-04
DUD100672,CAN001202,Hannah,,Hall,1976-06-05,Prefer not to say,Brazilian,Japanese,Japan,Diploma,Psychology,Native,N2,Eligible,Teacher,2026-03-01
DUD100673,CAN000054,Christopher,,Taylor,1989-08-17,Male,Spanish,French,Japan,Diploma,Other,B2,N2,Eligible,Teacher,2024-08-17
DUD100674,CAN001664,Maria,,Wilson,1996-02-23,Non-binary,Mexican,Brazilian,Japan,Diploma,Other,C1,None,Eligible,Teacher,2022-08-28
DUD100675,CAN001510,Daniel,,Smith,1979-12-08,Non-binary,Australian,Filipino,Japan,Master's Degree,Business,C1,Basic,Eligible,Teacher,2023-08-28
DUD100676,CAN000053,Maria,,Hernandez,1979-10-09,Male,Japanese,Canadian,Japan,Bachelor's Degree,Other,B2,N3,Eligible,Teacher,2025-12-07
DUD100677,CAN001628,Marco,,Lopez,1987-05-18,Prefer not to say,Filipino,Canadian,Japan,Associate Degree,Other,C2,Basic,Eligible,Teacher,2025-03-24
DUD100678,CAN000922,Carlos,,Rodriguez,1998-02-04,Non-binary,Australian,Mexican,Japan,Diploma,English,Native,N1,Eligible,Teacher,2021-06-13
DUD100679,CAN001925,James,,Gonzalez,1985-10-04,Prefer not to say,American,Canadian,Japan,Diploma,English,C1,N3,Eligible,Teacher,2025-02-26
DUD100680,CAN001498,Sofia,,Moore,1993-10-09,Non-binary,Mexican,Brazilian,Japan,Diploma,Linguistics,C2,N1,Eligible,Teacher,2023-07-04
DUD100681,CAN001937,Ana,,Hernandez,1992-12-03,Prefer not to say,Brazilian,Canadian,Japan,Diploma,Education,C2,N3,Eligible,Teacher,2026-02-11
DUD100682,CAN001204,Thomas,,Young,1983-07-16,Male,British,Australian,Japan,Bachelor's Degree,English,Native,Basic,Eligible,Teacher,2025-10-02
DUD100683,CAN000656,Laura,,Hall,1982-09-11,Female,Canadian,Filipino,Japan,Master's Degree,Psychology,C2,N2,Eligible,Teacher,2026-04-28
DUD100684,CAN000142,Matthew,,Davis,2001-06-26,Non-binary,American,American,Japan,Associate Degree,Other,Native,N1,Eligible,Teacher,2023-09-17
DUD100685,CAN001742,Alejandro,,White,1990-05-02,Prefer not to say,American,American,Japan,Bachelor's Degree,English,B2,N2,Eligible,Teacher,2023-02-07
DUD100686,CAN000670,Sarah,,Thompson,1999-03-27,Male,Australian,Filipino,Japan,Master's Degree,English,C1,N1,Eligible,Teacher,2022-12-21
DUD100687,CAN001044,Robert,,Taylor,2002-04-26,Female,British,French,Japan,Bachelor's Degree,English,Native,Basic,Eligible,Teacher,2025-07-03
DUD100688,CAN001569,John,,White,1982-01-21,Non-binary,American,Japanese,Japan,Associate Degree,English,Native,Basic,Eligible,Teacher,2022-04-14
DUD100689,CAN000484,Olivia,,Jackson,1983-12-12,Non-binary,Canadian,British,Japan,Bachelor's Degree,Linguistics,Native,N1,Eligible,Teacher,2021-02-26
DUD100690,CAN000171,Jose,,Johnson,1994-06-25,Male,British,Mexican,Japan,Master's Degree,Other,Native,N2,Eligible,Teacher,2024-10-24
DUD100691,CAN000482,Robert,,White,1982-08-25,Male,French,American,Japan,Bachelor's Degree,Linguistics,Native,N2,Eligible,Teacher,2025-01-14
DUD100692,CAN001648,Marco,,Hernandez,1976-03-09,Female,British,Spanish,Japan,Master's Degree,Psychology,B2,Basic,Eligible,Teacher,2024-03-29
DUD100693,CAN000343,Luis,,Taylor,2000-05-25,Prefer not to say,Filipino,Spanish,Japan,Bachelor's Degree,Linguistics,C1,N3,Eligible,Teacher,2024-10-11
DUD100694,CAN000058,Olivia,,Perez,1997-01-11,Non-binary,Spanish,Filipino,Japan,Master's Degree,English,B2,Basic,Eligible,Teacher,2025-02-04
DUD100695,CAN000329,Marco,,Martinez,1981-11-21,Non-binary,Spanish,Canadian,Japan,Bachelor's Degree,Other,C2,N2,Eligible,Teacher,2021-11-05
DUD100696,CAN000836,Christopher,,Hall,1977-05-09,Male,American,British,Japan,Associate Degree,Psychology,B2,N1,Eligible,Teacher,2026-01-15
DUD100697,CAN001319,Michael,,Smith,1999-12-15,Female,Brazilian,Canadian,Japan,Master's Degree,Linguistics,Native,Basic,Eligible,Teacher,2026-01-30
DUD100698,CAN001334,Jose,,Thompson,1997-10-18,Non-binary,Mexican,British,Japan,Master's Degree,Psychology,C1,N1,Eligible,Teacher,2023-06-13
DUD100699,CAN000124,Juan,,Lee,1982-07-15,Male,Filipino,French,Japan,Diploma,Education,C2,N1,Eligible,Teacher,2023-10-26
DUD100700,CAN001144,Maria,,Rodriguez,1992-11-09,Female,Australian,Spanish,Japan,Associate Degree,Other,C1,N1,Eligible,Teacher,2022-11-20
DUD100701,CAN001611,Luis,,Johnson,2003-06-15,Female,Mexican,French,Japan,Associate Degree,Psychology,B2,N1,Eligible,Teacher,2025-11-19
DUD100702,CAN001158,Hannah,,Rodriguez,1996-12-18,Prefer not to say,Canadian,Mexican,Japan,Diploma,English,B2,N1,Eligible,Teacher,2025-05-17
DUD100703,CAN001208,Daniel,,Martinez,2001-06-28,Non-binary,Mexican,French,Japan,Associate Degree,Education,C2,N2,Eligible,Teacher,2021-10-18
DUD100704,CAN000124,Emma,,Taylor,1983-12-21,Prefer not to say,French,Brazilian,Japan,Master's Degree,Other,B2,N2,Eligible,Teacher,2022-05-19
DUD100705,CAN001429,Carlos,,Anderson,1984-06-20,Male,Brazilian,Canadian,Japan,Associate Degree,Business,Native,None,Eligible,Teacher,2021-06-02
DUD100706,CAN001974,Andres,,Smith,1976-02-03,Female,British,French,Japan,Master's Degree,Business,C2,Basic,Eligible,Teacher,2022-11-20
DUD100707,CAN000363,Jose,,Martin,1983-09-25,Female,Australian,Canadian,Japan,Associate Degree,Business,C1,N1,Eligible,Teacher,2026-07-12
DUD100708,CAN000709,Alejandro,,Young,1995-07-03,Prefer not to say,Filipino,American,Japan,Associate Degree,Business,B2,Basic,Eligible,Teacher,2021-01-26
DUD100709,CAN000986,Ana,,Hall,1993-12-08,Female,Australian,Brazilian,Japan,Diploma,English,Native,N3,Eligible,Teacher,2023-12-03
DUD100710,CAN000830,Maria,,White,1991-08-01,Female,French,British,Japan,Master's Degree,Psychology,C1,N2,Eligible,Teacher,2022-11-24
DUD100711,CAN001259,Hannah,,Taylor,1993-10-13,Prefer not to say,Mexican,Canadian,Japan,Associate Degree,Psychology,C1,Basic,Eligible,Teacher,2025-05-17
DUD100712,CAN000660,Jessica,,Taylor,1981-02-04,Prefer not to say,Australian,American,Japan,Associate Degree,Other,C2,N2,Eligible,Teacher,2022-03-07
DUD100713,CAN000629,Alejandro,,Lee,1989-02-21,Non-binary,American,Spanish,Japan,Diploma,Education,Native,N1,Eligible,Teacher,2021-07-29
DUD100714,CAN001085,Ana,,Sanchez,1983-01-04,Male,American,French,Japan,Master's Degree,Other,C1,N2,Eligible,Teacher,2021-11-30
DUD100715,CAN001723,Christopher,,Allen,1999-04-25,Non-binary,Japanese,American,Japan,Bachelor's Degree,Business,C2,N2,Eligible,Teacher,2021-12-28
DUD100716,CAN001603,Matthew,,Lopez,1978-11-16,Male,Filipino,Spanish,Japan,Master's Degree,Education,C1,Basic,Eligible,Teacher,2021-03-09
DUD100717,CAN001282,Maria,,Martinez,1994-01-06,Prefer not to say,Brazilian,Filipino,Japan,Bachelor's Degree,Other,Native,N3,Eligible,Teacher,2022-04-12
DUD100718,CAN000158,Daniel,,Moore,1978-06-12,Non-binary,British,Spanish,Japan,Master's Degree,Linguistics,C1,None,Eligible,Teacher,2025-04-28
DUD100719,CAN000185,Maria,,Sanchez,1976-04-06,Male,British,Brazilian,Japan,Bachelor's Degree,Linguistics,C1,Basic,Eligible,Teacher,2022-08-18
DUD100720,CAN001030,Miguel,,Torres,1998-01-02,Prefer not to say,Mexican,Australian,Japan,Diploma,Other,B2,N1,Eligible,Teacher,2023-02-25
DUD100721,CAN001206,Jessica,,Hernandez,1998-07-19,Female,Filipino,Spanish,Japan,Diploma,Psychology,C1,None,Eligible,Teacher,2023-02-26
DUD100722,CAN000995,Jose,,Garcia,1997-01-18,Female,Mexican,Brazilian,Japan,Bachelor's Degree,English,C1,N1,Eligible,Teacher,2023-06-15
DUD100723,CAN001494,Alejandro,,Brown,1978-12-16,Female,Australian,Australian,Japan,Master's Degree,Linguistics,C1,N2,Eligible,Teacher,2023-09-24
DUD100724,CAN000542,Miguel,,Gonzalez,1976-10-24,Non-binary,Spanish,Australian,Japan,Bachelor's Degree,English,Native,N3,Eligible,Teacher,2025-08-12
DUD100725,CAN001219,Maria,,Perez,1986-03-01,Male,British,Brazilian,Japan,Associate Degree,English,B2,None,Eligible,Teacher,2025-10-14
DUD100726,CAN001962,Sarah,,Gonzalez,1978-03-07,Female,Japanese,Spanish,Japan,Bachelor's Degree,Psychology,B2,Basic,Eligible,Teacher,2022-04-03
DUD100727,CAN000264,Carlos,,Rodriguez,1989-05-05,Male,Brazilian,French,Japan,Master's Degree,Education,B2,Basic,Eligible,Teacher,2022-03-17
DUD100728,CAN001615,Marco,,Miller,1997-10-21,Non-binary,French,French,Japan,Diploma,Linguistics,C2,N1,Eligible,Teacher,2021-01-01
DUD100729,CAN000766,Miguel,,Williams,1976-03-18,Prefer not to say,Japanese,Spanish,Japan,Bachelor's Degree,English,Native,N3,Eligible,Teacher,2021-09-23
DUD100730,CAN000491,Hannah,,Torres,1980-08-18,Male,Filipino,French,Japan,Associate Degree,Other,B2,Basic,Eligible,Teacher,2023-07-10
DUD100731,CAN000667,Matthew,,Gonzalez,2001-06-27,Female,Australian,Japanese,Japan,Associate Degree,Education,C1,N2,Eligible,Teacher,2022-03-15
DUD100732,CAN001856,Jessica,,Garcia,1987-03-09,Male,French,French,Japan,Associate Degree,Business,C2,Basic,Eligible,Teacher,2024-05-11
DUD100733,CAN000606,Olivia,,Gonzalez,2002-10-07,Non-binary,French,Spanish,Japan,Master's Degree,Linguistics,C1,None,Eligible,Teacher,2024-05-07
DUD100734,CAN000899,Sofia,,Brown,1983-07-25,Non-binary,Brazilian,Filipino,Japan,Master's Degree,Education,B2,None,Eligible,Teacher,2023-02-08
DUD100735,CAN001798,Michael,,Allen,1986-04-11,Prefer not to say,British,Japanese,Japan,Diploma,Linguistics,C1,Basic,Eligible,Teacher,2026-07-27
DUD100736,CAN000026,Laura,,Walker,1986-11-17,Prefer not to say,American,Filipino,Japan,Diploma,Psychology,B2,N1,Eligible,Teacher,2023-01-09
DUD100737,CAN000394,Ana,,Ramirez,1995-07-17,Non-binary,Filipino,Brazilian,Japan,Associate Degree,Psychology,Native,None,Eligible,Teacher,2021-08-26
DUD100738,CAN000508,Ana,,Lee,1997-08-03,Male,American,Australian,Japan,Associate Degree,Business,Native,N1,Eligible,Teacher,2022-01-25
DUD100739,CAN001165,Emily,,Hernandez,1993-05-11,Female,French,British,Japan,Diploma,Linguistics,B2,None,Eligible,Teacher,2021-09-12
DUD100740,CAN000616,James,,Ramirez,1983-01-13,Female,Filipino,British,Japan,Associate Degree,Business,C2,None,Eligible,Teacher,2023-10-04
DUD100741,CAN000817,Olivia,,Anderson,1975-06-10,Female,Australian,Spanish,Japan,Diploma,Linguistics,C1,None,Eligible,Teacher,2025-10-23
DUD100742,CAN001924,Marco,,Gonzalez,1978-09-06,Female,Filipino,Filipino,Japan,Bachelor's Degree,Psychology,Native,N3,Eligible,Teacher,2021-08-14
DUD100743,CAN001661,Andres,,Hall,1979-04-12,Female,Filipino,British,Japan,Diploma,Linguistics,C2,N1,Eligible,Teacher,2022-05-09
DUD100744,CAN001208,Daniel,,Thompson,1995-11-17,Female,Australian,French,Japan,Bachelor's Degree,Other,C1,N2,Eligible,Teacher,2024-11-15
DUD100745,CAN000171,Christopher,,Ramirez,2003-10-19,Female,Mexican,Filipino,Japan,Bachelor's Degree,Other,C2,None,Eligible,Teacher,2026-05-24
DUD100746,CAN001356,Matthew,,Perez,1988-03-25,Non-binary,Mexican,Filipino,Japan,Associate Degree,Psychology,C2,N3,Eligible,Teacher,2024-07-29
DUD100747,CAN000291,Miguel,,Young,1983-11-11,Prefer not to say,Japanese,Filipino,Japan,Master's Degree,Business,C1,N3,Eligible,Teacher,2024-09-16
DUD100748,CAN001543,Jessica,,Smith,1986-02-15,Prefer not to say,British,British,Japan,Diploma,Other,C1,N1,Eligible,Teacher,2021-07-22
DUD100749,CAN001693,Christopher,,Walker,2001-08-05,Non-binary,Australian,Spanish,Japan,Bachelor's Degree,Education,B2,N2,Eligible,Teacher,2023-02-10
DUD100750,CAN001439,Emily,,Thompson,1977-11-22,Prefer not to say,Japanese,Canadian,Japan,Bachelor's Degree,Business,B2,None,Eligible,Teacher,2023-10-10
DUD100751,CAN000028,Michael,,Miller,1999-09-06,Non-binary,Canadian,Brazilian,Japan,Diploma,Education,C2,None,Eligible,Teacher,2025-01-18
DUD100752,CAN001336,James,,Garcia,1981-10-08,Prefer not to say,Japanese,Mexican,Japan,Associate Degree,English,C1,None,Eligible,Teacher,2025-05-22
DUD100753,CAN001996,Hannah,,White,1988-11-13,Prefer not to say,French,French,Japan,Diploma,Psychology,C1,Basic,Eligible,Teacher,2022-11-25
DUD100754,CAN001701,Matthew,,Rodriguez,1997-04-14,Female,Australian,American,Japan,Bachelor's Degree,Business,Native,N3,Eligible,Teacher,2025-02-12
DUD100755,CAN001234,Christopher,,Martinez,1982-04-18,Prefer not to say,Japanese,American,Japan,Bachelor's Degree,Linguistics,C1,None,Eligible,Teacher,2025-06-06
DUD100756,CAN000961,Jessica,,Wilson,1978-02-09,Prefer not to say,Australian,Spanish,Japan,Master's Degree,Linguistics,B2,N2,Eligible,Teacher,2024-12-22
DUD100757,CAN001507,Christopher,,Jackson,1986-06-01,Non-binary,Australian,British,Japan,Diploma,Business,C2,N2,Eligible,Teacher,2024-07-25
DUD100758,CAN001936,John,,Hall,1977-01-01,Prefer not to say,British,Brazilian,Japan,Associate Degree,Linguistics,C2,N2,Eligible,Teacher,2022-10-02
DUD100759,CAN001846,Robert,,White,1999-07-14,Male,Brazilian,Filipino,Japan,Bachelor's Degree,Other,B2,N3,Eligible,Teacher,2021-04-12
DUD100760,CAN001461,Christopher,,Williams,1975-08-26,Female,Canadian,Canadian,Japan,Associate Degree,Business,Native,N2,Eligible,Teacher,2025-11-23
DUD100761,CAN001994,Maria,,Lopez,2001-01-14,Prefer not to say,American,Japanese,Japan,Associate Degree,Business,B2,N3,Eligible,Teacher,2025-11-29
DUD100762,CAN000232,Hannah,,Garcia,1991-09-20,Prefer not to say,Brazilian,French,Japan,Master's Degree,Business,Native,N3,Eligible,Teacher,2025-07-10
DUD100763,CAN000132,Emily,,Ramirez,1992-06-23,Male,Mexican,British,Japan,Associate Degree,English,Native,N2,Eligible,Teacher,2025-01-23
DUD100764,CAN000435,Emma,,Gonzalez,1992-05-07,Female,Filipino,Filipino,Japan,Associate Degree,Other,C2,N3,Eligible,Teacher,2021-01-29
DUD100765,CAN000583,Juan,,Hall,1996-05-10,Prefer not to say,Mexican,Australian,Japan,Bachelor's Degree,Linguistics,C2,N1,Eligible,Teacher,2023-02-16
DUD100766,CAN001204,James,,Jackson,1982-11-28,Female,Japanese,Filipino,Japan,Bachelor's Degree,Other,B2,N3,Eligible,Teacher,2024-01-10
DUD100767,CAN001327,Matthew,,Perez,2002-11-12,Non-binary,American,French,Japan,Master's Degree,Other,Native,None,Eligible,Teacher,2023-05-12
DUD100768,CAN001142,Ana,,Davis,1990-01-12,Male,Spanish,Filipino,Japan,Bachelor's Degree,Linguistics,B2,N3,Eligible,Teacher,2026-07-05
DUD100769,CAN001914,Diego,,Sanchez,1990-04-25,Non-binary,Mexican,Canadian,Japan,Bachelor's Degree,English,C2,N1,Eligible,Teacher,2024-03-01
DUD100770,CAN000960,Carlos,,Perez,1987-02-02,Female,Brazilian,American,Japan,Diploma,English,C1,None,Eligible,Teacher,2023-06-05
DUD100771,CAN000518,Matthew,,Hall,1984-06-26,Prefer not to say,Canadian,British,Japan,Associate Degree,Psychology,Native,Basic,Eligible,Teacher,2024-11-17
DUD100772,CAN000174,Emma,,Allen,1992-01-18,Non-binary,French,Mexican,Japan,Associate Degree,Other,C2,N1,Eligible,Teacher,2023-04-26
DUD100773,CAN001183,David,,Moore,1993-09-27,Non-binary,Spanish,French,Japan,Master's Degree,Business,C2,Basic,Eligible,Teacher,2025-03-29
DUD100774,CAN000917,Miguel,,Davis,1978-11-06,Female,Spanish,Australian,Japan,Master's Degree,Psychology,C2,N3,Eligible,Teacher,2022-08-01
DUD100775,CAN001098,Andres,,Martin,1993-05-04,Non-binary,Filipino,Filipino,Japan,Bachelor's Degree,English,B2,None,Eligible,Teacher,2024-06-11
DUD100776,CAN000491,Diego,,Wilson,1999-06-13,Female,Australian,Spanish,Japan,Master's Degree,Linguistics,C2,None,Eligible,Teacher,2024-03-24
DUD100777,CAN000640,Jessica,,Thompson,1984-09-27,Female,Mexican,Japanese,Japan,Bachelor's Degree,Linguistics,C2,N1,Eligible,Teacher,2021-05-23
DUD100778,CAN001104,Sarah,,Johnson,1999-01-04,Male,Brazilian,Japanese,Japan,Associate Degree,Psychology,Native,N1,Eligible,Teacher,2023-06-23
DUD100779,CAN001631,David,,Miller,1987-09-21,Female,Spanish,British,Japan,Associate Degree,Other,C2,Basic,Eligible,Teacher,2024-03-15
DUD100780,CAN001258,Marco,,Wilson,1987-03-14,Female,American,Spanish,Japan,Bachelor's Degree,Linguistics,B2,N3,Eligible,Teacher,2025-03-23
DUD100781,CAN001831,William,,Rodriguez,1979-03-25,Male,Mexican,Brazilian,Japan,Master's Degree,Psychology,C2,Basic,Eligible,Teacher,2023-05-30
DUD100782,CAN001811,Andres,,Jackson,1991-06-03,Male,Mexican,French,Japan,Diploma,English,C1,N2,Eligible,Teacher,2026-04-06
DUD100783,CAN000470,Ana,,Moore,1990-11-13,Female,Australian,American,Japan,Bachelor's Degree,Linguistics,C1,None,Eligible,Teacher,2026-02-01
DUD100784,CAN000306,Emma,,Rodriguez,1996-02-22,Male,American,Australian,Japan,Diploma,Other,Native,Basic,Eligible,Teacher,2021-09-20
DUD100785,CAN000121,Ana,,Martinez,1992-10-09,Prefer not to say,American,Australian,Japan,Bachelor's Degree,Linguistics,C1,N3,Eligible,Teacher,2022-11-21
DUD100786,CAN001013,Andres,,Rodriguez,1981-05-20,Male,Australian,British,Japan,Diploma,Education,C2,N1,Eligible,Teacher,2023-11-06
DUD100787,CAN001608,David,,Rodriguez,1985-10-23,Non-binary,American,Filipino,Japan,Bachelor's Degree,Psychology,Native,None,Eligible,Teacher,2024-01-15
DUD100788,CAN001150,Matthew,,Wilson,2002-01-17,Prefer not to say,Australian,British,Japan,Diploma,Other,Native,None,Eligible,Teacher,2024-03-07
DUD100789,CAN000650,Luis,,Thompson,1990-07-04,Non-binary,French,Australian,Japan,Master's Degree,Business,C1,N2,Eligible,Teacher,2021-11-15
DUD100790,CAN000883,Diego,,Hall,1980-03-28,Non-binary,Japanese,Australian,Japan,Master's Degree,Education,C2,None,Eligible,Teacher,2023-08-29
DUD100791,CAN001849,Robert,,Martin,1984-10-14,Prefer not to say,Spanish,American,Japan,Diploma,Psychology,Native,N1,Eligible,Teacher,2021-10-05
DUD100792,CAN000874,David,,Rodriguez,1976-01-13,Male,French,American,Japan,Master's Degree,Linguistics,B2,N3,Eligible,Teacher,2021-05-28
DUD100793,CAN000830,Emma,,Miller,1991-08-17,Prefer not to say,Spanish,Japanese,Japan,Bachelor's Degree,Psychology,B2,N1,Eligible,Teacher,2022-05-25
DUD100794,CAN000404,Hannah,,Miller,1999-03-03,Non-binary,Canadian,Australian,Japan,Bachelor's Degree,English,B2,N2,Eligible,Teacher,2024-05-02
DUD100795,CAN000897,Emma,,Brown,2003-06-14,Prefer not to say,French,Australian,Japan,Associate Degree,English,C2,N2,Eligible,Teacher,2024-06-02
DUD100796,CAN000331,Emma,,Taylor,1975-12-23,Prefer not to say,Brazilian,Japanese,Japan,Bachelor's Degree,Education,C1,None,Eligible,Teacher,2026-01-19
DUD100797,CAN000021,Thomas,,Williams,1978-03-19,Non-binary,Brazilian,Canadian,Japan,Bachelor's Degree,Business,B2,N2,Eligible,Teacher,2024-09-28
DUD100798,CAN000601,Thomas,,Lee,1989-11-23,Non-binary,Brazilian,Spanish,Japan,Master's Degree,Linguistics,B2,N2,Eligible,Teacher,2025-09-04
DUD100799,CAN000571,Jessica,,Walker,1995-04-11,Female,Australian,French,Japan,Associate Degree,English,Native,None,Eligible,Teacher,2021-10-22
DUD100800,CAN000774,Luis,,Torres,1996-05-06,Non-binary,Brazilian,Mexican,Japan,Master's Degree,English,C2,None,Eligible,Teacher,2022-01-29
DUD100801,CAN000218,Carlos,,Brown,1991-09-08,Non-binary,British,Mexican,Japan,Bachelor's Degree,English,Native,N2,Eligible,Teacher,2024-09-13
DUD100802,CAN000242,David,,Allen,1990-04-15,Female,French,Japanese,Japan,Bachelor's Degree,Education,C1,Basic,Eligible,Teacher,2024-05-25
DUD100803,CAN000676,Ana,,Rodriguez,1982-03-09,Male,Canadian,Canadian,Japan,Associate Degree,Other,B2,None,Eligible,Teacher,2025-04-08
DUD100804,CAN000253,David,,Miller,1986-05-24,Female,Canadian,Canadian,Japan,Master's Degree,Education,C2,Basic,Eligible,Teacher,2022-03-18
DUD100805,CAN001636,Miguel,,Hall,1984-05-26,Male,Spanish,Spanish,Japan,Diploma,Linguistics,B2,N2,Eligible,Teacher,2023-09-30
DUD100806,CAN000488,Hannah,,Taylor,1977-12-01,Female,Filipino,Canadian,Japan,Master's Degree,Education,B2,N3,Eligible,Teacher,2023-08-15
DUD100807,CAN001783,David,,Lopez,1975-12-17,Prefer not to say,Japanese,American,Japan,Master's Degree,Education,Native,N3,Eligible,Teacher,2025-12-20
DUD100808,CAN000074,Ana,,Taylor,2000-09-21,Female,American,Canadian,Japan,Bachelor's Degree,Business,C1,N3,Eligible,Teacher,2021-08-19
DUD100809,CAN001668,Olivia,,Perez,1976-05-22,Male,Filipino,Australian,Japan,Associate Degree,Other,C1,N3,Eligible,Teacher,2021-09-27
DUD100810,CAN001656,Olivia,,Martinez,1980-09-11,Non-binary,Canadian,Filipino,Japan,Master's Degree,Linguistics,Native,N1,Eligible,Teacher,2024-03-13
DUD100811,CAN000032,John,,Johnson,2002-07-17,Non-binary,French,Canadian,Japan,Diploma,English,B2,None,Eligible,Teacher,2022-04-04
DUD100812,CAN000356,Emily,,Ramirez,1984-03-05,Male,Mexican,Spanish,Japan,Master's Degree,Psychology,Native,None,Eligible,Teacher,2022-06-21
DUD100813,CAN001211,Juan,,Jackson,1985-08-22,Female,Canadian,Filipino,Japan,Associate Degree,Other,C2,None,Eligible,Teacher,2023-01-28
DUD100814,CAN000527,Sarah,,Garcia,1981-09-22,Non-binary,Spanish,Spanish,Japan,Associate Degree,Other,C2,N1,Eligible,Teacher,2025-10-22
DUD100815,CAN001207,Maria,,Sanchez,1986-09-19,Male,Spanish,Mexican,Japan,Diploma,Linguistics,B2,N3,Eligible,Teacher,2021-10-17
DUD100816,CAN000692,Daniel,,Sanchez,1976-08-01,Male,Brazilian,Japanese,Japan,Associate Degree,Education,B2,N1,Eligible,Teacher,2021-08-16
DUD100817,CAN001803,Daniel,,Smith,1979-09-14,Non-binary,Japanese,Mexican,Japan,Associate Degree,Linguistics,C1,N3,Eligible,Teacher,2024-09-05
DUD100818,CAN001648,John,,Martin,2001-03-27,Prefer not to say,Brazilian,French,Japan,Diploma,Education,Native,N2,Eligible,Teacher,2024-01-14
DUD100819,CAN001622,William,,Jackson,1993-07-01,Female,French,Canadian,Japan,Diploma,English,C2,N2,Eligible,Teacher,2024-01-24
DUD100820,CAN001799,Diego,,Wilson,1982-04-23,Female,French,American,Japan,Bachelor's Degree,Linguistics,C2,N3,Eligible,Teacher,2023-11-07
DUD100821,CAN000834,Carlos,,Perez,1991-04-21,Non-binary,Canadian,Brazilian,Japan,Diploma,Business,C1,N1,Eligible,Teacher,2021-12-01
DUD100822,CAN001174,Hannah,,Sanchez,1994-01-26,Female,British,Japanese,Japan,Master's Degree,Psychology,C2,N2,Eligible,Teacher,2024-02-15
DUD100823,CAN001035,James,,Thompson,1993-08-20,Male,Canadian,Filipino,Japan,Bachelor's Degree,Linguistics,C2,Basic,Eligible,Teacher,2021-11-23
DUD100824,CAN000838,Andres,,Moore,1999-07-02,Prefer not to say,Australian,Brazilian,Japan,Diploma,Linguistics,B2,N2,Eligible,Teacher,2021-12-03
DUD100825,CAN001113,Jose,,Brown,2000-04-25,Male,Brazilian,British,Japan,Associate Degree,Education,C1,N1,Eligible,Teacher,2023-06-09
DUD100826,CAN000313,William,,Lopez,1984-01-04,Male,French,Canadian,Japan,Bachelor's Degree,Other,C2,N1,Eligible,Teacher,2021-05-23
DUD100827,CAN000047,Sofia,,Davis,1988-12-22,Female,French,Filipino,Japan,Master's Degree,Psychology,C1,Basic,Eligible,Teacher,2022-09-08
DUD100828,CAN000122,Juan,,Hall,1998-12-06,Non-binary,Brazilian,Mexican,Japan,Bachelor's Degree,Linguistics,C1,N2,Eligible,Teacher,2022-08-13
DUD100829,CAN000270,John,,Rodriguez,1980-03-24,Non-binary,Filipino,Spanish,Japan,Associate Degree,Linguistics,C1,N1,Eligible,Teacher,2024-01-01
DUD100830,CAN001628,Olivia,,Johnson,1994-06-04,Female,Australian,Australian,Japan,Associate Degree,Business,Native,None,Eligible,Teacher,2021-12-07
DUD100831,CAN001649,Matthew,,Lee,1987-03-23,Female,American,French,Japan,Bachelor's Degree,English,C2,Basic,Eligible,Teacher,2022-07-18
DUD100832,CAN001113,Sarah,,Williams,2002-05-26,Non-binary,Filipino,Japanese,Japan,Diploma,Linguistics,B2,N1,Eligible,Teacher,2022-01-23
DUD100833,CAN000032,Emily,,Wilson,1997-04-05,Male,Spanish,French,Japan,Associate Degree,Business,B2,Basic,Eligible,Teacher,2023-07-17
DUD100834,CAN001635,Emma,,Davis,1998-01-13,Male,French,French,Japan,Bachelor's Degree,Psychology,Native,N2,Eligible,Teacher,2023-09-26
DUD100835,CAN000516,Sofia,,Thompson,2001-07-28,Prefer not to say,Spanish,Spanish,Japan,Master's Degree,Business,C1,None,Eligible,Teacher,2022-05-28
DUD100836,CAN001629,Jessica,,White,2002-10-23,Prefer not to say,Japanese,American,Japan,Associate Degree,Linguistics,Native,None,Eligible,Teacher,2025-02-21
DUD100837,CAN000018,Robert,,Wilson,2002-09-23,Female,Mexican,Mexican,Japan,Diploma,English,B2,N3,Eligible,Teacher,2025-12-08
DUD100838,CAN001310,Daniel,,Torres,1990-09-19,Prefer not to say,American,Spanish,Japan,Bachelor's Degree,Business,Native,None,Eligible,Teacher,2024-07-31
DUD100839,CAN000461,Matthew,,Anderson,1994-09-25,Prefer not to say,Canadian,French,Japan,Associate Degree,Psychology,C1,None,Eligible,Teacher,2024-09-09
DUD100840,CAN000262,Michael,,Wilson,1996-05-07,Female,Filipino,Canadian,Japan,Diploma,Business,C2,None,Eligible,Teacher,2021-10-23
DUD100841,CAN001501,Carlos,,Davis,1980-11-11,Non-binary,Mexican,American,Japan,Diploma,Education,C1,N2,Eligible,Teacher,2025-12-04
DUD100842,CAN001178,Michael,,Thompson,1995-07-12,Prefer not to say,Mexican,Mexican,Japan,Diploma,Other,B2,N3,Eligible,Teacher,2025-11-12
DUD100843,CAN000407,Ana,,Jackson,1990-08-28,Male,Filipino,Mexican,Japan,Master's Degree,English,Native,N1,Eligible,Teacher,2025-10-16
DUD100844,CAN000196,Hannah,,Walker,1995-11-10,Prefer not to say,Brazilian,French,Japan,Bachelor's Degree,Education,B2,N2,Eligible,Teacher,2022-12-21
DUD100845,CAN000762,William,,Martin,1991-07-10,Female,Filipino,British,Japan,Associate Degree,Education,C1,N3,Eligible,Teacher,2023-08-11
DUD100846,CAN001658,Robert,,Moore,1979-04-09,Non-binary,American,Australian,Japan,Diploma,Psychology,C1,N1,Eligible,Teacher,2022-07-22
DUD100847,CAN000727,Juan,,Jackson,1987-09-12,Female,Australian,American,Japan,Associate Degree,Business,B2,Basic,Eligible,Teacher,2024-09-12
DUD100848,CAN001037,Robert,,Torres,2003-05-27,Prefer not to say,Filipino,Australian,Japan,Master's Degree,Business,Native,N3,Eligible,Teacher,2022-01-21
DUD100849,CAN001009,Emily,,Wilson,2002-10-15,Male,Spanish,Canadian,Japan,Master's Degree,English,Native,N3,Eligible,Teacher,2023-02-28
DUD100850,CAN001582,David,,Allen,1991-12-12,Prefer not to say,French,Brazilian,Japan,Bachelor's Degree,Business,Native,N3,Eligible,Teacher,2025-01-01
DUD100851,CAN000886,Daniel,,Walker,1992-01-16,Female,Spanish,French,Japan,Diploma,Business,C1,N2,Eligible,Teacher,2021-03-12
DUD100852,CAN001679,Juan,,Ramirez,2000-12-20,Female,Filipino,Canadian,Japan,Associate Degree,Linguistics,B2,N3,Eligible,Teacher,2025-02-14
DUD100853,CAN001394,Christopher,,Hernandez,1983-12-15,Male,Filipino,Canadian,Japan,Bachelor's Degree,Education,Native,N3,Eligible,Teacher,2024-06-25
DUD100854,CAN000128,Ana,,Smith,1982-11-16,Male,Japanese,Brazilian,Japan,Bachelor's Degree,Linguistics,B2,N1,Eligible,Teacher,2023-12-10
DUD100855,CAN001035,Luis,,Perez,1997-02-15,Prefer not to say,Spanish,Brazilian,Japan,Associate Degree,Linguistics,C2,N1,Eligible,Teacher,2023-06-11
DUD100856,CAN000776,Jessica,,Anderson,1996-01-06,Female,Spanish,American,Japan,Master's Degree,Psychology,B2,N3,Eligible,Teacher,2026-07-18
DUD100857,CAN001911,Laura,,Hall,2001-05-09,Prefer not to say,Spanish,British,Japan,Diploma,Business,C2,N3,Eligible,Teacher,2021-09-07
DUD100858,CAN000592,Jessica,,Brown,1997-11-15,Non-binary,Spanish,Brazilian,Japan,Master's Degree,Other,B2,Basic,Eligible,Teacher,2024-06-01
DUD100859,CAN000956,Andres,,Torres,1991-02-28,Female,Australian,Australian,Japan,Diploma,Education,B2,Basic,Eligible,Teacher,2021-03-21
DUD100860,CAN001181,Miguel,,Lee,1997-02-15,Prefer not to say,Canadian,British,Japan,Bachelor's Degree,English,C2,None,Eligible,Teacher,2021-12-16
DUD100861,CAN000332,Diego,,Lee,1998-01-12,Non-binary,British,Japanese,Japan,Diploma,Psychology,B2,None,Eligible,Teacher,2023-04-01
DUD100862,CAN001884,Emily,,Anderson,1984-11-23,Male,Japanese,Filipino,Japan,Bachelor's Degree,Education,Native,None,Eligible,Teacher,2022-03-03
DUD100863,CAN001509,Emily,,Lee,1988-02-21,Prefer not to say,British,Mexican,Japan,Bachelor's Degree,Psychology,B2,N3,Eligible,Teacher,2022-11-15
DUD100864,CAN001605,Sofia,,Smith,2003-07-12,Male,Japanese,British,Japan,Diploma,Business,C1,N2,Eligible,Teacher,2026-06-09
DUD100865,CAN000090,Sarah,,Torres,1986-09-12,Female,Mexican,Japanese,Japan,Diploma,Linguistics,Native,Basic,Eligible,Teacher,2023-02-02
DUD100866,CAN001126,Alejandro,,Rodriguez,1981-04-28,Male,Canadian,French,Japan,Master's Degree,Other,C1,Basic,Eligible,Teacher,2022-09-23
DUD100867,CAN000512,Sofia,,Martin,1999-07-15,Male,Brazilian,Australian,Japan,Associate Degree,Education,B2,Basic,Eligible,Teacher,2021-07-23
DUD100868,CAN001126,Thomas,,Perez,2000-07-06,Non-binary,British,Mexican,Japan,Bachelor's Degree,English,B2,None,Eligible,Teacher,2026-06-15
DUD100869,CAN000928,Michael,,Sanchez,1999-06-01,Male,Australian,Brazilian,Japan,Associate Degree,English,C2,Basic,Eligible,Teacher,2025-11-11
DUD100870,CAN000304,Hannah,,Gonzalez,1981-03-05,Male,Japanese,Filipino,Japan,Bachelor's Degree,Psychology,C1,N2,Eligible,Teacher,2024-11-28
DUD100871,CAN001667,Jessica,,Lee,1984-03-16,Non-binary,Canadian,Brazilian,Japan,Diploma,English,C2,N1,Eligible,Teacher,2025-06-15
DUD100872,CAN001772,Matthew,,Lopez,1989-05-23,Non-binary,Spanish,Brazilian,Japan,Master's Degree,Other,C2,N1,Eligible,Teacher,2024-11-10
DUD100873,CAN000606,Emma,,Allen,2000-04-05,Male,Filipino,American,Japan,Master's Degree,Psychology,C2,N1,Eligible,Teacher,2024-07-15
DUD100874,CAN001382,Laura,,Hall,1996-04-19,Female,British,Mexican,Japan,Master's Degree,Psychology,Native,N2,Eligible,Teacher,2022-09-15
DUD100875,CAN000778,Sarah,,Sanchez,1996-09-07,Non-binary,Brazilian,American,Japan,Bachelor's Degree,Linguistics,C2,N3,Eligible,Teacher,2026-06-17
DUD100876,CAN001278,Carlos,,White,2003-10-05,Non-binary,Japanese,Filipino,Japan,Master's Degree,Business,C2,N2,Eligible,Teacher,2021-03-06
DUD100877,CAN000687,Maria,,Davis,2000-06-14,Male,Japanese,Filipino,Japan,Diploma,Linguistics,B2,N1,Eligible,Teacher,2025-10-15
DUD100878,CAN000143,Robert,,Martin,1978-04-12,Female,Filipino,French,Japan,Diploma,Psychology,C2,N1,Eligible,Teacher,2023-08-31
DUD100879,CAN001272,Matthew,,Rodriguez,1996-01-19,Non-binary,British,British,Japan,Bachelor's Degree,Other,Native,None,Eligible,Teacher,2022-09-29
DUD100880,CAN001176,James,,White,1988-12-19,Non-binary,Japanese,Canadian,Japan,Bachelor's Degree,English,C2,N2,Eligible,Teacher,2022-06-19
DUD100881,CAN001896,Juan,,Hall,1983-04-26,Non-binary,British,Australian,Japan,Bachelor's Degree,Psychology,C2,N3,Eligible,Teacher,2025-04-19
DUD100882,CAN001558,Sofia,,Taylor,1987-07-28,Female,Brazilian,American,Japan,Associate Degree,Business,Native,N3,Eligible,Teacher,2021-05-13
DUD100883,CAN000782,Olivia,,Miller,1990-08-25,Male,French,Spanish,Japan,Diploma,Education,B2,Basic,Eligible,Teacher,2022-07-18
DUD100884,CAN001398,Robert,,Allen,2002-04-24,Prefer not to say,Canadian,Filipino,Japan,Master's Degree,English,C1,N2,Eligible,Teacher,2021-05-11
DUD100885,CAN001533,Matthew,,Miller,1975-02-21,Male,British,Filipino,Japan,Associate Degree,Linguistics,C2,N1,Eligible,Teacher,2025-04-15
DUD100886,CAN001331,Jessica,,Anderson,1983-01-19,Female,Filipino,Spanish,Japan,Diploma,Linguistics,B2,N2,Eligible,Teacher,2023-05-30
DUD100887,CAN000435,Juan,,Rodriguez,1980-07-15,Prefer not to say,Filipino,Australian,Japan,Associate Degree,English,Native,N1,Eligible,Teacher,2026-07-29
DUD100888,CAN001362,Robert,,Torres,1975-07-02,Prefer not to say,French,Brazilian,Japan,Diploma,Business,C2,N3,Eligible,Teacher,2021-03-20
DUD100889,CAN000316,James,,Anderson,1998-11-19,Prefer not to say,Australian,Brazilian,Japan,Master's Degree,Psychology,B2,N3,Eligible,Teacher,2026-02-01
DUD100890,CAN001271,Diego,,Davis,1995-04-01,Male,Filipino,Filipino,Japan,Master's Degree,Psychology,Native,None,Eligible,Teacher,2022-11-13
DUD100891,CAN000468,Alejandro,,Brown,1980-10-18,Male,Australian,Mexican,Japan,Bachelor's Degree,Other,C1,N3,Eligible,Teacher,2023-09-28
DUD100892,CAN001340,Jessica,,Davis,1994-12-19,Female,Canadian,Mexican,Japan,Associate Degree,Psychology,C2,N1,Eligible,Teacher,2024-04-12
DUD100893,CAN001698,Hannah,,Martinez,2001-04-24,Prefer not to say,Brazilian,Mexican,Japan,Bachelor's Degree,English,Native,None,Eligible,Teacher,2025-01-18
DUD100894,CAN001884,Ana,,Martinez,2003-01-02,Female,Spanish,Canadian,Japan,Master's Degree,Psychology,B2,N1,Eligible,Teacher,2023-04-29
DUD100895,CAN000507,Diego,,Gonzalez,1981-12-24,Female,Filipino,Australian,Japan,Master's Degree,Psychology,B2,Basic,Eligible,Teacher,2021-08-12
DUD100896,CAN000720,Juan,,Jackson,1986-09-23,Male,Australian,Canadian,Japan,Bachelor's Degree,Business,C1,None,Eligible,Teacher,2021-06-09
DUD100897,CAN001480,Thomas,,Rodriguez,1997-12-20,Prefer not to say,Australian,Filipino,Japan,Associate Degree,Psychology,Native,N3,Eligible,Teacher,2022-04-25
DUD100898,CAN000030,Hannah,,Rodriguez,1989-01-13,Prefer not to say,Filipino,Mexican,Japan,Master's Degree,Psychology,C2,N2,Eligible,Teacher,2021-05-01
DUD100899,CAN001183,Ana,,Young,1975-09-19,Non-binary,Brazilian,Spanish,Japan,Master's Degree,Linguistics,Native,None,Eligible,Teacher,2026-07-04
DUD100900,CAN001381,Michael,,Martin,2001-07-23,Prefer not to say,Spanish,American,Japan,Associate Degree,Psychology,C2,None,Eligible,Teacher,2021-02-11
DUD100901,CAN001637,Marco,,Brown,2000-01-19,Prefer not to say,French,Japanese,Japan,Diploma,Business,C1,None,Eligible,Teacher,2023-07-08
DUD100902,CAN000676,Diego,,Miller,1979-08-15,Male,Spanish,British,Japan,Bachelor's Degree,Psychology,C2,None,Eligible,Teacher,2026-02-22
DUD100903,CAN001736,Jose,,Hernandez,1998-12-26,Male,Brazilian,French,Japan,Diploma,Linguistics,B2,None,Eligible,Teacher,2021-01-04
DUD100904,CAN001116,David,,Anderson,1981-11-17,Non-binary,Japanese,Japanese,Japan,Diploma,Education,C2,None,Eligible,Teacher,2025-05-16
DUD100905,CAN000269,Luis,,White,1999-09-27,Non-binary,Spanish,French,Japan,Master's Degree,Business,Native,Basic,Eligible,Teacher,2024-05-19
DUD100906,CAN001801,Maria,,Torres,1984-07-26,Female,American,French,Japan,Bachelor's Degree,Business,C1,N3,Eligible,Teacher,2024-05-23
DUD100907,CAN000290,Emma,,Smith,1995-03-12,Male,American,Canadian,Japan,Bachelor's Degree,English,C1,N2,Eligible,Teacher,2024-11-22
DUD100908,CAN001436,Laura,,Jackson,1996-11-22,Non-binary,French,British,Japan,Master's Degree,Linguistics,B2,N3,Eligible,Teacher,2022-11-25
DUD100909,CAN000536,James,,Hall,2000-10-05,Female,Australian,Spanish,Japan,Diploma,Linguistics,C2,N2,Eligible,Teacher,2022-07-30
DUD100910,CAN000789,Emily,,Torres,2000-09-22,Non-binary,Spanish,American,Japan,Diploma,Other,B2,Basic,Eligible,Teacher,2023-01-11
DUD100911,CAN000937,Matthew,,Martinez,1989-04-21,Non-binary,Mexican,Filipino,Japan,Diploma,Psychology,C2,N2,Eligible,Teacher,2021-10-06
DUD100912,CAN000670,Olivia,,Anderson,2003-04-08,Male,Filipino,Australian,Japan,Master's Degree,Other,B2,Basic,Eligible,Teacher,2023-01-10
DUD100913,CAN002000,Alejandro,,White,1993-12-02,Non-binary,British,French,Japan,Associate Degree,Other,C2,N1,Eligible,Teacher,2026-03-09
DUD100914,CAN000937,Carlos,,Anderson,1981-03-15,Female,Filipino,Canadian,Japan,Associate Degree,Other,Native,Basic,Eligible,Teacher,2026-08-08
DUD100915,CAN001702,Carlos,,Torres,1998-03-19,Prefer not to say,Brazilian,Japanese,Japan,Bachelor's Degree,Business,Native,N3,Eligible,Teacher,2025-01-08
DUD100916,CAN001600,Alejandro,,Williams,1996-03-21,Male,American,Australian,Japan,Diploma,Education,C1,None,Eligible,Teacher,2025-01-09
DUD100917,CAN000766,Sarah,,White,1992-10-19,Non-binary,Brazilian,Canadian,Japan,Diploma,Business,C1,N3,Eligible,Teacher,2024-08-04
DUD100918,CAN000140,Andres,,Allen,1975-11-12,Prefer not to say,Canadian,French,Japan,Diploma,Business,C2,None,Eligible,Teacher,2024-07-26
DUD100919,CAN001384,James,,Torres,1998-12-02,Non-binary,Brazilian,Canadian,Japan,Bachelor's Degree,Linguistics,Native,None,Eligible,Teacher,2024-03-28
DUD100920,CAN001023,Emma,,Young,1988-03-08,Prefer not to say,French,Canadian,Japan,Bachelor's Degree,Education,C1,N3,Eligible,Teacher,2022-02-02
DUD100921,CAN001683,Maria,,White,1990-04-13,Prefer not to say,Spanish,Australian,Japan,Diploma,Business,Native,None,Eligible,Teacher,2021-07-16
DUD100922,CAN000882,Olivia,,Sanchez,1995-02-16,Female,Filipino,American,Japan,Diploma,Psychology,C2,Basic,Eligible,Teacher,2023-08-11
DUD100923,CAN000280,David,,Hall,1976-01-21,Male,British,American,Japan,Master's Degree,English,B2,N1,Eligible,Teacher,2024-01-18
DUD100924,CAN001601,Luis,,Jackson,2002-10-11,Non-binary,Filipino,Australian,Japan,Bachelor's Degree,Education,C1,N3,Eligible,Teacher,2021-02-05
DUD100925,CAN000335,Andres,,Wilson,2002-05-28,Prefer not to say,Filipino,Australian,Japan,Bachelor's Degree,Business,Native,None,Eligible,Teacher,2021-02-10
DUD100926,CAN001709,Maria,,Perez,1981-04-11,Non-binary,Australian,British,Japan,Master's Degree,Linguistics,C2,Basic,Eligible,Teacher,2021-12-23
DUD100927,CAN000389,Thomas,,Thompson,1975-10-14,Non-binary,Mexican,British,Japan,Associate Degree,English,C1,N1,Eligible,Teacher,2021-08-16
DUD100928,CAN000606,Ana,,Rodriguez,1975-03-28,Prefer not to say,British,Japanese,Japan,Bachelor's Degree,English,Native,Basic,Eligible,Teacher,2022-05-11
DUD100929,CAN000229,Emily,,Williams,2002-04-21,Non-binary,Spanish,Canadian,Japan,Bachelor's Degree,Education,B2,N2,Eligible,Teacher,2022-02-25
DUD100930,CAN001885,James,,Garcia,1983-08-09,Prefer not to say,Mexican,Canadian,Japan,Master's Degree,Psychology,B2,N1,Eligible,Teacher,2025-12-27
DUD100931,CAN000234,Daniel,,Allen,1980-01-08,Female,Mexican,Japanese,Japan,Master's Degree,Linguistics,Native,Basic,Eligible,Teacher,2026-04-20
DUD100932,CAN000886,David,,Thompson,1980-04-27,Male,French,Spanish,Japan,Master's Degree,Business,C1,N1,Eligible,Teacher,2025-09-16
DUD100933,CAN001165,Michael,,Wilson,1986-07-13,Prefer not to say,Spanish,French,Japan,Master's Degree,Business,Native,N3,Eligible,Teacher,2024-08-03
DUD100934,CAN001798,Laura,,Walker,1981-06-21,Female,Mexican,Brazilian,Japan,Master's Degree,Psychology,Native,N2,Eligible,Teacher,2021-10-03
DUD100935,CAN001000,David,,Gonzalez,1990-04-10,Non-binary,American,Japanese,Japan,Master's Degree,Psychology,B2,Basic,Eligible,Teacher,2025-03-05
DUD100936,CAN000161,William,,Johnson,1994-01-11,Non-binary,Brazilian,Mexican,Japan,Master's Degree,Psychology,C2,N3,Eligible,Teacher,2021-07-26
DUD100937,CAN001815,Juan,,Hernandez,1994-07-10,Prefer not to say,Mexican,Filipino,Japan,Master's Degree,Business,Native,Basic,Eligible,Teacher,2026-03-17
DUD100938,CAN000295,Olivia,,Moore,1978-05-01,Prefer not to say,Australian,Canadian,Japan,Master's Degree,Psychology,C2,N2,Eligible,Teacher,2022-03-05
DUD100939,CAN000459,Matthew,,Rodriguez,1984-12-17,Non-binary,Brazilian,American,Japan,Associate Degree,English,C1,N2,Eligible,Teacher,2022-07-16
DUD100940,CAN000650,Carlos,,Hernandez,2001-05-01,Male,American,Australian,Japan,Associate Degree,Education,C2,N3,Eligible,Teacher,2025-08-01
DUD100941,CAN001018,Michael,,White,1995-05-04,Female,French,French,Japan,Bachelor's Degree,Linguistics,C1,None,Eligible,Teacher,2021-03-22
DUD100942,CAN000246,James,,Smith,1991-05-13,Non-binary,Canadian,Australian,Japan,Bachelor's Degree,Other,C1,Basic,Eligible,Teacher,2022-04-07
DUD100943,CAN000595,Daniel,,Lee,1975-11-23,Prefer not to say,Mexican,French,Japan,Bachelor's Degree,Business,B2,N3,Eligible,Teacher,2022-02-05
DUD100944,CAN001365,David,,Lee,1987-08-10,Female,French,American,Japan,Diploma,Education,Native,None,Eligible,Teacher,2024-10-12
DUD100945,CAN000400,Ana,,Johnson,1980-04-23,Female,American,Australian,Japan,Associate Degree,Education,B2,N2,Eligible,Teacher,2022-01-25
DUD100946,CAN000275,Carlos,,Anderson,2003-11-17,Prefer not to say,Spanish,Spanish,Japan,Diploma,Education,C2,N3,Eligible,Teacher,2024-03-07
DUD100947,CAN000983,Michael,,Anderson,1989-12-18,Male,American,Spanish,Japan,Bachelor's Degree,Business,Native,N3,Eligible,Teacher,2026-03-23
DUD100948,CAN000785,Laura,,Lopez,1978-09-08,Male,British,Mexican,Japan,Associate Degree,Other,Native,N3,Eligible,Teacher,2023-08-02
DUD100949,CAN000418,Hannah,,Hall,1993-11-10,Male,American,American,Japan,Master's Degree,Linguistics,Native,Basic,Eligible,Teacher,2022-08-06
DUD100950,CAN001089,Sarah,,Walker,1980-10-24,Prefer not to say,French,British,Japan,Diploma,Linguistics,C2,None,Eligible,Teacher,2021-06-12
DUD100951,CAN001655,David,,Lee,1980-03-27,Female,French,Filipino,Japan,Diploma,English,B2,N2,Eligible,Teacher,2022-03-21
DUD100952,CAN000098,Jose,,Young,1982-09-01,Non-binary,Australian,Canadian,Japan,Bachelor's Degree,Psychology,B2,N2,Eligible,Teacher,2023-09-03
DUD100953,CAN001090,Andres,,Hernandez,1983-03-03,Male,French,British,Japan,Bachelor's Degree,Other,C1,N1,Eligible,Teacher,2025-07-17
DUD100954,CAN000589,Jessica,,Thompson,2000-05-28,Prefer not to say,Filipino,Spanish,Japan,Associate Degree,Other,B2,N3,Eligible,Teacher,2023-12-01
DUD100955,CAN001313,Hannah,,Taylor,1986-09-16,Male,Australian,Spanish,Japan,Associate Degree,Business,B2,N2,Eligible,Teacher,2025-12-21
DUD100956,CAN001661,William,,Jackson,1994-09-19,Female,Spanish,American,Japan,Master's Degree,Other,B2,N2,Eligible,Teacher,2022-07-25
DUD100957,CAN001893,Robert,,Smith,1998-03-25,Male,British,Japanese,Japan,Diploma,Business,C1,N1,Eligible,Teacher,2021-03-03
DUD100958,CAN001923,Maria,,Lopez,1980-03-20,Prefer not to say,Brazilian,Filipino,Japan,Diploma,Linguistics,Native,N1,Eligible,Teacher,2022-08-14
DUD100959,CAN001558,Carlos,,Martin,1999-03-17,Non-binary,Mexican,Mexican,Japan,Bachelor's Degree,Business,C1,N1,Eligible,Teacher,2021-12-14
DUD100960,CAN001107,Laura,,Smith,2003-07-24,Female,Brazilian,Australian,Japan,Bachelor's Degree,Education,C2,None,Eligible,Teacher,2021-09-14
DUD100961,CAN000085,Miguel,,Hernandez,1988-08-19,Female,American,British,Japan,Master's Degree,Other,C2,N2,Eligible,Teacher,2025-06-25
DUD100962,CAN000256,Juan,,Jackson,1998-10-15,Prefer not to say,Spanish,American,Japan,Master's Degree,Business,Native,None,Eligible,Teacher,2026-07-30
DUD100963,CAN000162,Miguel,,Williams,2003-03-21,Non-binary,British,Filipino,Japan,Bachelor's Degree,Linguistics,Native,N1,Eligible,Teacher,2023-11-24
DUD100964,CAN000425,James,,Johnson,2001-01-15,Non-binary,British,Spanish,Japan,Bachelor's Degree,Education,C2,None,Eligible,Teacher,2023-11-18
DUD100965,CAN000284,Olivia,,Walker,1975-05-26,Prefer not to say,Mexican,Filipino,Japan,Bachelor's Degree,English,Native,N3,Eligible,Teacher,2026-06-08
DUD100966,CAN000416,Emily,,Johnson,1992-06-21,Non-binary,Spanish,Mexican,Japan,Bachelor's Degree,Other,C1,None,Eligible,Teacher,2023-01-10
DUD100967,CAN001454,Maria,,Walker,1978-02-19,Male,British,Spanish,Japan,Bachelor's Degree,Business,C2,None,Eligible,Teacher,2021-08-01
DUD100968,CAN001841,David,,Williams,2003-03-11,Male,Australian,British,Japan,Associate Degree,Other,C2,N3,Eligible,Teacher,2026-07-25
DUD100969,CAN001841,Emma,,Lopez,1975-01-04,Male,Canadian,American,Japan,Associate Degree,Education,B2,N1,Eligible,Teacher,2023-08-29
DUD100970,CAN001792,Alejandro,,Garcia,1987-04-11,Non-binary,British,Spanish,Japan,Bachelor's Degree,Business,C1,None,Eligible,Teacher,2025-03-12
DUD100971,CAN001019,Olivia,,Hall,1990-12-01,Male,Australian,Japanese,Japan,Bachelor's Degree,Psychology,C2,N3,Eligible,Teacher,2026-06-01
DUD100972,CAN001797,Juan,,Lopez,2003-01-16,Female,Brazilian,American,Japan,Diploma,Business,B2,None,Eligible,Teacher,2025-11-03
DUD100973,CAN000998,Laura,,Wilson,2001-01-09,Female,Australian,French,Japan,Master's Degree,Business,C1,N2,Eligible,Teacher,2024-06-27
DUD100974,CAN000622,Emma,,Young,2001-07-05,Male,Filipino,Brazilian,Japan,Bachelor's Degree,English,Native,None,Eligible,Teacher,2025-03-19
DUD100975,CAN000392,Sofia,,Williams,1988-04-12,Female,Mexican,Filipino,Japan,Diploma,Other,C1,None,Eligible,Teacher,2024-11-25
DUD100976,CAN001400,Sofia,,Wilson,1988-05-21,Non-binary,American,British,Japan,Diploma,Other,C1,N3,Eligible,Teacher,2021-07-05
DUD100977,CAN001278,Sofia,,White,1983-01-18,Female,French,American,Japan,Associate Degree,Linguistics,Native,N2,Eligible,Teacher,2025-11-15
DUD100978,CAN000546,Andres,,Brown,1977-01-14,Non-binary,American,Brazilian,Japan,Associate Degree,Psychology,C2,N1,Eligible,Teacher,2023-03-08
DUD100979,CAN000772,Miguel,,Smith,1982-12-14,Non-binary,Australian,Filipino,Japan,Bachelor's Degree,Business,C2,Basic,Eligible,Teacher,2026-07-09
DUD100980,CAN000923,Christopher,,Lee,2002-08-15,Prefer not to say,British,Filipino,Japan,Master's Degree,Education,B2,N1,Eligible,Teacher,2026-03-24
DUD100981,CAN001148,Emily,,Garcia,1995-11-27,Female,Japanese,Brazilian,Japan,Associate Degree,Other,C2,N2,Eligible,Teacher,2023-05-16
DUD100982,CAN001532,William,,Brown,1985-05-14,Female,Australian,French,Japan,Master's Degree,Psychology,B2,N2,Eligible,Teacher,2025-10-11
DUD100983,CAN000064,James,,Lee,1994-03-06,Prefer not to say,American,Mexican,Japan,Bachelor's Degree,Education,B2,N3,Eligible,Teacher,2025-04-14
DUD100984,CAN001350,David,,Young,1975-11-03,Male,American,Japanese,Japan,Diploma,Other,C2,Basic,Eligible,Teacher,2024-12-04
DUD100985,CAN000128,Jose,,Perez,2003-10-13,Prefer not to say,Spanish,Japanese,Japan,Bachelor's Degree,Business,C2,Basic,Eligible,Teacher,2023-05-11
DUD100986,CAN000488,Andres,,Brown,1984-06-05,Male,French,Filipino,Japan,Diploma,Linguistics,C2,N3,Eligible,Teacher,2025-07-04
DUD100987,CAN000643,Matthew,,Lopez,1999-12-07,Non-binary,Brazilian,Brazilian,Japan,Master's Degree,Business,B2,N3,Eligible,Teacher,2024-08-11
DUD100988,CAN001779,Maria,,Jackson,1992-02-12,Non-binary,Japanese,Filipino,Japan,Diploma,Linguistics,B2,Basic,Eligible,Teacher,2022-09-09
DUD100989,CAN000266,Sofia,,Martin,1997-01-13,Non-binary,Mexican,Mexican,Japan,Master's Degree,English,C1,N1,Eligible,Teacher,2021-07-03
DUD100990,CAN001941,James,,White,1982-05-19,Female,Australian,Japanese,Japan,Diploma,Linguistics,Native,N3,Eligible,Teacher,2025-02-12
DUD100991,CAN000915,Robert,,Torres,1980-02-14,Male,Australian,Mexican,Japan,Master's Degree,Linguistics,B2,N1,Eligible,Teacher,2026-04-13
DUD100992,CAN001053,Christopher,,Smith,1982-07-18,Male,Spanish,Brazilian,Japan,Master's Degree,Psychology,C1,N3,Eligible,Teacher,2021-11-11
DUD100993,CAN001818,Sofia,,Perez,1997-11-01,Non-binary,Australian,Spanish,Japan,Master's Degree,Psychology,Native,N3,Eligible,Teacher,2024-09-03
DUD100994,CAN000282,Jessica,,Johnson,2000-11-11,Non-binary,Canadian,Spanish,Japan,Associate Degree,Business,C1,N2,Eligible,Teacher,2025-11-25
DUD100995,CAN001019,Michael,,Thompson,1992-05-02,Non-binary,Filipino,Filipino,Japan,Diploma,Education,B2,N2,Eligible,Teacher,2022-03-13
DUD100996,CAN000086,Marco,,Garcia,1996-06-14,Prefer not to say,Canadian,Mexican,Japan,Diploma,English,B2,N1,Eligible,Teacher,2023-03-02
DUD100997,CAN000891,Hannah,,Jackson,1990-10-15,Female,Filipino,Canadian,Japan,Diploma,Psychology,C2,Basic,Eligible,Teacher,2021-07-16
DUD100998,CAN000137,John,,Jackson,1995-05-11,Prefer not to say,British,Canadian,Japan,Bachelor's Degree,English,B2,N2,Eligible,Teacher,2021-03-30
DUD100999,CAN000299,Jessica,,Allen,1999-09-03,Prefer not to say,Mexican,Mexican,Japan,Associate Degree,Other,C1,None,Eligible,Teacher,2025-03-22
DUD101000,CAN000069,Laura,,Davis,2003-07-06,Non-binary,British,Mexican,Japan,Associate Degree,Psychology,Native,N3,Eligible,Teacher,2021-07-31
DUD101001,CAN001025,Christopher,,King,1989-04-07,Male,Japanese,Brazilian,Japan,Master's Degree,Psychology,C2,Basic,Eligible,Teacher,2022-03-08
DUD101002,CAN001827,Diego,,Gonzalez,1992-03-25,Male,Mexican,British,Japan,Diploma,Business,B2,N1,Eligible,Teacher,2023-12-26
DUD101003,CAN001492,Daniel,,Perez,1989-07-05,Prefer not to say,Filipino,French,Japan,Bachelor's Degree,Psychology,B2,N2,Eligible,Teacher,2026-05-27
DUD101004,CAN001804,Ana,,Anderson,2000-05-16,Non-binary,Japanese,Canadian,Japan,Associate Degree,Psychology,C2,N2,Eligible,Teacher,2026-01-14
DUD101005,CAN001447,Michael,,Brown,1990-04-05,Prefer not to say,American,British,Japan,Diploma,Psychology,Native,None,Eligible,Teacher,2025-02-11
DUD101006,CAN001702,Robert,,White,1984-07-26,Female,Australian,Japanese,Japan,Master's Degree,English,C2,None,Eligible,Teacher,2024-09-26
DUD101007,CAN001409,Sarah,,Moore,1987-02-26,Non-binary,Australian,Japanese,Japan,Bachelor's Degree,Business,C1,N1,Eligible,Teacher,2026-03-09
DUD101008,CAN000198,Hannah,,Smith,1990-04-14,Female,Mexican,British,Japan,Diploma,Business,Native,Basic,Eligible,Teacher,2023-10-13
DUD101009,CAN000510,John,,Sanchez,1980-09-06,Non-binary,Brazilian,British,Japan,Diploma,Other,C1,N1,Eligible,Teacher,2024-04-28
DUD101010,CAN000283,Laura,,Johnson,1996-01-21,Male,British,Spanish,Japan,Master's Degree,Linguistics,C1,N3,Eligible,Teacher,2025-07-11
DUD101011,CAN001262,Luis,,Thompson,1984-02-17,Male,American,Brazilian,Japan,Master's Degree,Education,C1,Basic,Eligible,Teacher,2022-06-26
DUD101012,CAN000312,Sarah,,Martinez,2002-07-24,Prefer not to say,Mexican,Mexican,Japan,Associate Degree,Education,Native,None,Eligible,Teacher,2026-01-04
DUD101013,CAN001520,Emily,,Lopez,1987-03-16,Non-binary,American,Brazilian,Japan,Master's Degree,English,B2,N3,Eligible,Teacher,2024-03-28
DUD101014,CAN000241,Andres,,Young,1981-08-14,Non-binary,French,Australian,Japan,Diploma,Psychology,Native,N1,Eligible,Teacher,2021-08-15
DUD101015,CAN000193,Emma,,Lopez,1993-01-12,Female,Japanese,French,Japan,Diploma,Other,B2,N1,Eligible,Teacher,2024-05-21
DUD101016,CAN000096,Jessica,,Hernandez,1996-02-22,Female,Japanese,French,Japan,Diploma,Psychology,C2,N2,Eligible,Teacher,2022-12-14
DUD101017,CAN001348,Daniel,,Walker,1984-12-08,Female,Canadian,Japanese,Japan,Bachelor's Degree,Linguistics,B2,N3,Eligible,Teacher,2024-02-15
DUD101018,CAN001735,Matthew,,Torres,1981-03-25,Male,British,Canadian,Japan,Diploma,Education,B2,N2,Eligible,Teacher,2022-02-27
DUD101019,CAN001576,Miguel,,Martin,1994-02-19,Non-binary,American,Australian,Japan,Diploma,Psychology,B2,N3,Eligible,Teacher,2025-05-27
DUD101020,CAN001901,David,,Brown,1998-08-07,Non-binary,Spanish,Mexican,Japan,Bachelor's Degree,Education,C1,N2,Eligible,Teacher,2025-02-27
DUD101021,CAN001010,William,,Williams,1978-07-01,Male,Mexican,Japanese,Japan,Bachelor's Degree,Education,Native,None,Eligible,Teacher,2021-08-07
DUD101022,CAN000325,William,,White,1986-02-02,Male,Filipino,American,Japan,Diploma,English,C2,N2,Eligible,Teacher,2026-05-18
DUD101023,CAN001183,Ana,,Sanchez,1986-07-22,Non-binary,Filipino,American,Japan,Associate Degree,Business,C1,N3,Eligible,Teacher,2025-03-06
DUD101024,CAN000710,Michael,,Lopez,2003-03-25,Male,Spanish,American,Japan,Diploma,Linguistics,Native,N3,Eligible,Teacher,2024-12-17
DUD101025,CAN000896,David,,White,1983-02-11,Male,Japanese,French,Japan,Bachelor's Degree,Psychology,B2,None,Eligible,Teacher,2026-03-13
DUD101026,CAN000782,Michael,,Wilson,2000-12-07,Male,Filipino,Canadian,Japan,Master's Degree,Education,B2,N1,Eligible,Teacher,2023-05-05
DUD101027,CAN001148,Thomas,,Hall,1988-11-08,Male,Filipino,Australian,Japan,Bachelor's Degree,Other,C2,N2,Eligible,Teacher,2023-07-22
DUD101028,CAN001716,Miguel,,Ramirez,1978-04-19,Prefer not to say,American,British,Japan,Master's Degree,Other,C1,N3,Eligible,Teacher,2024-12-02
DUD101029,CAN001174,Emily,,Lee,1994-07-28,Female,American,British,Japan,Master's Degree,Psychology,C2,N3,Eligible,Teacher,2023-03-14
DUD101030,CAN000952,Marco,,Allen,1990-03-24,Female,Japanese,French,Japan,Associate Degree,Business,B2,N1,Eligible,Teacher,2026-01-23
DUD101031,CAN001463,Jessica,,Smith,1976-03-21,Prefer not to say,Spanish,Brazilian,Japan,Bachelor's Degree,Linguistics,C2,N1,Eligible,Teacher,2022-12-11
DUD101032,CAN000694,Daniel,,Anderson,1978-11-18,Non-binary,Japanese,Australian,Japan,Bachelor's Degree,Education,Native,N2,Eligible,Teacher,2023-06-07
DUD101033,CAN001582,Jessica,,Perez,1978-12-19,Non-binary,Mexican,British,Japan,Bachelor's Degree,Psychology,B2,Basic,Eligible,Teacher,2023-06-24
DUD101034,CAN000264,Sofia,,Williams,1989-01-19,Prefer not to say,American,Brazilian,Japan,Diploma,Business,Native,Basic,Eligible,Teacher,2023-06-10
DUD101035,CAN000521,James,,Moore,1996-09-05,Prefer not to say,Spanish,Canadian,Japan,Associate Degree,Business,Native,N1,Eligible,Teacher,2022-09-08
DUD101036,CAN000665,Michael,,Wilson,1993-03-14,Prefer not to say,Japanese,Mexican,Japan,Diploma,Business,C2,Basic,Eligible,Teacher,2026-07-27
DUD101037,CAN001110,William,,Jackson,1991-05-13,Prefer not to say,Japanese,Japanese,Japan,Associate Degree,Business,C2,None,Eligible,Teacher,2024-12-15
DUD101038,CAN001964,Sofia,,Anderson,1990-09-28,Non-binary,Canadian,British,Japan,Associate Degree,Linguistics,C1,N1,Eligible,Teacher,2021-09-03
DUD101039,CAN001522,Juan,,Miller,1997-05-07,Male,Mexican,Canadian,Japan,Associate Degree,English,C1,Basic,Eligible,Teacher,2024-02-09
DUD101040,CAN000093,Andres,,Brown,1994-04-12,Female,Australian,Filipino,Japan,Bachelor's Degree,Psychology,B2,N2,Eligible,Teacher,2024-06-24
DUD101041,CAN000131,Thomas,,Taylor,1977-05-18,Non-binary,Filipino,Australian,Japan,Bachelor's Degree,Business,C2,None,Eligible,Teacher,2021-12-14
DUD101042,CAN000143,Olivia,,Martin,1983-04-13,Female,Filipino,British,Japan,Diploma,Education,C1,None,Eligible,Teacher,2026-03-25
DUD101043,CAN000901,Thomas,,Johnson,1981-02-04,Female,British,French,Japan,Master's Degree,Business,B2,None,Eligible,Teacher,2021-09-22
DUD101044,CAN000557,William,,Rodriguez,1982-02-22,Male,Australian,Brazilian,Japan,Diploma,Psychology,Native,N3,Eligible,Teacher,2021-04-14
DUD101045,CAN000305,Hannah,,Brown,2001-03-04,Non-binary,British,British,Japan,Associate Degree,Education,C1,N2,Eligible,Teacher,2025-09-23
DUD101046,CAN000834,Laura,,Torres,1991-01-10,Female,Spanish,Japanese,Japan,Master's Degree,Psychology,C1,N1,Eligible,Teacher,2025-07-07
DUD101047,CAN001323,Jessica,,Rodriguez,1979-06-04,Female,Spanish,British,Japan,Bachelor's Degree,Psychology,Native,N2,Eligible,Teacher,2022-09-19
DUD101048,CAN000267,Christopher,,Lee,1995-06-13,Non-binary,Spanish,Canadian,Japan,Bachelor's Degree,Other,Native,None,Eligible,Teacher,2023-11-16
DUD101049,CAN000296,Sofia,,Brown,1996-02-28,Male,Mexican,British,Japan,Bachelor's Degree,Business,C2,N3,Eligible,Teacher,2021-03-16
DUD101050,CAN001727,Maria,,Martin,1977-02-14,Prefer not to say,British,Filipino,Japan,Associate Degree,Education,C2,N1,Eligible,Teacher,2024-03-28
DUD101051,CAN001121,Alejandro,,Gonzalez,1994-06-18,Prefer not to say,Canadian,British,Japan,Master's Degree,Business,Native,N1,Eligible,Teacher,2024-12-14
DUD101052,CAN000290,Diego,,Anderson,1990-01-13,Prefer not to say,American,Japanese,Japan,Bachelor's Degree,Education,Native,N2,Eligible,Teacher,2024-01-02
DUD101053,CAN000404,Jose,,Ramirez,1982-01-26,Non-binary,French,Australian,Japan,Associate Degree,Education,C1,N1,Eligible,Teacher,2021-09-03
DUD101054,CAN001466,Sarah,,Jackson,1990-03-17,Prefer not to say,Spanish,Filipino,Japan,Diploma,Other,C2,N3,Eligible,Teacher,2022-06-21
DUD101055,CAN000830,Ana,,Martinez,1999-11-04,Non-binary,Brazilian,Australian,Japan,Bachelor's Degree,Education,Native,N1,Eligible,Teacher,2021-12-16
DUD101056,CAN001858,Laura,,Lopez,2001-01-27,Prefer not to say,Mexican,Mexican,Japan,Diploma,Business,Native,N1,Eligible,Teacher,2023-05-09
DUD101057,CAN000037,Diego,,Walker,2000-10-23,Male,Japanese,American,Japan,Associate Degree,Business,B2,N1,Eligible,Teacher,2023-09-05
DUD101058,CAN001343,David,,Smith,1991-07-19,Non-binary,Filipino,Filipino,Japan,Diploma,Psychology,C2,None,Eligible,Teacher,2022-12-07
DUD101059,CAN001945,Christopher,,Smith,1979-05-26,Female,Australian,American,Japan,Diploma,English,Native,N2,Eligible,Teacher,2024-02-23
DUD101060,CAN001980,Carlos,,Thompson,1988-04-05,Male,French,Mexican,Japan,Master's Degree,Psychology,C2,Basic,Eligible,Teacher,2024-11-13
DUD101061,CAN001407,John,,Hall,1997-11-16,Prefer not to say,Spanish,Spanish,Japan,Bachelor's Degree,English,B2,None,Eligible,Teacher,2026-01-14
DUD101062,CAN001717,Robert,,Martinez,1988-09-10,Non-binary,Canadian,Spanish,Japan,Associate Degree,Linguistics,B2,Basic,Eligible,Teacher,2025-02-22
DUD101063,CAN000003,John,,Perez,1989-07-06,Female,French,American,Japan,Associate Degree,Linguistics,Native,None,Eligible,Teacher,2023-07-05
DUD101064,CAN001318,Robert,,Wilson,1997-06-10,Non-binary,Brazilian,Canadian,Japan,Master's Degree,Psychology,C1,N2,Eligible,Teacher,2024-03-10
DUD101065,CAN000106,Jose,,Ramirez,1997-03-17,Male,Japanese,French,Japan,Diploma,English,B2,N1,Eligible,Teacher,2023-06-15
DUD101066,CAN000508,Carlos,,Garcia,1983-04-19,Non-binary,Mexican,Brazilian,Japan,Diploma,Business,C2,N2,Eligible,Teacher,2021-12-13
DUD101067,CAN000642,Daniel,,Gonzalez,1985-11-14,Non-binary,Japanese,Filipino,Japan,Associate Degree,English,Native,N2,Eligible,Teacher,2021-03-27
DUD101068,CAN001759,Diego,,Davis,1989-08-18,Male,Filipino,Canadian,Japan,Master's Degree,Business,C2,Basic,Eligible,Teacher,2022-05-27
DUD101069,CAN001992,Marco,,Martinez,1993-04-23,Male,British,American,Japan,Diploma,Other,B2,N1,Eligible,Teacher,2025-12-25
DUD101070,CAN001407,William,,Gonzalez,1994-07-08,Non-binary,American,British,Japan,Bachelor's Degree,Education,C2,N3,Eligible,Teacher,2024-03-23
DUD101071,CAN001051,Emily,,Moore,1988-08-06,Prefer not to say,Australian,Canadian,Japan,Diploma,Education,C1,Basic,Eligible,Teacher,2024-05-03
DUD101072,CAN000774,Olivia,,Davis,2000-11-26,Non-binary,Canadian,Brazilian,Japan,Bachelor's Degree,Business,C1,N1,Eligible,Teacher,2022-09-30
DUD101073,CAN001389,Robert,,Johnson,1978-05-26,Female,Australian,British,Japan,Master's Degree,Other,B2,N2,Eligible,Teacher,2021-10-07
DUD101074,CAN001558,Emily,,Martinez,1985-12-04,Male,Canadian,British,Japan,Master's Degree,Education,B2,None,Eligible,Teacher,2025-11-19
DUD101075,CAN001148,Jose,,Martinez,1982-03-26,Prefer not to say,Japanese,Australian,Japan,Diploma,Business,C2,Basic,Eligible,Teacher,2026-06-12
DUD101076,CAN000026,Sarah,,Martinez,1981-10-18,Male,Mexican,Canadian,Japan,Master's Degree,Business,C1,None,Eligible,Teacher,2021-05-24
DUD101077,CAN001174,Miguel,,Jackson,1986-11-20,Prefer not to say,American,Mexican,Japan,Master's Degree,Linguistics,C1,Basic,Eligible,Teacher,2024-02-26
DUD101078,CAN000549,Juan,,Johnson,1984-05-27,Male,British,American,Japan,Associate Degree,Other,B2,N2,Eligible,Teacher,2023-11-17
DUD101079,CAN000043,Sarah,,Thompson,1991-01-14,Non-binary,British,Filipino,Japan,Bachelor's Degree,Other,C2,Basic,Eligible,Teacher,2023-01-23
DUD101080,CAN000262,Olivia,,Smith,2001-08-18,Female,American,Mexican,Japan,Bachelor's Degree,Linguistics,Native,N2,Eligible,Teacher,2023-10-16
DUD101081,CAN001298,Emily,,Hall,1998-02-27,Prefer not to say,Canadian,British,Japan,Master's Degree,Psychology,B2,None,Eligible,Teacher,2022-05-15
DUD101082,CAN000020,Jessica,,Miller,1995-01-05,Female,British,Filipino,Japan,Bachelor's Degree,English,C1,None,Eligible,Teacher,2026-07-24
DUD101083,CAN001840,Jose,,Jackson,1979-08-18,Non-binary,Spanish,Japanese,Japan,Diploma,English,C2,N2,Eligible,Teacher,2022-02-16
DUD101084,CAN001457,Maria,,Rodriguez,2000-05-26,Non-binary,British,Japanese,Japan,Associate Degree,Business,C2,N2,Eligible,Teacher,2025-11-23
DUD101085,CAN001725,Matthew,,White,2003-08-12,Non-binary,British,French,Japan,Bachelor's Degree,Psychology,Native,None,Eligible,Teacher,2021-06-04
DUD101086,CAN001715,Robert,,Davis,1980-04-02,Non-binary,French,Canadian,Japan,Master's Degree,Business,C1,None,Eligible,Teacher,2022-06-07
DUD101087,CAN001846,Sarah,,Martin,1982-03-12,Female,Brazilian,Filipino,Japan,Bachelor's Degree,Other,B2,None,Eligible,Teacher,2023-12-26
DUD101088,CAN001661,John,,Brown,1998-01-04,Male,Filipino,French,Japan,Associate Degree,English,C2,Basic,Eligible,Teacher,2025-03-07
DUD101089,CAN001804,James,,Young,1975-01-01,Prefer not to say,American,Filipino,Japan,Diploma,Other,B2,N2,Eligible,Teacher,2026-06-28
DUD101090,CAN001935,Laura,,Smith,1981-07-26,Non-binary,French,Brazilian,Japan,Diploma,Education,B2,N3,Eligible,Teacher,2021-05-08
DUD101091,CAN001553,Daniel,,Young,1983-06-10,Non-binary,Canadian,Australian,Japan,Associate Degree,Business,C1,N2,Eligible,Teacher,2024-07-15
DUD101092,CAN000226,Sarah,,Allen,1986-11-06,Non-binary,Australian,American,Japan,Associate Degree,Psychology,C1,N3,Eligible,Teacher,2021-04-22
DUD101093,CAN001873,Carlos,,Thompson,2000-09-21,Male,Filipino,Australian,Japan,Associate Degree,Psychology,C2,N3,Eligible,Teacher,2022-02-21
DUD101094,CAN000308,Emma,,Davis,1982-07-16,Female,Filipino,French,Japan,Bachelor's Degree,Other,B2,N3,Eligible,Teacher,2026-03-08
DUD101095,CAN001071,James,,Lopez,1997-04-06,Male,Mexican,Japanese,Japan,Associate Degree,Education,C1,Basic,Eligible,Teacher,2022-09-20
DUD101096,CAN001459,Andres,,Martin,1995-05-08,Prefer not to say,American,Filipino,Japan,Master's Degree,Business,C2,Basic,Eligible,Teacher,2022-09-22
DUD101097,CAN001607,Andres,,Miller,1998-09-28,Prefer not to say,American,Brazilian,Japan,Associate Degree,Education,B2,N1,Eligible,Teacher,2021-03-12
DUD101098,CAN001893,Ana,,Davis,1988-09-02,Non-binary,Japanese,Australian,Japan,Bachelor's Degree,Psychology,C1,N1,Eligible,Teacher,2025-04-26
DUD101099,CAN000968,Alejandro,,Torres,1985-12-11,Prefer not to say,Canadian,Brazilian,Japan,Diploma,Education,C1,N2,Eligible,Teacher,2023-09-02
DUD101100,CAN000758,Jessica,,Martinez,1977-11-20,Prefer not to say,Canadian,Mexican,Japan,Diploma,Other,Native,N3,Eligible,Teacher,2024-03-14
DUD101101,CAN001220,Marco,,Allen,1998-07-06,Prefer not to say,Mexican,Mexican,Japan,Diploma,Linguistics,C1,Basic,Eligible,Teacher,2023-05-19
DUD101102,CAN000659,Emily,,Hernandez,2001-02-18,Prefer not to say,Japanese,Mexican,Japan,Master's Degree,Business,Native,N1,Eligible,Teacher,2021-04-21
DUD101103,CAN001120,John,,Hall,1977-12-21,Female,American,Brazilian,Japan,Diploma,Business,Native,N3,Eligible,Teacher,2023-12-11
DUD101104,CAN001687,John,,Moore,1985-04-19,Female,Spanish,Filipino,Japan,Bachelor's Degree,English,Native,N3,Eligible,Teacher,2025-03-02
DUD101105,CAN001773,Sarah,,Martin,1975-08-28,Non-binary,Japanese,British,Japan,Bachelor's Degree,English,C1,N2,Eligible,Teacher,2024-03-28
DUD101106,CAN001840,Sofia,,Williams,1995-11-10,Female,Filipino,Mexican,Japan,Bachelor's Degree,Education,Native,N2,Eligible,Teacher,2021-03-14
DUD101107,CAN001530,Carlos,,Smith,1990-03-22,Male,Mexican,Canadian,Japan,Master's Degree,Linguistics,C2,N2,Eligible,Teacher,2025-07-25
DUD101108,CAN000558,Sarah,,Brown,2003-09-17,Male,Japanese,American,Japan,Diploma,Education,Native,N3,Eligible,Teacher,2022-08-31
DUD101109,CAN000416,Marco,,Jackson,1991-04-21,Male,Mexican,Filipino,Japan,Associate Degree,Other,B2,Basic,Eligible,Teacher,2022-07-27
DUD101110,CAN000895,Thomas,,Torres,2001-10-04,Male,British,Filipino,Japan,Associate Degree,English,B2,N2,Eligible,Teacher,2026-07-14
DUD101111,CAN000625,David,,Lee,2002-01-27,Prefer not to say,Brazilian,Australian,Japan,Bachelor's Degree,English,C1,N1,Eligible,Teacher,2025-11-02
DUD101112,CAN000292,Sofia,,Hernandez,1999-09-17,Non-binary,Spanish,Filipino,Japan,Associate Degree,Linguistics,Native,N1,Eligible,Teacher,2021-10-20
DUD101113,CAN001685,Olivia,,King,1984-11-20,Prefer not to say,British,Canadian,Japan,Associate Degree,Education,B2,Basic,Eligible,Teacher,2022-11-16
DUD101114,CAN000395,Miguel,,White,1987-10-01,Non-binary,Filipino,French,Japan,Bachelor's Degree,Linguistics,C2,None,Eligible,Teacher,2023-11-02
DUD101115,CAN001920,David,,White,1979-12-02,Prefer not to say,Brazilian,French,Japan,Associate Degree,Other,Native,N3,Eligible,Teacher,2024-05-11
DUD101116,CAN001301,Andres,,Wilson,1986-01-06,Prefer not to say,Brazilian,Mexican,Japan,Bachelor's Degree,Psychology,C1,None,Eligible,Teacher,2025-09-18
DUD101117,CAN000150,Andres,,Wilson,1995-01-13,Prefer not to say,American,Australian,Japan,Bachelor's Degree,Linguistics,C1,N3,Eligible,Teacher,2021-02-12
DUD101118,CAN001473,Hannah,,Thompson,1979-06-26,Non-binary,Japanese,Canadian,Japan,Diploma,English,C2,N1,Eligible,Teacher,2024-03-01
DUD101119,CAN000192,Andres,,Sanchez,1989-04-01,Female,Canadian,Australian,Japan,Master's Degree,English,C1,N1,Eligible,Teacher,2023-05-29
DUD101120,CAN001037,Ana,,Hernandez,2000-10-26,Male,Mexican,Canadian,Japan,Diploma,Linguistics,Native,None,Eligible,Teacher,2021-05-29
DUD101121,CAN000740,Jose,,Martinez,1992-01-04,Prefer not to say,French,American,Japan,Diploma,Linguistics,C2,N2,Eligible,Teacher,2022-06-25
DUD101122,CAN000459,Marco,,Anderson,1989-05-13,Non-binary,Japanese,Mexican,Japan,Diploma,Psychology,C2,None,Eligible,Teacher,2021-01-29
DUD101123,CAN000604,Maria,,Jackson,1976-09-06,Female,Brazilian,Canadian,Japan,Bachelor's Degree,English,C2,N1,Eligible,Teacher,2025-08-03
DUD101124,CAN001570,Marco,,Garcia,1981-08-20,Non-binary,British,Filipino,Japan,Master's Degree,Business,C2,Basic,Eligible,Teacher,2024-03-07
DUD101125,CAN001401,Michael,,Martin,1998-10-07,Non-binary,French,Japanese,Japan,Bachelor's Degree,Business,Native,N1,Eligible,Teacher,2026-05-19
DUD101126,CAN000223,Juan,,Davis,1981-06-05,Male,British,Canadian,Japan,Master's Degree,Psychology,C2,N1,Eligible,Teacher,2022-02-04
DUD101127,CAN000530,Thomas,,Williams,1990-01-16,Non-binary,Brazilian,Spanish,Japan,Master's Degree,Psychology,C2,N3,Eligible,Teacher,2022-04-27
DUD101128,CAN001614,Hannah,,Torres,1981-03-04,Female,Spanish,British,Japan,Master's Degree,Other,B2,N3,Eligible,Teacher,2025-04-26
DUD101129,CAN000404,Matthew,,Lee,2001-07-07,Prefer not to say,Filipino,Canadian,Japan,Associate Degree,Psychology,Native,Basic,Eligible,Teacher,2022-06-06
DUD101130,CAN000134,Olivia,,Lopez,1991-05-05,Male,Mexican,Filipino,Japan,Master's Degree,Linguistics,C2,N3,Eligible,Teacher,2025-11-08
DUD101131,CAN000570,Jessica,,Williams,1981-01-01,Male,Australian,Canadian,Japan,Master's Degree,Psychology,B2,N2,Eligible,Teacher,2022-03-07
DUD101132,CAN000419,David,,Davis,1991-10-05,Prefer not to say,French,British,Japan,Bachelor's Degree,English,B2,N2,Eligible,Teacher,2023-02-06
DUD101133,CAN001093,Olivia,,Allen,2003-03-24,Male,British,British,Japan,Associate Degree,Linguistics,C1,N2,Eligible,Teacher,2023-06-12
DUD101134,CAN001622,Marco,,Young,1991-12-15,Male,Brazilian,British,Japan,Diploma,Education,C1,N1,Eligible,Teacher,2025-06-03
DUD101135,CAN001390,Thomas,,Hernandez,1991-02-21,Female,Australian,Filipino,Japan,Master's Degree,Linguistics,C1,Basic,Eligible,Teacher,2023-04-11
DUD101136,CAN001163,Daniel,,Gonzalez,1977-10-18,Male,Canadian,Australian,Japan,Associate Degree,Linguistics,Native,None,Eligible,Teacher,2023-08-26
DUD101137,CAN000674,Emily,,Sanchez,1998-03-06,Female,Japanese,Mexican,Japan,Diploma,Psychology,C1,N1,Eligible,Teacher,2025-03-30
DUD101138,CAN001944,Miguel,,Thompson,1996-02-19,Prefer not to say,Mexican,American,Japan,Bachelor's Degree,Education,C1,N1,Eligible,Teacher,2021-07-07
DUD101139,CAN001312,Robert,,Davis,1994-06-04,Prefer not to say,American,Mexican,Japan,Bachelor's Degree,Education,C2,None,Eligible,Teacher,2022-01-15
DUD101140,CAN000025,Maria,,Miller,1979-03-13,Prefer not to say,Canadian,Filipino,Japan,Associate Degree,English,B2,None,Eligible,Teacher,2024-12-13
DUD101141,CAN001542,Andres,,Martin,2002-10-02,Female,American,American,Japan,Master's Degree,Business,Native,N2,Eligible,Teacher,2021-05-23
DUD101142,CAN001704,Emily,,Torres,1982-06-03,Male,Canadian,Australian,Japan,Diploma,Other,C2,None,Eligible,Teacher,2022-01-07
DUD101143,CAN000807,Ana,,King,2001-11-12,Female,Canadian,Brazilian,Japan,Associate Degree,English,Native,None,Eligible,Teacher,2022-01-09
DUD101144,CAN001268,Ana,,Smith,1975-05-06,Female,French,Canadian,Japan,Master's Degree,Business,B2,None,Eligible,Teacher,2024-08-11
DUD101145,CAN000115,Ana,,Rodriguez,1980-02-14,Non-binary,Japanese,Canadian,Japan,Associate Degree,Psychology,B2,Basic,Eligible,Teacher,2026-02-10
DUD101146,CAN000458,David,,Anderson,2001-07-15,Male,Canadian,Brazilian,Japan,Master's Degree,Linguistics,B2,Basic,Eligible,Teacher,2024-08-23
DUD101147,CAN001006,Maria,,Martin,1975-06-26,Non-binary,Canadian,Brazilian,Japan,Bachelor's Degree,Linguistics,Native,Basic,Eligible,Teacher,2023-09-23
DUD101148,CAN000303,Carlos,,Williams,2003-06-25,Female,Brazilian,Filipino,Japan,Diploma,English,B2,None,Eligible,Teacher,2022-06-18
DUD101149,CAN001239,Juan,,Johnson,1977-06-23,Female,British,Spanish,Japan,Bachelor's Degree,English,C2,N2,Eligible,Teacher,2022-06-11
DUD101150,CAN001316,Jose,,Hernandez,1989-11-01,Male,Mexican,French,Japan,Master's Degree,Linguistics,Native,N3,Eligible,Teacher,2024-10-01
DUD101151,CAN001491,Marco,,Thompson,1998-10-09,Non-binary,American,Japanese,Japan,Master's Degree,Business,Native,N2,Eligible,Teacher,2021-12-21
DUD101152,CAN001884,Hannah,,Jackson,1987-11-01,Male,French,Australian,Japan,Bachelor's Degree,Psychology,B2,N1,Eligible,Teacher,2023-06-15
DUD101153,CAN000170,Michael,,Martinez,1981-02-15,Prefer not to say,Spanish,Mexican,Japan,Master's Degree,Education,C1,Basic,Eligible,Teacher,2023-10-14
DUD101154,CAN000890,Jose,,Allen,1976-12-27,Non-binary,Spanish,Spanish,Japan,Master's Degree,Business,C2,None,Eligible,Teacher,2024-05-16
DUD101155,CAN001083,James,,Perez,1992-07-12,Male,Japanese,Japanese,Japan,Associate Degree,Education,Native,None,Eligible,Teacher,2024-08-01
DUD101156,CAN001408,Laura,,Hall,1999-07-09,Female,American,American,Japan,Associate Degree,Education,C1,Basic,Eligible,Teacher,2026-03-11
DUD101157,CAN000732,Emily,,Taylor,2002-02-16,Non-binary,British,French,Japan,Master's Degree,Education,Native,None,Eligible,Teacher,2024-01-18
DUD101158,CAN001245,Michael,,Anderson,1994-09-06,Non-binary,Spanish,Filipino,Japan,Master's Degree,Other,C2,N3,Eligible,Teacher,2022-03-02
DUD101159,CAN000690,Matthew,,Miller,2002-12-10,Non-binary,Australian,Brazilian,Japan,Diploma,English,C2,Basic,Eligible,Teacher,2022-10-20
DUD101160,CAN000053,Jose,,Young,1975-07-22,Male,American,American,Japan,Diploma,Other,Native,N3,Eligible,Teacher,2021-07-25
DUD101161,CAN000573,John,,Brown,1996-04-16,Male,French,American,Japan,Bachelor's Degree,Psychology,B2,None,Eligible,Teacher,2024-10-28
DUD101162,CAN000230,Emma,,White,2000-03-20,Female,Filipino,British,Japan,Bachelor's Degree,Psychology,B2,Basic,Eligible,Teacher,2022-09-21
DUD101163,CAN000799,Maria,,Williams,1985-09-27,Prefer not to say,Spanish,British,Japan,Diploma,English,Native,Basic,Eligible,Teacher,2023-12-14
DUD101164,CAN000994,Sarah,,Lopez,1989-02-23,Female,American,Mexican,Japan,Bachelor's Degree,Education,B2,N2,Eligible,Teacher,2021-03-29
DUD101165,CAN001359,Hannah,,Lee,1989-08-07,Prefer not to say,Australian,Canadian,Japan,Diploma,English,C2,N3,Eligible,Teacher,2021-11-30
DUD101166,CAN001847,Miguel,,Miller,1981-12-04,Non-binary,British,Mexican,Japan,Master's Degree,English,B2,N1,Eligible,Teacher,2025-01-03
DUD101167,CAN000774,Jessica,,Brown,1982-04-25,Non-binary,British,French,Japan,Diploma,Psychology,C2,N2,Eligible,Teacher,2022-08-25
DUD101168,CAN001080,Olivia,,Martin,1985-02-11,Male,Canadian,Australian,Japan,Bachelor's Degree,English,C1,N3,Eligible,Teacher,2021-03-14
DUD101169,CAN001642,William,,Lopez,1990-10-25,Prefer not to say,Mexican,French,Japan,Master's Degree,English,C2,N1,Eligible,Teacher,2021-02-07
DUD101170,CAN001551,Laura,,King,1989-07-25,Male,Mexican,Canadian,Japan,Diploma,Other,C1,None,Eligible,Teacher,2021-07-01
DUD101171,CAN000999,Diego,,Davis,1997-02-28,Female,Brazilian,Australian,Japan,Diploma,Other,Native,N2,Eligible,Teacher,2025-07-12
DUD101172,CAN001572,Diego,,Miller,1977-10-04,Non-binary,Japanese,Filipino,Japan,Associate Degree,English,Native,N2,Eligible,Teacher,2024-06-06
DUD101173,CAN000687,Sarah,,White,1984-01-21,Male,Japanese,Filipino,Japan,Bachelor's Degree,Psychology,B2,Basic,Eligible,Teacher,2021-02-22
DUD101174,CAN000543,Emily,,Martin,1979-06-03,Female,Japanese,Canadian,Japan,Associate Degree,Psychology,C2,None,Eligible,Teacher,2022-06-25
DUD101175,CAN000801,Emily,,Taylor,1997-03-14,Prefer not to say,French,Australian,Japan,Diploma,Linguistics,B2,None,Eligible,Teacher,2026-06-27
DUD101176,CAN000251,James,,Johnson,1977-11-27,Male,French,Brazilian,Japan,Master's Degree,English,C1,N1,Eligible,Teacher,2025-07-07
DUD101177,CAN000183,Ana,,Thompson,2002-10-04,Non-binary,Canadian,Brazilian,Japan,Master's Degree,Other,B2,N1,Eligible,Teacher,2021-03-29
DUD101178,CAN000144,Alejandro,,Davis,1994-09-26,Non-binary,French,Brazilian,Japan,Associate Degree,English,C1,N1,Eligible,Teacher,2026-04-11
DUD101179,CAN001297,Miguel,,Martin,1995-10-15,Non-binary,Spanish,French,Japan,Bachelor's Degree,Business,Native,None,Eligible,Teacher,2024-07-26
DUD101180,CAN000298,Thomas,,Anderson,1976-04-02,Non-binary,Mexican,Spanish,Japan,Bachelor's Degree,Education,C1,N2,Eligible,Teacher,2022-06-01
DUD101181,CAN000796,David,,Brown,1981-08-11,Male,Japanese,Filipino,Japan,Associate Degree,Education,C1,N1,Eligible,Teacher,2022-05-27
DUD101182,CAN000721,Michael,,Moore,1994-08-10,Male,Canadian,Filipino,Japan,Associate Degree,Other,C1,N1,Eligible,Teacher,2022-05-29
DUD101183,CAN000172,Sofia,,Johnson,1984-03-08,Male,British,British,Japan,Associate Degree,Business,B2,None,Eligible,Teacher,2023-02-16
DUD101184,CAN000755,Emily,,Garcia,1987-12-21,Male,Mexican,British,Japan,Diploma,Business,C1,N2,Eligible,Teacher,2025-11-13
DUD101185,CAN000106,Jessica,,Lee,1992-03-12,Male,Mexican,British,Japan,Associate Degree,Education,B2,N3,Eligible,Teacher,2022-05-09
DUD101186,CAN000796,Matthew,,Allen,1990-12-22,Prefer not to say,Japanese,Brazilian,Japan,Diploma,Linguistics,C2,N1,Eligible,Teacher,2021-02-22
DUD101187,CAN001366,James,,Martin,1995-06-07,Prefer not to say,Filipino,British,Japan,Associate Degree,Psychology,Native,None,Eligible,Teacher,2023-07-26
DUD101188,CAN000142,William,,King,1990-01-04,Non-binary,French,Mexican,Japan,Associate Degree,Linguistics,C2,N2,Eligible,Teacher,2026-05-04
DUD101189,CAN001271,Christopher,,Jackson,1986-04-10,Male,Brazilian,Canadian,Japan,Associate Degree,Psychology,B2,N1,Eligible,Teacher,2021-11-28
DUD101190,CAN001977,Jose,,Young,1998-02-28,Prefer not to say,Canadian,Spanish,Japan,Diploma,Linguistics,Native,N2,Eligible,Teacher,2023-02-05
DUD101191,CAN000383,Carlos,,Martinez,1983-08-20,Non-binary,American,Japanese,Japan,Associate Degree,Education,Native,Basic,Eligible,Teacher,2022-05-08
DUD101192,CAN000905,Maria,,Miller,1987-07-01,Prefer not to say,British,British,Japan,Bachelor's Degree,Other,B2,Basic,Eligible,Teacher,2024-05-18
DUD101193,CAN001884,Sarah,,Jackson,1996-02-14,Prefer not to say,French,Filipino,Japan,Bachelor's Degree,Education,B2,N2,Eligible,Teacher,2022-08-07
DUD101194,CAN000382,Alejandro,,Gonzalez,1981-05-13,Male,Filipino,American,Japan,Diploma,Linguistics,C2,N1,Eligible,Teacher,2021-04-06
DUD101195,CAN001194,James,,Walker,1992-11-06,Male,Japanese,British,Japan,Bachelor's Degree,Other,B2,None,Eligible,Teacher,2021-01-29
DUD101196,CAN000485,Juan,,Moore,1995-03-16,Prefer not to say,Brazilian,Mexican,Japan,Diploma,Other,Native,None,Eligible,Teacher,2023-11-25
DUD101197,CAN001128,William,,Ramirez,1978-07-06,Male,Japanese,French,Japan,Master's Degree,Psychology,C2,N2,Eligible,Teacher,2022-07-28
DUD101198,CAN000688,Olivia,,Sanchez,1986-10-13,Male,Filipino,Canadian,Japan,Bachelor's Degree,Linguistics,C2,N3,Eligible,Teacher,2021-09-26
DUD101199,CAN000164,Luis,,Garcia,1976-10-12,Female,Canadian,British,Japan,Master's Degree,Education,C1,None,Eligible,Teacher,2022-04-30
DUD101200,CAN000724,Luis,,Lee,1989-07-03,Non-binary,American,Japanese,Japan,Bachelor's Degree,Business,Native,N3,Eligible,Teacher,2025-07-04
DUD101201,CAN001217,Luis,,Anderson,1988-03-07,Male,British,Australian,Japan,Diploma,Psychology,Native,Basic,Eligible,Teacher,2026-06-29
DUD101202,CAN001619,William,,Walker,1998-04-14,Male,Japanese,Japanese,Japan,Associate Degree,Education,C1,N2,Eligible,Teacher,2026-04-20
DUD101203,CAN000179,Hannah,,Hernandez,1990-08-14,Prefer not to say,Brazilian,Spanish,Japan,Associate Degree,Linguistics,B2,None,Eligible,Teacher,2021-11-29
DUD101204,CAN000185,Hannah,,Rodriguez,1986-02-07,Female,French,French,Japan,Associate Degree,Education,Native,None,Eligible,Teacher,2026-04-10
DUD101205,CAN001405,John,,Sanchez,1993-09-19,Male,Mexican,Japanese,Japan,Associate Degree,Psychology,C2,N3,Eligible,Teacher,2025-12-27
DUD101206,CAN000320,William,,White,1989-04-12,Male,Australian,Spanish,Japan,Master's Degree,Psychology,C1,None,Eligible,Teacher,2024-11-29
DUD101207,CAN000899,David,,Hernandez,1989-08-23,Prefer not to say,French,Filipino,Japan,Master's Degree,English,C2,None,Eligible,Teacher,2024-01-16
DUD101208,CAN001512,Carlos,,Taylor,1978-12-02,Non-binary,Mexican,Spanish,Japan,Bachelor's Degree,Linguistics,C2,N2,Eligible,Teacher,2022-02-25
DUD101209,CAN001037,Juan,,Martin,1985-10-10,Prefer not to say,Filipino,British,Japan,Associate Degree,Business,C1,N3,Eligible,Teacher,2024-02-19
DUD101210,CAN001540,Marco,,Jackson,1975-03-13,Male,Spanish,American,Japan,Diploma,Business,C1,N3,Eligible,Teacher,2023-11-15
DUD101211,CAN000708,Michael,,Perez,1982-03-10,Prefer not to say,Brazilian,British,Japan,Diploma,Education,C2,N1,Eligible,Teacher,2023-07-19
DUD101212,CAN001970,Ana,,Miller,1984-02-27,Female,Spanish,Japanese,Japan,Associate Degree,Other,Native,N2,Eligible,Teacher,2021-10-05
DUD101213,CAN000159,Miguel,,White,1995-08-25,Prefer not to say,Filipino,American,Japan,Associate Degree,English,Native,N2,Eligible,Teacher,2026-07-05
DUD101214,CAN001539,Michael,,King,1983-04-08,Female,Brazilian,Spanish,Japan,Diploma,Psychology,B2,N3,Eligible,Teacher,2021-01-14
DUD101215,CAN001521,Michael,,White,1987-05-25,Prefer not to say,Japanese,American,Japan,Bachelor's Degree,Linguistics,Native,N2,Eligible,Teacher,2023-01-09
DUD101216,CAN001280,Maria,,Rodriguez,1977-01-06,Non-binary,Spanish,American,Japan,Master's Degree,Other,C2,None,Eligible,Teacher,2023-12-21
DUD101217,CAN001503,Sofia,,Rodriguez,1990-10-07,Prefer not to say,French,Brazilian,Japan,Diploma,Other,B2,None,Eligible,Teacher,2023-01-18
DUD101218,CAN001443,Daniel,,Perez,1977-09-12,Female,Filipino,Australian,Japan,Associate Degree,Business,C2,N1,Eligible,Teacher,2022-09-25
DUD101219,CAN000763,John,,Miller,1989-11-25,Male,Spanish,Spanish,Japan,Bachelor's Degree,Other,B2,None,Eligible,Teacher,2025-10-05
DUD101220,CAN001501,Miguel,,Hall,1976-06-12,Prefer not to say,Canadian,American,Japan,Diploma,English,B2,N1,Eligible,Teacher,2022-10-27
DUD101221,CAN000145,James,,Ramirez,1979-02-12,Non-binary,Mexican,Filipino,Japan,Master's Degree,Business,B2,N3,Eligible,Teacher,2022-07-05
DUD101222,CAN001640,William,,Moore,1977-02-27,Male,Spanish,Filipino,Japan,Bachelor's Degree,English,C1,N1,Eligible,Teacher,2024-08-26
DUD101223,CAN001170,Sarah,,Gonzalez,1981-07-11,Female,British,Canadian,Japan,Master's Degree,Linguistics,C2,N3,Eligible,Teacher,2021-09-08
DUD101224,CAN001113,Andres,,Taylor,2003-02-28,Male,French,American,Japan,Master's Degree,English,C1,N3,Eligible,Teacher,2025-03-13
DUD101225,CAN001475,Juan,,Perez,1998-04-19,Non-binary,British,Filipino,Japan,Master's Degree,Education,Native,N1,Eligible,Teacher,2024-07-16
DUD101226,CAN001143,Juan,,Smith,1989-05-21,Prefer not to say,Australian,Filipino,Japan,Bachelor's Degree,Psychology,C1,N1,Eligible,Teacher,2025-02-28
DUD101227,CAN000436,David,,Lopez,1975-02-11,Prefer not to say,Filipino,Brazilian,Japan,Associate Degree,Psychology,B2,N2,Eligible,Teacher,2025-05-02
DUD101228,CAN001588,John,,Jackson,1997-02-06,Female,French,Canadian,Japan,Associate Degree,English,B2,Basic,Eligible,Teacher,2025-10-05
DUD101229,CAN000860,Michael,,Anderson,1991-04-06,Male,Filipino,British,Japan,Master's Degree,Business,B2,N2,Eligible,Teacher,2022-03-18
DUD101230,CAN000275,Carlos,,Moore,1993-11-07,Male,Japanese,Australian,Japan,Diploma,Linguistics,C2,N1,Eligible,Teacher,2025-03-23
DUD101231,CAN000408,Carlos,,Davis,1984-05-19,Female,Filipino,Australian,Japan,Associate Degree,English,Native,None,Eligible,Teacher,2023-08-04
DUD101232,CAN001384,Alejandro,,Hall,1977-11-24,Prefer not to say,Canadian,British,Japan,Master's Degree,Business,C2,N2,Eligible,Teacher,2026-03-16
DUD101233,CAN000474,Luis,,Ramirez,1978-07-13,Non-binary,Brazilian,Australian,Japan,Bachelor's Degree,Other,C1,Basic,Eligible,Teacher,2025-10-02
DUD101234,CAN001251,Robert,,Davis,1978-02-24,Male,American,Mexican,Japan,Diploma,Education,C1,N1,Eligible,Teacher,2024-09-02
DUD101235,CAN001288,William,,Ramirez,2003-11-02,Female,Canadian,Canadian,Japan,Master's Degree,Other,C2,N3,Eligible,Teacher,2025-05-19
DUD101236,CAN000799,John,,Walker,1975-07-22,Female,Japanese,Japanese,Japan,Master's Degree,English,B2,N2,Eligible,Teacher,2023-12-08
DUD101237,CAN000392,James,,Perez,1997-09-12,Male,British,American,Japan,Master's Degree,Psychology,C2,None,Eligible,Teacher,2023-04-03
DUD101238,CAN000902,Andres,,Garcia,1990-09-28,Female,Brazilian,French,Japan,Associate Degree,Education,B2,Basic,Eligible,Teacher,2024-04-05
DUD101239,CAN001878,Alejandro,,Martinez,1982-03-16,Prefer not to say,Canadian,Japanese,Japan,Bachelor's Degree,Business,C2,None,Eligible,Teacher,2022-03-19
DUD101240,CAN000457,Christopher,,Martinez,1991-11-10,Female,Mexican,Brazilian,Japan,Associate Degree,Psychology,C1,N3,Eligible,Teacher,2022-09-13
DUD101241,CAN001995,Daniel,,Allen,1982-02-25,Male,British,Spanish,Japan,Diploma,Other,B2,N3,Eligible,Teacher,2021-09-28
DUD101242,CAN001626,Thomas,,Perez,1975-04-26,Prefer not to say,Australian,Canadian,Japan,Associate Degree,Business,B2,N1,Eligible,Teacher,2025-08-19
DUD101243,CAN001593,Matthew,,Johnson,1977-02-03,Male,Japanese,Australian,Japan,Associate Degree,Linguistics,Native,N1,Eligible,Teacher,2022-07-21
DUD101244,CAN000255,Sofia,,King,1985-09-14,Prefer not to say,Australian,British,Japan,Associate Degree,Psychology,C1,N1,Eligible,Teacher,2023-06-20
DUD101245,CAN000106,Laura,,Davis,1992-11-03,Female,Australian,Mexican,Japan,Associate Degree,Business,C2,N2,Eligible,Teacher,2024-03-21
DUD101246,CAN000397,David,,Rodriguez,1981-05-12,Prefer not to say,Japanese,French,Japan,Diploma,Other,C1,N3,Eligible,Teacher,2026-01-25
DUD101247,CAN000262,Jose,,Wilson,1996-06-25,Prefer not to say,Mexican,French,Japan,Bachelor's Degree,Linguistics,B2,None,Eligible,Teacher,2023-06-23
DUD101248,CAN000443,Hannah,,Hall,1999-12-08,Female,Canadian,Canadian,Japan,Master's Degree,Psychology,B2,N1,Eligible,Teacher,2024-10-27
DUD101249,CAN001932,Andres,,Torres,1977-04-14,Female,Brazilian,Filipino,Japan,Diploma,Linguistics,C1,Basic,Eligible,Teacher,2021-07-07
DUD101250,CAN001719,Maria,,Brown,1992-03-28,Non-binary,Filipino,Japanese,Japan,Diploma,English,B2,N2,Eligible,Teacher,2025-07-11
DUD101251,CAN001259,Alejandro,,Perez,1994-12-05,Male,Mexican,Mexican,Japan,Associate Degree,English,C2,N2,Eligible,Teacher,2025-02-28
DUD101252,CAN001018,Robert,,Jackson,1983-01-14,Prefer not to say,French,Filipino,Japan,Associate Degree,Business,B2,Basic,Eligible,Teacher,2022-06-20
DUD101253,CAN001298,Andres,,Brown,1986-12-08,Male,Australian,Spanish,Japan,Bachelor's Degree,Other,C2,N1,Eligible,Teacher,2023-07-20
DUD101254,CAN000454,Robert,,Johnson,1977-09-26,Prefer not to say,Canadian,Filipino,Japan,Diploma,Other,C2,N3,Eligible,Teacher,2026-07-25
DUD101255,CAN001597,Emily,,King,1998-09-12,Male,Spanish,Japanese,Japan,Bachelor's Degree,English,C1,N3,Eligible,Teacher,2024-05-14
DUD101256,CAN001589,Ana,,Smith,1990-04-06,Prefer not to say,Japanese,Canadian,Japan,Diploma,Psychology,B2,N3,Eligible,Teacher,2022-10-18
DUD101257,CAN000313,Laura,,Miller,1988-09-26,Prefer not to say,French,Australian,Japan,Bachelor's Degree,English,B2,Basic,Eligible,Teacher,2021-11-16
DUD101258,CAN000809,Diego,,Martinez,1990-08-21,Female,American,Mexican,Japan,Bachelor's Degree,Business,Native,N3,Eligible,Teacher,2022-09-01
DUD101259,CAN001752,Marco,,Ramirez,1988-11-24,Female,Filipino,Spanish,Japan,Associate Degree,English,C1,N1,Eligible,Teacher,2022-03-14
DUD101260,CAN001521,Alejandro,,Martinez,2000-11-17,Non-binary,Japanese,Canadian,Japan,Bachelor's Degree,Other,B2,None,Eligible,Teacher,2022-09-22
DUD101261,CAN000492,Diego,,Perez,1986-06-10,Male,Filipino,British,Japan,Master's Degree,Psychology,C2,Basic,Eligible,Teacher,2025-10-28
DUD101262,CAN001063,Carlos,,Hall,1999-07-16,Male,Canadian,Brazilian,Japan,Master's Degree,Psychology,C1,Basic,Eligible,Teacher,2021-02-17
DUD101263,CAN001485,Sarah,,Lee,1988-07-05,Male,Filipino,Canadian,Japan,Associate Degree,Psychology,C2,N2,Eligible,Teacher,2024-05-03
DUD101264,CAN000341,Sofia,,Perez,1982-08-04,Female,American,Spanish,Japan,Master's Degree,Linguistics,Native,None,Eligible,Teacher,2021-08-29
DUD101265,CAN000945,Maria,,Martin,1990-05-15,Prefer not to say,Japanese,Australian,Japan,Associate Degree,Business,C1,None,Eligible,Teacher,2025-03-14
DUD101266,CAN001258,Emma,,Jackson,1995-10-09,Female,Canadian,Spanish,Japan,Bachelor's Degree,Business,C1,None,Eligible,Teacher,2024-12-29
DUD101267,CAN001312,Jose,,Smith,1978-08-09,Female,Filipino,Brazilian,Japan,Associate Degree,Business,B2,N1,Eligible,Teacher,2024-05-25
DUD101268,CAN001755,Matthew,,Young,1976-09-06,Non-binary,Filipino,French,Japan,Master's Degree,Business,C2,None,Eligible,Teacher,2026-08-11
DUD101269,CAN000661,Emily,,Walker,1977-11-11,Prefer not to say,Australian,Filipino,Japan,Associate Degree,Psychology,B2,N1,Eligible,Teacher,2024-03-04
DUD101270,CAN001600,Andres,,Sanchez,1977-11-24,Female,Brazilian,Filipino,Japan,Diploma,Linguistics,Native,N2,Eligible,Teacher,2022-01-06
DUD101271,CAN000310,Michael,,Hall,1984-09-16,Female,French,British,Japan,Diploma,Linguistics,B2,N1,Eligible,Teacher,2025-06-06
DUD101272,CAN000558,Diego,,Martin,1976-09-11,Female,Spanish,Filipino,Japan,Master's Degree,Education,Native,N1,Eligible,Teacher,2024-12-11
DUD101273,CAN000020,Juan,,Lopez,1985-03-05,Female,Canadian,British,Japan,Bachelor's Degree,English,Native,N3,Eligible,Teacher,2026-02-23
DUD101274,CAN001659,Ana,,King,1986-09-16,Non-binary,Brazilian,American,Japan,Diploma,Business,B2,N1,Eligible,Teacher,2022-01-03
DUD101275,CAN000059,William,,Johnson,1991-11-27,Non-binary,American,Spanish,Japan,Bachelor's Degree,Psychology,B2,N3,Eligible,Teacher,2021-04-01
DUD101276,CAN000084,Emma,,Williams,1980-01-15,Female,Mexican,French,Japan,Master's Degree,English,C1,N2,Eligible,Teacher,2025-03-12
DUD101277,CAN000103,Sarah,,Thompson,1984-01-20,Non-binary,French,Canadian,Japan,Diploma,Linguistics,B2,Basic,Eligible,Teacher,2023-04-01
DUD101278,CAN001787,Maria,,Walker,1990-07-10,Prefer not to say,Australian,American,Japan,Diploma,Linguistics,Native,None,Eligible,Teacher,2026-06-13
DUD101279,CAN000226,Michael,,Torres,1987-11-09,Prefer not to say,American,Mexican,Japan,Diploma,Psychology,C1,N3,Eligible,Teacher,2023-06-13
DUD101280,CAN000909,James,,Hall,1989-04-01,Prefer not to say,Filipino,Filipino,Japan,Master's Degree,English,Native,Basic,Eligible,Teacher,2022-02-10
DUD101281,CAN001640,Sofia,,Hall,1982-11-11,Prefer not to say,British,Spanish,Japan,Associate Degree,English,C2,Basic,Eligible,Teacher,2022-05-27
DUD101282,CAN001719,Emily,,Miller,1977-01-14,Non-binary,Brazilian,American,Japan,Bachelor's Degree,Other,B2,N2,Eligible,Teacher,2022-01-18
DUD101283,CAN000919,Matthew,,Sanchez,2003-09-24,Female,Japanese,American,Japan,Master's Degree,Psychology,C2,N1,Eligible,Teacher,2024-08-10
DUD101284,CAN001666,Jessica,,Martin,1996-08-07,Female,French,Spanish,Japan,Diploma,Business,B2,N3,Eligible,Teacher,2026-05-15
DUD101285,CAN001612,Robert,,King,1991-11-24,Prefer not to say,American,Filipino,Japan,Master's Degree,English,B2,N2,Eligible,Teacher,2022-01-23
DUD101286,CAN000569,Marco,,Thompson,1991-10-24,Female,Spanish,Brazilian,Japan,Associate Degree,Education,Native,N1,Eligible,Teacher,2023-04-21
DUD101287,CAN000249,Emma,,Taylor,1978-03-08,Female,Filipino,Canadian,Japan,Associate Degree,Other,Native,None,Eligible,Teacher,2024-07-31
DUD101288,CAN000897,Miguel,,Perez,1993-07-25,Prefer not to say,Canadian,Japanese,Japan,Diploma,Education,C1,N2,Eligible,Teacher,2026-06-28
DUD101289,CAN001037,Laura,,Martin,1976-12-17,Male,Filipino,Mexican,Japan,Master's Degree,Education,C2,Basic,Eligible,Teacher,2024-02-13
DUD101290,CAN001421,Sarah,,Torres,1998-06-13,Female,Spanish,Japanese,Japan,Associate Degree,Other,C1,Basic,Eligible,Teacher,2022-12-10
DUD101291,CAN000670,Diego,,Brown,1993-09-08,Male,French,French,Japan,Master's Degree,Psychology,C1,None,Eligible,Teacher,2023-06-12
DUD101292,CAN000752,William,,Perez,1981-10-26,Prefer not to say,Mexican,Japanese,Japan,Bachelor's Degree,Education,B2,Basic,Eligible,Teacher,2023-10-28
DUD101293,CAN000004,Christopher,,King,1996-02-27,Prefer not to say,French,Australian,Japan,Master's Degree,Business,C2,Basic,Eligible,Teacher,2025-04-02
DUD101294,CAN001910,Maria,,Thompson,1980-10-10,Female,Filipino,Japanese,Japan,Master's Degree,Psychology,Native,N1,Eligible,Teacher,2022-01-01
DUD101295,CAN001544,Marco,,Thompson,1984-11-27,Female,British,American,Japan,Associate Degree,Psychology,C2,None,Eligible,Teacher,2025-01-13
DUD101296,CAN001584,Laura,,Martin,1995-10-05,Non-binary,Spanish,Spanish,Japan,Diploma,Education,C1,N3,Eligible,Teacher,2025-04-02
DUD101297,CAN001108,Thomas,,Lee,1977-12-02,Prefer not to say,American,Japanese,Japan,Master's Degree,Psychology,B2,Basic,Eligible,Teacher,2021-03-23
DUD101298,CAN000809,Christopher,,Thompson,1996-06-07,Female,British,Brazilian,Japan,Master's Degree,English,B2,None,Eligible,Teacher,2024-04-01
DUD101299,CAN000847,Matthew,,Moore,1999-08-22,Male,Australian,Japanese,Japan,Associate Degree,English,C1,N3,Eligible,Teacher,2025-10-20
DUD101300,CAN000745,Jose,,Anderson,1991-03-24,Male,French,French,Japan,Associate Degree,Psychology,C2,None,Eligible,Teacher,2026-07-27
DUD101301,CAN000720,Jose,,Smith,1999-06-20,Prefer not to say,French,Australian,Japan,Diploma,Psychology,Native,Basic,Eligible,Teacher,2025-10-01
DUD101302,CAN000556,Diego,,Jackson,1995-09-19,Non-binary,French,Filipino,Japan,Associate Degree,Business,C2,N3,Eligible,Teacher,2025-08-25
DUD101303,CAN001714,Michael,,Martinez,1984-03-18,Male,American,American,Japan,Bachelor's Degree,English,C1,N3,Eligible,Teacher,2023-07-29
DUD101304,CAN001513,David,,Wilson,1989-09-27,Non-binary,American,Mexican,Japan,Master's Degree,English,Native,N1,Eligible,Teacher,2023-03-08
DUD101305,CAN000553,Emma,,Williams,1992-06-08,Non-binary,American,French,Japan,Bachelor's Degree,Education,Native,None,Eligible,Teacher,2024-08-03
DUD101306,CAN000344,Carlos,,Rodriguez,1991-04-12,Female,French,Australian,Japan,Associate Degree,Education,B2,N2,Eligible,Teacher,2025-12-16
DUD101307,CAN001330,Marco,,Jackson,1976-07-17,Male,Canadian,Canadian,Japan,Associate Degree,Education,Native,None,Eligible,Teacher,2025-07-26
DUD101308,CAN001685,Diego,,Young,2002-08-26,Male,Filipino,American,Japan,Associate Degree,Business,C2,Basic,Eligible,Teacher,2022-04-17
DUD101309,CAN001436,Alejandro,,Garcia,1988-09-09,Non-binary,Spanish,Filipino,Japan,Diploma,Psychology,C2,N3,Eligible,Teacher,2021-11-09
DUD101310,CAN000410,James,,Wilson,2003-10-12,Prefer not to say,Canadian,Brazilian,Japan,Associate Degree,Linguistics,C1,Basic,Eligible,Teacher,2023-10-19
DUD101311,CAN000956,John,,Garcia,1994-08-26,Female,Spanish,Mexican,Japan,Bachelor's Degree,Other,C2,N3,Eligible,Teacher,2023-03-19
DUD101312,CAN001297,Alejandro,,Lee,1979-07-21,Male,Australian,Canadian,Japan,Master's Degree,English,Native,N1,Eligible,Teacher,2025-02-16
DUD101313,CAN001862,Diego,,Taylor,1991-07-18,Female,British,French,Japan,Master's Degree,English,C2,N3,Eligible,Teacher,2025-12-06
DUD101314,CAN001262,Jessica,,Allen,2000-04-25,Male,Filipino,Spanish,Japan,Associate Degree,Other,C2,N3,Eligible,Teacher,2023-11-20
DUD101315,CAN000532,Robert,,Thompson,1984-08-12,Prefer not to say,British,Japanese,Japan,Master's Degree,Other,C2,N2,Eligible,Teacher,2026-05-28
DUD101316,CAN000704,Andres,,Garcia,1984-12-02,Female,Brazilian,Canadian,Japan,Bachelor's Degree,Linguistics,B2,N1,Eligible,Teacher,2024-10-02
DUD101317,CAN001920,Luis,,Hernandez,1977-03-24,Non-binary,Mexican,Brazilian,Japan,Master's Degree,Other,C2,N3,Eligible,Teacher,2023-10-19
DUD101318,CAN001168,Sarah,,Wilson,1994-01-21,Non-binary,Japanese,British,Japan,Master's Degree,Psychology,B2,N3,Eligible,Teacher,2021-04-25
DUD101319,CAN001971,Jose,,Lopez,1998-06-15,Prefer not to say,Brazilian,Brazilian,Japan,Diploma,Other,C1,Basic,Eligible,Teacher,2021-10-03
DUD101320,CAN000609,Matthew,,Allen,1981-07-24,Male,American,Japanese,Japan,Diploma,English,C2,N3,Eligible,Teacher,2023-08-06
DUD101321,CAN001084,Michael,,Torres,1997-08-25,Male,Brazilian,Brazilian,Japan,Associate Degree,Linguistics,B2,Basic,Eligible,Teacher,2024-02-29
DUD101322,CAN000166,James,,Wilson,1992-04-25,Female,Filipino,Australian,Japan,Master's Degree,Psychology,B2,Basic,Eligible,Teacher,2026-04-13
DUD101323,CAN001281,Christopher,,Miller,1998-07-21,Male,Australian,Spanish,Japan,Diploma,Linguistics,Native,N2,Eligible,Teacher,2025-03-11
DUD101324,CAN001830,Matthew,,White,2000-08-01,Female,Australian,Australian,Japan,Associate Degree,Education,C2,N1,Eligible,Teacher,2024-08-07
DUD101325,CAN001347,Michael,,Perez,2003-11-16,Non-binary,Japanese,Australian,Japan,Master's Degree,English,B2,N2,Eligible,Teacher,2023-10-22
DUD101326,CAN000452,Juan,,Torres,1990-01-24,Female,French,American,Japan,Master's Degree,Other,B2,None,Eligible,Teacher,2025-03-05
DUD101327,CAN001670,Matthew,,Miller,1998-06-22,Non-binary,Mexican,Brazilian,Japan,Associate Degree,Education,Native,N3,Eligible,Teacher,2022-01-01
DUD101328,CAN000854,Diego,,Walker,1986-05-21,Female,Australian,Canadian,Japan,Bachelor's Degree,Psychology,C1,Basic,Eligible,Teacher,2021-04-06
DUD101329,CAN000211,Sarah,,Moore,1977-11-09,Female,Spanish,British,Japan,Diploma,Business,B2,Basic,Eligible,Teacher,2022-12-20
DUD101330,CAN001592,Diego,,Allen,1982-11-13,Prefer not to say,Brazilian,French,Japan,Diploma,Psychology,Native,None,Eligible,Teacher,2023-02-16
DUD101331,CAN001693,Maria,,White,1980-08-18,Female,French,Mexican,Japan,Diploma,Linguistics,Native,N2,Eligible,Teacher,2022-07-06
DUD101332,CAN001899,Hannah,,Sanchez,1993-02-18,Female,British,French,Japan,Associate Degree,Psychology,C1,N3,Eligible,Teacher,2021-03-21
DUD101333,CAN000986,Luis,,Wilson,1981-02-14,Non-binary,Brazilian,Australian,Japan,Bachelor's Degree,Other,B2,Basic,Eligible,Teacher,2025-12-14
DUD101334,CAN000767,Emily,,Garcia,1992-05-19,Prefer not to say,Spanish,Brazilian,Japan,Diploma,Education,C2,Basic,Eligible,Teacher,2022-07-27
DUD101335,CAN000316,Andres,,Torres,1977-06-01,Male,Brazilian,British,Japan,Diploma,Other,C1,N3,Eligible,Teacher,2025-11-04
DUD101336,CAN000971,Jose,,Wilson,1978-12-16,Prefer not to say,Australian,American,Japan,Diploma,Business,B2,N3,Eligible,Teacher,2021-12-05
DUD101337,CAN001006,Emma,,Martinez,2000-06-14,Male,Australian,French,Japan,Master's Degree,Linguistics,C2,N2,Eligible,Teacher,2025-08-12
DUD101338,CAN001199,Alejandro,,Johnson,1988-09-26,Non-binary,French,Canadian,Japan,Associate Degree,Education,C2,N1,Eligible,Teacher,2021-01-03
DUD101339,CAN001958,Carlos,,Martin,1975-10-23,Male,Spanish,Canadian,Japan,Master's Degree,Business,C1,N1,Eligible,Teacher,2021-08-31
DUD101340,CAN001992,Laura,,Perez,1977-02-27,Male,American,Canadian,Japan,Master's Degree,Psychology,Native,Basic,Eligible,Teacher,2023-09-14
DUD101341,CAN000382,Ana,,Torres,1977-06-13,Non-binary,Filipino,Mexican,Japan,Bachelor's Degree,Psychology,C2,None,Eligible,Teacher,2025-06-08
DUD101342,CAN001555,Laura,,Perez,1984-04-05,Male,Australian,American,Japan,Associate Degree,Business,Native,N1,Eligible,Teacher,2021-12-16
DUD101343,CAN001517,Olivia,,Moore,1979-06-10,Female,Japanese,French,Japan,Master's Degree,Linguistics,B2,N2,Eligible,Teacher,2021-02-23
DUD101344,CAN000826,Daniel,,Moore,2001-02-15,Prefer not to say,Australian,Filipino,Japan,Master's Degree,Business,C2,N1,Eligible,Teacher,2021-10-04
DUD101345,CAN000007,Alejandro,,Moore,1992-08-21,Prefer not to say,American,American,Japan,Master's Degree,Other,B2,None,Eligible,Teacher,2021-01-16
DUD101346,CAN001746,Robert,,Martinez,1986-05-20,Prefer not to say,Brazilian,Mexican,Japan,Master's Degree,English,C1,N2,Eligible,Teacher,2022-08-29
DUD101347,CAN001495,Olivia,,Thompson,1992-01-25,Male,French,French,Japan,Diploma,Business,C2,N3,Eligible,Teacher,2024-11-01
DUD101348,CAN001877,Jose,,Martinez,2001-03-16,Prefer not to say,Japanese,French,Japan,Bachelor's Degree,Linguistics,Native,N1,Eligible,Teacher,2022-04-09
DUD101349,CAN001943,Matthew,,Williams,1987-07-20,Non-binary,Canadian,Canadian,Japan,Master's Degree,Other,C2,None,Eligible,Teacher,2023-11-04
DUD101350,CAN000361,Alejandro,,Miller,1993-09-27,Female,British,Brazilian,Japan,Bachelor's Degree,Other,C2,N1,Eligible,Teacher,2025-08-16
DUD101351,CAN000111,William,,Ramirez,1986-11-14,Prefer not to say,French,Mexican,Japan,Associate Degree,Education,C2,N3,Eligible,Teacher,2022-09-17
DUD101352,CAN001376,Sarah,,Davis,1977-04-15,Non-binary,French,Brazilian,Japan,Bachelor's Degree,Linguistics,C2,N3,Eligible,Teacher,2023-02-25
DUD101353,CAN000299,Diego,,Lopez,1998-12-18,Non-binary,French,British,Japan,Bachelor's Degree,English,C1,N3,Eligible,Teacher,2026-01-10
DUD101354,CAN001956,Ana,,Moore,1999-02-10,Non-binary,American,Spanish,Japan,Diploma,Education,Native,N3,Eligible,Teacher,2022-07-01
DUD101355,CAN001771,Maria,,Davis,1997-07-25,Non-binary,Mexican,American,Japan,Diploma,Linguistics,C1,N1,Eligible,Teacher,2021-08-26
DUD101356,CAN000323,Emily,,Martin,2001-06-24,Non-binary,Australian,Mexican,Japan,Master's Degree,Linguistics,B2,None,Eligible,Teacher,2025-05-29
DUD101357,CAN000100,Emma,,Moore,1994-12-02,Prefer not to say,Spanish,Canadian,Japan,Diploma,English,C1,Basic,Eligible,Teacher,2025-01-15
DUD101358,CAN001323,Jose,,Lee,1986-01-26,Female,Mexican,British,Japan,Associate Degree,Other,C1,N3,Eligible,Teacher,2022-05-01
DUD101359,CAN001034,Maria,,Perez,1993-02-25,Female,Mexican,Brazilian,Japan,Bachelor's Degree,Psychology,B2,Basic,Eligible,Teacher,2024-09-21
DUD101360,CAN000920,Thomas,,Young,1994-05-22,Male,French,Mexican,Japan,Associate Degree,Business,C1,Basic,Eligible,Teacher,2026-08-10
DUD101361,CAN001598,Luis,,Lee,1996-09-05,Male,Filipino,Canadian,Japan,Master's Degree,Linguistics,B2,None,Eligible,Teacher,2023-09-02
DUD101362,CAN001222,Jessica,,Martinez,2003-03-07,Female,British,Australian,Japan,Master's Degree,Psychology,C1,N1,Eligible,Teacher,2024-10-13
DUD101363,CAN001962,Sofia,,Anderson,1994-05-15,Prefer not to say,Spanish,Spanish,Japan,Bachelor's Degree,Other,B2,N3,Eligible,Teacher,2023-10-16
DUD101364,CAN000744,Emma,,Smith,1999-09-16,Non-binary,Canadian,American,Japan,Diploma,Business,C1,N1,Eligible,Teacher,2022-01-12
DUD101365,CAN000075,Ana,,Taylor,1993-01-06,Non-binary,Brazilian,Australian,Japan,Master's Degree,Education,B2,None,Eligible,Teacher,2025-07-02
DUD101366,CAN001604,Olivia,,Rodriguez,1990-10-24,Female,Canadian,Mexican,Japan,Master's Degree,Other,C2,Basic,Eligible,Teacher,2021-06-23
DUD101367,CAN000146,Thomas,,King,1977-10-21,Female,Canadian,Spanish,Japan,Master's Degree,Psychology,C1,None,Eligible,Teacher,2022-01-11
DUD101368,CAN001049,Diego,,Smith,1980-12-01,Male,Spanish,French,Japan,Associate Degree,Education,Native,N3,Eligible,Teacher,2021-12-20
DUD101369,CAN000674,Michael,,Johnson,1991-07-13,Male,Mexican,Canadian,Japan,Bachelor's Degree,Education,B2,None,Eligible,Teacher,2026-04-16
DUD101370,CAN001406,Sarah,,Perez,1995-06-18,Prefer not to say,Spanish,Brazilian,Japan,Associate Degree,Psychology,B2,N1,Eligible,Teacher,2022-07-06
DUD101371,CAN001218,John,,Williams,1994-11-17,Prefer not to say,Japanese,Spanish,Japan,Diploma,Education,B2,Basic,Eligible,Teacher,2026-01-04
DUD101372,CAN001404,Juan,,White,1982-07-11,Female,Japanese,American,Japan,Bachelor's Degree,Education,B2,None,Eligible,Teacher,2021-07-14
DUD101373,CAN001524,Olivia,,Taylor,2002-09-20,Female,Canadian,Filipino,Japan,Bachelor's Degree,English,Native,N1,Eligible,Teacher,2022-10-21
DUD101374,CAN000740,Luis,,Hall,1991-01-08,Female,American,Mexican,Japan,Diploma,English,Native,N1,Eligible,Teacher,2024-06-05
DUD101375,CAN000928,Matthew,,Lee,1992-02-28,Prefer not to say,Canadian,Spanish,Japan,Associate Degree,Other,Native,Basic,Eligible,Teacher,2024-05-30
DUD101376,CAN000568,Ana,,Anderson,1985-06-03,Non-binary,Canadian,American,Japan,Diploma,Other,Native,N1,Eligible,Teacher,2021-12-02
DUD101377,CAN001103,Alejandro,,Moore,1997-07-12,Male,Japanese,Spanish,Japan,Diploma,Business,Native,N3,Eligible,Teacher,2025-07-18
DUD101378,CAN000501,Jessica,,Hernandez,1990-05-18,Non-binary,Australian,Japanese,Japan,Bachelor's Degree,Linguistics,C1,N3,Eligible,Teacher,2023-11-10
DUD101379,CAN000918,Daniel,,Ramirez,2001-02-15,Non-binary,French,Canadian,Japan,Master's Degree,Other,B2,N2,Eligible,Teacher,2021-10-27
DUD101380,CAN000370,Emma,,Jackson,1998-12-09,Non-binary,Spanish,Japanese,Japan,Associate Degree,Other,Native,N2,Eligible,Teacher,2022-11-21
DUD101381,CAN001649,Maria,,Johnson,1986-04-03,Female,Filipino,Filipino,Japan,Master's Degree,Linguistics,C1,N2,Eligible,Teacher,2023-10-09
DUD101382,CAN001273,Marco,,Allen,1992-03-12,Non-binary,British,Spanish,Japan,Associate Degree,Other,C1,N1,Eligible,Teacher,2026-03-21
DUD101383,CAN001345,Carlos,,Davis,1990-10-16,Male,Filipino,Mexican,Japan,Bachelor's Degree,Business,C1,Basic,Eligible,Teacher,2026-04-08
DUD101384,CAN000045,Daniel,,Taylor,2000-10-14,Prefer not to say,Brazilian,Japanese,Japan,Bachelor's Degree,Business,Native,N1,Eligible,Teacher,2024-07-26
DUD101385,CAN001098,William,,Miller,1984-05-08,Non-binary,Filipino,Australian,Japan,Master's Degree,Psychology,C2,N1,Eligible,Teacher,2025-03-25
DUD101386,CAN001901,James,,Rodriguez,2003-09-26,Male,Spanish,American,Japan,Associate Degree,Other,B2,N1,Eligible,Teacher,2021-04-16
DUD101387,CAN000031,Luis,,King,1981-07-12,Female,Brazilian,Australian,Japan,Diploma,Linguistics,B2,N2,Eligible,Teacher,2024-05-25
DUD101388,CAN000310,Jessica,,Thompson,1983-12-16,Prefer not to say,French,French,Japan,Associate Degree,Linguistics,B2,N1,Eligible,Teacher,2024-05-28
DUD101389,CAN001488,Miguel,,Garcia,2003-10-04,Prefer not to say,Spanish,Canadian,Japan,Bachelor's Degree,English,B2,N3,Eligible,Teacher,2023-08-20
DUD101390,CAN001551,Robert,,Jackson,2002-02-08,Prefer not to say,Brazilian,Canadian,Japan,Bachelor's Degree,Other,C2,Basic,Eligible,Teacher,2023-03-11
DUD101391,CAN001129,Michael,,White,2002-08-03,Female,French,British,Japan,Master's Degree,Linguistics,C2,Basic,Eligible,Teacher,2023-02-07
DUD101392,CAN001563,Luis,,Gonzalez,1977-10-27,Non-binary,Canadian,Japanese,Japan,Associate Degree,Psychology,C2,N2,Eligible,Teacher,2024-07-05
DUD101393,CAN000470,Christopher,,Gonzalez,1988-11-19,Non-binary,Filipino,Mexican,Japan,Bachelor's Degree,English,C2,N2,Eligible,Teacher,2023-05-18
DUD101394,CAN000511,Luis,,Ramirez,1994-10-08,Non-binary,British,Brazilian,Japan,Diploma,Other,C2,N3,Eligible,Teacher,2025-11-26
DUD101395,CAN000758,Andres,,Perez,1992-12-25,Non-binary,American,Spanish,Japan,Diploma,Education,B2,Basic,Eligible,Teacher,2022-06-06
DUD101396,CAN001143,Michael,,Gonzalez,1988-01-07,Prefer not to say,Brazilian,Spanish,Japan,Diploma,Psychology,B2,Basic,Eligible,Teacher,2021-01-06
DUD101397,CAN001813,Diego,,Smith,1981-10-25,Non-binary,Canadian,Spanish,Japan,Master's Degree,Other,C2,N1,Eligible,Teacher,2023-07-26
DUD101398,CAN000488,Andres,,Perez,2003-05-06,Male,Japanese,British,Japan,Associate Degree,English,B2,N1,Eligible,Teacher,2021-11-09
DUD101399,CAN000489,Andres,,Thompson,1984-04-10,Female,American,Australian,Japan,Associate Degree,Linguistics,B2,None,Eligible,Teacher,2024-08-25
DUD101400,CAN001927,Diego,,Sanchez,1999-08-12,Male,Filipino,British,Japan,Bachelor's Degree,Other,Native,N1,Eligible,Teacher,2024-05-10
DUD101401,CAN001666,Maria,,Anderson,2000-08-09,Male,Australian,Brazilian,Japan,Associate Degree,Business,C2,Basic,Eligible,Teacher,2026-05-24
DUD101402,CAN000989,John,,Young,1998-01-24,Prefer not to say,American,Filipino,Japan,Associate Degree,Linguistics,C2,N2,Eligible,Teacher,2024-03-19
DUD101403,CAN001784,Daniel,,Young,1990-03-23,Prefer not to say,Spanish,British,Japan,Associate Degree,Education,C2,N2,Eligible,Teacher,2024-07-01
DUD101404,CAN001146,Robert,,Garcia,1999-02-07,Male,Japanese,French,Japan,Associate Degree,Psychology,Native,None,Eligible,Teacher,2026-03-03
DUD101405,CAN001493,Marco,,Lee,1989-07-17,Non-binary,Canadian,Brazilian,Japan,Master's Degree,English,Native,N3,Eligible,Teacher,2025-04-06
DUD101406,CAN000189,Jose,,Smith,1983-01-18,Prefer not to say,Spanish,Brazilian,Japan,Diploma,Education,C1,Basic,Eligible,Teacher,2023-05-04
DUD101407,CAN000805,Luis,,Brown,1982-06-15,Prefer not to say,Japanese,Japanese,Japan,Associate Degree,English,B2,N1,Eligible,Teacher,2023-10-14
DUD101408,CAN001270,Carlos,,Hernandez,1986-11-11,Non-binary,Canadian,French,Japan,Associate Degree,Other,C1,Basic,Eligible,Teacher,2023-09-02
DUD101409,CAN000876,John,,Martin,1979-08-08,Male,Japanese,French,Japan,Associate Degree,Education,Native,N1,Eligible,Teacher,2025-11-23
DUD101410,CAN000184,David,,Miller,1985-02-22,Prefer not to say,Filipino,Brazilian,Japan,Diploma,Other,C2,None,Eligible,Teacher,2025-08-19
DUD101411,CAN001606,Hannah,,Perez,1994-03-13,Prefer not to say,French,Filipino,Japan,Bachelor's Degree,English,Native,None,Eligible,Teacher,2025-06-07
DUD101412,CAN001947,Daniel,,Garcia,1975-06-02,Prefer not to say,Brazilian,Japanese,Japan,Diploma,Education,B2,N3,Eligible,Teacher,2023-07-04
DUD101413,CAN000090,David,,Rodriguez,1984-07-18,Female,Mexican,Australian,Japan,Bachelor's Degree,Education,B2,N2,Eligible,Teacher,2021-04-18
DUD101414,CAN000096,David,,Gonzalez,1980-02-26,Female,Australian,Brazilian,Japan,Associate Degree,Other,C2,Basic,Eligible,Teacher,2022-03-09
DUD101415,CAN001704,Sofia,,Ramirez,1985-07-27,Male,Canadian,Canadian,Japan,Bachelor's Degree,Other,B2,N3,Eligible,Teacher,2023-01-08
DUD101416,CAN001545,John,,Thompson,2001-12-16,Female,Mexican,American,Japan,Associate Degree,Education,Native,N1,Eligible,Teacher,2024-12-09
DUD101417,CAN000256,Carlos,,Miller,1976-03-02,Male,Australian,Canadian,Japan,Diploma,English,Native,Basic,Eligible,Teacher,2023-02-09
DUD101418,CAN000332,Michael,,Moore,1992-11-21,Prefer not to say,Australian,Canadian,Japan,Associate Degree,English,C2,None,Eligible,Teacher,2021-11-15
DUD101419,CAN001979,Emma,,Martin,1987-11-17,Prefer not to say,American,Spanish,Japan,Diploma,Linguistics,Native,N2,Eligible,Teacher,2021-02-25
DUD101420,CAN000196,Emily,,Taylor,1984-10-19,Prefer not to say,Filipino,Australian,Japan,Associate Degree,Other,C1,N3,Eligible,Teacher,2021-04-17
DUD101421,CAN000463,Hannah,,Lopez,1986-09-01,Male,Filipino,British,Japan,Associate Degree,Business,C2,Basic,Eligible,Teacher,2023-01-02
DUD101422,CAN000180,James,,Martin,1992-04-18,Male,Japanese,American,Japan,Bachelor's Degree,Business,C2,Basic,Eligible,Teacher,2026-02-10
DUD101423,CAN000616,James,,Brown,1996-11-04,Female,American,Filipino,Japan,Bachelor's Degree,English,B2,None,Eligible,Teacher,2022-06-20
DUD101424,CAN001953,James,,Johnson,1976-10-24,Prefer not to say,Australian,Spanish,Japan,Master's Degree,Education,C2,N3,Eligible,Teacher,2024-03-24
DUD101425,CAN001219,Emma,,Lee,1978-09-25,Female,British,American,Japan,Bachelor's Degree,Psychology,Native,None,Eligible,Teacher,2022-07-14
DUD101426,CAN001745,Diego,,Brown,1996-03-23,Prefer not to say,Mexican,Canadian,Japan,Associate Degree,Education,C2,N1,Eligible,Teacher,2021-11-19
DUD101427,CAN001479,Andres,,Sanchez,2000-09-20,Non-binary,Spanish,French,Japan,Diploma,Business,C1,N1,Eligible,Teacher,2024-01-08
DUD101428,CAN001409,Daniel,,Johnson,1985-10-17,Male,Spanish,Spanish,Japan,Diploma,Psychology,B2,None,Eligible,Teacher,2021-11-19
DUD101429,CAN000774,Sofia,,Davis,1996-04-17,Prefer not to say,Japanese,Brazilian,Japan,Master's Degree,Other,C1,Basic,Eligible,Teacher,2024-06-20
DUD101430,CAN001403,James,,Johnson,1976-07-26,Prefer not to say,American,Spanish,Japan,Diploma,Linguistics,C2,N1,Eligible,Teacher,2024-01-26
DUD101431,CAN000690,Daniel,,Gonzalez,1987-12-05,Female,French,Brazilian,Japan,Associate Degree,Linguistics,B2,None,Eligible,Teacher,2022-09-24
DUD101432,CAN001438,Juan,,Ramirez,1985-02-05,Female,French,Mexican,Japan,Bachelor's Degree,Linguistics,B2,None,Eligible,Teacher,2025-02-18
DUD101433,CAN000464,Jose,,Young,1985-09-17,Prefer not to say,American,Spanish,Japan,Diploma,Other,C2,N3,Eligible,Teacher,2024-01-20
DUD101434,CAN001462,Andres,,Miller,2000-06-21,Male,French,Filipino,Japan,Bachelor's Degree,Other,C1,N2,Eligible,Teacher,2024-08-17
DUD101435,CAN000681,Maria,,Hernandez,1989-02-12,Prefer not to say,Canadian,French,Japan,Diploma,Psychology,C2,N3,Eligible,Teacher,2021-11-13
DUD101436,CAN000436,Andres,,Gonzalez,1984-06-16,Non-binary,Australian,Brazilian,Japan,Diploma,English,C2,Basic,Eligible,Teacher,2025-04-09
DUD101437,CAN001478,Daniel,,Martinez,1982-06-08,Female,Filipino,Japanese,Japan,Bachelor's Degree,Education,Native,Basic,Eligible,Teacher,2025-05-23
DUD101438,CAN000447,Sarah,,Jackson,1983-01-16,Male,Australian,Mexican,Japan,Master's Degree,Psychology,C1,Basic,Eligible,Teacher,2023-02-04
DUD101439,CAN001587,Daniel,,Walker,1977-08-10,Female,Mexican,Brazilian,Japan,Associate Degree,Psychology,Native,N1,Eligible,Teacher,2025-09-08
DUD101440,CAN001995,Andres,,Garcia,1986-10-14,Non-binary,Australian,British,Japan,Associate Degree,Linguistics,C2,Basic,Eligible,Teacher,2023-12-12
DUD101441,CAN000610,Hannah,,Rodriguez,1984-02-12,Female,Mexican,Spanish,Japan,Associate Degree,Linguistics,C1,None,Eligible,Teacher,2024-04-14
DUD101442,CAN001788,Diego,,Perez,1982-10-06,Male,Australian,Australian,Japan,Bachelor's Degree,Psychology,B2,N1,Eligible,Teacher,2021-01-24
DUD101443,CAN000221,Ana,,White,2003-11-19,Female,Australian,Spanish,Japan,Master's Degree,Linguistics,Native,Basic,Eligible,Teacher,2026-03-10
DUD101444,CAN001420,Miguel,,Lee,2002-06-21,Male,Canadian,French,Japan,Master's Degree,Linguistics,B2,N1,Eligible,Teacher,2025-02-02
DUD101445,CAN000529,John,,Thompson,1993-12-12,Prefer not to say,Filipino,Mexican,Japan,Diploma,Business,C2,Basic,Eligible,Teacher,2022-02-26
DUD101446,CAN001098,Miguel,,Smith,1985-05-26,Non-binary,American,Japanese,Japan,Bachelor's Degree,Education,C2,N2,Eligible,Teacher,2023-08-13
DUD101447,CAN000542,Miguel,,Gonzalez,1982-10-07,Male,Brazilian,American,Japan,Bachelor's Degree,Psychology,C1,N3,Eligible,Teacher,2024-06-21
DUD101448,CAN001432,Carlos,,Smith,2002-05-17,Prefer not to say,Spanish,Australian,Japan,Bachelor's Degree,Linguistics,C1,N2,Eligible,Teacher,2025-12-25
DUD101449,CAN000110,Ana,,King,1993-03-18,Male,Brazilian,Brazilian,Japan,Master's Degree,Other,B2,N3,Eligible,Teacher,2023-01-04
DUD101450,CAN000306,Maria,,Ramirez,1975-08-07,Male,Filipino,Canadian,Japan,Bachelor's Degree,Education,C1,Basic,Eligible,Teacher,2025-11-25
DUD101451,CAN000534,Emily,,Perez,1996-05-15,Prefer not to say,Canadian,American,Japan,Bachelor's Degree,Other,C1,N2,Eligible,Teacher,2023-12-11
DUD101452,CAN001295,Andres,,Brown,1991-06-12,Male,Canadian,American,Japan,Bachelor's Degree,Psychology,B2,N3,Eligible,Teacher,2025-11-18
DUD101453,CAN001980,Sarah,,Perez,2002-05-16,Prefer not to say,Mexican,American,Japan,Associate Degree,Psychology,B2,N3,Eligible,Teacher,2021-12-11
DUD101454,CAN001169,Laura,,Garcia,1986-04-12,Female,Japanese,Mexican,Japan,Associate Degree,English,C1,N2,Eligible,Teacher,2025-08-18
DUD101455,CAN000532,Luis,,Taylor,1985-03-17,Prefer not to say,Brazilian,Japanese,Japan,Master's Degree,Business,Native,Basic,Eligible,Teacher,2024-12-30
DUD101456,CAN000474,Robert,,Johnson,1988-01-09,Male,Brazilian,French,Japan,Master's Degree,Psychology,Native,Basic,Eligible,Teacher,2022-02-12
DUD101457,CAN000382,Robert,,Williams,1984-01-13,Female,British,Canadian,Japan,Bachelor's Degree,Linguistics,B2,None,Eligible,Teacher,2021-06-14
DUD101458,CAN000561,Sofia,,Hernandez,1982-04-23,Non-binary,Spanish,British,Japan,Associate Degree,Education,C2,None,Eligible,Teacher,2023-07-08
DUD101459,CAN000668,Alejandro,,Ramirez,1998-05-27,Female,British,Mexican,Japan,Bachelor's Degree,Business,C1,N2,Eligible,Teacher,2022-08-06
DUD101460,CAN000350,Robert,,Thompson,1998-03-24,Male,Canadian,Australian,Japan,Associate Degree,Psychology,B2,N2,Eligible,Teacher,2024-04-10
DUD101461,CAN000140,Robert,,Anderson,1983-01-16,Prefer not to say,British,Brazilian,Japan,Bachelor's Degree,Psychology,Native,N3,Eligible,Teacher,2026-04-11
DUD101462,CAN001950,John,,Miller,1989-07-17,Prefer not to say,Japanese,Japanese,Japan,Diploma,Linguistics,Native,N3,Eligible,Teacher,2022-09-29
DUD101463,CAN000602,Miguel,,Johnson,1991-02-22,Male,American,American,Japan,Bachelor's Degree,Linguistics,C1,N1,Eligible,Teacher,2024-10-11
DUD101464,CAN000395,Laura,,Wilson,1979-08-02,Female,Filipino,Filipino,Japan,Associate Degree,Linguistics,B2,N3,Eligible,Teacher,2025-08-01
DUD101465,CAN001122,Thomas,,Anderson,1997-10-10,Non-binary,Brazilian,French,Japan,Master's Degree,Linguistics,B2,N3,Eligible,Teacher,2024-06-13
DUD101466,CAN001064,Alejandro,,Torres,1991-09-03,Female,Mexican,American,Japan,Associate Degree,Linguistics,Native,Basic,Eligible,Teacher,2022-09-17
DUD101467,CAN001904,Miguel,,King,1995-06-25,Female,Mexican,French,Japan,Master's Degree,English,C1,N1,Eligible,Teacher,2026-06-08
DUD101468,CAN001970,Andres,,Thompson,1976-12-06,Non-binary,Brazilian,Japanese,Japan,Master's Degree,Education,C1,N1,Eligible,Teacher,2022-11-29
DUD101469,CAN000223,Luis,,Jackson,1993-11-11,Prefer not to say,Canadian,American,Japan,Bachelor's Degree,Linguistics,B2,None,Eligible,Teacher,2026-03-17
DUD101470,CAN001713,William,,White,1990-11-08,Prefer not to say,French,French,Japan,Associate Degree,Other,Native,N3,Eligible,Teacher,2026-07-30
DUD101471,CAN001174,Jessica,,Lopez,2001-09-16,Non-binary,Canadian,Filipino,Japan,Diploma,Other,C1,N2,Eligible,Teacher,2022-08-23
DUD101472,CAN001943,Emma,,White,1976-10-18,Female,Japanese,Spanish,Japan,Master's Degree,Psychology,B2,N3,Eligible,Teacher,2025-06-23
DUD101473,CAN000110,Maria,,Lee,1995-02-28,Prefer not to say,American,American,Japan,Bachelor's Degree,Linguistics,C2,None,Eligible,Teacher,2024-01-18
DUD101474,CAN001283,Juan,,Garcia,1994-08-14,Female,British,Canadian,Japan,Bachelor's Degree,Other,Native,N2,Eligible,Teacher,2022-01-24
DUD101475,CAN001270,John,,Martin,1991-02-15,Female,Canadian,Brazilian,Japan,Associate Degree,English,C2,N1,Eligible,Teacher,2024-07-20
DUD101476,CAN000996,John,,Martin,1987-02-15,Prefer not to say,Mexican,Spanish,Japan,Master's Degree,Business,C2,None,Eligible,Teacher,2023-03-16
DUD101477,CAN001196,Olivia,,Brown,2000-11-22,Female,French,Mexican,Japan,Diploma,Linguistics,Native,Basic,Eligible,Teacher,2022-09-18
DUD101478,CAN000608,Robert,,Wilson,2001-02-03,Non-binary,American,Filipino,Japan,Diploma,Education,Native,Basic,Eligible,Teacher,2022-10-15
DUD101479,CAN001108,Diego,,Wilson,2001-12-26,Male,Spanish,Mexican,Japan,Associate Degree,English,B2,N3,Eligible,Teacher,2021-08-22
DUD101480,CAN000513,Diego,,Wilson,1979-07-17,Female,Japanese,French,Japan,Diploma,Linguistics,C1,N2,Eligible,Teacher,2025-07-15
DUD101481,CAN000891,Christopher,,Thompson,1992-11-19,Non-binary,Australian,French,Japan,Associate Degree,Other,C1,None,Eligible,Teacher,2023-03-27
DUD101482,CAN000368,Miguel,,Smith,1995-11-23,Prefer not to say,Brazilian,Canadian,Japan,Associate Degree,Other,C1,None,Eligible,Teacher,2024-02-20
DUD101483,CAN000929,Emily,,Miller,1979-02-15,Non-binary,French,Brazilian,Japan,Master's Degree,Other,C2,N1,Eligible,Teacher,2025-04-01
DUD101484,CAN001553,Luis,,Moore,2001-10-12,Female,British,French,Japan,Associate Degree,Business,Native,N3,Eligible,Teacher,2023-06-20
DUD101485,CAN000720,Carlos,,Sanchez,1978-07-20,Female,American,Japanese,Japan,Master's Degree,Education,C1,N2,Eligible,Teacher,2022-12-31
DUD101486,CAN000476,Marco,,King,1990-03-19,Non-binary,Spanish,American,Japan,Bachelor's Degree,Business,C1,N1,Eligible,Teacher,2022-12-26
DUD101487,CAN001217,Sarah,,Lopez,1994-08-11,Female,Japanese,British,Japan,Diploma,Business,C1,N2,Eligible,Teacher,2023-04-03
DUD101488,CAN000006,Laura,,Taylor,1995-12-01,Non-binary,Filipino,French,Japan,Associate Degree,Education,C1,N1,Eligible,Teacher,2023-12-22
DUD101489,CAN000651,Maria,,Hernandez,1994-10-26,Prefer not to say,British,Brazilian,Japan,Associate Degree,Education,B2,None,Eligible,Teacher,2021-03-22
DUD101490,CAN001654,David,,Allen,1987-10-28,Female,Australian,Brazilian,Japan,Master's Degree,Other,C2,N3,Eligible,Teacher,2023-11-05
DUD101491,CAN001510,Michael,,Perez,1983-11-03,Prefer not to say,Canadian,Brazilian,Japan,Master's Degree,Business,Native,N3,Eligible,Teacher,2026-03-10
DUD101492,CAN001668,Robert,,Ramirez,1997-10-10,Prefer not to say,Canadian,Filipino,Japan,Diploma,Education,Native,N2,Eligible,Teacher,2023-12-27
DUD101493,CAN001238,Andres,,Rodriguez,1977-04-22,Female,Brazilian,Australian,Japan,Associate Degree,Other,C2,N2,Eligible,Teacher,2025-07-28
DUD101494,CAN001367,Maria,,Martinez,1988-12-22,Male,Canadian,Australian,Japan,Master's Degree,Business,B2,None,Eligible,Teacher,2022-01-21
DUD101495,CAN001045,Hannah,,King,1994-10-03,Prefer not to say,Filipino,Australian,Japan,Associate Degree,Education,B2,N1,Eligible,Teacher,2025-01-17
DUD101496,CAN001219,Marco,,Anderson,1988-05-15,Prefer not to say,Australian,American,Japan,Diploma,Linguistics,C2,N2,Eligible,Teacher,2022-04-14
DUD101497,CAN001369,Alejandro,,Lee,1982-03-04,Prefer not to say,Australian,Japanese,Japan,Bachelor's Degree,Business,C1,None,Eligible,Teacher,2023-04-05
DUD101498,CAN001181,Marco,,Rodriguez,1990-03-08,Male,Japanese,Mexican,Japan,Bachelor's Degree,Linguistics,Native,N3,Eligible,Teacher,2023-03-22
DUD101499,CAN000851,Emily,,Brown,2000-05-07,Non-binary,Filipino,Australian,Japan,Master's Degree,Education,C2,N2,Eligible,Teacher,2022-05-09
DUD101500,CAN000223,William,,White,1977-02-07,Female,American,Spanish,Japan,Bachelor's Degree,English,Native,Basic,Eligible,Teacher,2022-01-03
