survey_id,employee_id,survey_date,overall_satisfaction,management_satisfaction,compensation_satisfaction,training_satisfaction,assignment_satisfaction,work_life_balance,career_satisfaction,commute_satisfaction,engagement_score,would_recommend,comments
SURV0000001,DUD100001,2021-04-24,4,4,5,4,4,4,5,4,4,True,
SURV0000002,DUD100001,2021-05-15,4,3,5,3,3,4,3,4,4,True,
SURV0000003,DUD100001,2021-06-16,3,3,4,2,4,2,2,4,2,False,
SURV0000004,DUD100001,2021-07-19,4,4,4,4,5,4,4,3,4,True,
SURV0000005,DUD100001,2021-08-06,5,5,5,5,5,4,5,5,5,True,
SURV0000006,DUD100001,2021-09-05,3,2,3,3,3,3,3,3,4,False,
SURV0000007,DUD100001,2021-10-03,4,4,4,4,5,4,4,5,4,True,
SURV0000008,DUD100001,2021-11-03,4,4,3,4,4,4,3,5,3,True,
SURV0000009,DUD100002,2023-10-05,2,3,3,2,2,2,3,1,2,False,
SURV0000010,DUD100002,2023-11-18,3,3,3,3,3,3,3,3,3,False,
SURV0000011,DUD100002,2023-12-07,5,4,5,5,4,5,5,5,5,True,
SURV0000012,DUD100002,2024-01-12,5,5,4,5,5,5,4,5,5,True,
SURV0000013,DUD100002,2024-02-27,4,4,4,5,4,4,5,5,3,True,
SURV0000014,DUD100002,2024-03-19,5,5,5,5,4,4,4,5,5,True,
SURV0000015,DUD100003,2021-05-23,4,5,3,5,4,4,3,4,4,True,
SURV0000016,DUD100003,2021-06-07,2,2,3,2,2,2,2,1,1,False,
SURV0000017,DUD100003,2021-07-17,2,3,2,3,2,2,3,1,3,False,
SURV0000018,DUD100003,2021-08-05,4,4,4,5,4,4,4,3,4,True,
SURV0000019,DUD100003,2021-09-04,4,4,5,4,4,5,4,4,3,True,
SURV0000020,DUD100003,2021-10-28,4,4,5,3,3,5,5,5,4,True,
SURV0000021,DUD100003,2021-11-21,4,4,3,5,4,3,4,5,5,True,
SURV0000022,DUD100004,2021-11-21,4,4,3,3,4,5,5,4,4,True,
SURV0000023,DUD100004,2021-12-07,4,4,4,3,3,3,4,5,5,True,
SURV0000024,DUD100004,2022-01-01,4,4,4,4,5,4,4,3,4,True,
SURV0000025,DUD100004,2022-02-14,1,1,1,1,1,2,1,1,1,False,
SURV0000026,DUD100004,2022-03-28,5,5,5,5,4,4,5,5,5,True,
SURV0000027,DUD100004,2022-04-17,4,4,4,3,4,4,3,4,4,True,
SURV0000028,DUD100004,2022-05-14,4,3,4,5,3,3,4,3,4,True,
SURV0000029,DUD100004,2022-06-09,4,5,5,4,3,4,4,4,4,True,
SURV0000030,DUD100005,2024-12-17,5,4,5,5,5,5,5,4,5,True,
SURV0000031,DUD100005,2025-01-06,3,3,3,3,4,4,3,3,4,False,
SURV0000032,DUD100005,2025-02-11,4,4,5,3,3,5,3,3,3,True,
SURV0000033,DUD100005,2025-03-21,5,4,5,5,4,5,4,5,5,True,
SURV0000034,DUD100005,2025-04-07,1,1,1,1,2,1,1,2,1,False,
SURV0000035,DUD100005,2025-05-06,3,4,3,3,2,3,4,3,4,False,
SURV0000036,DUD100005,2025-06-09,4,4,4,4,5,4,4,3,4,True,
SURV0000037,DUD100005,2025-07-26,3,3,4,4,3,3,3,3,2,False,
SURV0000038,DUD100005,2025-08-08,3,3,4,3,4,3,4,2,3,False,
SURV0000039,DUD100005,2025-09-09,4,4,5,4,5,5,5,4,4,True,
SURV0000040,DUD100006,2023-12-15,5,5,5,5,5,5,5,5,5,True,
SURV0000041,DUD100006,2024-01-03,4,4,5,4,3,4,4,5,3,True,
SURV0000042,DUD100006,2024-02-22,5,4,5,4,5,5,5,5,5,True,
SURV0000043,DUD100006,2024-03-11,4,3,5,5,3,4,4,3,4,True,
SURV0000044,DUD100006,2024-04-16,4,4,4,5,4,4,4,4,3,True,
SURV0000045,DUD100006,2024-05-27,4,4,3,5,3,3,5,3,3,True,
SURV0000046,DUD100006,2024-06-11,4,5,5,4,3,4,4,4,5,True,
SURV0000047,DUD100006,2024-07-11,5,5,5,5,5,4,5,5,5,True,
SURV0000048,DUD100006,2024-08-25,5,5,4,4,5,5,5,5,5,True,
SURV0000049,DUD100006,2024-09-26,4,3,3,4,3,3,5,3,4,True,
SURV0000050,DUD100007,2021-10-11,2,2,3,2,2,2,3,1,2,False,
SURV0000051,DUD100007,2021-11-04,4,3,4,3,3,4,4,4,5,True,
SURV0000052,DUD100007,2021-12-08,5,5,4,5,5,5,5,5,4,True,
SURV0000053,DUD100007,2022-01-04,4,5,4,5,5,3,4,4,5,True,
SURV0000054,DUD100007,2022-02-05,5,5,5,4,5,5,5,4,5,True,
SURV0000055,DUD100008,2021-10-17,1,1,1,1,1,1,2,1,1,False,
SURV0000056,DUD100008,2021-11-16,4,3,4,3,4,4,4,4,4,True,
SURV0000057,DUD100008,2021-12-07,3,3,4,2,2,3,3,4,3,False,
SURV0000058,DUD100008,2022-01-10,3,3,2,3,2,2,4,2,2,False,
SURV0000059,DUD100008,2022-02-01,4,4,4,3,4,4,4,4,3,True,
SURV0000060,DUD100008,2022-03-05,1,1,1,2,1,1,2,1,1,False,
SURV0000061,DUD100008,2022-04-08,5,4,4,5,4,5,5,5,5,True,
SURV0000062,DUD100008,2022-05-09,4,5,3,4,4,5,5,4,3,True,
SURV0000063,DUD100008,2022-06-14,4,4,4,4,4,4,4,4,4,True,
SURV0000064,DUD100008,2022-07-20,4,4,3,4,5,4,3,4,5,True,
SURV0000065,DUD100008,2022-08-10,4,4,4,3,4,3,3,4,3,True,
SURV0000066,DUD100008,2022-09-16,5,4,5,5,5,5,5,5,4,True,
SURV0000067,DUD100009,2021-06-09,3,4,3,2,3,3,4,4,3,False,
SURV0000068,DUD100009,2021-07-05,4,4,3,3,3,3,4,5,4,True,
SURV0000069,DUD100009,2021-08-09,4,4,3,4,4,5,4,5,4,True,
SURV0000070,DUD100009,2021-09-24,5,5,5,4,5,5,5,4,4,True,
SURV0000071,DUD100010,2024-06-13,4,5,5,3,4,4,3,3,3,True,
SURV0000072,DUD100010,2024-07-14,5,5,5,5,5,5,4,5,4,True,
SURV0000073,DUD100010,2024-08-01,5,4,4,4,5,4,5,5,5,True,
SURV0000074,DUD100010,2024-09-25,2,3,1,3,2,2,3,1,1,False,
SURV0000075,DUD100011,2022-08-11,4,4,5,4,4,5,5,3,5,True,
SURV0000076,DUD100011,2022-09-24,4,3,4,4,3,5,3,4,4,True,
SURV0000077,DUD100011,2022-10-21,5,5,4,4,5,5,5,5,5,True,
SURV0000078,DUD100011,2022-11-07,5,5,4,5,4,5,5,4,4,True,
SURV0000079,DUD100011,2022-12-22,4,4,5,4,4,3,3,4,4,True,
SURV0000080,DUD100011,2023-01-20,4,4,3,5,5,3,3,4,4,True,
SURV0000081,DUD100011,2023-02-21,3,3,2,2,3,3,2,2,3,False,
SURV0000082,DUD100012,2021-02-06,3,3,2,2,4,3,3,3,3,False,
SURV0000083,DUD100012,2021-03-12,4,4,4,4,4,4,4,4,3,True,
SURV0000084,DUD100012,2021-04-01,4,3,4,4,5,4,4,3,5,True,
SURV0000085,DUD100012,2021-05-13,3,3,4,3,2,3,2,2,3,False,
SURV0000086,DUD100012,2021-06-04,3,3,3,4,2,3,4,2,3,False,
SURV0000087,DUD100012,2021-07-27,4,4,5,3,3,3,4,5,4,True,
SURV0000088,DUD100012,2021-08-09,3,4,4,3,3,4,4,2,2,False,
SURV0000089,DUD100012,2021-09-03,4,5,3,5,5,4,4,4,4,True,
SURV0000090,DUD100013,2022-07-20,4,4,4,4,4,5,4,5,4,True,
SURV0000091,DUD100013,2022-08-28,4,4,3,3,5,4,4,4,4,True,
SURV0000092,DUD100013,2022-09-18,3,3,2,3,3,3,3,3,4,False,
SURV0000093,DUD100013,2022-10-19,4,5,5,3,3,5,5,5,4,True,
SURV0000094,DUD100013,2022-11-09,4,4,4,5,4,4,4,4,4,True,
SURV0000095,DUD100013,2022-12-10,4,4,3,4,3,4,5,3,5,True,
SURV0000096,DUD100014,2024-03-18,5,5,5,5,4,5,5,5,4,True,
SURV0000097,DUD100014,2024-04-17,3,3,3,3,3,4,4,4,3,False,
SURV0000098,DUD100014,2024-05-17,5,5,5,5,4,5,5,5,5,True,
SURV0000099,DUD100014,2024-06-08,3,2,4,3,4,4,3,3,4,False,
SURV0000100,DUD100014,2024-07-16,5,5,5,5,5,5,5,5,5,True,
SURV0000101,DUD100014,2024-08-02,4,3,4,4,4,5,3,4,3,True,
SURV0000102,DUD100014,2024-09-24,5,5,4,5,4,4,5,5,5,True,
SURV0000103,DUD100014,2024-10-16,3,2,3,3,3,4,4,4,4,False,
SURV0000104,DUD100014,2024-11-03,4,5,5,5,4,5,3,4,3,True,
SURV0000105,DUD100014,2024-12-24,4,5,3,4,3,3,4,4,5,True,
SURV0000106,DUD100014,2025-01-20,4,4,3,5,4,3,5,3,3,True,
SURV0000107,DUD100015,2024-01-26,3,4,2,3,4,4,3,3,3,False,
SURV0000108,DUD100015,2024-02-07,2,1,3,2,1,3,2,2,2,False,
SURV0000109,DUD100015,2024-03-04,2,1,2,2,3,2,2,1,3,False,
SURV0000110,DUD100015,2024-04-03,2,2,3,1,2,1,2,2,2,False,
SURV0000111,DUD100016,2023-04-26,5,4,5,5,4,4,5,5,4,True,
SURV0000112,DUD100016,2023-05-23,2,2,3,2,2,2,2,1,2,False,
SURV0000113,DUD100016,2023-06-09,3,3,4,4,3,3,2,3,4,False,
SURV0000114,DUD100016,2023-07-22,2,2,1,2,2,2,3,1,3,False,
SURV0000115,DUD100016,2023-08-26,2,2,1,1,2,2,1,2,2,False,
SURV0000116,DUD100017,2022-11-17,5,5,4,5,5,5,5,5,5,True,
SURV0000117,DUD100017,2022-12-23,5,5,5,4,4,5,5,5,5,True,
SURV0000118,DUD100017,2023-01-17,5,5,4,5,4,5,5,4,5,True,
SURV0000119,DUD100017,2023-02-22,3,2,2,2,2,2,4,4,2,False,
SURV0000120,DUD100017,2023-03-03,4,4,5,5,5,4,4,4,3,True,
SURV0000121,DUD100017,2023-04-27,4,3,4,4,4,3,5,4,5,True,
SURV0000122,DUD100018,2023-10-08,4,4,4,5,4,4,5,5,5,True,
SURV0000123,DUD100018,2023-11-27,4,3,5,4,4,5,5,4,5,True,
SURV0000124,DUD100018,2023-12-28,4,3,3,3,3,5,4,4,4,True,
SURV0000125,DUD100018,2024-01-15,4,4,5,4,4,5,5,4,4,True,
SURV0000126,DUD100018,2024-02-10,3,3,3,4,3,3,3,4,3,False,
SURV0000127,DUD100019,2023-12-12,4,4,4,5,3,3,4,4,3,True,
SURV0000128,DUD100019,2024-01-25,2,1,2,2,1,1,2,3,3,False,
SURV0000129,DUD100019,2024-02-22,3,2,3,2,2,4,3,3,4,False,
SURV0000130,DUD100019,2024-03-06,5,4,5,5,5,5,5,4,5,True,
SURV0000131,DUD100019,2024-04-02,4,3,4,3,4,4,5,3,3,True,
SURV0000132,DUD100019,2024-05-05,4,4,4,3,4,4,4,4,4,True,
SURV0000133,DUD100019,2024-06-28,1,1,1,1,2,1,1,1,2,False,
SURV0000134,DUD100020,2023-10-08,3,3,4,4,4,2,3,3,4,False,
SURV0000135,DUD100020,2023-11-01,3,4,2,4,3,3,3,3,2,False,
SURV0000136,DUD100020,2023-12-02,4,3,5,3,4,4,4,4,4,True,
SURV0000137,DUD100020,2024-01-07,4,4,4,5,4,4,4,3,4,True,
SURV0000138,DUD100020,2024-02-18,5,5,5,5,4,5,4,5,5,True,
SURV0000139,DUD100020,2024-03-28,3,2,2,3,3,2,4,4,3,False,
SURV0000140,DUD100020,2024-04-09,4,3,4,4,4,4,3,4,4,True,
SURV0000141,DUD100020,2024-05-09,4,5,4,3,5,4,3,4,5,True,
SURV0000142,DUD100020,2024-06-25,2,3,3,3,2,2,2,3,2,False,
SURV0000143,DUD100020,2024-07-10,3,3,4,3,2,4,4,3,3,False,
SURV0000144,DUD100020,2024-08-04,3,3,4,4,3,2,3,2,3,False,
SURV0000145,DUD100020,2024-09-21,4,3,4,4,3,4,4,4,4,True,
SURV0000146,DUD100021,2024-09-19,3,4,2,3,2,3,2,2,2,False,
SURV0000147,DUD100021,2024-10-17,3,2,4,4,3,3,3,3,2,False,
SURV0000148,DUD100021,2024-11-02,4,5,3,4,3,3,4,5,4,True,
SURV0000149,DUD100021,2024-12-11,4,4,4,4,4,4,4,5,4,True,
SURV0000150,DUD100021,2025-01-20,4,4,5,4,5,4,3,4,4,True,
SURV0000151,DUD100021,2025-02-14,4,5,3,4,3,5,4,4,4,True,
SURV0000152,DUD100022,2022-09-26,4,4,4,4,4,3,3,5,3,True,
SURV0000153,DUD100022,2022-10-17,5,5,5,5,5,5,5,4,5,True,
SURV0000154,DUD100022,2022-11-11,3,4,2,2,3,3,3,4,3,False,
SURV0000155,DUD100022,2022-12-20,5,5,5,5,5,5,5,5,5,True,
SURV0000156,DUD100022,2023-01-17,4,4,5,4,5,3,5,5,4,True,
SURV0000157,DUD100022,2023-02-07,3,3,3,4,3,3,2,3,4,False,
SURV0000158,DUD100022,2023-03-26,1,1,2,2,2,1,1,2,2,False,
SURV0000159,DUD100022,2023-04-13,4,5,4,5,4,3,4,4,3,True,
SURV0000160,DUD100022,2023-05-01,5,5,4,5,5,5,5,5,4,True,
SURV0000161,DUD100022,2023-06-11,4,5,4,3,4,4,4,4,3,True,
SURV0000162,DUD100022,2023-07-02,5,5,4,5,5,5,5,5,4,True,
SURV0000163,DUD100023,2024-09-17,4,4,5,3,5,4,5,3,4,True,
SURV0000164,DUD100023,2024-10-05,5,5,5,5,4,4,5,5,5,True,
SURV0000165,DUD100023,2024-11-08,4,5,5,4,4,5,4,3,3,True,
SURV0000166,DUD100023,2024-12-21,5,5,5,4,5,5,5,5,5,True,
SURV0000167,DUD100023,2025-01-08,4,3,5,3,3,3,5,3,4,True,
SURV0000168,DUD100023,2025-02-16,5,5,4,4,5,5,4,5,4,True,
SURV0000169,DUD100023,2025-03-07,4,4,4,4,4,4,5,4,5,True,
SURV0000170,DUD100023,2025-04-25,4,4,4,3,4,4,4,3,3,True,
SURV0000171,DUD100023,2025-05-24,4,4,5,3,5,4,4,5,5,True,
SURV0000172,DUD100023,2025-06-19,4,4,4,3,4,3,5,4,4,True,
SURV0000173,DUD100023,2025-07-23,3,3,4,3,4,3,3,3,2,False,
SURV0000174,DUD100024,2024-03-13,3,3,3,4,2,4,2,3,2,False,
SURV0000175,DUD100024,2024-04-03,3,3,3,3,2,3,2,4,3,False,
SURV0000176,DUD100024,2024-05-16,3,3,3,2,3,2,4,4,3,False,
SURV0000177,DUD100024,2024-06-15,4,4,4,4,4,5,3,3,4,True,
SURV0000178,DUD100024,2024-07-24,3,3,3,3,4,3,2,3,2,False,
SURV0000179,DUD100024,2024-08-10,4,4,4,5,5,4,3,5,4,True,
SURV0000180,DUD100024,2024-09-11,2,3,2,3,3,3,2,3,2,False,
SURV0000181,DUD100024,2024-10-28,5,5,5,5,5,5,5,5,4,True,
SURV0000182,DUD100024,2024-11-03,3,4,3,4,4,2,3,3,3,False,
SURV0000183,DUD100024,2024-12-02,4,4,5,4,5,4,4,5,5,True,
SURV0000184,DUD100024,2025-01-23,4,4,4,3,5,4,3,3,4,True,
SURV0000185,DUD100024,2025-02-24,3,3,3,2,3,3,3,3,3,False,
SURV0000186,DUD100025,2021-08-07,2,1,3,3,1,2,2,2,2,False,
SURV0000187,DUD100025,2021-09-09,4,4,3,4,4,4,5,4,4,True,
SURV0000188,DUD100025,2021-10-24,4,4,5,4,4,5,3,4,3,True,
SURV0000189,DUD100025,2021-11-20,3,3,3,2,3,3,3,2,3,False,
SURV0000190,DUD100025,2021-12-07,5,5,4,5,5,4,5,4,5,True,
SURV0000191,DUD100025,2022-01-15,4,4,4,4,3,4,3,5,4,True,
SURV0000192,DUD100025,2022-02-27,3,3,4,2,4,3,2,3,4,False,
SURV0000193,DUD100025,2022-03-08,4,5,4,3,5,5,3,4,4,True,
SURV0000194,DUD100025,2022-04-12,4,3,5,3,4,3,4,5,5,True,
SURV0000195,DUD100025,2022-05-25,4,4,4,4,5,3,5,5,3,True,
SURV0000196,DUD100025,2022-06-12,5,5,5,5,5,5,5,4,5,True,
SURV0000197,DUD100026,2022-06-06,5,5,5,4,5,4,5,5,5,True,
SURV0000198,DUD100026,2022-07-25,5,5,5,5,5,5,5,5,5,True,
SURV0000199,DUD100026,2022-08-01,1,1,1,1,1,2,2,1,1,False,
SURV0000200,DUD100026,2022-09-07,5,5,5,5,5,5,4,5,5,True,
SURV0000201,DUD100027,2024-09-16,4,4,4,4,5,4,4,4,4,True,
SURV0000202,DUD100027,2024-10-05,5,5,5,4,4,5,4,5,5,True,
SURV0000203,DUD100027,2024-11-02,4,3,5,5,3,4,3,3,5,True,
SURV0000204,DUD100027,2024-12-22,4,4,4,4,3,5,4,5,4,True,
SURV0000205,DUD100027,2025-01-07,4,5,5,5,4,4,5,4,4,True,
SURV0000206,DUD100027,2025-02-07,4,4,5,3,3,4,5,5,4,True,
SURV0000207,DUD100027,2025-03-19,4,5,4,5,3,4,4,4,5,True,
SURV0000208,DUD100027,2025-04-27,5,5,5,5,5,5,4,5,5,True,
SURV0000209,DUD100027,2025-05-09,4,4,5,3,4,4,3,3,3,True,
SURV0000210,DUD100027,2025-06-16,4,4,4,4,4,3,4,3,5,True,
SURV0000211,DUD100027,2025-07-22,4,3,3,3,4,5,3,4,3,True,
SURV0000212,DUD100027,2025-08-16,5,5,5,5,5,5,5,5,5,True,
SURV0000213,DUD100028,2023-08-05,4,3,3,4,5,3,4,4,3,True,
SURV0000214,DUD100028,2023-09-27,4,3,4,5,4,3,4,4,3,True,
SURV0000215,DUD100028,2023-10-11,4,4,5,4,5,3,4,4,4,True,
SURV0000216,DUD100028,2023-11-03,4,4,4,4,4,4,4,5,5,True,
SURV0000217,DUD100028,2023-12-27,4,4,4,4,4,3,4,4,4,True,
SURV0000218,DUD100028,2024-01-03,4,5,3,4,4,5,3,3,4,True,
SURV0000219,DUD100028,2024-02-06,3,2,3,3,3,4,3,2,3,False,
SURV0000220,DUD100028,2024-03-14,4,4,4,4,4,4,4,4,4,True,
SURV0000221,DUD100028,2024-04-12,2,3,3,1,1,2,1,2,2,False,
SURV0000222,DUD100028,2024-05-07,4,3,4,4,4,3,4,5,4,True,
SURV0000223,DUD100028,2024-06-06,4,4,5,4,4,3,5,5,5,True,
SURV0000224,DUD100029,2022-11-24,4,5,4,4,3,4,3,3,5,True,
SURV0000225,DUD100029,2022-12-07,4,4,4,4,5,4,5,4,3,True,
SURV0000226,DUD100029,2023-01-07,4,4,4,4,4,5,4,3,5,True,
SURV0000227,DUD100029,2023-02-28,3,3,2,4,4,2,3,3,3,False,
SURV0000228,DUD100029,2023-03-27,5,5,5,4,4,5,5,5,5,True,
SURV0000229,DUD100029,2023-04-08,4,5,4,4,3,4,5,4,4,True,
SURV0000230,DUD100029,2023-05-17,5,5,4,5,4,5,4,4,5,True,
SURV0000231,DUD100030,2023-09-05,4,3,4,4,4,4,5,5,3,True,
SURV0000232,DUD100030,2023-10-07,5,5,4,5,4,4,5,5,4,True,
SURV0000233,DUD100030,2023-11-25,4,3,5,5,4,4,4,3,3,True,
SURV0000234,DUD100030,2023-12-08,3,2,4,2,4,4,2,2,2,False,
SURV0000235,DUD100030,2024-01-24,3,3,3,3,3,3,3,3,3,False,
SURV0000236,DUD100031,2022-05-03,5,4,5,4,5,4,5,5,4,True,
SURV0000237,DUD100031,2022-06-22,5,5,5,5,5,5,4,5,5,True,
SURV0000238,DUD100031,2022-07-16,5,5,5,5,4,5,5,5,5,True,
SURV0000239,DUD100031,2022-08-01,5,4,5,5,5,5,4,5,4,True,
SURV0000240,DUD100031,2022-09-25,3,3,2,3,4,3,3,2,2,False,
SURV0000241,DUD100031,2022-10-01,4,5,4,3,4,3,4,3,3,True,
SURV0000242,DUD100031,2022-11-27,5,5,5,5,5,4,5,5,5,True,
SURV0000243,DUD100031,2022-12-13,5,4,5,4,5,5,5,5,5,True,
SURV0000244,DUD100031,2023-01-25,4,5,3,5,4,4,5,3,4,True,
SURV0000245,DUD100031,2023-02-17,3,2,3,2,3,3,3,3,2,False,
SURV0000246,DUD100031,2023-03-21,4,5,4,4,4,4,4,4,3,True,
SURV0000247,DUD100031,2023-04-10,5,5,5,5,5,5,4,5,5,True,
SURV0000248,DUD100032,2023-12-11,2,3,2,1,1,2,2,3,2,False,
SURV0000249,DUD100032,2024-01-12,1,1,1,2,1,1,1,1,2,False,
SURV0000250,DUD100032,2024-02-15,4,4,4,3,3,3,4,5,5,True,
SURV0000251,DUD100032,2024-03-17,5,5,5,5,5,4,5,4,5,True,
SURV0000252,DUD100032,2024-04-17,4,4,5,3,4,5,4,4,4,True,
SURV0000253,DUD100032,2024-05-08,5,5,5,5,5,5,5,4,4,True,
SURV0000254,DUD100032,2024-06-14,5,5,5,4,5,5,5,5,4,True,
SURV0000255,DUD100032,2024-07-25,4,4,5,5,5,5,4,3,3,True,
SURV0000256,DUD100033,2024-02-23,4,4,3,4,5,4,3,3,5,True,
SURV0000257,DUD100033,2024-03-24,2,2,2,1,2,2,2,2,2,False,
SURV0000258,DUD100033,2024-04-20,2,2,2,2,2,1,3,2,3,False,
SURV0000259,DUD100033,2024-05-23,2,1,3,2,2,1,2,2,1,False,
SURV0000260,DUD100033,2024-06-02,4,3,4,3,4,4,4,4,4,True,
SURV0000261,DUD100033,2024-07-18,3,2,3,4,3,4,3,3,3,False,
SURV0000262,DUD100033,2024-08-11,3,3,3,4,3,2,2,2,2,False,
SURV0000263,DUD100033,2024-09-19,5,5,5,5,4,5,5,5,5,True,
SURV0000264,DUD100033,2024-10-07,3,4,4,4,2,3,2,3,3,False,
SURV0000265,DUD100034,2024-03-12,3,2,2,3,3,4,4,3,2,False,
SURV0000266,DUD100034,2024-04-16,3,2,3,3,3,4,3,3,3,False,
SURV0000267,DUD100034,2024-05-22,3,3,3,3,3,4,2,3,3,False,
SURV0000268,DUD100034,2024-06-14,4,4,5,4,5,4,3,3,3,True,
SURV0000269,DUD100034,2024-07-07,3,2,4,3,2,3,3,3,2,False,
SURV0000270,DUD100035,2023-08-07,4,5,3,5,3,4,3,4,3,True,
SURV0000271,DUD100035,2023-09-27,4,4,3,3,3,5,3,4,3,True,
SURV0000272,DUD100035,2023-10-14,3,3,4,2,4,3,4,3,3,False,
SURV0000273,DUD100035,2023-11-24,3,2,3,2,3,3,2,3,3,False,
SURV0000274,DUD100035,2023-12-13,3,4,3,2,4,3,4,2,3,False,
SURV0000275,DUD100035,2024-01-06,3,3,4,4,2,2,3,3,3,False,
SURV0000276,DUD100036,2021-06-25,3,2,2,3,3,2,2,4,3,False,
SURV0000277,DUD100036,2021-07-16,4,4,4,4,3,5,5,4,5,True,
SURV0000278,DUD100036,2021-08-21,2,3,3,3,1,1,2,2,2,False,
SURV0000279,DUD100036,2021-09-06,5,5,5,5,4,5,5,5,5,True,
SURV0000280,DUD100036,2021-10-06,4,5,4,3,4,4,3,4,4,True,
SURV0000281,DUD100036,2021-11-02,5,4,5,5,4,5,4,5,5,True,
SURV0000282,DUD100037,2021-07-04,3,3,3,2,3,2,3,4,2,False,
SURV0000283,DUD100037,2021-08-22,4,3,3,5,3,4,4,4,4,True,
SURV0000284,DUD100037,2021-09-18,5,5,5,5,5,5,5,4,5,True,
SURV0000285,DUD100037,2021-10-18,4,3,5,4,5,5,5,5,4,True,
SURV0000286,DUD100037,2021-11-13,5,5,5,5,5,4,5,5,5,True,
SURV0000287,DUD100037,2021-12-16,5,4,5,5,5,5,4,4,5,True,
SURV0000288,DUD100037,2022-01-07,5,5,4,5,5,5,5,5,5,True,
SURV0000289,DUD100038,2022-05-18,3,2,3,3,3,3,3,3,3,False,
SURV0000290,DUD100038,2022-06-28,4,4,4,4,4,3,4,4,4,True,
SURV0000291,DUD100038,2022-07-12,2,2,2,2,3,3,2,2,2,False,
SURV0000292,DUD100038,2022-08-20,4,4,4,5,4,4,4,4,3,True,
SURV0000293,DUD100038,2022-09-14,4,3,5,4,5,3,5,4,4,True,
SURV0000294,DUD100038,2022-10-26,3,3,2,2,4,4,3,3,3,False,
SURV0000295,DUD100038,2022-11-28,2,2,2,3,2,2,3,1,2,False,
SURV0000296,DUD100039,2021-02-26,4,4,5,4,3,4,5,4,4,True,
SURV0000297,DUD100039,2021-03-08,4,4,5,3,3,4,5,3,4,True,
SURV0000298,DUD100039,2021-04-01,3,3,2,3,3,3,4,3,3,False,
SURV0000299,DUD100039,2021-05-14,3,3,3,4,4,3,4,4,3,False,
SURV0000300,DUD100039,2021-06-28,4,3,3,4,3,3,5,5,3,True,
SURV0000301,DUD100039,2021-07-14,4,5,4,4,5,3,4,4,5,True,
SURV0000302,DUD100039,2021-08-16,3,4,4,3,3,4,3,2,3,False,
SURV0000303,DUD100039,2021-09-17,3,3,3,2,3,4,4,3,2,False,
SURV0000304,DUD100039,2021-10-11,3,3,2,3,2,3,4,2,2,False,
SURV0000305,DUD100039,2021-11-02,4,4,4,5,4,4,4,4,5,True,
SURV0000306,DUD100040,2021-07-15,2,2,1,2,2,2,2,2,2,False,
SURV0000307,DUD100040,2021-08-03,4,3,4,3,4,4,4,5,4,True,
SURV0000308,DUD100040,2021-09-20,4,3,5,5,4,3,3,5,4,True,
SURV0000309,DUD100040,2021-10-13,4,4,4,5,4,4,5,3,4,True,
SURV0000310,DUD100040,2021-11-25,3,4,4,4,2,4,4,3,3,False,
SURV0000311,DUD100040,2021-12-14,2,2,2,2,2,3,3,2,2,False,
SURV0000312,DUD100040,2022-01-15,5,5,5,5,5,5,5,5,5,True,
SURV0000313,DUD100040,2022-02-25,5,5,5,5,5,5,4,5,5,True,
SURV0000314,DUD100040,2022-03-08,4,3,3,4,4,3,3,3,4,True,
SURV0000315,DUD100040,2022-04-21,5,5,5,5,5,4,4,5,4,True,
SURV0000316,DUD100041,2021-03-08,3,3,3,2,3,4,2,4,3,False,
SURV0000317,DUD100041,2021-04-12,3,3,3,3,2,4,4,3,2,False,
SURV0000318,DUD100041,2021-05-08,4,3,4,3,3,5,4,4,4,True,
SURV0000319,DUD100041,2021-06-06,4,5,5,5,5,4,3,4,4,True,
SURV0000320,DUD100041,2021-07-07,3,4,2,3,3,3,2,2,4,False,
SURV0000321,DUD100042,2022-08-02,4,5,4,3,4,4,5,4,4,True,
SURV0000322,DUD100042,2022-09-09,4,4,4,3,3,5,4,4,4,True,
SURV0000323,DUD100042,2022-10-04,2,3,2,3,3,1,2,3,2,False,
SURV0000324,DUD100042,2022-11-23,4,5,4,3,4,4,4,5,3,True,
SURV0000325,DUD100042,2022-12-14,4,3,5,3,5,3,4,4,4,True,
SURV0000326,DUD100042,2023-01-26,5,5,5,4,4,5,4,5,5,True,
SURV0000327,DUD100042,2023-02-25,4,3,4,4,3,5,4,5,4,True,
SURV0000328,DUD100042,2023-03-24,4,4,4,5,4,5,3,4,5,True,
SURV0000329,DUD100042,2023-04-06,3,3,2,3,3,4,3,3,3,False,
SURV0000330,DUD100043,2023-10-08,4,5,5,5,4,3,5,3,3,True,
SURV0000331,DUD100043,2023-11-15,2,1,2,2,1,2,1,1,1,False,
SURV0000332,DUD100043,2023-12-05,3,3,3,4,4,3,3,3,3,False,
SURV0000333,DUD100043,2024-01-08,5,5,4,5,5,5,4,5,5,True,
SURV0000334,DUD100043,2024-02-20,5,5,4,5,4,5,5,5,5,True,
SURV0000335,DUD100043,2024-03-22,4,4,5,4,4,4,5,3,5,True,
SURV0000336,DUD100043,2024-04-09,4,3,4,4,4,3,4,4,5,True,
SURV0000337,DUD100043,2024-05-20,5,5,5,5,5,5,4,5,5,True,
SURV0000338,DUD100043,2024-06-27,2,2,2,2,3,2,2,2,2,False,
SURV0000339,DUD100044,2023-11-24,2,2,2,3,3,2,1,1,2,False,
SURV0000340,DUD100044,2023-12-15,1,1,2,1,2,2,1,2,1,False,
SURV0000341,DUD100044,2024-01-16,4,4,5,3,5,3,5,5,3,True,
SURV0000342,DUD100044,2024-02-01,4,4,4,5,4,4,5,4,4,True,
SURV0000343,DUD100044,2024-03-27,2,2,2,3,2,2,2,2,2,False,
SURV0000344,DUD100044,2024-04-22,2,2,3,2,2,2,2,2,3,False,
SURV0000345,DUD100044,2024-05-14,5,5,4,5,5,5,4,5,4,True,
SURV0000346,DUD100045,2023-05-14,4,4,5,5,4,4,5,4,4,True,
SURV0000347,DUD100045,2023-06-08,2,2,1,1,1,2,3,2,3,False,
SURV0000348,DUD100045,2023-07-21,3,4,3,2,3,3,2,3,3,False,
SURV0000349,DUD100045,2023-08-01,4,4,4,3,4,4,4,4,3,True,
SURV0000350,DUD100045,2023-09-16,3,3,4,3,4,4,4,3,3,False,
SURV0000351,DUD100045,2023-10-03,3,3,3,3,2,4,4,3,3,False,
SURV0000352,DUD100045,2023-11-27,5,5,5,5,4,5,5,5,5,True,
SURV0000353,DUD100046,2022-05-25,4,4,3,3,4,4,3,4,4,True,
SURV0000354,DUD100046,2022-06-28,4,5,4,3,4,4,4,4,5,True,
SURV0000355,DUD100046,2022-07-02,4,5,3,3,4,4,4,5,3,True,
SURV0000356,DUD100046,2022-08-04,2,3,2,3,1,3,3,2,2,False,
SURV0000357,DUD100046,2022-09-01,5,4,5,5,5,5,4,5,4,True,
SURV0000358,DUD100046,2022-10-16,4,5,4,3,5,3,5,4,4,True,
SURV0000359,DUD100046,2022-11-07,3,4,2,3,3,3,4,3,2,False,
SURV0000360,DUD100046,2022-12-19,5,5,5,5,4,4,5,5,5,True,
SURV0000361,DUD100046,2023-01-14,4,3,3,4,3,4,5,3,4,True,
SURV0000362,DUD100046,2023-02-22,3,3,2,2,4,2,4,4,4,False,
SURV0000363,DUD100047,2022-11-18,5,5,5,5,4,5,5,5,4,True,
SURV0000364,DUD100047,2022-12-01,4,4,5,5,4,3,5,4,4,True,
SURV0000365,DUD100047,2023-01-12,3,3,2,3,2,3,3,3,3,False,
SURV0000366,DUD100047,2023-02-19,4,4,5,5,4,3,4,4,4,True,
SURV0000367,DUD100047,2023-03-12,4,4,4,5,3,4,3,5,5,True,
SURV0000368,DUD100047,2023-04-06,5,5,5,5,5,5,5,4,5,True,
SURV0000369,DUD100047,2023-05-08,3,3,3,4,3,2,2,3,4,False,
SURV0000370,DUD100047,2023-06-08,5,5,5,5,5,5,4,5,5,True,
SURV0000371,DUD100047,2023-07-11,1,1,1,2,1,1,1,1,1,False,
SURV0000372,DUD100047,2023-08-22,4,3,4,4,3,4,4,3,4,True,
SURV0000373,DUD100047,2023-09-18,4,5,4,3,3,4,4,4,4,True,
SURV0000374,DUD100048,2023-12-17,5,5,5,5,4,5,5,5,5,True,
SURV0000375,DUD100048,2024-01-20,3,2,2,3,3,4,2,3,3,False,
SURV0000376,DUD100048,2024-02-16,4,4,4,4,4,4,4,5,5,True,
SURV0000377,DUD100048,2024-03-12,3,3,2,4,3,4,4,3,3,False,
SURV0000378,DUD100048,2024-04-02,5,5,5,5,4,5,5,5,5,True,
SURV0000379,DUD100048,2024-05-24,5,5,5,4,5,5,5,4,5,True,
SURV0000380,DUD100048,2024-06-03,3,3,3,4,3,2,3,2,4,False,
SURV0000381,DUD100048,2024-07-01,5,4,5,5,5,5,5,5,4,True,
SURV0000382,DUD100048,2024-08-14,5,5,5,5,4,5,4,5,5,True,
SURV0000383,DUD100048,2024-09-17,4,4,5,3,3,3,5,4,5,True,
SURV0000384,DUD100049,2024-05-12,4,4,4,4,4,4,3,4,5,True,
SURV0000385,DUD100049,2024-06-19,4,4,4,4,3,4,5,4,4,True,
SURV0000386,DUD100049,2024-07-10,4,3,3,3,4,5,5,3,4,True,
SURV0000387,DUD100049,2024-08-23,5,5,4,5,5,5,4,4,5,True,
SURV0000388,DUD100049,2024-09-11,3,3,3,3,3,2,3,3,2,False,
SURV0000389,DUD100049,2024-10-10,3,3,3,3,3,3,2,3,4,False,
SURV0000390,DUD100049,2024-11-03,4,4,3,4,4,5,5,3,5,True,
SURV0000391,DUD100049,2024-12-26,1,1,2,1,1,1,1,2,1,False,
SURV0000392,DUD100050,2022-10-21,5,5,5,5,5,4,5,5,5,True,
SURV0000393,DUD100050,2022-11-06,4,3,5,3,4,3,5,4,4,True,
SURV0000394,DUD100050,2022-12-07,4,3,3,5,4,4,4,5,5,True,
SURV0000395,DUD100050,2023-01-20,4,5,5,4,4,4,5,4,3,True,
SURV0000396,DUD100050,2023-02-10,1,1,2,2,1,1,1,1,1,False,
SURV0000397,DUD100050,2023-03-03,1,1,1,1,1,1,1,1,1,False,
SURV0000398,DUD100050,2023-04-27,3,3,2,2,3,3,3,2,3,False,
SURV0000399,DUD100050,2023-05-15,5,5,5,4,4,5,5,5,5,True,
SURV0000400,DUD100050,2023-06-20,5,5,5,5,4,4,5,4,4,True,
SURV0000401,DUD100050,2023-07-02,5,4,5,4,5,5,5,5,5,True,
SURV0000402,DUD100050,2023-08-15,4,3,5,4,3,4,4,4,3,True,
SURV0000403,DUD100051,2023-12-18,3,3,3,4,4,3,3,3,3,False,
SURV0000404,DUD100051,2024-01-17,5,5,5,5,5,5,5,5,5,True,
SURV0000405,DUD100051,2024-02-08,5,5,5,4,5,5,5,5,5,True,
SURV0000406,DUD100051,2024-03-07,1,1,1,2,1,1,2,1,2,False,
SURV0000407,DUD100051,2024-04-01,3,3,4,4,2,3,4,4,3,False,
SURV0000408,DUD100051,2024-05-10,4,4,4,5,5,3,5,3,5,True,
SURV0000409,DUD100052,2022-05-10,1,1,2,1,2,1,1,1,1,False,
SURV0000410,DUD100052,2022-06-15,4,4,5,3,5,4,4,3,4,True,
SURV0000411,DUD100052,2022-07-26,4,5,3,3,5,4,5,4,3,True,
SURV0000412,DUD100052,2022-08-28,4,4,5,4,5,3,5,3,3,True,
SURV0000413,DUD100052,2022-09-16,5,5,4,4,4,5,4,4,5,True,
SURV0000414,DUD100052,2022-10-12,5,5,5,5,5,5,4,5,5,True,
SURV0000415,DUD100052,2022-11-01,5,5,5,4,5,5,5,4,5,True,
SURV0000416,DUD100052,2022-12-09,5,5,5,4,4,5,5,5,5,True,
SURV0000417,DUD100052,2023-01-07,4,4,3,5,3,4,5,3,4,True,
SURV0000418,DUD100052,2023-02-08,4,3,4,4,5,4,4,4,4,True,
SURV0000419,DUD100052,2023-03-21,4,4,4,5,4,4,5,4,4,True,
SURV0000420,DUD100052,2023-04-02,3,3,2,4,3,4,2,2,3,False,
SURV0000421,DUD100053,2024-07-20,4,4,5,5,5,4,4,5,3,True,
SURV0000422,DUD100053,2024-08-02,1,1,1,1,1,1,1,1,1,False,
SURV0000423,DUD100053,2024-09-23,4,4,4,5,4,3,4,5,3,True,
SURV0000424,DUD100053,2024-10-26,4,4,4,4,3,5,3,3,4,True,
SURV0000425,DUD100053,2024-11-09,5,5,5,5,5,5,4,5,4,True,
SURV0000426,DUD100053,2024-12-10,3,2,4,3,2,4,3,2,3,False,
SURV0000427,DUD100053,2025-01-24,3,2,4,3,4,3,3,4,4,False,
SURV0000428,DUD100053,2025-02-24,4,4,5,5,3,3,4,4,3,True,
SURV0000429,DUD100053,2025-03-22,4,4,4,4,5,4,5,3,4,True,
SURV0000430,DUD100053,2025-04-26,3,4,4,3,4,4,3,4,3,False,
SURV0000431,DUD100053,2025-05-04,2,2,2,1,3,1,3,2,1,False,
SURV0000432,DUD100054,2023-03-14,4,4,5,3,4,4,5,4,3,True,
SURV0000433,DUD100054,2023-04-04,4,5,4,5,3,3,3,4,4,True,
SURV0000434,DUD100054,2023-05-27,4,4,4,4,3,4,3,5,4,True,
SURV0000435,DUD100054,2023-06-22,3,3,4,2,2,2,4,3,3,False,
SURV0000436,DUD100054,2023-07-18,2,2,2,2,2,1,3,3,1,False,
SURV0000437,DUD100054,2023-08-03,3,3,3,3,3,3,3,4,3,False,
SURV0000438,DUD100054,2023-09-06,4,3,3,5,3,3,4,3,4,True,
SURV0000439,DUD100054,2023-10-06,4,4,4,5,3,3,4,4,4,True,
SURV0000440,DUD100054,2023-11-26,4,4,5,4,5,4,3,3,4,True,
SURV0000441,DUD100054,2023-12-13,4,5,5,4,5,3,3,4,4,True,
SURV0000442,DUD100054,2024-01-08,4,4,4,3,4,4,3,3,3,True,
SURV0000443,DUD100054,2024-02-16,3,3,3,4,3,4,3,3,2,False,
SURV0000444,DUD100055,2023-08-20,4,4,3,3,3,5,4,4,5,True,
SURV0000445,DUD100055,2023-09-20,4,3,4,5,5,4,4,5,4,True,
SURV0000446,DUD100055,2023-10-26,4,3,5,4,4,4,4,4,4,True,
SURV0000447,DUD100055,2023-11-12,5,5,5,5,5,5,5,5,4,True,
SURV0000448,DUD100055,2023-12-05,3,3,4,3,2,3,4,3,4,False,
SURV0000449,DUD100055,2024-01-01,3,3,3,4,3,3,4,3,4,False,
SURV0000450,DUD100055,2024-02-07,5,5,5,5,4,4,5,5,4,True,
SURV0000451,DUD100055,2024-03-07,5,5,4,5,4,5,5,5,5,True,
SURV0000452,DUD100055,2024-04-26,3,3,2,4,4,3,3,4,2,False,
SURV0000453,DUD100055,2024-05-18,5,5,5,5,5,5,5,4,4,True,
SURV0000454,DUD100055,2024-06-24,4,4,4,3,5,5,4,5,4,True,
SURV0000455,DUD100055,2024-07-16,3,3,4,3,3,3,3,3,4,False,
SURV0000456,DUD100056,2024-02-23,3,4,3,3,2,3,3,3,3,False,
SURV0000457,DUD100056,2024-03-13,4,3,4,4,4,5,3,5,4,True,
SURV0000458,DUD100056,2024-04-16,3,2,3,3,3,2,3,4,4,False,
SURV0000459,DUD100056,2024-05-27,4,5,4,4,4,4,4,4,4,True,
SURV0000460,DUD100056,2024-06-13,5,5,5,4,5,5,5,5,5,True,
SURV0000461,DUD100057,2022-07-19,2,3,2,1,2,1,2,3,2,False,
SURV0000462,DUD100057,2022-08-08,5,5,5,5,4,5,5,4,5,True,
SURV0000463,DUD100057,2022-09-10,5,5,5,5,5,5,5,5,5,True,
SURV0000464,DUD100057,2022-10-20,2,3,3,2,2,3,1,2,2,False,
SURV0000465,DUD100057,2022-11-13,3,3,2,3,4,3,2,3,2,False,
SURV0000466,DUD100057,2022-12-22,5,5,4,5,5,5,4,5,5,True,
SURV0000467,DUD100057,2023-01-24,4,4,4,3,4,4,4,5,3,True,
SURV0000468,DUD100057,2023-02-13,4,5,4,3,3,4,5,4,5,True,
SURV0000469,DUD100058,2022-01-06,5,5,4,4,4,5,5,4,5,True,
SURV0000470,DUD100058,2022-02-18,4,4,5,3,4,4,3,4,3,True,
SURV0000471,DUD100058,2022-03-12,3,3,3,3,2,4,2,2,2,False,
SURV0000472,DUD100058,2022-04-27,2,3,3,1,1,1,3,2,2,False,
SURV0000473,DUD100059,2022-03-25,3,3,3,3,4,2,3,3,3,False,
SURV0000474,DUD100059,2022-04-16,4,3,4,4,3,3,3,3,4,True,
SURV0000475,DUD100059,2022-05-09,3,3,3,4,4,3,3,3,3,False,
SURV0000476,DUD100059,2022-06-07,3,2,3,2,4,4,2,3,3,False,
SURV0000477,DUD100059,2022-07-14,3,3,3,4,3,4,3,3,3,False,
SURV0000478,DUD100059,2022-08-02,5,5,4,5,5,4,5,5,5,True,
SURV0000479,DUD100059,2022-09-23,3,3,4,4,4,3,3,3,3,False,
SURV0000480,DUD100059,2022-10-13,5,5,5,5,4,5,5,4,5,True,
SURV0000481,DUD100060,2024-09-19,4,4,3,5,5,3,4,3,5,True,
SURV0000482,DUD100060,2024-10-02,1,1,1,1,1,1,1,1,1,False,
SURV0000483,DUD100060,2024-11-08,3,2,4,3,2,2,2,3,2,False,
SURV0000484,DUD100060,2024-12-19,5,5,5,5,5,5,4,5,4,True,
SURV0000485,DUD100060,2025-01-28,5,5,5,4,5,5,5,5,5,True,
SURV0000486,DUD100060,2025-02-26,3,3,3,3,2,3,3,2,2,False,
SURV0000487,DUD100060,2025-03-03,5,5,4,5,5,5,4,5,4,True,
SURV0000488,DUD100060,2025-04-03,1,1,1,1,1,2,1,2,1,False,
SURV0000489,DUD100060,2025-05-24,4,3,4,3,3,3,3,5,4,True,
SURV0000490,DUD100060,2025-06-24,1,1,1,1,1,1,2,2,2,False,
SURV0000491,DUD100060,2025-07-03,4,3,5,4,4,3,3,3,4,True,
SURV0000492,DUD100061,2024-08-20,2,2,2,1,2,3,2,2,2,False,
SURV0000493,DUD100061,2024-09-04,2,3,3,2,1,2,1,1,2,False,
SURV0000494,DUD100061,2024-10-03,4,3,5,4,5,5,5,3,3,True,
SURV0000495,DUD100061,2024-11-08,4,5,4,5,4,4,5,4,4,True,
SURV0000496,DUD100061,2024-12-06,4,3,5,4,4,4,3,4,4,True,
SURV0000497,DUD100062,2021-03-06,2,2,2,3,2,2,1,2,2,False,
SURV0000498,DUD100062,2021-04-16,3,4,3,3,2,4,3,3,3,False,
SURV0000499,DUD100062,2021-05-10,4,5,4,4,5,3,4,4,4,True,
SURV0000500,DUD100062,2021-06-12,4,4,3,5,4,4,4,4,5,True,
SURV0000501,DUD100062,2021-07-14,1,1,1,1,1,1,1,1,1,False,
SURV0000502,DUD100063,2024-07-17,4,3,4,3,4,5,4,4,4,True,
SURV0000503,DUD100063,2024-08-21,4,4,3,4,4,5,3,4,3,True,
SURV0000504,DUD100063,2024-09-10,4,5,5,4,5,3,4,4,3,True,
SURV0000505,DUD100063,2024-10-06,4,3,4,4,3,4,3,4,3,True,
SURV0000506,DUD100063,2024-11-25,3,3,2,3,3,3,3,3,3,False,
SURV0000507,DUD100063,2024-12-13,5,4,4,5,4,5,4,5,5,True,
SURV0000508,DUD100064,2021-05-18,3,3,3,4,4,3,3,3,3,False,
SURV0000509,DUD100064,2021-06-28,5,5,5,5,4,5,5,4,5,True,
SURV0000510,DUD100064,2021-07-17,4,4,4,4,5,3,3,4,4,True,
SURV0000511,DUD100064,2021-08-07,2,2,2,2,1,3,1,3,1,False,
SURV0000512,DUD100064,2021-09-10,5,5,5,5,4,4,5,5,5,True,
SURV0000513,DUD100064,2021-10-12,3,3,2,3,3,3,2,3,3,False,
SURV0000514,DUD100064,2021-11-09,5,5,5,5,5,4,5,5,4,True,
SURV0000515,DUD100064,2021-12-22,5,5,5,5,5,5,4,5,5,True,
SURV0000516,DUD100064,2022-01-17,5,4,5,5,5,5,5,4,5,True,
SURV0000517,DUD100065,2022-02-07,4,3,4,3,4,5,4,4,4,True,
SURV0000518,DUD100065,2022-03-28,4,4,5,5,3,5,4,4,5,True,
SURV0000519,DUD100065,2022-04-08,4,3,5,4,5,3,3,3,5,True,
SURV0000520,DUD100065,2022-05-03,4,5,4,4,4,5,3,4,4,True,
SURV0000521,DUD100065,2022-06-06,4,4,4,4,4,4,5,3,5,True,
SURV0000522,DUD100065,2022-07-20,4,4,4,3,4,4,5,4,3,True,
SURV0000523,DUD100066,2024-09-22,4,4,3,4,4,5,4,5,3,True,
SURV0000524,DUD100066,2024-10-12,4,3,3,5,3,5,5,4,4,True,
SURV0000525,DUD100066,2024-11-17,3,3,2,4,3,3,3,2,3,False,
SURV0000526,DUD100066,2024-12-14,5,5,5,4,5,5,5,5,4,True,
SURV0000527,DUD100067,2022-04-14,2,2,1,3,2,2,1,1,2,False,
SURV0000528,DUD100067,2022-05-06,5,5,5,5,5,4,5,5,5,True,
SURV0000529,DUD100067,2022-06-07,2,2,2,3,3,1,1,3,1,False,
SURV0000530,DUD100067,2022-07-22,2,1,1,2,2,3,1,3,2,False,
SURV0000531,DUD100067,2022-08-09,5,5,5,5,5,4,5,5,5,True,
SURV0000532,DUD100067,2022-09-15,3,2,3,3,3,3,3,3,3,False,
SURV0000533,DUD100067,2022-10-01,5,5,5,5,5,4,4,5,5,True,
SURV0000534,DUD100067,2022-11-17,1,1,1,1,1,1,1,1,1,False,
SURV0000535,DUD100067,2022-12-06,4,4,5,3,4,3,4,5,4,True,
SURV0000536,DUD100068,2024-07-19,4,4,5,4,3,4,3,4,3,True,
SURV0000537,DUD100068,2024-08-16,3,3,4,3,2,2,2,2,4,False,
SURV0000538,DUD100068,2024-09-04,4,4,5,4,5,4,4,4,4,True,
SURV0000539,DUD100068,2024-10-20,5,5,5,5,5,5,5,4,5,True,
SURV0000540,DUD100068,2024-11-23,4,4,4,3,5,3,4,5,4,True,
SURV0000541,DUD100068,2024-12-06,3,3,4,3,3,2,3,3,2,False,
SURV0000542,DUD100068,2025-01-01,4,4,4,4,5,4,3,4,4,True,
SURV0000543,DUD100069,2023-05-17,4,4,4,5,4,5,4,5,4,True,
SURV0000544,DUD100069,2023-06-11,3,3,2,3,4,4,4,4,2,False,
SURV0000545,DUD100069,2023-07-14,3,3,4,3,4,3,3,3,2,False,
SURV0000546,DUD100069,2023-08-25,2,1,2,1,1,1,3,2,3,False,
SURV0000547,DUD100069,2023-09-20,1,1,1,2,1,1,2,2,2,False,
SURV0000548,DUD100069,2023-10-01,4,5,5,4,4,3,4,5,3,True,
SURV0000549,DUD100069,2023-11-28,4,4,4,4,5,4,4,3,3,True,
SURV0000550,DUD100069,2023-12-20,3,3,4,2,4,3,4,3,4,False,
SURV0000551,DUD100070,2021-02-01,3,4,2,3,3,3,3,3,3,False,
SURV0000552,DUD100070,2021-03-24,4,4,4,4,5,4,3,3,3,True,
SURV0000553,DUD100070,2021-04-06,3,3,3,3,2,4,3,3,3,False,
SURV0000554,DUD100070,2021-05-18,5,4,5,5,5,5,5,5,4,True,
SURV0000555,DUD100070,2021-06-27,3,2,4,3,3,4,3,4,3,False,
SURV0000556,DUD100070,2021-07-26,4,4,3,4,4,4,5,5,3,True,
SURV0000557,DUD100071,2022-07-18,3,3,2,3,4,4,2,4,2,False,
SURV0000558,DUD100071,2022-08-13,5,5,5,5,4,5,4,5,5,True,
SURV0000559,DUD100071,2022-09-02,4,3,4,4,4,4,4,3,4,True,
SURV0000560,DUD100071,2022-10-27,3,4,2,2,3,3,4,3,4,False,
SURV0000561,DUD100071,2022-11-25,4,5,4,4,5,4,4,3,4,True,
SURV0000562,DUD100071,2022-12-01,3,3,2,3,4,3,4,2,3,False,
SURV0000563,DUD100071,2023-01-15,4,5,4,5,4,4,5,4,3,True,
SURV0000564,DUD100072,2022-07-14,4,4,4,4,3,4,4,4,5,True,
SURV0000565,DUD100072,2022-08-14,5,5,5,5,4,5,5,5,5,True,
SURV0000566,DUD100072,2022-09-01,2,2,2,1,2,2,1,1,2,False,
SURV0000567,DUD100072,2022-10-01,3,3,3,3,3,4,2,4,3,False,
SURV0000568,DUD100072,2022-11-07,3,4,4,4,4,2,2,3,3,False,
SURV0000569,DUD100072,2022-12-07,4,5,4,5,5,5,5,4,3,True,
SURV0000570,DUD100072,2023-01-01,5,5,5,5,4,5,5,4,5,True,
SURV0000571,DUD100072,2023-02-10,4,4,3,4,4,5,3,5,4,True,
SURV0000572,DUD100072,2023-03-23,5,5,5,5,5,5,5,4,4,True,
SURV0000573,DUD100072,2023-04-11,4,3,5,4,3,4,4,4,5,True,
SURV0000574,DUD100072,2023-05-23,5,4,5,5,5,5,5,5,5,True,
SURV0000575,DUD100072,2023-06-07,3,2,4,3,3,4,3,3,3,False,
SURV0000576,DUD100073,2023-12-18,5,5,5,4,5,5,4,5,5,True,
SURV0000577,DUD100073,2024-01-20,2,2,1,3,2,2,3,2,1,False,
SURV0000578,DUD100073,2024-02-05,4,5,5,3,3,3,4,3,5,True,
SURV0000579,DUD100073,2024-03-25,5,5,5,5,5,5,5,5,5,True,
SURV0000580,DUD100074,2022-03-14,3,3,3,2,3,3,4,4,2,False,
SURV0000581,DUD100074,2022-04-27,5,5,5,5,5,5,4,4,5,True,
SURV0000582,DUD100074,2022-05-24,4,5,5,4,5,4,3,4,4,True,
SURV0000583,DUD100074,2022-06-26,5,5,5,5,5,5,5,5,5,True,
SURV0000584,DUD100074,2022-07-19,1,1,1,1,2,1,1,1,1,False,
SURV0000585,DUD100074,2022-08-06,4,3,4,4,4,4,5,3,4,True,
SURV0000586,DUD100074,2022-09-14,5,4,5,5,5,5,4,4,5,True,
SURV0000587,DUD100074,2022-10-07,1,1,2,1,1,2,2,1,1,False,
SURV0000588,DUD100074,2022-11-15,4,4,3,4,5,4,5,3,4,True,
SURV0000589,DUD100074,2022-12-05,4,4,4,5,5,4,4,4,5,True,
SURV0000590,DUD100074,2023-01-15,3,3,4,2,3,2,2,4,3,False,
SURV0000591,DUD100075,2023-02-19,3,2,3,3,4,2,3,3,3,False,
SURV0000592,DUD100075,2023-03-18,4,4,4,5,4,4,4,4,4,True,
SURV0000593,DUD100075,2023-04-23,4,4,5,4,3,5,4,4,4,True,
SURV0000594,DUD100075,2023-05-18,3,3,2,2,2,3,3,4,2,False,
SURV0000595,DUD100075,2023-06-22,4,3,3,4,4,5,4,5,3,True,
SURV0000596,DUD100075,2023-07-05,4,4,4,3,3,4,4,5,4,True,
SURV0000597,DUD100076,2022-01-07,1,1,1,1,1,1,1,2,1,False,
SURV0000598,DUD100076,2022-02-01,5,4,5,5,5,5,4,5,5,True,
SURV0000599,DUD100076,2022-03-09,4,3,5,4,5,4,4,4,4,True,
SURV0000600,DUD100076,2022-04-26,5,4,5,5,5,5,5,5,5,True,
SURV0000601,DUD100076,2022-05-07,4,4,3,4,4,5,3,4,4,True,
SURV0000602,DUD100077,2021-04-16,4,4,4,3,5,3,3,4,4,True,
SURV0000603,DUD100077,2021-05-11,3,4,3,2,4,4,3,4,4,False,
SURV0000604,DUD100077,2021-06-27,5,4,5,5,5,5,5,4,4,True,
SURV0000605,DUD100077,2021-07-08,4,4,4,5,3,4,3,4,5,True,
SURV0000606,DUD100077,2021-08-28,4,3,5,4,4,4,3,4,4,True,
SURV0000607,DUD100077,2021-09-23,2,3,3,1,2,2,2,2,2,False,
SURV0000608,DUD100077,2021-10-04,3,4,3,4,4,3,3,4,2,False,
SURV0000609,DUD100077,2021-11-20,4,4,4,5,4,4,3,4,5,True,
SURV0000610,DUD100077,2021-12-02,4,4,4,3,4,5,4,4,4,True,
SURV0000611,DUD100077,2022-01-09,3,3,2,3,4,3,2,4,3,False,
SURV0000612,DUD100078,2024-07-05,3,4,4,3,3,4,3,3,3,False,
SURV0000613,DUD100078,2024-08-12,5,5,5,5,5,4,5,4,5,True,
SURV0000614,DUD100078,2024-09-06,4,4,5,4,4,5,4,4,4,True,
SURV0000615,DUD100078,2024-10-28,4,4,4,4,4,4,4,3,4,True,
SURV0000616,DUD100078,2024-11-02,5,4,5,5,5,5,4,5,4,True,
SURV0000617,DUD100078,2024-12-11,4,5,5,5,3,5,3,5,4,True,
SURV0000618,DUD100078,2025-01-27,1,2,1,1,1,1,2,1,2,False,
SURV0000619,DUD100078,2025-02-02,4,4,4,3,5,4,4,4,5,True,
SURV0000620,DUD100078,2025-03-03,4,4,4,5,4,4,3,4,3,True,
SURV0000621,DUD100078,2025-04-07,3,3,2,4,4,3,3,3,3,False,
SURV0000622,DUD100078,2025-05-10,4,4,4,5,4,3,5,4,4,True,
SURV0000623,DUD100078,2025-06-20,4,5,4,4,3,4,4,4,3,True,
SURV0000624,DUD100079,2022-12-14,4,4,4,4,4,4,4,3,3,True,
SURV0000625,DUD100079,2023-01-10,4,4,4,3,4,3,4,5,5,True,
SURV0000626,DUD100079,2023-02-09,2,2,3,2,1,3,2,3,1,False,
SURV0000627,DUD100079,2023-03-21,3,3,4,4,2,4,3,3,2,False,
SURV0000628,DUD100079,2023-04-19,4,4,4,4,5,5,4,4,4,True,
SURV0000629,DUD100079,2023-05-22,2,2,3,3,2,1,1,3,3,False,
SURV0000630,DUD100079,2023-06-19,4,4,3,4,3,4,5,4,4,True,
SURV0000631,DUD100080,2024-06-02,2,2,2,2,3,1,3,1,1,False,
SURV0000632,DUD100080,2024-07-15,5,4,5,5,5,5,5,5,4,True,
SURV0000633,DUD100080,2024-08-08,3,3,3,3,2,3,3,2,2,False,
SURV0000634,DUD100080,2024-09-09,2,1,2,2,2,2,2,2,3,False,
SURV0000635,DUD100080,2024-10-28,4,5,5,4,5,5,5,5,4,True,
SURV0000636,DUD100080,2024-11-06,3,3,3,2,3,3,3,2,3,False,
SURV0000637,DUD100080,2024-12-05,4,4,3,4,3,4,3,5,4,True,
SURV0000638,DUD100080,2025-01-21,4,3,4,5,3,5,4,5,3,True,
SURV0000639,DUD100080,2025-02-02,4,5,5,4,5,4,4,4,4,True,
SURV0000640,DUD100080,2025-03-13,5,5,5,5,4,5,5,5,4,True,
SURV0000641,DUD100081,2022-12-15,1,1,1,1,2,1,2,1,1,False,
SURV0000642,DUD100081,2023-01-01,4,5,4,3,4,4,3,4,4,True,
SURV0000643,DUD100081,2023-02-26,4,5,4,4,4,4,3,5,4,True,
SURV0000644,DUD100081,2023-03-18,5,5,5,5,4,4,5,5,4,True,
SURV0000645,DUD100081,2023-04-18,5,4,5,5,4,5,5,5,4,True,
SURV0000646,DUD100081,2023-05-26,3,3,3,3,3,2,2,3,3,False,
SURV0000647,DUD100081,2023-06-22,4,5,4,5,4,4,4,5,5,True,
SURV0000648,DUD100081,2023-07-13,4,4,4,5,3,4,5,3,4,True,
SURV0000649,DUD100081,2023-08-28,4,5,3,5,4,4,4,4,5,True,
SURV0000650,DUD100082,2023-09-10,3,3,4,3,2,3,4,3,3,False,
SURV0000651,DUD100082,2023-10-16,2,2,2,3,2,1,2,2,2,False,
SURV0000652,DUD100082,2023-11-13,3,3,2,4,3,2,3,4,2,False,
SURV0000653,DUD100082,2023-12-07,1,1,1,1,1,1,1,1,2,False,
SURV0000654,DUD100082,2024-01-22,4,4,4,5,4,4,5,5,4,True,
SURV0000655,DUD100082,2024-02-06,5,5,4,5,5,5,5,5,5,True,
SURV0000656,DUD100082,2024-03-05,4,3,3,4,4,3,4,4,4,True,
SURV0000657,DUD100082,2024-04-28,4,5,3,4,4,4,4,4,5,True,
SURV0000658,DUD100082,2024-05-10,3,2,2,4,3,3,3,3,3,False,
SURV0000659,DUD100082,2024-06-17,4,3,4,4,4,4,4,4,4,True,
SURV0000660,DUD100083,2021-07-12,1,1,1,1,2,1,2,1,1,False,
SURV0000661,DUD100083,2021-08-23,5,5,4,5,5,5,5,5,5,True,
SURV0000662,DUD100083,2021-09-27,4,3,5,4,5,5,4,3,3,True,
SURV0000663,DUD100083,2021-10-11,2,2,2,2,1,2,1,2,1,False,
SURV0000664,DUD100083,2021-11-09,4,5,4,4,3,3,3,3,5,True,
SURV0000665,DUD100084,2021-04-25,5,5,5,5,4,5,5,5,5,True,
SURV0000666,DUD100084,2021-05-15,3,3,4,4,2,2,4,4,4,False,
SURV0000667,DUD100084,2021-06-22,4,4,3,4,4,3,3,4,4,True,
SURV0000668,DUD100084,2021-07-02,4,5,4,4,4,3,3,5,5,True,
SURV0000669,DUD100084,2021-08-21,5,4,4,5,5,5,5,5,5,True,
SURV0000670,DUD100084,2021-09-02,5,4,5,5,4,5,4,5,5,True,
SURV0000671,DUD100084,2021-10-07,3,4,3,2,4,4,3,4,3,False,
SURV0000672,DUD100084,2021-11-19,4,4,5,4,3,5,4,4,4,True,
SURV0000673,DUD100084,2021-12-23,4,5,5,3,3,5,3,3,5,True,
SURV0000674,DUD100084,2022-01-16,3,4,3,3,4,4,3,3,2,False,
SURV0000675,DUD100084,2022-02-20,1,1,1,1,1,1,1,1,1,False,
SURV0000676,DUD100084,2022-03-22,4,3,3,3,4,4,3,3,3,True,
SURV0000677,DUD100085,2021-03-23,4,4,4,5,4,5,5,4,4,True,
SURV0000678,DUD100085,2021-04-15,4,4,4,4,4,4,4,5,3,True,
SURV0000679,DUD100085,2021-05-07,3,2,4,3,3,4,4,3,3,False,
SURV0000680,DUD100085,2021-06-17,2,2,1,3,2,2,2,3,2,False,
SURV0000681,DUD100085,2021-07-21,4,4,4,4,4,4,5,3,5,True,
SURV0000682,DUD100085,2021-08-19,4,3,5,4,4,3,3,5,5,True,
SURV0000683,DUD100085,2021-09-18,3,3,3,3,3,3,2,3,4,False,
SURV0000684,DUD100086,2023-04-12,4,5,5,5,5,4,4,4,4,True,
SURV0000685,DUD100086,2023-05-02,4,3,3,4,3,3,4,4,3,True,
SURV0000686,DUD100086,2023-06-17,4,4,5,5,3,4,4,4,4,True,
SURV0000687,DUD100086,2023-07-11,3,3,3,3,2,2,3,3,2,False,
SURV0000688,DUD100086,2023-08-05,5,5,5,5,5,5,5,5,4,True,
SURV0000689,DUD100086,2023-09-12,3,3,2,3,2,3,3,3,2,False,
SURV0000690,DUD100086,2023-10-20,3,3,2,2,3,2,2,4,2,False,
SURV0000691,DUD100086,2023-11-20,2,2,3,2,2,1,3,3,1,False,
SURV0000692,DUD100086,2023-12-15,4,3,5,3,5,5,5,4,4,True,
SURV0000693,DUD100087,2023-03-25,5,5,4,4,5,5,5,5,5,True,
SURV0000694,DUD100087,2023-04-01,4,5,3,4,5,3,3,3,5,True,
SURV0000695,DUD100087,2023-05-12,4,3,3,5,4,3,3,4,4,True,
SURV0000696,DUD100087,2023-06-25,4,5,5,5,4,3,4,3,4,True,
SURV0000697,DUD100087,2023-07-15,4,3,3,3,4,4,4,4,3,True,
SURV0000698,DUD100087,2023-08-05,3,3,4,3,4,3,4,4,4,False,
SURV0000699,DUD100087,2023-09-08,5,5,5,5,5,5,5,5,5,True,
SURV0000700,DUD100087,2023-10-24,1,1,2,1,1,1,1,1,1,False,
SURV0000701,DUD100087,2023-11-12,5,5,5,5,5,5,5,5,5,True,
SURV0000702,DUD100087,2023-12-10,3,2,3,3,3,2,2,3,2,False,
SURV0000703,DUD100088,2023-09-16,3,2,4,4,3,3,2,3,2,False,
SURV0000704,DUD100088,2023-10-14,3,2,3,3,3,3,2,3,3,False,
SURV0000705,DUD100088,2023-11-23,4,4,5,3,5,5,3,3,5,True,
SURV0000706,DUD100088,2023-12-23,2,2,2,3,2,2,1,3,2,False,
SURV0000707,DUD100088,2024-01-19,4,5,3,5,5,3,5,4,4,True,
SURV0000708,DUD100088,2024-02-10,1,1,1,1,1,2,2,1,1,False,
SURV0000709,DUD100089,2024-04-19,4,3,4,4,3,4,3,4,4,True,
SURV0000710,DUD100089,2024-05-05,5,4,5,4,5,5,5,4,4,True,
SURV0000711,DUD100089,2024-06-25,3,3,4,3,3,2,2,3,2,False,
SURV0000712,DUD100089,2024-07-19,4,3,4,5,4,5,3,5,3,True,
SURV0000713,DUD100089,2024-08-18,5,5,4,5,5,5,4,5,4,True,
SURV0000714,DUD100089,2024-09-11,5,5,5,5,5,5,4,5,5,True,
SURV0000715,DUD100089,2024-10-23,4,5,5,3,4,4,4,3,5,True,
SURV0000716,DUD100090,2021-10-10,4,4,3,3,3,5,5,3,5,True,
SURV0000717,DUD100090,2021-11-10,4,5,5,4,3,4,3,5,4,True,
SURV0000718,DUD100090,2021-12-04,3,2,3,2,3,4,3,2,3,False,
SURV0000719,DUD100090,2022-01-23,4,4,4,4,3,4,4,4,4,True,
SURV0000720,DUD100090,2022-02-10,3,3,2,4,2,4,3,3,3,False,
SURV0000721,DUD100090,2022-03-01,4,5,3,4,3,3,3,4,4,True,
SURV0000722,DUD100090,2022-04-21,5,4,5,4,5,5,5,5,5,True,
SURV0000723,DUD100090,2022-05-20,2,2,1,3,2,1,3,2,3,False,
SURV0000724,DUD100090,2022-06-23,4,5,4,5,4,4,3,5,5,True,
SURV0000725,DUD100091,2023-02-20,2,1,3,2,2,2,3,2,1,False,
SURV0000726,DUD100091,2023-03-07,3,3,3,3,3,3,2,3,3,False,
SURV0000727,DUD100091,2023-04-12,5,5,5,4,5,5,5,5,4,True,
SURV0000728,DUD100091,2023-05-11,2,2,3,1,3,2,2,2,1,False,
SURV0000729,DUD100091,2023-06-13,4,3,5,3,4,5,4,3,5,True,
SURV0000730,DUD100091,2023-07-14,3,3,2,2,4,4,3,3,2,False,
SURV0000731,DUD100091,2023-08-18,1,2,2,1,1,1,2,1,1,False,
SURV0000732,DUD100091,2023-09-01,5,5,5,5,5,5,5,4,4,True,
SURV0000733,DUD100091,2023-10-17,4,4,4,4,4,5,5,3,4,True,
SURV0000734,DUD100091,2023-11-24,4,3,4,5,5,4,3,5,5,True,
SURV0000735,DUD100091,2023-12-04,4,4,4,5,4,5,4,4,4,True,
SURV0000736,DUD100092,2023-07-27,3,3,3,3,3,2,3,3,3,False,
SURV0000737,DUD100092,2023-08-24,5,5,5,4,4,5,5,5,5,True,
SURV0000738,DUD100092,2023-09-10,5,4,5,5,4,5,5,5,5,True,
SURV0000739,DUD100092,2023-10-26,3,3,3,3,3,2,4,3,3,False,
SURV0000740,DUD100093,2021-04-02,2,1,3,2,1,3,2,2,3,False,
SURV0000741,DUD100093,2021-05-25,4,5,5,4,5,3,3,3,5,True,
SURV0000742,DUD100093,2021-06-05,5,4,5,4,5,5,5,4,5,True,
SURV0000743,DUD100093,2021-07-13,5,5,5,4,5,5,4,5,5,True,
SURV0000744,DUD100094,2023-05-25,5,5,5,4,5,5,5,4,4,True,
SURV0000745,DUD100094,2023-06-01,4,4,4,3,4,3,4,4,5,True,
SURV0000746,DUD100094,2023-07-16,2,3,2,1,2,2,2,3,1,False,
SURV0000747,DUD100094,2023-08-21,4,5,4,5,3,5,4,4,4,True,
SURV0000748,DUD100094,2023-09-15,5,5,5,5,5,4,5,5,5,True,
SURV0000749,DUD100095,2024-08-21,5,5,5,4,5,5,4,5,5,True,
SURV0000750,DUD100095,2024-09-04,4,4,3,3,3,4,4,4,4,True,
SURV0000751,DUD100095,2024-10-13,3,3,2,3,4,3,3,3,2,False,
SURV0000752,DUD100095,2024-11-23,5,5,4,4,5,5,4,5,4,True,
SURV0000753,DUD100095,2024-12-23,4,4,3,4,3,4,4,4,3,True,
SURV0000754,DUD100095,2025-01-25,5,5,5,5,4,5,5,5,5,True,
SURV0000755,DUD100095,2025-02-18,4,4,4,4,3,3,5,3,3,True,
SURV0000756,DUD100096,2023-02-14,5,4,5,5,4,5,5,5,5,True,
SURV0000757,DUD100096,2023-03-18,5,5,5,4,5,5,5,5,4,True,
SURV0000758,DUD100096,2023-04-25,4,3,5,3,3,4,4,4,4,True,
SURV0000759,DUD100096,2023-05-19,1,1,1,1,1,2,1,1,1,False,
SURV0000760,DUD100096,2023-06-18,4,4,4,4,4,5,5,5,4,True,
SURV0000761,DUD100096,2023-07-24,4,3,3,4,5,3,4,4,5,True,
SURV0000762,DUD100096,2023-08-18,1,1,1,2,1,1,1,1,1,False,
SURV0000763,DUD100096,2023-09-13,3,2,3,2,4,2,2,2,3,False,
SURV0000764,DUD100096,2023-10-12,2,1,2,2,1,3,1,2,2,False,
SURV0000765,DUD100096,2023-11-04,5,5,5,5,5,4,5,5,4,True,
SURV0000766,DUD100097,2023-12-14,3,4,3,4,3,4,3,3,3,False,
SURV0000767,DUD100097,2024-01-04,4,5,3,4,5,3,3,4,5,True,
SURV0000768,DUD100097,2024-02-17,4,4,5,5,5,4,3,5,3,True,
SURV0000769,DUD100097,2024-03-09,4,4,3,5,4,4,4,4,4,True,
SURV0000770,DUD100097,2024-04-02,4,4,5,4,5,4,4,3,5,True,
SURV0000771,DUD100097,2024-05-02,4,4,4,4,4,4,4,3,5,True,
SURV0000772,DUD100097,2024-06-22,3,3,2,4,3,4,2,3,4,False,
SURV0000773,DUD100097,2024-07-10,4,4,4,3,4,4,4,4,3,True,
SURV0000774,DUD100098,2022-08-01,4,3,4,3,4,4,4,3,3,True,
SURV0000775,DUD100098,2022-09-12,3,2,3,3,3,4,2,3,3,False,
SURV0000776,DUD100098,2022-10-22,4,4,3,3,4,5,5,4,3,True,
SURV0000777,DUD100098,2022-11-12,4,4,3,5,4,5,3,4,4,True,
SURV0000778,DUD100098,2022-12-15,3,2,3,4,3,3,3,4,2,False,
SURV0000779,DUD100098,2023-01-27,1,1,1,1,1,1,1,2,1,False,
SURV0000780,DUD100098,2023-02-25,4,4,3,3,5,5,5,5,4,True,
SURV0000781,DUD100098,2023-03-16,5,5,5,5,5,5,5,4,5,True,
SURV0000782,DUD100098,2023-04-15,4,4,4,4,3,4,4,3,3,True,
SURV0000783,DUD100098,2023-05-18,4,4,5,5,3,5,4,4,4,True,
SURV0000784,DUD100098,2023-06-23,2,3,3,2,1,2,1,2,3,False,
SURV0000785,DUD100098,2023-07-15,4,3,4,3,4,3,4,5,4,True,
SURV0000786,DUD100099,2022-01-20,3,2,2,3,3,3,4,3,4,False,
SURV0000787,DUD100099,2022-02-20,3,4,3,3,4,2,3,4,2,False,
SURV0000788,DUD100099,2022-03-03,4,4,4,4,5,3,5,4,4,True,
SURV0000789,DUD100099,2022-04-21,2,2,3,2,1,3,2,3,2,False,
SURV0000790,DUD100099,2022-05-13,1,2,1,1,2,1,1,2,1,False,
SURV0000791,DUD100099,2022-06-11,3,3,4,3,2,3,2,3,2,False,
SURV0000792,DUD100100,2024-04-15,3,2,4,4,4,4,4,2,2,False,
SURV0000793,DUD100100,2024-05-01,5,5,4,5,4,5,4,5,4,True,
SURV0000794,DUD100100,2024-06-16,3,2,3,3,3,4,3,2,3,False,
SURV0000795,DUD100100,2024-07-12,3,2,4,4,4,2,2,3,3,False,
SURV0000796,DUD100100,2024-08-11,4,5,4,5,4,4,5,4,5,True,
SURV0000797,DUD100100,2024-09-10,1,1,1,1,1,1,2,1,1,False,
SURV0000798,DUD100100,2024-10-12,5,5,5,5,5,5,5,5,5,True,
SURV0000799,DUD100100,2024-11-10,4,4,4,4,4,4,5,3,5,True,
SURV0000800,DUD100100,2024-12-06,3,4,3,2,4,4,4,2,4,False,
SURV0000801,DUD100100,2025-01-22,5,5,5,4,5,5,5,5,5,True,
SURV0000802,DUD100100,2025-02-01,5,5,4,5,5,5,4,4,4,True,
SURV0000803,DUD100101,2021-02-21,5,5,4,5,5,5,5,5,5,True,
SURV0000804,DUD100101,2021-03-08,4,4,5,4,4,4,4,4,4,True,
SURV0000805,DUD100101,2021-04-27,5,4,5,5,4,5,5,5,4,True,
SURV0000806,DUD100101,2021-05-18,3,3,4,3,3,2,4,3,2,False,
SURV0000807,DUD100101,2021-06-14,4,4,5,3,5,3,4,4,4,True,
SURV0000808,DUD100101,2021-07-01,4,4,3,5,4,5,5,4,4,True,
SURV0000809,DUD100101,2021-08-02,3,2,2,4,3,3,4,3,3,False,
SURV0000810,DUD100101,2021-09-04,4,4,5,4,4,3,4,5,5,True,
SURV0000811,DUD100101,2021-10-07,3,3,3,2,3,3,3,2,3,False,
SURV0000812,DUD100101,2021-11-26,2,3,3,2,2,2,2,2,1,False,
SURV0000813,DUD100101,2021-12-14,5,5,5,5,5,4,5,4,4,True,
SURV0000814,DUD100101,2022-01-27,4,5,3,4,4,3,4,4,5,True,
SURV0000815,DUD100102,2021-12-12,4,4,4,5,4,4,4,3,4,True,
SURV0000816,DUD100102,2022-01-23,4,5,3,4,5,4,3,4,3,True,
SURV0000817,DUD100102,2022-02-18,5,5,5,5,5,5,5,4,5,True,
SURV0000818,DUD100102,2022-03-04,4,5,5,5,4,5,4,5,4,True,
SURV0000819,DUD100102,2022-04-25,1,1,2,1,2,2,2,2,1,False,
SURV0000820,DUD100102,2022-05-26,3,3,4,2,2,2,3,2,4,False,
SURV0000821,DUD100102,2022-06-18,4,3,4,3,3,5,5,4,4,True,
SURV0000822,DUD100102,2022-07-21,5,5,5,5,5,5,4,5,5,True,
SURV0000823,DUD100102,2022-08-18,4,3,3,5,4,4,3,5,3,True,
SURV0000824,DUD100102,2022-09-19,4,4,3,4,4,5,5,3,3,True,
SURV0000825,DUD100102,2022-10-02,4,4,4,5,5,3,5,4,4,True,
SURV0000826,DUD100103,2021-07-21,4,4,5,5,5,4,4,4,4,True,
SURV0000827,DUD100103,2021-08-13,3,3,3,3,3,2,4,2,3,False,
SURV0000828,DUD100103,2021-09-20,5,5,5,5,5,5,5,5,5,True,
SURV0000829,DUD100103,2021-10-18,4,5,4,5,5,4,5,3,3,True,
SURV0000830,DUD100103,2021-11-13,4,4,5,5,4,5,4,4,5,True,
SURV0000831,DUD100103,2021-12-01,4,4,4,5,4,5,4,4,5,True,
SURV0000832,DUD100103,2022-01-22,4,5,5,3,4,4,5,4,5,True,
SURV0000833,DUD100103,2022-02-05,5,5,4,5,5,4,5,4,5,True,
SURV0000834,DUD100103,2022-03-10,5,5,5,5,5,5,4,5,5,True,
SURV0000835,DUD100104,2024-09-28,4,4,4,3,4,5,5,5,5,True,
SURV0000836,DUD100104,2024-10-24,5,5,5,5,4,5,4,5,5,True,
SURV0000837,DUD100104,2024-11-16,2,3,3,3,1,1,2,2,3,False,
SURV0000838,DUD100104,2024-12-04,4,4,3,4,3,3,3,4,3,True,
SURV0000839,DUD100104,2025-01-20,4,4,5,3,4,3,3,4,4,True,
SURV0000840,DUD100104,2025-02-06,4,4,4,4,4,3,3,4,3,True,
SURV0000841,DUD100105,2022-01-21,5,5,5,5,5,5,4,4,5,True,
SURV0000842,DUD100105,2022-02-06,5,5,5,5,5,5,5,5,5,True,
SURV0000843,DUD100105,2022-03-17,5,5,5,5,5,5,5,4,5,True,
SURV0000844,DUD100105,2022-04-03,3,3,4,3,3,3,3,4,4,False,
SURV0000845,DUD100105,2022-05-11,3,2,2,4,3,2,2,3,4,False,
SURV0000846,DUD100106,2023-06-13,4,4,3,4,4,4,4,4,4,True,
SURV0000847,DUD100106,2023-07-28,5,4,5,4,5,4,4,5,4,True,
SURV0000848,DUD100106,2023-08-14,5,5,5,5,5,5,5,4,5,True,
SURV0000849,DUD100106,2023-09-09,4,4,5,4,5,5,4,4,4,True,
SURV0000850,DUD100106,2023-10-10,4,4,3,3,4,5,4,5,3,True,
SURV0000851,DUD100106,2023-11-23,5,5,5,5,5,5,5,5,4,True,
SURV0000852,DUD100106,2023-12-17,4,4,3,4,5,5,4,4,4,True,
SURV0000853,DUD100106,2024-01-09,4,4,4,4,3,4,3,3,4,True,
SURV0000854,DUD100106,2024-02-10,3,3,2,3,2,3,3,3,4,False,
SURV0000855,DUD100107,2022-05-23,4,4,5,5,3,4,3,3,4,True,
SURV0000856,DUD100107,2022-06-06,3,3,3,4,3,4,2,3,2,False,
SURV0000857,DUD100107,2022-07-04,2,2,1,2,2,3,1,2,3,False,
SURV0000858,DUD100107,2022-08-26,5,5,5,4,5,5,5,5,4,True,
SURV0000859,DUD100107,2022-09-09,4,3,3,3,4,4,3,4,3,True,
SURV0000860,DUD100107,2022-10-18,4,5,5,4,5,4,3,4,4,True,
SURV0000861,DUD100107,2022-11-27,4,4,4,5,4,4,5,5,4,True,
SURV0000862,DUD100107,2022-12-28,2,1,2,2,1,1,2,2,1,False,
SURV0000863,DUD100108,2024-07-18,4,4,4,5,4,4,5,3,4,True,
SURV0000864,DUD100108,2024-08-21,2,2,1,2,2,2,2,3,1,False,
SURV0000865,DUD100108,2024-09-14,5,5,4,5,5,4,4,5,5,True,
SURV0000866,DUD100108,2024-10-14,4,3,5,3,3,4,4,4,3,True,
SURV0000867,DUD100108,2024-11-27,3,3,4,3,3,3,3,4,4,False,
SURV0000868,DUD100108,2024-12-07,5,5,5,5,5,5,5,5,4,True,
SURV0000869,DUD100109,2024-02-12,5,4,5,4,5,4,4,5,5,True,
SURV0000870,DUD100109,2024-03-01,5,5,5,5,4,4,5,5,5,True,
SURV0000871,DUD100109,2024-04-22,5,4,5,5,4,4,4,5,5,True,
SURV0000872,DUD100109,2024-05-13,3,3,3,3,2,2,3,3,3,False,
SURV0000873,DUD100109,2024-06-06,1,2,1,1,1,1,1,1,2,False,
SURV0000874,DUD100109,2024-07-21,2,3,2,2,2,3,2,3,2,False,
SURV0000875,DUD100109,2024-08-19,3,3,3,3,4,3,4,4,3,False,
SURV0000876,DUD100109,2024-09-22,5,5,5,5,4,5,4,5,5,True,
SURV0000877,DUD100109,2024-10-26,4,5,5,4,5,4,4,4,3,True,
SURV0000878,DUD100109,2024-11-15,3,4,3,3,2,2,3,4,2,False,
SURV0000879,DUD100109,2024-12-25,3,3,4,3,4,3,3,2,2,False,
SURV0000880,DUD100109,2025-01-12,2,2,1,2,2,2,1,3,2,False,
SURV0000881,DUD100110,2022-12-22,5,5,5,5,4,5,4,5,5,True,
SURV0000882,DUD100110,2023-01-15,4,5,4,4,5,4,5,4,4,True,
SURV0000883,DUD100110,2023-02-26,3,3,3,3,3,4,3,4,3,False,
SURV0000884,DUD100110,2023-03-03,5,5,4,5,4,5,5,5,4,True,
SURV0000885,DUD100110,2023-04-05,3,3,3,2,2,3,4,2,4,False,
SURV0000886,DUD100110,2023-05-18,2,2,2,1,2,3,2,3,1,False,
SURV0000887,DUD100110,2023-06-07,4,4,5,4,3,4,5,5,5,True,
SURV0000888,DUD100110,2023-07-05,5,5,5,5,5,4,5,5,5,True,
SURV0000889,DUD100110,2023-08-20,4,4,5,4,4,4,5,4,4,True,
SURV0000890,DUD100110,2023-09-16,4,3,3,4,4,5,4,5,4,True,
SURV0000891,DUD100110,2023-10-07,4,3,4,4,3,5,4,4,4,True,
SURV0000892,DUD100110,2023-11-15,4,4,3,3,4,5,4,4,3,True,
SURV0000893,DUD100111,2022-11-05,5,4,5,5,5,5,5,5,5,True,
SURV0000894,DUD100111,2022-12-09,4,4,4,5,3,4,4,5,3,True,
SURV0000895,DUD100111,2023-01-06,4,5,4,5,5,5,3,3,3,True,
SURV0000896,DUD100111,2023-02-23,3,3,4,3,2,3,2,2,3,False,
SURV0000897,DUD100112,2023-07-08,4,5,3,5,4,3,4,4,4,True,
SURV0000898,DUD100112,2023-08-28,5,5,5,5,5,5,5,5,4,True,
SURV0000899,DUD100112,2023-09-19,4,4,3,5,4,3,3,4,4,True,
SURV0000900,DUD100112,2023-10-20,4,5,4,4,5,4,5,4,3,True,
SURV0000901,DUD100112,2023-11-05,1,2,1,1,1,2,1,1,1,False,
SURV0000902,DUD100112,2023-12-21,3,2,3,4,2,3,4,2,2,False,
SURV0000903,DUD100112,2024-01-16,4,4,4,4,4,5,4,5,5,True,
SURV0000904,DUD100112,2024-02-23,5,4,4,5,4,5,5,5,5,True,
SURV0000905,DUD100112,2024-03-28,4,5,4,4,3,5,4,4,4,True,
SURV0000906,DUD100112,2024-04-08,4,4,3,4,3,5,5,3,5,True,
SURV0000907,DUD100112,2024-05-18,3,3,3,3,4,3,3,2,3,False,
SURV0000908,DUD100113,2023-05-14,3,2,3,4,2,3,4,2,4,False,
SURV0000909,DUD100113,2023-06-23,5,5,5,5,5,5,5,5,4,True,
SURV0000910,DUD100113,2023-07-15,3,3,3,3,3,4,4,2,4,False,
SURV0000911,DUD100113,2023-08-16,4,3,4,5,3,4,4,5,4,True,
SURV0000912,DUD100113,2023-09-25,4,4,5,4,4,4,4,3,4,True,
SURV0000913,DUD100113,2023-10-11,3,3,3,3,2,3,3,3,3,False,
SURV0000914,DUD100113,2023-11-21,2,2,2,2,2,3,1,1,2,False,
SURV0000915,DUD100113,2023-12-09,4,4,3,5,3,5,3,5,3,True,
SURV0000916,DUD100113,2024-01-19,4,3,4,4,4,4,5,4,3,True,
SURV0000917,DUD100113,2024-02-22,5,5,5,5,5,5,5,5,5,True,
SURV0000918,DUD100114,2022-09-02,5,5,5,5,4,5,5,5,5,True,
SURV0000919,DUD100114,2022-10-05,4,3,4,3,4,4,4,3,3,True,
SURV0000920,DUD100114,2022-11-03,1,1,2,1,1,1,1,2,1,False,
SURV0000921,DUD100114,2022-12-18,3,2,3,2,3,3,2,2,2,False,
SURV0000922,DUD100114,2023-01-11,4,3,4,4,4,4,4,5,3,True,
SURV0000923,DUD100114,2023-02-21,5,5,4,5,5,5,5,5,5,True,
SURV0000924,DUD100114,2023-03-09,4,4,5,5,4,3,3,3,3,True,
SURV0000925,DUD100115,2024-12-28,4,5,4,3,5,3,5,5,4,True,
SURV0000926,DUD100115,2025-01-21,3,3,4,3,2,3,3,3,2,False,
SURV0000927,DUD100115,2025-02-08,2,2,2,2,1,2,2,2,3,False,
SURV0000928,DUD100115,2025-03-02,4,4,3,4,4,4,5,5,5,True,
SURV0000929,DUD100115,2025-04-03,5,5,5,5,5,4,5,4,4,True,
SURV0000930,DUD100115,2025-05-06,3,2,2,3,4,3,4,3,3,False,
SURV0000931,DUD100115,2025-06-09,2,2,2,3,2,2,1,3,2,False,
SURV0000932,DUD100115,2025-07-19,4,5,4,4,4,3,3,4,4,True,
SURV0000933,DUD100116,2021-06-25,4,4,4,5,4,4,5,5,4,True,
SURV0000934,DUD100116,2021-07-16,4,5,5,3,3,4,3,4,5,True,
SURV0000935,DUD100116,2021-08-02,5,5,5,5,5,4,4,5,4,True,
SURV0000936,DUD100116,2021-09-25,4,4,3,5,4,5,4,5,4,True,
SURV0000937,DUD100116,2021-10-06,4,4,4,5,5,5,3,4,3,True,
SURV0000938,DUD100117,2021-03-01,4,4,4,5,3,4,4,4,4,True,
SURV0000939,DUD100117,2021-04-01,3,3,3,3,3,4,3,2,3,False,
SURV0000940,DUD100117,2021-05-27,5,4,4,5,5,5,5,5,5,True,
SURV0000941,DUD100117,2021-06-05,5,4,5,4,5,4,5,5,5,True,
SURV0000942,DUD100117,2021-07-11,4,4,4,5,5,4,4,3,4,True,
SURV0000943,DUD100118,2021-07-21,4,4,4,4,4,3,5,4,3,True,
SURV0000944,DUD100118,2021-08-28,5,5,5,5,5,5,5,5,5,True,
SURV0000945,DUD100118,2021-09-23,4,4,4,5,4,5,5,5,4,True,
SURV0000946,DUD100118,2021-10-19,4,5,4,4,3,4,4,3,4,True,
SURV0000947,DUD100118,2021-11-09,2,1,2,3,1,1,2,2,1,False,
SURV0000948,DUD100118,2021-12-18,4,5,4,3,3,5,4,3,5,True,
SURV0000949,DUD100118,2022-01-03,5,5,5,5,5,4,5,5,5,True,
SURV0000950,DUD100118,2022-02-04,1,1,2,2,2,1,1,1,2,False,
SURV0000951,DUD100119,2023-10-10,3,4,2,2,3,3,3,3,3,False,
SURV0000952,DUD100119,2023-11-12,4,4,3,4,3,3,4,5,4,True,
SURV0000953,DUD100119,2023-12-28,5,5,5,4,5,4,5,5,5,True,
SURV0000954,DUD100119,2024-01-13,4,4,5,5,4,3,5,4,4,True,
SURV0000955,DUD100119,2024-02-17,4,4,3,4,5,3,5,4,5,True,
SURV0000956,DUD100119,2024-03-04,4,5,4,5,4,5,4,4,3,True,
SURV0000957,DUD100119,2024-04-12,3,3,3,2,4,3,3,2,3,False,
SURV0000958,DUD100120,2023-08-26,5,5,4,5,5,5,5,5,5,True,
SURV0000959,DUD100120,2023-09-06,3,3,2,4,2,3,3,2,2,False,
SURV0000960,DUD100120,2023-10-21,5,5,5,5,4,5,5,5,5,True,
SURV0000961,DUD100120,2023-11-02,1,1,1,1,1,1,1,2,2,False,
SURV0000962,DUD100120,2023-12-09,4,4,5,5,4,4,5,5,4,True,
SURV0000963,DUD100120,2024-01-01,5,4,5,5,5,5,5,5,5,True,
SURV0000964,DUD100121,2022-05-16,3,2,4,3,3,3,4,3,2,False,
SURV0000965,DUD100121,2022-06-14,4,5,5,4,3,4,5,3,4,True,
SURV0000966,DUD100121,2022-07-13,4,4,5,4,4,3,4,4,5,True,
SURV0000967,DUD100121,2022-08-20,5,5,5,5,5,5,5,4,5,True,
SURV0000968,DUD100121,2022-09-08,4,5,3,5,5,5,4,5,4,True,
SURV0000969,DUD100121,2022-10-10,3,4,2,4,3,3,4,4,2,False,
SURV0000970,DUD100121,2022-11-18,4,4,3,3,4,5,5,3,3,True,
SURV0000971,DUD100121,2022-12-25,4,4,3,3,5,4,4,5,4,True,
SURV0000972,DUD100121,2023-01-19,3,3,4,3,3,3,2,3,3,False,
SURV0000973,DUD100122,2021-07-28,3,3,3,2,2,4,2,4,4,False,
SURV0000974,DUD100122,2021-08-28,5,4,5,5,4,5,5,5,4,True,
SURV0000975,DUD100122,2021-09-23,4,5,3,4,4,4,4,4,3,True,
SURV0000976,DUD100122,2021-10-18,4,4,3,4,4,3,3,3,3,True,
SURV0000977,DUD100123,2022-01-03,4,3,3,4,5,4,5,5,4,True,
SURV0000978,DUD100123,2022-02-07,4,4,3,5,3,4,5,3,4,True,
SURV0000979,DUD100123,2022-03-17,2,2,1,2,2,1,3,2,2,False,
SURV0000980,DUD100123,2022-04-08,4,5,4,4,5,5,3,4,4,True,
SURV0000981,DUD100123,2022-05-26,3,2,2,4,3,3,3,3,2,False,
SURV0000982,DUD100123,2022-06-06,4,5,4,4,4,3,4,3,4,True,
SURV0000983,DUD100123,2022-07-05,4,5,4,5,5,4,4,5,5,True,
SURV0000984,DUD100124,2022-07-07,4,3,3,4,4,5,5,5,3,True,
SURV0000985,DUD100124,2022-08-14,2,1,3,2,1,2,1,1,1,False,
SURV0000986,DUD100124,2022-09-18,3,2,2,3,3,3,4,3,4,False,
SURV0000987,DUD100124,2022-10-12,5,5,5,5,5,5,5,4,5,True,
SURV0000988,DUD100124,2022-11-27,3,3,3,2,2,3,4,3,2,False,
SURV0000989,DUD100124,2022-12-28,2,2,2,2,2,1,2,2,3,False,
SURV0000990,DUD100124,2023-01-09,4,4,4,4,4,3,4,3,4,True,
SURV0000991,DUD100124,2023-02-19,2,3,2,1,2,3,2,1,2,False,
SURV0000992,DUD100125,2022-05-08,2,1,1,2,3,2,3,3,2,False,
SURV0000993,DUD100125,2022-06-07,3,3,2,4,2,2,3,4,3,False,
SURV0000994,DUD100125,2022-07-10,3,2,4,3,3,3,4,2,3,False,
SURV0000995,DUD100125,2022-08-03,4,5,4,3,5,3,4,4,4,True,
SURV0000996,DUD100125,2022-09-06,4,3,4,3,4,3,5,3,5,True,
SURV0000997,DUD100125,2022-10-01,3,3,2,2,3,3,2,4,3,False,
SURV0000998,DUD100125,2022-11-28,4,3,4,5,5,4,4,4,4,True,
SURV0000999,DUD100125,2022-12-07,4,3,4,4,3,5,3,5,3,True,
SURV0001000,DUD100125,2023-01-08,4,4,5,4,5,3,4,5,4,True,
SURV0001001,DUD100125,2023-02-12,4,4,5,4,4,4,3,4,4,True,
SURV0001002,DUD100126,2024-09-25,4,4,4,3,5,4,3,5,4,True,
SURV0001003,DUD100126,2024-10-19,2,2,1,3,2,3,2,2,2,False,
SURV0001004,DUD100126,2024-11-12,2,1,2,2,2,2,3,1,2,False,
SURV0001005,DUD100126,2024-12-23,3,3,3,2,3,3,3,4,4,False,
SURV0001006,DUD100127,2022-06-14,5,5,5,5,5,5,5,5,5,True,
SURV0001007,DUD100127,2022-07-24,3,3,3,2,3,3,4,4,3,False,
SURV0001008,DUD100127,2022-08-06,5,5,5,4,5,5,5,5,4,True,
SURV0001009,DUD100127,2022-09-23,2,2,2,2,2,2,1,2,1,False,
SURV0001010,DUD100127,2022-10-02,3,3,2,4,2,4,3,3,4,False,
SURV0001011,DUD100128,2022-03-01,4,4,4,3,4,5,4,5,5,True,
SURV0001012,DUD100128,2022-04-15,3,3,2,3,3,3,2,4,2,False,
SURV0001013,DUD100128,2022-05-09,2,2,2,1,1,2,2,2,2,False,
SURV0001014,DUD100128,2022-06-28,2,2,1,2,2,1,2,2,2,False,
SURV0001015,DUD100128,2022-07-03,3,3,4,3,3,3,2,2,3,False,
SURV0001016,DUD100128,2022-08-23,5,5,4,5,5,5,5,5,5,True,
SURV0001017,DUD100128,2022-09-24,3,4,3,3,4,4,3,3,3,False,
SURV0001018,DUD100129,2021-11-18,3,3,2,3,3,4,3,3,3,False,
SURV0001019,DUD100129,2021-12-10,4,4,4,4,4,4,4,4,3,True,
SURV0001020,DUD100129,2022-01-08,3,4,3,2,4,4,3,4,2,False,
SURV0001021,DUD100129,2022-02-23,4,5,4,4,4,5,5,4,3,True,
SURV0001022,DUD100129,2022-03-03,1,1,1,1,1,1,1,1,1,False,
SURV0001023,DUD100129,2022-04-26,4,4,3,3,4,4,3,3,4,True,
SURV0001024,DUD100129,2022-05-06,5,5,5,5,5,5,4,5,5,True,
SURV0001025,DUD100129,2022-06-05,4,4,4,5,5,3,4,3,4,True,
SURV0001026,DUD100129,2022-07-28,4,3,4,5,3,3,4,4,3,True,
SURV0001027,DUD100129,2022-08-10,1,1,1,1,1,1,2,1,1,False,
SURV0001028,DUD100129,2022-09-08,3,4,4,3,2,3,3,3,4,False,
SURV0001029,DUD100129,2022-10-06,4,5,4,4,5,4,5,4,4,True,
SURV0001030,DUD100130,2023-04-15,2,1,3,3,2,2,2,2,2,False,
SURV0001031,DUD100130,2023-05-23,2,2,3,1,2,2,1,1,3,False,
SURV0001032,DUD100130,2023-06-04,4,5,5,4,4,3,4,4,4,True,
SURV0001033,DUD100130,2023-07-17,5,5,5,5,5,4,5,5,5,True,
SURV0001034,DUD100131,2021-02-05,1,1,1,2,1,1,2,1,2,False,
SURV0001035,DUD100131,2021-03-08,4,5,4,3,4,3,4,4,4,True,
SURV0001036,DUD100131,2021-04-26,4,3,3,4,4,4,4,5,5,True,
SURV0001037,DUD100131,2021-05-22,4,4,4,3,4,5,3,4,3,True,
SURV0001038,DUD100131,2021-06-12,4,5,4,5,5,4,4,4,4,True,
SURV0001039,DUD100131,2021-07-19,5,5,5,5,4,5,5,5,5,True,
SURV0001040,DUD100131,2021-08-17,4,4,3,3,5,5,5,4,5,True,
SURV0001041,DUD100131,2021-09-01,4,4,4,4,5,4,4,5,4,True,
SURV0001042,DUD100131,2021-10-11,4,4,3,4,3,4,4,5,5,True,
SURV0001043,DUD100131,2021-11-20,2,2,2,2,2,2,2,2,2,False,
SURV0001044,DUD100132,2022-12-10,3,3,3,4,3,3,3,3,4,False,
SURV0001045,DUD100132,2023-01-12,5,5,5,5,5,4,4,4,4,True,
SURV0001046,DUD100132,2023-02-24,5,5,5,4,5,5,4,4,5,True,
SURV0001047,DUD100132,2023-03-02,3,3,3,4,3,4,4,4,4,False,
SURV0001048,DUD100132,2023-04-28,2,3,1,1,3,2,2,2,2,False,
SURV0001049,DUD100132,2023-05-13,4,3,4,3,5,4,3,5,4,True,
SURV0001050,DUD100132,2023-06-27,4,4,3,3,3,3,3,5,4,True,
SURV0001051,DUD100132,2023-07-03,4,5,4,4,4,5,4,4,4,True,
SURV0001052,DUD100132,2023-08-03,4,5,3,3,3,4,3,5,4,True,
SURV0001053,DUD100132,2023-09-10,2,2,1,2,2,2,1,3,1,False,
SURV0001054,DUD100133,2023-07-22,4,4,5,4,3,4,4,4,3,True,
SURV0001055,DUD100133,2023-08-13,4,4,5,4,4,3,4,4,4,True,
SURV0001056,DUD100133,2023-09-27,5,4,5,5,4,4,5,5,5,True,
SURV0001057,DUD100133,2023-10-26,4,5,3,4,4,4,4,4,4,True,
SURV0001058,DUD100133,2023-11-25,5,5,5,5,4,5,5,5,4,True,
SURV0001059,DUD100133,2023-12-17,5,4,4,5,5,5,5,5,5,True,
SURV0001060,DUD100133,2024-01-10,3,2,2,3,4,3,2,2,3,False,
SURV0001061,DUD100133,2024-02-05,2,3,2,2,2,1,2,3,3,False,
SURV0001062,DUD100133,2024-03-27,4,4,4,4,4,4,4,5,4,True,
SURV0001063,DUD100133,2024-04-08,4,4,3,4,4,4,3,3,4,True,
SURV0001064,DUD100133,2024-05-15,1,2,1,1,1,1,1,2,2,False,
SURV0001065,DUD100133,2024-06-21,2,2,3,2,3,3,3,2,3,False,
SURV0001066,DUD100134,2022-07-01,4,4,4,5,3,3,4,4,4,True,
SURV0001067,DUD100134,2022-08-10,4,3,4,4,4,4,3,4,4,True,
SURV0001068,DUD100134,2022-09-15,4,4,4,4,3,4,5,3,3,True,
SURV0001069,DUD100134,2022-10-19,5,5,4,4,4,5,5,5,5,True,
SURV0001070,DUD100134,2022-11-24,4,4,4,3,4,4,4,4,4,True,
SURV0001071,DUD100134,2022-12-06,4,4,3,4,5,5,5,4,3,True,
SURV0001072,DUD100135,2021-11-17,5,5,5,5,5,5,5,4,5,True,
SURV0001073,DUD100135,2021-12-04,5,5,5,4,5,4,5,4,5,True,
SURV0001074,DUD100135,2022-01-05,3,3,4,4,3,3,3,3,3,False,
SURV0001075,DUD100135,2022-02-16,5,5,4,5,5,5,5,4,5,True,
SURV0001076,DUD100135,2022-03-27,5,5,4,5,5,5,5,5,5,True,
SURV0001077,DUD100135,2022-04-21,5,5,5,4,4,5,4,5,5,True,
SURV0001078,DUD100135,2022-05-19,1,2,1,1,2,1,2,1,1,False,
SURV0001079,DUD100135,2022-06-22,5,5,4,4,4,4,5,5,5,True,
SURV0001080,DUD100135,2022-07-16,5,5,5,4,4,4,4,5,4,True,
SURV0001081,DUD100135,2022-08-19,5,4,5,5,4,5,5,5,4,True,
SURV0001082,DUD100136,2023-08-01,4,3,4,4,4,3,3,3,4,True,
SURV0001083,DUD100136,2023-09-03,4,4,5,3,3,5,4,3,4,True,
SURV0001084,DUD100136,2023-10-12,4,4,4,4,5,4,5,4,4,True,
SURV0001085,DUD100136,2023-11-26,3,3,2,4,3,2,2,2,4,False,
SURV0001086,DUD100136,2023-12-04,5,4,5,5,4,4,4,5,5,True,
SURV0001087,DUD100136,2024-01-13,3,2,2,3,3,3,3,4,3,False,
SURV0001088,DUD100136,2024-02-12,3,3,2,4,4,3,3,3,3,False,
SURV0001089,DUD100136,2024-03-11,4,3,4,4,5,4,3,4,4,True,
SURV0001090,DUD100136,2024-04-26,4,4,4,4,4,4,4,4,4,True,
SURV0001091,DUD100137,2022-02-13,5,5,5,4,5,5,5,5,4,True,
SURV0001092,DUD100137,2022-03-21,5,4,5,5,5,4,5,5,5,True,
SURV0001093,DUD100137,2022-04-25,4,3,5,3,3,5,4,5,5,True,
SURV0001094,DUD100137,2022-05-15,5,5,4,4,4,5,5,4,4,True,
SURV0001095,DUD100137,2022-06-05,4,3,4,4,4,3,4,5,4,True,
SURV0001096,DUD100138,2022-05-03,4,4,4,3,4,5,4,4,4,True,
SURV0001097,DUD100138,2022-06-25,4,5,4,3,5,5,3,4,4,True,
SURV0001098,DUD100138,2022-07-04,3,3,3,2,2,2,3,4,3,False,
SURV0001099,DUD100138,2022-08-11,1,2,1,1,1,1,1,1,1,False,
SURV0001100,DUD100138,2022-09-08,4,4,4,4,3,5,4,4,3,True,
SURV0001101,DUD100138,2022-10-07,5,4,5,5,4,5,5,4,5,True,
SURV0001102,DUD100138,2022-11-09,4,4,4,4,4,4,3,4,4,True,
SURV0001103,DUD100138,2022-12-28,4,3,4,4,4,4,4,3,3,True,
SURV0001104,DUD100138,2023-01-26,4,5,5,4,5,4,4,3,4,True,
SURV0001105,DUD100138,2023-02-22,1,1,1,1,1,1,1,1,1,False,
SURV0001106,DUD100138,2023-03-21,4,4,3,4,4,3,4,3,3,True,
SURV0001107,DUD100139,2023-06-14,3,3,4,3,2,3,3,3,4,False,
SURV0001108,DUD100139,2023-07-20,4,5,3,5,4,4,3,3,5,True,
SURV0001109,DUD100139,2023-08-19,4,4,4,4,4,4,4,3,4,True,
SURV0001110,DUD100139,2023-09-01,4,4,4,4,3,5,4,4,5,True,
SURV0001111,DUD100139,2023-10-25,5,5,4,5,5,5,4,5,4,True,
SURV0001112,DUD100139,2023-11-16,5,5,5,5,5,5,4,5,5,True,
SURV0001113,DUD100139,2023-12-17,3,3,2,3,2,2,3,2,3,False,
SURV0001114,DUD100139,2024-01-18,4,4,3,4,3,4,4,5,3,True,
SURV0001115,DUD100139,2024-02-23,3,3,3,3,2,4,3,3,3,False,
SURV0001116,DUD100140,2023-12-04,4,3,3,3,5,4,3,4,5,True,
SURV0001117,DUD100140,2024-01-06,5,5,5,5,5,4,5,4,5,True,
SURV0001118,DUD100140,2024-02-11,4,3,4,4,5,4,5,5,4,True,
SURV0001119,DUD100140,2024-03-27,1,1,1,2,2,2,1,1,1,False,
SURV0001120,DUD100140,2024-04-14,1,1,1,1,1,1,1,1,1,False,
SURV0001121,DUD100140,2024-05-28,3,3,3,4,3,2,3,2,3,False,
SURV0001122,DUD100140,2024-06-22,4,3,4,5,4,4,5,5,4,True,
SURV0001123,DUD100140,2024-07-21,4,5,5,4,5,4,3,3,4,True,
SURV0001124,DUD100140,2024-08-01,3,4,2,2,3,3,2,2,2,False,
SURV0001125,DUD100140,2024-09-12,2,2,2,2,2,2,2,2,3,False,
SURV0001126,DUD100141,2023-12-04,4,3,4,5,5,5,5,5,4,True,
SURV0001127,DUD100141,2024-01-16,3,2,3,2,2,4,2,4,2,False,
SURV0001128,DUD100141,2024-02-19,4,4,5,3,5,4,4,4,4,True,
SURV0001129,DUD100141,2024-03-20,5,5,5,4,5,4,5,5,5,True,
SURV0001130,DUD100141,2024-04-16,5,5,4,4,5,5,5,5,5,True,
SURV0001131,DUD100141,2024-05-04,2,1,1,3,1,2,2,2,2,False,
SURV0001132,DUD100141,2024-06-15,4,4,5,5,3,4,4,5,5,True,
SURV0001133,DUD100141,2024-07-27,5,4,5,5,4,4,5,5,5,True,
SURV0001134,DUD100142,2022-10-20,1,1,1,1,2,1,1,1,1,False,
SURV0001135,DUD100142,2022-11-01,4,4,4,4,4,3,4,5,3,True,
SURV0001136,DUD100142,2022-12-18,3,3,3,2,4,2,4,4,3,False,
SURV0001137,DUD100142,2023-01-05,2,2,2,2,3,2,1,3,1,False,
SURV0001138,DUD100142,2023-02-07,3,4,4,4,3,3,3,3,2,False,
SURV0001139,DUD100143,2024-06-01,4,5,4,4,4,3,4,4,4,True,
SURV0001140,DUD100143,2024-07-18,4,5,3,4,4,4,4,4,5,True,
SURV0001141,DUD100143,2024-08-24,5,5,5,5,5,5,4,5,4,True,
SURV0001142,DUD100143,2024-09-07,3,3,2,4,2,3,4,2,3,False,
SURV0001143,DUD100143,2024-10-20,3,3,4,4,4,3,4,3,4,False,
SURV0001144,DUD100143,2024-11-08,4,4,3,5,4,4,4,5,5,True,
SURV0001145,DUD100143,2024-12-02,4,4,4,3,5,4,5,4,5,True,
SURV0001146,DUD100143,2025-01-11,3,4,2,4,4,2,3,3,3,False,
SURV0001147,DUD100144,2024-01-02,4,5,4,4,3,4,5,5,4,True,
SURV0001148,DUD100144,2024-02-28,1,1,1,1,1,1,2,2,2,False,
SURV0001149,DUD100144,2024-03-18,4,4,4,3,3,4,5,3,3,True,
SURV0001150,DUD100144,2024-04-08,4,4,4,4,4,5,4,5,3,True,
SURV0001151,DUD100144,2024-05-08,3,3,3,4,3,3,2,2,3,False,
SURV0001152,DUD100144,2024-06-03,4,3,4,4,4,4,5,4,4,True,
SURV0001153,DUD100144,2024-07-22,5,5,4,5,5,5,5,5,4,True,
SURV0001154,DUD100144,2024-08-22,3,3,3,3,3,2,4,4,4,False,
SURV0001155,DUD100144,2024-09-11,3,2,2,3,2,3,4,2,3,False,
SURV0001156,DUD100145,2021-04-01,5,5,4,5,5,5,5,5,5,True,
SURV0001157,DUD100145,2021-05-04,4,4,4,4,4,3,5,4,4,True,
SURV0001158,DUD100145,2021-06-02,4,4,4,5,4,4,5,3,4,True,
SURV0001159,DUD100145,2021-07-17,4,4,4,5,4,4,3,3,4,True,
SURV0001160,DUD100145,2021-08-06,5,5,5,4,5,5,5,5,5,True,
SURV0001161,DUD100145,2021-09-10,5,5,5,5,5,4,5,5,5,True,
SURV0001162,DUD100145,2021-10-16,5,4,4,5,5,5,5,4,5,True,
SURV0001163,DUD100145,2021-11-15,3,3,4,3,4,2,2,2,3,False,
SURV0001164,DUD100145,2021-12-01,2,3,2,1,3,2,2,2,2,False,
SURV0001165,DUD100145,2022-01-08,5,5,5,5,5,5,5,5,5,True,
SURV0001166,DUD100146,2022-07-11,3,3,3,3,3,2,3,4,3,False,
SURV0001167,DUD100146,2022-08-21,3,3,3,3,3,2,4,2,3,False,
SURV0001168,DUD100146,2022-09-22,2,2,2,2,3,1,2,3,2,False,
SURV0001169,DUD100146,2022-10-01,4,3,4,4,4,4,4,3,4,True,
SURV0001170,DUD100146,2022-11-03,5,5,5,4,5,5,5,4,4,True,
SURV0001171,DUD100146,2022-12-04,5,5,5,5,4,5,5,4,5,True,
SURV0001172,DUD100147,2022-04-25,4,4,4,3,4,5,5,4,4,True,
SURV0001173,DUD100147,2022-05-21,3,3,4,2,3,4,4,3,4,False,
SURV0001174,DUD100147,2022-06-24,2,3,1,2,2,2,2,2,2,False,
SURV0001175,DUD100147,2022-07-16,4,5,4,5,4,5,5,3,3,True,
SURV0001176,DUD100147,2022-08-21,4,5,4,5,5,4,3,3,3,True,
SURV0001177,DUD100147,2022-09-09,4,4,5,5,4,4,5,3,3,True,
SURV0001178,DUD100147,2022-10-04,3,2,4,4,4,2,4,4,4,False,
SURV0001179,DUD100147,2022-11-01,4,3,4,3,5,4,4,5,4,True,
SURV0001180,DUD100147,2022-12-23,5,5,5,5,5,4,5,4,5,True,
SURV0001181,DUD100147,2023-01-20,3,3,4,4,4,4,4,3,3,False,
SURV0001182,DUD100148,2021-05-01,4,4,3,4,3,3,3,3,5,True,
SURV0001183,DUD100148,2021-06-20,3,3,3,2,3,2,3,2,4,False,
SURV0001184,DUD100148,2021-07-10,2,2,2,2,3,3,2,3,3,False,
SURV0001185,DUD100148,2021-08-18,5,5,5,5,5,5,4,4,4,True,
SURV0001186,DUD100148,2021-09-15,5,5,5,4,4,5,5,5,5,True,
SURV0001187,DUD100148,2021-10-27,3,4,4,2,3,4,3,3,2,False,
SURV0001188,DUD100149,2021-08-20,3,3,4,4,3,2,2,3,4,False,
SURV0001189,DUD100149,2021-09-24,2,1,1,1,2,3,2,2,1,False,
SURV0001190,DUD100149,2021-10-21,4,4,5,5,3,5,3,4,4,True,
SURV0001191,DUD100149,2021-11-20,4,4,3,5,4,5,4,4,4,True,
SURV0001192,DUD100149,2021-12-07,4,4,3,4,5,4,3,5,4,True,
SURV0001193,DUD100149,2022-01-15,4,5,3,4,5,4,4,4,5,True,
SURV0001194,DUD100149,2022-02-28,4,4,4,4,5,4,5,4,3,True,
SURV0001195,DUD100149,2022-03-25,4,3,5,5,5,4,3,4,5,True,
SURV0001196,DUD100149,2022-04-06,3,2,4,4,3,3,3,3,2,False,
SURV0001197,DUD100149,2022-05-15,4,4,4,4,4,4,4,3,4,True,
SURV0001198,DUD100149,2022-06-12,4,3,4,3,4,4,5,4,5,True,
SURV0001199,DUD100149,2022-07-22,3,3,4,4,3,4,2,3,2,False,
SURV0001200,DUD100150,2022-01-21,4,4,4,5,4,5,4,3,4,True,
SURV0001201,DUD100150,2022-02-21,4,3,4,3,5,3,4,5,4,True,
SURV0001202,DUD100150,2022-03-22,1,1,1,2,1,1,1,1,2,False,
SURV0001203,DUD100150,2022-04-22,3,4,2,2,3,3,3,2,2,False,
SURV0001204,DUD100150,2022-05-24,4,4,5,3,3,4,4,4,3,True,
SURV0001205,DUD100150,2022-06-17,4,4,4,4,5,3,4,3,3,True,
SURV0001206,DUD100150,2022-07-07,5,5,4,5,5,5,5,4,4,True,
SURV0001207,DUD100150,2022-08-04,5,5,5,4,5,5,5,5,5,True,
SURV0001208,DUD100150,2022-09-06,2,2,3,3,1,2,2,2,3,False,
SURV0001209,DUD100151,2021-03-15,4,4,3,4,5,4,5,5,4,True,
SURV0001210,DUD100151,2021-04-13,4,3,3,4,5,4,4,4,4,True,
SURV0001211,DUD100151,2021-05-08,2,1,3,1,3,3,2,1,3,False,
SURV0001212,DUD100151,2021-06-24,3,3,3,4,3,3,3,4,3,False,
SURV0001213,DUD100151,2021-07-22,5,5,4,5,4,5,5,4,5,True,
SURV0001214,DUD100151,2021-08-25,2,2,3,3,1,1,2,3,2,False,
SURV0001215,DUD100151,2021-09-17,1,1,2,1,1,1,1,1,2,False,
SURV0001216,DUD100151,2021-10-14,3,3,3,2,3,4,2,4,4,False,
SURV0001217,DUD100151,2021-11-23,4,4,5,4,4,4,4,5,4,True,
SURV0001218,DUD100151,2021-12-13,4,3,4,4,5,4,4,3,4,True,
SURV0001219,DUD100152,2021-08-12,3,2,4,3,2,3,3,3,2,False,
SURV0001220,DUD100152,2021-09-16,1,1,1,2,1,1,1,1,1,False,
SURV0001221,DUD100152,2021-10-19,4,4,4,3,4,4,4,4,4,True,
SURV0001222,DUD100152,2021-11-19,2,2,1,2,2,3,3,2,2,False,
SURV0001223,DUD100152,2021-12-21,5,5,5,5,5,4,5,5,4,True,
SURV0001224,DUD100152,2022-01-14,2,2,1,1,1,2,1,1,2,False,
SURV0001225,DUD100152,2022-02-26,2,3,2,3,2,2,3,3,2,False,
SURV0001226,DUD100152,2022-03-10,3,4,3,2,2,2,4,3,4,False,
SURV0001227,DUD100152,2022-04-02,4,4,4,3,5,4,4,3,3,True,
SURV0001228,DUD100152,2022-05-17,3,3,4,3,3,3,3,2,4,False,
SURV0001229,DUD100153,2024-06-05,4,4,4,4,3,4,4,4,3,True,
SURV0001230,DUD100153,2024-07-05,5,4,5,5,4,5,5,5,5,True,
SURV0001231,DUD100153,2024-08-26,4,3,4,4,4,3,4,4,5,True,
SURV0001232,DUD100153,2024-09-28,4,4,4,4,4,3,5,5,5,True,
SURV0001233,DUD100153,2024-10-27,1,1,2,2,1,1,1,1,2,False,
SURV0001234,DUD100153,2024-11-06,4,4,5,4,3,4,4,5,5,True,
SURV0001235,DUD100153,2024-12-01,4,4,4,5,3,4,5,3,3,True,
SURV0001236,DUD100153,2025-01-18,4,3,4,4,4,3,4,3,4,True,
SURV0001237,DUD100153,2025-02-23,5,5,5,5,5,4,4,5,4,True,
SURV0001238,DUD100153,2025-03-22,5,5,5,5,5,4,5,5,4,True,
SURV0001239,DUD100153,2025-04-03,4,5,4,5,4,5,4,3,4,True,
SURV0001240,DUD100154,2022-12-10,5,5,5,5,5,5,4,5,5,True,
SURV0001241,DUD100154,2023-01-08,5,4,4,5,5,5,4,5,5,True,
SURV0001242,DUD100154,2023-02-13,4,4,4,5,4,4,4,5,5,True,
SURV0001243,DUD100154,2023-03-02,2,2,2,2,1,2,2,2,2,False,
SURV0001244,DUD100154,2023-04-06,4,4,4,3,3,4,5,4,4,True,
SURV0001245,DUD100154,2023-05-02,4,4,5,3,4,4,5,3,4,True,
SURV0001246,DUD100154,2023-06-06,3,3,3,3,2,2,4,3,3,False,
SURV0001247,DUD100154,2023-07-15,3,3,3,3,4,2,2,2,3,False,
SURV0001248,DUD100154,2023-08-08,2,2,3,3,2,2,3,3,1,False,
SURV0001249,DUD100155,2022-08-13,5,5,5,5,5,5,5,5,5,True,
SURV0001250,DUD100155,2022-09-18,2,2,3,3,2,2,1,3,2,False,
SURV0001251,DUD100155,2022-10-17,4,3,5,5,4,4,3,4,5,True,
SURV0001252,DUD100155,2022-11-24,5,5,5,5,4,5,5,5,5,True,
SURV0001253,DUD100155,2022-12-27,4,4,4,5,3,3,4,4,5,True,
SURV0001254,DUD100156,2021-12-01,5,5,5,5,5,5,4,4,4,True,
SURV0001255,DUD100156,2022-01-03,2,2,3,2,3,3,2,2,3,False,
SURV0001256,DUD100156,2022-02-25,2,2,1,2,2,3,2,2,2,False,
SURV0001257,DUD100156,2022-03-27,2,3,2,1,1,3,1,1,1,False,
SURV0001258,DUD100156,2022-04-15,5,5,5,4,5,4,5,5,4,True,
SURV0001259,DUD100156,2022-05-13,5,5,5,5,5,5,5,5,5,True,
SURV0001260,DUD100156,2022-06-19,5,5,4,5,4,5,5,5,5,True,
SURV0001261,DUD100157,2022-07-12,3,3,2,2,3,3,3,2,4,False,
SURV0001262,DUD100157,2022-08-17,4,4,3,4,4,5,3,4,3,True,
SURV0001263,DUD100157,2022-09-07,3,2,2,3,2,3,4,3,3,False,
SURV0001264,DUD100157,2022-10-26,5,4,5,5,5,5,5,4,5,True,
SURV0001265,DUD100157,2022-11-25,5,5,5,5,5,5,4,5,5,True,
SURV0001266,DUD100157,2022-12-15,2,2,1,2,2,1,2,1,2,False,
SURV0001267,DUD100157,2023-01-25,4,4,4,3,4,5,4,4,4,True,
SURV0001268,DUD100157,2023-02-09,5,5,5,5,4,5,5,4,5,True,
SURV0001269,DUD100157,2023-03-25,3,3,2,3,3,3,4,4,3,False,
SURV0001270,DUD100158,2021-12-20,5,4,5,5,5,4,5,5,5,True,
SURV0001271,DUD100158,2022-01-05,4,4,4,5,4,3,4,3,4,True,
SURV0001272,DUD100158,2022-02-03,2,2,3,3,2,2,3,1,2,False,
SURV0001273,DUD100158,2022-03-08,4,4,3,3,4,4,3,5,4,True,
SURV0001274,DUD100158,2022-04-16,1,2,1,2,1,1,1,1,1,False,
SURV0001275,DUD100159,2024-04-20,5,4,5,4,5,5,5,5,5,True,
SURV0001276,DUD100159,2024-05-18,3,4,3,3,3,2,4,2,3,False,
SURV0001277,DUD100159,2024-06-09,4,5,3,5,4,3,5,3,3,True,
SURV0001278,DUD100159,2024-07-25,4,5,4,4,5,3,4,5,3,True,
SURV0001279,DUD100159,2024-08-18,5,5,5,5,4,5,5,5,4,True,
SURV0001280,DUD100159,2024-09-14,4,5,4,5,5,5,3,4,4,True,
SURV0001281,DUD100160,2021-01-26,5,5,5,4,5,4,5,4,5,True,
SURV0001282,DUD100160,2021-02-13,3,2,3,3,2,4,3,4,3,False,
SURV0001283,DUD100160,2021-03-03,3,3,2,2,3,3,3,3,3,False,
SURV0001284,DUD100160,2021-04-22,5,5,5,5,5,4,5,4,5,True,
SURV0001285,DUD100160,2021-05-24,4,4,4,5,3,5,4,4,4,True,
SURV0001286,DUD100160,2021-06-09,4,4,4,3,4,4,4,4,4,True,
SURV0001287,DUD100160,2021-07-22,3,3,4,3,4,3,4,2,2,False,
SURV0001288,DUD100160,2021-08-22,5,5,4,5,4,5,5,5,5,True,
SURV0001289,DUD100160,2021-09-06,4,4,3,5,4,5,5,3,4,True,
SURV0001290,DUD100160,2021-10-16,2,2,2,2,3,2,2,2,3,False,
SURV0001291,DUD100161,2023-03-06,5,5,5,5,5,5,4,4,5,True,
SURV0001292,DUD100161,2023-04-08,4,4,4,3,4,4,4,4,4,True,
SURV0001293,DUD100161,2023-05-27,3,3,3,3,4,4,3,2,3,False,
SURV0001294,DUD100161,2023-06-17,5,4,5,5,5,5,5,4,5,True,
SURV0001295,DUD100161,2023-07-17,4,5,3,4,4,5,4,4,4,True,
SURV0001296,DUD100161,2023-08-09,3,3,3,2,3,2,4,3,4,False,
SURV0001297,DUD100161,2023-09-18,4,5,4,4,4,4,4,4,5,True,
SURV0001298,DUD100161,2023-10-04,4,3,5,5,5,4,5,4,5,True,
SURV0001299,DUD100161,2023-11-27,2,2,3,1,2,1,2,2,3,False,
SURV0001300,DUD100162,2023-06-17,4,4,4,4,4,5,4,3,4,True,
SURV0001301,DUD100162,2023-07-22,4,4,5,4,5,3,4,5,4,True,
SURV0001302,DUD100162,2023-08-05,4,4,4,3,4,4,4,4,3,True,
SURV0001303,DUD100162,2023-09-11,3,3,2,3,3,2,2,3,3,False,
SURV0001304,DUD100162,2023-10-18,5,5,5,5,4,5,5,5,5,True,
SURV0001305,DUD100163,2024-04-02,3,3,3,4,3,3,4,4,4,False,
SURV0001306,DUD100163,2024-05-11,4,3,4,3,5,5,4,3,3,True,
SURV0001307,DUD100163,2024-06-17,5,5,4,4,4,4,4,5,4,True,
SURV0001308,DUD100163,2024-07-10,3,2,3,4,2,4,2,3,3,False,
SURV0001309,DUD100163,2024-08-22,4,4,4,4,3,5,4,4,5,True,
SURV0001310,DUD100164,2021-02-21,4,3,4,3,5,5,4,3,4,True,
SURV0001311,DUD100164,2021-03-04,3,3,4,2,2,3,3,3,2,False,
SURV0001312,DUD100164,2021-04-14,2,2,2,1,1,2,3,1,3,False,
SURV0001313,DUD100164,2021-05-19,4,4,4,4,3,4,5,4,3,True,
SURV0001314,DUD100164,2021-06-21,4,5,5,3,4,4,3,4,3,True,
SURV0001315,DUD100164,2021-07-10,4,5,3,5,4,3,4,4,3,True,
SURV0001316,DUD100164,2021-08-13,4,4,5,4,5,4,3,4,5,True,
SURV0001317,DUD100164,2021-09-03,3,2,2,2,3,3,4,3,3,False,
SURV0001318,DUD100164,2021-10-19,5,5,5,5,5,5,5,5,5,True,
SURV0001319,DUD100164,2021-11-15,5,5,5,5,5,5,5,5,5,True,
SURV0001320,DUD100165,2024-07-15,1,1,1,1,2,1,1,1,2,False,
SURV0001321,DUD100165,2024-08-17,3,3,3,4,3,3,3,4,3,False,
SURV0001322,DUD100165,2024-09-18,2,2,2,2,3,1,1,1,2,False,
SURV0001323,DUD100165,2024-10-26,5,5,5,5,5,5,5,5,5,True,
SURV0001324,DUD100165,2024-11-04,4,5,4,5,4,5,3,5,5,True,
SURV0001325,DUD100165,2024-12-05,4,4,3,4,3,3,3,5,3,True,
SURV0001326,DUD100166,2023-12-11,5,5,5,5,4,5,5,5,5,True,
SURV0001327,DUD100166,2024-01-04,4,4,4,4,5,5,5,4,5,True,
SURV0001328,DUD100166,2024-02-21,4,4,3,4,4,4,4,4,5,True,
SURV0001329,DUD100166,2024-03-13,4,4,4,5,3,5,4,4,3,True,
SURV0001330,DUD100166,2024-04-26,4,4,3,4,5,5,3,3,4,True,
SURV0001331,DUD100166,2024-05-15,5,4,4,5,5,4,4,5,5,True,
SURV0001332,DUD100166,2024-06-10,5,5,4,5,4,5,5,4,5,True,
SURV0001333,DUD100166,2024-07-01,3,4,4,4,4,4,2,3,2,False,
SURV0001334,DUD100166,2024-08-21,3,3,2,2,2,3,3,4,3,False,
SURV0001335,DUD100166,2024-09-01,4,4,4,4,4,4,3,3,5,True,
SURV0001336,DUD100167,2023-07-21,2,2,2,2,1,3,2,2,2,False,
SURV0001337,DUD100167,2023-08-04,4,3,4,4,3,4,4,5,4,True,
SURV0001338,DUD100167,2023-09-11,4,4,4,3,4,4,4,5,5,True,
SURV0001339,DUD100167,2023-10-12,5,4,4,4,4,5,4,5,5,True,
SURV0001340,DUD100167,2023-11-26,4,4,4,4,3,4,5,4,4,True,
SURV0001341,DUD100167,2023-12-02,4,4,3,5,3,3,4,3,4,True,
SURV0001342,DUD100167,2024-01-08,3,3,3,3,2,3,3,3,3,False,
SURV0001343,DUD100168,2021-04-19,4,4,3,4,5,4,4,4,3,True,
SURV0001344,DUD100168,2021-05-14,5,5,5,4,5,5,4,4,4,True,
SURV0001345,DUD100168,2021-06-03,4,3,3,4,5,4,3,4,3,True,
SURV0001346,DUD100168,2021-07-07,5,5,5,5,5,4,5,5,5,True,
SURV0001347,DUD100168,2021-08-05,3,3,4,3,2,2,3,4,4,False,
SURV0001348,DUD100168,2021-09-23,4,4,4,3,5,5,3,5,4,True,
SURV0001349,DUD100168,2021-10-08,5,5,5,4,5,4,4,4,5,True,
SURV0001350,DUD100168,2021-11-28,3,3,3,3,4,2,3,3,3,False,
SURV0001351,DUD100168,2021-12-27,4,4,4,4,4,3,4,5,3,True,
SURV0001352,DUD100168,2022-01-19,4,4,4,3,3,5,4,5,3,True,
SURV0001353,DUD100168,2022-02-02,5,4,5,5,4,5,5,4,5,True,
SURV0001354,DUD100169,2024-07-23,5,5,5,5,5,5,5,5,4,True,
SURV0001355,DUD100169,2024-08-02,3,3,4,3,2,4,2,2,4,False,
SURV0001356,DUD100169,2024-09-13,4,4,5,4,4,4,4,3,4,True,
SURV0001357,DUD100169,2024-10-24,4,4,5,4,4,3,3,4,5,True,
SURV0001358,DUD100169,2024-11-22,3,2,3,3,2,3,3,2,2,False,
SURV0001359,DUD100169,2024-12-19,5,4,4,5,5,4,5,4,5,True,
SURV0001360,DUD100169,2025-01-25,3,3,3,2,2,2,3,2,2,False,
SURV0001361,DUD100169,2025-02-25,2,2,2,1,1,2,2,2,3,False,
SURV0001362,DUD100169,2025-03-18,3,4,3,4,2,2,2,3,4,False,
SURV0001363,DUD100170,2022-03-02,2,2,3,3,3,2,2,2,2,False,
SURV0001364,DUD100170,2022-04-06,3,2,3,2,4,3,3,2,2,False,
SURV0001365,DUD100170,2022-05-22,5,5,5,5,4,5,5,5,5,True,
SURV0001366,DUD100170,2022-06-07,3,2,4,4,2,4,3,2,4,False,
SURV0001367,DUD100171,2023-07-07,3,3,3,2,4,4,2,3,4,False,
SURV0001368,DUD100171,2023-08-05,4,3,4,4,5,5,4,5,4,True,
SURV0001369,DUD100171,2023-09-18,4,3,3,4,4,3,3,4,3,True,
SURV0001370,DUD100171,2023-10-21,4,4,4,3,4,3,5,4,4,True,
SURV0001371,DUD100171,2023-11-23,2,2,2,2,3,1,1,2,2,False,
SURV0001372,DUD100171,2023-12-27,1,2,2,1,2,1,2,1,1,False,
SURV0001373,DUD100171,2024-01-19,5,5,5,5,5,5,4,5,4,True,
SURV0001374,DUD100171,2024-02-19,4,4,4,4,4,4,4,4,5,True,
SURV0001375,DUD100172,2021-09-25,4,5,3,4,4,4,5,4,3,True,
SURV0001376,DUD100172,2021-10-01,4,3,4,4,5,4,4,4,3,True,
SURV0001377,DUD100172,2021-11-21,3,2,3,2,2,3,3,3,3,False,
SURV0001378,DUD100172,2021-12-01,5,5,4,5,4,5,5,4,5,True,
SURV0001379,DUD100172,2022-01-21,3,4,2,4,4,3,3,2,4,False,
SURV0001380,DUD100172,2022-02-18,4,3,5,5,5,4,3,3,3,True,
SURV0001381,DUD100172,2022-03-27,2,3,1,1,1,3,2,3,2,False,
SURV0001382,DUD100173,2023-08-01,4,3,4,5,3,4,3,3,5,True,
SURV0001383,DUD100173,2023-09-10,5,4,5,5,5,5,4,5,5,True,
SURV0001384,DUD100173,2023-10-12,5,5,5,4,5,4,4,5,5,True,
SURV0001385,DUD100173,2023-11-02,5,5,4,5,4,5,5,4,5,True,
SURV0001386,DUD100173,2023-12-03,4,3,4,4,3,4,4,4,5,True,
SURV0001387,DUD100173,2024-01-04,4,4,3,5,4,4,3,4,4,True,
SURV0001388,DUD100173,2024-02-11,5,5,5,5,5,5,5,5,5,True,
SURV0001389,DUD100173,2024-03-18,4,4,5,5,3,4,5,4,3,True,
SURV0001390,DUD100173,2024-04-10,4,5,4,4,4,5,3,3,3,True,
SURV0001391,DUD100173,2024-05-04,1,1,1,2,1,1,2,2,1,False,
SURV0001392,DUD100173,2024-06-17,4,4,5,4,5,4,5,4,3,True,
SURV0001393,DUD100174,2023-12-07,4,4,5,5,5,3,3,3,4,True,
SURV0001394,DUD100174,2024-01-07,5,5,5,4,5,5,5,5,5,True,
SURV0001395,DUD100174,2024-02-13,3,2,3,3,2,3,3,3,3,False,
SURV0001396,DUD100174,2024-03-15,3,4,2,3,4,3,3,4,3,False,
SURV0001397,DUD100175,2022-05-20,4,4,3,3,3,3,4,4,3,True,
SURV0001398,DUD100175,2022-06-13,4,5,4,4,5,4,4,4,4,True,
SURV0001399,DUD100175,2022-07-21,4,4,4,3,4,4,4,3,5,True,
SURV0001400,DUD100175,2022-08-04,3,3,2,3,3,3,3,3,4,False,
SURV0001401,DUD100175,2022-09-24,4,5,4,3,4,4,4,3,4,True,
SURV0001402,DUD100175,2022-10-20,4,4,4,5,5,5,3,4,5,True,
SURV0001403,DUD100175,2022-11-17,4,4,4,4,3,4,3,4,5,True,
SURV0001404,DUD100175,2022-12-06,3,2,2,3,2,2,3,3,3,False,
SURV0001405,DUD100176,2024-03-10,2,3,2,2,2,2,2,2,2,False,
SURV0001406,DUD100176,2024-04-02,5,5,5,5,5,5,5,4,4,True,
SURV0001407,DUD100176,2024-05-09,1,1,1,1,1,1,1,1,1,False,
SURV0001408,DUD100176,2024-06-07,4,3,5,4,3,3,5,3,4,True,
SURV0001409,DUD100176,2024-07-13,1,1,1,1,1,1,1,1,1,False,
SURV0001410,DUD100176,2024-08-07,3,3,4,3,2,3,2,4,3,False,
SURV0001411,DUD100176,2024-09-07,2,2,2,3,2,2,2,1,1,False,
SURV0001412,DUD100176,2024-10-02,3,3,4,2,3,4,2,4,2,False,
SURV0001413,DUD100176,2024-11-11,2,2,3,3,2,3,3,1,1,False,
SURV0001414,DUD100176,2024-12-07,3,4,3,3,3,4,2,4,4,False,
SURV0001415,DUD100177,2023-11-23,4,5,4,4,3,4,4,5,4,True,
SURV0001416,DUD100177,2023-12-17,3,4,3,3,3,4,3,3,3,False,
SURV0001417,DUD100177,2024-01-25,2,2,2,2,2,2,2,2,2,False,
SURV0001418,DUD100177,2024-02-27,3,3,3,3,3,2,3,3,3,False,
SURV0001419,DUD100177,2024-03-27,3,2,2,2,3,3,4,3,3,False,
SURV0001420,DUD100177,2024-04-26,3,4,2,2,4,4,4,3,3,False,
SURV0001421,DUD100177,2024-05-28,4,4,5,4,4,4,5,3,4,True,
SURV0001422,DUD100177,2024-06-14,5,5,5,4,5,4,5,5,4,True,
SURV0001423,DUD100177,2024-07-01,3,3,2,3,3,2,3,4,3,False,
SURV0001424,DUD100177,2024-08-04,5,5,5,4,5,5,5,5,5,True,
SURV0001425,DUD100177,2024-09-19,5,5,5,5,5,4,5,5,4,True,
SURV0001426,DUD100177,2024-10-14,4,4,3,4,4,5,4,4,5,True,
SURV0001427,DUD100178,2022-06-19,4,4,5,5,4,3,4,5,5,True,
SURV0001428,DUD100178,2022-07-28,4,4,4,4,4,4,3,4,4,True,
SURV0001429,DUD100178,2022-08-01,4,4,3,5,4,4,3,3,3,True,
SURV0001430,DUD100178,2022-09-14,3,3,3,3,3,2,4,3,3,False,
SURV0001431,DUD100178,2022-10-12,2,1,1,2,2,2,2,2,2,False,
SURV0001432,DUD100178,2022-11-27,4,4,4,3,3,4,5,3,5,True,
SURV0001433,DUD100178,2022-12-02,3,3,3,3,3,2,3,3,2,False,
SURV0001434,DUD100178,2023-01-27,4,5,4,5,5,3,3,5,4,True,
SURV0001435,DUD100178,2023-02-08,4,5,4,3,3,4,4,4,5,True,
SURV0001436,DUD100179,2022-08-02,3,3,2,3,3,2,4,3,3,False,
SURV0001437,DUD100179,2022-09-16,4,4,5,4,5,4,5,4,4,True,
SURV0001438,DUD100179,2022-10-09,4,3,5,3,3,3,4,3,4,True,
SURV0001439,DUD100179,2022-11-14,4,4,4,4,4,3,4,5,5,True,
SURV0001440,DUD100179,2022-12-26,5,5,5,4,5,5,5,5,4,True,
SURV0001441,DUD100180,2022-07-28,5,5,5,5,5,4,5,5,4,True,
SURV0001442,DUD100180,2022-08-07,5,5,4,4,5,4,4,5,4,True,
SURV0001443,DUD100180,2022-09-23,4,4,4,3,5,4,3,5,5,True,
SURV0001444,DUD100180,2022-10-13,4,4,4,3,4,4,3,5,4,True,
SURV0001445,DUD100180,2022-11-02,4,4,5,4,4,4,5,5,4,True,
SURV0001446,DUD100181,2022-11-25,3,3,2,3,3,2,4,2,3,False,
SURV0001447,DUD100181,2022-12-24,3,2,4,3,3,3,4,3,2,False,
SURV0001448,DUD100181,2023-01-23,2,2,2,1,1,1,1,2,1,False,
SURV0001449,DUD100181,2023-02-03,3,3,3,2,3,2,3,2,4,False,
SURV0001450,DUD100181,2023-03-26,5,5,5,5,4,5,5,4,5,True,
SURV0001451,DUD100181,2023-04-11,2,2,2,2,3,2,1,3,2,False,
SURV0001452,DUD100182,2022-03-02,4,4,3,5,3,5,4,4,4,True,
SURV0001453,DUD100182,2022-04-28,5,5,5,5,4,5,5,5,4,True,
SURV0001454,DUD100182,2022-05-17,4,4,4,3,4,4,4,3,4,True,
SURV0001455,DUD100182,2022-06-08,4,4,4,4,4,4,4,4,5,True,
SURV0001456,DUD100182,2022-07-28,4,4,5,4,4,5,4,4,4,True,
SURV0001457,DUD100182,2022-08-20,4,4,5,5,3,4,4,5,4,True,
SURV0001458,DUD100182,2022-09-13,5,5,5,4,5,5,5,4,4,True,
SURV0001459,DUD100183,2024-09-28,4,3,3,3,5,4,4,4,5,True,
SURV0001460,DUD100183,2024-10-15,4,4,3,4,3,5,4,3,3,True,
SURV0001461,DUD100183,2024-11-08,4,4,5,3,3,5,4,4,3,True,
SURV0001462,DUD100183,2024-12-12,3,4,4,3,3,4,3,2,3,False,
SURV0001463,DUD100183,2025-01-27,2,3,2,3,2,3,2,2,2,False,
SURV0001464,DUD100183,2025-02-06,3,3,3,2,3,3,2,2,2,False,
SURV0001465,DUD100183,2025-03-18,3,3,3,3,4,4,2,4,4,False,
SURV0001466,DUD100183,2025-04-16,2,2,3,3,2,3,3,3,2,False,
SURV0001467,DUD100183,2025-05-12,4,4,3,4,3,4,3,3,4,True,
SURV0001468,DUD100183,2025-06-11,2,2,2,1,3,3,3,2,2,False,
SURV0001469,DUD100184,2021-12-27,4,4,5,3,4,3,4,5,4,True,
SURV0001470,DUD100184,2022-01-10,4,4,5,4,3,4,4,4,4,True,
SURV0001471,DUD100184,2022-02-19,3,4,3,3,3,3,4,3,3,False,
SURV0001472,DUD100184,2022-03-03,3,3,3,4,3,3,2,3,4,False,
SURV0001473,DUD100185,2021-03-22,5,5,5,5,5,5,5,4,5,True,
SURV0001474,DUD100185,2021-04-09,5,5,5,5,5,4,5,5,5,True,
SURV0001475,DUD100185,2021-05-24,4,5,4,4,4,3,3,5,4,True,
SURV0001476,DUD100185,2021-06-22,4,4,5,5,5,4,3,4,4,True,
SURV0001477,DUD100185,2021-07-19,3,3,3,3,3,3,3,3,3,False,
SURV0001478,DUD100185,2021-08-25,3,3,2,2,4,2,3,3,4,False,
SURV0001479,DUD100185,2021-09-24,3,3,3,3,3,4,4,4,2,False,
SURV0001480,DUD100185,2021-10-01,3,3,2,2,2,3,3,4,4,False,
SURV0001481,DUD100185,2021-11-27,5,5,5,5,5,5,4,5,5,True,
SURV0001482,DUD100186,2022-06-01,4,4,4,4,3,4,4,4,4,True,
SURV0001483,DUD100186,2022-07-22,3,4,3,3,2,4,2,3,2,False,
SURV0001484,DUD100186,2022-08-22,2,2,2,1,3,2,1,2,2,False,
SURV0001485,DUD100186,2022-09-03,4,5,4,4,4,4,4,5,3,True,
SURV0001486,DUD100186,2022-10-17,2,1,1,2,1,3,1,1,2,False,
SURV0001487,DUD100186,2022-11-14,5,4,5,5,5,4,5,5,5,True,
SURV0001488,DUD100186,2022-12-14,5,5,5,5,4,5,5,5,4,True,
SURV0001489,DUD100186,2023-01-12,3,2,2,4,4,3,3,3,3,False,
SURV0001490,DUD100186,2023-02-02,3,3,3,3,4,4,2,3,3,False,
SURV0001491,DUD100186,2023-03-16,3,3,2,4,2,4,3,3,3,False,
SURV0001492,DUD100187,2021-12-12,4,5,3,4,5,3,4,4,5,True,
SURV0001493,DUD100187,2022-01-21,4,5,4,4,4,4,4,4,4,True,
SURV0001494,DUD100187,2022-02-27,2,2,3,2,2,1,3,3,2,False,
SURV0001495,DUD100187,2022-03-08,4,4,5,5,5,4,5,3,4,True,
SURV0001496,DUD100187,2022-04-08,5,5,5,5,5,5,5,5,5,True,
SURV0001497,DUD100187,2022-05-12,4,4,4,3,3,5,4,4,4,True,
SURV0001498,DUD100187,2022-06-27,2,1,3,3,2,3,3,3,2,False,
SURV0001499,DUD100187,2022-07-23,2,1,2,2,1,2,1,2,2,False,
SURV0001500,DUD100187,2022-08-01,3,2,2,3,4,2,2,3,2,False,
SURV0001501,DUD100187,2022-09-27,4,5,5,4,5,3,3,4,4,True,
SURV0001502,DUD100187,2022-10-12,2,1,2,1,2,3,3,2,3,False,
SURV0001503,DUD100188,2021-10-23,3,2,4,3,3,4,4,3,3,False,
SURV0001504,DUD100188,2021-11-05,3,3,3,4,4,3,3,2,3,False,
SURV0001505,DUD100188,2021-12-26,4,3,4,4,4,4,5,3,4,True,
SURV0001506,DUD100188,2022-01-08,4,4,5,4,4,4,4,4,4,True,
SURV0001507,DUD100188,2022-02-24,4,4,4,5,3,4,5,3,4,True,
SURV0001508,DUD100188,2022-03-28,2,2,2,3,1,2,1,2,3,False,
SURV0001509,DUD100188,2022-04-02,5,5,5,5,4,5,5,4,5,True,
SURV0001510,DUD100189,2022-01-13,4,5,4,4,5,3,3,3,5,True,
SURV0001511,DUD100189,2022-02-20,5,5,5,4,5,5,5,4,5,True,
SURV0001512,DUD100189,2022-03-10,2,2,2,2,3,3,2,2,2,False,
SURV0001513,DUD100189,2022-04-20,1,1,2,1,1,2,1,1,1,False,
SURV0001514,DUD100190,2022-09-27,4,3,4,5,4,4,5,4,4,True,
SURV0001515,DUD100190,2022-10-08,4,4,3,3,4,3,5,4,3,True,
SURV0001516,DUD100190,2022-11-05,4,4,4,4,4,3,4,3,4,True,
SURV0001517,DUD100190,2022-12-27,5,5,5,4,5,4,5,5,5,True,
SURV0001518,DUD100190,2023-01-26,4,4,3,4,3,4,5,4,4,True,
SURV0001519,DUD100190,2023-02-28,3,3,3,4,3,3,2,3,3,False,
SURV0001520,DUD100190,2023-03-25,4,4,4,4,5,4,4,4,3,True,
SURV0001521,DUD100191,2021-09-07,5,5,5,5,4,5,5,5,4,True,
SURV0001522,DUD100191,2021-10-01,4,5,4,5,4,3,5,3,5,True,
SURV0001523,DUD100191,2021-11-10,4,5,4,4,4,3,4,4,3,True,
SURV0001524,DUD100191,2021-12-15,4,5,4,5,4,5,3,4,4,True,
SURV0001525,DUD100191,2022-01-07,5,5,5,4,5,5,4,5,4,True,
SURV0001526,DUD100191,2022-02-04,3,3,2,3,2,3,3,3,3,False,
SURV0001527,DUD100192,2024-10-05,5,5,5,5,5,5,5,5,5,True,
SURV0001528,DUD100192,2024-11-20,4,4,3,3,4,3,5,3,4,True,
SURV0001529,DUD100192,2024-12-13,5,5,5,5,5,5,5,5,5,True,
SURV0001530,DUD100192,2025-01-27,4,3,4,3,4,3,4,4,3,True,
SURV0001531,DUD100193,2023-04-13,4,4,4,4,4,3,4,4,4,True,
SURV0001532,DUD100193,2023-05-24,5,5,4,5,5,4,5,5,4,True,
SURV0001533,DUD100193,2023-06-12,4,3,3,3,4,5,4,4,4,True,
SURV0001534,DUD100193,2023-07-23,3,4,3,4,3,2,4,4,2,False,
SURV0001535,DUD100194,2024-08-12,4,5,5,5,3,3,3,3,4,True,
SURV0001536,DUD100194,2024-09-03,5,5,5,4,5,5,4,5,5,True,
SURV0001537,DUD100194,2024-10-16,3,3,2,2,3,3,2,2,3,False,
SURV0001538,DUD100194,2024-11-06,5,5,5,4,5,5,4,5,5,True,
SURV0001539,DUD100195,2021-06-15,5,5,5,5,5,5,5,5,5,True,
SURV0001540,DUD100195,2021-07-07,3,3,4,2,2,4,3,4,4,False,
SURV0001541,DUD100195,2021-08-06,5,5,5,5,5,5,4,4,5,True,
SURV0001542,DUD100195,2021-09-05,4,4,4,3,5,3,4,3,4,True,
SURV0001543,DUD100196,2021-06-02,4,4,5,4,4,4,3,4,3,True,
SURV0001544,DUD100196,2021-07-17,4,5,5,3,5,4,4,3,4,True,
SURV0001545,DUD100196,2021-08-13,3,3,2,3,2,3,3,2,2,False,
SURV0001546,DUD100196,2021-09-03,3,3,4,3,3,3,2,2,4,False,
SURV0001547,DUD100196,2021-10-15,3,3,2,4,2,2,2,2,3,False,
SURV0001548,DUD100196,2021-11-12,3,3,4,3,4,2,4,3,3,False,
SURV0001549,DUD100196,2021-12-10,1,1,1,1,1,1,1,1,2,False,
SURV0001550,DUD100196,2022-01-23,3,3,2,4,2,3,3,3,3,False,
SURV0001551,DUD100196,2022-02-14,3,4,2,3,3,2,3,4,2,False,
SURV0001552,DUD100196,2022-03-15,5,5,5,5,4,5,5,4,4,True,
SURV0001553,DUD100197,2022-06-18,4,4,5,4,3,4,3,4,5,True,
SURV0001554,DUD100197,2022-07-16,4,5,4,3,5,5,4,4,3,True,
SURV0001555,DUD100197,2022-08-02,5,5,5,5,5,5,4,4,5,True,
SURV0001556,DUD100197,2022-09-13,3,3,3,3,2,4,3,2,4,False,
SURV0001557,DUD100197,2022-10-01,3,2,4,3,4,3,3,3,4,False,
SURV0001558,DUD100197,2022-11-07,4,4,3,3,4,5,3,4,4,True,
SURV0001559,DUD100197,2022-12-19,2,2,3,2,3,2,3,2,2,False,
SURV0001560,DUD100197,2023-01-27,2,2,1,1,2,1,2,3,2,False,
SURV0001561,DUD100197,2023-02-03,4,4,3,4,4,5,3,4,4,True,
SURV0001562,DUD100197,2023-03-15,5,5,5,5,4,5,4,5,5,True,
SURV0001563,DUD100197,2023-04-21,4,5,3,3,3,4,5,3,4,True,
SURV0001564,DUD100198,2024-02-15,5,4,4,5,5,5,5,5,5,True,
SURV0001565,DUD100198,2024-03-15,5,5,5,5,5,4,4,4,4,True,
SURV0001566,DUD100198,2024-04-23,3,3,2,3,2,2,3,2,3,False,
SURV0001567,DUD100198,2024-05-21,4,4,4,4,5,5,4,5,4,True,
SURV0001568,DUD100198,2024-06-22,5,4,5,5,5,5,5,4,5,True,
SURV0001569,DUD100198,2024-07-14,3,3,2,4,2,3,4,2,3,False,
SURV0001570,DUD100198,2024-08-10,2,2,1,2,2,2,1,3,3,False,
SURV0001571,DUD100198,2024-09-08,1,1,1,1,1,2,1,1,1,False,
SURV0001572,DUD100198,2024-10-15,4,4,4,5,4,4,5,5,4,True,
SURV0001573,DUD100198,2024-11-18,4,4,3,4,4,4,5,3,4,True,
SURV0001574,DUD100199,2022-05-08,3,3,3,2,2,3,3,3,4,False,
SURV0001575,DUD100199,2022-06-21,4,4,4,3,4,4,4,4,5,True,
SURV0001576,DUD100199,2022-07-12,4,3,4,4,3,4,5,4,5,True,
SURV0001577,DUD100199,2022-08-12,5,5,5,4,4,5,5,5,5,True,
SURV0001578,DUD100199,2022-09-16,4,4,4,3,4,4,5,5,4,True,
SURV0001579,DUD100199,2022-10-12,4,4,4,4,5,5,5,4,4,True,
SURV0001580,DUD100199,2022-11-15,2,2,3,3,1,3,2,3,3,False,
SURV0001581,DUD100199,2022-12-06,1,2,1,1,2,1,1,1,1,False,
SURV0001582,DUD100199,2023-01-06,4,4,4,4,4,4,3,4,3,True,
SURV0001583,DUD100199,2023-02-09,4,4,3,4,3,5,4,5,3,True,
SURV0001584,DUD100199,2023-03-20,5,5,4,5,4,5,5,4,5,True,
SURV0001585,DUD100199,2023-04-09,4,5,4,4,3,4,4,4,5,True,
SURV0001586,DUD100200,2023-12-22,2,2,2,2,2,2,2,2,2,False,
SURV0001587,DUD100200,2024-01-24,5,5,5,5,5,5,4,4,4,True,
SURV0001588,DUD100200,2024-02-02,5,5,4,5,5,4,5,4,5,True,
SURV0001589,DUD100200,2024-03-01,3,3,2,2,4,4,3,4,4,False,
SURV0001590,DUD100200,2024-04-15,4,5,4,5,4,3,4,4,4,True,
SURV0001591,DUD100200,2024-05-03,3,3,3,4,3,3,3,3,3,False,
SURV0001592,DUD100200,2024-06-08,4,4,3,4,3,4,4,3,4,True,
SURV0001593,DUD100200,2024-07-05,3,2,3,3,3,2,2,3,4,False,
SURV0001594,DUD100200,2024-08-20,4,4,3,4,4,4,4,4,3,True,
SURV0001595,DUD100201,2021-11-27,5,5,4,5,5,5,5,5,5,True,
SURV0001596,DUD100201,2021-12-22,4,4,5,4,4,5,3,3,3,True,
SURV0001597,DUD100201,2022-01-08,5,4,5,5,5,5,5,5,4,True,
SURV0001598,DUD100201,2022-02-06,5,5,5,5,5,5,4,5,5,True,
SURV0001599,DUD100201,2022-03-04,4,4,4,4,5,3,4,4,3,True,
SURV0001600,DUD100201,2022-04-03,5,5,4,4,4,4,5,5,4,True,
SURV0001601,DUD100201,2022-05-20,4,3,4,4,4,5,4,4,4,True,
SURV0001602,DUD100201,2022-06-01,5,5,4,5,5,5,5,5,4,True,
SURV0001603,DUD100202,2021-04-08,4,4,5,4,5,5,5,4,4,True,
SURV0001604,DUD100202,2021-05-18,1,1,1,1,1,1,1,1,1,False,
SURV0001605,DUD100202,2021-06-09,4,4,3,4,3,4,5,4,4,True,
SURV0001606,DUD100202,2021-07-12,4,4,3,3,3,4,5,4,3,True,
SURV0001607,DUD100202,2021-08-21,3,3,2,2,3,4,4,3,3,False,
SURV0001608,DUD100202,2021-09-19,2,2,2,2,1,1,3,2,2,False,
SURV0001609,DUD100203,2022-08-18,3,3,4,3,2,2,3,4,2,False,
SURV0001610,DUD100203,2022-09-02,4,4,4,4,5,4,4,3,4,True,
SURV0001611,DUD100203,2022-10-12,3,2,3,3,4,3,2,2,3,False,
SURV0001612,DUD100203,2022-11-09,3,3,3,2,3,3,3,2,3,False,
SURV0001613,DUD100203,2022-12-11,2,2,2,2,3,2,1,3,3,False,
SURV0001614,DUD100203,2023-01-21,4,5,4,3,4,4,3,4,3,True,
SURV0001615,DUD100203,2023-02-23,4,5,4,4,3,4,4,5,4,True,
SURV0001616,DUD100203,2023-03-22,1,1,1,2,2,2,1,1,1,False,
SURV0001617,DUD100203,2023-04-03,4,5,5,4,5,3,4,4,5,True,
SURV0001618,DUD100203,2023-05-10,4,5,3,5,5,4,5,4,5,True,
SURV0001619,DUD100204,2024-07-16,5,5,4,5,4,5,5,4,5,True,
SURV0001620,DUD100204,2024-08-11,4,4,4,3,4,4,5,4,4,True,
SURV0001621,DUD100204,2024-09-05,5,4,5,4,5,4,5,5,5,True,
SURV0001622,DUD100204,2024-10-03,4,5,4,4,4,4,5,5,3,True,
SURV0001623,DUD100205,2023-03-25,5,4,4,5,5,5,5,5,5,True,
SURV0001624,DUD100205,2023-04-03,4,4,4,4,4,4,4,4,4,True,
SURV0001625,DUD100205,2023-05-20,1,1,1,1,1,1,1,1,1,False,
SURV0001626,DUD100205,2023-06-09,2,2,2,2,2,1,3,2,1,False,
SURV0001627,DUD100205,2023-07-24,5,5,5,5,4,4,5,5,5,True,
SURV0001628,DUD100205,2023-08-06,4,4,3,4,4,4,3,4,4,True,
SURV0001629,DUD100205,2023-09-02,5,5,5,5,5,5,4,5,5,True,
SURV0001630,DUD100205,2023-10-14,4,5,4,5,3,3,4,4,5,True,
SURV0001631,DUD100206,2022-07-23,4,4,4,3,5,3,3,4,3,True,
SURV0001632,DUD100206,2022-08-03,4,4,4,4,3,4,5,4,3,True,
SURV0001633,DUD100206,2022-09-24,4,4,4,3,3,3,4,5,4,True,
SURV0001634,DUD100206,2022-10-21,4,3,3,5,4,3,5,5,5,True,
SURV0001635,DUD100206,2022-11-24,4,4,4,4,5,5,4,4,4,True,
SURV0001636,DUD100206,2022-12-15,5,5,5,5,5,5,5,4,5,True,
SURV0001637,DUD100206,2023-01-28,4,5,3,3,4,3,3,5,3,True,
SURV0001638,DUD100206,2023-02-02,3,3,3,3,4,2,4,3,3,False,
SURV0001639,DUD100207,2022-08-25,5,5,4,5,5,4,5,5,5,True,
SURV0001640,DUD100207,2022-09-26,5,5,5,4,5,4,4,4,5,True,
SURV0001641,DUD100207,2022-10-10,4,4,3,4,3,5,4,4,5,True,
SURV0001642,DUD100207,2022-11-22,4,5,5,5,3,4,4,5,4,True,
SURV0001643,DUD100207,2022-12-18,5,5,5,4,4,5,5,5,5,True,
SURV0001644,DUD100207,2023-01-28,5,5,5,5,4,5,5,5,4,True,
SURV0001645,DUD100207,2023-02-24,1,1,1,1,2,1,1,1,2,False,
SURV0001646,DUD100208,2022-03-27,1,1,1,2,1,2,2,1,1,False,
SURV0001647,DUD100208,2022-04-11,4,5,5,4,5,5,4,3,5,True,
SURV0001648,DUD100208,2022-05-27,4,4,3,3,3,5,4,3,5,True,
SURV0001649,DUD100208,2022-06-23,3,4,4,4,4,3,4,3,4,False,
SURV0001650,DUD100208,2022-07-03,2,2,2,1,2,2,2,2,2,False,
SURV0001651,DUD100208,2022-08-19,3,3,2,4,3,3,2,3,4,False,
SURV0001652,DUD100208,2022-09-12,3,3,3,3,3,3,4,3,3,False,
SURV0001653,DUD100208,2022-10-15,5,5,5,5,5,4,5,5,5,True,
SURV0001654,DUD100208,2022-11-17,5,5,5,5,4,5,5,4,5,True,
SURV0001655,DUD100208,2022-12-26,4,4,3,4,5,3,4,3,5,True,
SURV0001656,DUD100209,2024-02-13,3,4,4,3,4,3,2,2,3,False,
SURV0001657,DUD100209,2024-03-18,5,5,4,5,5,5,5,5,5,True,
SURV0001658,DUD100209,2024-04-14,4,4,5,3,5,5,4,4,4,True,
SURV0001659,DUD100209,2024-05-05,3,2,3,2,4,4,3,4,3,False,
SURV0001660,DUD100209,2024-06-14,4,4,5,5,4,4,4,5,5,True,
SURV0001661,DUD100209,2024-07-12,5,5,4,5,5,4,4,4,5,True,
SURV0001662,DUD100209,2024-08-23,4,5,3,3,3,4,4,4,3,True,
SURV0001663,DUD100209,2024-09-13,4,4,3,4,5,4,5,5,4,True,
SURV0001664,DUD100209,2024-10-18,4,5,4,5,4,3,4,5,4,True,
SURV0001665,DUD100209,2024-11-18,3,2,3,4,3,3,3,4,3,False,
SURV0001666,DUD100209,2024-12-22,1,1,1,2,2,1,2,2,1,False,
SURV0001667,DUD100210,2023-10-04,3,3,4,2,4,4,4,2,4,False,
SURV0001668,DUD100210,2023-11-07,5,5,4,5,5,5,5,5,5,True,
SURV0001669,DUD100210,2023-12-28,2,2,3,3,2,2,1,2,2,False,
SURV0001670,DUD100210,2024-01-13,3,3,3,3,3,2,3,2,3,False,
SURV0001671,DUD100210,2024-02-28,3,3,4,3,3,3,3,4,4,False,
SURV0001672,DUD100210,2024-03-16,4,4,4,5,4,4,4,3,5,True,
SURV0001673,DUD100210,2024-04-25,4,4,4,4,4,5,3,4,4,True,
SURV0001674,DUD100210,2024-05-26,5,5,5,5,4,5,5,5,5,True,
SURV0001675,DUD100210,2024-06-27,4,4,5,5,4,3,4,5,4,True,
SURV0001676,DUD100210,2024-07-11,4,4,4,4,4,5,4,4,4,True,
SURV0001677,DUD100211,2023-05-23,3,4,2,3,2,3,4,2,2,False,
SURV0001678,DUD100211,2023-06-08,4,3,4,5,5,5,5,4,3,True,
SURV0001679,DUD100211,2023-07-07,5,4,4,5,5,5,5,5,5,True,
SURV0001680,DUD100211,2023-08-25,5,5,4,4,5,4,5,4,5,True,
SURV0001681,DUD100211,2023-09-07,2,3,2,1,2,2,1,2,2,False,
SURV0001682,DUD100211,2023-10-14,4,4,3,4,3,5,4,3,5,True,
SURV0001683,DUD100211,2023-11-27,3,3,2,2,4,3,3,4,3,False,
SURV0001684,DUD100211,2023-12-06,5,5,5,5,5,5,4,5,5,True,
SURV0001685,DUD100211,2024-01-08,1,1,1,2,1,1,1,2,1,False,
SURV0001686,DUD100211,2024-02-19,4,5,3,4,4,3,5,4,3,True,
SURV0001687,DUD100212,2023-02-18,4,3,4,3,4,4,5,3,5,True,
SURV0001688,DUD100212,2023-03-14,3,3,3,4,4,3,4,3,3,False,
SURV0001689,DUD100212,2023-04-03,4,5,5,4,4,3,4,5,4,True,
SURV0001690,DUD100212,2023-05-15,4,4,3,4,4,4,3,3,5,True,
SURV0001691,DUD100212,2023-06-07,5,5,4,5,5,5,5,5,5,True,
SURV0001692,DUD100212,2023-07-15,4,5,4,4,4,5,5,4,5,True,
SURV0001693,DUD100212,2023-08-11,5,5,5,4,5,5,5,5,5,True,
SURV0001694,DUD100212,2023-09-02,4,4,4,4,4,3,4,5,3,True,
SURV0001695,DUD100212,2023-10-01,4,4,5,3,5,4,4,3,3,True,
SURV0001696,DUD100212,2023-11-28,4,5,5,5,3,4,3,4,4,True,
SURV0001697,DUD100212,2023-12-20,2,2,3,1,2,1,2,2,1,False,
SURV0001698,DUD100212,2024-01-22,4,5,4,3,5,5,4,4,3,True,
SURV0001699,DUD100213,2021-12-07,4,4,4,5,5,4,3,4,5,True,
SURV0001700,DUD100213,2022-01-03,2,1,2,3,2,1,3,1,2,False,
SURV0001701,DUD100213,2022-02-25,4,4,4,4,4,5,3,5,4,True,
SURV0001702,DUD100213,2022-03-01,4,4,4,5,4,5,3,5,4,True,
SURV0001703,DUD100213,2022-04-24,4,3,4,5,5,5,5,5,5,True,
SURV0001704,DUD100213,2022-05-27,5,4,5,5,4,5,4,5,5,True,
SURV0001705,DUD100213,2022-06-09,4,4,5,5,4,4,4,3,5,True,
SURV0001706,DUD100213,2022-07-20,4,4,4,3,4,4,4,4,4,True,
SURV0001707,DUD100213,2022-08-07,4,4,5,4,4,5,3,4,5,True,
SURV0001708,DUD100213,2022-09-19,4,4,4,4,4,4,5,4,3,True,
SURV0001709,DUD100213,2022-10-23,5,4,5,4,5,4,5,5,5,True,
SURV0001710,DUD100213,2022-11-15,5,5,4,5,5,4,5,5,5,True,
SURV0001711,DUD100214,2024-04-28,4,5,3,5,4,4,4,4,3,True,
SURV0001712,DUD100214,2024-05-14,4,5,5,4,3,5,5,3,4,True,
SURV0001713,DUD100214,2024-06-03,5,4,4,5,5,5,5,4,5,True,
SURV0001714,DUD100214,2024-07-17,4,4,4,4,4,4,3,3,5,True,
SURV0001715,DUD100214,2024-08-12,2,2,2,1,2,1,3,3,1,False,
SURV0001716,DUD100214,2024-09-26,4,3,3,4,4,5,4,4,5,True,
SURV0001717,DUD100214,2024-10-04,5,5,5,4,4,4,4,5,5,True,
SURV0001718,DUD100214,2024-11-25,4,3,4,5,5,4,4,3,4,True,
SURV0001719,DUD100214,2024-12-05,3,3,3,2,2,3,3,3,4,False,
SURV0001720,DUD100214,2025-01-09,3,3,3,2,3,3,4,4,3,False,
SURV0001721,DUD100214,2025-02-24,3,3,3,3,4,2,3,3,2,False,
SURV0001722,DUD100214,2025-03-04,4,4,5,4,4,4,3,3,5,True,
SURV0001723,DUD100215,2023-11-21,2,1,2,3,3,2,1,2,3,False,
SURV0001724,DUD100215,2023-12-16,3,4,3,4,3,2,3,2,2,False,
SURV0001725,DUD100215,2024-01-17,3,4,4,2,3,3,4,3,2,False,
SURV0001726,DUD100215,2024-02-17,5,5,5,5,5,4,5,4,5,True,
SURV0001727,DUD100215,2024-03-02,3,3,3,3,2,3,2,3,3,False,
SURV0001728,DUD100215,2024-04-19,4,4,3,5,3,4,4,4,5,True,
SURV0001729,DUD100215,2024-05-28,4,3,5,4,3,5,4,3,4,True,
SURV0001730,DUD100215,2024-06-10,2,3,1,2,3,2,2,3,1,False,
SURV0001731,DUD100215,2024-07-03,4,4,5,5,4,3,4,4,4,True,
SURV0001732,DUD100215,2024-08-10,5,5,5,5,5,5,5,4,5,True,
SURV0001733,DUD100215,2024-09-06,4,4,4,5,4,4,4,4,4,True,
SURV0001734,DUD100215,2024-10-09,3,2,3,3,3,4,2,3,3,False,
SURV0001735,DUD100216,2023-07-12,2,3,1,2,1,2,2,1,1,False,
SURV0001736,DUD100216,2023-08-19,2,2,3,2,2,3,2,3,3,False,
SURV0001737,DUD100216,2023-09-07,2,3,1,1,2,1,3,3,2,False,
SURV0001738,DUD100216,2023-10-02,3,3,3,3,4,4,4,2,3,False,
SURV0001739,DUD100216,2023-11-15,2,2,3,2,1,3,2,1,1,False,
SURV0001740,DUD100216,2023-12-14,4,5,5,4,3,4,4,4,5,True,
SURV0001741,DUD100217,2023-01-02,4,5,5,3,3,4,5,5,5,True,
SURV0001742,DUD100217,2023-02-28,3,4,2,3,4,3,2,3,2,False,
SURV0001743,DUD100217,2023-03-28,3,4,3,3,3,2,3,4,3,False,
SURV0001744,DUD100217,2023-04-04,5,5,4,4,5,4,4,4,5,True,
SURV0001745,DUD100217,2023-05-11,5,5,5,4,4,5,4,5,5,True,
SURV0001746,DUD100217,2023-06-16,4,4,4,4,4,5,5,4,4,True,
SURV0001747,DUD100217,2023-07-22,3,4,3,2,2,2,2,2,4,False,
SURV0001748,DUD100217,2023-08-12,4,4,3,4,4,3,5,3,5,True,
SURV0001749,DUD100217,2023-09-11,5,5,4,5,5,4,5,5,5,True,
SURV0001750,DUD100217,2023-10-12,3,2,4,3,3,4,2,2,3,False,
SURV0001751,DUD100217,2023-11-01,2,2,1,3,2,3,2,2,2,False,
SURV0001752,DUD100217,2023-12-12,3,3,4,4,4,3,3,2,4,False,
SURV0001753,DUD100218,2022-05-17,4,5,4,4,4,4,4,3,4,True,
SURV0001754,DUD100218,2022-06-26,2,2,1,2,2,1,1,2,1,False,
SURV0001755,DUD100218,2022-07-16,4,5,5,5,3,3,4,4,3,True,
SURV0001756,DUD100218,2022-08-22,4,4,5,4,4,3,3,3,4,True,
SURV0001757,DUD100219,2023-07-20,4,5,4,4,5,3,4,4,4,True,
SURV0001758,DUD100219,2023-08-01,5,5,5,5,4,4,5,5,5,True,
SURV0001759,DUD100219,2023-09-17,3,3,4,3,2,2,4,3,3,False,
SURV0001760,DUD100219,2023-10-28,4,3,3,3,4,4,4,4,4,True,
SURV0001761,DUD100219,2023-11-28,5,5,5,5,5,5,4,4,5,True,
SURV0001762,DUD100219,2023-12-15,4,4,5,4,4,4,5,4,4,True,
SURV0001763,DUD100219,2024-01-01,1,1,1,1,1,2,2,1,1,False,
SURV0001764,DUD100219,2024-02-24,5,4,5,5,5,5,5,5,4,True,
SURV0001765,DUD100219,2024-03-13,4,4,5,3,3,4,4,5,4,True,
SURV0001766,DUD100219,2024-04-15,3,3,2,4,4,3,4,4,3,False,
SURV0001767,DUD100219,2024-05-08,3,3,2,4,3,4,3,3,3,False,
SURV0001768,DUD100219,2024-06-21,3,3,3,4,4,3,3,2,4,False,
SURV0001769,DUD100220,2021-05-16,4,4,5,3,4,5,5,5,4,True,
SURV0001770,DUD100220,2021-06-02,5,5,4,5,5,5,5,4,5,True,
SURV0001771,DUD100220,2021-07-25,4,5,3,5,3,3,4,4,4,True,
SURV0001772,DUD100220,2021-08-20,3,3,3,3,2,2,2,4,3,False,
SURV0001773,DUD100220,2021-09-17,4,4,4,4,4,3,4,5,4,True,
SURV0001774,DUD100220,2021-10-28,4,4,4,4,3,4,5,4,3,True,
SURV0001775,DUD100220,2021-11-24,4,4,4,3,3,4,4,4,4,True,
SURV0001776,DUD100220,2021-12-08,5,5,5,5,5,5,5,5,5,True,
SURV0001777,DUD100220,2022-01-15,4,3,5,4,5,4,4,4,4,True,
SURV0001778,DUD100220,2022-02-25,4,4,4,5,3,5,5,4,4,True,
SURV0001779,DUD100220,2022-03-27,5,5,5,5,5,5,4,5,5,True,
SURV0001780,DUD100221,2021-03-24,4,4,5,5,5,5,4,5,3,True,
SURV0001781,DUD100221,2021-04-10,4,4,3,4,5,3,4,4,4,True,
SURV0001782,DUD100221,2021-05-24,4,4,4,4,4,3,5,4,5,True,
SURV0001783,DUD100221,2021-06-12,4,4,5,5,5,4,4,3,3,True,
SURV0001784,DUD100221,2021-07-15,3,4,3,3,3,3,3,2,2,False,
SURV0001785,DUD100222,2024-09-16,5,4,4,4,5,5,5,5,4,True,
SURV0001786,DUD100222,2024-10-12,3,3,4,2,3,2,2,3,3,False,
SURV0001787,DUD100222,2024-11-09,2,2,3,2,3,1,2,1,3,False,
SURV0001788,DUD100222,2024-12-14,5,5,5,5,4,5,5,5,5,True,
SURV0001789,DUD100222,2025-01-05,5,5,5,4,5,5,5,5,5,True,
SURV0001790,DUD100222,2025-02-14,1,1,1,1,1,1,1,1,2,False,
SURV0001791,DUD100222,2025-03-18,4,3,4,4,4,4,3,4,3,True,
SURV0001792,DUD100222,2025-04-12,4,5,4,4,3,3,5,4,4,True,
SURV0001793,DUD100223,2021-09-02,5,5,4,5,5,4,5,5,5,True,
SURV0001794,DUD100223,2021-10-07,4,4,4,4,5,3,4,5,4,True,
SURV0001795,DUD100223,2021-11-21,3,3,3,3,2,3,3,4,3,False,
SURV0001796,DUD100223,2021-12-20,3,3,2,2,4,4,2,3,4,False,
SURV0001797,DUD100223,2022-01-02,5,5,4,5,5,4,4,5,5,True,
SURV0001798,DUD100223,2022-02-18,3,3,3,2,4,2,4,4,3,False,
SURV0001799,DUD100223,2022-03-26,4,4,4,3,5,4,4,4,4,True,
SURV0001800,DUD100223,2022-04-04,4,4,3,3,4,4,3,4,4,True,
SURV0001801,DUD100223,2022-05-01,4,4,4,4,4,4,5,5,4,True,
SURV0001802,DUD100223,2022-06-05,4,5,3,4,4,3,4,3,4,True,
SURV0001803,DUD100224,2022-05-01,3,2,2,3,4,2,3,2,2,False,
SURV0001804,DUD100224,2022-06-03,3,2,3,3,3,2,4,3,4,False,
SURV0001805,DUD100224,2022-07-28,3,3,2,2,3,4,3,3,2,False,
SURV0001806,DUD100224,2022-08-27,3,4,2,3,4,4,3,4,3,False,
SURV0001807,DUD100225,2022-02-23,2,2,3,3,2,1,2,1,3,False,
SURV0001808,DUD100225,2022-03-18,4,4,4,3,4,5,3,5,5,True,
SURV0001809,DUD100225,2022-04-26,5,4,4,4,4,5,5,5,4,True,
SURV0001810,DUD100225,2022-05-04,5,5,5,4,5,5,5,5,5,True,
SURV0001811,DUD100225,2022-06-21,4,4,4,3,4,5,4,4,5,True,
SURV0001812,DUD100225,2022-07-22,3,3,3,2,2,4,3,4,4,False,
SURV0001813,DUD100225,2022-08-14,5,5,4,5,5,4,4,5,5,True,
SURV0001814,DUD100225,2022-09-21,3,3,3,2,3,3,4,3,3,False,
SURV0001815,DUD100226,2021-03-14,3,3,3,3,2,3,2,3,3,False,
SURV0001816,DUD100226,2021-04-24,4,4,4,4,5,3,4,4,5,True,
SURV0001817,DUD100226,2021-05-27,4,5,3,3,3,4,3,4,4,True,
SURV0001818,DUD100226,2021-06-22,4,4,3,3,4,5,3,5,3,True,
SURV0001819,DUD100226,2021-07-10,5,5,4,5,5,4,5,5,5,True,
SURV0001820,DUD100226,2021-08-17,3,4,3,2,2,2,2,3,3,False,
SURV0001821,DUD100226,2021-09-21,4,4,5,3,5,5,3,4,3,True,
SURV0001822,DUD100226,2021-10-28,3,2,3,2,2,4,2,3,3,False,
SURV0001823,DUD100226,2021-11-16,3,4,4,4,2,2,3,4,3,False,
SURV0001824,DUD100226,2021-12-27,2,2,2,1,2,3,2,3,1,False,
SURV0001825,DUD100226,2022-01-23,5,5,4,5,4,5,4,5,5,True,
SURV0001826,DUD100226,2022-02-18,4,4,4,3,4,4,3,5,4,True,
SURV0001827,DUD100227,2022-06-03,3,3,2,3,3,3,2,4,4,False,
SURV0001828,DUD100227,2022-07-02,5,5,5,5,5,5,5,4,4,True,
SURV0001829,DUD100227,2022-08-08,4,4,5,4,3,3,4,4,3,True,
SURV0001830,DUD100227,2022-09-02,4,4,3,4,4,5,5,4,3,True,
SURV0001831,DUD100228,2023-02-07,4,5,3,5,3,4,3,3,5,True,
SURV0001832,DUD100228,2023-03-06,4,4,4,3,5,3,4,5,5,True,
SURV0001833,DUD100228,2023-04-03,3,3,4,4,3,2,3,2,4,False,
SURV0001834,DUD100228,2023-05-28,5,4,5,5,5,5,5,4,5,True,
SURV0001835,DUD100228,2023-06-23,4,4,4,4,4,5,5,4,4,True,
SURV0001836,DUD100228,2023-07-13,4,5,4,5,4,5,3,4,5,True,
SURV0001837,DUD100228,2023-08-19,4,3,3,3,3,4,5,4,3,True,
SURV0001838,DUD100228,2023-09-05,3,4,3,3,3,2,3,4,2,False,
SURV0001839,DUD100228,2023-10-22,2,2,2,3,1,1,2,2,2,False,
SURV0001840,DUD100229,2024-06-16,2,2,2,2,2,3,2,3,2,False,
SURV0001841,DUD100229,2024-07-27,4,5,3,3,3,4,4,4,4,True,
SURV0001842,DUD100229,2024-08-14,4,5,3,4,3,4,4,5,4,True,
SURV0001843,DUD100229,2024-09-03,4,3,4,4,5,4,4,4,4,True,
SURV0001844,DUD100229,2024-10-21,4,3,4,4,4,3,5,3,4,True,
SURV0001845,DUD100229,2024-11-22,4,4,4,4,5,4,3,5,5,True,
SURV0001846,DUD100229,2024-12-02,4,4,3,4,4,5,4,3,3,True,
SURV0001847,DUD100230,2023-06-06,5,5,4,5,5,4,4,5,5,True,
SURV0001848,DUD100230,2023-07-01,4,4,5,5,4,5,5,5,3,True,
SURV0001849,DUD100230,2023-08-01,4,5,4,3,4,5,4,5,5,True,
SURV0001850,DUD100230,2023-09-12,4,4,4,3,4,4,4,4,3,True,
SURV0001851,DUD100230,2023-10-12,4,5,3,4,3,4,4,4,4,True,
SURV0001852,DUD100230,2023-11-18,4,3,3,3,5,3,5,5,5,True,
SURV0001853,DUD100230,2023-12-24,3,3,2,3,2,2,3,3,3,False,
SURV0001854,DUD100231,2022-08-11,4,4,3,4,3,3,4,5,5,True,
SURV0001855,DUD100231,2022-09-27,4,5,3,5,3,5,3,5,3,True,
SURV0001856,DUD100231,2022-10-10,2,2,1,1,1,1,2,3,3,False,
SURV0001857,DUD100231,2022-11-16,2,3,2,2,3,1,2,2,2,False,
SURV0001858,DUD100231,2022-12-14,4,4,3,3,3,4,4,4,5,True,
SURV0001859,DUD100231,2023-01-16,3,3,4,3,3,3,3,2,4,False,
SURV0001860,DUD100231,2023-02-02,4,3,4,4,4,4,5,5,5,True,
SURV0001861,DUD100232,2022-04-19,1,1,1,2,1,1,1,1,1,False,
SURV0001862,DUD100232,2022-05-28,4,4,4,4,3,4,4,5,4,True,
SURV0001863,DUD100232,2022-06-27,3,2,3,3,3,2,3,3,2,False,
SURV0001864,DUD100232,2022-07-24,5,5,5,5,5,5,5,4,5,True,
SURV0001865,DUD100232,2022-08-23,4,4,4,4,4,5,4,5,3,True,
SURV0001866,DUD100232,2022-09-12,3,3,3,4,3,2,4,2,3,False,
SURV0001867,DUD100232,2022-10-01,5,5,5,5,5,4,5,4,4,True,
SURV0001868,DUD100232,2022-11-03,4,4,3,4,3,4,3,4,4,True,
SURV0001869,DUD100232,2022-12-27,4,4,4,3,5,4,4,3,4,True,
SURV0001870,DUD100232,2023-01-20,4,4,4,4,4,5,5,4,5,True,
SURV0001871,DUD100232,2023-02-02,5,4,5,4,5,4,5,5,4,True,
SURV0001872,DUD100233,2023-05-10,3,4,3,3,2,3,4,3,3,False,
SURV0001873,DUD100233,2023-06-04,3,3,2,3,3,3,2,3,3,False,
SURV0001874,DUD100233,2023-07-04,2,2,3,1,1,2,2,1,2,False,
SURV0001875,DUD100233,2023-08-10,4,5,3,4,3,4,3,5,4,True,
SURV0001876,DUD100233,2023-09-05,3,3,3,4,2,3,3,3,2,False,
SURV0001877,DUD100233,2023-10-27,4,4,3,4,4,4,4,3,4,True,
SURV0001878,DUD100233,2023-11-07,4,5,4,5,4,4,4,4,3,True,
SURV0001879,DUD100233,2023-12-07,4,4,4,4,5,4,3,3,4,True,
SURV0001880,DUD100233,2024-01-11,5,5,5,4,5,5,5,5,4,True,
SURV0001881,DUD100233,2024-02-02,3,3,4,3,2,4,4,2,3,False,
SURV0001882,DUD100233,2024-03-02,5,4,5,5,5,5,5,5,5,True,
SURV0001883,DUD100234,2022-08-14,4,4,4,5,4,4,4,4,5,True,
SURV0001884,DUD100234,2022-09-23,2,2,1,2,2,2,1,3,1,False,
SURV0001885,DUD100234,2022-10-01,4,5,4,5,4,4,4,4,4,True,
SURV0001886,DUD100234,2022-11-23,4,4,4,5,4,5,4,3,5,True,
SURV0001887,DUD100234,2022-12-19,2,3,2,2,2,2,1,2,2,False,
SURV0001888,DUD100234,2023-01-18,4,5,3,5,4,3,3,4,4,True,
SURV0001889,DUD100234,2023-02-24,4,4,4,3,4,5,3,4,5,True,
SURV0001890,DUD100234,2023-03-15,4,3,4,5,5,3,4,5,4,True,
SURV0001891,DUD100234,2023-04-14,3,3,3,3,2,3,3,2,4,False,
SURV0001892,DUD100234,2023-05-15,2,2,1,3,2,1,2,2,2,False,
SURV0001893,DUD100234,2023-06-16,4,5,4,4,4,4,3,3,5,True,
SURV0001894,DUD100235,2021-11-05,5,4,5,5,5,5,5,5,5,True,
SURV0001895,DUD100235,2021-12-10,5,5,4,4,5,5,4,5,5,True,
SURV0001896,DUD100235,2022-01-02,4,4,4,4,4,5,4,4,4,True,
SURV0001897,DUD100235,2022-02-11,5,5,4,5,5,5,5,4,5,True,
SURV0001898,DUD100235,2022-03-07,3,4,2,3,2,3,3,2,2,False,
SURV0001899,DUD100235,2022-04-13,3,3,4,3,3,3,4,2,3,False,
SURV0001900,DUD100236,2021-07-12,4,4,4,4,5,5,5,4,3,True,
SURV0001901,DUD100236,2021-08-28,4,4,4,4,4,4,4,4,5,True,
SURV0001902,DUD100236,2021-09-20,4,5,3,3,4,4,4,3,5,True,
SURV0001903,DUD100236,2021-10-23,4,3,4,5,4,4,4,4,4,True,
SURV0001904,DUD100236,2021-11-28,4,3,4,4,3,4,4,4,4,True,
SURV0001905,DUD100236,2021-12-15,3,3,3,3,4,3,2,4,2,False,
SURV0001906,DUD100236,2022-01-13,3,3,4,3,4,2,4,3,3,False,
SURV0001907,DUD100237,2021-06-01,4,4,3,3,3,3,3,4,4,True,
SURV0001908,DUD100237,2021-07-04,5,5,5,5,5,5,5,5,5,True,
SURV0001909,DUD100237,2021-08-02,4,5,5,4,5,4,3,5,3,True,
SURV0001910,DUD100237,2021-09-24,1,1,1,1,1,1,2,1,1,False,
SURV0001911,DUD100237,2021-10-25,3,3,4,2,4,4,4,2,4,False,
SURV0001912,DUD100237,2021-11-06,4,4,3,5,3,4,5,4,4,True,
SURV0001913,DUD100237,2021-12-28,5,5,4,5,5,4,4,4,5,True,
SURV0001914,DUD100237,2022-01-07,5,4,5,4,5,5,5,5,5,True,
SURV0001915,DUD100237,2022-02-05,4,5,4,5,5,4,5,4,4,True,
SURV0001916,DUD100237,2022-03-10,4,3,4,3,3,3,4,3,5,True,
SURV0001917,DUD100237,2022-04-03,4,5,5,5,4,3,4,4,3,True,
SURV0001918,DUD100238,2022-07-16,3,3,2,4,2,4,3,3,3,False,
SURV0001919,DUD100238,2022-08-12,3,3,3,4,2,4,3,4,2,False,
SURV0001920,DUD100238,2022-09-03,4,4,4,5,3,5,5,5,4,True,
SURV0001921,DUD100238,2022-10-23,4,5,5,5,4,4,4,3,4,True,
SURV0001922,DUD100238,2022-11-04,4,4,4,3,3,3,3,3,5,True,
SURV0001923,DUD100238,2022-12-04,3,3,3,3,2,3,2,3,4,False,
SURV0001924,DUD100238,2023-01-24,4,5,4,5,3,4,3,3,5,True,
SURV0001925,DUD100238,2023-02-04,2,2,2,3,2,2,2,1,2,False,
SURV0001926,DUD100239,2024-02-24,4,3,4,4,4,5,5,4,5,True,
SURV0001927,DUD100239,2024-03-04,5,5,5,4,4,5,5,5,4,True,
SURV0001928,DUD100239,2024-04-15,4,3,4,4,3,5,4,5,4,True,
SURV0001929,DUD100239,2024-05-28,5,5,5,5,5,4,5,5,5,True,
SURV0001930,DUD100239,2024-06-15,5,5,5,5,5,5,5,5,5,True,
SURV0001931,DUD100239,2024-07-18,3,3,2,4,3,4,4,2,3,False,
SURV0001932,DUD100239,2024-08-24,3,3,3,2,4,2,2,4,4,False,
SURV0001933,DUD100240,2021-12-20,4,3,3,4,4,4,4,3,5,True,
SURV0001934,DUD100240,2022-01-27,4,3,4,3,4,5,5,5,5,True,
SURV0001935,DUD100240,2022-02-02,3,2,2,3,3,4,4,3,3,False,
SURV0001936,DUD100240,2022-03-07,4,4,4,4,4,5,4,3,4,True,
SURV0001937,DUD100241,2021-02-20,3,3,4,3,4,3,3,2,4,False,
SURV0001938,DUD100241,2021-03-04,4,4,4,4,4,4,5,4,4,True,
SURV0001939,DUD100241,2021-04-13,4,4,4,4,5,5,4,4,5,True,
SURV0001940,DUD100241,2021-05-20,4,4,3,3,4,4,3,4,3,True,
SURV0001941,DUD100241,2021-06-02,4,4,4,4,4,5,5,5,3,True,
SURV0001942,DUD100241,2021-07-16,3,3,4,4,3,3,3,3,2,False,
SURV0001943,DUD100241,2021-08-28,5,4,5,4,5,5,5,4,4,True,
SURV0001944,DUD100241,2021-09-13,2,2,2,3,2,3,3,2,2,False,
SURV0001945,DUD100241,2021-10-13,3,3,3,3,3,3,2,2,3,False,
SURV0001946,DUD100241,2021-11-11,4,3,5,3,3,5,5,4,4,True,
SURV0001947,DUD100241,2021-12-27,3,2,2,2,3,2,2,3,4,False,
SURV0001948,DUD100242,2024-09-08,3,3,4,2,3,2,3,2,2,False,
SURV0001949,DUD100242,2024-10-14,4,4,5,4,4,5,5,4,3,True,
SURV0001950,DUD100242,2024-11-02,4,4,4,4,5,4,3,3,3,True,
SURV0001951,DUD100242,2024-12-08,4,4,5,4,5,3,4,5,5,True,
SURV0001952,DUD100243,2023-01-24,5,5,5,5,5,5,5,4,4,True,
SURV0001953,DUD100243,2023-02-14,4,4,5,4,5,3,5,3,5,True,
SURV0001954,DUD100243,2023-03-08,3,3,3,4,3,2,2,3,2,False,
SURV0001955,DUD100243,2023-04-17,4,4,3,4,3,4,4,5,4,True,
SURV0001956,DUD100243,2023-05-12,3,3,4,3,3,2,2,4,3,False,
SURV0001957,DUD100243,2023-06-13,5,5,5,4,5,5,5,5,5,True,
SURV0001958,DUD100243,2023-07-16,4,4,4,4,4,3,5,4,5,True,
SURV0001959,DUD100244,2023-05-22,4,4,5,4,3,4,3,4,4,True,
SURV0001960,DUD100244,2023-06-11,1,1,2,1,1,1,1,2,1,False,
SURV0001961,DUD100244,2023-07-05,5,5,5,4,5,5,4,5,5,True,
SURV0001962,DUD100244,2023-08-23,3,3,2,4,3,3,2,4,3,False,
SURV0001963,DUD100244,2023-09-24,4,4,5,3,5,3,4,4,5,True,
SURV0001964,DUD100244,2023-10-20,4,4,4,5,4,4,4,5,3,True,
SURV0001965,DUD100244,2023-11-18,2,2,3,2,2,2,2,2,1,False,
SURV0001966,DUD100244,2023-12-13,5,5,5,5,5,5,5,5,5,True,
SURV0001967,DUD100244,2024-01-19,4,4,5,4,3,4,4,5,4,True,
SURV0001968,DUD100244,2024-02-16,2,3,3,3,2,1,1,1,2,False,
SURV0001969,DUD100244,2024-03-28,2,1,1,2,2,2,3,3,2,False,
SURV0001970,DUD100244,2024-04-07,4,4,4,4,5,3,3,4,4,True,
SURV0001971,DUD100245,2022-01-07,5,5,5,5,5,5,5,5,5,True,
SURV0001972,DUD100245,2022-02-15,5,5,4,5,5,5,4,4,4,True,
SURV0001973,DUD100245,2022-03-08,5,5,5,5,5,4,5,5,4,True,
SURV0001974,DUD100245,2022-04-25,5,5,4,5,4,4,5,5,4,True,
SURV0001975,DUD100245,2022-05-16,5,5,4,4,5,4,5,4,5,True,
SURV0001976,DUD100245,2022-06-23,5,5,5,4,5,5,5,5,5,True,
SURV0001977,DUD100245,2022-07-14,3,3,3,4,4,3,3,4,3,False,
SURV0001978,DUD100245,2022-08-16,5,4,4,5,5,4,4,5,5,True,
SURV0001979,DUD100245,2022-09-10,4,4,5,3,4,3,4,4,5,True,
SURV0001980,DUD100245,2022-10-10,3,2,3,3,3,2,3,3,4,False,
SURV0001981,DUD100246,2024-06-03,4,5,3,5,4,4,4,3,4,True,
SURV0001982,DUD100246,2024-07-02,5,5,5,5,4,5,5,4,4,True,
SURV0001983,DUD100246,2024-08-05,4,4,3,3,3,5,3,5,3,True,
SURV0001984,DUD100246,2024-09-08,5,5,5,5,4,5,5,5,5,True,
SURV0001985,DUD100246,2024-10-01,5,4,5,5,4,4,5,5,5,True,
SURV0001986,DUD100246,2024-11-18,4,4,4,4,3,4,4,5,3,True,
SURV0001987,DUD100247,2023-07-15,4,4,5,4,4,4,4,4,3,True,
SURV0001988,DUD100247,2023-08-07,5,5,5,4,5,5,5,5,5,True,
SURV0001989,DUD100247,2023-09-13,3,4,3,2,2,2,4,3,2,False,
SURV0001990,DUD100247,2023-10-08,5,5,5,5,4,5,5,5,5,True,
SURV0001991,DUD100247,2023-11-16,5,5,5,5,4,5,4,5,5,True,
SURV0001992,DUD100247,2023-12-11,4,5,4,4,4,3,4,4,3,True,
SURV0001993,DUD100247,2024-01-26,3,3,3,3,4,2,2,3,3,False,
SURV0001994,DUD100247,2024-02-04,4,4,5,4,4,4,3,5,4,True,
SURV0001995,DUD100247,2024-03-05,5,5,5,4,5,4,4,5,5,True,
SURV0001996,DUD100247,2024-04-04,4,4,4,5,5,4,5,4,4,True,
SURV0001997,DUD100248,2021-01-13,5,5,5,5,5,5,5,5,5,True,
SURV0001998,DUD100248,2021-02-01,4,5,3,4,3,4,4,4,4,True,
SURV0001999,DUD100248,2021-03-04,4,5,4,3,3,3,4,4,4,True,
SURV0002000,DUD100248,2021-04-23,5,4,4,5,4,5,4,5,4,True,
SURV0002001,DUD100248,2021-05-04,4,5,5,4,3,3,4,5,3,True,
SURV0002002,DUD100248,2021-06-03,4,4,3,3,3,3,3,4,5,True,
SURV0002003,DUD100248,2021-07-05,4,4,5,4,4,4,4,5,3,True,
SURV0002004,DUD100248,2021-08-19,4,4,4,5,4,4,4,4,4,True,
SURV0002005,DUD100248,2021-09-28,4,4,5,4,5,4,4,5,4,True,
SURV0002006,DUD100248,2021-10-18,2,2,2,3,2,2,2,2,1,False,
SURV0002007,DUD100249,2024-12-09,5,5,4,5,4,5,4,5,5,True,
SURV0002008,DUD100249,2025-01-10,4,4,5,3,4,4,4,5,3,True,
SURV0002009,DUD100249,2025-02-28,5,4,4,5,5,4,5,4,5,True,
SURV0002010,DUD100249,2025-03-07,4,3,4,5,4,3,4,4,4,True,
SURV0002011,DUD100249,2025-04-01,2,2,3,3,1,1,2,2,2,False,
SURV0002012,DUD100249,2025-05-07,5,4,5,5,5,5,5,5,5,True,
SURV0002013,DUD100249,2025-06-26,3,4,2,2,4,3,2,4,2,False,
SURV0002014,DUD100249,2025-07-03,3,4,3,3,4,2,2,2,3,False,
SURV0002015,DUD100249,2025-08-26,3,2,3,2,3,3,3,3,3,False,
SURV0002016,DUD100249,2025-09-10,4,4,3,4,5,4,5,3,5,True,
SURV0002017,DUD100249,2025-10-25,3,2,3,4,3,3,4,3,4,False,
SURV0002018,DUD100250,2023-08-19,4,4,4,4,4,5,3,4,5,True,
SURV0002019,DUD100250,2023-09-19,4,4,5,4,5,4,5,5,5,True,
SURV0002020,DUD100250,2023-10-09,4,3,4,5,5,4,4,5,4,True,
SURV0002021,DUD100250,2023-11-05,2,1,3,2,2,3,2,2,2,False,
SURV0002022,DUD100251,2021-05-21,5,5,4,5,4,5,4,5,5,True,
SURV0002023,DUD100251,2021-06-23,4,5,4,4,4,4,4,4,4,True,
SURV0002024,DUD100251,2021-07-20,4,4,4,4,3,4,5,3,4,True,
SURV0002025,DUD100251,2021-08-04,4,4,5,5,4,4,4,4,5,True,
SURV0002026,DUD100251,2021-09-16,2,3,3,1,1,3,2,1,2,False,
SURV0002027,DUD100251,2021-10-26,2,2,2,3,3,3,2,1,2,False,
SURV0002028,DUD100252,2021-09-24,2,2,3,1,1,3,1,2,3,False,
SURV0002029,DUD100252,2021-10-22,3,3,3,2,3,3,3,3,2,False,
SURV0002030,DUD100252,2021-11-25,4,3,3,3,3,5,5,4,4,True,
SURV0002031,DUD100252,2021-12-21,3,4,3,3,4,3,3,3,3,False,
SURV0002032,DUD100252,2022-01-24,3,3,2,3,4,2,3,4,3,False,
SURV0002033,DUD100252,2022-02-28,3,4,4,4,3,4,3,2,2,False,
SURV0002034,DUD100252,2022-03-08,4,3,3,3,3,3,5,4,4,True,
SURV0002035,DUD100252,2022-04-04,3,2,4,3,2,3,3,2,4,False,
SURV0002036,DUD100252,2022-05-25,5,5,5,5,5,5,4,5,5,True,
SURV0002037,DUD100252,2022-06-20,5,5,5,5,4,4,4,5,5,True,
SURV0002038,DUD100252,2022-07-03,4,4,5,4,5,4,3,4,4,True,
SURV0002039,DUD100252,2022-08-08,4,4,3,5,4,4,4,5,5,True,
SURV0002040,DUD100253,2024-09-10,1,1,1,1,1,2,2,1,2,False,
SURV0002041,DUD100253,2024-10-09,5,5,5,5,4,4,5,5,5,True,
SURV0002042,DUD100253,2024-11-05,5,5,5,4,5,4,5,5,5,True,
SURV0002043,DUD100253,2024-12-18,2,2,1,2,2,2,2,1,2,False,
SURV0002044,DUD100254,2021-11-04,3,2,2,3,2,2,2,2,4,False,
SURV0002045,DUD100254,2021-12-04,4,4,4,5,3,5,4,4,5,True,
SURV0002046,DUD100254,2022-01-24,4,3,5,3,4,3,4,5,4,True,
SURV0002047,DUD100254,2022-02-06,4,4,4,5,4,3,5,3,5,True,
SURV0002048,DUD100254,2022-03-16,4,4,5,4,5,3,4,5,4,True,
SURV0002049,DUD100254,2022-04-16,1,1,1,1,1,1,1,1,1,False,
SURV0002050,DUD100254,2022-05-13,5,5,4,4,4,4,5,5,5,True,
SURV0002051,DUD100254,2022-06-14,2,3,3,1,3,2,1,2,2,False,
SURV0002052,DUD100254,2022-07-25,4,4,4,4,3,4,4,4,3,True,
SURV0002053,DUD100255,2022-12-02,5,4,5,5,5,5,5,5,5,True,
SURV0002054,DUD100255,2023-01-03,4,4,5,3,5,4,4,4,4,True,
SURV0002055,DUD100255,2023-02-08,4,4,5,4,4,4,4,4,3,True,
SURV0002056,DUD100255,2023-03-10,4,4,3,4,4,4,5,4,4,True,
SURV0002057,DUD100256,2021-04-25,5,4,5,5,5,5,5,5,5,True,
SURV0002058,DUD100256,2021-05-21,5,5,5,5,5,4,5,5,5,True,
SURV0002059,DUD100256,2021-06-07,3,3,3,2,4,3,4,3,3,False,
SURV0002060,DUD100256,2021-07-20,4,5,4,3,4,4,4,4,5,True,
SURV0002061,DUD100256,2021-08-18,5,4,5,4,5,5,5,4,5,True,
SURV0002062,DUD100256,2021-09-18,4,3,3,3,3,4,3,4,4,True,
SURV0002063,DUD100256,2021-10-08,4,3,5,4,4,5,3,5,3,True,
SURV0002064,DUD100256,2021-11-21,3,3,2,2,3,3,2,4,3,False,
SURV0002065,DUD100256,2021-12-28,4,4,5,4,5,5,4,4,4,True,
SURV0002066,DUD100257,2023-06-08,5,5,5,5,5,5,4,5,5,True,
SURV0002067,DUD100257,2023-07-12,5,5,5,5,4,5,5,5,4,True,
SURV0002068,DUD100257,2023-08-02,4,5,5,5,4,4,5,4,4,True,
SURV0002069,DUD100257,2023-09-25,4,4,5,3,5,4,4,4,5,True,
SURV0002070,DUD100257,2023-10-21,2,3,2,2,1,2,2,2,1,False,
SURV0002071,DUD100257,2023-11-09,5,5,5,5,4,5,5,5,5,True,
SURV0002072,DUD100257,2023-12-05,5,5,5,5,5,5,5,5,5,True,
SURV0002073,DUD100257,2024-01-04,4,4,4,3,3,3,4,4,4,True,
SURV0002074,DUD100257,2024-02-02,5,5,4,5,5,4,4,5,4,True,
SURV0002075,DUD100257,2024-03-12,2,3,2,3,1,2,1,3,2,False,
SURV0002076,DUD100258,2023-12-21,4,4,5,4,3,3,4,4,4,True,
SURV0002077,DUD100258,2024-01-03,4,5,3,4,4,4,3,3,3,True,
SURV0002078,DUD100258,2024-02-11,3,3,2,3,3,3,3,3,3,False,
SURV0002079,DUD100258,2024-03-13,2,2,2,1,1,2,1,3,2,False,
SURV0002080,DUD100258,2024-04-14,4,3,3,4,4,4,4,4,5,True,
SURV0002081,DUD100258,2024-05-22,5,5,5,4,5,5,5,5,5,True,
SURV0002082,DUD100258,2024-06-16,5,5,4,4,5,5,5,5,4,True,
SURV0002083,DUD100258,2024-07-17,3,3,2,2,4,3,3,4,3,False,
SURV0002084,DUD100258,2024-08-25,4,5,4,4,5,5,4,4,4,True,
SURV0002085,DUD100259,2021-07-04,4,4,4,3,4,3,5,3,5,True,
SURV0002086,DUD100259,2021-08-01,4,4,3,4,3,4,4,4,3,True,
SURV0002087,DUD100259,2021-09-18,5,5,5,4,4,5,4,5,5,True,
SURV0002088,DUD100259,2021-10-26,4,5,5,5,4,4,4,4,5,True,
SURV0002089,DUD100260,2023-11-05,5,5,5,5,5,5,5,5,5,True,
SURV0002090,DUD100260,2023-12-27,3,4,3,3,3,2,4,3,3,False,
SURV0002091,DUD100260,2024-01-24,3,3,2,3,2,3,3,3,3,False,
SURV0002092,DUD100260,2024-02-18,4,5,5,5,3,4,4,5,4,True,
SURV0002093,DUD100260,2024-03-18,3,4,3,4,3,3,4,4,3,False,
SURV0002094,DUD100260,2024-04-06,4,4,3,4,5,4,5,4,4,True,
SURV0002095,DUD100260,2024-05-10,3,2,2,3,3,2,4,4,2,False,
SURV0002096,DUD100260,2024-06-19,3,3,4,3,3,4,2,3,4,False,
SURV0002097,DUD100260,2024-07-21,3,2,2,2,3,3,2,3,2,False,
SURV0002098,DUD100260,2024-08-09,5,5,5,5,5,5,5,5,5,True,
SURV0002099,DUD100260,2024-09-25,4,4,4,5,4,4,5,5,4,True,
SURV0002100,DUD100261,2023-11-27,3,3,3,4,3,4,3,3,2,False,
SURV0002101,DUD100261,2023-12-25,5,4,5,5,5,5,4,4,5,True,
SURV0002102,DUD100261,2024-01-26,4,5,5,4,4,5,4,4,3,True,
SURV0002103,DUD100261,2024-02-11,1,1,2,1,1,1,1,1,1,False,
SURV0002104,DUD100261,2024-03-07,3,2,2,3,2,2,3,3,3,False,
SURV0002105,DUD100261,2024-04-13,3,3,3,3,3,4,4,4,2,False,
SURV0002106,DUD100261,2024-05-19,4,5,4,4,4,3,4,4,4,True,
SURV0002107,DUD100262,2023-08-05,1,1,1,1,2,1,1,2,1,False,
SURV0002108,DUD100262,2023-09-14,3,4,4,3,2,2,2,3,3,False,
SURV0002109,DUD100262,2023-10-04,4,3,4,4,5,4,5,5,5,True,
SURV0002110,DUD100262,2023-11-27,4,4,5,3,5,3,5,4,5,True,
SURV0002111,DUD100262,2023-12-07,4,4,4,3,4,3,5,5,3,True,
SURV0002112,DUD100263,2021-04-17,3,3,3,2,2,3,3,4,3,False,
SURV0002113,DUD100263,2021-05-22,4,4,4,4,4,4,4,4,4,True,
SURV0002114,DUD100263,2021-06-06,4,3,4,3,4,3,4,3,3,True,
SURV0002115,DUD100263,2021-07-13,3,3,2,4,4,3,3,3,3,False,
SURV0002116,DUD100263,2021-08-25,4,4,3,4,5,4,5,4,4,True,
SURV0002117,DUD100263,2021-09-05,3,3,3,3,4,3,3,3,3,False,
SURV0002118,DUD100263,2021-10-04,4,4,3,4,3,4,3,4,4,True,
SURV0002119,DUD100264,2021-03-13,3,4,3,4,3,3,3,4,3,False,
SURV0002120,DUD100264,2021-04-28,4,4,4,4,4,3,4,4,4,True,
SURV0002121,DUD100264,2021-05-07,5,4,4,5,5,5,5,5,4,True,
SURV0002122,DUD100264,2021-06-28,4,3,3,5,3,4,5,4,5,True,
SURV0002123,DUD100264,2021-07-09,1,1,1,1,2,1,1,2,1,False,
SURV0002124,DUD100264,2021-08-21,1,1,1,2,2,2,1,1,2,False,
SURV0002125,DUD100264,2021-09-20,4,4,5,5,4,4,4,5,4,True,
SURV0002126,DUD100264,2021-10-21,4,3,5,4,3,4,5,5,4,True,
SURV0002127,DUD100264,2021-11-20,3,3,3,3,2,3,2,2,4,False,
SURV0002128,DUD100264,2021-12-11,2,1,2,2,3,2,3,2,2,False,
SURV0002129,DUD100265,2023-12-06,4,4,4,4,4,4,5,3,3,True,
SURV0002130,DUD100265,2024-01-27,2,1,3,3,2,2,2,1,3,False,
SURV0002131,DUD100265,2024-02-02,4,4,5,3,3,5,3,4,5,True,
SURV0002132,DUD100265,2024-03-15,4,4,3,4,5,5,4,5,3,True,
SURV0002133,DUD100265,2024-04-12,4,5,4,4,4,3,4,3,4,True,
SURV0002134,DUD100265,2024-05-10,4,5,4,3,5,3,5,4,4,True,
SURV0002135,DUD100266,2021-04-17,4,4,5,5,3,4,5,4,4,True,
SURV0002136,DUD100266,2021-05-06,5,5,5,4,5,5,5,5,4,True,
SURV0002137,DUD100266,2021-06-20,2,2,1,2,2,2,3,3,1,False,
SURV0002138,DUD100266,2021-07-21,3,2,4,3,4,2,3,3,3,False,
SURV0002139,DUD100266,2021-08-01,1,1,1,1,1,2,2,1,1,False,
SURV0002140,DUD100266,2021-09-08,1,1,1,1,1,1,1,2,1,False,
SURV0002141,DUD100266,2021-10-24,4,3,4,5,4,5,3,5,4,True,
SURV0002142,DUD100267,2021-05-27,5,5,5,5,5,5,4,4,5,True,
SURV0002143,DUD100267,2021-06-28,5,5,4,5,5,5,5,5,5,True,
SURV0002144,DUD100267,2021-07-21,5,5,4,5,5,5,4,5,4,True,
SURV0002145,DUD100267,2021-08-03,4,4,5,4,5,4,4,5,3,True,
SURV0002146,DUD100268,2023-09-28,5,5,5,5,5,4,5,5,5,True,
SURV0002147,DUD100268,2023-10-14,4,3,4,4,4,4,5,4,3,True,
SURV0002148,DUD100268,2023-11-01,4,4,5,4,4,5,4,4,5,True,
SURV0002149,DUD100268,2023-12-19,4,4,4,3,3,5,4,4,4,True,
SURV0002150,DUD100268,2024-01-23,5,5,5,5,4,5,4,5,5,True,
SURV0002151,DUD100268,2024-02-03,4,4,4,5,4,5,5,4,3,True,
SURV0002152,DUD100269,2023-10-20,1,2,2,1,1,1,2,1,1,False,
SURV0002153,DUD100269,2023-11-24,4,4,5,3,4,5,4,5,4,True,
SURV0002154,DUD100269,2023-12-06,4,5,4,4,3,3,5,4,3,True,
SURV0002155,DUD100269,2024-01-25,5,5,5,5,5,5,5,5,5,True,
SURV0002156,DUD100270,2023-11-27,3,4,2,3,4,2,4,3,3,False,
SURV0002157,DUD100270,2023-12-26,4,4,4,3,5,4,4,5,5,True,
SURV0002158,DUD100270,2024-01-07,4,4,3,4,5,5,3,4,4,True,
SURV0002159,DUD100270,2024-02-22,3,2,3,2,3,3,4,3,2,False,
SURV0002160,DUD100270,2024-03-26,5,5,5,5,5,4,4,4,5,True,
SURV0002161,DUD100270,2024-04-12,4,5,4,3,5,4,4,3,3,True,
SURV0002162,DUD100270,2024-05-08,5,5,5,5,5,5,5,4,5,True,
SURV0002163,DUD100270,2024-06-07,5,5,5,5,4,5,5,5,4,True,
SURV0002164,DUD100270,2024-07-19,3,3,2,3,2,3,4,3,3,False,
SURV0002165,DUD100270,2024-08-04,4,5,5,5,3,5,5,4,4,True,
SURV0002166,DUD100271,2024-06-15,1,2,1,1,1,1,2,1,1,False,
SURV0002167,DUD100271,2024-07-14,3,3,2,3,3,3,2,3,3,False,
SURV0002168,DUD100271,2024-08-19,3,3,4,4,3,3,2,4,3,False,
SURV0002169,DUD100271,2024-09-09,4,3,5,3,4,4,3,5,5,True,
SURV0002170,DUD100271,2024-10-06,4,4,4,4,4,4,5,5,4,True,
SURV0002171,DUD100271,2024-11-03,4,4,3,4,5,3,5,5,4,True,
SURV0002172,DUD100271,2024-12-04,3,3,2,2,3,3,3,3,2,False,
SURV0002173,DUD100271,2025-01-18,2,2,1,2,2,1,1,2,3,False,
SURV0002174,DUD100271,2025-02-24,3,2,2,3,3,2,4,3,2,False,
SURV0002175,DUD100271,2025-03-14,4,4,4,4,3,3,5,4,4,True,
SURV0002176,DUD100271,2025-04-28,4,4,4,3,5,4,3,4,3,True,
SURV0002177,DUD100272,2024-11-07,3,3,4,3,3,2,2,3,3,False,
SURV0002178,DUD100272,2024-12-17,2,2,2,2,2,3,2,2,3,False,
SURV0002179,DUD100272,2025-01-07,2,2,3,1,3,2,3,1,2,False,
SURV0002180,DUD100272,2025-02-14,4,5,4,4,3,5,3,4,3,True,
SURV0002181,DUD100272,2025-03-24,3,4,4,2,4,3,3,3,3,False,
SURV0002182,DUD100272,2025-04-11,4,5,4,3,4,4,3,5,3,True,
SURV0002183,DUD100272,2025-05-13,2,2,2,3,3,2,2,1,1,False,
SURV0002184,DUD100272,2025-06-23,5,5,5,5,5,5,5,5,5,True,
SURV0002185,DUD100273,2022-12-06,3,3,2,3,3,3,3,4,4,False,
SURV0002186,DUD100273,2023-01-13,4,3,4,4,4,3,5,5,5,True,
SURV0002187,DUD100273,2023-02-12,3,3,3,2,4,2,2,3,2,False,
SURV0002188,DUD100273,2023-03-18,4,4,3,4,4,5,3,4,3,True,
SURV0002189,DUD100273,2023-04-06,4,4,3,3,3,4,4,3,3,True,
SURV0002190,DUD100273,2023-05-15,4,4,4,3,3,5,3,5,4,True,
SURV0002191,DUD100273,2023-06-12,2,2,2,3,2,3,3,2,1,False,
SURV0002192,DUD100273,2023-07-01,4,5,4,4,3,3,5,4,5,True,
SURV0002193,DUD100274,2022-03-18,3,3,2,4,4,2,3,2,3,False,
SURV0002194,DUD100274,2022-04-14,4,3,4,3,4,5,5,5,5,True,
SURV0002195,DUD100274,2022-05-11,5,5,5,5,4,5,5,5,5,True,
SURV0002196,DUD100274,2022-06-21,4,5,4,4,4,4,4,4,4,True,
SURV0002197,DUD100275,2024-08-03,4,5,3,3,4,4,3,3,4,True,
SURV0002198,DUD100275,2024-09-22,4,4,4,3,5,4,4,5,5,True,
SURV0002199,DUD100275,2024-10-21,4,5,3,4,4,5,5,5,5,True,
SURV0002200,DUD100275,2024-11-13,2,2,1,2,3,2,1,2,2,False,
SURV0002201,DUD100275,2024-12-05,2,2,2,2,2,3,3,2,2,False,
SURV0002202,DUD100276,2024-09-17,4,4,3,5,5,5,4,3,3,True,
SURV0002203,DUD100276,2024-10-09,4,4,4,5,5,4,4,3,5,True,
SURV0002204,DUD100276,2024-11-26,1,1,1,1,1,2,1,2,1,False,
SURV0002205,DUD100276,2024-12-26,4,4,3,4,5,5,4,4,5,True,
SURV0002206,DUD100276,2025-01-12,3,4,3,2,2,3,2,4,4,False,
SURV0002207,DUD100276,2025-02-01,5,5,5,4,5,5,5,5,5,True,
SURV0002208,DUD100276,2025-03-10,2,1,2,1,2,2,2,2,3,False,
SURV0002209,DUD100276,2025-04-21,5,5,4,5,5,5,5,5,5,True,
SURV0002210,DUD100277,2023-02-13,3,3,2,3,4,3,3,3,4,False,
SURV0002211,DUD100277,2023-03-02,4,4,4,3,5,5,4,4,5,True,
SURV0002212,DUD100277,2023-04-02,4,4,3,3,3,5,4,3,5,True,
SURV0002213,DUD100277,2023-05-22,1,1,1,2,2,2,1,1,1,False,
SURV0002214,DUD100277,2023-06-20,3,3,3,4,2,2,4,4,4,False,
SURV0002215,DUD100277,2023-07-10,5,5,5,5,4,5,4,5,5,True,
SURV0002216,DUD100277,2023-08-24,5,5,5,4,5,5,4,4,5,True,
SURV0002217,DUD100277,2023-09-22,4,4,4,3,4,3,4,5,4,True,
SURV0002218,DUD100277,2023-10-10,4,5,4,4,3,4,4,3,4,True,
SURV0002219,DUD100277,2023-11-28,4,5,5,5,4,4,4,5,4,True,
SURV0002220,DUD100277,2023-12-18,5,5,5,4,4,5,4,5,5,True,
SURV0002221,DUD100278,2022-06-18,4,3,3,5,4,4,5,5,4,True,
SURV0002222,DUD100278,2022-07-21,3,3,4,4,3,3,3,4,3,False,
SURV0002223,DUD100278,2022-08-17,3,3,3,4,2,3,3,4,2,False,
SURV0002224,DUD100278,2022-09-02,2,2,3,2,3,2,1,3,2,False,
SURV0002225,DUD100278,2022-10-19,4,3,3,4,4,3,3,4,5,True,
SURV0002226,DUD100278,2022-11-10,4,3,3,5,4,3,5,4,4,True,
SURV0002227,DUD100278,2022-12-03,5,5,5,4,4,5,5,4,5,True,
SURV0002228,DUD100278,2023-01-15,4,3,4,4,3,4,5,3,4,True,
SURV0002229,DUD100278,2023-02-26,2,3,2,1,2,2,1,3,3,False,
SURV0002230,DUD100278,2023-03-23,3,3,4,2,2,3,2,2,4,False,
SURV0002231,DUD100278,2023-04-09,5,5,4,5,5,5,5,5,5,True,
SURV0002232,DUD100279,2024-12-22,4,4,5,4,3,5,5,5,3,True,
SURV0002233,DUD100279,2025-01-19,4,4,4,4,3,4,5,5,3,True,
SURV0002234,DUD100279,2025-02-12,3,3,2,4,4,2,3,4,2,False,
SURV0002235,DUD100279,2025-03-13,5,4,5,5,5,4,4,5,4,True,
SURV0002236,DUD100279,2025-04-18,5,5,5,5,5,4,5,5,4,True,
SURV0002237,DUD100279,2025-05-18,4,4,4,3,5,5,5,4,4,True,
SURV0002238,DUD100279,2025-06-08,4,4,3,5,4,3,3,4,4,True,
SURV0002239,DUD100279,2025-07-18,4,4,4,3,5,4,3,4,3,True,
SURV0002240,DUD100279,2025-08-24,2,1,1,1,1,1,2,2,2,False,
SURV0002241,DUD100280,2024-12-06,3,2,4,2,2,4,3,2,4,False,
SURV0002242,DUD100280,2025-01-24,3,4,3,3,2,2,2,4,2,False,
SURV0002243,DUD100280,2025-02-07,3,3,3,3,3,4,3,4,3,False,
SURV0002244,DUD100280,2025-03-24,3,4,3,3,3,2,4,2,3,False,
SURV0002245,DUD100280,2025-04-15,3,4,3,4,3,4,4,3,3,False,
SURV0002246,DUD100280,2025-05-27,4,4,4,4,4,3,4,4,4,True,
SURV0002247,DUD100280,2025-06-22,4,5,3,3,3,4,5,4,3,True,
SURV0002248,DUD100280,2025-07-16,5,5,5,5,4,5,5,4,5,True,
SURV0002249,DUD100280,2025-08-14,4,4,4,4,4,4,4,4,4,True,
SURV0002250,DUD100281,2021-11-16,2,3,2,1,2,3,2,1,1,False,
SURV0002251,DUD100281,2021-12-08,4,4,4,5,5,5,3,4,4,True,
SURV0002252,DUD100281,2022-01-01,3,4,3,3,2,3,3,4,3,False,
SURV0002253,DUD100281,2022-02-19,4,4,4,5,4,3,5,3,4,True,
SURV0002254,DUD100281,2022-03-10,5,4,5,5,5,4,5,5,4,True,
SURV0002255,DUD100281,2022-04-10,4,3,3,5,4,3,4,4,5,True,
SURV0002256,DUD100282,2022-06-27,2,2,3,1,3,2,3,1,2,False,
SURV0002257,DUD100282,2022-07-05,5,5,5,5,5,5,4,5,5,True,
SURV0002258,DUD100282,2022-08-12,4,4,4,5,4,3,3,4,3,True,
SURV0002259,DUD100282,2022-09-22,4,4,3,4,4,4,4,4,4,True,
SURV0002260,DUD100282,2022-10-24,5,5,5,5,5,4,5,5,5,True,
SURV0002261,DUD100282,2022-11-08,5,5,5,5,4,5,4,5,5,True,
SURV0002262,DUD100282,2022-12-24,2,3,1,1,1,3,3,2,2,False,
SURV0002263,DUD100282,2023-01-11,5,4,5,4,5,5,5,5,5,True,
SURV0002264,DUD100282,2023-02-14,5,5,4,4,5,5,5,5,5,True,
SURV0002265,DUD100282,2023-03-06,4,4,4,5,3,4,4,4,4,True,
SURV0002266,DUD100282,2023-04-23,5,5,5,5,5,5,4,5,5,True,
SURV0002267,DUD100283,2022-07-22,3,3,3,2,3,3,4,4,3,False,
SURV0002268,DUD100283,2022-08-09,2,2,1,2,2,1,2,2,1,False,
SURV0002269,DUD100283,2022-09-15,3,3,2,2,3,3,2,2,4,False,
SURV0002270,DUD100283,2022-10-27,3,3,2,3,3,4,3,2,2,False,
SURV0002271,DUD100283,2022-11-09,4,4,4,5,5,4,4,4,4,True,
SURV0002272,DUD100283,2022-12-17,3,3,3,3,4,3,4,4,3,False,
SURV0002273,DUD100283,2023-01-05,4,4,4,4,5,4,4,3,5,True,
SURV0002274,DUD100283,2023-02-13,3,4,4,3,3,3,3,4,2,False,
SURV0002275,DUD100283,2023-03-28,1,1,2,1,1,1,1,1,2,False,
SURV0002276,DUD100283,2023-04-14,2,3,2,1,1,1,1,3,2,False,
SURV0002277,DUD100283,2023-05-09,4,4,4,5,5,4,4,4,5,True,
SURV0002278,DUD100283,2023-06-27,4,4,3,4,5,4,5,4,4,True,
SURV0002279,DUD100284,2023-07-20,5,5,5,5,4,5,4,5,5,True,
SURV0002280,DUD100284,2023-08-11,3,2,3,4,3,3,2,4,2,False,
SURV0002281,DUD100284,2023-09-03,2,2,3,2,2,1,3,2,2,False,
SURV0002282,DUD100284,2023-10-18,4,5,4,3,4,4,3,5,4,True,
SURV0002283,DUD100284,2023-11-18,2,1,3,1,1,2,3,3,2,False,
SURV0002284,DUD100284,2023-12-18,4,3,4,3,3,5,4,3,4,True,
SURV0002285,DUD100284,2024-01-21,5,5,5,5,5,4,4,5,5,True,
SURV0002286,DUD100284,2024-02-22,5,5,5,5,5,5,5,5,5,True,
SURV0002287,DUD100284,2024-03-23,4,4,3,3,4,4,3,4,4,True,
SURV0002288,DUD100284,2024-04-21,4,4,4,5,4,4,4,4,3,True,
SURV0002289,DUD100284,2024-05-19,3,3,3,3,3,3,3,2,3,False,
SURV0002290,DUD100285,2024-05-16,4,4,4,5,4,4,5,4,5,True,
SURV0002291,DUD100285,2024-06-18,4,4,5,4,4,4,4,5,3,True,
SURV0002292,DUD100285,2024-07-11,2,2,3,3,2,3,2,2,2,False,
SURV0002293,DUD100285,2024-08-10,1,1,1,1,1,1,1,1,2,False,
SURV0002294,DUD100285,2024-09-15,2,2,2,1,2,2,2,2,3,False,
SURV0002295,DUD100285,2024-10-24,3,4,4,3,3,3,2,3,3,False,
SURV0002296,DUD100286,2022-10-22,2,2,3,2,3,2,1,3,2,False,
SURV0002297,DUD100286,2022-11-26,4,4,3,4,5,5,3,5,4,True,
SURV0002298,DUD100286,2022-12-19,5,5,5,4,5,5,5,5,5,True,
SURV0002299,DUD100286,2023-01-18,5,5,5,5,4,5,5,5,5,True,
SURV0002300,DUD100287,2022-02-26,2,2,2,2,2,3,1,1,2,False,
SURV0002301,DUD100287,2022-03-15,3,3,2,4,3,4,3,4,2,False,
SURV0002302,DUD100287,2022-04-24,1,1,1,1,2,1,2,1,2,False,
SURV0002303,DUD100287,2022-05-10,5,4,4,5,4,5,5,5,4,True,
SURV0002304,DUD100287,2022-06-04,4,3,4,4,4,4,4,4,3,True,
SURV0002305,DUD100287,2022-07-15,4,3,5,3,3,3,3,4,3,True,
SURV0002306,DUD100287,2022-08-27,3,3,3,4,3,3,2,3,4,False,
SURV0002307,DUD100287,2022-09-16,1,1,1,1,1,1,1,1,1,False,
SURV0002308,DUD100287,2022-10-22,3,3,3,4,2,4,4,3,3,False,
SURV0002309,DUD100287,2022-11-28,4,4,4,4,4,5,4,4,4,True,
SURV0002310,DUD100287,2022-12-06,4,4,3,3,5,4,4,3,4,True,
SURV0002311,DUD100287,2023-01-08,3,3,3,2,3,2,3,4,2,False,
SURV0002312,DUD100288,2023-08-04,4,3,4,4,3,3,4,5,4,True,
SURV0002313,DUD100288,2023-09-04,5,4,5,4,4,5,5,5,5,True,
SURV0002314,DUD100288,2023-10-16,3,4,3,2,3,4,4,2,3,False,
SURV0002315,DUD100288,2023-11-22,4,4,4,4,4,4,4,4,4,True,
SURV0002316,DUD100289,2023-08-10,2,1,2,3,2,3,1,1,1,False,
SURV0002317,DUD100289,2023-09-03,4,4,4,3,3,4,4,5,4,True,
SURV0002318,DUD100289,2023-10-28,4,4,4,4,4,4,5,5,4,True,
SURV0002319,DUD100289,2023-11-06,4,3,3,5,4,5,4,4,3,True,
SURV0002320,DUD100290,2023-01-10,5,4,5,5,5,5,5,5,5,True,
SURV0002321,DUD100290,2023-02-03,5,5,4,5,5,5,5,5,5,True,
SURV0002322,DUD100290,2023-03-17,3,4,4,3,2,3,2,3,3,False,
SURV0002323,DUD100290,2023-04-21,4,5,5,3,4,3,3,4,5,True,
SURV0002324,DUD100290,2023-05-16,3,3,3,3,4,3,3,3,3,False,
SURV0002325,DUD100290,2023-06-25,4,4,5,5,4,4,4,4,5,True,
SURV0002326,DUD100290,2023-07-07,5,5,4,4,5,5,4,5,5,True,
SURV0002327,DUD100290,2023-08-23,3,3,3,3,3,4,3,3,3,False,
SURV0002328,DUD100290,2023-09-17,4,4,4,4,5,5,4,4,5,True,
SURV0002329,DUD100290,2023-10-15,4,4,3,4,4,5,4,4,5,True,
SURV0002330,DUD100290,2023-11-25,3,3,2,3,4,3,3,2,3,False,
SURV0002331,DUD100290,2023-12-18,3,3,3,2,3,2,4,2,2,False,
SURV0002332,DUD100291,2021-10-02,1,1,2,1,1,1,2,1,2,False,
SURV0002333,DUD100291,2021-11-09,1,1,1,2,2,1,1,1,1,False,
SURV0002334,DUD100291,2021-12-24,3,3,3,3,3,3,3,2,3,False,
SURV0002335,DUD100291,2022-01-06,3,2,4,4,3,3,3,4,3,False,
SURV0002336,DUD100291,2022-02-14,4,4,4,4,4,4,4,3,3,True,
SURV0002337,DUD100291,2022-03-18,4,5,3,4,4,5,4,4,5,True,
SURV0002338,DUD100291,2022-04-25,4,5,3,4,5,5,4,3,4,True,
SURV0002339,DUD100292,2023-08-08,4,4,3,3,4,4,4,3,4,True,
SURV0002340,DUD100292,2023-09-20,3,3,4,3,4,2,3,3,3,False,
SURV0002341,DUD100292,2023-10-05,3,3,3,2,3,3,2,3,4,False,
SURV0002342,DUD100292,2023-11-15,5,5,5,5,5,5,5,5,5,True,
SURV0002343,DUD100292,2023-12-07,4,3,5,4,4,5,5,5,3,True,
SURV0002344,DUD100292,2024-01-11,4,4,3,3,3,3,5,4,4,True,
SURV0002345,DUD100292,2024-02-26,4,4,4,4,3,3,4,3,4,True,
SURV0002346,DUD100292,2024-03-18,5,5,4,4,5,5,5,5,5,True,
SURV0002347,DUD100292,2024-04-18,4,3,5,5,4,4,5,4,4,True,
SURV0002348,DUD100293,2022-02-16,5,5,5,5,5,5,4,5,4,True,
SURV0002349,DUD100293,2022-03-15,3,3,3,4,2,2,3,2,4,False,
SURV0002350,DUD100293,2022-04-13,4,4,4,5,4,5,4,4,4,True,
SURV0002351,DUD100293,2022-05-10,5,5,5,5,5,5,5,4,4,True,
SURV0002352,DUD100294,2024-06-27,4,5,5,3,4,4,5,5,4,True,
SURV0002353,DUD100294,2024-07-13,5,5,5,5,5,5,5,5,5,True,
SURV0002354,DUD100294,2024-08-26,3,4,2,3,2,3,2,3,3,False,
SURV0002355,DUD100294,2024-09-10,2,2,2,2,2,2,3,2,2,False,
SURV0002356,DUD100294,2024-10-17,2,2,1,1,2,1,2,2,2,False,
SURV0002357,DUD100294,2024-11-16,4,5,4,5,3,4,3,4,5,True,
SURV0002358,DUD100294,2024-12-27,5,4,5,5,5,5,4,5,5,True,
SURV0002359,DUD100294,2025-01-24,3,4,4,2,3,3,2,2,3,False,
SURV0002360,DUD100294,2025-02-10,4,5,4,4,5,5,5,3,4,True,
SURV0002361,DUD100294,2025-03-19,5,5,5,5,5,5,5,4,5,True,
SURV0002362,DUD100294,2025-04-16,5,5,5,5,4,4,5,4,4,True,
SURV0002363,DUD100295,2022-09-06,3,3,3,4,3,3,2,4,3,False,
SURV0002364,DUD100295,2022-10-24,4,5,4,4,5,3,4,5,4,True,
SURV0002365,DUD100295,2022-11-17,4,4,3,4,4,4,3,4,4,True,
SURV0002366,DUD100295,2022-12-09,3,3,4,2,4,3,4,3,3,False,
SURV0002367,DUD100295,2023-01-04,2,2,2,2,2,1,1,1,2,False,
SURV0002368,DUD100295,2023-02-12,4,4,5,4,3,5,4,4,3,True,
SURV0002369,DUD100295,2023-03-23,4,5,4,3,3,4,4,3,4,True,
SURV0002370,DUD100295,2023-04-18,5,5,5,5,5,4,5,4,5,True,
SURV0002371,DUD100295,2023-05-15,3,2,2,2,3,2,3,3,3,False,
SURV0002372,DUD100295,2023-06-03,4,5,4,5,4,3,4,4,5,True,
SURV0002373,DUD100296,2023-01-05,4,4,5,4,5,3,5,4,4,True,
SURV0002374,DUD100296,2023-02-24,3,3,4,3,2,3,3,3,3,False,
SURV0002375,DUD100296,2023-03-05,1,2,1,1,2,1,1,1,2,False,
SURV0002376,DUD100296,2023-04-22,5,5,5,5,5,5,4,4,5,True,
SURV0002377,DUD100297,2022-05-15,3,3,3,3,4,4,3,4,3,False,
SURV0002378,DUD100297,2022-06-18,3,4,2,2,3,3,4,3,3,False,
SURV0002379,DUD100297,2022-07-23,4,4,4,4,3,4,4,4,4,True,
SURV0002380,DUD100297,2022-08-04,4,5,4,4,3,3,5,4,4,True,
SURV0002381,DUD100297,2022-09-22,4,5,3,4,4,4,5,5,3,True,
SURV0002382,DUD100297,2022-10-14,4,5,5,3,4,3,4,3,4,True,
SURV0002383,DUD100297,2022-11-20,4,3,4,4,4,5,5,5,4,True,
SURV0002384,DUD100297,2022-12-23,5,5,4,5,5,4,5,5,5,True,
SURV0002385,DUD100298,2024-07-19,5,5,5,5,5,4,5,5,4,True,
SURV0002386,DUD100298,2024-08-20,4,4,4,5,5,4,4,4,5,True,
SURV0002387,DUD100298,2024-09-07,2,2,2,2,2,3,3,1,3,False,
SURV0002388,DUD100298,2024-10-12,4,3,5,4,4,4,4,4,4,True,
SURV0002389,DUD100298,2024-11-11,1,1,1,1,2,1,2,1,1,False,
SURV0002390,DUD100298,2024-12-17,5,4,5,5,4,5,4,4,4,True,
SURV0002391,DUD100298,2025-01-25,4,4,3,5,3,5,4,3,4,True,
SURV0002392,DUD100298,2025-02-24,2,3,1,2,1,2,2,2,1,False,
SURV0002393,DUD100298,2025-03-03,4,3,5,4,5,5,4,4,4,True,
SURV0002394,DUD100298,2025-04-01,5,5,5,5,5,4,4,5,4,True,
SURV0002395,DUD100299,2024-06-17,2,2,2,2,2,3,3,2,2,False,
SURV0002396,DUD100299,2024-07-10,4,4,4,4,3,5,5,5,4,True,
SURV0002397,DUD100299,2024-08-03,4,4,4,5,4,3,3,4,5,True,
SURV0002398,DUD100299,2024-09-21,4,4,4,5,4,5,4,3,4,True,
SURV0002399,DUD100300,2021-08-08,4,4,4,4,4,4,4,3,4,True,
SURV0002400,DUD100300,2021-09-05,3,2,2,2,3,4,4,2,3,False,
SURV0002401,DUD100300,2021-10-22,5,5,5,5,5,5,5,4,5,True,
SURV0002402,DUD100300,2021-11-23,4,3,5,3,3,4,3,3,4,True,
SURV0002403,DUD100300,2021-12-12,4,4,4,4,4,4,5,4,4,True,
SURV0002404,DUD100300,2022-01-25,2,2,3,1,1,3,2,2,3,False,
SURV0002405,DUD100300,2022-02-26,4,4,5,5,4,4,3,5,4,True,
SURV0002406,DUD100300,2022-03-17,5,5,4,5,5,5,4,5,5,True,
SURV0002407,DUD100300,2022-04-27,3,3,3,2,3,4,4,3,3,False,
SURV0002408,DUD100300,2022-05-24,4,4,4,4,4,3,4,4,4,True,
SURV0002409,DUD100301,2021-04-25,5,5,5,5,5,5,5,4,4,True,
SURV0002410,DUD100301,2021-05-27,4,4,5,5,4,3,3,4,3,True,
SURV0002411,DUD100301,2021-06-28,4,3,5,4,4,4,3,4,4,True,
SURV0002412,DUD100301,2021-07-20,5,5,5,5,4,5,5,5,5,True,
SURV0002413,DUD100301,2021-08-15,3,2,2,4,3,3,4,2,3,False,
SURV0002414,DUD100301,2021-09-10,3,3,3,3,3,3,4,3,4,False,
SURV0002415,DUD100301,2021-10-14,4,4,4,4,4,3,4,4,4,True,
SURV0002416,DUD100301,2021-11-13,3,3,4,2,3,3,3,3,2,False,
SURV0002417,DUD100301,2021-12-09,4,3,3,3,3,4,4,5,4,True,
SURV0002418,DUD100301,2022-01-10,4,4,3,5,4,4,4,3,4,True,
SURV0002419,DUD100301,2022-02-23,4,4,4,5,4,4,5,4,5,True,
SURV0002420,DUD100301,2022-03-21,1,1,1,1,2,1,1,1,2,False,
SURV0002421,DUD100302,2023-01-15,5,5,5,5,5,5,5,5,5,True,
SURV0002422,DUD100302,2023-02-11,4,3,4,5,3,4,5,3,3,True,
SURV0002423,DUD100302,2023-03-23,3,2,3,4,3,3,4,3,2,False,
SURV0002424,DUD100302,2023-04-18,5,4,4,5,5,5,5,5,5,True,
SURV0002425,DUD100302,2023-05-04,5,4,4,5,4,5,4,5,4,True,
SURV0002426,DUD100302,2023-06-08,2,2,2,1,1,1,2,2,2,False,
SURV0002427,DUD100302,2023-07-18,4,4,4,4,5,3,4,4,4,True,
SURV0002428,DUD100302,2023-08-07,4,5,4,4,4,3,4,4,4,True,
SURV0002429,DUD100302,2023-09-08,4,4,3,5,5,4,5,5,3,True,
SURV0002430,DUD100302,2023-10-28,4,4,5,5,3,4,3,4,4,True,
SURV0002431,DUD100302,2023-11-04,4,4,3,5,5,5,4,4,5,True,
SURV0002432,DUD100303,2022-03-23,4,4,3,5,4,4,5,5,4,True,
SURV0002433,DUD100303,2022-04-26,4,4,3,4,5,3,3,5,5,True,
SURV0002434,DUD100303,2022-05-20,3,4,3,3,3,2,3,3,3,False,
SURV0002435,DUD100303,2022-06-07,3,3,3,4,2,3,3,3,3,False,
SURV0002436,DUD100303,2022-07-01,4,3,5,5,3,4,5,5,4,True,
SURV0002437,DUD100304,2022-06-23,2,2,2,1,3,3,3,2,1,False,
SURV0002438,DUD100304,2022-07-18,4,4,3,3,3,4,3,4,3,True,
SURV0002439,DUD100304,2022-08-27,5,4,5,4,5,4,5,5,5,True,
SURV0002440,DUD100304,2022-09-24,3,3,3,3,2,2,3,4,4,False,
SURV0002441,DUD100305,2024-05-19,5,5,5,5,5,5,5,5,5,True,
SURV0002442,DUD100305,2024-06-01,5,5,5,5,4,5,5,5,5,True,
SURV0002443,DUD100305,2024-07-01,4,4,4,4,4,3,5,5,4,True,
SURV0002444,DUD100305,2024-08-12,4,4,4,5,4,4,5,3,4,True,
SURV0002445,DUD100305,2024-09-23,4,4,3,4,5,4,4,3,5,True,
SURV0002446,DUD100305,2024-10-13,2,2,2,1,3,2,1,3,3,False,
SURV0002447,DUD100305,2024-11-15,4,5,3,4,5,5,3,4,4,True,
SURV0002448,DUD100305,2024-12-07,5,5,5,5,5,5,4,5,4,True,
SURV0002449,DUD100305,2025-01-28,4,4,4,4,4,4,4,3,4,True,
SURV0002450,DUD100306,2024-10-02,3,3,2,3,4,3,3,4,3,False,
SURV0002451,DUD100306,2024-11-06,4,5,4,4,4,4,4,4,5,True,
SURV0002452,DUD100306,2024-12-24,2,1,2,2,3,2,1,2,3,False,
SURV0002453,DUD100306,2025-01-08,5,5,5,4,5,4,5,5,5,True,
SURV0002454,DUD100306,2025-02-02,4,4,3,4,5,4,4,4,3,True,
SURV0002455,DUD100307,2024-05-24,5,5,5,4,5,5,5,5,5,True,
SURV0002456,DUD100307,2024-06-22,4,4,4,3,5,5,3,5,3,True,
SURV0002457,DUD100307,2024-07-19,2,2,3,2,2,2,2,2,2,False,
SURV0002458,DUD100307,2024-08-06,3,2,3,2,3,4,3,2,3,False,
SURV0002459,DUD100307,2024-09-27,5,5,5,5,5,5,5,4,5,True,
SURV0002460,DUD100307,2024-10-02,3,2,3,3,3,3,3,3,2,False,
SURV0002461,DUD100307,2024-11-28,5,5,5,4,5,5,5,5,5,True,
SURV0002462,DUD100307,2024-12-25,4,4,4,4,5,4,4,4,4,True,
SURV0002463,DUD100307,2025-01-22,4,3,4,4,4,3,4,4,5,True,
SURV0002464,DUD100307,2025-02-04,5,5,4,5,4,4,4,5,5,True,
SURV0002465,DUD100307,2025-03-05,3,3,2,3,2,4,2,3,3,False,
SURV0002466,DUD100308,2022-08-11,3,4,4,2,3,3,4,4,3,False,
SURV0002467,DUD100308,2022-09-15,4,4,3,4,4,3,5,5,5,True,
SURV0002468,DUD100308,2022-10-27,4,4,4,4,4,4,4,4,3,True,
SURV0002469,DUD100308,2022-11-27,5,4,4,5,5,4,5,5,4,True,
SURV0002470,DUD100308,2022-12-20,3,3,3,3,3,2,4,3,3,False,
SURV0002471,DUD100308,2023-01-11,4,4,5,4,5,3,4,4,4,True,
SURV0002472,DUD100308,2023-02-26,4,4,4,4,4,4,4,4,4,True,
SURV0002473,DUD100309,2024-12-07,4,3,5,3,4,3,4,4,3,True,
SURV0002474,DUD100309,2025-01-18,2,3,1,1,1,1,2,2,1,False,
SURV0002475,DUD100309,2025-02-18,4,4,4,4,3,4,3,3,3,True,
SURV0002476,DUD100309,2025-03-14,4,3,5,3,4,3,5,4,4,True,
SURV0002477,DUD100309,2025-04-24,4,4,4,4,4,4,4,5,3,True,
SURV0002478,DUD100309,2025-05-07,2,2,2,2,3,2,2,3,2,False,
SURV0002479,DUD100309,2025-06-22,4,4,4,5,4,4,5,5,5,True,
SURV0002480,DUD100309,2025-07-11,2,1,1,2,2,3,2,1,3,False,
SURV0002481,DUD100310,2021-07-27,5,5,5,5,5,5,4,5,5,True,
SURV0002482,DUD100310,2021-08-18,4,3,4,5,4,3,4,3,4,True,
SURV0002483,DUD100310,2021-09-11,2,2,3,2,1,2,2,2,3,False,
SURV0002484,DUD100310,2021-10-05,4,4,4,5,5,3,3,5,3,True,
SURV0002485,DUD100310,2021-11-21,3,4,3,3,3,2,3,3,2,False,
SURV0002486,DUD100310,2021-12-09,3,3,4,2,2,4,2,3,3,False,
SURV0002487,DUD100310,2022-01-21,4,3,5,5,5,4,5,4,4,True,
SURV0002488,DUD100310,2022-02-16,1,1,1,2,1,1,1,2,2,False,
SURV0002489,DUD100311,2024-11-04,5,5,5,5,5,5,5,4,5,True,
SURV0002490,DUD100311,2024-12-26,4,4,4,4,4,3,4,3,4,True,
SURV0002491,DUD100311,2025-01-19,4,4,4,3,5,5,4,3,5,True,
SURV0002492,DUD100311,2025-02-09,3,3,3,2,2,3,2,4,3,False,
SURV0002493,DUD100311,2025-03-28,4,4,4,3,5,3,4,3,3,True,
SURV0002494,DUD100311,2025-04-04,5,5,5,5,5,5,4,5,5,True,
SURV0002495,DUD100311,2025-05-19,3,3,3,3,2,4,4,3,2,False,
SURV0002496,DUD100311,2025-06-11,5,5,5,5,4,5,5,4,5,True,
SURV0002497,DUD100311,2025-07-09,4,4,4,4,4,4,4,5,4,True,
SURV0002498,DUD100312,2022-09-21,3,3,3,2,2,2,3,3,3,False,
SURV0002499,DUD100312,2022-10-15,4,4,5,5,4,4,3,3,5,True,
SURV0002500,DUD100312,2022-11-24,3,3,2,3,4,4,2,2,3,False,
SURV0002501,DUD100312,2022-12-25,4,5,4,3,4,4,4,3,5,True,
SURV0002502,DUD100313,2023-11-06,4,4,4,4,3,4,3,3,5,True,
SURV0002503,DUD100313,2023-12-03,4,3,4,5,3,4,4,3,3,True,
SURV0002504,DUD100313,2024-01-27,4,3,3,3,5,5,4,5,4,True,
SURV0002505,DUD100313,2024-02-07,4,5,3,5,3,4,3,4,4,True,
SURV0002506,DUD100313,2024-03-23,2,1,1,2,1,1,2,3,1,False,
SURV0002507,DUD100313,2024-04-12,4,5,5,4,5,4,3,4,4,True,
SURV0002508,DUD100313,2024-05-24,4,5,3,4,3,5,4,5,3,True,
SURV0002509,DUD100313,2024-06-02,3,3,4,4,2,3,3,4,2,False,
SURV0002510,DUD100313,2024-07-06,4,4,3,4,3,5,4,5,5,True,
SURV0002511,DUD100314,2021-01-04,3,2,2,4,2,3,3,3,4,False,
SURV0002512,DUD100314,2021-02-23,4,5,4,3,3,5,3,4,4,True,
SURV0002513,DUD100314,2021-03-07,5,4,5,5,5,5,5,5,5,True,
SURV0002514,DUD100314,2021-04-11,4,4,5,4,4,4,4,4,5,True,
SURV0002515,DUD100314,2021-05-07,4,4,4,4,3,5,4,3,4,True,
SURV0002516,DUD100314,2021-06-21,3,3,2,2,3,3,2,3,4,False,
SURV0002517,DUD100314,2021-07-27,4,5,4,3,5,5,3,4,4,True,
SURV0002518,DUD100314,2021-08-24,4,3,4,4,5,3,3,3,4,True,
SURV0002519,DUD100315,2024-05-12,3,4,3,3,3,2,2,2,3,False,
SURV0002520,DUD100315,2024-06-19,4,4,4,4,3,4,4,4,5,True,
SURV0002521,DUD100315,2024-07-25,4,3,5,4,5,4,4,3,5,True,
SURV0002522,DUD100315,2024-08-22,4,3,3,3,4,4,5,4,5,True,
SURV0002523,DUD100315,2024-09-28,4,4,4,4,4,4,5,3,3,True,
SURV0002524,DUD100315,2024-10-23,5,5,5,5,5,4,5,4,5,True,
SURV0002525,DUD100315,2024-11-12,3,4,2,3,2,3,2,2,3,False,
SURV0002526,DUD100315,2024-12-23,3,3,4,4,2,4,4,3,2,False,
SURV0002527,DUD100315,2025-01-17,3,4,2,3,2,3,3,3,3,False,
SURV0002528,DUD100315,2025-02-04,4,4,4,4,4,3,4,5,4,True,
SURV0002529,DUD100315,2025-03-20,3,3,4,2,4,2,2,4,3,False,
SURV0002530,DUD100315,2025-04-23,3,3,3,2,3,3,3,4,4,False,
SURV0002531,DUD100316,2021-03-21,5,4,4,4,5,5,5,5,5,True,
SURV0002532,DUD100316,2021-04-13,4,5,4,5,4,3,4,4,5,True,
SURV0002533,DUD100316,2021-05-15,4,3,4,5,3,4,4,4,4,True,
SURV0002534,DUD100316,2021-06-10,4,4,3,5,4,3,4,5,4,True,
SURV0002535,DUD100316,2021-07-07,2,2,2,3,2,3,2,2,2,False,
SURV0002536,DUD100316,2021-08-23,4,4,3,3,3,3,3,3,3,True,
SURV0002537,DUD100317,2024-11-25,2,2,3,2,2,2,3,2,2,False,
SURV0002538,DUD100317,2024-12-08,3,3,4,4,3,2,3,2,3,False,
SURV0002539,DUD100317,2025-01-22,2,2,3,1,2,2,1,3,1,False,
SURV0002540,DUD100317,2025-02-05,4,5,3,4,5,5,4,4,3,True,
SURV0002541,DUD100317,2025-03-15,4,4,4,4,4,5,5,4,4,True,
SURV0002542,DUD100317,2025-04-19,4,4,5,4,4,4,4,3,3,True,
SURV0002543,DUD100317,2025-05-27,3,3,2,4,3,3,2,3,4,False,
SURV0002544,DUD100317,2025-06-21,3,3,3,4,3,3,3,2,2,False,
SURV0002545,DUD100318,2023-12-20,3,3,2,3,3,4,3,3,4,False,
SURV0002546,DUD100318,2024-01-24,4,4,5,4,5,4,5,4,3,True,
SURV0002547,DUD100318,2024-02-22,5,5,4,5,5,5,5,4,5,True,
SURV0002548,DUD100318,2024-03-22,2,2,2,3,2,1,2,1,1,False,
SURV0002549,DUD100319,2023-03-20,2,2,2,3,1,1,3,2,2,False,
SURV0002550,DUD100319,2023-04-12,4,5,5,3,4,4,5,4,3,True,
SURV0002551,DUD100319,2023-05-15,4,4,4,3,5,5,5,4,4,True,
SURV0002552,DUD100319,2023-06-05,5,5,4,5,4,5,5,4,4,True,
SURV0002553,DUD100319,2023-07-28,5,5,5,4,4,5,5,5,4,True,
SURV0002554,DUD100319,2023-08-03,2,2,2,1,2,2,1,2,2,False,
SURV0002555,DUD100320,2022-08-11,3,4,2,3,3,3,2,3,3,False,
SURV0002556,DUD100320,2022-09-06,3,3,3,2,2,3,4,2,2,False,
SURV0002557,DUD100320,2022-10-01,3,4,3,3,3,4,4,3,4,False,
SURV0002558,DUD100320,2022-11-15,3,3,3,3,2,3,4,4,3,False,
SURV0002559,DUD100320,2022-12-03,4,5,5,3,5,4,4,4,5,True,
SURV0002560,DUD100320,2023-01-14,1,1,1,2,1,2,1,2,1,False,
SURV0002561,DUD100320,2023-02-09,4,5,3,3,5,4,4,4,4,True,
SURV0002562,DUD100321,2021-08-18,1,1,1,1,1,1,1,1,1,False,
SURV0002563,DUD100321,2021-09-19,4,4,5,3,4,4,5,4,5,True,
SURV0002564,DUD100321,2021-10-12,3,2,4,2,2,3,3,4,3,False,
SURV0002565,DUD100321,2021-11-15,5,5,5,5,5,4,5,5,5,True,
SURV0002566,DUD100321,2021-12-09,4,4,4,4,4,4,4,3,4,True,
SURV0002567,DUD100321,2022-01-07,4,4,4,4,5,4,5,4,4,True,
SURV0002568,DUD100321,2022-02-22,4,4,3,3,4,4,4,4,4,True,
SURV0002569,DUD100321,2022-03-19,3,3,4,3,4,3,2,4,3,False,
SURV0002570,DUD100322,2023-01-01,4,3,3,4,4,5,5,3,4,True,
SURV0002571,DUD100322,2023-02-26,3,2,3,3,4,3,3,4,3,False,
SURV0002572,DUD100322,2023-03-03,3,4,3,3,3,3,3,2,2,False,
SURV0002573,DUD100322,2023-04-11,2,2,2,2,2,2,1,2,3,False,
SURV0002574,DUD100322,2023-05-24,2,2,1,1,1,2,1,1,2,False,
SURV0002575,DUD100322,2023-06-08,4,4,4,4,3,5,4,4,4,True,
SURV0002576,DUD100323,2024-02-17,2,2,2,2,2,2,2,2,3,False,
SURV0002577,DUD100323,2024-03-08,3,3,3,3,2,2,2,4,2,False,
SURV0002578,DUD100323,2024-04-26,4,4,4,3,4,4,4,4,3,True,
SURV0002579,DUD100323,2024-05-11,5,5,5,4,5,5,5,5,5,True,
SURV0002580,DUD100323,2024-06-09,2,1,1,2,2,3,3,3,3,False,
SURV0002581,DUD100323,2024-07-05,2,2,2,3,2,1,3,3,2,False,
SURV0002582,DUD100323,2024-08-27,5,5,5,4,5,5,5,5,5,True,
SURV0002583,DUD100324,2023-12-09,4,4,4,5,4,5,3,3,4,True,
SURV0002584,DUD100324,2024-01-21,4,4,5,5,4,3,4,3,4,True,
SURV0002585,DUD100324,2024-02-03,4,4,4,4,4,3,5,4,4,True,
SURV0002586,DUD100324,2024-03-25,2,1,3,1,2,2,2,3,1,False,
SURV0002587,DUD100324,2024-04-16,5,5,5,4,4,5,4,4,4,True,
SURV0002588,DUD100324,2024-05-18,3,3,4,4,3,2,3,3,3,False,
SURV0002589,DUD100324,2024-06-06,5,5,5,5,5,4,5,5,5,True,
SURV0002590,DUD100324,2024-07-12,4,4,4,4,4,4,4,5,4,True,
SURV0002591,DUD100324,2024-08-20,4,4,3,3,3,5,5,4,3,True,
SURV0002592,DUD100324,2024-09-22,2,1,2,1,1,2,2,2,3,False,
SURV0002593,DUD100325,2021-09-11,2,3,2,3,2,3,1,2,1,False,
SURV0002594,DUD100325,2021-10-09,3,2,3,4,3,3,3,2,2,False,
SURV0002595,DUD100325,2021-11-16,3,3,3,4,3,3,3,3,3,False,
SURV0002596,DUD100325,2021-12-10,4,4,4,4,3,4,3,3,4,True,
SURV0002597,DUD100325,2022-01-06,4,4,4,5,3,4,4,4,3,True,
SURV0002598,DUD100325,2022-02-01,4,3,4,4,3,3,3,4,4,True,
SURV0002599,DUD100325,2022-03-13,4,4,4,4,3,4,4,5,5,True,
SURV0002600,DUD100325,2022-04-18,3,3,4,3,2,2,4,2,3,False,
SURV0002601,DUD100325,2022-05-15,3,4,3,4,2,4,3,3,3,False,
SURV0002602,DUD100325,2022-06-06,5,4,4,4,5,5,4,5,5,True,
SURV0002603,DUD100325,2022-07-13,2,3,2,2,1,1,2,3,1,False,
SURV0002604,DUD100326,2021-09-26,5,5,4,4,5,4,5,4,4,True,
SURV0002605,DUD100326,2021-10-23,3,3,2,4,2,2,3,2,3,False,
SURV0002606,DUD100326,2021-11-21,4,4,4,3,4,4,5,4,4,True,
SURV0002607,DUD100326,2021-12-07,3,3,3,4,2,3,3,2,4,False,
SURV0002608,DUD100326,2022-01-17,3,3,4,2,3,2,4,2,3,False,
SURV0002609,DUD100326,2022-02-18,3,2,4,3,3,3,4,4,3,False,
SURV0002610,DUD100326,2022-03-08,3,3,3,3,4,3,3,3,4,False,
SURV0002611,DUD100326,2022-04-24,4,4,4,3,4,4,4,4,5,True,
SURV0002612,DUD100326,2022-05-06,3,2,4,4,2,4,3,2,3,False,
SURV0002613,DUD100326,2022-06-12,4,3,4,3,4,4,3,4,5,True,
SURV0002614,DUD100326,2022-07-16,4,4,3,3,4,4,4,5,4,True,
SURV0002615,DUD100326,2022-08-07,3,3,4,3,4,4,3,3,2,False,
SURV0002616,DUD100327,2023-10-17,3,3,3,4,2,2,2,4,3,False,
SURV0002617,DUD100327,2023-11-01,4,4,3,3,5,3,3,4,5,True,
SURV0002618,DUD100327,2023-12-21,4,3,4,4,4,4,4,4,3,True,
SURV0002619,DUD100327,2024-01-20,5,5,5,5,5,5,5,4,5,True,
SURV0002620,DUD100327,2024-02-01,1,2,1,1,2,1,2,1,1,False,
SURV0002621,DUD100327,2024-03-05,4,4,3,3,3,4,3,4,3,True,
SURV0002622,DUD100327,2024-04-13,2,1,2,3,3,2,2,1,1,False,
SURV0002623,DUD100327,2024-05-26,4,3,3,4,4,3,4,3,5,True,
SURV0002624,DUD100327,2024-06-26,3,3,3,4,2,3,3,2,4,False,
SURV0002625,DUD100327,2024-07-04,1,2,1,1,1,1,1,1,1,False,
SURV0002626,DUD100327,2024-08-11,4,4,3,3,4,4,3,5,4,True,
SURV0002627,DUD100328,2021-12-02,5,5,4,5,5,5,5,5,5,True,
SURV0002628,DUD100328,2022-01-18,3,3,4,2,3,3,3,3,4,False,
SURV0002629,DUD100328,2022-02-23,4,4,5,4,3,5,4,4,4,True,
SURV0002630,DUD100328,2022-03-17,4,5,5,4,5,5,3,4,3,True,
SURV0002631,DUD100328,2022-04-04,4,3,3,4,4,3,4,4,5,True,
SURV0002632,DUD100328,2022-05-20,2,3,2,1,3,3,3,2,3,False,
SURV0002633,DUD100328,2022-06-25,5,5,5,5,5,4,4,5,5,True,
SURV0002634,DUD100328,2022-07-16,5,5,4,4,4,4,5,5,4,True,
SURV0002635,DUD100328,2022-08-14,2,1,3,2,2,3,2,2,3,False,
SURV0002636,DUD100329,2023-12-14,5,5,5,4,5,5,5,5,5,True,
SURV0002637,DUD100329,2024-01-23,3,3,2,4,2,3,3,4,3,False,
SURV0002638,DUD100329,2024-02-06,4,5,4,5,4,5,4,4,5,True,
SURV0002639,DUD100329,2024-03-20,3,2,3,4,3,2,2,3,3,False,
SURV0002640,DUD100329,2024-04-12,2,1,3,1,3,2,2,2,2,False,
SURV0002641,DUD100329,2024-05-02,4,4,4,4,3,3,4,4,4,True,
SURV0002642,DUD100329,2024-06-10,4,4,3,4,5,4,4,4,5,True,
SURV0002643,DUD100329,2024-07-23,4,4,4,3,5,4,4,3,3,True,
SURV0002644,DUD100329,2024-08-25,4,5,5,5,4,4,3,5,4,True,
SURV0002645,DUD100330,2021-09-10,4,4,3,3,3,4,5,4,3,True,
SURV0002646,DUD100330,2021-10-09,2,3,2,3,1,2,3,3,2,False,
SURV0002647,DUD100330,2021-11-18,3,4,3,3,2,4,4,3,3,False,
SURV0002648,DUD100330,2021-12-01,4,4,4,4,4,4,5,3,3,True,
SURV0002649,DUD100330,2022-01-03,4,4,4,3,3,5,5,4,3,True,
SURV0002650,DUD100330,2022-02-15,1,2,1,2,1,1,1,1,2,False,
SURV0002651,DUD100330,2022-03-12,3,3,2,2,4,4,4,4,3,False,
SURV0002652,DUD100331,2021-10-26,4,5,4,4,4,3,4,4,4,True,
SURV0002653,DUD100331,2021-11-23,5,5,4,5,5,5,5,5,4,True,
SURV0002654,DUD100331,2021-12-17,4,4,4,3,4,4,3,5,4,True,
SURV0002655,DUD100331,2022-01-01,4,4,4,4,4,4,4,4,4,True,
SURV0002656,DUD100331,2022-02-28,4,4,4,4,4,4,4,3,4,True,
SURV0002657,DUD100331,2022-03-20,5,5,4,4,4,5,4,5,4,True,
SURV0002658,DUD100332,2022-12-25,4,4,4,3,3,5,4,4,4,True,
SURV0002659,DUD100332,2023-01-24,3,3,2,4,3,3,4,4,3,False,
SURV0002660,DUD100332,2023-02-11,3,3,3,3,3,4,4,4,2,False,
SURV0002661,DUD100332,2023-03-17,3,3,4,3,3,4,3,3,2,False,
SURV0002662,DUD100332,2023-04-23,2,2,2,1,2,2,2,2,3,False,
SURV0002663,DUD100332,2023-05-13,4,3,5,5,4,4,5,5,4,True,
SURV0002664,DUD100332,2023-06-14,5,5,4,5,5,5,4,5,5,True,
SURV0002665,DUD100332,2023-07-08,2,3,2,2,2,2,2,1,3,False,
SURV0002666,DUD100332,2023-08-19,4,5,3,4,4,5,4,3,4,True,
SURV0002667,DUD100332,2023-09-18,4,5,3,5,5,5,4,4,4,True,
SURV0002668,DUD100333,2024-10-05,4,4,3,4,5,4,5,4,5,True,
SURV0002669,DUD100333,2024-11-09,4,5,3,5,5,4,4,3,4,True,
SURV0002670,DUD100333,2024-12-11,4,5,4,3,5,4,4,3,3,True,
SURV0002671,DUD100333,2025-01-20,4,3,4,4,4,3,4,3,3,True,
SURV0002672,DUD100333,2025-02-07,3,3,3,3,2,4,4,3,3,False,
SURV0002673,DUD100333,2025-03-12,3,3,3,3,3,4,4,3,3,False,
SURV0002674,DUD100333,2025-04-07,4,4,4,4,5,4,4,4,4,True,
SURV0002675,DUD100333,2025-05-27,2,2,2,3,1,3,2,2,3,False,
SURV0002676,DUD100333,2025-06-26,3,3,2,4,4,3,2,4,3,False,
SURV0002677,DUD100333,2025-07-09,4,4,4,3,4,3,3,4,3,True,
SURV0002678,DUD100333,2025-08-18,3,3,3,3,4,2,2,2,4,False,
SURV0002679,DUD100334,2021-04-05,5,5,5,4,5,5,4,5,5,True,
SURV0002680,DUD100334,2021-05-27,3,4,3,2,3,3,4,2,3,False,
SURV0002681,DUD100334,2021-06-19,5,5,5,5,5,4,5,4,4,True,
SURV0002682,DUD100334,2021-07-02,4,4,5,4,4,4,4,5,4,True,
SURV0002683,DUD100335,2024-01-24,3,2,3,2,3,3,3,2,3,False,
SURV0002684,DUD100335,2024-02-03,4,4,4,5,3,4,5,4,3,True,
SURV0002685,DUD100335,2024-03-05,3,3,4,3,2,3,2,3,4,False,
SURV0002686,DUD100335,2024-04-25,4,5,5,4,5,4,4,3,3,True,
SURV0002687,DUD100335,2024-05-24,4,3,4,4,4,4,5,5,3,True,
SURV0002688,DUD100335,2024-06-28,2,3,3,2,3,2,3,1,2,False,
SURV0002689,DUD100335,2024-07-25,5,5,5,4,4,4,4,5,5,True,
SURV0002690,DUD100335,2024-08-03,4,4,4,4,4,3,3,5,5,True,
SURV0002691,DUD100335,2024-09-09,5,4,4,5,5,5,5,4,5,True,
SURV0002692,DUD100335,2024-10-24,4,3,4,4,3,4,4,5,4,True,
SURV0002693,DUD100336,2024-02-24,3,3,3,3,3,2,4,3,2,False,
SURV0002694,DUD100336,2024-03-23,3,2,2,3,2,3,3,3,3,False,
SURV0002695,DUD100336,2024-04-02,2,3,2,3,2,2,2,3,1,False,
SURV0002696,DUD100336,2024-05-04,4,3,4,5,4,4,4,4,4,True,
SURV0002697,DUD100337,2024-12-23,4,3,5,4,5,5,4,3,4,True,
SURV0002698,DUD100337,2025-01-11,4,3,5,3,5,3,4,3,4,True,
SURV0002699,DUD100337,2025-02-17,5,4,5,5,5,5,5,5,5,True,
SURV0002700,DUD100337,2025-03-23,3,4,3,4,2,4,4,3,4,False,
SURV0002701,DUD100337,2025-04-16,1,1,1,1,1,1,1,2,1,False,
SURV0002702,DUD100337,2025-05-22,3,4,3,3,4,4,2,3,3,False,
SURV0002703,DUD100337,2025-06-03,5,5,4,4,5,5,5,5,5,True,
SURV0002704,DUD100338,2021-02-27,4,4,3,3,4,5,4,4,4,True,
SURV0002705,DUD100338,2021-03-22,4,4,4,5,5,5,4,5,4,True,
SURV0002706,DUD100338,2021-04-08,4,4,4,3,4,3,4,4,4,True,
SURV0002707,DUD100338,2021-05-07,4,5,4,4,3,4,4,4,4,True,
SURV0002708,DUD100338,2021-06-12,3,3,3,3,2,3,3,3,3,False,
SURV0002709,DUD100339,2024-02-04,4,3,3,5,4,4,4,4,4,True,
SURV0002710,DUD100339,2024-03-23,5,4,5,5,5,5,4,5,4,True,
SURV0002711,DUD100339,2024-04-22,4,4,4,3,5,5,3,3,4,True,
SURV0002712,DUD100339,2024-05-26,4,3,4,4,4,4,4,4,3,True,
SURV0002713,DUD100339,2024-06-04,4,4,3,4,4,5,5,4,3,True,
SURV0002714,DUD100339,2024-07-14,4,4,4,4,4,4,5,4,5,True,
SURV0002715,DUD100339,2024-08-16,4,5,5,4,3,4,5,4,5,True,
SURV0002716,DUD100339,2024-09-14,4,5,4,3,4,5,5,4,4,True,
SURV0002717,DUD100339,2024-10-05,4,4,4,3,3,4,4,5,4,True,
SURV0002718,DUD100339,2024-11-16,3,2,3,3,3,2,3,3,2,False,
SURV0002719,DUD100340,2024-05-19,4,3,4,5,5,4,5,5,3,True,
SURV0002720,DUD100340,2024-06-26,4,4,4,3,3,4,4,3,4,True,
SURV0002721,DUD100340,2024-07-01,5,5,4,5,5,5,5,4,5,True,
SURV0002722,DUD100340,2024-08-03,4,4,4,3,4,3,5,4,5,True,
SURV0002723,DUD100340,2024-09-12,4,4,4,3,4,4,4,3,4,True,
SURV0002724,DUD100341,2024-02-15,3,3,3,4,4,2,4,2,3,False,
SURV0002725,DUD100341,2024-03-03,4,3,4,3,5,3,4,4,3,True,
SURV0002726,DUD100341,2024-04-28,3,4,4,3,3,3,2,4,3,False,
SURV0002727,DUD100341,2024-05-07,5,5,5,4,4,4,5,5,5,True,
SURV0002728,DUD100341,2024-06-22,4,5,3,5,4,4,4,3,4,True,
SURV0002729,DUD100341,2024-07-21,5,5,5,4,4,4,5,5,4,True,
SURV0002730,DUD100341,2024-08-24,4,3,3,4,4,4,4,4,4,True,
SURV0002731,DUD100341,2024-09-22,3,3,3,2,3,2,3,3,3,False,
SURV0002732,DUD100341,2024-10-03,2,1,3,3,1,2,2,2,2,False,
SURV0002733,DUD100341,2024-11-28,4,3,4,3,4,4,3,4,5,True,
SURV0002734,DUD100341,2024-12-23,4,3,4,5,3,3,4,5,4,True,
SURV0002735,DUD100342,2023-01-01,3,2,3,3,3,4,3,3,2,False,
SURV0002736,DUD100342,2023-02-03,4,5,4,4,4,5,4,3,5,True,
SURV0002737,DUD100342,2023-03-21,4,5,5,3,4,4,5,3,3,True,
SURV0002738,DUD100342,2023-04-11,4,4,5,4,4,4,4,4,3,True,
SURV0002739,DUD100342,2023-05-23,4,5,5,5,4,3,4,4,3,True,
SURV0002740,DUD100342,2023-06-24,3,3,4,3,3,2,2,3,2,False,
SURV0002741,DUD100342,2023-07-22,1,1,1,2,1,2,1,1,1,False,
SURV0002742,DUD100342,2023-08-05,5,5,5,5,5,5,5,4,5,True,
SURV0002743,DUD100342,2023-09-21,5,5,5,4,5,4,5,5,5,True,
SURV0002744,DUD100342,2023-10-21,5,5,4,5,5,5,5,5,5,True,
SURV0002745,DUD100343,2023-05-07,5,4,5,4,5,5,5,5,4,True,
SURV0002746,DUD100343,2023-06-01,4,4,4,5,3,4,4,5,3,True,
SURV0002747,DUD100343,2023-07-07,4,4,4,3,4,5,3,4,4,True,
SURV0002748,DUD100343,2023-08-16,3,4,3,4,3,3,2,3,4,False,
SURV0002749,DUD100343,2023-09-28,5,5,5,5,4,4,5,5,4,True,
SURV0002750,DUD100343,2023-10-22,4,5,4,4,3,4,3,3,5,True,
SURV0002751,DUD100344,2023-06-11,2,2,1,2,2,2,2,2,2,False,
SURV0002752,DUD100344,2023-07-25,4,5,3,4,4,5,4,4,3,True,
SURV0002753,DUD100344,2023-08-26,5,5,5,5,5,5,5,5,5,True,
SURV0002754,DUD100344,2023-09-04,2,3,2,2,1,1,2,2,2,False,
SURV0002755,DUD100345,2024-05-10,3,2,4,3,3,4,3,2,3,False,
SURV0002756,DUD100345,2024-06-23,3,3,3,3,3,4,3,4,2,False,
SURV0002757,DUD100345,2024-07-12,5,5,5,5,5,4,4,4,5,True,
SURV0002758,DUD100345,2024-08-09,4,3,3,4,3,5,5,5,3,True,
SURV0002759,DUD100345,2024-09-25,5,5,5,5,5,5,4,5,5,True,
SURV0002760,DUD100345,2024-10-13,3,4,3,3,3,4,3,3,2,False,
SURV0002761,DUD100345,2024-11-18,5,5,5,5,5,5,5,4,4,True,
SURV0002762,DUD100346,2021-06-18,2,2,3,2,2,1,2,1,3,False,
SURV0002763,DUD100346,2021-07-19,4,4,4,5,5,4,4,5,4,True,
SURV0002764,DUD100346,2021-08-15,5,5,5,5,4,4,5,5,5,True,
SURV0002765,DUD100346,2021-09-22,2,2,3,2,2,2,2,3,1,False,
SURV0002766,DUD100346,2021-10-11,1,1,1,1,1,2,1,1,2,False,
SURV0002767,DUD100346,2021-11-16,4,4,3,4,3,5,4,3,5,True,
SURV0002768,DUD100346,2021-12-21,4,3,4,5,4,4,5,3,4,True,
SURV0002769,DUD100346,2022-01-24,4,4,5,3,4,5,4,4,3,True,
SURV0002770,DUD100346,2022-02-22,4,4,5,4,4,5,4,3,5,True,
SURV0002771,DUD100346,2022-03-11,4,4,3,5,4,3,4,4,3,True,
SURV0002772,DUD100346,2022-04-06,4,4,4,4,4,3,3,3,4,True,
SURV0002773,DUD100347,2021-07-05,4,3,4,4,4,3,4,3,5,True,
SURV0002774,DUD100347,2021-08-03,4,5,3,3,4,3,4,5,5,True,
SURV0002775,DUD100347,2021-09-16,1,2,2,1,1,2,2,2,2,False,
SURV0002776,DUD100347,2021-10-23,4,4,5,4,4,4,3,3,4,True,
SURV0002777,DUD100347,2021-11-21,4,3,4,4,4,3,3,3,5,True,
SURV0002778,DUD100347,2021-12-20,4,4,4,3,5,4,4,4,4,True,
SURV0002779,DUD100347,2022-01-25,3,2,2,4,4,4,3,3,4,False,
SURV0002780,DUD100347,2022-02-09,5,5,5,5,5,4,4,5,5,True,
SURV0002781,DUD100347,2022-03-26,4,4,3,4,3,5,3,3,5,True,
SURV0002782,DUD100347,2022-04-22,3,4,4,3,4,3,3,4,3,False,
SURV0002783,DUD100347,2022-05-12,2,1,1,2,3,2,1,1,3,False,
SURV0002784,DUD100348,2022-04-22,4,5,5,5,4,4,5,4,4,True,
SURV0002785,DUD100348,2022-05-07,5,5,5,4,5,5,5,5,5,True,
SURV0002786,DUD100348,2022-06-28,3,4,2,3,2,3,4,3,4,False,
SURV0002787,DUD100348,2022-07-12,4,4,4,4,5,3,4,4,4,True,
SURV0002788,DUD100348,2022-08-01,4,5,4,3,4,3,5,3,4,True,
SURV0002789,DUD100348,2022-09-06,1,2,1,1,2,2,1,1,2,False,
SURV0002790,DUD100348,2022-10-02,4,4,5,5,3,4,4,4,4,True,
SURV0002791,DUD100348,2022-11-12,4,4,3,4,5,5,4,4,4,True,
SURV0002792,DUD100348,2022-12-26,4,3,4,3,4,5,5,4,3,True,
SURV0002793,DUD100348,2023-01-14,4,4,3,5,4,4,3,5,5,True,
SURV0002794,DUD100348,2023-02-27,3,3,3,3,2,4,3,3,3,False,
SURV0002795,DUD100349,2024-08-05,3,3,3,3,2,2,4,3,3,False,
SURV0002796,DUD100349,2024-09-24,3,2,4,3,3,2,2,4,3,False,
SURV0002797,DUD100349,2024-10-11,2,2,1,2,2,3,2,1,2,False,
SURV0002798,DUD100349,2024-11-12,5,5,5,5,5,5,5,5,5,True,
SURV0002799,DUD100350,2024-11-04,5,5,5,5,5,5,5,4,5,True,
SURV0002800,DUD100350,2024-12-21,5,5,5,5,5,5,5,5,4,True,
SURV0002801,DUD100350,2025-01-08,2,1,3,2,2,1,2,3,3,False,
SURV0002802,DUD100350,2025-02-08,5,4,5,5,5,5,5,5,5,True,
SURV0002803,DUD100351,2024-02-05,4,3,4,3,4,3,3,3,5,True,
SURV0002804,DUD100351,2024-03-28,4,4,3,5,4,4,3,4,5,True,
SURV0002805,DUD100351,2024-04-27,2,2,1,1,2,1,2,1,3,False,
SURV0002806,DUD100351,2024-05-11,4,5,3,4,5,3,5,3,3,True,
SURV0002807,DUD100351,2024-06-22,5,5,5,4,5,5,5,4,5,True,
SURV0002808,DUD100351,2024-07-28,3,2,2,3,4,3,3,3,2,False,
SURV0002809,DUD100351,2024-08-16,5,5,5,5,4,4,5,5,5,True,
SURV0002810,DUD100351,2024-09-04,4,3,4,5,4,5,5,4,4,True,
SURV0002811,DUD100351,2024-10-04,2,2,1,2,1,1,2,3,1,False,
SURV0002812,DUD100351,2024-11-27,3,2,2,2,4,3,4,3,3,False,
SURV0002813,DUD100352,2022-10-11,5,5,4,5,4,5,5,4,5,True,
SURV0002814,DUD100352,2022-11-12,2,2,3,2,2,2,1,1,2,False,
SURV0002815,DUD100352,2022-12-20,3,3,4,2,2,3,3,3,2,False,
SURV0002816,DUD100352,2023-01-24,4,3,4,5,4,3,4,3,3,True,
SURV0002817,DUD100353,2022-03-21,3,4,3,3,3,3,3,4,3,False,
SURV0002818,DUD100353,2022-04-11,3,3,3,2,3,2,2,4,3,False,
SURV0002819,DUD100353,2022-05-26,4,4,5,4,5,5,4,5,5,True,
SURV0002820,DUD100353,2022-06-15,4,4,4,3,5,5,4,5,4,True,
SURV0002821,DUD100353,2022-07-04,4,3,4,5,4,4,3,4,4,True,
SURV0002822,DUD100353,2022-08-19,5,5,5,5,4,5,5,5,5,True,
SURV0002823,DUD100353,2022-09-07,4,3,4,4,4,4,4,4,4,True,
SURV0002824,DUD100353,2022-10-21,3,3,2,3,3,3,3,4,3,False,
SURV0002825,DUD100353,2022-11-18,2,2,1,1,2,2,1,1,1,False,
SURV0002826,DUD100353,2022-12-09,3,2,2,3,3,3,3,4,2,False,
SURV0002827,DUD100353,2023-01-15,4,3,5,4,4,4,4,5,4,True,
SURV0002828,DUD100353,2023-02-11,4,4,5,4,5,4,3,4,4,True,
SURV0002829,DUD100354,2022-12-01,3,2,2,3,3,4,4,3,3,False,
SURV0002830,DUD100354,2023-01-28,4,4,4,4,4,4,4,4,4,True,
SURV0002831,DUD100354,2023-02-07,5,5,4,5,5,5,5,5,4,True,
SURV0002832,DUD100354,2023-03-26,5,4,5,5,4,5,5,5,5,True,
SURV0002833,DUD100354,2023-04-15,3,3,2,3,2,2,3,3,2,False,
SURV0002834,DUD100354,2023-05-27,5,5,4,5,5,5,5,5,4,True,
SURV0002835,DUD100354,2023-06-04,1,2,1,1,1,1,1,2,1,False,
SURV0002836,DUD100354,2023-07-18,2,1,2,3,2,3,2,3,3,False,
SURV0002837,DUD100354,2023-08-27,3,3,4,2,4,3,4,3,3,False,
SURV0002838,DUD100354,2023-09-04,2,3,2,3,2,2,2,3,1,False,
SURV0002839,DUD100355,2022-07-26,5,5,5,5,5,5,5,4,5,True,
SURV0002840,DUD100355,2022-08-07,4,4,4,3,4,3,4,4,3,True,
SURV0002841,DUD100355,2022-09-10,3,3,3,3,3,4,2,3,3,False,
SURV0002842,DUD100355,2022-10-05,3,2,2,4,3,3,2,2,3,False,
SURV0002843,DUD100355,2022-11-22,4,5,4,4,5,4,4,3,4,True,
SURV0002844,DUD100355,2022-12-06,5,5,5,5,5,5,5,4,5,True,
SURV0002845,DUD100355,2023-01-06,3,3,4,2,3,2,3,4,3,False,
SURV0002846,DUD100355,2023-02-16,5,5,5,5,4,5,4,5,5,True,
SURV0002847,DUD100355,2023-03-11,4,4,3,4,5,4,4,4,3,True,
SURV0002848,DUD100355,2023-04-13,5,5,5,5,4,4,5,5,5,True,
SURV0002849,DUD100355,2023-05-13,4,4,3,5,4,4,4,4,3,True,
SURV0002850,DUD100356,2024-09-02,1,1,1,2,1,1,1,1,2,False,
SURV0002851,DUD100356,2024-10-19,2,2,3,1,1,3,2,1,1,False,
SURV0002852,DUD100356,2024-11-26,4,4,4,3,4,3,3,3,4,True,
SURV0002853,DUD100356,2024-12-26,1,1,1,1,2,2,1,1,1,False,
SURV0002854,DUD100356,2025-01-14,5,5,4,4,5,5,4,5,5,True,
SURV0002855,DUD100356,2025-02-13,3,4,4,3,3,2,3,4,3,False,
SURV0002856,DUD100356,2025-03-14,4,4,5,3,4,4,4,3,4,True,
SURV0002857,DUD100356,2025-04-27,5,5,5,4,5,4,5,4,5,True,
SURV0002858,DUD100356,2025-05-26,5,5,5,5,5,5,4,5,5,True,
SURV0002859,DUD100356,2025-06-07,5,5,5,5,5,5,4,5,5,True,
SURV0002860,DUD100357,2022-07-28,4,4,5,4,4,4,4,4,3,True,
SURV0002861,DUD100357,2022-08-09,4,4,4,4,4,3,4,3,4,True,
SURV0002862,DUD100357,2022-09-21,5,4,5,4,5,5,5,5,5,True,
SURV0002863,DUD100357,2022-10-06,4,5,4,4,4,4,4,3,4,True,
SURV0002864,DUD100357,2022-11-22,3,3,3,2,2,4,4,2,2,False,
SURV0002865,DUD100357,2022-12-17,4,3,5,4,4,3,4,3,4,True,
SURV0002866,DUD100357,2023-01-14,4,5,5,5,3,5,4,4,5,True,
SURV0002867,DUD100357,2023-02-18,2,2,2,3,2,2,2,2,3,False,
SURV0002868,DUD100358,2024-03-17,5,4,4,5,5,5,4,5,5,True,
SURV0002869,DUD100358,2024-04-24,5,5,5,5,5,4,4,4,5,True,
SURV0002870,DUD100358,2024-05-02,3,3,3,4,3,2,2,3,3,False,
SURV0002871,DUD100358,2024-06-07,5,5,4,5,5,5,5,5,5,True,
SURV0002872,DUD100358,2024-07-26,2,2,2,2,2,3,3,1,3,False,
SURV0002873,DUD100359,2024-08-13,3,3,2,3,4,3,3,3,2,False,
SURV0002874,DUD100359,2024-09-17,5,5,5,4,4,4,4,4,4,True,
SURV0002875,DUD100359,2024-10-11,4,5,3,3,5,5,5,4,4,True,
SURV0002876,DUD100359,2024-11-10,2,2,2,3,2,2,2,2,2,False,
SURV0002877,DUD100359,2024-12-12,4,4,4,5,3,4,4,4,5,True,
SURV0002878,DUD100359,2025-01-02,3,2,4,2,2,2,3,4,4,False,
SURV0002879,DUD100359,2025-02-22,3,3,3,4,3,3,4,3,4,False,
SURV0002880,DUD100359,2025-03-13,4,4,3,4,4,3,3,5,4,True,
SURV0002881,DUD100359,2025-04-19,4,5,4,4,5,4,4,4,5,True,
SURV0002882,DUD100359,2025-05-16,5,5,5,5,5,5,5,5,5,True,
SURV0002883,DUD100359,2025-06-25,4,4,3,5,4,4,4,4,5,True,
SURV0002884,DUD100359,2025-07-26,3,3,3,3,2,4,4,4,3,False,
SURV0002885,DUD100360,2024-01-08,4,5,3,5,4,5,3,3,5,True,
SURV0002886,DUD100360,2024-02-23,3,4,3,3,3,4,4,2,2,False,
SURV0002887,DUD100360,2024-03-12,5,4,5,4,5,5,4,5,4,True,
SURV0002888,DUD100360,2024-04-24,3,2,3,4,3,3,2,2,2,False,
SURV0002889,DUD100360,2024-05-19,5,5,4,5,5,5,5,5,5,True,
SURV0002890,DUD100360,2024-06-06,2,2,3,3,2,3,3,1,1,False,
SURV0002891,DUD100360,2024-07-23,3,3,2,2,4,2,2,2,2,False,
SURV0002892,DUD100360,2024-08-02,3,4,3,4,4,2,4,4,3,False,
SURV0002893,DUD100360,2024-09-24,4,3,3,5,5,4,3,3,4,True,
SURV0002894,DUD100360,2024-10-10,4,3,3,4,4,5,4,5,3,True,
SURV0002895,DUD100360,2024-11-06,4,5,3,3,3,4,5,5,4,True,
SURV0002896,DUD100361,2021-04-14,4,5,5,3,4,4,3,4,4,True,
SURV0002897,DUD100361,2021-05-13,3,2,4,4,3,2,2,3,3,False,
SURV0002898,DUD100361,2021-06-15,5,5,5,5,5,5,5,5,5,True,
SURV0002899,DUD100361,2021-07-07,4,4,3,4,5,4,3,4,4,True,
SURV0002900,DUD100361,2021-08-10,4,4,3,5,3,4,5,4,4,True,
SURV0002901,DUD100361,2021-09-17,4,4,4,4,5,4,4,4,4,True,
SURV0002902,DUD100361,2021-10-25,5,4,5,5,4,5,5,5,4,True,
SURV0002903,DUD100361,2021-11-26,4,4,4,3,3,3,4,5,3,True,
SURV0002904,DUD100361,2021-12-24,3,4,2,3,3,3,3,3,2,False,
SURV0002905,DUD100361,2022-01-13,4,3,3,3,3,4,3,4,4,True,
SURV0002906,DUD100361,2022-02-02,4,3,4,3,4,4,5,4,4,True,
SURV0002907,DUD100361,2022-03-08,5,5,5,5,5,5,5,5,5,True,
SURV0002908,DUD100362,2022-05-10,4,4,5,3,5,4,4,3,5,True,
SURV0002909,DUD100362,2022-06-07,2,2,3,3,3,3,1,2,1,False,
SURV0002910,DUD100362,2022-07-24,5,5,4,5,4,5,4,5,4,True,
SURV0002911,DUD100362,2022-08-20,4,4,3,4,4,5,5,3,4,True,
SURV0002912,DUD100362,2022-09-21,4,4,4,4,5,5,4,4,4,True,
SURV0002913,DUD100362,2022-10-26,2,2,2,1,2,3,2,3,2,False,
SURV0002914,DUD100362,2022-11-06,5,4,5,5,4,5,5,4,4,True,
SURV0002915,DUD100362,2022-12-01,2,2,1,3,2,2,1,2,3,False,
SURV0002916,DUD100363,2022-01-24,4,4,3,4,4,4,4,4,4,True,
SURV0002917,DUD100363,2022-02-09,5,5,5,5,4,5,5,4,4,True,
SURV0002918,DUD100363,2022-03-23,3,4,4,2,4,3,3,3,3,False,
SURV0002919,DUD100363,2022-04-26,5,4,4,4,5,5,5,4,5,True,
SURV0002920,DUD100363,2022-05-27,4,4,4,3,3,5,5,4,3,True,
SURV0002921,DUD100363,2022-06-01,2,2,2,1,2,3,1,2,2,False,
SURV0002922,DUD100363,2022-07-17,5,4,5,5,5,5,4,5,4,True,
SURV0002923,DUD100363,2022-08-07,2,1,2,1,2,1,2,2,1,False,
SURV0002924,DUD100363,2022-09-12,4,3,3,4,4,4,3,4,3,True,
SURV0002925,DUD100363,2022-10-19,3,3,3,4,2,3,3,3,2,False,
SURV0002926,DUD100363,2022-11-02,2,2,1,2,1,2,1,3,2,False,
SURV0002927,DUD100363,2022-12-17,2,2,2,1,1,2,2,2,2,False,
SURV0002928,DUD100364,2022-09-04,4,5,5,4,4,3,4,5,5,True,
SURV0002929,DUD100364,2022-10-15,4,3,4,3,5,4,4,4,4,True,
SURV0002930,DUD100364,2022-11-10,3,4,4,3,4,4,3,4,4,False,
SURV0002931,DUD100364,2022-12-06,1,1,2,1,1,1,2,1,2,False,
SURV0002932,DUD100364,2023-01-24,4,4,4,4,3,5,3,3,4,True,
SURV0002933,DUD100364,2023-02-10,1,1,1,1,2,1,1,1,1,False,
SURV0002934,DUD100364,2023-03-17,4,4,4,5,5,3,4,4,3,True,
SURV0002935,DUD100364,2023-04-28,3,3,2,2,4,2,4,3,3,False,
SURV0002936,DUD100364,2023-05-25,4,4,5,5,4,4,4,3,3,True,
SURV0002937,DUD100364,2023-06-19,3,3,2,3,2,2,3,3,3,False,
SURV0002938,DUD100365,2022-01-23,4,4,3,4,3,3,4,5,3,True,
SURV0002939,DUD100365,2022-02-25,3,3,3,2,2,3,3,4,2,False,
SURV0002940,DUD100365,2022-03-13,3,3,4,2,3,3,3,2,3,False,
SURV0002941,DUD100365,2022-04-19,4,5,4,4,4,4,4,3,4,True,
SURV0002942,DUD100366,2024-09-27,5,5,5,5,5,4,5,5,5,True,
SURV0002943,DUD100366,2024-10-26,4,4,5,5,3,4,4,5,4,True,
SURV0002944,DUD100366,2024-11-13,2,2,3,2,3,3,3,3,2,False,
SURV0002945,DUD100366,2024-12-11,4,5,5,4,5,4,5,5,4,True,
SURV0002946,DUD100366,2025-01-24,5,5,5,4,5,5,4,5,5,True,
SURV0002947,DUD100366,2025-02-05,3,4,2,3,3,3,3,2,4,False,
SURV0002948,DUD100366,2025-03-13,5,5,5,5,5,5,5,5,5,True,
SURV0002949,DUD100366,2025-04-17,3,3,4,2,4,4,2,2,3,False,
SURV0002950,DUD100366,2025-05-18,4,5,5,4,4,4,5,4,3,True,
SURV0002951,DUD100367,2022-04-05,1,1,1,2,1,1,1,1,1,False,
SURV0002952,DUD100367,2022-05-15,4,4,4,3,4,5,4,4,4,True,
SURV0002953,DUD100367,2022-06-04,4,4,4,3,4,4,5,3,3,True,
SURV0002954,DUD100367,2022-07-02,2,2,3,2,1,3,2,2,1,False,
SURV0002955,DUD100367,2022-08-18,4,5,3,4,3,5,4,4,3,True,
SURV0002956,DUD100367,2022-09-10,3,4,3,2,3,3,3,4,2,False,
SURV0002957,DUD100367,2022-10-17,4,4,3,5,3,3,4,4,4,True,
SURV0002958,DUD100367,2022-11-04,4,4,3,4,3,5,3,4,3,True,
SURV0002959,DUD100367,2022-12-19,4,4,5,3,4,4,4,3,4,True,
SURV0002960,DUD100367,2023-01-14,2,2,1,2,1,1,3,1,2,False,
SURV0002961,DUD100367,2023-02-23,5,5,5,5,5,5,4,5,5,True,
SURV0002962,DUD100368,2024-12-10,4,3,4,3,3,4,4,4,4,True,
SURV0002963,DUD100368,2025-01-05,1,2,1,2,1,1,1,2,1,False,
SURV0002964,DUD100368,2025-02-02,4,4,4,4,3,3,4,3,5,True,
SURV0002965,DUD100368,2025-03-16,5,5,5,5,5,4,5,5,4,True,
SURV0002966,DUD100369,2023-11-21,4,4,4,5,3,4,3,3,3,True,
SURV0002967,DUD100369,2023-12-10,3,3,3,3,4,3,3,3,2,False,
SURV0002968,DUD100369,2024-01-22,4,4,4,3,4,5,5,4,3,True,
SURV0002969,DUD100369,2024-02-11,4,4,3,5,4,4,4,5,4,True,
SURV0002970,DUD100369,2024-03-20,5,4,5,5,5,5,5,5,5,True,
SURV0002971,DUD100369,2024-04-06,4,4,5,5,3,4,4,3,4,True,
SURV0002972,DUD100369,2024-05-16,4,3,3,3,4,3,4,5,4,True,
SURV0002973,DUD100370,2024-10-15,2,2,2,1,2,2,2,2,3,False,
SURV0002974,DUD100370,2024-11-14,2,2,3,1,3,3,3,2,2,False,
SURV0002975,DUD100370,2024-12-25,4,5,4,5,4,4,4,5,4,True,
SURV0002976,DUD100370,2025-01-15,4,3,3,4,4,5,5,4,4,True,
SURV0002977,DUD100370,2025-02-08,4,5,4,4,4,3,5,3,5,True,
SURV0002978,DUD100370,2025-03-14,4,4,4,5,4,4,4,3,4,True,
SURV0002979,DUD100370,2025-04-07,3,3,4,3,3,3,2,4,2,False,
SURV0002980,DUD100370,2025-05-27,2,1,2,3,2,2,3,3,3,False,
SURV0002981,DUD100370,2025-06-09,3,4,4,3,4,2,4,4,3,False,
SURV0002982,DUD100370,2025-07-02,4,4,5,4,3,5,5,5,4,True,
SURV0002983,DUD100370,2025-08-22,4,4,3,3,5,5,3,4,4,True,
SURV0002984,DUD100371,2023-12-08,3,4,2,2,2,2,3,3,3,False,
SURV0002985,DUD100371,2024-01-06,1,1,1,1,1,1,2,1,2,False,
SURV0002986,DUD100371,2024-02-07,4,4,4,3,5,5,5,4,3,True,
SURV0002987,DUD100371,2024-03-28,3,2,3,4,2,2,4,3,3,False,
SURV0002988,DUD100371,2024-04-28,1,1,1,2,2,1,1,1,2,False,
SURV0002989,DUD100371,2024-05-18,4,4,5,4,4,4,5,4,4,True,
SURV0002990,DUD100371,2024-06-23,4,5,4,3,4,4,3,4,4,True,
SURV0002991,DUD100371,2024-07-05,5,5,5,5,5,5,5,5,5,True,
SURV0002992,DUD100371,2024-08-11,4,5,5,4,4,4,5,5,4,True,
SURV0002993,DUD100371,2024-09-11,4,4,5,3,3,4,4,3,5,True,
SURV0002994,DUD100372,2023-10-04,3,3,3,4,3,4,3,3,2,False,
SURV0002995,DUD100372,2023-11-08,4,5,5,5,3,3,3,4,5,True,
SURV0002996,DUD100372,2023-12-04,4,4,3,4,5,3,4,4,4,True,
SURV0002997,DUD100372,2024-01-25,2,2,2,2,2,2,1,2,3,False,
SURV0002998,DUD100372,2024-02-21,2,3,2,2,1,1,3,3,2,False,
SURV0002999,DUD100372,2024-03-17,2,3,3,3,2,3,3,2,3,False,
SURV0003000,DUD100372,2024-04-05,5,5,5,5,4,5,5,5,4,True,
SURV0003001,DUD100372,2024-05-26,4,4,5,3,4,4,4,4,5,True,
SURV0003002,DUD100372,2024-06-18,4,3,3,4,4,4,4,5,4,True,
SURV0003003,DUD100372,2024-07-22,2,2,2,1,2,3,3,2,1,False,
SURV0003004,DUD100372,2024-08-13,4,4,3,4,3,4,4,4,4,True,
SURV0003005,DUD100372,2024-09-24,2,2,1,2,2,3,1,2,3,False,
SURV0003006,DUD100373,2023-02-20,3,4,3,3,3,3,3,2,2,False,
SURV0003007,DUD100373,2023-03-22,4,3,5,4,5,4,3,3,5,True,
SURV0003008,DUD100373,2023-04-25,3,3,4,2,3,3,2,3,2,False,
SURV0003009,DUD100373,2023-05-13,4,4,4,4,5,4,4,4,4,True,
SURV0003010,DUD100374,2024-11-19,4,3,4,4,4,3,5,4,4,True,
SURV0003011,DUD100374,2024-12-23,3,3,4,3,2,3,3,3,2,False,
SURV0003012,DUD100374,2025-01-15,3,4,3,4,3,3,3,3,4,False,
SURV0003013,DUD100374,2025-02-17,4,4,4,3,3,5,4,4,5,True,
SURV0003014,DUD100374,2025-03-09,5,5,5,5,5,5,5,5,5,True,
SURV0003015,DUD100374,2025-04-25,4,4,4,4,5,3,4,5,5,True,
SURV0003016,DUD100374,2025-05-06,3,3,4,2,4,3,3,3,2,False,
SURV0003017,DUD100375,2021-06-14,3,3,3,2,3,3,4,3,3,False,
SURV0003018,DUD100375,2021-07-17,3,3,2,2,3,3,3,4,3,False,
SURV0003019,DUD100375,2021-08-19,4,3,5,4,3,5,4,4,4,True,
SURV0003020,DUD100375,2021-09-14,5,5,4,5,5,5,5,5,5,True,
SURV0003021,DUD100375,2021-10-05,2,3,3,2,2,2,1,2,3,False,
SURV0003022,DUD100376,2023-10-20,4,4,4,4,5,4,4,4,5,True,
SURV0003023,DUD100376,2023-11-12,3,4,3,3,4,2,3,4,3,False,
SURV0003024,DUD100376,2023-12-17,3,3,2,2,4,2,2,3,3,False,
SURV0003025,DUD100376,2024-01-15,4,4,5,5,4,5,3,5,4,True,
SURV0003026,DUD100376,2024-02-08,3,3,2,2,2,3,2,3,4,False,
SURV0003027,DUD100376,2024-03-05,4,4,4,4,3,3,4,4,4,True,
SURV0003028,DUD100376,2024-04-06,2,2,2,1,1,1,1,2,2,False,
SURV0003029,DUD100376,2024-05-15,5,5,4,4,5,5,4,5,4,True,
SURV0003030,DUD100377,2022-03-06,5,4,4,5,5,5,5,4,5,True,
SURV0003031,DUD100377,2022-04-25,5,5,5,5,5,5,5,5,5,True,
SURV0003032,DUD100377,2022-05-05,4,4,4,4,4,4,5,3,4,True,
SURV0003033,DUD100377,2022-06-09,2,2,1,2,2,2,2,3,3,False,
SURV0003034,DUD100377,2022-07-28,5,5,5,5,4,5,4,4,5,True,
SURV0003035,DUD100377,2022-08-04,4,4,4,4,5,3,5,3,3,True,
SURV0003036,DUD100377,2022-09-02,3,3,4,3,4,2,4,3,3,False,
SURV0003037,DUD100377,2022-10-17,5,5,5,4,5,5,5,5,5,True,
SURV0003038,DUD100378,2021-11-06,5,5,4,5,5,5,5,5,5,True,
SURV0003039,DUD100378,2021-12-08,3,2,3,2,3,3,4,2,3,False,
SURV0003040,DUD100378,2022-01-08,4,4,3,4,4,4,5,5,5,True,
SURV0003041,DUD100378,2022-02-12,1,2,1,1,1,1,2,1,2,False,
SURV0003042,DUD100378,2022-03-15,3,3,4,2,4,2,3,4,4,False,
SURV0003043,DUD100378,2022-04-24,2,2,1,2,2,3,1,2,2,False,
SURV0003044,DUD100378,2022-05-12,5,5,5,5,5,5,5,5,5,True,
SURV0003045,DUD100379,2024-12-21,4,4,4,3,3,3,5,3,4,True,
SURV0003046,DUD100379,2025-01-03,3,2,4,3,3,3,4,2,2,False,
SURV0003047,DUD100379,2025-02-06,4,4,3,5,4,5,3,4,4,True,
SURV0003048,DUD100379,2025-03-22,3,4,3,2,3,3,3,3,2,False,
SURV0003049,DUD100380,2023-05-13,4,4,3,3,5,3,4,4,4,True,
SURV0003050,DUD100380,2023-06-19,3,4,4,3,3,3,3,3,3,False,
SURV0003051,DUD100380,2023-07-25,4,3,4,4,4,4,4,3,4,True,
SURV0003052,DUD100380,2023-08-16,2,1,2,2,2,2,2,2,3,False,
SURV0003053,DUD100380,2023-09-11,4,3,3,5,5,4,5,4,5,True,
SURV0003054,DUD100380,2023-10-07,2,1,1,2,2,2,2,2,2,False,
SURV0003055,DUD100380,2023-11-25,4,4,5,4,4,5,4,4,5,True,
SURV0003056,DUD100381,2022-07-13,4,4,3,4,4,4,4,3,5,True,
SURV0003057,DUD100381,2022-08-14,4,5,4,5,4,4,5,5,5,True,
SURV0003058,DUD100381,2022-09-27,4,4,4,3,3,4,4,4,4,True,
SURV0003059,DUD100381,2022-10-09,2,2,3,2,1,3,2,1,1,False,
SURV0003060,DUD100382,2022-07-13,4,4,4,5,3,4,4,4,4,True,
SURV0003061,DUD100382,2022-08-24,4,4,3,4,5,4,4,4,3,True,
SURV0003062,DUD100382,2022-09-15,1,1,2,1,1,1,1,2,1,False,
SURV0003063,DUD100382,2022-10-20,5,4,5,5,5,5,5,4,5,True,
SURV0003064,DUD100382,2022-11-18,3,3,3,3,4,3,3,3,4,False,
SURV0003065,DUD100382,2022-12-05,3,4,3,3,3,4,2,3,2,False,
SURV0003066,DUD100382,2023-01-15,5,4,5,5,5,4,4,5,5,True,
SURV0003067,DUD100383,2021-08-17,4,4,4,3,4,4,4,3,4,True,
SURV0003068,DUD100383,2021-09-19,4,4,3,5,4,4,4,5,4,True,
SURV0003069,DUD100383,2021-10-13,4,4,4,3,4,5,4,4,4,True,
SURV0003070,DUD100383,2021-11-21,3,2,3,3,2,4,3,3,2,False,
SURV0003071,DUD100383,2021-12-07,4,4,4,3,5,4,3,4,3,True,
SURV0003072,DUD100383,2022-01-16,4,4,4,4,3,4,3,3,5,True,
SURV0003073,DUD100384,2021-09-11,3,3,3,4,3,2,3,2,3,False,
SURV0003074,DUD100384,2021-10-12,2,3,2,1,1,2,3,2,1,False,
SURV0003075,DUD100384,2021-11-07,3,3,4,2,3,3,3,3,4,False,
SURV0003076,DUD100384,2021-12-12,5,5,5,5,5,4,4,4,5,True,
SURV0003077,DUD100384,2022-01-26,4,3,4,3,4,5,5,4,5,True,
SURV0003078,DUD100384,2022-02-15,4,4,4,5,5,5,5,4,4,True,
SURV0003079,DUD100384,2022-03-06,5,5,4,4,5,5,5,5,5,True,
SURV0003080,DUD100384,2022-04-10,4,5,5,4,4,5,4,4,3,True,
SURV0003081,DUD100384,2022-05-26,4,4,3,5,4,4,4,4,3,True,
SURV0003082,DUD100384,2022-06-18,2,2,1,2,2,2,3,3,2,False,
SURV0003083,DUD100385,2022-07-20,4,5,4,4,4,5,3,4,3,True,
SURV0003084,DUD100385,2022-08-06,4,3,4,5,5,5,3,4,4,True,
SURV0003085,DUD100385,2022-09-11,3,3,3,4,4,3,2,3,2,False,
SURV0003086,DUD100385,2022-10-27,4,5,4,3,5,4,4,4,5,True,
SURV0003087,DUD100385,2022-11-23,5,5,5,4,5,5,5,5,5,True,
SURV0003088,DUD100385,2022-12-14,4,5,4,4,4,5,5,4,4,True,
SURV0003089,DUD100385,2023-01-15,3,2,2,3,3,4,4,3,4,False,
SURV0003090,DUD100385,2023-02-18,1,1,1,2,1,2,1,1,2,False,
SURV0003091,DUD100385,2023-03-04,5,5,5,5,5,5,5,5,5,True,
SURV0003092,DUD100386,2023-04-25,5,4,5,4,5,5,5,5,5,True,
SURV0003093,DUD100386,2023-05-16,4,4,4,3,5,3,3,4,5,True,
SURV0003094,DUD100386,2023-06-24,4,4,5,4,5,5,4,3,3,True,
SURV0003095,DUD100386,2023-07-08,4,5,5,5,4,4,3,4,4,True,
SURV0003096,DUD100386,2023-08-27,3,3,2,3,3,3,3,4,2,False,
SURV0003097,DUD100386,2023-09-11,4,5,3,4,3,4,3,5,4,True,
SURV0003098,DUD100386,2023-10-26,3,4,4,2,3,3,3,2,3,False,
SURV0003099,DUD100387,2023-09-08,4,3,5,4,3,3,4,4,4,True,
SURV0003100,DUD100387,2023-10-03,2,2,3,2,2,3,2,3,3,False,
SURV0003101,DUD100387,2023-11-16,4,4,4,4,3,4,5,4,4,True,
SURV0003102,DUD100387,2023-12-26,3,2,3,3,3,4,3,3,3,False,
SURV0003103,DUD100387,2024-01-05,4,4,5,3,3,4,5,3,4,True,
SURV0003104,DUD100387,2024-02-24,3,3,3,4,4,4,3,3,3,False,
SURV0003105,DUD100387,2024-03-01,3,2,3,3,3,2,3,4,3,False,
SURV0003106,DUD100387,2024-04-24,4,4,4,4,4,4,4,5,5,True,
SURV0003107,DUD100387,2024-05-17,3,3,3,3,2,3,3,3,4,False,
SURV0003108,DUD100387,2024-06-02,4,4,5,4,4,5,4,5,5,True,
SURV0003109,DUD100387,2024-07-19,5,4,5,4,4,5,5,5,5,True,
SURV0003110,DUD100387,2024-08-04,5,5,5,5,4,5,4,4,4,True,
SURV0003111,DUD100388,2022-11-06,4,4,4,3,4,5,4,3,4,True,
SURV0003112,DUD100388,2022-12-05,4,4,3,4,4,5,3,3,3,True,
SURV0003113,DUD100388,2023-01-11,1,1,1,1,1,1,1,2,2,False,
SURV0003114,DUD100388,2023-02-28,4,3,4,4,4,5,3,3,4,True,
SURV0003115,DUD100388,2023-03-12,3,3,3,2,3,3,4,3,2,False,
SURV0003116,DUD100388,2023-04-27,3,3,2,3,3,3,4,3,2,False,
SURV0003117,DUD100389,2024-10-08,3,4,3,2,3,3,4,3,2,False,
SURV0003118,DUD100389,2024-11-09,1,1,1,1,1,1,2,1,1,False,
SURV0003119,DUD100389,2024-12-28,2,1,1,2,2,2,2,1,2,False,
SURV0003120,DUD100389,2025-01-19,4,4,5,5,3,3,4,5,5,True,
SURV0003121,DUD100389,2025-02-28,3,3,4,2,4,3,2,3,3,False,
SURV0003122,DUD100390,2023-05-07,5,5,5,5,5,5,4,5,5,True,
SURV0003123,DUD100390,2023-06-19,2,1,3,2,2,2,2,2,2,False,
SURV0003124,DUD100390,2023-07-19,4,4,3,3,4,4,3,4,4,True,
SURV0003125,DUD100390,2023-08-26,4,5,4,3,5,4,5,4,4,True,
SURV0003126,DUD100390,2023-09-27,2,3,2,2,2,1,3,2,2,False,
SURV0003127,DUD100391,2023-06-22,5,5,5,5,5,5,4,5,4,True,
SURV0003128,DUD100391,2023-07-27,4,3,3,4,3,5,4,4,4,True,
SURV0003129,DUD100391,2023-08-25,1,1,1,1,1,1,1,1,1,False,
SURV0003130,DUD100391,2023-09-20,3,3,3,2,3,3,2,2,4,False,
SURV0003131,DUD100391,2023-10-13,4,3,5,4,4,3,3,4,4,True,
SURV0003132,DUD100391,2023-11-02,4,3,5,4,3,4,4,4,5,True,
SURV0003133,DUD100392,2023-06-04,4,5,4,5,3,5,4,4,4,True,
SURV0003134,DUD100392,2023-07-13,4,5,5,4,4,4,4,4,3,True,
SURV0003135,DUD100392,2023-08-16,4,4,4,4,4,4,4,4,4,True,
SURV0003136,DUD100392,2023-09-07,5,5,4,4,5,5,5,5,4,True,
SURV0003137,DUD100392,2023-10-20,5,5,5,5,5,5,5,5,4,True,
SURV0003138,DUD100392,2023-11-03,5,5,5,4,5,5,5,4,5,True,
SURV0003139,DUD100392,2023-12-28,4,5,5,4,4,4,5,4,3,True,
SURV0003140,DUD100392,2024-01-20,5,5,5,5,4,5,5,4,4,True,
SURV0003141,DUD100393,2023-06-16,3,3,3,4,3,3,3,3,4,False,
SURV0003142,DUD100393,2023-07-26,4,5,4,3,3,4,5,3,3,True,
SURV0003143,DUD100393,2023-08-21,5,4,5,5,4,4,4,4,5,True,
SURV0003144,DUD100393,2023-09-16,3,3,4,4,4,4,2,3,3,False,
SURV0003145,DUD100393,2023-10-11,4,4,5,4,3,5,4,4,3,True,
SURV0003146,DUD100393,2023-11-22,4,4,5,3,4,4,5,3,4,True,
SURV0003147,DUD100393,2023-12-05,3,2,3,2,3,3,2,3,3,False,
SURV0003148,DUD100393,2024-01-03,1,2,1,1,1,2,2,1,2,False,
SURV0003149,DUD100394,2022-08-13,3,3,4,3,3,3,4,3,3,False,
SURV0003150,DUD100394,2022-09-14,5,4,4,5,5,5,5,5,5,True,
SURV0003151,DUD100394,2022-10-02,2,2,2,3,2,2,1,2,1,False,
SURV0003152,DUD100394,2022-11-20,4,4,4,5,4,4,4,3,4,True,
SURV0003153,DUD100394,2022-12-21,5,5,4,5,4,4,5,4,5,True,
SURV0003154,DUD100394,2023-01-08,4,4,3,4,3,4,5,4,4,True,
SURV0003155,DUD100394,2023-02-24,4,4,4,4,4,4,4,4,4,True,
SURV0003156,DUD100394,2023-03-18,5,5,5,5,5,4,5,5,4,True,
SURV0003157,DUD100395,2021-12-19,3,3,3,2,4,2,4,3,4,False,
SURV0003158,DUD100395,2022-01-08,5,5,4,5,5,5,4,4,5,True,
SURV0003159,DUD100395,2022-02-07,5,5,4,5,5,5,5,4,5,True,
SURV0003160,DUD100395,2022-03-27,4,5,3,5,4,4,5,3,3,True,
SURV0003161,DUD100396,2022-06-08,3,2,4,2,4,3,2,2,4,False,
SURV0003162,DUD100396,2022-07-24,3,3,3,4,3,3,3,3,3,False,
SURV0003163,DUD100396,2022-08-16,2,3,2,1,3,3,2,3,2,False,
SURV0003164,DUD100396,2022-09-20,5,5,5,5,5,5,5,4,5,True,
SURV0003165,DUD100396,2022-10-25,5,5,4,4,5,5,5,5,4,True,
SURV0003166,DUD100396,2022-11-04,4,3,3,5,4,3,5,5,5,True,
SURV0003167,DUD100396,2022-12-15,2,1,3,2,2,2,3,2,1,False,
SURV0003168,DUD100396,2023-01-25,4,3,4,4,4,4,3,3,4,True,
SURV0003169,DUD100397,2023-12-14,4,4,3,4,4,4,5,4,3,True,
SURV0003170,DUD100397,2024-01-21,3,3,3,3,4,2,3,2,2,False,
SURV0003171,DUD100397,2024-02-26,2,3,1,1,1,2,3,3,2,False,
SURV0003172,DUD100397,2024-03-11,2,2,2,2,2,3,2,1,1,False,
SURV0003173,DUD100397,2024-04-15,3,4,3,3,4,3,3,4,3,False,
SURV0003174,DUD100397,2024-05-20,4,3,4,5,3,3,4,4,3,True,
SURV0003175,DUD100397,2024-06-07,3,3,3,3,4,3,4,3,4,False,
SURV0003176,DUD100397,2024-07-12,4,3,3,4,5,3,4,3,3,True,
SURV0003177,DUD100398,2024-02-09,4,4,3,3,5,4,3,3,5,True,
SURV0003178,DUD100398,2024-03-17,4,4,5,4,4,5,3,5,5,True,
SURV0003179,DUD100398,2024-04-05,4,4,3,5,3,3,4,4,3,True,
SURV0003180,DUD100398,2024-05-25,4,4,4,5,5,5,3,4,4,True,
SURV0003181,DUD100398,2024-06-01,3,2,3,4,4,4,3,3,3,False,
SURV0003182,DUD100398,2024-07-12,4,4,5,5,3,4,4,5,3,True,
SURV0003183,DUD100398,2024-08-28,4,4,4,5,5,5,4,4,4,True,
SURV0003184,DUD100398,2024-09-18,5,5,5,5,4,5,5,5,5,True,
SURV0003185,DUD100398,2024-10-27,4,4,4,4,5,5,4,4,4,True,
SURV0003186,DUD100399,2024-03-28,4,4,3,3,3,4,4,4,5,True,
SURV0003187,DUD100399,2024-04-09,3,2,3,3,3,3,2,3,3,False,
SURV0003188,DUD100399,2024-05-24,4,5,4,4,4,5,3,5,4,True,
SURV0003189,DUD100399,2024-06-22,4,3,5,3,3,4,4,5,5,True,
SURV0003190,DUD100399,2024-07-04,5,5,4,4,5,5,5,5,5,True,
SURV0003191,DUD100399,2024-08-05,4,4,3,5,5,5,5,4,3,True,
SURV0003192,DUD100399,2024-09-03,1,1,1,2,1,1,1,2,1,False,
SURV0003193,DUD100400,2024-03-04,4,5,4,5,4,5,4,4,3,True,
SURV0003194,DUD100400,2024-04-06,4,5,3,3,4,4,3,3,4,True,
SURV0003195,DUD100400,2024-05-09,1,1,1,1,1,1,1,1,2,False,
SURV0003196,DUD100400,2024-06-13,4,5,5,4,3,4,5,3,3,True,
SURV0003197,DUD100400,2024-07-24,2,2,2,1,2,2,3,1,3,False,
SURV0003198,DUD100400,2024-08-04,2,1,2,3,2,1,2,2,2,False,
SURV0003199,DUD100400,2024-09-18,5,5,5,5,5,5,5,5,5,True,
SURV0003200,DUD100400,2024-10-04,3,3,2,4,4,2,3,3,3,False,
SURV0003201,DUD100400,2024-11-10,4,5,4,4,4,5,4,4,5,True,
SURV0003202,DUD100400,2024-12-05,4,3,5,4,5,5,5,5,5,True,
SURV0003203,DUD100400,2025-01-26,3,3,4,3,3,4,2,3,3,False,
SURV0003204,DUD100400,2025-02-19,3,3,4,3,2,4,3,3,2,False,
SURV0003205,DUD100401,2023-04-25,2,2,2,2,2,2,3,2,3,False,
SURV0003206,DUD100401,2023-05-06,5,5,4,4,5,5,5,5,5,True,
SURV0003207,DUD100401,2023-06-24,4,3,4,4,5,4,5,3,5,True,
SURV0003208,DUD100401,2023-07-10,4,4,3,3,3,4,5,4,4,True,
SURV0003209,DUD100402,2023-08-27,3,3,3,2,3,4,2,3,3,False,
SURV0003210,DUD100402,2023-09-28,4,4,4,4,3,5,4,4,4,True,
SURV0003211,DUD100402,2023-10-15,4,5,3,5,3,4,4,3,4,True,
SURV0003212,DUD100402,2023-11-21,4,4,4,3,3,5,4,4,4,True,
SURV0003213,DUD100402,2023-12-10,3,3,2,3,3,4,4,3,4,False,
SURV0003214,DUD100403,2021-09-21,3,3,3,2,3,4,4,3,3,False,
SURV0003215,DUD100403,2021-10-01,2,2,3,2,2,2,2,3,2,False,
SURV0003216,DUD100403,2021-11-27,4,3,4,3,4,4,4,4,4,True,
SURV0003217,DUD100403,2021-12-12,4,5,3,4,4,3,5,3,5,True,
SURV0003218,DUD100403,2022-01-25,3,4,3,4,2,3,3,4,3,False,
SURV0003219,DUD100403,2022-02-04,4,4,3,4,4,4,5,3,4,True,
SURV0003220,DUD100403,2022-03-13,4,4,5,4,3,4,4,4,3,True,
SURV0003221,DUD100403,2022-04-26,4,4,5,4,4,4,4,4,5,True,
SURV0003222,DUD100403,2022-05-02,5,5,5,5,4,5,5,5,5,True,
SURV0003223,DUD100403,2022-06-02,4,3,5,4,3,4,5,4,5,True,
SURV0003224,DUD100404,2021-10-07,2,2,1,2,3,3,1,3,2,False,
SURV0003225,DUD100404,2021-11-06,5,5,5,5,5,5,5,5,4,True,
SURV0003226,DUD100404,2021-12-16,4,4,3,4,4,4,4,4,5,True,
SURV0003227,DUD100404,2022-01-02,4,4,4,4,4,4,4,5,4,True,
SURV0003228,DUD100404,2022-02-04,1,1,1,1,1,1,1,1,1,False,
SURV0003229,DUD100404,2022-03-11,5,5,5,5,5,4,5,4,4,True,
SURV0003230,DUD100404,2022-04-14,4,3,3,5,3,3,4,4,3,True,
SURV0003231,DUD100405,2024-09-17,3,3,3,3,4,3,3,4,3,False,
SURV0003232,DUD100405,2024-10-11,5,4,5,5,5,5,5,4,5,True,
SURV0003233,DUD100405,2024-11-13,5,5,5,4,5,5,5,4,5,True,
SURV0003234,DUD100405,2024-12-18,3,4,3,4,2,2,3,3,2,False,
SURV0003235,DUD100405,2025-01-14,4,4,4,4,4,5,4,4,3,True,
SURV0003236,DUD100405,2025-02-08,5,5,4,5,5,5,5,5,4,True,
SURV0003237,DUD100405,2025-03-13,4,4,4,5,5,4,4,4,5,True,
SURV0003238,DUD100405,2025-04-04,3,4,2,3,2,4,3,3,3,False,
SURV0003239,DUD100405,2025-05-03,4,3,5,5,4,3,4,4,4,True,
SURV0003240,DUD100406,2021-02-15,5,5,5,5,4,5,5,5,5,True,
SURV0003241,DUD100406,2021-03-20,5,5,5,4,4,4,5,5,5,True,
SURV0003242,DUD100406,2021-04-12,3,4,3,4,2,4,3,3,3,False,
SURV0003243,DUD100406,2021-05-21,4,4,4,5,5,4,3,3,5,True,
SURV0003244,DUD100407,2023-01-08,3,3,2,3,3,3,3,4,3,False,
SURV0003245,DUD100407,2023-02-25,4,5,3,4,3,5,3,5,4,True,
SURV0003246,DUD100407,2023-03-21,3,2,3,3,4,2,3,3,3,False,
SURV0003247,DUD100407,2023-04-24,4,3,3,3,4,4,5,5,3,True,
SURV0003248,DUD100407,2023-05-04,4,4,3,4,5,5,4,4,4,True,
SURV0003249,DUD100407,2023-06-08,4,4,4,4,5,4,5,3,4,True,
SURV0003250,DUD100407,2023-07-04,3,2,2,4,2,3,2,3,4,False,
SURV0003251,DUD100407,2023-08-11,4,4,5,4,4,5,5,4,4,True,
SURV0003252,DUD100407,2023-09-22,4,5,5,4,5,3,4,4,5,True,
SURV0003253,DUD100408,2022-01-25,4,5,4,4,3,4,4,4,4,True,
SURV0003254,DUD100408,2022-02-26,5,5,5,5,5,5,5,4,5,True,
SURV0003255,DUD100408,2022-03-03,2,3,2,1,2,3,1,2,1,False,
SURV0003256,DUD100408,2022-04-17,4,4,3,3,3,3,3,5,4,True,
SURV0003257,DUD100408,2022-05-04,3,2,3,3,4,3,2,2,3,False,
SURV0003258,DUD100408,2022-06-08,2,2,1,3,3,2,3,3,2,False,
SURV0003259,DUD100408,2022-07-09,4,5,4,5,3,4,4,4,4,True,
SURV0003260,DUD100408,2022-08-09,4,4,4,3,4,4,5,3,3,True,
SURV0003261,DUD100408,2022-09-07,5,5,5,5,5,4,5,5,5,True,
SURV0003262,DUD100408,2022-10-07,3,4,3,4,3,4,3,4,2,False,
SURV0003263,DUD100408,2022-11-15,5,5,5,5,5,4,4,5,5,True,
SURV0003264,DUD100409,2021-09-26,3,3,3,2,3,4,3,2,3,False,
SURV0003265,DUD100409,2021-10-20,3,3,3,2,2,3,3,2,4,False,
SURV0003266,DUD100409,2021-11-12,4,3,4,5,4,4,5,3,4,True,
SURV0003267,DUD100409,2021-12-10,4,5,4,3,5,5,3,4,3,True,
SURV0003268,DUD100409,2022-01-24,3,2,2,4,3,3,4,3,3,False,
SURV0003269,DUD100409,2022-02-03,3,3,2,2,3,4,2,2,2,False,
SURV0003270,DUD100409,2022-03-25,4,3,4,3,4,3,4,4,3,True,
SURV0003271,DUD100409,2022-04-22,2,2,1,3,2,1,2,3,3,False,
SURV0003272,DUD100409,2022-05-24,4,5,5,4,4,3,4,3,5,True,
SURV0003273,DUD100409,2022-06-25,3,3,3,3,2,3,3,3,4,False,
SURV0003274,DUD100410,2021-09-03,3,3,3,3,2,3,3,3,3,False,
SURV0003275,DUD100410,2021-10-03,2,1,2,2,3,1,2,3,2,False,
SURV0003276,DUD100410,2021-11-23,4,5,5,4,4,3,4,4,4,True,
SURV0003277,DUD100410,2021-12-09,2,2,2,3,2,3,3,3,2,False,
SURV0003278,DUD100410,2022-01-14,4,4,5,5,4,5,4,5,5,True,
SURV0003279,DUD100410,2022-02-24,4,3,5,5,4,5,3,3,5,True,
SURV0003280,DUD100410,2022-03-01,4,3,3,5,3,3,4,4,5,True,
SURV0003281,DUD100410,2022-04-20,4,5,5,4,4,4,3,4,5,True,
SURV0003282,DUD100411,2022-12-16,2,3,3,2,1,1,1,2,2,False,
SURV0003283,DUD100411,2023-01-02,5,5,4,5,5,5,5,5,5,True,
SURV0003284,DUD100411,2023-02-11,5,5,5,5,4,5,5,5,4,True,
SURV0003285,DUD100411,2023-03-13,5,5,4,4,5,5,5,5,5,True,
SURV0003286,DUD100411,2023-04-04,4,4,4,4,4,4,5,4,5,True,
SURV0003287,DUD100411,2023-05-09,5,5,5,4,5,4,5,4,5,True,
SURV0003288,DUD100411,2023-06-14,5,5,5,4,4,5,5,4,4,True,
SURV0003289,DUD100411,2023-07-15,3,3,2,2,3,2,3,3,3,False,
SURV0003290,DUD100411,2023-08-12,2,2,2,2,2,3,2,3,1,False,
SURV0003291,DUD100411,2023-09-03,4,4,4,3,4,3,4,4,5,True,
SURV0003292,DUD100411,2023-10-14,3,3,2,4,2,3,2,3,3,False,
SURV0003293,DUD100411,2023-11-20,3,3,2,3,3,2,3,3,3,False,
SURV0003294,DUD100412,2021-12-13,3,3,2,2,3,4,4,3,3,False,
SURV0003295,DUD100412,2022-01-05,4,4,5,3,4,5,5,4,4,True,
SURV0003296,DUD100412,2022-02-13,3,3,2,3,3,4,2,2,4,False,
SURV0003297,DUD100412,2022-03-11,2,3,2,2,2,3,1,2,2,False,
SURV0003298,DUD100412,2022-04-05,4,3,3,5,4,5,4,5,3,True,
SURV0003299,DUD100412,2022-05-10,1,2,2,1,1,1,1,1,1,False,
SURV0003300,DUD100412,2022-06-12,5,5,5,5,5,5,4,4,4,True,
SURV0003301,DUD100412,2022-07-15,5,5,5,5,5,5,5,4,4,True,
SURV0003302,DUD100412,2022-08-17,3,3,3,2,2,3,3,3,2,False,
SURV0003303,DUD100412,2022-09-24,4,5,5,4,5,4,4,4,5,True,
SURV0003304,DUD100412,2022-10-18,3,3,3,2,4,4,4,4,2,False,
SURV0003305,DUD100412,2022-11-18,4,3,5,3,3,5,4,4,4,True,
SURV0003306,DUD100413,2023-08-10,1,1,1,1,1,1,1,1,1,False,
SURV0003307,DUD100413,2023-09-26,3,3,4,3,4,2,2,2,3,False,
SURV0003308,DUD100413,2023-10-11,3,3,3,3,2,2,2,3,3,False,
SURV0003309,DUD100413,2023-11-12,3,3,3,3,3,3,3,3,2,False,
SURV0003310,DUD100413,2023-12-27,3,3,3,4,2,3,3,2,2,False,
SURV0003311,DUD100414,2021-11-16,4,5,4,3,4,4,4,4,3,True,
SURV0003312,DUD100414,2021-12-20,4,4,3,4,4,5,4,4,4,True,
SURV0003313,DUD100414,2022-01-01,4,4,4,5,3,4,4,4,4,True,
SURV0003314,DUD100414,2022-02-13,3,2,3,3,4,4,2,3,4,False,
SURV0003315,DUD100414,2022-03-22,3,3,3,4,3,4,4,2,4,False,
SURV0003316,DUD100414,2022-04-15,3,4,2,4,4,2,2,4,4,False,
SURV0003317,DUD100414,2022-05-23,4,5,3,4,4,3,3,5,3,True,
SURV0003318,DUD100414,2022-06-28,3,4,2,3,2,2,3,4,4,False,
SURV0003319,DUD100414,2022-07-25,5,5,5,4,5,5,5,5,5,True,
SURV0003320,DUD100414,2022-08-08,4,4,5,3,4,3,4,3,3,True,
SURV0003321,DUD100415,2024-11-17,2,1,2,1,1,3,3,1,3,False,
SURV0003322,DUD100415,2024-12-18,4,4,4,4,4,3,4,4,3,True,
SURV0003323,DUD100415,2025-01-03,5,5,5,5,5,5,5,5,5,True,
SURV0003324,DUD100415,2025-02-11,4,3,4,4,5,4,4,4,5,True,
SURV0003325,DUD100415,2025-03-24,2,2,1,2,2,2,3,3,2,False,
SURV0003326,DUD100415,2025-04-09,4,4,5,4,4,3,3,4,3,True,
SURV0003327,DUD100416,2022-09-01,4,3,5,3,3,4,4,5,4,True,
SURV0003328,DUD100416,2022-10-05,5,5,5,5,4,5,4,5,5,True,
SURV0003329,DUD100416,2022-11-26,5,4,5,4,5,5,4,5,4,True,
SURV0003330,DUD100416,2022-12-27,3,2,2,2,4,3,4,2,3,False,
SURV0003331,DUD100416,2023-01-06,4,4,5,5,5,4,3,3,5,True,
SURV0003332,DUD100416,2023-02-03,5,4,5,5,5,5,5,5,4,True,
SURV0003333,DUD100416,2023-03-07,4,5,5,5,4,3,4,3,5,True,
SURV0003334,DUD100416,2023-04-14,4,5,5,4,3,4,4,4,3,True,
SURV0003335,DUD100416,2023-05-16,5,5,5,5,5,4,5,5,5,True,
SURV0003336,DUD100416,2023-06-10,5,5,5,5,5,4,4,5,5,True,
SURV0003337,DUD100416,2023-07-13,4,5,3,5,5,5,5,4,4,True,
SURV0003338,DUD100417,2024-08-28,5,5,5,5,5,5,5,5,5,True,
SURV0003339,DUD100417,2024-09-12,3,3,4,3,3,3,3,2,4,False,
SURV0003340,DUD100417,2024-10-01,3,3,3,3,3,2,3,3,3,False,
SURV0003341,DUD100417,2024-11-24,4,3,4,3,4,5,3,5,3,True,
SURV0003342,DUD100417,2024-12-09,3,2,3,3,3,4,2,3,2,False,
SURV0003343,DUD100417,2025-01-20,3,2,3,3,3,3,2,2,3,False,
SURV0003344,DUD100417,2025-02-11,5,5,5,4,5,5,5,5,5,True,
SURV0003345,DUD100418,2024-12-17,4,4,4,4,4,3,4,3,3,True,
SURV0003346,DUD100418,2025-01-27,3,2,3,4,2,2,3,4,3,False,
SURV0003347,DUD100418,2025-02-12,4,4,3,4,4,5,5,5,5,True,
SURV0003348,DUD100418,2025-03-19,3,3,3,3,4,3,4,4,3,False,
SURV0003349,DUD100418,2025-04-23,5,5,4,5,5,5,4,5,4,True,
SURV0003350,DUD100418,2025-05-05,4,4,4,4,5,4,4,3,5,True,
SURV0003351,DUD100418,2025-06-07,4,5,4,4,5,3,4,5,4,True,
SURV0003352,DUD100418,2025-07-27,3,4,2,2,2,2,3,3,4,False,
SURV0003353,DUD100418,2025-08-02,4,4,3,5,5,3,4,3,4,True,
SURV0003354,DUD100418,2025-09-03,5,5,5,4,5,5,5,4,4,True,
SURV0003355,DUD100418,2025-10-19,4,4,4,3,5,4,3,4,4,True,
SURV0003356,DUD100418,2025-11-04,4,3,5,4,4,3,5,3,3,True,
SURV0003357,DUD100419,2022-06-27,3,3,4,4,3,3,3,4,3,False,
SURV0003358,DUD100419,2022-07-13,3,4,3,4,2,3,2,3,3,False,
SURV0003359,DUD100419,2022-08-18,3,3,3,3,3,3,3,3,4,False,
SURV0003360,DUD100419,2022-09-07,5,5,5,5,5,5,5,5,5,True,
SURV0003361,DUD100419,2022-10-26,5,5,5,5,5,4,5,5,5,True,
SURV0003362,DUD100419,2022-11-03,4,3,3,4,3,3,4,4,5,True,
SURV0003363,DUD100419,2022-12-01,4,3,5,3,5,3,5,5,4,True,
SURV0003364,DUD100419,2023-01-22,4,5,4,5,4,3,5,5,3,True,
SURV0003365,DUD100419,2023-02-09,2,1,3,2,2,1,2,1,2,False,
SURV0003366,DUD100419,2023-03-01,1,1,1,2,1,1,1,1,1,False,
SURV0003367,DUD100419,2023-04-18,4,4,4,3,3,4,4,4,4,True,
SURV0003368,DUD100419,2023-05-05,4,4,5,5,3,4,3,3,4,True,
SURV0003369,DUD100420,2021-08-08,4,4,5,5,5,3,5,3,5,True,
SURV0003370,DUD100420,2021-09-18,4,3,4,3,4,4,4,4,5,True,
SURV0003371,DUD100420,2021-10-02,2,3,2,2,3,3,2,1,3,False,
SURV0003372,DUD100420,2021-11-25,3,3,4,4,3,3,4,3,3,False,
SURV0003373,DUD100420,2021-12-26,4,4,4,5,5,4,3,5,4,True,
SURV0003374,DUD100420,2022-01-01,4,4,4,3,4,3,4,3,4,True,
SURV0003375,DUD100420,2022-02-04,5,5,5,5,5,5,5,4,4,True,
SURV0003376,DUD100420,2022-03-03,4,3,5,4,4,5,4,4,4,True,
SURV0003377,DUD100420,2022-04-17,5,5,4,5,4,4,5,4,4,True,
SURV0003378,DUD100420,2022-05-06,2,2,3,2,2,2,2,2,2,False,
SURV0003379,DUD100420,2022-06-02,2,1,2,2,1,2,2,1,3,False,
SURV0003380,DUD100420,2022-07-11,2,3,3,2,2,1,2,2,1,False,
SURV0003381,DUD100421,2021-07-23,5,5,5,4,5,4,5,4,5,True,
SURV0003382,DUD100421,2021-08-05,4,4,4,4,3,4,4,4,4,True,
SURV0003383,DUD100421,2021-09-21,5,5,5,5,5,5,5,4,4,True,
SURV0003384,DUD100421,2021-10-28,4,4,3,4,4,4,3,4,4,True,
SURV0003385,DUD100421,2021-11-01,2,3,3,3,2,2,2,2,1,False,
SURV0003386,DUD100421,2021-12-23,4,4,4,4,4,4,4,5,4,True,
SURV0003387,DUD100421,2022-01-03,4,4,5,4,3,4,5,3,4,True,
SURV0003388,DUD100421,2022-02-21,4,4,3,5,5,4,4,4,3,True,
SURV0003389,DUD100421,2022-03-03,5,5,5,5,5,5,5,5,5,True,
SURV0003390,DUD100421,2022-04-05,2,1,3,3,2,2,1,3,1,False,
SURV0003391,DUD100421,2022-05-20,3,2,3,3,4,3,4,4,4,False,
SURV0003392,DUD100422,2021-09-07,5,5,5,5,5,4,5,4,4,True,
SURV0003393,DUD100422,2021-10-21,5,4,5,4,5,5,5,5,5,True,
SURV0003394,DUD100422,2021-11-24,4,4,4,5,3,3,3,4,5,True,
SURV0003395,DUD100422,2021-12-26,4,4,4,5,5,4,4,4,5,True,
SURV0003396,DUD100422,2022-01-27,2,1,2,2,3,2,1,2,1,False,
SURV0003397,DUD100423,2024-08-13,3,3,3,2,4,3,2,4,4,False,
SURV0003398,DUD100423,2024-09-24,4,5,5,5,4,5,5,3,4,True,
SURV0003399,DUD100423,2024-10-11,4,4,4,5,4,5,4,4,5,True,
SURV0003400,DUD100423,2024-11-20,4,4,3,3,5,5,4,3,4,True,
SURV0003401,DUD100423,2024-12-23,3,3,3,3,3,3,3,4,3,False,
SURV0003402,DUD100423,2025-01-17,3,3,2,4,4,2,3,3,2,False,
SURV0003403,DUD100424,2023-07-21,5,5,5,4,5,5,5,5,5,True,
SURV0003404,DUD100424,2023-08-12,3,2,4,3,2,3,4,3,3,False,
SURV0003405,DUD100424,2023-09-06,4,5,5,3,3,4,5,4,3,True,
SURV0003406,DUD100424,2023-10-27,5,5,5,4,5,5,5,5,5,True,
SURV0003407,DUD100424,2023-11-19,5,5,5,5,5,5,5,5,4,True,
SURV0003408,DUD100425,2024-11-14,5,5,5,5,4,5,5,5,5,True,
SURV0003409,DUD100425,2024-12-17,4,4,4,4,4,4,4,4,4,True,
SURV0003410,DUD100425,2025-01-18,5,5,5,5,4,5,5,5,5,True,
SURV0003411,DUD100425,2025-02-21,4,3,5,5,3,3,4,4,3,True,
SURV0003412,DUD100425,2025-03-18,1,1,1,1,2,2,2,2,1,False,
SURV0003413,DUD100425,2025-04-05,4,3,5,4,4,4,3,3,4,True,
SURV0003414,DUD100425,2025-05-13,3,4,3,4,3,2,3,3,3,False,
SURV0003415,DUD100426,2024-02-17,4,3,4,3,3,5,4,4,4,True,
SURV0003416,DUD100426,2024-03-20,4,4,5,3,4,5,4,4,3,True,
SURV0003417,DUD100426,2024-04-06,2,2,2,2,2,1,3,1,2,False,
SURV0003418,DUD100426,2024-05-14,3,4,3,3,4,3,4,2,3,False,
SURV0003419,DUD100426,2024-06-19,4,4,4,4,4,4,4,5,4,True,
SURV0003420,DUD100427,2021-09-27,5,4,4,5,5,5,4,5,5,True,
SURV0003421,DUD100427,2021-10-20,4,5,4,5,4,4,5,5,4,True,
SURV0003422,DUD100427,2021-11-16,1,1,1,1,1,2,1,1,1,False,
SURV0003423,DUD100427,2021-12-20,4,4,4,4,5,3,4,5,4,True,
SURV0003424,DUD100427,2022-01-04,4,3,5,5,4,5,4,4,4,True,
SURV0003425,DUD100427,2022-02-18,4,3,3,3,5,4,3,4,4,True,
SURV0003426,DUD100427,2022-03-06,5,4,4,4,5,5,5,5,5,True,
SURV0003427,DUD100428,2022-11-17,3,3,4,2,2,2,2,3,3,False,
SURV0003428,DUD100428,2022-12-02,3,3,3,4,2,4,3,3,3,False,
SURV0003429,DUD100428,2023-01-25,5,5,5,5,5,5,4,5,5,True,
SURV0003430,DUD100428,2023-02-02,4,4,4,4,4,5,4,5,4,True,
SURV0003431,DUD100428,2023-03-24,4,4,3,4,3,3,4,3,4,True,
SURV0003432,DUD100428,2023-04-10,4,4,3,3,3,5,5,3,4,True,
SURV0003433,DUD100428,2023-05-11,5,5,4,5,5,5,5,5,5,True,
SURV0003434,DUD100428,2023-06-21,4,4,5,5,4,4,4,4,3,True,
SURV0003435,DUD100428,2023-07-05,3,2,2,4,3,4,3,3,2,False,
SURV0003436,DUD100428,2023-08-06,3,3,3,3,3,4,2,4,4,False,
SURV0003437,DUD100428,2023-09-13,3,4,2,2,3,4,4,3,3,False,
SURV0003438,DUD100428,2023-10-27,5,5,5,4,5,5,5,5,5,True,
SURV0003439,DUD100429,2023-12-05,4,5,4,3,4,5,4,4,3,True,
SURV0003440,DUD100429,2024-01-12,2,3,1,3,2,1,1,1,3,False,
SURV0003441,DUD100429,2024-02-07,3,4,2,3,2,4,3,3,3,False,
SURV0003442,DUD100429,2024-03-24,4,4,5,4,4,3,5,4,5,True,
SURV0003443,DUD100429,2024-04-04,4,5,5,3,4,3,4,5,3,True,
SURV0003444,DUD100429,2024-05-13,5,5,5,5,5,5,5,4,5,True,
SURV0003445,DUD100429,2024-06-03,4,4,4,5,4,3,5,5,4,True,
SURV0003446,DUD100429,2024-07-25,3,3,3,3,3,3,3,2,3,False,
SURV0003447,DUD100430,2024-01-21,5,4,5,5,4,5,5,5,4,True,
SURV0003448,DUD100430,2024-02-12,4,4,4,5,3,4,4,3,4,True,
SURV0003449,DUD100430,2024-03-10,4,4,5,3,3,4,5,3,5,True,
SURV0003450,DUD100430,2024-04-20,4,4,3,4,4,4,5,5,5,True,
SURV0003451,DUD100430,2024-05-12,3,2,2,4,2,3,3,4,4,False,
SURV0003452,DUD100431,2022-02-18,4,4,4,4,4,5,3,5,4,True,
SURV0003453,DUD100431,2022-03-24,4,5,4,5,4,4,3,3,3,True,
SURV0003454,DUD100431,2022-04-21,2,2,3,1,2,2,3,1,2,False,
SURV0003455,DUD100431,2022-05-10,5,4,5,4,5,5,4,5,4,True,
SURV0003456,DUD100431,2022-06-16,3,2,3,4,2,3,3,3,2,False,
SURV0003457,DUD100431,2022-07-13,4,4,4,4,5,3,4,4,4,True,
SURV0003458,DUD100431,2022-08-14,2,2,2,3,1,2,2,2,1,False,
SURV0003459,DUD100431,2022-09-21,1,1,1,1,1,2,2,1,1,False,
SURV0003460,DUD100431,2022-10-09,4,4,4,4,3,3,3,5,4,True,
SURV0003461,DUD100431,2022-11-19,5,5,4,4,5,5,4,5,5,True,
SURV0003462,DUD100432,2023-12-11,3,3,4,4,3,4,3,4,3,False,
SURV0003463,DUD100432,2024-01-21,4,3,4,4,3,5,5,3,5,True,
SURV0003464,DUD100432,2024-02-03,4,5,4,3,4,4,5,4,4,True,
SURV0003465,DUD100432,2024-03-25,3,2,4,3,3,3,3,3,4,False,
SURV0003466,DUD100432,2024-04-17,4,4,5,3,4,4,4,4,5,True,
SURV0003467,DUD100432,2024-05-23,3,3,4,2,4,2,3,3,3,False,
SURV0003468,DUD100432,2024-06-23,4,4,5,4,4,4,3,3,5,True,
SURV0003469,DUD100432,2024-07-25,4,4,4,4,4,4,4,4,3,True,
SURV0003470,DUD100432,2024-08-07,3,3,2,2,4,4,3,3,4,False,
SURV0003471,DUD100433,2024-08-09,3,3,2,4,2,2,3,3,4,False,
SURV0003472,DUD100433,2024-09-16,4,3,4,5,3,5,3,4,5,True,
SURV0003473,DUD100433,2024-10-01,1,1,1,1,1,2,2,1,1,False,
SURV0003474,DUD100433,2024-11-11,3,3,2,3,3,3,4,3,3,False,
SURV0003475,DUD100433,2024-12-15,4,4,5,5,3,3,5,4,4,True,
SURV0003476,DUD100434,2021-12-16,4,3,5,3,3,4,4,4,4,True,
SURV0003477,DUD100434,2022-01-27,2,2,2,2,2,1,1,2,1,False,
SURV0003478,DUD100434,2022-02-18,4,3,4,5,4,5,4,5,3,True,
SURV0003479,DUD100434,2022-03-18,4,4,4,5,5,4,4,3,3,True,
SURV0003480,DUD100434,2022-04-21,5,5,5,5,5,5,5,5,5,True,
SURV0003481,DUD100434,2022-05-11,5,5,5,4,5,4,5,4,5,True,
SURV0003482,DUD100434,2022-06-19,4,4,3,4,3,3,4,4,3,True,
SURV0003483,DUD100434,2022-07-05,4,5,5,4,4,3,3,3,3,True,
SURV0003484,DUD100434,2022-08-07,5,5,4,5,5,5,5,5,5,True,
SURV0003485,DUD100435,2024-05-11,4,4,4,5,5,3,4,4,5,True,
SURV0003486,DUD100435,2024-06-28,2,2,2,2,2,2,1,3,2,False,
SURV0003487,DUD100435,2024-07-17,3,4,2,2,3,2,2,3,3,False,
SURV0003488,DUD100435,2024-08-01,5,5,5,4,4,5,4,4,5,True,
SURV0003489,DUD100435,2024-09-28,5,5,5,5,5,5,4,5,4,True,
SURV0003490,DUD100435,2024-10-18,1,1,1,1,1,1,2,1,1,False,
SURV0003491,DUD100435,2024-11-11,4,5,4,4,5,5,4,5,4,True,
SURV0003492,DUD100436,2022-05-05,3,4,2,2,3,3,3,3,3,False,
SURV0003493,DUD100436,2022-06-21,3,3,2,2,2,4,2,3,2,False,
SURV0003494,DUD100436,2022-07-19,3,4,3,3,2,4,2,4,2,False,
SURV0003495,DUD100436,2022-08-04,4,4,4,3,4,3,5,4,4,True,
SURV0003496,DUD100436,2022-09-15,2,3,1,2,2,2,3,2,1,False,
SURV0003497,DUD100436,2022-10-21,4,4,4,4,3,4,4,5,4,True,
SURV0003498,DUD100436,2022-11-19,3,3,2,3,2,3,3,2,3,False,
SURV0003499,DUD100436,2022-12-19,4,4,4,3,4,5,5,3,4,True,
SURV0003500,DUD100436,2023-01-13,5,5,5,5,5,5,5,5,5,True,
SURV0003501,DUD100437,2024-08-24,3,4,3,4,4,4,4,2,3,False,
SURV0003502,DUD100437,2024-09-04,4,5,3,5,4,3,3,5,4,True,
SURV0003503,DUD100437,2024-10-21,3,3,3,3,2,3,3,4,3,False,
SURV0003504,DUD100437,2024-11-09,3,3,3,3,3,3,2,4,3,False,
SURV0003505,DUD100438,2024-03-23,5,4,5,5,5,5,5,5,4,True,
SURV0003506,DUD100438,2024-04-06,4,4,4,3,3,4,4,5,4,True,
SURV0003507,DUD100438,2024-05-02,1,2,2,2,1,2,1,1,2,False,
SURV0003508,DUD100438,2024-06-27,5,5,5,4,5,5,5,5,5,True,
SURV0003509,DUD100438,2024-07-10,3,2,3,2,3,4,4,3,2,False,
SURV0003510,DUD100438,2024-08-02,4,4,4,5,4,4,4,4,3,True,
SURV0003511,DUD100438,2024-09-02,3,2,4,3,4,3,3,3,3,False,
SURV0003512,DUD100438,2024-10-14,4,3,4,5,4,4,4,5,5,True,
SURV0003513,DUD100438,2024-11-02,4,5,3,3,4,4,5,3,5,True,
SURV0003514,DUD100438,2024-12-13,3,3,3,4,2,3,3,2,2,False,
SURV0003515,DUD100438,2025-01-14,4,4,5,3,3,5,3,4,3,True,
SURV0003516,DUD100438,2025-02-22,1,1,2,1,2,1,1,2,1,False,
SURV0003517,DUD100439,2022-03-17,4,4,3,4,4,4,5,3,5,True,
SURV0003518,DUD100439,2022-04-09,3,4,3,4,4,2,4,2,3,False,
SURV0003519,DUD100439,2022-05-01,5,4,5,5,5,5,5,5,5,True,
SURV0003520,DUD100439,2022-06-16,4,4,4,5,3,5,3,3,5,True,
SURV0003521,DUD100439,2022-07-08,3,2,2,3,2,3,4,2,3,False,
SURV0003522,DUD100439,2022-08-10,5,5,5,5,4,5,5,5,5,True,
SURV0003523,DUD100439,2022-09-13,4,4,4,3,5,3,3,3,3,True,
SURV0003524,DUD100439,2022-10-06,4,4,5,3,5,5,5,3,4,True,
SURV0003525,DUD100439,2022-11-05,4,5,5,5,4,4,4,5,4,True,
SURV0003526,DUD100439,2022-12-24,5,5,5,5,5,5,5,5,5,True,
SURV0003527,DUD100440,2021-08-08,4,4,3,4,4,5,5,3,4,True,
SURV0003528,DUD100440,2021-09-02,4,4,4,4,4,4,3,4,5,True,
SURV0003529,DUD100440,2021-10-02,4,4,3,3,4,5,4,4,3,True,
SURV0003530,DUD100440,2021-11-06,4,5,4,4,4,5,4,4,4,True,
SURV0003531,DUD100440,2021-12-23,4,4,3,4,4,4,3,4,4,True,
SURV0003532,DUD100440,2022-01-05,4,5,5,4,3,5,5,4,3,True,
SURV0003533,DUD100440,2022-02-17,3,3,3,4,4,3,3,3,3,False,
SURV0003534,DUD100440,2022-03-23,2,3,2,2,1,2,1,2,3,False,
SURV0003535,DUD100441,2022-08-01,5,5,5,5,5,4,5,4,5,True,
SURV0003536,DUD100441,2022-09-15,3,2,3,3,2,3,2,3,4,False,
SURV0003537,DUD100441,2022-10-09,4,4,3,4,3,4,4,4,3,True,
SURV0003538,DUD100441,2022-11-23,4,4,3,4,4,4,4,4,4,True,
SURV0003539,DUD100441,2022-12-25,1,1,1,1,1,1,2,1,1,False,
SURV0003540,DUD100441,2023-01-12,3,2,3,2,2,2,3,3,3,False,
SURV0003541,DUD100441,2023-02-05,4,4,4,3,3,4,5,4,4,True,
SURV0003542,DUD100441,2023-03-12,4,3,4,5,4,3,5,4,4,True,
SURV0003543,DUD100441,2023-04-20,4,4,4,3,4,5,4,4,5,True,
SURV0003544,DUD100441,2023-05-16,4,4,5,5,5,5,3,3,4,True,
SURV0003545,DUD100441,2023-06-28,4,5,4,3,5,5,4,4,3,True,
SURV0003546,DUD100441,2023-07-25,5,5,5,5,5,5,4,5,5,True,
SURV0003547,DUD100442,2021-11-02,4,4,4,5,3,3,3,3,5,True,
SURV0003548,DUD100442,2021-12-21,1,2,2,1,2,1,1,1,1,False,
SURV0003549,DUD100442,2022-01-05,5,5,5,4,5,5,5,5,5,True,
SURV0003550,DUD100442,2022-02-08,3,2,3,4,4,4,3,4,4,False,
SURV0003551,DUD100442,2022-03-11,5,5,4,5,5,5,5,5,5,True,
SURV0003552,DUD100442,2022-04-27,5,5,4,5,5,5,5,4,5,True,
SURV0003553,DUD100443,2023-12-27,4,4,5,5,3,3,4,4,4,True,
SURV0003554,DUD100443,2024-01-17,5,5,5,5,5,5,5,5,5,True,
SURV0003555,DUD100443,2024-02-16,3,2,2,3,3,2,3,2,3,False,
SURV0003556,DUD100443,2024-03-18,2,2,2,2,2,2,1,1,2,False,
SURV0003557,DUD100443,2024-04-23,5,5,5,5,5,5,4,5,5,True,
SURV0003558,DUD100443,2024-05-17,2,2,2,2,2,2,2,3,2,False,
SURV0003559,DUD100443,2024-06-13,4,4,3,5,4,4,4,4,3,True,
SURV0003560,DUD100443,2024-07-03,5,5,4,5,4,5,5,4,5,True,
SURV0003561,DUD100443,2024-08-12,4,3,4,5,4,4,5,4,4,True,
SURV0003562,DUD100443,2024-09-10,3,4,4,3,2,3,3,3,4,False,
SURV0003563,DUD100443,2024-10-08,4,5,4,4,3,4,3,3,5,True,
SURV0003564,DUD100444,2024-02-17,4,5,5,4,5,4,4,5,4,True,
SURV0003565,DUD100444,2024-03-24,4,4,5,5,4,4,3,5,3,True,
SURV0003566,DUD100444,2024-04-27,5,4,4,4,5,4,4,4,4,True,
SURV0003567,DUD100444,2024-05-01,3,3,3,4,4,3,3,3,3,False,
SURV0003568,DUD100444,2024-06-18,2,2,3,2,1,3,2,2,1,False,
SURV0003569,DUD100444,2024-07-10,3,2,3,3,3,3,3,3,3,False,
SURV0003570,DUD100444,2024-08-27,4,3,4,4,4,3,4,4,4,True,
SURV0003571,DUD100445,2022-05-22,1,1,2,2,1,1,2,1,1,False,
SURV0003572,DUD100445,2022-06-28,4,5,4,4,4,5,3,4,4,True,
SURV0003573,DUD100445,2022-07-08,3,3,4,2,2,4,2,2,2,False,
SURV0003574,DUD100445,2022-08-16,4,4,5,4,3,4,4,5,4,True,
SURV0003575,DUD100445,2022-09-22,5,5,4,5,5,5,5,4,4,True,
SURV0003576,DUD100445,2022-10-24,3,3,3,3,2,2,3,4,3,False,
SURV0003577,DUD100445,2022-11-25,5,5,5,5,5,5,5,5,5,True,
SURV0003578,DUD100445,2022-12-13,4,4,3,3,4,4,5,5,4,True,
SURV0003579,DUD100445,2023-01-09,4,3,5,5,4,3,4,5,5,True,
SURV0003580,DUD100446,2022-04-11,4,4,5,4,3,3,3,4,4,True,
SURV0003581,DUD100446,2022-05-21,4,3,4,5,4,3,4,3,4,True,
SURV0003582,DUD100446,2022-06-14,5,5,5,5,5,4,5,4,5,True,
SURV0003583,DUD100446,2022-07-15,4,5,4,5,5,4,4,4,4,True,
SURV0003584,DUD100446,2022-08-23,5,5,5,4,5,4,5,5,5,True,
SURV0003585,DUD100446,2022-09-09,3,2,4,3,2,2,3,4,4,False,
SURV0003586,DUD100446,2022-10-11,5,5,5,5,5,4,4,5,5,True,
SURV0003587,DUD100446,2022-11-25,3,2,2,3,3,2,2,4,3,False,
SURV0003588,DUD100446,2022-12-26,3,3,2,2,2,3,3,3,3,False,
SURV0003589,DUD100446,2023-01-08,4,5,3,4,4,5,4,4,4,True,
SURV0003590,DUD100447,2021-04-08,4,3,4,5,3,3,5,3,4,True,
SURV0003591,DUD100447,2021-05-15,4,4,4,5,3,3,4,5,3,True,
SURV0003592,DUD100447,2021-06-10,5,4,5,5,5,5,5,5,4,True,
SURV0003593,DUD100447,2021-07-03,5,5,5,5,5,4,5,5,5,True,
SURV0003594,DUD100447,2021-08-17,5,5,4,5,5,5,4,4,5,True,
SURV0003595,DUD100448,2024-07-07,5,4,5,5,5,5,5,4,5,True,
SURV0003596,DUD100448,2024-08-16,4,4,4,4,5,4,4,4,4,True,
SURV0003597,DUD100448,2024-09-28,4,4,3,3,4,4,5,3,5,True,
SURV0003598,DUD100448,2024-10-12,3,3,3,3,3,4,3,3,3,False,
SURV0003599,DUD100448,2024-11-08,4,4,4,4,4,4,4,4,5,True,
SURV0003600,DUD100448,2024-12-07,2,2,3,2,3,2,2,3,2,False,
SURV0003601,DUD100448,2025-01-27,2,2,3,2,3,2,2,1,1,False,
SURV0003602,DUD100448,2025-02-11,4,4,4,5,3,3,4,3,5,True,
SURV0003603,DUD100448,2025-03-09,3,2,3,3,3,3,3,3,3,False,
SURV0003604,DUD100448,2025-04-10,4,4,5,4,5,5,4,4,4,True,
SURV0003605,DUD100449,2023-11-09,2,2,3,1,1,2,3,2,3,False,
SURV0003606,DUD100449,2023-12-18,4,5,5,5,5,5,4,4,4,True,
SURV0003607,DUD100449,2024-01-28,4,4,4,3,5,5,4,3,5,True,
SURV0003608,DUD100449,2024-02-27,1,1,1,1,2,1,1,1,1,False,
SURV0003609,DUD100450,2023-05-18,4,3,5,3,4,4,3,4,4,True,
SURV0003610,DUD100450,2023-06-01,4,3,5,4,5,3,5,5,3,True,
SURV0003611,DUD100450,2023-07-16,5,5,4,5,5,5,5,5,4,True,
SURV0003612,DUD100450,2023-08-28,3,4,2,2,3,3,2,3,3,False,
SURV0003613,DUD100450,2023-09-07,4,4,4,4,3,4,3,4,5,True,
SURV0003614,DUD100450,2023-10-13,4,3,5,5,5,3,3,3,3,True,
SURV0003615,DUD100450,2023-11-03,4,4,4,4,5,3,3,4,4,True,
SURV0003616,DUD100451,2022-02-02,3,3,3,4,3,3,3,2,3,False,
SURV0003617,DUD100451,2022-03-08,1,1,1,1,1,1,1,1,1,False,
SURV0003618,DUD100451,2022-04-02,4,4,4,4,5,5,3,3,3,True,
SURV0003619,DUD100451,2022-05-21,3,3,3,4,3,3,3,4,2,False,
SURV0003620,DUD100451,2022-06-06,2,2,3,2,3,3,1,2,2,False,
SURV0003621,DUD100451,2022-07-23,1,1,2,1,1,1,1,1,2,False,
SURV0003622,DUD100451,2022-08-14,4,4,3,3,4,4,3,4,4,True,
SURV0003623,DUD100451,2022-09-27,5,5,4,5,5,5,4,5,5,True,
SURV0003624,DUD100452,2021-04-04,2,1,1,2,1,1,2,1,2,False,
SURV0003625,DUD100452,2021-05-07,4,4,5,4,3,4,3,5,5,True,
SURV0003626,DUD100452,2021-06-05,3,4,3,3,3,2,3,4,4,False,
SURV0003627,DUD100452,2021-07-28,5,5,5,5,4,4,5,5,5,True,
SURV0003628,DUD100452,2021-08-24,2,2,1,2,2,2,2,3,2,False,
SURV0003629,DUD100452,2021-09-23,3,3,2,3,2,4,4,3,2,False,
SURV0003630,DUD100452,2021-10-14,4,4,5,4,4,5,3,5,5,True,
SURV0003631,DUD100452,2021-11-08,5,5,4,5,4,4,4,5,5,True,
SURV0003632,DUD100452,2021-12-05,1,1,1,1,1,1,1,1,1,False,
SURV0003633,DUD100452,2022-01-17,4,4,5,4,4,4,4,4,4,True,
SURV0003634,DUD100452,2022-02-18,3,3,3,3,2,3,2,2,2,False,
SURV0003635,DUD100453,2022-06-07,5,4,5,4,5,5,5,5,5,True,
SURV0003636,DUD100453,2022-07-24,4,3,3,4,3,3,5,3,5,True,
SURV0003637,DUD100453,2022-08-25,3,3,2,3,3,2,3,2,3,False,
SURV0003638,DUD100453,2022-09-17,4,5,5,5,4,5,4,4,4,True,
SURV0003639,DUD100453,2022-10-03,5,5,5,5,5,4,4,5,4,True,
SURV0003640,DUD100453,2022-11-20,2,2,3,1,2,2,2,2,1,False,
SURV0003641,DUD100454,2023-10-26,4,4,4,3,5,5,3,5,3,True,
SURV0003642,DUD100454,2023-11-10,4,5,4,4,4,5,3,5,5,True,
SURV0003643,DUD100454,2023-12-22,3,3,4,4,2,4,3,2,3,False,
SURV0003644,DUD100454,2024-01-19,3,2,2,2,4,2,3,2,2,False,
SURV0003645,DUD100454,2024-02-06,4,4,4,5,3,4,4,4,4,True,
SURV0003646,DUD100454,2024-03-20,5,5,5,5,5,5,4,5,5,True,
SURV0003647,DUD100454,2024-04-28,5,4,5,5,4,5,5,5,5,True,
SURV0003648,DUD100454,2024-05-28,3,3,4,2,2,2,4,3,2,False,
SURV0003649,DUD100454,2024-06-09,4,4,4,5,3,4,4,5,4,True,
SURV0003650,DUD100455,2024-01-25,4,4,4,5,3,4,3,4,4,True,
SURV0003651,DUD100455,2024-02-01,4,4,4,4,4,4,4,4,4,True,
SURV0003652,DUD100455,2024-03-11,4,4,4,4,3,4,5,4,4,True,
SURV0003653,DUD100455,2024-04-01,5,5,5,4,4,5,5,5,4,True,
SURV0003654,DUD100455,2024-05-06,1,1,1,1,1,1,1,1,1,False,
SURV0003655,DUD100455,2024-06-02,4,4,4,4,4,3,5,3,5,True,
SURV0003656,DUD100455,2024-07-13,4,5,4,5,3,3,4,4,4,True,
SURV0003657,DUD100455,2024-08-20,4,4,3,5,3,3,5,4,3,True,
SURV0003658,DUD100455,2024-09-06,4,3,3,4,4,3,4,4,4,True,
SURV0003659,DUD100455,2024-10-10,1,1,2,2,1,1,1,1,1,False,
SURV0003660,DUD100455,2024-11-11,5,5,4,4,5,5,4,5,5,True,
SURV0003661,DUD100456,2024-08-27,2,2,1,2,2,2,3,2,1,False,
SURV0003662,DUD100456,2024-09-03,4,4,3,4,5,3,5,4,5,True,
SURV0003663,DUD100456,2024-10-03,1,2,2,1,1,1,1,1,2,False,
SURV0003664,DUD100456,2024-11-08,5,4,5,4,4,5,4,4,5,True,
SURV0003665,DUD100456,2024-12-05,3,4,4,4,2,3,3,2,2,False,
SURV0003666,DUD100456,2025-01-10,4,4,4,5,5,5,4,5,5,True,
SURV0003667,DUD100457,2024-04-16,4,4,4,5,5,3,3,5,4,True,
SURV0003668,DUD100457,2024-05-28,5,4,5,4,4,5,5,4,5,True,
SURV0003669,DUD100457,2024-06-28,5,5,5,5,5,5,4,4,4,True,
SURV0003670,DUD100457,2024-07-25,5,5,4,5,5,4,5,5,5,True,
SURV0003671,DUD100457,2024-08-24,2,3,3,3,2,3,2,2,1,False,
SURV0003672,DUD100457,2024-09-01,4,4,4,5,4,4,4,3,3,True,
SURV0003673,DUD100457,2024-10-12,4,5,5,4,3,4,3,3,4,True,
SURV0003674,DUD100457,2024-11-21,5,5,5,5,5,5,5,4,4,True,
SURV0003675,DUD100457,2024-12-21,1,1,1,2,1,2,1,1,1,False,
SURV0003676,DUD100457,2025-01-06,4,4,4,4,4,3,4,3,5,True,
SURV0003677,DUD100458,2022-11-05,4,4,4,5,4,5,4,4,5,True,
SURV0003678,DUD100458,2022-12-08,1,1,1,1,1,1,2,1,2,False,
SURV0003679,DUD100458,2023-01-25,2,2,3,2,1,3,3,1,1,False,
SURV0003680,DUD100458,2023-02-06,4,5,4,3,5,3,3,3,4,True,
SURV0003681,DUD100458,2023-03-22,5,4,4,5,5,5,5,5,5,True,
SURV0003682,DUD100458,2023-04-23,4,4,4,4,3,4,5,3,4,True,
SURV0003683,DUD100458,2023-05-04,3,3,3,3,3,3,3,3,4,False,
SURV0003684,DUD100459,2022-05-19,3,3,2,3,4,4,4,2,3,False,
SURV0003685,DUD100459,2022-06-07,2,2,1,1,2,1,2,3,3,False,
SURV0003686,DUD100459,2022-07-18,3,4,3,3,3,4,2,2,4,False,
SURV0003687,DUD100459,2022-08-27,4,4,4,4,3,5,4,4,4,True,
SURV0003688,DUD100459,2022-09-08,4,3,5,3,3,3,3,4,3,True,
SURV0003689,DUD100459,2022-10-17,5,4,5,4,5,4,5,5,5,True,
SURV0003690,DUD100459,2022-11-20,3,3,4,2,2,3,3,3,4,False,
SURV0003691,DUD100459,2022-12-12,3,3,3,3,3,3,3,4,3,False,
SURV0003692,DUD100459,2023-01-01,4,3,5,3,4,4,4,4,4,True,
SURV0003693,DUD100459,2023-02-12,5,5,5,5,5,5,5,5,5,True,
SURV0003694,DUD100460,2022-07-16,4,4,4,4,4,5,4,5,4,True,
SURV0003695,DUD100460,2022-08-01,4,5,3,4,3,4,4,3,4,True,
SURV0003696,DUD100460,2022-09-13,5,4,5,5,5,5,5,5,5,True,
SURV0003697,DUD100460,2022-10-18,5,5,5,5,5,5,5,5,5,True,
SURV0003698,DUD100460,2022-11-12,3,4,4,3,4,3,3,4,3,False,
SURV0003699,DUD100460,2022-12-19,5,5,5,4,5,5,5,5,5,True,
SURV0003700,DUD100460,2023-01-16,5,5,5,4,5,4,5,5,5,True,
SURV0003701,DUD100460,2023-02-21,3,3,2,4,3,2,2,3,4,False,
SURV0003702,DUD100460,2023-03-13,4,5,4,3,5,5,3,5,5,True,
SURV0003703,DUD100461,2023-10-18,4,4,4,3,4,3,4,5,4,True,
SURV0003704,DUD100461,2023-11-05,5,5,4,5,5,5,5,5,5,True,
SURV0003705,DUD100461,2023-12-02,3,3,2,3,3,3,2,3,2,False,
SURV0003706,DUD100461,2024-01-21,5,5,5,5,5,5,5,4,5,True,
SURV0003707,DUD100461,2024-02-09,5,4,4,5,5,5,4,4,5,True,
SURV0003708,DUD100461,2024-03-09,4,4,4,4,4,4,4,4,3,True,
SURV0003709,DUD100461,2024-04-24,5,5,5,4,5,5,5,5,5,True,
SURV0003710,DUD100461,2024-05-14,4,3,4,4,3,4,4,5,5,True,
SURV0003711,DUD100461,2024-06-12,5,5,5,5,4,5,4,5,5,True,
SURV0003712,DUD100462,2021-02-03,3,4,2,3,3,3,3,4,4,False,
SURV0003713,DUD100462,2021-03-16,4,4,5,4,4,4,5,4,4,True,
SURV0003714,DUD100462,2021-04-08,5,5,4,4,5,5,5,5,4,True,
SURV0003715,DUD100462,2021-05-11,3,3,2,4,3,3,4,3,3,False,
SURV0003716,DUD100462,2021-06-21,4,5,3,5,4,5,4,4,4,True,
SURV0003717,DUD100462,2021-07-20,4,4,3,3,3,5,4,4,3,True,
SURV0003718,DUD100462,2021-08-14,4,4,4,4,3,3,3,4,4,True,
SURV0003719,DUD100462,2021-09-07,5,5,5,5,5,5,5,5,5,True,
SURV0003720,DUD100462,2021-10-14,4,4,3,4,4,5,5,5,3,True,
SURV0003721,DUD100462,2021-11-25,3,3,2,4,3,3,2,4,3,False,
SURV0003722,DUD100462,2021-12-11,2,1,2,3,1,1,3,1,2,False,
SURV0003723,DUD100462,2022-01-01,4,5,4,5,4,3,5,4,4,True,
SURV0003724,DUD100463,2022-08-03,3,3,4,3,3,2,3,3,3,False,
SURV0003725,DUD100463,2022-09-11,4,5,4,4,5,4,5,4,5,True,
SURV0003726,DUD100463,2022-10-18,2,3,2,2,2,2,2,3,2,False,
SURV0003727,DUD100463,2022-11-17,3,3,3,3,3,2,3,3,4,False,
SURV0003728,DUD100463,2022-12-11,4,3,5,4,4,4,3,3,4,True,
SURV0003729,DUD100463,2023-01-08,4,4,3,4,3,3,4,4,4,True,
SURV0003730,DUD100463,2023-02-23,4,5,4,3,4,3,5,5,5,True,
SURV0003731,DUD100463,2023-03-26,3,4,3,3,4,4,4,2,2,False,
SURV0003732,DUD100463,2023-04-16,4,3,4,4,5,4,3,4,4,True,
SURV0003733,DUD100463,2023-05-20,5,5,5,5,4,4,5,5,5,True,
SURV0003734,DUD100463,2023-06-24,2,1,2,3,2,1,2,1,1,False,
SURV0003735,DUD100464,2023-08-13,5,5,5,5,5,5,5,5,5,True,
SURV0003736,DUD100464,2023-09-05,3,3,3,4,2,4,3,4,2,False,
SURV0003737,DUD100464,2023-10-23,3,3,3,3,2,3,4,3,3,False,
SURV0003738,DUD100464,2023-11-05,3,3,4,3,2,4,2,3,3,False,
SURV0003739,DUD100464,2023-12-11,5,5,5,4,5,5,5,5,5,True,
SURV0003740,DUD100464,2024-01-28,4,4,4,5,4,4,4,3,4,True,
SURV0003741,DUD100464,2024-02-04,4,4,5,4,3,5,5,5,5,True,
SURV0003742,DUD100465,2023-01-02,4,4,4,4,4,4,3,4,5,True,
SURV0003743,DUD100465,2023-02-12,1,1,1,2,1,1,1,2,1,False,
SURV0003744,DUD100465,2023-03-16,4,4,4,4,5,4,5,4,3,True,
SURV0003745,DUD100465,2023-04-05,4,4,3,5,3,4,3,3,5,True,
SURV0003746,DUD100466,2024-06-05,5,5,5,5,4,5,5,5,5,True,
SURV0003747,DUD100466,2024-07-01,5,5,5,4,4,5,5,4,5,True,
SURV0003748,DUD100466,2024-08-12,4,3,3,3,4,4,5,5,5,True,
SURV0003749,DUD100466,2024-09-21,5,4,5,5,5,5,5,5,5,True,
SURV0003750,DUD100466,2024-10-01,5,5,5,5,5,5,5,5,5,True,
SURV0003751,DUD100466,2024-11-14,4,5,4,4,4,5,4,4,5,True,
SURV0003752,DUD100467,2024-12-16,4,3,4,3,4,5,4,5,3,True,
SURV0003753,DUD100467,2025-01-16,5,5,5,5,5,4,5,5,5,True,
SURV0003754,DUD100467,2025-02-05,3,3,4,4,2,2,3,3,2,False,
SURV0003755,DUD100467,2025-03-08,1,1,1,1,2,1,2,1,1,False,
SURV0003756,DUD100467,2025-04-21,4,5,3,4,3,4,4,3,4,True,
SURV0003757,DUD100467,2025-05-10,2,2,3,2,1,3,2,2,3,False,
SURV0003758,DUD100467,2025-06-01,4,3,4,3,4,3,4,4,3,True,
SURV0003759,DUD100467,2025-07-25,5,5,5,5,5,5,5,5,5,True,
SURV0003760,DUD100467,2025-08-27,3,3,2,4,4,3,4,3,2,False,
SURV0003761,DUD100467,2025-09-18,4,4,4,4,4,4,4,5,5,True,
SURV0003762,DUD100467,2025-10-10,5,5,5,4,4,5,5,5,5,True,
SURV0003763,DUD100467,2025-11-23,3,3,4,3,3,2,4,2,3,False,
SURV0003764,DUD100468,2022-08-26,3,3,3,2,3,2,2,4,3,False,
SURV0003765,DUD100468,2022-09-27,4,4,4,4,5,4,5,5,4,True,
SURV0003766,DUD100468,2022-10-13,5,5,5,5,4,5,5,5,4,True,
SURV0003767,DUD100468,2022-11-08,5,5,5,5,5,4,5,5,5,True,
SURV0003768,DUD100468,2022-12-12,4,4,5,4,4,3,5,3,4,True,
SURV0003769,DUD100469,2024-10-06,5,5,5,4,4,5,5,4,5,True,
SURV0003770,DUD100469,2024-11-17,2,2,2,1,2,3,3,1,3,False,
SURV0003771,DUD100469,2024-12-13,4,4,3,5,4,4,5,5,4,True,
SURV0003772,DUD100469,2025-01-28,5,4,4,4,4,5,5,5,5,True,
SURV0003773,DUD100469,2025-02-20,5,5,5,5,4,5,5,4,5,True,
SURV0003774,DUD100469,2025-03-13,4,3,3,4,4,3,3,3,5,True,
SURV0003775,DUD100469,2025-04-20,2,1,2,3,2,2,3,1,2,False,
SURV0003776,DUD100469,2025-05-09,5,5,4,5,5,5,5,5,5,True,
SURV0003777,DUD100469,2025-06-01,4,3,4,5,4,4,4,4,3,True,
SURV0003778,DUD100469,2025-07-23,4,4,4,3,4,4,5,4,3,True,
SURV0003779,DUD100470,2024-02-24,2,2,2,2,1,3,2,2,2,False,
SURV0003780,DUD100470,2024-03-07,5,5,5,5,5,5,5,5,5,True,
SURV0003781,DUD100470,2024-04-19,2,2,3,3,3,3,1,3,3,False,
SURV0003782,DUD100470,2024-05-03,4,4,3,4,4,4,3,4,5,True,
SURV0003783,DUD100470,2024-06-21,5,5,5,5,5,5,5,4,5,True,
SURV0003784,DUD100470,2024-07-20,4,4,3,4,3,3,4,4,4,True,
SURV0003785,DUD100470,2024-08-13,3,3,4,3,2,4,2,4,3,False,
SURV0003786,DUD100470,2024-09-18,1,1,2,2,1,1,2,1,2,False,
SURV0003787,DUD100470,2024-10-11,4,3,3,4,5,4,4,5,4,True,
SURV0003788,DUD100471,2023-03-24,5,5,5,4,5,5,4,4,4,True,
SURV0003789,DUD100471,2023-04-06,5,5,4,5,5,5,5,5,4,True,
SURV0003790,DUD100471,2023-05-04,3,3,2,3,3,3,3,3,2,False,
SURV0003791,DUD100471,2023-06-16,3,3,3,3,3,3,3,3,4,False,
SURV0003792,DUD100471,2023-07-08,5,5,5,4,5,5,5,5,5,True,
SURV0003793,DUD100471,2023-08-05,1,1,2,1,1,2,1,1,1,False,
SURV0003794,DUD100472,2023-11-06,5,5,5,5,5,5,5,5,5,True,
SURV0003795,DUD100472,2023-12-17,4,5,3,5,4,4,3,3,4,True,
SURV0003796,DUD100472,2024-01-08,4,4,5,4,4,4,4,5,5,True,
SURV0003797,DUD100472,2024-02-27,5,5,5,4,5,5,5,5,5,True,
SURV0003798,DUD100472,2024-03-01,4,5,3,5,4,3,4,5,4,True,
SURV0003799,DUD100472,2024-04-23,4,4,4,4,5,4,5,4,5,True,
SURV0003800,DUD100473,2024-07-20,2,2,2,3,2,3,2,2,2,False,
SURV0003801,DUD100473,2024-08-28,4,4,3,4,4,3,4,4,4,True,
SURV0003802,DUD100473,2024-09-10,4,5,4,5,3,4,3,5,5,True,
SURV0003803,DUD100473,2024-10-14,3,4,2,3,3,3,4,2,3,False,
SURV0003804,DUD100473,2024-11-11,3,3,2,4,3,3,3,3,4,False,
SURV0003805,DUD100473,2024-12-22,3,4,4,3,3,3,2,3,2,False,
SURV0003806,DUD100473,2025-01-21,4,4,5,5,3,4,4,4,3,True,
SURV0003807,DUD100473,2025-02-09,4,4,4,4,5,4,5,4,4,True,
SURV0003808,DUD100473,2025-03-12,4,5,5,4,3,4,3,4,4,True,
SURV0003809,DUD100473,2025-04-17,4,3,5,5,4,3,4,3,4,True,
SURV0003810,DUD100473,2025-05-09,4,4,4,5,3,5,3,3,4,True,
SURV0003811,DUD100473,2025-06-21,4,5,5,5,4,4,3,4,4,True,
SURV0003812,DUD100474,2022-12-05,4,3,4,3,4,5,3,4,5,True,
SURV0003813,DUD100474,2023-01-20,5,4,5,5,5,4,4,4,5,True,
SURV0003814,DUD100474,2023-02-19,4,5,5,4,4,3,4,4,3,True,
SURV0003815,DUD100474,2023-03-18,2,2,2,2,3,2,1,2,3,False,
SURV0003816,DUD100474,2023-04-17,2,3,2,2,2,3,3,2,2,False,
SURV0003817,DUD100474,2023-05-16,3,2,3,4,4,4,3,2,4,False,
SURV0003818,DUD100474,2023-06-11,4,5,4,4,5,4,3,5,5,True,
SURV0003819,DUD100474,2023-07-05,4,5,4,3,5,5,5,4,5,True,
SURV0003820,DUD100474,2023-08-27,4,4,4,4,4,3,4,5,3,True,
SURV0003821,DUD100474,2023-09-04,3,3,3,4,3,3,3,2,3,False,
SURV0003822,DUD100475,2023-12-04,1,1,1,1,2,1,1,1,1,False,
SURV0003823,DUD100475,2024-01-09,4,5,4,4,5,3,4,4,3,True,
SURV0003824,DUD100475,2024-02-03,4,3,3,4,3,4,5,3,4,True,
SURV0003825,DUD100475,2024-03-26,3,3,2,3,2,3,3,3,2,False,
SURV0003826,DUD100475,2024-04-25,5,5,4,4,5,5,4,4,5,True,
SURV0003827,DUD100475,2024-05-28,2,2,1,2,3,2,2,2,2,False,
SURV0003828,DUD100475,2024-06-11,5,4,5,5,5,5,4,5,4,True,
SURV0003829,DUD100475,2024-07-27,3,4,3,3,2,3,3,4,3,False,
SURV0003830,DUD100475,2024-08-24,5,5,5,5,5,4,5,5,5,True,
SURV0003831,DUD100476,2022-06-20,4,3,4,5,3,4,4,3,3,True,
SURV0003832,DUD100476,2022-07-20,4,4,4,4,4,5,4,4,4,True,
SURV0003833,DUD100476,2022-08-18,4,4,4,4,5,4,4,4,4,True,
SURV0003834,DUD100476,2022-09-24,2,2,2,2,2,2,3,1,2,False,
SURV0003835,DUD100476,2022-10-18,4,5,3,5,5,4,5,4,5,True,
SURV0003836,DUD100476,2022-11-09,5,5,5,5,4,4,4,5,4,True,
SURV0003837,DUD100476,2022-12-09,4,4,3,5,3,3,5,4,4,True,
SURV0003838,DUD100476,2023-01-14,4,5,5,3,4,4,4,4,5,True,
SURV0003839,DUD100476,2023-02-22,2,2,1,2,1,2,3,2,3,False,
SURV0003840,DUD100476,2023-03-03,3,3,4,3,3,3,2,3,3,False,
SURV0003841,DUD100476,2023-04-18,5,5,4,4,4,5,4,5,4,True,
SURV0003842,DUD100476,2023-05-22,1,1,1,2,1,1,1,1,1,False,
SURV0003843,DUD100477,2024-11-26,4,4,4,4,4,4,3,5,4,True,
SURV0003844,DUD100477,2024-12-10,5,5,4,4,5,5,4,5,5,True,
SURV0003845,DUD100477,2025-01-14,2,2,3,2,1,2,2,2,1,False,
SURV0003846,DUD100477,2025-02-08,3,3,3,3,3,4,2,2,3,False,
SURV0003847,DUD100477,2025-03-14,2,2,3,1,2,1,3,3,1,False,
SURV0003848,DUD100477,2025-04-15,4,4,3,3,4,4,3,5,5,True,
SURV0003849,DUD100477,2025-05-17,4,3,3,4,4,5,5,3,4,True,
SURV0003850,DUD100477,2025-06-12,4,4,4,4,5,3,5,4,4,True,
SURV0003851,DUD100477,2025-07-02,2,1,2,1,2,2,2,2,2,False,
SURV0003852,DUD100478,2024-12-20,4,3,5,4,5,4,3,4,5,True,
SURV0003853,DUD100478,2025-01-28,3,3,3,2,3,3,4,4,3,False,
SURV0003854,DUD100478,2025-02-25,4,4,3,5,4,4,3,3,4,True,
SURV0003855,DUD100478,2025-03-10,4,4,5,3,5,4,5,5,4,True,
SURV0003856,DUD100478,2025-04-09,4,4,3,4,4,4,4,5,3,True,
SURV0003857,DUD100478,2025-05-06,4,4,5,5,4,4,5,5,3,True,
SURV0003858,DUD100478,2025-06-21,3,3,3,4,4,3,4,3,3,False,
SURV0003859,DUD100478,2025-07-16,3,3,4,4,4,3,3,2,3,False,
SURV0003860,DUD100478,2025-08-10,3,2,4,2,3,2,4,4,2,False,
SURV0003861,DUD100478,2025-09-10,5,5,5,5,5,4,5,4,5,True,
SURV0003862,DUD100478,2025-10-06,4,5,4,4,4,5,5,3,3,True,
SURV0003863,DUD100479,2022-03-28,2,2,1,2,3,3,2,3,2,False,
SURV0003864,DUD100479,2022-04-08,4,5,5,3,4,4,3,5,5,True,
SURV0003865,DUD100479,2022-05-19,5,5,5,5,4,5,5,5,5,True,
SURV0003866,DUD100479,2022-06-15,3,4,3,4,3,3,4,3,2,False,
SURV0003867,DUD100480,2024-09-15,5,5,5,5,4,5,5,5,5,True,
SURV0003868,DUD100480,2024-10-05,3,3,3,3,4,3,3,3,4,False,
SURV0003869,DUD100480,2024-11-18,4,4,4,3,4,4,5,4,3,True,
SURV0003870,DUD100480,2024-12-19,2,2,2,1,2,2,2,3,2,False,
SURV0003871,DUD100480,2025-01-20,5,4,5,5,4,5,4,5,4,True,
SURV0003872,DUD100480,2025-02-17,4,5,5,3,4,3,5,3,4,True,
SURV0003873,DUD100480,2025-03-18,2,2,2,3,1,2,2,2,3,False,
SURV0003874,DUD100481,2024-02-10,3,3,2,2,3,2,4,3,3,False,
SURV0003875,DUD100481,2024-03-13,3,4,2,3,3,3,4,4,3,False,
SURV0003876,DUD100481,2024-04-02,5,5,5,5,5,5,4,5,5,True,
SURV0003877,DUD100481,2024-05-27,4,4,4,4,4,4,3,3,4,True,
SURV0003878,DUD100481,2024-06-22,4,4,5,4,4,4,5,4,4,True,
SURV0003879,DUD100481,2024-07-28,4,5,5,5,4,4,4,5,4,True,
SURV0003880,DUD100481,2024-08-10,3,3,4,3,3,4,3,2,4,False,
SURV0003881,DUD100482,2021-06-25,3,3,3,2,3,3,2,3,2,False,
SURV0003882,DUD100482,2021-07-04,4,4,5,5,4,4,4,4,5,True,
SURV0003883,DUD100482,2021-08-11,4,4,5,4,5,4,4,4,4,True,
SURV0003884,DUD100482,2021-09-18,3,2,3,4,3,2,2,3,3,False,
SURV0003885,DUD100482,2021-10-02,2,2,2,3,2,1,3,3,3,False,
SURV0003886,DUD100482,2021-11-13,5,5,5,5,5,5,5,5,5,True,
SURV0003887,DUD100482,2021-12-03,2,2,1,1,3,2,3,3,3,False,
SURV0003888,DUD100482,2022-01-26,4,5,3,4,3,4,5,5,4,True,
SURV0003889,DUD100482,2022-02-22,2,1,2,2,2,2,2,1,1,False,
SURV0003890,DUD100482,2022-03-20,5,5,4,5,5,4,5,5,5,True,
SURV0003891,DUD100483,2024-06-17,1,2,1,2,1,1,1,1,1,False,
SURV0003892,DUD100483,2024-07-22,3,4,3,3,2,3,4,4,3,False,
SURV0003893,DUD100483,2024-08-11,3,4,2,2,3,3,3,3,2,False,
SURV0003894,DUD100483,2024-09-24,4,4,4,4,5,3,4,5,3,True,
SURV0003895,DUD100484,2021-12-14,2,2,2,3,2,1,2,2,3,False,
SURV0003896,DUD100484,2022-01-19,4,3,4,3,3,3,4,4,4,True,
SURV0003897,DUD100484,2022-02-03,3,3,3,3,3,3,3,2,2,False,
SURV0003898,DUD100484,2022-03-03,3,4,2,3,3,3,3,3,3,False,
SURV0003899,DUD100484,2022-04-22,4,3,4,3,3,5,5,4,4,True,
SURV0003900,DUD100485,2024-12-01,4,4,5,4,5,4,4,4,5,True,
SURV0003901,DUD100485,2025-01-04,4,4,4,3,5,3,4,4,5,True,
SURV0003902,DUD100485,2025-02-01,1,1,1,1,1,1,1,1,1,False,
SURV0003903,DUD100485,2025-03-04,2,2,2,1,3,1,2,2,3,False,
SURV0003904,DUD100486,2024-11-11,4,4,5,3,3,5,3,3,3,True,
SURV0003905,DUD100486,2024-12-11,4,5,4,3,3,5,4,5,5,True,
SURV0003906,DUD100486,2025-01-15,4,3,3,4,4,4,5,5,4,True,
SURV0003907,DUD100486,2025-02-23,4,4,4,4,4,5,3,3,4,True,
SURV0003908,DUD100486,2025-03-16,4,3,5,4,4,4,5,3,5,True,
SURV0003909,DUD100486,2025-04-12,4,4,4,5,4,4,4,3,4,True,
SURV0003910,DUD100486,2025-05-08,4,4,4,5,4,4,5,4,3,True,
SURV0003911,DUD100486,2025-06-18,4,4,4,4,5,5,3,3,5,True,
SURV0003912,DUD100486,2025-07-02,5,5,5,5,5,5,5,5,4,True,
SURV0003913,DUD100486,2025-08-02,4,4,5,4,3,4,5,4,4,True,
SURV0003914,DUD100486,2025-09-03,5,5,5,5,5,4,5,5,4,True,
SURV0003915,DUD100487,2021-07-01,5,5,5,5,4,4,5,5,5,True,
SURV0003916,DUD100487,2021-08-15,3,3,4,3,2,2,3,3,3,False,
SURV0003917,DUD100487,2021-09-15,4,5,4,5,4,5,4,5,3,True,
SURV0003918,DUD100487,2021-10-12,2,2,2,1,2,2,2,2,2,False,
SURV0003919,DUD100487,2021-11-22,4,3,4,3,4,5,4,4,4,True,
SURV0003920,DUD100488,2023-08-15,1,1,1,1,1,1,2,1,2,False,
SURV0003921,DUD100488,2023-09-10,5,5,5,5,5,5,5,5,5,True,
SURV0003922,DUD100488,2023-10-11,4,3,4,4,5,4,3,3,4,True,
SURV0003923,DUD100488,2023-11-21,4,4,3,4,5,4,4,3,4,True,
SURV0003924,DUD100488,2023-12-19,3,3,2,4,2,3,3,2,3,False,
SURV0003925,DUD100488,2024-01-18,3,4,3,4,4,2,2,3,3,False,
SURV0003926,DUD100488,2024-02-03,3,3,2,4,3,2,3,3,3,False,
SURV0003927,DUD100488,2024-03-28,4,4,3,5,4,4,5,5,3,True,
SURV0003928,DUD100488,2024-04-11,5,4,4,5,5,5,5,4,5,True,
SURV0003929,DUD100488,2024-05-26,4,3,5,4,4,5,4,4,5,True,
SURV0003930,DUD100489,2022-12-14,5,5,5,5,5,5,5,4,5,True,
SURV0003931,DUD100489,2023-01-05,1,2,1,2,1,2,1,2,1,False,
SURV0003932,DUD100489,2023-02-09,4,4,4,4,4,4,3,3,3,True,
SURV0003933,DUD100489,2023-03-01,4,4,4,3,5,4,4,5,4,True,
SURV0003934,DUD100489,2023-04-09,5,5,5,4,5,5,4,5,4,True,
SURV0003935,DUD100489,2023-05-03,4,5,4,3,4,4,5,3,5,True,
SURV0003936,DUD100489,2023-06-07,3,3,3,3,2,3,4,4,2,False,
SURV0003937,DUD100490,2024-08-20,4,4,3,4,5,4,4,4,4,True,
SURV0003938,DUD100490,2024-09-16,4,5,4,4,4,3,4,4,5,True,
SURV0003939,DUD100490,2024-10-23,4,4,5,3,4,4,4,3,3,True,
SURV0003940,DUD100490,2024-11-09,4,3,5,5,5,3,4,4,5,True,
SURV0003941,DUD100490,2024-12-09,4,4,4,4,5,4,4,3,4,True,
SURV0003942,DUD100490,2025-01-10,3,4,4,3,3,2,3,2,3,False,
SURV0003943,DUD100490,2025-02-04,4,4,5,4,4,3,3,4,4,True,
SURV0003944,DUD100490,2025-03-07,4,4,5,3,4,5,3,3,4,True,
SURV0003945,DUD100490,2025-04-03,4,3,4,3,4,5,4,3,3,True,
SURV0003946,DUD100491,2021-07-03,4,4,4,5,4,4,5,4,4,True,
SURV0003947,DUD100491,2021-08-15,3,4,2,3,4,4,2,3,3,False,
SURV0003948,DUD100491,2021-09-26,3,3,4,4,2,4,4,3,3,False,
SURV0003949,DUD100491,2021-10-21,4,4,3,4,3,4,4,4,4,True,
SURV0003950,DUD100491,2021-11-08,4,4,4,4,4,4,4,4,4,True,
SURV0003951,DUD100491,2021-12-12,2,3,3,2,1,2,2,1,1,False,
SURV0003952,DUD100491,2022-01-11,1,1,1,1,2,1,2,2,1,False,
SURV0003953,DUD100491,2022-02-23,4,3,3,3,4,3,3,3,5,True,
SURV0003954,DUD100491,2022-03-26,5,5,5,4,4,5,4,5,5,True,
SURV0003955,DUD100491,2022-04-14,3,2,3,4,2,2,3,4,3,False,
SURV0003956,DUD100492,2023-10-03,2,1,1,2,2,2,2,2,2,False,
SURV0003957,DUD100492,2023-11-04,5,5,5,5,5,5,5,5,5,True,
SURV0003958,DUD100492,2023-12-07,4,4,5,4,3,3,5,4,5,True,
SURV0003959,DUD100492,2024-01-09,4,4,4,3,3,5,4,4,5,True,
SURV0003960,DUD100492,2024-02-26,4,4,4,3,5,5,3,4,4,True,
SURV0003961,DUD100492,2024-03-01,3,3,2,2,2,4,4,4,4,False,
SURV0003962,DUD100492,2024-04-23,4,4,4,4,3,5,4,4,3,True,
SURV0003963,DUD100492,2024-05-26,2,3,2,2,2,2,2,1,1,False,
SURV0003964,DUD100492,2024-06-18,4,3,4,4,4,5,4,5,5,True,
SURV0003965,DUD100492,2024-07-22,3,3,2,2,3,2,2,2,3,False,
SURV0003966,DUD100492,2024-08-06,2,2,1,2,2,2,2,2,1,False,
SURV0003967,DUD100492,2024-09-23,4,3,3,5,4,4,5,3,4,True,
SURV0003968,DUD100493,2023-10-24,4,4,5,3,4,5,3,3,4,True,
SURV0003969,DUD100493,2023-11-15,4,4,5,4,3,5,4,4,4,True,
SURV0003970,DUD100493,2023-12-01,4,3,4,4,5,3,4,4,5,True,
SURV0003971,DUD100493,2024-01-19,4,5,3,3,5,3,4,4,4,True,
SURV0003972,DUD100493,2024-02-01,4,4,4,4,3,4,5,4,4,True,
SURV0003973,DUD100493,2024-03-03,5,4,5,5,5,5,5,5,5,True,
SURV0003974,DUD100493,2024-04-22,3,3,4,3,2,4,3,2,3,False,
SURV0003975,DUD100493,2024-05-19,2,3,2,1,2,3,2,2,2,False,
SURV0003976,DUD100493,2024-06-20,5,5,5,5,5,4,5,5,5,True,
SURV0003977,DUD100494,2022-12-18,4,4,4,5,4,4,4,4,4,True,
SURV0003978,DUD100494,2023-01-11,3,3,3,2,2,4,3,2,2,False,
SURV0003979,DUD100494,2023-02-25,3,2,4,4,3,3,2,4,3,False,
SURV0003980,DUD100494,2023-03-28,4,4,3,5,3,4,3,4,4,True,
SURV0003981,DUD100494,2023-04-15,4,4,4,5,4,5,4,3,3,True,
SURV0003982,DUD100494,2023-05-10,5,5,5,5,5,5,5,5,5,True,
SURV0003983,DUD100494,2023-06-24,3,2,2,4,3,2,4,3,3,False,
SURV0003984,DUD100494,2023-07-02,5,5,5,4,5,5,5,5,4,True,
SURV0003985,DUD100494,2023-08-06,4,4,5,4,5,4,4,5,4,True,
SURV0003986,DUD100494,2023-09-04,2,1,1,2,2,2,2,2,1,False,
SURV0003987,DUD100494,2023-10-17,4,4,5,4,4,4,4,5,3,True,
SURV0003988,DUD100494,2023-11-19,5,5,5,5,5,5,5,5,5,True,
SURV0003989,DUD100495,2022-09-23,5,4,5,5,5,5,5,5,4,True,
SURV0003990,DUD100495,2022-10-18,3,4,2,2,4,2,3,3,4,False,
SURV0003991,DUD100495,2022-11-06,4,5,4,4,4,3,4,4,4,True,
SURV0003992,DUD100495,2022-12-08,4,4,4,4,4,4,3,5,3,True,
SURV0003993,DUD100495,2023-01-03,1,1,1,2,1,1,1,1,1,False,
SURV0003994,DUD100495,2023-02-14,3,3,3,4,3,3,3,3,3,False,
SURV0003995,DUD100495,2023-03-21,4,4,3,5,5,3,3,5,3,True,
SURV0003996,DUD100495,2023-04-25,3,2,3,3,2,3,3,4,4,False,
SURV0003997,DUD100495,2023-05-16,3,3,4,2,3,3,2,3,4,False,
SURV0003998,DUD100495,2023-06-27,5,4,4,5,5,5,5,5,5,True,
SURV0003999,DUD100495,2023-07-25,4,4,4,3,4,4,4,3,4,True,
SURV0004000,DUD100496,2023-09-16,5,5,5,5,5,5,4,4,4,True,
SURV0004001,DUD100496,2023-10-25,3,2,2,2,3,3,2,3,4,False,
SURV0004002,DUD100496,2023-11-19,3,3,3,3,2,4,2,3,3,False,
SURV0004003,DUD100496,2023-12-02,4,4,4,4,3,4,4,4,4,True,
SURV0004004,DUD100497,2022-07-14,2,2,2,1,2,1,2,2,2,False,
SURV0004005,DUD100497,2022-08-22,5,4,4,4,4,4,5,4,5,True,
SURV0004006,DUD100497,2022-09-26,5,5,5,4,5,5,5,5,5,True,
SURV0004007,DUD100497,2022-10-02,3,3,3,4,4,4,3,3,4,False,
SURV0004008,DUD100498,2024-10-09,5,5,5,4,5,5,5,4,5,True,
SURV0004009,DUD100498,2024-11-14,5,5,5,5,5,5,4,5,5,True,
SURV0004010,DUD100498,2024-12-26,5,4,5,4,5,4,4,5,5,True,
SURV0004011,DUD100498,2025-01-25,4,4,4,4,3,3,3,4,5,True,
SURV0004012,DUD100498,2025-02-16,4,4,3,5,3,3,4,5,4,True,
SURV0004013,DUD100498,2025-03-09,4,4,4,5,5,3,5,5,4,True,
SURV0004014,DUD100498,2025-04-13,4,4,4,4,4,5,3,3,4,True,
SURV0004015,DUD100498,2025-05-05,5,5,5,4,5,5,4,5,5,True,
SURV0004016,DUD100498,2025-06-09,4,3,3,4,3,3,4,5,4,True,
SURV0004017,DUD100498,2025-07-22,4,4,4,4,4,4,3,4,4,True,
SURV0004018,DUD100499,2023-12-23,3,4,3,3,3,3,3,3,4,False,
SURV0004019,DUD100499,2024-01-23,5,5,5,4,5,4,5,5,5,True,
SURV0004020,DUD100499,2024-02-18,5,5,5,5,5,5,5,5,5,True,
SURV0004021,DUD100499,2024-03-08,2,2,2,1,3,1,2,2,1,False,
SURV0004022,DUD100499,2024-04-10,3,3,3,2,3,2,2,2,3,False,
SURV0004023,DUD100499,2024-05-20,2,2,1,2,2,2,1,1,2,False,
SURV0004024,DUD100499,2024-06-06,5,5,5,5,5,5,5,5,4,True,
SURV0004025,DUD100499,2024-07-13,4,4,4,4,4,3,4,4,4,True,
SURV0004026,DUD100499,2024-08-23,3,3,4,2,4,2,4,3,2,False,
SURV0004027,DUD100499,2024-09-07,5,4,5,5,4,5,5,5,5,True,
SURV0004028,DUD100500,2021-08-09,5,5,5,4,4,5,5,4,5,True,
SURV0004029,DUD100500,2021-09-06,4,4,4,5,4,3,4,4,4,True,
SURV0004030,DUD100500,2021-10-17,4,3,5,4,5,3,4,4,3,True,
SURV0004031,DUD100500,2021-11-14,4,3,5,5,3,4,3,4,3,True,
SURV0004032,DUD100500,2021-12-15,5,5,5,5,5,5,5,4,5,True,
SURV0004033,DUD100500,2022-01-05,5,4,5,5,5,5,5,5,5,True,
SURV0004034,DUD100500,2022-02-11,4,4,3,4,4,4,3,4,5,True,
SURV0004035,DUD100501,2024-04-13,1,1,1,1,1,1,1,1,1,False,
SURV0004036,DUD100501,2024-05-11,5,5,4,4,5,5,5,5,5,True,
SURV0004037,DUD100501,2024-06-08,4,3,4,4,4,4,4,3,5,True,
SURV0004038,DUD100501,2024-07-07,3,3,4,2,2,3,4,3,2,False,
SURV0004039,DUD100501,2024-08-06,4,5,3,4,5,3,4,3,4,True,
SURV0004040,DUD100501,2024-09-17,2,1,2,2,1,2,1,1,2,False,
SURV0004041,DUD100501,2024-10-22,4,4,4,3,3,5,5,4,4,True,
SURV0004042,DUD100501,2024-11-11,5,5,5,4,5,5,5,5,4,True,
SURV0004043,DUD100501,2024-12-09,4,3,4,3,5,4,3,4,4,True,
SURV0004044,DUD100501,2025-01-10,5,5,4,5,5,5,4,5,5,True,
SURV0004045,DUD100501,2025-02-14,5,5,5,5,5,5,5,4,5,True,
SURV0004046,DUD100501,2025-03-08,4,3,3,3,5,4,3,3,3,True,
SURV0004047,DUD100502,2024-05-17,4,4,5,4,4,5,4,4,4,True,
SURV0004048,DUD100502,2024-06-27,4,3,4,5,3,3,4,3,5,True,
SURV0004049,DUD100502,2024-07-09,4,4,4,5,3,4,5,4,4,True,
SURV0004050,DUD100502,2024-08-28,2,2,2,1,2,3,2,2,1,False,
SURV0004051,DUD100502,2024-09-15,4,4,5,4,5,4,4,4,4,True,
SURV0004052,DUD100502,2024-10-12,3,3,4,3,4,4,3,3,3,False,
SURV0004053,DUD100502,2024-11-09,4,4,4,4,4,4,3,4,4,True,
SURV0004054,DUD100502,2024-12-13,3,3,2,4,3,3,4,3,4,False,
SURV0004055,DUD100502,2025-01-09,3,3,2,4,2,2,2,4,3,False,
SURV0004056,DUD100502,2025-02-11,3,3,3,3,3,2,3,3,2,False,
SURV0004057,DUD100502,2025-03-22,5,5,5,5,4,5,5,5,4,True,
SURV0004058,DUD100502,2025-04-25,3,3,2,2,2,2,3,3,3,False,
SURV0004059,DUD100503,2023-06-18,4,5,4,5,4,4,4,4,4,True,
SURV0004060,DUD100503,2023-07-05,4,4,4,5,4,5,4,5,4,True,
SURV0004061,DUD100503,2023-08-05,4,4,4,4,4,3,5,4,4,True,
SURV0004062,DUD100503,2023-09-20,4,4,5,4,4,4,4,4,4,True,
SURV0004063,DUD100503,2023-10-08,1,1,1,1,2,1,1,1,2,False,
SURV0004064,DUD100503,2023-11-24,4,4,4,4,4,4,4,5,5,True,
SURV0004065,DUD100503,2023-12-04,4,5,4,4,5,4,3,4,4,True,
SURV0004066,DUD100503,2024-01-04,5,5,4,5,4,4,5,5,5,True,
SURV0004067,DUD100503,2024-02-26,3,2,4,2,2,4,4,2,2,False,
SURV0004068,DUD100503,2024-03-08,5,5,4,4,5,5,5,5,5,True,
SURV0004069,DUD100503,2024-04-27,3,3,3,3,3,2,3,3,4,False,
SURV0004070,DUD100503,2024-05-11,5,5,5,4,5,4,5,5,4,True,
SURV0004071,DUD100504,2022-11-10,3,3,3,2,4,3,4,4,3,False,
SURV0004072,DUD100504,2022-12-10,3,3,3,2,2,3,3,3,4,False,
SURV0004073,DUD100504,2023-01-10,4,5,4,4,4,5,5,3,4,True,
SURV0004074,DUD100504,2023-02-25,4,3,4,4,5,4,4,5,4,True,
SURV0004075,DUD100504,2023-03-18,3,3,3,3,3,3,3,2,2,False,
SURV0004076,DUD100504,2023-04-16,4,5,4,3,4,5,4,3,3,True,
SURV0004077,DUD100504,2023-05-22,3,3,2,2,3,2,4,3,3,False,
SURV0004078,DUD100504,2023-06-14,4,4,3,4,4,4,3,4,3,True,
SURV0004079,DUD100504,2023-07-15,3,3,3,4,3,4,4,3,2,False,
SURV0004080,DUD100504,2023-08-22,4,5,5,4,4,4,3,3,4,True,
SURV0004081,DUD100504,2023-09-09,4,4,4,3,3,4,4,3,4,True,
SURV0004082,DUD100505,2023-12-05,2,2,3,3,2,3,2,1,2,False,
SURV0004083,DUD100505,2024-01-04,4,3,5,5,4,4,4,4,3,True,
SURV0004084,DUD100505,2024-02-19,4,4,3,4,5,5,4,3,5,True,
SURV0004085,DUD100505,2024-03-28,3,4,4,3,3,3,2,3,4,False,
SURV0004086,DUD100505,2024-04-03,5,5,5,5,5,5,5,5,5,True,
SURV0004087,DUD100505,2024-05-04,4,4,5,3,4,5,4,3,5,True,
SURV0004088,DUD100505,2024-06-11,3,3,3,2,3,3,3,3,4,False,
SURV0004089,DUD100505,2024-07-26,4,5,5,4,4,4,5,4,4,True,
SURV0004090,DUD100505,2024-08-28,2,2,2,3,3,3,2,1,1,False,
SURV0004091,DUD100505,2024-09-16,4,5,4,3,4,5,4,5,4,True,
SURV0004092,DUD100506,2023-08-06,4,4,4,5,4,3,4,5,4,True,
SURV0004093,DUD100506,2023-09-13,4,5,4,4,4,3,4,3,3,True,
SURV0004094,DUD100506,2023-10-20,1,1,1,2,1,1,1,2,1,False,
SURV0004095,DUD100506,2023-11-07,2,2,2,2,3,2,1,2,2,False,
SURV0004096,DUD100507,2023-08-17,3,2,4,4,4,2,2,3,2,False,
SURV0004097,DUD100507,2023-09-13,4,5,5,4,4,5,5,4,4,True,
SURV0004098,DUD100507,2023-10-06,3,3,3,4,3,3,3,2,3,False,
SURV0004099,DUD100507,2023-11-20,4,5,4,4,5,4,3,4,4,True,
SURV0004100,DUD100507,2023-12-18,3,2,3,3,4,4,4,3,4,False,
SURV0004101,DUD100507,2024-01-13,3,3,4,2,3,3,3,3,4,False,
SURV0004102,DUD100507,2024-02-21,3,2,3,2,4,3,3,3,2,False,
SURV0004103,DUD100508,2024-10-04,3,4,2,3,3,3,3,3,3,False,
SURV0004104,DUD100508,2024-11-18,3,3,4,4,4,3,3,3,2,False,
SURV0004105,DUD100508,2024-12-18,5,5,5,5,5,5,5,5,5,True,
SURV0004106,DUD100508,2025-01-01,5,5,4,4,5,4,5,4,5,True,
SURV0004107,DUD100508,2025-02-08,4,5,3,4,5,4,4,4,3,True,
SURV0004108,DUD100508,2025-03-11,2,1,3,1,2,3,2,2,2,False,
SURV0004109,DUD100508,2025-04-05,3,2,2,2,4,3,3,3,3,False,
SURV0004110,DUD100508,2025-05-20,5,5,5,5,5,5,5,5,5,True,
SURV0004111,DUD100509,2022-08-08,4,3,3,5,4,5,4,3,4,True,
SURV0004112,DUD100509,2022-09-01,4,4,3,4,4,4,4,5,3,True,
SURV0004113,DUD100509,2022-10-20,4,4,5,3,3,5,4,3,5,True,
SURV0004114,DUD100509,2022-11-02,4,4,4,5,5,4,5,4,5,True,
SURV0004115,DUD100509,2022-12-13,3,3,3,3,3,2,4,3,3,False,
SURV0004116,DUD100509,2023-01-11,5,4,5,5,5,5,5,4,5,True,
SURV0004117,DUD100509,2023-02-04,2,2,2,2,2,2,2,2,3,False,
SURV0004118,DUD100509,2023-03-19,5,4,5,4,4,5,5,5,5,True,
SURV0004119,DUD100509,2023-04-03,4,4,3,4,5,5,4,5,4,True,
SURV0004120,DUD100509,2023-05-22,4,4,5,4,4,4,3,5,4,True,
SURV0004121,DUD100510,2021-05-12,3,3,3,4,3,3,3,2,3,False,
SURV0004122,DUD100510,2021-06-04,3,3,3,3,3,3,2,3,3,False,
SURV0004123,DUD100510,2021-07-16,5,5,5,4,5,4,5,5,5,True,
SURV0004124,DUD100510,2021-08-02,4,4,4,4,4,5,4,3,4,True,
SURV0004125,DUD100510,2021-09-04,4,5,4,4,4,4,5,4,5,True,
SURV0004126,DUD100510,2021-10-02,1,1,1,1,1,2,1,1,1,False,
SURV0004127,DUD100510,2021-11-19,3,3,4,3,3,3,3,3,2,False,
SURV0004128,DUD100510,2021-12-03,1,1,2,1,1,1,1,2,1,False,
SURV0004129,DUD100510,2022-01-19,4,4,3,3,5,3,4,3,3,True,
SURV0004130,DUD100510,2022-02-17,4,4,3,4,3,4,4,4,4,True,
SURV0004131,DUD100510,2022-03-23,4,4,4,5,5,4,3,3,3,True,
SURV0004132,DUD100510,2022-04-22,3,4,3,3,2,4,3,3,2,False,
SURV0004133,DUD100511,2022-09-24,2,2,2,3,3,1,3,3,3,False,
SURV0004134,DUD100511,2022-10-03,4,4,4,4,5,4,4,5,3,True,
SURV0004135,DUD100511,2022-11-04,3,3,3,3,3,3,3,2,3,False,
SURV0004136,DUD100511,2022-12-22,3,3,3,3,3,3,2,4,4,False,
SURV0004137,DUD100511,2023-01-25,1,1,1,2,1,1,2,1,1,False,
SURV0004138,DUD100511,2023-02-10,3,3,3,2,3,4,3,2,4,False,
SURV0004139,DUD100511,2023-03-25,5,5,5,5,5,5,4,5,5,True,
SURV0004140,DUD100511,2023-04-03,1,1,2,1,1,2,1,1,1,False,
SURV0004141,DUD100511,2023-05-10,3,4,3,2,2,3,3,3,4,False,
SURV0004142,DUD100511,2023-06-21,4,4,4,4,3,5,4,5,5,True,
SURV0004143,DUD100511,2023-07-23,1,1,1,1,1,1,2,1,2,False,
SURV0004144,DUD100512,2023-09-18,2,2,2,2,2,3,3,1,1,False,
SURV0004145,DUD100512,2023-10-22,3,3,2,2,4,3,3,2,3,False,
SURV0004146,DUD100512,2023-11-01,4,4,3,4,4,4,4,4,5,True,
SURV0004147,DUD100512,2023-12-09,4,4,3,4,5,3,5,4,3,True,
SURV0004148,DUD100512,2024-01-20,4,4,3,5,4,3,3,4,4,True,
SURV0004149,DUD100512,2024-02-14,3,4,4,3,3,2,4,2,3,False,
SURV0004150,DUD100512,2024-03-17,4,4,4,4,4,4,5,3,5,True,
SURV0004151,DUD100512,2024-04-21,3,3,3,3,3,3,3,2,3,False,
SURV0004152,DUD100513,2021-10-12,4,5,4,3,3,4,3,5,4,True,
SURV0004153,DUD100513,2021-11-22,5,5,4,5,5,5,5,5,5,True,
SURV0004154,DUD100513,2021-12-03,3,3,2,3,2,3,3,4,2,False,
SURV0004155,DUD100513,2022-01-10,2,3,3,2,1,3,2,2,1,False,
SURV0004156,DUD100513,2022-02-18,5,5,5,5,5,5,5,4,4,True,
SURV0004157,DUD100513,2022-03-04,4,4,3,5,4,4,4,4,5,True,
SURV0004158,DUD100513,2022-04-08,4,4,4,3,5,4,5,5,4,True,
SURV0004159,DUD100513,2022-05-04,4,4,3,4,4,5,4,4,4,True,
SURV0004160,DUD100513,2022-06-03,4,3,4,3,4,4,3,3,3,True,
SURV0004161,DUD100513,2022-07-11,4,4,4,5,4,4,4,4,3,True,
SURV0004162,DUD100513,2022-08-14,3,3,4,2,3,3,3,3,3,False,
SURV0004163,DUD100513,2022-09-07,5,5,5,4,4,4,5,5,5,True,
SURV0004164,DUD100514,2024-06-03,1,1,1,1,2,1,2,1,1,False,
SURV0004165,DUD100514,2024-07-28,3,4,2,3,2,3,2,3,2,False,
SURV0004166,DUD100514,2024-08-04,4,4,4,5,3,5,4,4,4,True,
SURV0004167,DUD100514,2024-09-28,4,3,4,4,5,5,4,3,3,True,
SURV0004168,DUD100514,2024-10-03,5,5,5,5,4,5,5,4,5,True,
SURV0004169,DUD100514,2024-11-20,4,3,4,4,4,5,4,4,3,True,
SURV0004170,DUD100514,2024-12-26,4,4,3,3,5,3,4,4,5,True,
SURV0004171,DUD100514,2025-01-24,5,5,4,4,5,5,4,5,4,True,
SURV0004172,DUD100514,2025-02-18,5,5,4,4,5,4,5,5,5,True,
SURV0004173,DUD100515,2021-04-22,4,4,3,4,5,4,5,4,4,True,
SURV0004174,DUD100515,2021-05-11,4,5,4,4,4,4,4,4,4,True,
SURV0004175,DUD100515,2021-06-11,4,4,5,4,3,4,4,3,3,True,
SURV0004176,DUD100515,2021-07-13,4,4,3,4,4,5,3,4,5,True,
SURV0004177,DUD100515,2021-08-08,5,5,4,5,5,5,5,4,4,True,
SURV0004178,DUD100515,2021-09-15,5,5,5,5,5,5,5,5,5,True,
SURV0004179,DUD100515,2021-10-27,5,4,5,4,5,4,5,5,5,True,
SURV0004180,DUD100515,2021-11-14,3,2,3,3,2,3,4,4,3,False,
SURV0004181,DUD100515,2021-12-11,4,4,4,3,4,4,4,4,3,True,
SURV0004182,DUD100516,2022-01-26,5,5,5,5,5,4,5,5,5,True,
SURV0004183,DUD100516,2022-02-23,5,5,5,5,5,5,5,5,5,True,
SURV0004184,DUD100516,2022-03-17,4,3,4,4,4,5,4,3,3,True,
SURV0004185,DUD100516,2022-04-22,2,3,2,2,2,1,2,2,1,False,
SURV0004186,DUD100516,2022-05-03,2,1,3,2,3,2,3,2,2,False,
SURV0004187,DUD100516,2022-06-24,4,4,4,3,4,4,4,4,4,True,
SURV0004188,DUD100516,2022-07-07,4,5,4,5,3,3,4,5,3,True,
SURV0004189,DUD100517,2021-09-17,3,2,3,4,4,3,3,2,4,False,
SURV0004190,DUD100517,2021-10-20,3,4,3,3,3,3,2,4,4,False,
SURV0004191,DUD100517,2021-11-20,4,4,3,3,4,3,4,4,3,True,
SURV0004192,DUD100517,2021-12-26,5,5,4,4,5,5,5,4,5,True,
SURV0004193,DUD100517,2022-01-10,3,4,3,3,4,3,2,4,2,False,
SURV0004194,DUD100517,2022-02-15,4,3,4,3,4,3,5,4,3,True,
SURV0004195,DUD100517,2022-03-16,5,5,5,5,5,4,5,4,5,True,
SURV0004196,DUD100517,2022-04-23,5,5,5,5,5,5,5,5,5,True,
SURV0004197,DUD100517,2022-05-17,5,5,5,5,5,5,4,5,4,True,
SURV0004198,DUD100517,2022-06-24,2,1,1,2,2,2,3,1,3,False,
SURV0004199,DUD100518,2023-10-02,4,4,5,3,4,4,4,5,4,True,
SURV0004200,DUD100518,2023-11-18,4,4,4,4,3,4,5,3,3,True,
SURV0004201,DUD100518,2023-12-21,5,5,4,5,5,5,4,4,5,True,
SURV0004202,DUD100518,2024-01-17,4,5,3,4,3,3,4,5,5,True,
SURV0004203,DUD100519,2021-08-14,3,3,3,4,4,2,2,3,4,False,
SURV0004204,DUD100519,2021-09-21,4,5,5,4,4,3,5,4,5,True,
SURV0004205,DUD100519,2021-10-19,4,5,4,4,4,5,5,3,4,True,
SURV0004206,DUD100519,2021-11-16,3,2,3,4,2,3,4,3,3,False,
SURV0004207,DUD100519,2021-12-09,3,3,3,3,2,3,3,3,3,False,
SURV0004208,DUD100519,2022-01-01,4,4,3,4,5,5,5,4,5,True,
SURV0004209,DUD100519,2022-02-16,5,5,4,5,4,5,5,5,4,True,
SURV0004210,DUD100520,2021-09-15,5,4,4,5,4,5,5,4,4,True,
SURV0004211,DUD100520,2021-10-04,4,3,3,5,4,4,4,3,4,True,
SURV0004212,DUD100520,2021-11-27,4,5,3,5,4,5,4,3,3,True,
SURV0004213,DUD100520,2021-12-08,3,3,2,3,2,3,3,2,2,False,
SURV0004214,DUD100520,2022-01-03,2,3,2,2,2,2,3,2,3,False,
SURV0004215,DUD100520,2022-02-18,5,5,4,4,5,5,5,4,5,True,
SURV0004216,DUD100520,2022-03-08,1,2,1,1,1,1,1,1,1,False,
SURV0004217,DUD100520,2022-04-13,4,4,3,4,5,5,3,5,4,True,
SURV0004218,DUD100520,2022-05-14,4,4,3,4,4,4,4,5,4,True,
SURV0004219,DUD100520,2022-06-15,3,2,2,4,4,2,2,2,4,False,
SURV0004220,DUD100520,2022-07-01,2,2,2,3,2,3,1,2,1,False,
SURV0004221,DUD100520,2022-08-17,4,3,5,4,4,5,4,4,4,True,
SURV0004222,DUD100521,2021-02-20,4,4,5,4,5,4,3,3,4,True,
SURV0004223,DUD100521,2021-03-26,4,4,4,5,4,4,4,4,5,True,
SURV0004224,DUD100521,2021-04-27,1,1,1,2,1,2,1,1,1,False,
SURV0004225,DUD100521,2021-05-17,2,1,1,2,3,1,3,2,2,False,
SURV0004226,DUD100521,2021-06-19,4,3,3,5,4,4,5,4,3,True,
SURV0004227,DUD100521,2021-07-20,3,3,3,3,4,3,3,2,3,False,
SURV0004228,DUD100521,2021-08-14,4,4,4,3,4,4,4,4,4,True,
SURV0004229,DUD100521,2021-09-12,4,3,4,4,3,5,5,5,3,True,
SURV0004230,DUD100522,2024-07-21,5,5,5,5,5,4,5,5,5,True,
SURV0004231,DUD100522,2024-08-24,3,3,2,3,3,4,3,3,3,False,
SURV0004232,DUD100522,2024-09-20,2,2,3,2,2,3,2,2,2,False,
SURV0004233,DUD100522,2024-10-11,1,1,2,1,2,1,1,1,1,False,
SURV0004234,DUD100522,2024-11-18,4,4,5,4,3,5,5,5,3,True,
SURV0004235,DUD100522,2024-12-13,4,5,4,4,4,4,4,4,5,True,
SURV0004236,DUD100522,2025-01-20,5,4,5,4,5,5,5,5,5,True,
SURV0004237,DUD100523,2022-06-15,4,4,4,3,4,5,4,5,5,True,
SURV0004238,DUD100523,2022-07-26,4,4,4,4,3,3,4,4,5,True,
SURV0004239,DUD100523,2022-08-09,2,2,1,2,3,1,3,3,3,False,
SURV0004240,DUD100523,2022-09-02,2,2,1,1,3,2,1,1,2,False,
SURV0004241,DUD100523,2022-10-13,5,5,5,4,4,5,5,5,5,True,
SURV0004242,DUD100523,2022-11-05,4,3,4,3,5,3,5,3,5,True,
SURV0004243,DUD100523,2022-12-12,3,3,3,3,2,2,4,3,3,False,
SURV0004244,DUD100524,2023-11-25,5,5,4,5,5,5,4,5,5,True,
SURV0004245,DUD100524,2023-12-26,3,3,3,4,2,3,4,2,4,False,
SURV0004246,DUD100524,2024-01-04,4,4,4,4,4,5,5,3,4,True,
SURV0004247,DUD100524,2024-02-05,1,1,1,1,2,2,1,1,1,False,
SURV0004248,DUD100524,2024-03-20,5,5,5,5,4,5,4,5,5,True,
SURV0004249,DUD100524,2024-04-18,3,3,3,3,4,3,2,4,2,False,
SURV0004250,DUD100524,2024-05-03,2,2,1,2,2,2,3,2,3,False,
SURV0004251,DUD100525,2022-03-25,5,5,5,5,5,5,4,5,5,True,
SURV0004252,DUD100525,2022-04-15,3,4,4,4,4,2,3,2,2,False,
SURV0004253,DUD100525,2022-05-06,3,2,2,4,4,3,4,3,4,False,
SURV0004254,DUD100525,2022-06-18,2,2,2,1,2,1,3,2,2,False,
SURV0004255,DUD100525,2022-07-05,3,4,4,2,3,4,4,2,3,False,
SURV0004256,DUD100525,2022-08-17,5,4,4,5,4,5,5,5,5,True,
SURV0004257,DUD100525,2022-09-10,4,4,4,4,4,3,5,4,3,True,
SURV0004258,DUD100525,2022-10-08,2,2,2,3,1,2,2,3,3,False,
SURV0004259,DUD100525,2022-11-14,4,4,4,4,3,4,5,4,4,True,
SURV0004260,DUD100525,2022-12-13,1,2,2,1,1,1,2,1,1,False,
SURV0004261,DUD100525,2023-01-28,2,2,1,2,2,2,1,1,2,False,
SURV0004262,DUD100525,2023-02-08,4,5,4,4,3,4,4,4,4,True,
SURV0004263,DUD100526,2024-05-26,4,5,5,4,3,3,5,4,4,True,
SURV0004264,DUD100526,2024-06-16,4,3,4,5,4,3,4,4,5,True,
SURV0004265,DUD100526,2024-07-27,2,2,1,2,3,2,1,3,1,False,
SURV0004266,DUD100526,2024-08-10,2,1,2,2,3,3,2,2,2,False,
SURV0004267,DUD100526,2024-09-13,4,3,3,4,5,4,4,3,4,True,
SURV0004268,DUD100527,2024-07-13,3,3,2,4,2,3,2,3,3,False,
SURV0004269,DUD100527,2024-08-16,2,2,1,1,3,2,1,3,2,False,
SURV0004270,DUD100527,2024-09-01,3,2,4,2,4,3,3,4,3,False,
SURV0004271,DUD100527,2024-10-19,4,5,4,4,4,4,5,3,4,True,
SURV0004272,DUD100527,2024-11-09,5,5,4,4,5,5,5,5,5,True,
SURV0004273,DUD100528,2022-02-24,4,3,4,4,5,5,4,5,3,True,
SURV0004274,DUD100528,2022-03-14,5,5,5,5,5,5,4,5,5,True,
SURV0004275,DUD100528,2022-04-20,4,4,4,3,5,3,5,3,4,True,
SURV0004276,DUD100528,2022-05-03,3,4,3,4,2,2,3,3,2,False,
SURV0004277,DUD100528,2022-06-07,3,2,2,2,2,4,3,2,2,False,
SURV0004278,DUD100528,2022-07-18,3,2,3,3,3,2,3,2,4,False,
SURV0004279,DUD100528,2022-08-20,2,1,1,1,1,2,2,2,2,False,
SURV0004280,DUD100528,2022-09-03,4,4,3,4,4,4,4,4,5,True,
SURV0004281,DUD100528,2022-10-17,4,4,5,4,4,4,4,5,4,True,
SURV0004282,DUD100528,2022-11-16,4,4,3,5,4,5,5,4,5,True,
SURV0004283,DUD100529,2024-11-10,4,4,5,4,3,4,3,4,4,True,
SURV0004284,DUD100529,2024-12-16,4,4,4,4,3,3,4,4,4,True,
SURV0004285,DUD100529,2025-01-11,3,2,4,3,4,4,4,3,2,False,
SURV0004286,DUD100529,2025-02-17,3,2,2,4,2,3,3,4,3,False,
SURV0004287,DUD100530,2023-08-21,5,5,4,5,5,5,5,5,5,True,
SURV0004288,DUD100530,2023-09-26,3,3,4,3,3,3,3,4,2,False,
SURV0004289,DUD100530,2023-10-16,5,5,5,5,4,5,4,4,5,True,
SURV0004290,DUD100530,2023-11-10,4,5,3,3,4,4,3,4,4,True,
SURV0004291,DUD100530,2023-12-03,4,4,4,3,3,3,3,4,5,True,
SURV0004292,DUD100530,2024-01-05,4,5,5,5,5,5,4,4,4,True,
SURV0004293,DUD100530,2024-02-04,3,4,2,2,3,3,2,4,2,False,
SURV0004294,DUD100530,2024-03-19,5,5,4,5,4,5,5,4,5,True,
SURV0004295,DUD100530,2024-04-01,5,5,5,5,5,4,5,4,5,True,
SURV0004296,DUD100530,2024-05-20,2,2,2,2,3,3,2,2,2,False,
SURV0004297,DUD100530,2024-06-24,4,3,5,4,3,4,3,3,5,True,
SURV0004298,DUD100531,2022-11-24,2,1,2,3,3,2,3,3,3,False,
SURV0004299,DUD100531,2022-12-14,2,3,2,2,2,2,2,2,2,False,
SURV0004300,DUD100531,2023-01-22,4,4,3,4,4,5,3,4,3,True,
SURV0004301,DUD100531,2023-02-03,5,5,5,5,5,5,5,4,4,True,
SURV0004302,DUD100531,2023-03-06,4,4,4,4,4,5,4,4,4,True,
SURV0004303,DUD100531,2023-04-12,3,3,4,4,2,3,3,3,4,False,
SURV0004304,DUD100531,2023-05-08,4,4,4,5,3,3,4,4,3,True,
SURV0004305,DUD100531,2023-06-21,4,4,4,3,4,4,3,4,3,True,
SURV0004306,DUD100531,2023-07-05,4,4,4,3,3,4,4,3,4,True,
SURV0004307,DUD100531,2023-08-12,4,5,5,3,3,3,5,4,4,True,
SURV0004308,DUD100531,2023-09-13,4,4,4,5,3,5,5,5,3,True,
SURV0004309,DUD100531,2023-10-11,4,4,3,5,3,5,4,3,4,True,
SURV0004310,DUD100532,2021-07-12,2,2,2,2,2,3,3,2,2,False,
SURV0004311,DUD100532,2021-08-28,5,5,5,5,5,4,5,5,5,True,
SURV0004312,DUD100532,2021-09-14,4,4,4,5,3,5,5,4,3,True,
SURV0004313,DUD100532,2021-10-21,4,4,4,4,3,4,4,4,5,True,
SURV0004314,DUD100532,2021-11-22,3,4,3,3,3,3,3,3,2,False,
SURV0004315,DUD100532,2021-12-01,5,4,5,5,4,5,5,4,5,True,
SURV0004316,DUD100532,2022-01-25,4,3,3,4,3,4,4,3,5,True,
SURV0004317,DUD100532,2022-02-04,5,5,5,5,5,4,5,4,5,True,
SURV0004318,DUD100532,2022-03-08,3,3,3,3,4,4,4,3,3,False,
SURV0004319,DUD100532,2022-04-02,3,2,3,3,3,3,3,3,4,False,
SURV0004320,DUD100532,2022-05-01,5,5,5,5,4,4,5,5,5,True,
SURV0004321,DUD100532,2022-06-25,2,2,2,2,2,2,1,3,1,False,
SURV0004322,DUD100533,2024-01-08,4,4,4,5,5,4,5,3,3,True,
SURV0004323,DUD100533,2024-02-13,5,5,5,5,5,5,4,5,5,True,
SURV0004324,DUD100533,2024-03-10,5,4,5,5,5,5,5,4,4,True,
SURV0004325,DUD100533,2024-04-18,5,4,5,4,5,5,5,5,5,True,
SURV0004326,DUD100533,2024-05-08,1,1,2,1,1,1,1,1,1,False,
SURV0004327,DUD100534,2023-11-07,5,5,5,5,5,5,4,5,5,True,
SURV0004328,DUD100534,2023-12-10,2,2,3,3,1,2,2,3,2,False,
SURV0004329,DUD100534,2024-01-10,4,4,4,5,5,4,3,4,4,True,
SURV0004330,DUD100534,2024-02-04,4,4,3,5,4,5,4,5,5,True,
SURV0004331,DUD100534,2024-03-02,3,2,4,4,2,3,3,2,4,False,
SURV0004332,DUD100534,2024-04-23,3,3,3,2,3,2,2,3,4,False,
SURV0004333,DUD100534,2024-05-11,4,4,4,4,4,4,4,5,4,True,
SURV0004334,DUD100534,2024-06-06,5,4,4,5,5,4,4,5,5,True,
SURV0004335,DUD100534,2024-07-06,4,4,4,4,4,4,4,3,5,True,
SURV0004336,DUD100534,2024-08-23,2,2,1,2,1,2,3,1,3,False,
SURV0004337,DUD100534,2024-09-10,3,3,3,3,3,3,3,3,2,False,
SURV0004338,DUD100534,2024-10-21,5,5,5,5,5,5,5,5,4,True,
SURV0004339,DUD100535,2024-02-13,2,2,1,2,2,3,3,2,3,False,
SURV0004340,DUD100535,2024-03-07,3,4,3,2,4,4,3,4,3,False,
SURV0004341,DUD100535,2024-04-22,3,4,4,3,2,3,3,3,4,False,
SURV0004342,DUD100535,2024-05-08,4,5,3,5,4,4,5,5,3,True,
SURV0004343,DUD100535,2024-06-16,3,3,4,3,2,2,4,3,2,False,
SURV0004344,DUD100535,2024-07-18,3,3,3,4,3,2,4,2,2,False,
SURV0004345,DUD100535,2024-08-20,5,4,5,5,5,5,5,5,5,True,
SURV0004346,DUD100535,2024-09-02,1,1,1,1,1,2,1,1,1,False,
SURV0004347,DUD100535,2024-10-21,5,4,4,5,5,5,5,5,5,True,
SURV0004348,DUD100535,2024-11-16,4,5,4,4,5,4,4,4,5,True,
SURV0004349,DUD100536,2023-03-07,3,3,4,4,3,2,4,2,4,False,
SURV0004350,DUD100536,2023-04-14,4,4,3,5,4,4,4,4,4,True,
SURV0004351,DUD100536,2023-05-04,5,5,5,5,5,5,4,4,5,True,
SURV0004352,DUD100536,2023-06-26,5,4,5,5,5,5,4,4,5,True,
SURV0004353,DUD100536,2023-07-22,4,5,4,3,3,3,4,4,3,True,
SURV0004354,DUD100536,2023-08-12,4,5,5,3,4,4,4,4,5,True,
SURV0004355,DUD100537,2023-01-04,3,3,2,4,4,3,3,2,2,False,
SURV0004356,DUD100537,2023-02-14,5,4,5,5,5,5,4,5,5,True,
SURV0004357,DUD100537,2023-03-20,4,4,4,4,4,4,5,4,4,True,
SURV0004358,DUD100537,2023-04-26,3,3,4,3,4,3,4,4,3,False,
SURV0004359,DUD100537,2023-05-18,4,4,4,4,5,4,4,5,3,True,
SURV0004360,DUD100537,2023-06-28,4,4,3,3,4,4,5,4,4,True,
SURV0004361,DUD100537,2023-07-07,4,4,5,3,3,5,4,5,3,True,
SURV0004362,DUD100538,2021-01-22,5,5,5,5,5,5,5,5,5,True,
SURV0004363,DUD100538,2021-02-03,4,4,4,4,4,5,4,4,4,True,
SURV0004364,DUD100538,2021-03-26,4,5,3,4,4,5,3,5,4,True,
SURV0004365,DUD100538,2021-04-15,3,3,3,4,2,3,3,4,2,False,
SURV0004366,DUD100538,2021-05-20,5,5,4,4,5,5,4,5,5,True,
SURV0004367,DUD100538,2021-06-06,4,4,4,4,3,4,4,4,4,True,
SURV0004368,DUD100538,2021-07-20,4,5,5,4,4,4,4,3,4,True,
SURV0004369,DUD100538,2021-08-13,4,4,4,5,4,5,4,3,4,True,
SURV0004370,DUD100538,2021-09-25,3,3,3,3,3,3,3,3,2,False,
SURV0004371,DUD100538,2021-10-28,4,5,4,4,4,4,4,3,4,True,
SURV0004372,DUD100538,2021-11-06,4,4,4,3,4,5,3,5,5,True,
SURV0004373,DUD100539,2021-10-28,5,5,5,5,4,4,5,5,5,True,
SURV0004374,DUD100539,2021-11-27,4,3,3,5,3,4,5,4,5,True,
SURV0004375,DUD100539,2021-12-10,2,2,2,1,2,1,1,2,1,False,
SURV0004376,DUD100539,2022-01-06,1,1,1,1,1,2,1,1,2,False,
SURV0004377,DUD100540,2024-01-04,5,5,5,5,5,5,4,5,4,True,
SURV0004378,DUD100540,2024-02-10,5,5,5,5,5,5,5,5,4,True,
SURV0004379,DUD100540,2024-03-09,3,3,3,4,3,2,3,3,3,False,
SURV0004380,DUD100540,2024-04-15,4,3,3,5,4,3,4,3,4,True,
SURV0004381,DUD100540,2024-05-11,4,5,5,4,5,4,4,4,3,True,
SURV0004382,DUD100540,2024-06-27,4,3,3,4,4,3,5,4,4,True,
SURV0004383,DUD100540,2024-07-15,3,2,3,2,3,4,2,3,2,False,
SURV0004384,DUD100540,2024-08-03,3,3,2,4,3,3,3,3,4,False,
SURV0004385,DUD100540,2024-09-05,4,5,3,4,4,4,5,3,3,True,
SURV0004386,DUD100540,2024-10-18,3,4,4,4,4,3,3,3,2,False,
SURV0004387,DUD100540,2024-11-25,1,2,1,1,2,2,1,1,2,False,
SURV0004388,DUD100541,2023-04-07,4,3,3,4,4,4,4,4,4,True,
SURV0004389,DUD100541,2023-05-13,2,2,1,2,3,2,2,3,2,False,
SURV0004390,DUD100541,2023-06-10,4,4,5,4,4,4,4,4,5,True,
SURV0004391,DUD100541,2023-07-16,5,4,4,5,5,5,5,5,5,True,
SURV0004392,DUD100541,2023-08-14,3,2,2,3,3,2,3,2,3,False,
SURV0004393,DUD100542,2022-03-25,4,3,5,4,5,5,5,5,4,True,
SURV0004394,DUD100542,2022-04-18,4,4,5,5,3,4,3,4,4,True,
SURV0004395,DUD100542,2022-05-06,4,4,4,5,5,4,4,4,4,True,
SURV0004396,DUD100542,2022-06-16,3,3,3,3,3,4,3,4,3,False,
SURV0004397,DUD100542,2022-07-03,5,5,5,5,5,5,5,5,5,True,
SURV0004398,DUD100543,2024-11-07,3,3,4,2,3,3,4,3,4,False,
SURV0004399,DUD100543,2024-12-20,4,4,4,4,5,4,3,3,3,True,
SURV0004400,DUD100543,2025-01-13,5,4,5,5,5,5,5,5,4,True,
SURV0004401,DUD100543,2025-02-25,4,4,4,3,4,3,3,4,5,True,
SURV0004402,DUD100543,2025-03-14,5,5,5,5,5,4,5,4,4,True,
SURV0004403,DUD100543,2025-04-05,4,5,5,4,4,4,4,4,4,True,
SURV0004404,DUD100543,2025-05-04,3,2,3,3,2,4,4,3,3,False,
SURV0004405,DUD100543,2025-06-06,4,5,4,3,5,5,4,3,4,True,
SURV0004406,DUD100544,2024-04-28,5,4,5,5,5,5,5,4,5,True,
SURV0004407,DUD100544,2024-05-26,4,4,4,4,3,4,4,5,3,True,
SURV0004408,DUD100544,2024-06-15,5,4,5,5,5,4,5,5,5,True,
SURV0004409,DUD100544,2024-07-21,3,3,3,3,3,4,3,4,2,False,
SURV0004410,DUD100544,2024-08-22,4,5,5,3,4,3,3,4,4,True,
SURV0004411,DUD100545,2021-03-19,3,3,4,2,3,3,4,2,2,False,
SURV0004412,DUD100545,2021-04-23,2,1,3,2,3,2,3,2,3,False,
SURV0004413,DUD100545,2021-05-20,2,3,2,2,2,2,2,2,2,False,
SURV0004414,DUD100545,2021-06-11,4,4,4,4,5,3,5,3,4,True,
SURV0004415,DUD100545,2021-07-25,4,4,3,4,5,4,4,4,4,True,
SURV0004416,DUD100546,2021-02-24,3,3,3,3,2,3,4,2,2,False,
SURV0004417,DUD100546,2021-03-09,4,4,4,4,4,4,5,3,5,True,
SURV0004418,DUD100546,2021-04-26,3,3,2,2,2,3,4,2,3,False,
SURV0004419,DUD100546,2021-05-21,5,5,5,5,5,5,5,5,5,True,
SURV0004420,DUD100546,2021-06-12,4,3,3,4,5,3,5,4,3,True,
SURV0004421,DUD100546,2021-07-19,4,4,4,3,4,5,4,4,3,True,
SURV0004422,DUD100546,2021-08-17,1,2,2,2,1,1,1,1,1,False,
SURV0004423,DUD100546,2021-09-19,2,2,1,2,3,2,1,2,2,False,
SURV0004424,DUD100546,2021-10-28,3,3,4,3,3,2,3,4,3,False,
SURV0004425,DUD100547,2021-06-04,4,4,5,3,4,4,3,4,3,True,
SURV0004426,DUD100547,2021-07-20,4,4,3,4,3,4,5,5,4,True,
SURV0004427,DUD100547,2021-08-05,2,2,3,2,2,2,2,2,1,False,
SURV0004428,DUD100547,2021-09-27,4,4,4,4,4,4,4,5,5,True,
SURV0004429,DUD100548,2024-09-21,4,5,3,4,5,4,4,4,4,True,
SURV0004430,DUD100548,2024-10-02,4,5,4,5,3,5,4,4,4,True,
SURV0004431,DUD100548,2024-11-10,3,3,3,4,4,4,4,3,3,False,
SURV0004432,DUD100548,2024-12-17,3,3,3,3,4,3,4,2,3,False,
SURV0004433,DUD100548,2025-01-28,5,5,5,5,5,5,4,5,5,True,
SURV0004434,DUD100548,2025-02-05,5,5,5,4,5,5,4,5,5,True,
SURV0004435,DUD100548,2025-03-23,4,3,3,5,4,4,4,4,4,True,
SURV0004436,DUD100548,2025-04-12,4,4,4,5,4,4,4,4,3,True,
SURV0004437,DUD100548,2025-05-04,3,3,3,4,3,3,3,2,4,False,
SURV0004438,DUD100549,2023-11-28,4,4,4,3,4,4,3,3,4,True,
SURV0004439,DUD100549,2023-12-15,3,2,4,3,4,3,4,2,3,False,
SURV0004440,DUD100549,2024-01-03,4,3,5,4,4,5,3,3,4,True,
SURV0004441,DUD100549,2024-02-09,2,3,2,1,3,2,1,3,1,False,
SURV0004442,DUD100549,2024-03-10,4,4,5,4,4,4,4,4,3,True,
SURV0004443,DUD100549,2024-04-23,3,3,3,3,4,2,3,2,2,False,
SURV0004444,DUD100549,2024-05-03,2,2,2,2,1,3,1,3,1,False,
SURV0004445,DUD100549,2024-06-15,4,4,5,5,4,5,4,4,4,True,
SURV0004446,DUD100549,2024-07-17,4,5,3,3,3,5,3,5,4,True,
SURV0004447,DUD100550,2021-10-11,4,5,4,3,4,5,4,5,5,True,
SURV0004448,DUD100550,2021-11-17,4,4,4,5,5,4,4,4,3,True,
SURV0004449,DUD100550,2021-12-11,3,3,3,4,3,2,4,3,3,False,
SURV0004450,DUD100550,2022-01-12,3,3,4,2,3,3,2,3,2,False,
SURV0004451,DUD100550,2022-02-28,5,5,5,5,5,5,5,5,5,True,
SURV0004452,DUD100550,2022-03-06,3,3,4,2,3,3,4,3,3,False,
SURV0004453,DUD100550,2022-04-26,2,2,3,2,2,3,1,2,1,False,
SURV0004454,DUD100550,2022-05-28,2,3,2,3,3,3,2,1,3,False,
SURV0004455,DUD100550,2022-06-18,5,5,5,4,5,5,5,4,5,True,
SURV0004456,DUD100550,2022-07-09,4,4,5,4,3,3,3,5,4,True,
SURV0004457,DUD100551,2024-08-08,5,5,5,5,5,5,5,5,4,True,
SURV0004458,DUD100551,2024-09-05,3,4,3,4,4,3,3,4,3,False,
SURV0004459,DUD100551,2024-10-13,5,4,5,5,5,5,5,4,5,True,
SURV0004460,DUD100551,2024-11-24,4,4,4,4,3,5,4,4,4,True,
SURV0004461,DUD100551,2024-12-24,4,4,4,4,4,4,4,4,5,True,
SURV0004462,DUD100551,2025-01-14,3,3,3,2,3,3,4,3,3,False,
SURV0004463,DUD100551,2025-02-07,3,2,3,4,3,3,4,3,3,False,
SURV0004464,DUD100551,2025-03-11,4,4,4,5,4,3,5,4,5,True,
SURV0004465,DUD100551,2025-04-25,3,2,2,2,2,3,2,3,3,False,
SURV0004466,DUD100552,2023-06-19,5,5,5,5,5,5,5,5,5,True,
SURV0004467,DUD100552,2023-07-21,4,4,5,3,4,4,4,5,4,True,
SURV0004468,DUD100552,2023-08-17,4,4,3,4,5,5,4,3,4,True,
SURV0004469,DUD100552,2023-09-27,3,4,4,4,2,3,4,3,2,False,
SURV0004470,DUD100552,2023-10-11,5,4,5,5,5,5,5,5,5,True,
SURV0004471,DUD100552,2023-11-09,3,4,3,4,3,4,3,3,4,False,
SURV0004472,DUD100552,2023-12-27,2,1,3,2,2,1,3,3,2,False,
SURV0004473,DUD100552,2024-01-07,4,5,3,3,4,5,3,4,3,True,
SURV0004474,DUD100552,2024-02-15,3,2,2,2,3,4,3,2,2,False,
SURV0004475,DUD100552,2024-03-07,5,5,4,5,4,5,5,5,5,True,
SURV0004476,DUD100552,2024-04-08,4,4,4,4,4,4,4,3,5,True,
SURV0004477,DUD100552,2024-05-14,4,4,3,5,4,3,4,4,4,True,
SURV0004478,DUD100553,2021-06-13,5,5,5,4,4,4,5,4,5,True,
SURV0004479,DUD100553,2021-07-07,2,3,2,2,2,3,1,1,2,False,
SURV0004480,DUD100553,2021-08-11,3,4,3,4,2,4,4,4,3,False,
SURV0004481,DUD100553,2021-09-28,5,5,5,4,5,4,4,4,4,True,
SURV0004482,DUD100553,2021-10-17,2,3,2,1,1,1,2,1,1,False,
SURV0004483,DUD100553,2021-11-22,3,3,3,3,3,3,3,2,4,False,
SURV0004484,DUD100553,2021-12-22,3,4,4,3,3,3,3,2,4,False,
SURV0004485,DUD100553,2022-01-07,5,5,5,5,4,4,4,5,5,True,
SURV0004486,DUD100553,2022-02-11,5,5,4,5,5,5,5,4,5,True,
SURV0004487,DUD100554,2024-09-24,5,4,4,5,5,5,5,5,5,True,
SURV0004488,DUD100554,2024-10-05,5,5,5,5,5,5,5,5,5,True,
SURV0004489,DUD100554,2024-11-09,3,3,2,4,2,3,3,4,3,False,
SURV0004490,DUD100554,2024-12-15,5,4,4,5,5,5,5,5,4,True,
SURV0004491,DUD100554,2025-01-24,3,2,3,4,3,2,4,3,3,False,
SURV0004492,DUD100554,2025-02-13,4,4,4,4,5,5,5,4,5,True,
SURV0004493,DUD100554,2025-03-07,4,5,4,4,5,4,5,4,5,True,
SURV0004494,DUD100554,2025-04-26,2,1,1,1,2,1,3,1,1,False,
SURV0004495,DUD100554,2025-05-18,3,3,2,3,3,3,2,2,3,False,
SURV0004496,DUD100554,2025-06-23,4,4,4,4,3,4,4,4,5,True,
SURV0004497,DUD100555,2021-06-15,3,4,2,3,2,2,2,2,4,False,
SURV0004498,DUD100555,2021-07-12,1,1,1,1,1,1,1,1,1,False,
SURV0004499,DUD100555,2021-08-14,5,5,5,5,5,4,4,5,5,True,
SURV0004500,DUD100555,2021-09-26,4,4,3,5,4,5,3,5,4,True,
SURV0004501,DUD100555,2021-10-17,5,5,5,5,5,5,5,5,5,True,
SURV0004502,DUD100555,2021-11-24,4,4,5,3,3,4,3,3,3,True,
SURV0004503,DUD100555,2021-12-25,4,4,3,5,4,4,4,5,5,True,
SURV0004504,DUD100555,2022-01-09,1,1,2,1,1,1,1,1,1,False,
SURV0004505,DUD100555,2022-02-03,3,3,3,3,4,4,3,2,2,False,
SURV0004506,DUD100555,2022-03-17,3,3,4,2,3,3,4,3,3,False,
SURV0004507,DUD100556,2024-09-28,4,3,5,3,3,4,3,3,5,True,
SURV0004508,DUD100556,2024-10-27,4,4,3,3,4,5,4,5,5,True,
SURV0004509,DUD100556,2024-11-16,4,5,3,4,3,5,4,5,4,True,
SURV0004510,DUD100556,2024-12-26,4,3,4,4,4,3,4,3,5,True,
SURV0004511,DUD100556,2025-01-24,3,2,3,4,2,4,3,4,3,False,
SURV0004512,DUD100556,2025-02-03,2,1,3,2,2,2,1,3,1,False,
SURV0004513,DUD100557,2022-11-23,3,4,4,3,2,4,2,3,2,False,
SURV0004514,DUD100557,2022-12-18,2,2,2,2,3,2,2,1,3,False,
SURV0004515,DUD100557,2023-01-10,4,4,3,5,4,5,3,3,4,True,
SURV0004516,DUD100557,2023-02-09,4,4,3,5,4,4,5,4,4,True,
SURV0004517,DUD100557,2023-03-10,3,3,4,3,4,4,3,3,3,False,
SURV0004518,DUD100557,2023-04-04,3,2,3,3,3,2,4,4,3,False,
SURV0004519,DUD100558,2023-02-26,4,4,5,3,5,4,3,4,5,True,
SURV0004520,DUD100558,2023-03-10,2,2,2,2,1,1,2,1,2,False,
SURV0004521,DUD100558,2023-04-01,3,4,2,3,4,2,4,3,3,False,
SURV0004522,DUD100558,2023-05-07,4,4,3,3,3,5,4,4,5,True,
SURV0004523,DUD100559,2022-09-18,4,5,5,4,4,3,4,4,4,True,
SURV0004524,DUD100559,2022-10-01,4,4,3,3,4,5,4,5,4,True,
SURV0004525,DUD100559,2022-11-10,5,5,4,5,5,5,5,4,5,True,
SURV0004526,DUD100559,2022-12-15,4,4,5,4,4,4,3,3,3,True,
SURV0004527,DUD100559,2023-01-09,3,3,3,3,3,4,3,3,3,False,
SURV0004528,DUD100559,2023-02-09,4,5,5,3,4,4,5,3,4,True,
SURV0004529,DUD100559,2023-03-05,3,4,3,3,3,4,3,3,2,False,
SURV0004530,DUD100559,2023-04-08,3,3,2,2,4,3,3,2,3,False,
SURV0004531,DUD100559,2023-05-24,4,4,4,3,3,4,4,5,3,True,
SURV0004532,DUD100559,2023-06-03,4,3,4,4,3,4,4,4,5,True,
SURV0004533,DUD100560,2022-07-20,4,5,3,3,4,5,5,3,4,True,
SURV0004534,DUD100560,2022-08-08,5,5,5,5,5,4,4,5,5,True,
SURV0004535,DUD100560,2022-09-18,4,5,4,3,5,3,5,3,5,True,
SURV0004536,DUD100560,2022-10-11,2,3,2,2,2,2,1,2,2,False,
SURV0004537,DUD100560,2022-11-08,4,3,4,4,4,5,4,5,4,True,
SURV0004538,DUD100560,2022-12-15,4,4,3,5,4,4,4,3,3,True,
SURV0004539,DUD100560,2023-01-03,5,4,5,5,5,4,5,5,5,True,
SURV0004540,DUD100560,2023-02-15,5,5,5,5,4,5,5,4,5,True,
SURV0004541,DUD100561,2024-03-04,5,5,5,4,5,5,5,5,5,True,
SURV0004542,DUD100561,2024-04-19,5,5,5,4,5,5,5,4,4,True,
SURV0004543,DUD100561,2024-05-10,4,5,5,4,4,3,4,5,4,True,
SURV0004544,DUD100561,2024-06-24,4,4,5,5,5,5,4,5,3,True,
SURV0004545,DUD100561,2024-07-16,3,3,3,3,3,2,4,3,4,False,
SURV0004546,DUD100561,2024-08-26,5,4,5,5,4,5,5,5,5,True,
SURV0004547,DUD100561,2024-09-04,2,1,2,3,1,2,1,1,2,False,
SURV0004548,DUD100561,2024-10-14,4,5,5,3,4,5,3,5,4,True,
SURV0004549,DUD100561,2024-11-07,5,5,5,5,5,5,5,5,4,True,
SURV0004550,DUD100561,2024-12-20,5,5,5,5,4,5,5,4,5,True,
SURV0004551,DUD100561,2025-01-11,4,4,3,4,3,5,4,3,5,True,
SURV0004552,DUD100562,2021-12-22,3,3,3,2,3,3,3,4,3,False,
SURV0004553,DUD100562,2022-01-04,5,5,5,5,5,5,5,5,4,True,
SURV0004554,DUD100562,2022-02-22,4,4,4,4,3,4,5,4,5,True,
SURV0004555,DUD100562,2022-03-05,4,3,5,5,4,3,4,4,4,True,
SURV0004556,DUD100562,2022-04-26,4,4,5,3,4,4,5,4,3,True,
SURV0004557,DUD100562,2022-05-24,2,3,3,2,1,2,3,1,2,False,
SURV0004558,DUD100562,2022-06-05,1,1,1,1,1,2,1,1,2,False,
SURV0004559,DUD100562,2022-07-11,5,5,5,5,5,5,5,4,5,True,
SURV0004560,DUD100562,2022-08-14,4,4,4,4,4,4,5,3,4,True,
SURV0004561,DUD100562,2022-09-25,4,4,4,3,4,5,4,4,4,True,
SURV0004562,DUD100562,2022-10-24,2,1,3,2,3,1,2,3,1,False,
SURV0004563,DUD100562,2022-11-18,4,3,3,4,4,4,4,4,3,True,
SURV0004564,DUD100563,2024-03-03,4,5,4,4,4,3,3,4,4,True,
SURV0004565,DUD100563,2024-04-05,5,5,5,5,4,5,5,4,5,True,
SURV0004566,DUD100563,2024-05-09,3,4,3,3,4,3,4,4,2,False,
SURV0004567,DUD100563,2024-06-15,3,3,3,3,4,3,2,3,4,False,
SURV0004568,DUD100563,2024-07-19,4,4,4,5,4,5,4,5,5,True,
SURV0004569,DUD100563,2024-08-23,3,3,3,3,4,3,3,2,2,False,
SURV0004570,DUD100563,2024-09-25,3,3,4,3,4,3,2,3,4,False,
SURV0004571,DUD100563,2024-10-12,2,1,1,2,2,3,2,2,3,False,
SURV0004572,DUD100563,2024-11-15,4,3,4,5,3,3,4,5,4,True,
SURV0004573,DUD100563,2024-12-18,4,4,3,5,4,3,4,5,5,True,
SURV0004574,DUD100564,2021-09-26,3,2,2,4,4,2,2,4,3,False,
SURV0004575,DUD100564,2021-10-04,5,5,5,5,5,5,4,4,5,True,
SURV0004576,DUD100564,2021-11-04,5,5,5,5,5,5,4,5,5,True,
SURV0004577,DUD100564,2021-12-23,5,4,5,5,4,5,5,5,5,True,
SURV0004578,DUD100564,2022-01-24,5,5,5,5,4,5,5,4,4,True,
SURV0004579,DUD100565,2021-11-18,3,2,3,4,2,2,3,2,3,False,
SURV0004580,DUD100565,2021-12-01,4,3,5,3,3,3,5,4,4,True,
SURV0004581,DUD100565,2022-01-03,4,5,4,4,3,5,4,3,4,True,
SURV0004582,DUD100565,2022-02-19,4,3,3,3,3,5,5,3,3,True,
SURV0004583,DUD100566,2024-08-23,4,5,5,5,4,5,4,4,4,True,
SURV0004584,DUD100566,2024-09-15,5,5,4,5,5,5,4,5,5,True,
SURV0004585,DUD100566,2024-10-04,4,5,5,4,5,5,4,5,3,True,
SURV0004586,DUD100566,2024-11-13,4,4,3,3,3,3,4,5,4,True,
SURV0004587,DUD100566,2024-12-21,3,3,3,4,4,4,2,3,3,False,
SURV0004588,DUD100567,2023-08-25,4,4,3,5,4,4,4,5,3,True,
SURV0004589,DUD100567,2023-09-08,1,1,2,1,2,1,2,2,2,False,
SURV0004590,DUD100567,2023-10-08,1,2,1,1,1,2,1,2,1,False,
SURV0004591,DUD100567,2023-11-05,2,2,3,2,1,2,2,2,2,False,
SURV0004592,DUD100567,2023-12-18,3,3,3,2,3,3,4,4,2,False,
SURV0004593,DUD100567,2024-01-19,3,3,4,3,4,2,4,3,3,False,
SURV0004594,DUD100567,2024-02-22,3,2,3,3,4,2,2,2,4,False,
SURV0004595,DUD100567,2024-03-05,2,2,2,2,2,2,2,2,2,False,
SURV0004596,DUD100568,2022-05-20,4,4,4,4,4,3,4,4,3,True,
SURV0004597,DUD100568,2022-06-06,4,4,4,3,4,3,4,3,4,True,
SURV0004598,DUD100568,2022-07-14,3,3,3,3,4,2,4,4,3,False,
SURV0004599,DUD100568,2022-08-01,4,4,4,4,4,4,4,3,4,True,
SURV0004600,DUD100568,2022-09-17,4,4,4,4,4,4,4,4,3,True,
SURV0004601,DUD100569,2022-08-06,5,5,4,5,5,5,4,5,5,True,
SURV0004602,DUD100569,2022-09-10,4,4,4,4,5,3,4,4,5,True,
SURV0004603,DUD100569,2022-10-26,4,4,3,5,3,4,3,4,5,True,
SURV0004604,DUD100569,2022-11-22,4,4,3,4,4,4,4,3,4,True,
SURV0004605,DUD100569,2022-12-03,4,3,3,3,4,4,4,4,4,True,
SURV0004606,DUD100569,2023-01-17,2,2,2,2,1,2,2,2,1,False,
SURV0004607,DUD100569,2023-02-27,4,4,5,4,4,4,4,5,4,True,
SURV0004608,DUD100569,2023-03-21,4,4,4,3,4,5,5,4,4,True,
SURV0004609,DUD100569,2023-04-11,4,4,5,4,4,3,4,4,4,True,
SURV0004610,DUD100569,2023-05-28,3,3,3,2,3,2,3,2,3,False,
SURV0004611,DUD100569,2023-06-04,5,5,5,4,5,4,5,5,5,True,
SURV0004612,DUD100569,2023-07-10,4,5,3,3,3,4,4,4,3,True,
SURV0004613,DUD100570,2023-02-01,3,3,2,3,2,3,3,3,2,False,
SURV0004614,DUD100570,2023-03-01,1,1,2,1,1,1,2,2,1,False,
SURV0004615,DUD100570,2023-04-19,5,5,4,4,5,5,5,5,5,True,
SURV0004616,DUD100570,2023-05-27,3,2,2,2,3,3,3,4,3,False,
SURV0004617,DUD100570,2023-06-09,4,4,4,3,4,4,4,3,5,True,
SURV0004618,DUD100570,2023-07-07,4,3,4,4,4,4,3,4,4,True,
SURV0004619,DUD100570,2023-08-24,4,4,4,3,4,3,4,5,3,True,
SURV0004620,DUD100570,2023-09-16,3,3,4,3,3,2,2,2,2,False,
SURV0004621,DUD100570,2023-10-14,5,5,5,5,5,5,5,5,4,True,
SURV0004622,DUD100570,2023-11-03,4,4,5,5,4,4,3,5,3,True,
SURV0004623,DUD100571,2023-01-17,4,3,4,3,4,3,4,4,5,True,
SURV0004624,DUD100571,2023-02-28,2,3,2,1,1,2,3,2,1,False,
SURV0004625,DUD100571,2023-03-07,2,2,3,2,2,2,2,3,2,False,
SURV0004626,DUD100571,2023-04-05,4,4,5,5,4,5,5,4,4,True,
SURV0004627,DUD100571,2023-05-10,2,3,2,2,2,2,1,3,2,False,
SURV0004628,DUD100572,2024-01-26,4,5,3,4,3,4,4,4,4,True,
SURV0004629,DUD100572,2024-02-04,3,3,2,3,2,3,4,3,4,False,
SURV0004630,DUD100572,2024-03-08,5,5,4,5,5,5,5,5,4,True,
SURV0004631,DUD100572,2024-04-21,5,5,5,5,5,5,4,5,5,True,
SURV0004632,DUD100572,2024-05-11,3,4,3,2,3,4,3,2,3,False,
SURV0004633,DUD100573,2021-11-26,5,5,5,5,5,5,5,5,5,True,
SURV0004634,DUD100573,2021-12-07,4,5,4,4,3,5,5,4,4,True,
SURV0004635,DUD100573,2022-01-28,3,3,2,3,2,3,2,3,4,False,
SURV0004636,DUD100573,2022-02-28,4,3,3,4,5,4,5,4,3,True,
SURV0004637,DUD100573,2022-03-12,4,4,5,4,4,4,4,5,3,True,
SURV0004638,DUD100573,2022-04-20,4,4,4,4,5,4,5,4,4,True,
SURV0004639,DUD100574,2023-11-12,4,3,5,4,4,5,5,5,4,True,
SURV0004640,DUD100574,2023-12-18,4,5,4,4,4,5,4,4,4,True,
SURV0004641,DUD100574,2024-01-24,4,3,3,4,5,4,5,3,3,True,
SURV0004642,DUD100574,2024-02-02,2,2,2,2,1,1,2,2,3,False,
SURV0004643,DUD100574,2024-03-01,4,4,4,4,4,3,5,3,4,True,
SURV0004644,DUD100574,2024-04-12,4,4,4,5,5,4,4,3,5,True,
SURV0004645,DUD100574,2024-05-05,3,4,3,4,3,3,3,3,3,False,
SURV0004646,DUD100574,2024-06-28,5,5,4,5,4,5,5,5,5,True,
SURV0004647,DUD100574,2024-07-22,4,5,4,5,3,3,4,4,4,True,
SURV0004648,DUD100574,2024-08-16,4,4,4,3,4,4,4,4,3,True,
SURV0004649,DUD100574,2024-09-12,4,5,5,5,5,4,5,5,5,True,
SURV0004650,DUD100575,2024-07-15,2,3,2,2,2,3,2,2,1,False,
SURV0004651,DUD100575,2024-08-15,3,3,3,3,4,3,3,3,4,False,
SURV0004652,DUD100575,2024-09-01,5,5,4,5,5,5,4,5,5,True,
SURV0004653,DUD100575,2024-10-21,4,4,4,4,4,4,3,5,4,True,
SURV0004654,DUD100575,2024-11-07,4,4,5,4,4,4,5,4,3,True,
SURV0004655,DUD100575,2024-12-17,4,3,4,5,3,3,4,3,5,True,
SURV0004656,DUD100575,2025-01-09,4,3,4,3,4,4,4,3,4,True,
SURV0004657,DUD100575,2025-02-28,4,4,3,4,5,4,4,5,5,True,
SURV0004658,DUD100575,2025-03-10,4,3,4,5,5,5,4,3,4,True,
SURV0004659,DUD100575,2025-04-20,3,4,3,3,4,2,2,2,4,False,
SURV0004660,DUD100576,2023-04-19,4,3,4,4,3,4,4,3,3,True,
SURV0004661,DUD100576,2023-05-03,5,4,4,5,5,5,5,5,4,True,
SURV0004662,DUD100576,2023-06-05,3,2,2,3,4,4,4,2,2,False,
SURV0004663,DUD100576,2023-07-03,3,3,3,2,4,3,3,3,3,False,
SURV0004664,DUD100576,2023-08-11,2,2,3,2,2,1,3,2,2,False,
SURV0004665,DUD100577,2024-02-28,1,1,2,1,2,1,1,1,1,False,
SURV0004666,DUD100577,2024-03-17,4,4,5,4,5,3,3,4,4,True,
SURV0004667,DUD100577,2024-04-25,5,5,5,5,5,5,5,5,4,True,
SURV0004668,DUD100577,2024-05-26,4,4,3,3,5,4,3,4,5,True,
SURV0004669,DUD100577,2024-06-24,4,4,3,4,3,5,5,5,5,True,
SURV0004670,DUD100577,2024-07-12,4,4,5,3,5,3,5,3,4,True,
SURV0004671,DUD100577,2024-08-09,5,5,4,5,5,5,5,5,4,True,
SURV0004672,DUD100577,2024-09-07,3,2,3,3,2,3,4,2,3,False,
SURV0004673,DUD100577,2024-10-17,3,3,4,3,3,3,3,4,2,False,
SURV0004674,DUD100577,2024-11-01,4,5,5,4,4,4,4,4,4,True,
SURV0004675,DUD100577,2024-12-12,4,4,4,4,5,4,3,4,3,True,
SURV0004676,DUD100578,2021-02-02,4,3,5,4,5,5,5,5,5,True,
SURV0004677,DUD100578,2021-03-25,5,5,4,5,4,4,5,5,4,True,
SURV0004678,DUD100578,2021-04-14,4,4,4,4,4,3,3,5,3,True,
SURV0004679,DUD100578,2021-05-07,5,5,5,5,5,5,4,5,5,True,
SURV0004680,DUD100578,2021-06-12,4,4,5,4,4,4,3,3,4,True,
SURV0004681,DUD100578,2021-07-24,4,4,4,4,4,5,4,4,5,True,
SURV0004682,DUD100578,2021-08-24,4,5,4,4,4,4,3,4,4,True,
SURV0004683,DUD100578,2021-09-24,1,1,2,2,1,1,1,1,1,False,
SURV0004684,DUD100578,2021-10-10,2,3,1,2,2,3,2,2,3,False,
SURV0004685,DUD100578,2021-11-01,4,3,5,5,3,3,5,4,5,True,
SURV0004686,DUD100579,2021-11-26,4,4,4,4,3,4,3,5,4,True,
SURV0004687,DUD100579,2021-12-10,4,4,4,5,3,4,4,4,4,True,
SURV0004688,DUD100579,2022-01-23,5,5,5,4,4,5,5,5,5,True,
SURV0004689,DUD100579,2022-02-12,3,3,3,4,4,3,4,2,2,False,
SURV0004690,DUD100579,2022-03-15,5,5,5,5,5,5,5,5,5,True,
SURV0004691,DUD100579,2022-04-28,4,3,5,5,4,5,5,4,3,True,
SURV0004692,DUD100579,2022-05-09,4,4,4,4,3,4,4,4,4,True,
SURV0004693,DUD100579,2022-06-27,2,2,2,3,3,2,1,2,1,False,
SURV0004694,DUD100580,2022-04-22,4,5,3,4,5,4,4,4,4,True,
SURV0004695,DUD100580,2022-05-21,3,4,3,4,3,3,3,3,3,False,
SURV0004696,DUD100580,2022-06-15,2,2,2,2,2,1,1,3,3,False,
SURV0004697,DUD100580,2022-07-22,3,2,3,3,3,3,4,2,3,False,
SURV0004698,DUD100580,2022-08-16,3,2,4,2,2,3,3,3,4,False,
SURV0004699,DUD100580,2022-09-04,5,5,5,5,5,5,4,5,4,True,
SURV0004700,DUD100580,2022-10-04,2,2,3,2,1,1,2,3,2,False,
SURV0004701,DUD100580,2022-11-07,3,4,3,2,4,2,2,3,3,False,
SURV0004702,DUD100581,2022-12-02,4,3,4,3,3,5,3,5,4,True,
SURV0004703,DUD100581,2023-01-06,5,4,4,5,4,5,5,5,5,True,
SURV0004704,DUD100581,2023-02-15,2,2,2,3,3,2,3,1,2,False,
SURV0004705,DUD100581,2023-03-13,4,5,4,3,4,3,5,3,5,True,
SURV0004706,DUD100581,2023-04-14,5,5,5,5,5,5,5,5,5,True,
SURV0004707,DUD100581,2023-05-17,2,2,1,1,1,1,2,2,2,False,
SURV0004708,DUD100581,2023-06-17,5,5,5,5,5,5,5,4,5,True,
SURV0004709,DUD100581,2023-07-21,5,5,4,5,4,5,5,5,5,True,
SURV0004710,DUD100581,2023-08-04,3,3,3,3,3,3,4,2,4,False,
SURV0004711,DUD100582,2023-12-05,5,5,5,5,5,4,4,5,4,True,
SURV0004712,DUD100582,2024-01-27,4,5,4,4,4,3,4,3,5,True,
SURV0004713,DUD100582,2024-02-22,4,4,3,4,4,5,3,4,3,True,
SURV0004714,DUD100582,2024-03-20,2,2,1,3,1,1,3,2,2,False,
SURV0004715,DUD100583,2023-12-28,4,4,4,4,5,4,4,3,3,True,
SURV0004716,DUD100583,2024-01-28,5,5,4,5,5,5,4,5,5,True,
SURV0004717,DUD100583,2024-02-13,5,5,5,5,5,4,5,4,5,True,
SURV0004718,DUD100583,2024-03-07,4,4,5,4,4,4,3,3,4,True,
SURV0004719,DUD100583,2024-04-07,5,5,5,4,4,5,5,5,5,True,
SURV0004720,DUD100583,2024-05-25,2,2,3,2,2,3,3,1,2,False,
SURV0004721,DUD100583,2024-06-17,4,3,5,4,5,4,4,3,4,True,
SURV0004722,DUD100583,2024-07-25,4,4,4,3,5,5,5,3,5,True,
SURV0004723,DUD100583,2024-08-21,5,5,5,5,5,4,5,5,4,True,
SURV0004724,DUD100583,2024-09-09,2,2,3,3,2,3,1,2,1,False,
SURV0004725,DUD100584,2024-06-15,2,1,2,2,3,2,2,3,2,False,
SURV0004726,DUD100584,2024-07-05,2,3,1,1,3,2,2,3,1,False,
SURV0004727,DUD100584,2024-08-02,4,4,4,4,3,4,4,4,4,True,
SURV0004728,DUD100584,2024-09-12,4,3,4,3,3,4,3,4,4,True,
SURV0004729,DUD100585,2021-06-25,2,1,1,2,2,1,2,2,2,False,
SURV0004730,DUD100585,2021-07-22,5,5,5,5,5,5,5,5,5,True,
SURV0004731,DUD100585,2021-08-11,2,2,2,2,1,1,2,3,2,False,
SURV0004732,DUD100585,2021-09-09,3,2,3,3,3,3,4,3,3,False,
SURV0004733,DUD100586,2022-10-04,4,4,3,3,4,5,4,4,4,True,
SURV0004734,DUD100586,2022-11-05,2,2,1,2,3,2,1,2,3,False,
SURV0004735,DUD100586,2022-12-10,4,5,4,4,3,3,4,4,4,True,
SURV0004736,DUD100586,2023-01-26,4,4,4,3,4,3,3,5,4,True,
SURV0004737,DUD100586,2023-02-12,4,4,4,4,5,3,4,3,4,True,
SURV0004738,DUD100587,2023-11-20,5,5,5,5,5,5,5,5,5,True,
SURV0004739,DUD100587,2023-12-18,4,4,4,4,4,3,3,5,4,True,
SURV0004740,DUD100587,2024-01-09,5,5,5,4,5,5,5,5,4,True,
SURV0004741,DUD100587,2024-02-27,3,3,2,3,2,3,3,4,4,False,
SURV0004742,DUD100587,2024-03-08,4,5,4,3,5,4,3,3,4,True,
SURV0004743,DUD100587,2024-04-14,3,4,3,3,2,4,3,4,3,False,
SURV0004744,DUD100588,2022-04-22,4,5,4,4,4,4,5,3,4,True,
SURV0004745,DUD100588,2022-05-16,5,5,5,5,4,5,4,4,5,True,
SURV0004746,DUD100588,2022-06-18,4,4,5,4,5,3,4,5,3,True,
SURV0004747,DUD100588,2022-07-01,3,3,3,2,4,3,3,3,3,False,
SURV0004748,DUD100588,2022-08-07,1,1,1,1,1,1,2,2,1,False,
SURV0004749,DUD100588,2022-09-18,4,4,5,3,4,4,5,3,5,True,
SURV0004750,DUD100589,2021-02-21,4,4,4,5,3,4,5,5,3,True,
SURV0004751,DUD100589,2021-03-20,3,3,3,2,4,4,4,3,4,False,
SURV0004752,DUD100589,2021-04-27,3,3,4,3,4,3,4,3,2,False,
SURV0004753,DUD100589,2021-05-28,4,4,4,3,5,5,4,3,4,True,
SURV0004754,DUD100589,2021-06-24,4,4,4,5,4,3,4,3,4,True,
SURV0004755,DUD100589,2021-07-13,5,5,4,4,5,5,5,5,5,True,
SURV0004756,DUD100589,2021-08-20,3,3,2,3,4,4,4,4,2,False,
SURV0004757,DUD100589,2021-09-20,4,4,5,3,5,4,3,5,3,True,
SURV0004758,DUD100589,2021-10-15,4,4,3,3,3,4,3,3,3,True,
SURV0004759,DUD100590,2021-04-23,5,5,5,5,4,5,5,5,5,True,
SURV0004760,DUD100590,2021-05-07,4,3,5,4,3,4,5,4,5,True,
SURV0004761,DUD100590,2021-06-02,4,4,4,4,4,5,4,3,4,True,
SURV0004762,DUD100590,2021-07-21,3,4,2,3,2,2,3,2,3,False,
SURV0004763,DUD100590,2021-08-23,3,3,3,2,3,2,3,2,3,False,
SURV0004764,DUD100590,2021-09-27,2,1,3,1,2,2,2,2,3,False,
SURV0004765,DUD100590,2021-10-13,3,3,3,3,2,4,3,4,4,False,
SURV0004766,DUD100590,2021-11-08,4,4,4,4,3,5,5,5,4,True,
SURV0004767,DUD100590,2021-12-18,3,3,4,4,4,3,4,2,3,False,
SURV0004768,DUD100591,2021-02-15,3,3,4,3,4,3,4,3,4,False,
SURV0004769,DUD100591,2021-03-21,4,3,4,3,5,3,4,4,5,True,
SURV0004770,DUD100591,2021-04-15,4,4,3,5,4,5,4,5,4,True,
SURV0004771,DUD100591,2021-05-23,4,3,4,4,4,4,4,5,3,True,
SURV0004772,DUD100591,2021-06-26,3,3,2,4,2,3,4,4,2,False,
SURV0004773,DUD100591,2021-07-17,4,5,4,3,4,4,5,3,3,True,
SURV0004774,DUD100591,2021-08-08,4,4,3,5,4,4,4,5,5,True,
SURV0004775,DUD100591,2021-09-24,4,3,4,3,4,4,4,5,5,True,
SURV0004776,DUD100591,2021-10-28,5,4,4,5,5,4,5,4,5,True,
SURV0004777,DUD100592,2022-01-01,1,1,1,2,1,1,1,2,1,False,
SURV0004778,DUD100592,2022-02-03,3,4,3,3,3,2,3,4,3,False,
SURV0004779,DUD100592,2022-03-19,5,5,4,4,4,5,5,5,5,True,
SURV0004780,DUD100592,2022-04-02,5,5,5,5,5,4,5,5,5,True,
SURV0004781,DUD100592,2022-05-08,3,4,4,3,2,4,3,3,2,False,
SURV0004782,DUD100592,2022-06-14,5,5,5,5,5,5,5,5,4,True,
SURV0004783,DUD100592,2022-07-15,2,2,3,1,2,3,3,1,2,False,
SURV0004784,DUD100592,2022-08-08,4,3,5,3,4,4,4,4,4,True,
SURV0004785,DUD100592,2022-09-23,4,4,3,4,4,4,5,4,3,True,
SURV0004786,DUD100593,2023-11-23,4,4,3,4,4,4,4,5,4,True,
SURV0004787,DUD100593,2023-12-17,4,5,5,5,4,5,4,4,4,True,
SURV0004788,DUD100593,2024-01-26,1,1,1,1,1,1,2,2,1,False,
SURV0004789,DUD100593,2024-02-01,3,3,3,2,3,3,3,2,2,False,
SURV0004790,DUD100593,2024-03-21,4,3,5,4,3,4,4,4,4,True,
SURV0004791,DUD100593,2024-04-13,4,4,5,5,3,3,5,5,3,True,
SURV0004792,DUD100593,2024-05-22,4,4,5,4,3,4,4,3,4,True,
SURV0004793,DUD100593,2024-06-22,4,4,3,5,3,3,5,5,3,True,
SURV0004794,DUD100594,2022-12-11,5,5,5,5,5,5,5,5,5,True,
SURV0004795,DUD100594,2023-01-24,4,4,5,3,4,4,3,4,4,True,
SURV0004796,DUD100594,2023-02-13,3,3,4,3,3,2,3,3,3,False,
SURV0004797,DUD100594,2023-03-18,5,5,5,5,5,5,5,5,5,True,
SURV0004798,DUD100594,2023-04-05,4,5,4,4,5,3,5,5,4,True,
SURV0004799,DUD100594,2023-05-26,2,2,2,1,2,2,3,2,3,False,
SURV0004800,DUD100595,2023-07-11,3,3,4,2,4,4,3,3,2,False,
SURV0004801,DUD100595,2023-08-02,3,2,3,4,2,2,2,2,3,False,
SURV0004802,DUD100595,2023-09-09,3,3,3,3,4,2,2,3,3,False,
SURV0004803,DUD100595,2023-10-20,3,4,3,3,3,3,3,2,3,False,
SURV0004804,DUD100596,2023-01-20,1,1,1,1,1,1,1,1,1,False,
SURV0004805,DUD100596,2023-02-26,4,4,5,3,3,4,3,3,4,True,
SURV0004806,DUD100596,2023-03-18,4,5,5,4,3,4,3,5,4,True,
SURV0004807,DUD100596,2023-04-08,2,3,2,1,2,2,2,2,3,False,
SURV0004808,DUD100596,2023-05-09,5,4,5,5,4,4,5,4,4,True,
SURV0004809,DUD100596,2023-06-22,4,4,4,4,4,3,5,4,4,True,
SURV0004810,DUD100596,2023-07-04,5,5,4,5,5,5,4,4,5,True,
SURV0004811,DUD100596,2023-08-23,4,4,4,5,5,4,4,5,5,True,
SURV0004812,DUD100596,2023-09-19,5,5,4,4,5,5,5,4,5,True,
SURV0004813,DUD100596,2023-10-26,4,3,3,5,4,4,5,4,5,True,
SURV0004814,DUD100596,2023-11-20,4,4,4,5,4,4,4,4,3,True,
SURV0004815,DUD100597,2021-03-02,4,4,5,5,3,4,4,4,4,True,
SURV0004816,DUD100597,2021-04-07,4,4,4,4,3,3,4,5,3,True,
SURV0004817,DUD100597,2021-05-02,1,1,1,1,2,1,2,1,2,False,
SURV0004818,DUD100597,2021-06-17,4,4,5,3,4,5,4,5,3,True,
SURV0004819,DUD100597,2021-07-28,5,5,5,5,5,5,5,4,5,True,
SURV0004820,DUD100598,2022-12-23,4,5,5,4,3,4,4,4,5,True,
SURV0004821,DUD100598,2023-01-08,4,4,3,3,5,3,4,3,5,True,
SURV0004822,DUD100598,2023-02-16,4,4,4,5,5,5,4,4,5,True,
SURV0004823,DUD100598,2023-03-08,1,1,2,2,1,1,1,2,1,False,
SURV0004824,DUD100598,2023-04-05,1,1,1,1,1,2,2,1,2,False,
SURV0004825,DUD100599,2021-08-18,2,2,2,2,3,3,2,2,3,False,
SURV0004826,DUD100599,2021-09-16,5,5,5,5,5,4,5,5,5,True,
SURV0004827,DUD100599,2021-10-05,4,4,3,4,4,3,4,4,3,True,
SURV0004828,DUD100599,2021-11-27,5,5,4,5,5,5,5,5,5,True,
SURV0004829,DUD100599,2021-12-09,5,5,5,5,4,5,5,5,5,True,
SURV0004830,DUD100599,2022-01-11,3,4,4,4,2,3,4,3,3,False,
SURV0004831,DUD100599,2022-02-24,2,3,3,1,2,2,1,2,1,False,
SURV0004832,DUD100599,2022-03-25,3,3,2,4,2,4,3,4,2,False,
SURV0004833,DUD100599,2022-04-19,2,1,2,2,2,2,1,2,2,False,
SURV0004834,DUD100599,2022-05-03,4,5,5,4,4,4,3,4,4,True,
SURV0004835,DUD100599,2022-06-15,5,5,5,5,4,5,5,4,5,True,
SURV0004836,DUD100600,2021-02-23,2,2,2,2,1,2,2,2,1,False,
SURV0004837,DUD100600,2021-03-19,3,4,4,3,3,3,3,3,3,False,
SURV0004838,DUD100600,2021-04-23,3,4,3,4,2,2,2,3,3,False,
SURV0004839,DUD100600,2021-05-07,4,4,4,4,4,4,5,4,5,True,
SURV0004840,DUD100600,2021-06-03,1,1,1,1,1,1,1,1,1,False,
SURV0004841,DUD100600,2021-07-17,4,4,3,5,5,3,4,3,5,True,
SURV0004842,DUD100600,2021-08-23,4,5,4,4,4,4,3,4,4,True,
SURV0004843,DUD100600,2021-09-12,4,4,5,5,3,5,5,3,5,True,
SURV0004844,DUD100600,2021-10-22,5,4,5,5,5,5,5,4,4,True,
SURV0004845,DUD100600,2021-11-27,4,4,3,5,5,4,3,4,4,True,
SURV0004846,DUD100600,2021-12-22,4,4,4,4,4,3,3,5,5,True,
SURV0004847,DUD100600,2022-01-08,4,4,4,4,4,5,4,3,4,True,
SURV0004848,DUD100601,2023-10-06,4,5,5,5,4,3,3,4,5,True,
SURV0004849,DUD100601,2023-11-09,4,4,4,4,4,5,5,4,3,True,
SURV0004850,DUD100601,2023-12-28,4,5,4,4,4,4,5,4,3,True,
SURV0004851,DUD100601,2024-01-15,3,3,4,3,3,4,4,2,4,False,
SURV0004852,DUD100601,2024-02-08,4,5,5,3,3,3,5,5,4,True,
SURV0004853,DUD100601,2024-03-03,4,4,5,4,4,4,4,3,4,True,
SURV0004854,DUD100601,2024-04-16,3,3,4,4,4,2,2,3,4,False,
SURV0004855,DUD100601,2024-05-05,5,5,5,4,5,5,5,5,5,True,
SURV0004856,DUD100602,2022-04-23,5,4,5,5,5,5,5,4,4,True,
SURV0004857,DUD100602,2022-05-19,4,5,5,5,4,4,4,4,4,True,
SURV0004858,DUD100602,2022-06-24,4,3,5,4,4,4,4,4,5,True,
SURV0004859,DUD100602,2022-07-07,3,2,3,3,2,2,4,3,3,False,
SURV0004860,DUD100602,2022-08-27,5,5,5,5,5,4,4,5,5,True,
SURV0004861,DUD100602,2022-09-19,4,4,4,3,4,3,4,3,4,True,
SURV0004862,DUD100602,2022-10-15,2,3,1,2,1,2,1,2,2,False,
SURV0004863,DUD100602,2022-11-15,4,4,3,4,3,3,4,4,4,True,
SURV0004864,DUD100602,2022-12-26,5,5,5,5,4,5,5,5,4,True,
SURV0004865,DUD100602,2023-01-09,5,5,5,5,5,5,5,4,5,True,
SURV0004866,DUD100602,2023-02-02,3,3,3,4,3,3,2,4,4,False,
SURV0004867,DUD100603,2024-05-03,3,3,2,3,4,3,4,3,3,False,
SURV0004868,DUD100603,2024-06-06,4,5,5,4,3,5,3,4,3,True,
SURV0004869,DUD100603,2024-07-08,3,2,2,3,2,4,4,3,4,False,
SURV0004870,DUD100603,2024-08-02,2,2,3,2,3,3,3,2,2,False,
SURV0004871,DUD100603,2024-09-19,5,5,4,5,5,4,5,4,5,True,
SURV0004872,DUD100604,2023-04-04,5,5,5,5,5,5,5,5,5,True,
SURV0004873,DUD100604,2023-05-11,4,5,4,4,4,5,4,5,4,True,
SURV0004874,DUD100604,2023-06-28,5,5,5,5,4,5,5,5,5,True,
SURV0004875,DUD100604,2023-07-08,5,5,5,5,5,5,5,5,5,True,
SURV0004876,DUD100604,2023-08-09,4,5,5,4,3,4,4,3,4,True,
SURV0004877,DUD100604,2023-09-02,3,3,2,3,3,2,3,2,2,False,
SURV0004878,DUD100604,2023-10-18,3,3,2,2,4,3,2,4,2,False,
SURV0004879,DUD100604,2023-11-05,5,5,5,5,5,5,5,5,5,True,
SURV0004880,DUD100605,2023-06-06,4,4,5,3,4,5,4,4,3,True,
SURV0004881,DUD100605,2023-07-01,2,2,3,3,3,2,2,2,2,False,
SURV0004882,DUD100605,2023-08-11,4,5,4,4,4,3,4,4,3,True,
SURV0004883,DUD100605,2023-09-10,5,5,5,5,4,5,5,5,5,True,
SURV0004884,DUD100605,2023-10-28,4,5,4,4,4,5,3,5,3,True,
SURV0004885,DUD100605,2023-11-27,4,3,5,3,3,4,5,5,3,True,
SURV0004886,DUD100606,2022-02-17,4,4,3,4,4,4,5,4,5,True,
SURV0004887,DUD100606,2022-03-01,2,2,2,1,2,1,2,2,3,False,
SURV0004888,DUD100606,2022-04-11,1,1,1,1,1,1,1,1,2,False,
SURV0004889,DUD100606,2022-05-23,3,4,3,4,3,4,3,4,3,False,
SURV0004890,DUD100606,2022-06-02,5,4,5,5,5,5,5,4,5,True,
SURV0004891,DUD100606,2022-07-01,5,5,5,5,5,5,5,5,5,True,
SURV0004892,DUD100606,2022-08-14,4,4,4,4,5,5,3,4,3,True,
SURV0004893,DUD100606,2022-09-23,4,4,3,4,3,3,3,3,5,True,
SURV0004894,DUD100607,2022-06-27,3,3,3,2,4,2,3,3,3,False,
SURV0004895,DUD100607,2022-07-19,4,4,3,4,4,5,5,3,4,True,
SURV0004896,DUD100607,2022-08-08,2,2,2,1,2,1,2,3,2,False,
SURV0004897,DUD100607,2022-09-14,1,1,2,1,1,1,1,2,2,False,
SURV0004898,DUD100607,2022-10-19,1,1,1,2,2,1,2,2,2,False,
SURV0004899,DUD100607,2022-11-09,4,3,5,4,4,4,4,4,4,True,
SURV0004900,DUD100607,2022-12-21,4,4,4,4,5,3,5,5,4,True,
SURV0004901,DUD100607,2023-01-02,4,5,4,5,5,5,5,4,4,True,
SURV0004902,DUD100607,2023-02-12,5,5,5,5,5,5,5,5,5,True,
SURV0004903,DUD100608,2024-12-11,4,4,4,4,4,5,5,5,4,True,
SURV0004904,DUD100608,2025-01-11,2,2,2,2,2,2,1,2,3,False,
SURV0004905,DUD100608,2025-02-04,2,3,2,3,2,3,3,3,1,False,
SURV0004906,DUD100608,2025-03-23,3,3,4,3,3,3,3,3,3,False,
SURV0004907,DUD100609,2024-12-10,4,4,3,4,4,4,4,4,4,True,
SURV0004908,DUD100609,2025-01-09,3,3,3,3,3,3,4,3,3,False,
SURV0004909,DUD100609,2025-02-14,3,2,4,3,3,3,4,4,2,False,
SURV0004910,DUD100609,2025-03-27,5,5,4,5,4,5,5,4,4,True,
SURV0004911,DUD100609,2025-04-23,4,4,4,3,3,3,4,3,3,True,
SURV0004912,DUD100609,2025-05-18,1,1,1,1,1,1,1,1,1,False,
SURV0004913,DUD100609,2025-06-07,3,3,4,4,2,4,4,2,3,False,
SURV0004914,DUD100609,2025-07-07,5,5,5,5,4,5,5,5,4,True,
SURV0004915,DUD100609,2025-08-25,4,4,3,5,4,4,4,3,3,True,
SURV0004916,DUD100609,2025-09-20,4,4,4,3,3,4,4,3,4,True,
SURV0004917,DUD100609,2025-10-24,4,5,4,3,3,4,4,3,5,True,
SURV0004918,DUD100610,2021-05-21,4,4,4,4,4,3,4,3,4,True,
SURV0004919,DUD100610,2021-06-18,5,4,5,5,5,5,5,5,4,True,
SURV0004920,DUD100610,2021-07-09,5,5,5,5,4,5,5,5,5,True,
SURV0004921,DUD100610,2021-08-12,4,4,4,4,4,3,4,5,3,True,
SURV0004922,DUD100610,2021-09-23,5,5,5,5,5,5,5,4,5,True,
SURV0004923,DUD100610,2021-10-02,3,2,3,3,3,3,3,3,4,False,
SURV0004924,DUD100610,2021-11-19,4,5,3,5,5,5,4,4,4,True,
SURV0004925,DUD100610,2021-12-03,2,2,3,2,2,1,1,3,3,False,
SURV0004926,DUD100610,2022-01-16,4,3,3,3,4,5,5,4,3,True,
SURV0004927,DUD100610,2022-02-11,5,5,5,4,5,4,4,4,5,True,
SURV0004928,DUD100610,2022-03-19,1,1,1,2,2,1,2,1,1,False,
SURV0004929,DUD100611,2021-01-13,4,4,5,5,3,4,3,3,4,True,
SURV0004930,DUD100611,2021-02-07,5,4,5,5,5,5,5,5,4,True,
SURV0004931,DUD100611,2021-03-04,3,3,3,2,3,2,3,4,3,False,
SURV0004932,DUD100611,2021-04-04,3,3,3,3,3,4,3,3,4,False,
SURV0004933,DUD100611,2021-05-08,5,5,5,5,5,5,5,4,4,True,
SURV0004934,DUD100612,2022-12-18,1,1,1,1,1,2,2,1,1,False,
SURV0004935,DUD100612,2023-01-09,4,4,4,4,4,4,3,3,3,True,
SURV0004936,DUD100612,2023-02-09,5,4,5,5,4,4,5,5,4,True,
SURV0004937,DUD100612,2023-03-01,4,3,5,3,4,3,5,4,5,True,
SURV0004938,DUD100612,2023-04-04,4,3,4,4,3,3,5,5,4,True,
SURV0004939,DUD100612,2023-05-26,5,5,5,5,5,4,5,4,5,True,
SURV0004940,DUD100612,2023-06-18,2,2,2,1,3,1,3,2,3,False,
SURV0004941,DUD100612,2023-07-06,2,3,2,2,1,2,1,1,2,False,
SURV0004942,DUD100612,2023-08-28,1,2,1,1,1,1,1,1,1,False,
SURV0004943,DUD100612,2023-09-17,5,5,5,5,5,4,5,5,4,True,
SURV0004944,DUD100612,2023-10-14,3,4,2,3,3,3,3,2,3,False,
SURV0004945,DUD100613,2023-10-04,4,5,4,4,3,3,4,5,3,True,
SURV0004946,DUD100613,2023-11-14,5,5,5,5,4,4,4,5,5,True,
SURV0004947,DUD100613,2023-12-08,5,4,5,4,5,5,5,5,5,True,
SURV0004948,DUD100613,2024-01-07,3,3,2,3,3,3,4,2,3,False,
SURV0004949,DUD100613,2024-02-15,4,5,3,5,4,3,4,4,4,True,
SURV0004950,DUD100614,2021-01-01,4,4,4,3,4,4,4,5,4,True,
SURV0004951,DUD100614,2021-02-26,4,3,4,3,4,4,4,4,4,True,
SURV0004952,DUD100614,2021-03-04,4,3,4,4,4,4,4,3,5,True,
SURV0004953,DUD100614,2021-04-26,4,4,3,4,3,5,3,5,5,True,
SURV0004954,DUD100614,2021-05-10,2,1,1,2,3,2,2,3,3,False,
SURV0004955,DUD100614,2021-06-16,4,4,4,3,4,3,4,4,3,True,
SURV0004956,DUD100614,2021-07-26,2,2,3,2,2,3,3,2,3,False,
SURV0004957,DUD100614,2021-08-12,5,5,5,4,5,5,4,5,4,True,
SURV0004958,DUD100614,2021-09-06,4,5,3,3,4,4,3,5,4,True,
SURV0004959,DUD100614,2021-10-23,3,3,3,3,2,3,3,2,4,False,
SURV0004960,DUD100614,2021-11-09,5,4,5,5,5,5,5,4,5,True,
SURV0004961,DUD100614,2021-12-02,1,1,2,1,1,1,2,2,1,False,
SURV0004962,DUD100615,2024-09-03,3,3,4,2,2,3,3,4,4,False,
SURV0004963,DUD100615,2024-10-27,3,3,3,3,3,2,3,3,2,False,
SURV0004964,DUD100615,2024-11-02,5,5,5,5,5,5,4,4,5,True,
SURV0004965,DUD100615,2024-12-18,4,4,4,3,4,5,5,3,4,True,
SURV0004966,DUD100615,2025-01-23,2,2,2,2,1,3,3,2,1,False,
SURV0004967,DUD100615,2025-02-13,3,4,4,4,3,4,3,3,3,False,
SURV0004968,DUD100615,2025-03-12,1,1,2,1,1,1,1,2,2,False,
SURV0004969,DUD100615,2025-04-06,4,4,4,3,5,4,3,4,3,True,
SURV0004970,DUD100615,2025-05-26,4,5,4,4,4,5,4,4,4,True,
SURV0004971,DUD100616,2021-03-11,4,4,4,5,5,4,4,4,5,True,
SURV0004972,DUD100616,2021-04-16,2,2,2,2,2,1,3,2,1,False,
SURV0004973,DUD100616,2021-05-17,4,4,3,5,4,4,4,4,4,True,
SURV0004974,DUD100616,2021-06-09,4,4,4,5,3,5,3,5,3,True,
SURV0004975,DUD100616,2021-07-17,3,4,3,3,3,3,4,2,3,False,
SURV0004976,DUD100616,2021-08-10,3,4,2,3,3,3,4,2,3,False,
SURV0004977,DUD100616,2021-09-24,4,4,4,5,5,3,3,3,4,True,
SURV0004978,DUD100616,2021-10-08,3,3,3,2,2,4,2,3,3,False,
SURV0004979,DUD100616,2021-11-21,4,5,5,4,3,4,4,4,5,True,
SURV0004980,DUD100616,2021-12-07,4,4,5,4,4,4,3,3,3,True,
SURV0004981,DUD100617,2023-12-25,5,5,5,5,5,5,4,5,4,True,
SURV0004982,DUD100617,2024-01-17,3,3,4,4,3,2,3,2,3,False,
SURV0004983,DUD100617,2024-02-14,4,4,3,3,4,4,4,4,5,True,
SURV0004984,DUD100617,2024-03-19,3,3,3,4,3,2,2,2,2,False,
SURV0004985,DUD100618,2022-02-01,4,3,4,3,4,4,3,4,5,True,
SURV0004986,DUD100618,2022-03-20,4,4,3,5,5,5,4,4,5,True,
SURV0004987,DUD100618,2022-04-16,2,2,2,3,3,2,1,3,2,False,
SURV0004988,DUD100618,2022-05-25,4,3,3,5,3,4,5,5,5,True,
SURV0004989,DUD100618,2022-06-27,4,4,5,3,5,4,4,5,4,True,
SURV0004990,DUD100619,2021-01-21,5,5,5,5,5,5,5,4,5,True,
SURV0004991,DUD100619,2021-02-04,4,4,4,4,4,5,5,5,3,True,
SURV0004992,DUD100619,2021-03-02,2,2,2,2,3,1,3,1,2,False,
SURV0004993,DUD100619,2021-04-18,3,4,3,2,3,2,4,3,3,False,
SURV0004994,DUD100619,2021-05-06,5,5,5,5,4,5,5,4,5,True,
SURV0004995,DUD100620,2024-09-04,3,4,4,2,2,2,3,3,3,False,
SURV0004996,DUD100620,2024-10-10,3,3,2,3,2,2,2,4,3,False,
SURV0004997,DUD100620,2024-11-27,4,4,4,4,3,4,5,5,4,True,
SURV0004998,DUD100620,2024-12-07,3,2,3,3,3,2,4,2,2,False,
SURV0004999,DUD100620,2025-01-22,5,5,4,5,5,5,5,5,5,True,
SURV0005000,DUD100620,2025-02-26,1,2,1,1,1,2,1,2,1,False,
SURV0005001,DUD100620,2025-03-20,4,4,4,4,4,5,4,4,5,True,
SURV0005002,DUD100620,2025-04-23,5,5,4,5,5,5,5,5,4,True,
SURV0005003,DUD100620,2025-05-14,5,5,5,5,5,5,4,5,5,True,
SURV0005004,DUD100620,2025-06-28,2,2,2,3,1,2,2,1,2,False,
SURV0005005,DUD100620,2025-07-22,2,3,2,3,3,2,2,2,1,False,
SURV0005006,DUD100620,2025-08-26,2,3,2,2,2,1,2,2,3,False,
SURV0005007,DUD100621,2024-04-18,4,4,5,5,4,5,5,5,4,True,
SURV0005008,DUD100621,2024-05-12,3,3,3,2,2,2,3,2,2,False,
SURV0005009,DUD100621,2024-06-13,4,4,3,3,5,4,5,3,3,True,
SURV0005010,DUD100621,2024-07-27,5,5,5,5,4,5,5,5,5,True,
SURV0005011,DUD100621,2024-08-01,3,2,3,2,3,3,4,4,3,False,
SURV0005012,DUD100621,2024-09-15,5,4,4,5,5,4,5,4,5,True,
SURV0005013,DUD100621,2024-10-17,2,3,3,2,2,2,2,2,2,False,
SURV0005014,DUD100621,2024-11-11,5,5,5,5,4,5,5,5,5,True,
SURV0005015,DUD100621,2024-12-07,3,3,3,3,3,2,4,2,3,False,
SURV0005016,DUD100621,2025-01-27,4,5,4,3,3,3,4,4,4,True,
SURV0005017,DUD100622,2021-03-16,4,3,5,3,4,4,5,4,3,True,
SURV0005018,DUD100622,2021-04-04,5,5,5,5,5,5,5,5,5,True,
SURV0005019,DUD100622,2021-05-25,4,4,3,4,3,3,5,3,4,True,
SURV0005020,DUD100622,2021-06-01,3,3,2,2,3,4,3,3,4,False,
SURV0005021,DUD100622,2021-07-01,2,3,3,2,1,2,1,2,2,False,
SURV0005022,DUD100622,2021-08-12,3,2,3,4,4,2,3,2,3,False,
SURV0005023,DUD100622,2021-09-15,5,5,4,5,5,5,5,5,4,True,
SURV0005024,DUD100622,2021-10-07,5,4,5,4,5,4,5,5,5,True,
SURV0005025,DUD100622,2021-11-13,4,3,3,3,4,4,4,4,3,True,
SURV0005026,DUD100622,2021-12-20,4,4,4,3,4,3,3,4,4,True,
SURV0005027,DUD100622,2022-01-04,3,4,4,3,4,2,3,4,3,False,
SURV0005028,DUD100623,2021-12-25,4,4,4,5,4,4,3,4,4,True,
SURV0005029,DUD100623,2022-01-05,3,3,3,3,2,4,4,2,2,False,
SURV0005030,DUD100623,2022-02-11,5,5,4,5,5,5,5,5,4,True,
SURV0005031,DUD100623,2022-03-02,2,2,2,2,1,1,1,2,1,False,
SURV0005032,DUD100624,2023-03-10,2,2,3,2,3,3,1,2,2,False,
SURV0005033,DUD100624,2023-04-11,5,5,5,5,4,5,5,5,5,True,
SURV0005034,DUD100624,2023-05-03,4,3,3,3,3,4,5,4,4,True,
SURV0005035,DUD100624,2023-06-13,2,1,1,3,2,3,1,2,2,False,
SURV0005036,DUD100624,2023-07-06,4,5,4,4,4,5,5,4,4,True,
SURV0005037,DUD100624,2023-08-20,2,2,2,3,2,1,1,1,3,False,
SURV0005038,DUD100624,2023-09-22,4,3,4,4,3,4,5,4,4,True,
SURV0005039,DUD100624,2023-10-14,5,5,5,4,5,4,5,5,5,True,
SURV0005040,DUD100624,2023-11-04,4,5,5,5,5,5,4,3,3,True,
SURV0005041,DUD100625,2021-02-16,4,3,5,4,5,4,5,5,3,True,
SURV0005042,DUD100625,2021-03-19,5,5,5,5,5,4,5,5,5,True,
SURV0005043,DUD100625,2021-04-23,5,5,5,5,5,5,4,4,5,True,
SURV0005044,DUD100625,2021-05-03,5,5,5,4,4,5,5,4,5,True,
SURV0005045,DUD100625,2021-06-20,5,5,5,5,5,5,4,4,5,True,
SURV0005046,DUD100625,2021-07-22,3,4,3,3,2,2,2,3,3,False,
SURV0005047,DUD100625,2021-08-28,3,3,3,3,3,4,4,2,4,False,
SURV0005048,DUD100625,2021-09-22,4,4,4,4,5,4,4,3,4,True,
SURV0005049,DUD100625,2021-10-11,5,4,5,5,4,4,5,5,5,True,
SURV0005050,DUD100625,2021-11-27,4,4,3,5,4,4,5,4,4,True,
SURV0005051,DUD100625,2021-12-20,4,4,4,3,4,4,4,4,3,True,
SURV0005052,DUD100626,2023-01-22,4,4,5,3,3,4,5,4,4,True,
SURV0005053,DUD100626,2023-02-16,4,4,3,4,4,3,5,5,4,True,
SURV0005054,DUD100626,2023-03-11,3,2,3,3,3,3,4,3,3,False,
SURV0005055,DUD100626,2023-04-09,4,4,4,3,4,4,4,4,5,True,
SURV0005056,DUD100626,2023-05-12,4,4,3,4,4,4,5,3,3,True,
SURV0005057,DUD100626,2023-06-07,2,2,1,2,1,2,2,2,3,False,
SURV0005058,DUD100627,2023-09-09,4,4,5,4,5,5,5,3,4,True,
SURV0005059,DUD100627,2023-10-22,3,3,3,3,4,3,2,2,3,False,
SURV0005060,DUD100627,2023-11-25,4,4,4,4,3,5,5,5,4,True,
SURV0005061,DUD100627,2023-12-09,5,5,5,5,5,5,5,4,4,True,
SURV0005062,DUD100627,2024-01-03,3,4,3,4,4,3,3,3,3,False,
SURV0005063,DUD100628,2021-09-21,4,5,4,4,3,4,4,4,4,True,
SURV0005064,DUD100628,2021-10-02,1,1,1,1,1,1,2,1,1,False,
SURV0005065,DUD100628,2021-11-22,4,3,3,3,5,4,3,4,4,True,
SURV0005066,DUD100628,2021-12-26,5,5,4,4,5,5,5,5,5,True,
SURV0005067,DUD100629,2023-12-27,4,5,3,4,4,5,5,4,3,True,
SURV0005068,DUD100629,2024-01-09,4,4,5,3,4,5,3,3,5,True,
SURV0005069,DUD100629,2024-02-17,4,4,3,4,5,3,3,5,5,True,
SURV0005070,DUD100629,2024-03-19,4,5,5,3,3,4,4,3,4,True,
SURV0005071,DUD100629,2024-04-10,4,5,5,5,3,4,4,5,5,True,
SURV0005072,DUD100629,2024-05-18,3,3,3,3,3,2,2,2,3,False,
SURV0005073,DUD100629,2024-06-14,2,2,2,3,2,2,1,1,2,False,
SURV0005074,DUD100630,2021-04-11,3,3,4,2,2,4,3,4,3,False,
SURV0005075,DUD100630,2021-05-06,4,4,5,3,3,4,4,5,5,True,
SURV0005076,DUD100630,2021-06-21,2,1,2,2,1,1,2,3,3,False,
SURV0005077,DUD100630,2021-07-02,5,5,4,5,5,4,5,5,4,True,
SURV0005078,DUD100630,2021-08-24,4,4,3,3,4,5,4,5,5,True,
SURV0005079,DUD100630,2021-09-12,3,3,4,2,4,3,3,3,3,False,
SURV0005080,DUD100630,2021-10-05,3,2,2,3,3,3,3,4,3,False,
SURV0005081,DUD100630,2021-11-09,5,5,5,4,4,5,5,5,5,True,
SURV0005082,DUD100630,2021-12-20,4,4,4,4,5,5,5,4,3,True,
SURV0005083,DUD100631,2021-10-15,4,4,5,3,4,5,3,5,3,True,
SURV0005084,DUD100631,2021-11-10,5,5,4,4,4,5,5,5,4,True,
SURV0005085,DUD100631,2021-12-13,3,3,2,4,3,2,2,4,3,False,
SURV0005086,DUD100631,2022-01-08,4,4,5,4,5,5,5,3,5,True,
SURV0005087,DUD100631,2022-02-04,5,5,4,4,5,5,5,5,5,True,
SURV0005088,DUD100631,2022-03-26,4,4,5,4,4,4,3,5,4,True,
SURV0005089,DUD100631,2022-04-09,5,5,5,5,5,5,5,5,4,True,
SURV0005090,DUD100631,2022-05-09,2,3,2,2,2,2,1,2,3,False,
SURV0005091,DUD100631,2022-06-17,4,4,3,4,3,4,4,5,5,True,
SURV0005092,DUD100631,2022-07-21,3,3,2,3,4,4,4,2,4,False,
SURV0005093,DUD100631,2022-08-04,4,4,4,4,4,5,3,5,3,True,
SURV0005094,DUD100632,2024-10-15,5,4,5,5,5,5,5,5,5,True,
SURV0005095,DUD100632,2024-11-19,3,3,2,3,2,2,4,3,4,False,
SURV0005096,DUD100632,2024-12-06,5,4,5,5,5,5,5,5,5,True,
SURV0005097,DUD100632,2025-01-09,4,5,5,4,3,4,3,3,4,True,
SURV0005098,DUD100632,2025-02-26,3,4,4,3,3,3,2,2,2,False,
SURV0005099,DUD100632,2025-03-25,4,4,4,4,4,4,4,5,5,True,
SURV0005100,DUD100632,2025-04-17,5,4,5,5,5,4,5,5,5,True,
SURV0005101,DUD100632,2025-05-11,3,4,3,2,3,3,2,2,2,False,
SURV0005102,DUD100632,2025-06-23,3,4,3,3,2,4,4,3,3,False,
SURV0005103,DUD100632,2025-07-06,5,5,5,5,5,4,5,5,5,True,
SURV0005104,DUD100633,2021-07-07,4,4,5,4,5,4,4,5,4,True,
SURV0005105,DUD100633,2021-08-13,4,4,4,3,4,4,4,4,4,True,
SURV0005106,DUD100633,2021-09-19,4,3,4,5,4,4,5,3,5,True,
SURV0005107,DUD100633,2021-10-20,3,4,4,3,4,2,3,2,3,False,
SURV0005108,DUD100633,2021-11-02,5,5,5,5,5,5,5,5,5,True,
SURV0005109,DUD100633,2021-12-21,5,5,4,4,5,4,5,5,5,True,
SURV0005110,DUD100633,2022-01-24,4,4,3,5,3,5,4,4,4,True,
SURV0005111,DUD100633,2022-02-22,5,5,4,5,5,4,5,5,5,True,
SURV0005112,DUD100633,2022-03-09,5,5,4,5,5,5,5,5,4,True,
SURV0005113,DUD100633,2022-04-10,4,5,5,3,5,3,3,4,4,True,
SURV0005114,DUD100633,2022-05-05,4,3,4,3,4,5,3,3,4,True,
SURV0005115,DUD100633,2022-06-02,2,3,3,1,3,1,2,1,1,False,
SURV0005116,DUD100634,2023-04-11,4,4,4,5,4,5,4,5,4,True,
SURV0005117,DUD100634,2023-05-03,5,5,5,5,5,4,5,4,4,True,
SURV0005118,DUD100634,2023-06-26,4,5,4,4,5,4,5,5,3,True,
SURV0005119,DUD100634,2023-07-22,5,5,5,4,5,4,5,5,5,True,
SURV0005120,DUD100634,2023-08-04,5,5,4,5,5,5,5,5,5,True,
SURV0005121,DUD100634,2023-09-10,4,4,4,5,5,4,3,5,3,True,
SURV0005122,DUD100634,2023-10-09,4,4,4,5,5,4,3,4,4,True,
SURV0005123,DUD100635,2023-12-23,5,5,4,5,5,5,5,5,5,True,
SURV0005124,DUD100635,2024-01-12,4,3,3,4,5,4,4,4,4,True,
SURV0005125,DUD100635,2024-02-18,3,2,2,3,3,2,3,3,4,False,
SURV0005126,DUD100635,2024-03-13,4,4,4,3,5,4,4,5,4,True,
SURV0005127,DUD100635,2024-04-24,4,4,4,4,4,3,5,4,3,True,
SURV0005128,DUD100635,2024-05-02,4,4,4,4,3,5,4,4,4,True,
SURV0005129,DUD100635,2024-06-26,3,3,3,2,3,2,3,3,4,False,
SURV0005130,DUD100635,2024-07-25,5,5,5,4,5,5,5,5,4,True,
SURV0005131,DUD100635,2024-08-15,5,5,5,5,5,5,4,5,5,True,
SURV0005132,DUD100635,2024-09-15,4,4,4,4,4,4,4,3,4,True,
SURV0005133,DUD100636,2024-12-15,3,4,4,3,4,4,2,2,3,False,
SURV0005134,DUD100636,2025-01-04,3,4,4,4,3,3,2,3,2,False,
SURV0005135,DUD100636,2025-02-23,4,3,4,3,4,4,4,3,5,True,
SURV0005136,DUD100636,2025-03-07,3,3,4,3,3,3,3,3,2,False,
SURV0005137,DUD100636,2025-04-25,5,5,4,5,5,5,5,5,5,True,
SURV0005138,DUD100636,2025-05-07,4,4,4,5,4,4,4,4,5,True,
SURV0005139,DUD100636,2025-06-11,3,3,2,3,3,3,3,3,2,False,
SURV0005140,DUD100637,2024-03-14,4,5,4,4,4,3,4,4,5,True,
SURV0005141,DUD100637,2024-04-12,3,3,3,3,4,4,3,4,2,False,
SURV0005142,DUD100637,2024-05-06,5,5,5,5,5,5,5,5,5,True,
SURV0005143,DUD100637,2024-06-10,4,4,5,3,5,5,3,3,4,True,
SURV0005144,DUD100637,2024-07-19,4,4,5,5,3,3,5,3,4,True,
SURV0005145,DUD100637,2024-08-27,5,5,5,5,5,5,5,4,5,True,
SURV0005146,DUD100637,2024-09-10,5,5,4,4,5,4,4,5,4,True,
SURV0005147,DUD100637,2024-10-06,4,4,4,4,3,3,5,5,5,True,
SURV0005148,DUD100637,2024-11-06,2,2,2,2,1,2,3,1,2,False,
SURV0005149,DUD100637,2024-12-20,2,3,1,1,3,2,1,3,3,False,
SURV0005150,DUD100637,2025-01-20,5,5,4,5,5,4,5,5,5,True,
SURV0005151,DUD100637,2025-02-18,4,5,5,4,5,4,3,5,4,True,
SURV0005152,DUD100638,2023-07-09,3,2,3,4,3,2,3,4,3,False,
SURV0005153,DUD100638,2023-08-11,3,4,4,3,3,4,3,4,2,False,
SURV0005154,DUD100638,2023-09-28,2,3,3,2,3,2,2,2,3,False,
SURV0005155,DUD100638,2023-10-19,5,5,5,5,5,5,5,4,5,True,
SURV0005156,DUD100639,2023-03-18,4,4,4,3,5,3,4,3,4,True,
SURV0005157,DUD100639,2023-04-11,1,2,2,2,2,2,1,1,1,False,
SURV0005158,DUD100639,2023-05-05,3,4,3,3,3,3,3,3,2,False,
SURV0005159,DUD100639,2023-06-08,4,3,4,4,4,3,4,5,4,True,
SURV0005160,DUD100639,2023-07-19,2,1,2,3,2,1,1,3,2,False,
SURV0005161,DUD100639,2023-08-25,5,5,5,5,4,4,5,5,5,True,
SURV0005162,DUD100639,2023-09-27,4,4,3,3,5,5,5,3,5,True,
SURV0005163,DUD100639,2023-10-24,4,4,4,3,3,4,4,4,4,True,
SURV0005164,DUD100639,2023-11-10,5,5,5,5,4,4,5,5,5,True,
SURV0005165,DUD100639,2023-12-10,5,5,4,5,5,4,5,4,5,True,
SURV0005166,DUD100639,2024-01-05,5,5,5,5,5,4,5,5,5,True,
SURV0005167,DUD100640,2024-12-18,4,4,3,3,5,3,3,4,5,True,
SURV0005168,DUD100640,2025-01-05,3,3,3,4,2,4,4,3,2,False,
SURV0005169,DUD100640,2025-02-03,5,5,5,5,4,4,5,5,5,True,
SURV0005170,DUD100640,2025-03-15,3,3,4,4,3,3,3,3,3,False,
SURV0005171,DUD100640,2025-04-01,1,1,1,1,2,2,1,1,1,False,
SURV0005172,DUD100641,2021-01-12,4,3,4,4,4,4,5,5,3,True,
SURV0005173,DUD100641,2021-02-21,4,4,4,3,3,4,3,4,4,True,
SURV0005174,DUD100641,2021-03-28,3,2,3,4,2,3,4,3,4,False,
SURV0005175,DUD100641,2021-04-05,4,5,4,4,3,3,3,3,3,True,
SURV0005176,DUD100641,2021-05-12,5,5,4,5,5,5,5,5,4,True,
SURV0005177,DUD100641,2021-06-23,4,4,4,3,4,4,5,4,4,True,
SURV0005178,DUD100641,2021-07-21,2,2,2,3,1,2,3,2,2,False,
SURV0005179,DUD100641,2021-08-20,5,5,4,5,5,4,5,5,5,True,
SURV0005180,DUD100641,2021-09-01,3,3,2,4,4,4,4,4,2,False,
SURV0005181,DUD100641,2021-10-10,3,4,2,3,4,3,2,4,2,False,
SURV0005182,DUD100641,2021-11-19,4,5,5,5,3,4,4,4,4,True,
SURV0005183,DUD100641,2021-12-12,1,1,2,1,1,1,1,1,1,False,
SURV0005184,DUD100642,2022-07-19,1,2,2,1,2,1,1,2,2,False,
SURV0005185,DUD100642,2022-08-12,4,4,4,4,3,4,4,4,5,True,
SURV0005186,DUD100642,2022-09-07,3,3,3,2,3,2,3,2,2,False,
SURV0005187,DUD100642,2022-10-03,3,3,4,3,3,2,3,4,3,False,
SURV0005188,DUD100642,2022-11-19,4,4,3,4,3,5,5,4,5,True,
SURV0005189,DUD100642,2022-12-21,4,5,4,5,3,4,3,3,4,True,
SURV0005190,DUD100642,2023-01-15,3,3,2,3,4,2,4,2,3,False,
SURV0005191,DUD100643,2024-12-24,4,3,5,5,3,4,3,4,4,True,
SURV0005192,DUD100643,2025-01-19,5,5,5,5,5,5,5,4,5,True,
SURV0005193,DUD100643,2025-02-28,4,4,4,4,4,5,3,3,3,True,
SURV0005194,DUD100643,2025-03-14,4,4,4,5,5,4,3,4,4,True,
SURV0005195,DUD100643,2025-04-21,3,4,2,4,3,3,2,3,3,False,
SURV0005196,DUD100643,2025-05-09,5,5,4,4,5,5,5,5,4,True,
SURV0005197,DUD100643,2025-06-03,4,5,4,4,4,3,4,4,4,True,
SURV0005198,DUD100643,2025-07-17,5,5,4,5,5,5,5,5,5,True,
SURV0005199,DUD100643,2025-08-12,4,4,5,4,5,4,4,4,4,True,
SURV0005200,DUD100643,2025-09-07,4,3,4,5,4,4,5,5,3,True,
SURV0005201,DUD100644,2023-06-25,2,1,1,3,2,2,1,2,2,False,
SURV0005202,DUD100644,2023-07-05,5,5,5,5,4,4,5,5,5,True,
SURV0005203,DUD100644,2023-08-25,4,3,4,4,5,4,3,4,4,True,
SURV0005204,DUD100644,2023-09-10,3,2,2,3,2,3,3,3,3,False,
SURV0005205,DUD100645,2023-11-20,4,3,3,3,3,5,4,5,3,True,
SURV0005206,DUD100645,2023-12-10,4,4,5,5,3,5,3,4,3,True,
SURV0005207,DUD100645,2024-01-17,4,5,5,3,4,5,5,4,3,True,
SURV0005208,DUD100645,2024-02-11,2,3,3,2,1,1,2,2,2,False,
SURV0005209,DUD100645,2024-03-10,3,2,2,3,3,4,2,3,3,False,
SURV0005210,DUD100646,2022-07-09,5,5,5,5,4,5,4,5,4,True,
SURV0005211,DUD100646,2022-08-16,5,4,5,4,5,5,4,5,4,True,
SURV0005212,DUD100646,2022-09-11,4,5,5,4,4,4,4,4,5,True,
SURV0005213,DUD100646,2022-10-10,1,2,1,2,1,1,1,1,1,False,
SURV0005214,DUD100646,2022-11-07,4,3,5,5,4,3,3,5,5,True,
SURV0005215,DUD100646,2022-12-15,5,5,4,5,5,4,5,5,5,True,
SURV0005216,DUD100646,2023-01-21,4,4,5,4,5,4,4,4,4,True,
SURV0005217,DUD100646,2023-02-24,2,2,3,2,2,2,1,2,1,False,
SURV0005218,DUD100646,2023-03-10,1,1,2,1,1,1,1,1,1,False,
SURV0005219,DUD100646,2023-04-22,3,3,2,3,3,4,2,4,2,False,
SURV0005220,DUD100647,2022-06-08,3,3,3,3,3,2,2,4,2,False,
SURV0005221,DUD100647,2022-07-27,4,5,4,4,4,3,4,4,5,True,
SURV0005222,DUD100647,2022-08-26,3,3,2,4,3,3,3,2,3,False,
SURV0005223,DUD100647,2022-09-14,4,4,4,4,3,4,4,4,4,True,
SURV0005224,DUD100647,2022-10-26,4,4,5,5,4,3,4,5,3,True,
SURV0005225,DUD100647,2022-11-04,3,4,4,3,2,2,2,3,3,False,
SURV0005226,DUD100648,2024-09-07,3,2,2,3,3,3,4,2,3,False,
SURV0005227,DUD100648,2024-10-19,5,4,5,5,5,5,4,5,4,True,
SURV0005228,DUD100648,2024-11-09,2,2,2,3,3,2,2,2,1,False,
SURV0005229,DUD100648,2024-12-24,5,5,5,5,5,5,5,5,5,True,
SURV0005230,DUD100648,2025-01-13,3,2,2,2,2,3,3,3,3,False,
SURV0005231,DUD100648,2025-02-24,5,5,5,5,5,4,5,5,5,True,
SURV0005232,DUD100648,2025-03-07,1,2,1,1,2,2,2,1,1,False,
SURV0005233,DUD100649,2022-06-23,4,4,5,5,4,4,3,3,3,True,
SURV0005234,DUD100649,2022-07-13,4,4,4,3,5,5,3,4,3,True,
SURV0005235,DUD100649,2022-08-13,5,5,5,5,5,4,5,5,4,True,
SURV0005236,DUD100649,2022-09-04,4,3,3,5,4,4,5,3,4,True,
SURV0005237,DUD100649,2022-10-09,5,5,5,5,4,5,5,5,5,True,
SURV0005238,DUD100649,2022-11-22,3,3,3,2,4,2,3,3,2,False,
SURV0005239,DUD100649,2022-12-13,3,3,4,2,4,2,4,2,2,False,
SURV0005240,DUD100649,2023-01-04,3,3,3,3,3,4,2,3,2,False,
SURV0005241,DUD100649,2023-02-09,4,4,4,3,5,3,4,3,5,True,
SURV0005242,DUD100649,2023-03-19,5,4,5,5,4,5,5,5,5,True,
SURV0005243,DUD100649,2023-04-14,4,4,5,3,4,3,4,5,4,True,
SURV0005244,DUD100650,2024-02-27,3,4,3,4,2,2,3,4,2,False,
SURV0005245,DUD100650,2024-03-16,5,5,5,5,5,5,5,5,5,True,
SURV0005246,DUD100650,2024-04-16,3,3,3,2,2,2,2,4,3,False,
SURV0005247,DUD100650,2024-05-05,3,4,4,4,3,4,3,4,4,False,
SURV0005248,DUD100650,2024-06-28,4,4,4,4,3,4,4,4,4,True,
SURV0005249,DUD100651,2023-08-23,5,5,5,5,5,4,5,4,5,True,
SURV0005250,DUD100651,2023-09-27,4,4,3,3,3,3,4,3,5,True,
SURV0005251,DUD100651,2023-10-15,4,3,5,4,3,3,5,3,5,True,
SURV0005252,DUD100651,2023-11-04,2,3,2,2,2,3,2,1,2,False,
SURV0005253,DUD100652,2022-12-09,2,1,1,2,1,2,3,1,2,False,
SURV0005254,DUD100652,2023-01-05,5,5,4,5,5,5,5,5,4,True,
SURV0005255,DUD100652,2023-02-17,5,5,5,5,4,5,5,4,5,True,
SURV0005256,DUD100652,2023-03-11,4,3,3,5,4,4,3,5,4,True,
SURV0005257,DUD100652,2023-04-11,3,2,2,2,4,2,4,3,4,False,
SURV0005258,DUD100652,2023-05-27,4,4,4,3,4,5,4,4,4,True,
SURV0005259,DUD100653,2021-06-07,4,5,3,5,5,5,3,5,5,True,
SURV0005260,DUD100653,2021-07-16,5,4,5,5,5,4,5,5,5,True,
SURV0005261,DUD100653,2021-08-27,2,2,2,2,2,2,3,2,2,False,
SURV0005262,DUD100653,2021-09-09,4,4,4,4,3,4,5,4,4,True,
SURV0005263,DUD100653,2021-10-27,4,4,3,4,3,5,4,4,5,True,
SURV0005264,DUD100653,2021-11-02,5,4,5,5,5,4,5,4,5,True,
SURV0005265,DUD100653,2021-12-11,5,5,5,5,5,5,5,5,5,True,
SURV0005266,DUD100653,2022-01-19,3,3,4,2,3,3,3,3,2,False,
SURV0005267,DUD100654,2022-09-16,3,3,3,2,2,4,3,3,4,False,
SURV0005268,DUD100654,2022-10-21,4,5,5,5,4,4,4,3,4,True,
SURV0005269,DUD100654,2022-11-26,4,5,3,3,5,4,4,4,3,True,
SURV0005270,DUD100654,2022-12-24,2,2,3,2,3,2,2,1,1,False,
SURV0005271,DUD100654,2023-01-25,4,5,4,5,3,3,5,3,4,True,
SURV0005272,DUD100654,2023-02-11,4,4,4,5,4,4,4,4,3,True,
SURV0005273,DUD100654,2023-03-14,1,1,2,1,1,2,2,2,1,False,
SURV0005274,DUD100654,2023-04-15,4,5,5,3,4,3,5,3,4,True,
SURV0005275,DUD100654,2023-05-12,4,3,4,4,4,3,3,3,5,True,
SURV0005276,DUD100654,2023-06-08,3,3,3,3,3,2,3,3,3,False,
SURV0005277,DUD100654,2023-07-26,5,5,5,5,5,5,4,5,4,True,
SURV0005278,DUD100654,2023-08-06,2,2,2,1,2,2,1,2,2,False,
SURV0005279,DUD100655,2022-01-18,4,4,3,4,3,4,4,5,4,True,
SURV0005280,DUD100655,2022-02-09,4,5,3,3,3,5,5,4,3,True,
SURV0005281,DUD100655,2022-03-20,4,3,4,4,4,4,4,4,5,True,
SURV0005282,DUD100655,2022-04-11,2,2,2,2,3,2,2,2,1,False,
SURV0005283,DUD100655,2022-05-03,4,5,3,3,4,3,4,4,5,True,
SURV0005284,DUD100655,2022-06-12,3,3,3,4,2,3,3,3,4,False,
SURV0005285,DUD100656,2023-05-03,4,4,5,5,4,4,4,5,4,True,
SURV0005286,DUD100656,2023-06-18,4,5,4,3,3,4,5,3,5,True,
SURV0005287,DUD100656,2023-07-12,4,3,3,4,5,4,5,3,4,True,
SURV0005288,DUD100656,2023-08-22,4,4,4,4,4,5,4,5,3,True,
SURV0005289,DUD100656,2023-09-24,3,3,3,3,3,3,4,2,2,False,
SURV0005290,DUD100656,2023-10-08,4,3,4,3,4,4,5,5,4,True,
SURV0005291,DUD100656,2023-11-12,5,5,5,5,5,5,5,5,5,True,
SURV0005292,DUD100656,2023-12-20,3,2,2,3,3,2,4,4,3,False,
SURV0005293,DUD100657,2024-04-18,3,2,4,3,3,2,3,3,4,False,
SURV0005294,DUD100657,2024-05-02,3,4,2,3,3,3,3,3,4,False,
SURV0005295,DUD100657,2024-06-18,4,3,3,3,5,3,4,3,4,True,
SURV0005296,DUD100657,2024-07-05,4,3,4,5,4,5,4,3,3,True,
SURV0005297,DUD100657,2024-08-10,5,4,5,5,5,5,4,5,4,True,
SURV0005298,DUD100657,2024-09-28,2,2,2,2,3,1,1,2,1,False,
SURV0005299,DUD100658,2021-02-14,2,2,1,3,3,3,2,2,2,False,
SURV0005300,DUD100658,2021-03-21,3,3,3,2,4,2,2,3,3,False,
SURV0005301,DUD100658,2021-04-08,5,4,5,5,4,5,4,4,5,True,
SURV0005302,DUD100658,2021-05-05,4,4,5,3,4,5,4,3,5,True,
SURV0005303,DUD100658,2021-06-08,5,5,5,5,5,5,5,5,5,True,
SURV0005304,DUD100658,2021-07-20,4,4,4,5,5,3,4,5,4,True,
SURV0005305,DUD100658,2021-08-10,5,5,4,4,5,5,4,5,4,True,
SURV0005306,DUD100658,2021-09-25,1,1,2,1,1,1,1,1,1,False,
SURV0005307,DUD100658,2021-10-28,4,4,4,5,4,4,5,3,3,True,
SURV0005308,DUD100658,2021-11-26,3,2,2,4,3,2,4,3,4,False,
SURV0005309,DUD100658,2021-12-12,3,3,3,3,2,3,4,4,3,False,
SURV0005310,DUD100658,2022-01-09,4,4,4,4,4,4,3,3,4,True,
SURV0005311,DUD100659,2021-03-13,4,4,4,4,5,3,3,5,3,True,
SURV0005312,DUD100659,2021-04-01,5,4,5,5,5,4,5,5,5,True,
SURV0005313,DUD100659,2021-05-13,4,4,4,4,4,4,5,4,5,True,
SURV0005314,DUD100659,2021-06-02,4,4,3,5,4,4,5,4,4,True,
SURV0005315,DUD100659,2021-07-07,4,5,5,4,3,4,3,4,4,True,
SURV0005316,DUD100660,2024-04-04,5,4,5,5,5,5,5,4,5,True,
SURV0005317,DUD100660,2024-05-08,4,4,4,3,3,3,4,3,4,True,
SURV0005318,DUD100660,2024-06-16,4,4,5,3,3,5,4,4,4,True,
SURV0005319,DUD100660,2024-07-19,5,5,5,5,5,5,5,4,4,True,
SURV0005320,DUD100660,2024-08-11,2,2,2,2,1,3,3,2,2,False,
SURV0005321,DUD100661,2021-04-03,3,3,3,3,2,4,3,2,2,False,
SURV0005322,DUD100661,2021-05-02,4,4,4,5,5,4,3,5,4,True,
SURV0005323,DUD100661,2021-06-12,4,5,3,5,4,5,4,5,5,True,
SURV0005324,DUD100661,2021-07-21,4,4,5,4,3,4,4,4,5,True,
SURV0005325,DUD100661,2021-08-22,4,5,3,4,4,4,4,4,3,True,
SURV0005326,DUD100661,2021-09-28,2,1,3,2,3,2,2,2,3,False,
SURV0005327,DUD100661,2021-10-11,5,5,5,5,5,5,5,5,4,True,
SURV0005328,DUD100661,2021-11-12,3,3,3,2,3,2,3,3,3,False,
SURV0005329,DUD100661,2021-12-03,3,3,3,3,3,2,4,3,3,False,
SURV0005330,DUD100661,2022-01-27,3,3,3,3,3,2,3,3,2,False,
SURV0005331,DUD100661,2022-02-20,4,4,4,5,3,5,4,4,4,True,
SURV0005332,DUD100662,2023-03-11,3,2,3,3,3,2,3,4,3,False,
SURV0005333,DUD100662,2023-04-21,4,4,3,4,4,3,5,4,4,True,
SURV0005334,DUD100662,2023-05-03,3,3,4,4,2,4,2,3,3,False,
SURV0005335,DUD100662,2023-06-18,4,4,4,4,3,5,4,3,5,True,
SURV0005336,DUD100662,2023-07-10,4,3,3,4,3,3,4,3,3,True,
SURV0005337,DUD100662,2023-08-01,2,2,1,2,1,2,1,2,2,False,
SURV0005338,DUD100663,2021-01-12,5,4,4,4,5,5,4,5,5,True,
SURV0005339,DUD100663,2021-02-16,5,5,4,5,5,5,5,5,5,True,
SURV0005340,DUD100663,2021-03-23,2,2,3,1,2,2,3,1,2,False,
SURV0005341,DUD100663,2021-04-13,2,2,2,3,3,2,3,2,1,False,
SURV0005342,DUD100663,2021-05-07,5,5,5,4,5,5,5,5,5,True,
SURV0005343,DUD100663,2021-06-04,3,4,3,3,3,3,3,4,2,False,
SURV0005344,DUD100663,2021-07-26,4,5,4,5,5,3,5,5,3,True,
SURV0005345,DUD100664,2024-02-13,4,3,4,5,3,3,3,4,4,True,
SURV0005346,DUD100664,2024-03-10,3,3,4,4,2,4,3,4,3,False,
SURV0005347,DUD100664,2024-04-03,5,5,4,4,5,5,5,4,5,True,
SURV0005348,DUD100664,2024-05-27,4,4,4,4,3,3,3,4,3,True,
SURV0005349,DUD100664,2024-06-23,4,3,5,5,3,4,5,4,4,True,
SURV0005350,DUD100664,2024-07-28,5,4,5,5,4,5,5,4,5,True,
SURV0005351,DUD100664,2024-08-07,3,3,2,3,2,3,4,3,2,False,
SURV0005352,DUD100664,2024-09-11,4,4,5,3,4,3,4,5,5,True,
SURV0005353,DUD100665,2022-12-26,3,4,3,3,3,2,4,3,2,False,
SURV0005354,DUD100665,2023-01-12,4,4,4,5,4,4,3,5,3,True,
SURV0005355,DUD100665,2023-02-23,5,5,5,5,5,5,4,5,4,True,
SURV0005356,DUD100665,2023-03-17,3,3,4,4,2,3,4,4,2,False,
SURV0005357,DUD100665,2023-04-07,4,5,3,4,3,3,4,4,3,True,
SURV0005358,DUD100665,2023-05-01,5,5,5,4,5,5,5,5,5,True,
SURV0005359,DUD100665,2023-06-04,3,2,2,3,3,4,3,3,3,False,
SURV0005360,DUD100666,2022-05-26,4,4,4,4,3,4,3,5,5,True,
SURV0005361,DUD100666,2022-06-17,4,4,4,4,4,3,4,4,4,True,
SURV0005362,DUD100666,2022-07-27,5,5,5,5,4,5,5,5,5,True,
SURV0005363,DUD100666,2022-08-08,4,4,4,4,3,5,4,5,3,True,
SURV0005364,DUD100666,2022-09-05,4,4,4,4,5,4,3,5,5,True,
SURV0005365,DUD100666,2022-10-19,4,5,3,4,4,3,5,3,5,True,
SURV0005366,DUD100666,2022-11-24,4,4,4,3,3,4,3,4,4,True,
SURV0005367,DUD100666,2022-12-22,4,5,4,4,4,3,3,5,5,True,
SURV0005368,DUD100666,2023-01-14,5,5,5,4,5,5,5,4,4,True,
SURV0005369,DUD100666,2023-02-18,3,4,3,2,2,2,3,4,3,False,
SURV0005370,DUD100666,2023-03-12,4,5,3,4,4,5,5,3,4,True,
SURV0005371,DUD100667,2023-06-14,3,3,3,4,4,3,3,3,3,False,
SURV0005372,DUD100667,2023-07-04,4,4,4,5,3,4,5,3,5,True,
SURV0005373,DUD100667,2023-08-04,3,3,4,4,3,3,3,2,2,False,
SURV0005374,DUD100667,2023-09-14,3,4,2,2,2,3,3,4,3,False,
SURV0005375,DUD100667,2023-10-13,5,5,5,5,5,5,5,5,5,True,
SURV0005376,DUD100667,2023-11-05,4,5,5,5,4,4,4,5,4,True,
SURV0005377,DUD100667,2023-12-19,3,2,3,3,3,4,3,3,3,False,
SURV0005378,DUD100667,2024-01-14,2,2,2,2,3,2,1,2,2,False,
SURV0005379,DUD100667,2024-02-10,3,2,3,3,4,3,3,4,3,False,
SURV0005380,DUD100668,2024-07-03,3,2,4,3,2,4,3,2,3,False,
SURV0005381,DUD100668,2024-08-21,1,1,1,2,2,2,2,2,1,False,
SURV0005382,DUD100668,2024-09-26,3,4,2,2,3,2,3,2,3,False,
SURV0005383,DUD100668,2024-10-25,4,4,5,4,4,5,4,4,4,True,
SURV0005384,DUD100668,2024-11-10,5,5,4,5,5,4,5,5,5,True,
SURV0005385,DUD100668,2024-12-12,2,2,3,3,3,2,3,3,2,False,
SURV0005386,DUD100668,2025-01-21,5,5,5,5,4,4,5,5,5,True,
SURV0005387,DUD100668,2025-02-22,4,4,4,3,4,5,4,4,3,True,
SURV0005388,DUD100668,2025-03-21,4,4,5,4,3,3,5,4,4,True,
SURV0005389,DUD100668,2025-04-06,4,4,3,3,3,4,4,4,3,True,
SURV0005390,DUD100668,2025-05-24,3,4,3,3,3,4,4,3,2,False,
SURV0005391,DUD100669,2024-01-06,3,2,2,2,4,3,2,3,4,False,
SURV0005392,DUD100669,2024-02-07,5,5,5,4,5,5,5,4,5,True,
SURV0005393,DUD100669,2024-03-15,5,5,4,5,5,5,5,5,5,True,
SURV0005394,DUD100669,2024-04-22,3,3,3,3,3,4,3,2,2,False,
SURV0005395,DUD100669,2024-05-19,5,4,5,5,5,5,4,5,5,True,
SURV0005396,DUD100670,2024-12-04,5,4,4,5,5,5,5,4,5,True,
SURV0005397,DUD100670,2025-01-10,4,4,4,4,4,4,5,4,5,True,
SURV0005398,DUD100670,2025-02-03,2,1,2,3,2,2,3,3,3,False,
SURV0005399,DUD100670,2025-03-28,2,2,2,3,2,2,3,3,2,False,
SURV0005400,DUD100670,2025-04-03,2,1,2,1,2,1,2,2,1,False,
SURV0005401,DUD100670,2025-05-20,4,4,5,4,4,5,5,3,4,True,
SURV0005402,DUD100670,2025-06-20,5,4,5,5,5,4,4,5,5,True,
SURV0005403,DUD100670,2025-07-05,1,1,1,2,1,1,2,1,1,False,
SURV0005404,DUD100671,2023-07-14,5,5,5,5,5,5,5,4,4,True,
SURV0005405,DUD100671,2023-08-03,4,3,3,3,3,4,4,5,4,True,
SURV0005406,DUD100671,2023-09-19,3,3,4,4,3,3,2,2,3,False,
SURV0005407,DUD100671,2023-10-01,3,3,2,4,2,3,4,4,3,False,
SURV0005408,DUD100671,2023-11-24,5,5,5,5,5,5,4,5,5,True,
SURV0005409,DUD100671,2023-12-20,3,4,3,2,3,3,3,3,3,False,
SURV0005410,DUD100671,2024-01-02,1,1,2,1,1,2,1,2,2,False,
SURV0005411,DUD100671,2024-02-13,5,5,5,4,5,5,5,4,5,True,
SURV0005412,DUD100671,2024-03-20,1,1,1,1,2,2,2,1,1,False,
SURV0005413,DUD100671,2024-04-08,3,4,2,4,4,4,4,3,4,False,
SURV0005414,DUD100671,2024-05-11,4,4,3,3,3,4,5,5,3,True,
SURV0005415,DUD100671,2024-06-23,5,5,4,5,4,5,5,5,4,True,
SURV0005416,DUD100672,2023-08-16,4,4,3,3,4,4,4,5,4,True,
SURV0005417,DUD100672,2023-09-10,1,1,2,1,1,1,1,1,2,False,
SURV0005418,DUD100672,2023-10-14,5,5,5,5,4,5,5,5,5,True,
SURV0005419,DUD100672,2023-11-06,3,3,2,2,4,4,4,3,2,False,
SURV0005420,DUD100672,2023-12-06,5,5,5,4,5,5,5,5,4,True,
SURV0005421,DUD100672,2024-01-19,5,4,5,5,4,5,5,4,5,True,
SURV0005422,DUD100672,2024-02-21,4,4,5,3,4,5,4,4,3,True,
SURV0005423,DUD100672,2024-03-24,5,5,5,5,4,4,4,5,4,True,
SURV0005424,DUD100672,2024-04-12,4,3,4,4,5,4,4,5,5,True,
SURV0005425,DUD100672,2024-05-28,4,5,3,5,4,4,4,3,3,True,
SURV0005426,DUD100673,2023-09-08,4,5,4,5,4,4,4,5,4,True,
SURV0005427,DUD100673,2023-10-06,4,3,5,4,4,3,4,4,3,True,
SURV0005428,DUD100673,2023-11-01,4,4,4,5,4,4,5,4,4,True,
SURV0005429,DUD100673,2023-12-19,3,2,3,2,2,4,3,3,3,False,
SURV0005430,DUD100673,2024-01-06,4,4,4,4,4,4,4,4,4,True,
SURV0005431,DUD100673,2024-02-18,4,3,5,4,3,5,4,4,4,True,
SURV0005432,DUD100673,2024-03-17,5,5,5,5,4,4,5,5,5,True,
SURV0005433,DUD100673,2024-04-12,5,5,4,5,5,5,5,5,4,True,
SURV0005434,DUD100674,2021-08-08,5,4,4,4,5,4,5,4,5,True,
SURV0005435,DUD100674,2021-09-20,2,3,2,2,1,3,2,2,2,False,
SURV0005436,DUD100674,2021-10-25,5,5,5,5,4,5,4,4,5,True,
SURV0005437,DUD100674,2021-11-28,4,3,3,4,3,3,3,4,5,True,
SURV0005438,DUD100674,2021-12-25,3,3,2,3,2,2,4,3,4,False,
SURV0005439,DUD100674,2022-01-12,4,3,4,5,4,4,5,3,4,True,
SURV0005440,DUD100674,2022-02-28,2,3,1,3,2,1,3,3,1,False,
SURV0005441,DUD100674,2022-03-08,5,5,5,5,5,5,5,5,5,True,
SURV0005442,DUD100675,2021-01-22,2,2,1,3,2,2,3,3,3,False,
SURV0005443,DUD100675,2021-02-10,2,2,1,2,2,1,1,2,2,False,
SURV0005444,DUD100675,2021-03-15,4,3,4,3,4,3,5,4,4,True,
SURV0005445,DUD100675,2021-04-20,2,3,1,2,2,2,1,2,1,False,
SURV0005446,DUD100675,2021-05-13,4,4,4,4,5,5,4,4,4,True,
SURV0005447,DUD100675,2021-06-25,2,3,2,3,3,2,1,3,2,False,
SURV0005448,DUD100675,2021-07-28,5,5,4,5,5,4,5,5,5,True,
SURV0005449,DUD100675,2021-08-22,5,5,4,4,5,4,5,5,5,True,
SURV0005450,DUD100675,2021-09-25,4,4,4,3,3,3,3,5,5,True,
SURV0005451,DUD100676,2022-10-07,3,3,4,2,3,3,3,3,3,False,
SURV0005452,DUD100676,2022-11-08,5,5,5,5,5,5,5,5,5,True,
SURV0005453,DUD100676,2022-12-03,5,5,5,5,4,4,4,5,5,True,
SURV0005454,DUD100676,2023-01-22,4,4,4,5,4,4,5,4,4,True,
SURV0005455,DUD100676,2023-02-19,4,4,5,5,4,3,5,3,5,True,
SURV0005456,DUD100677,2023-01-21,3,3,4,3,4,4,2,2,3,False,
SURV0005457,DUD100677,2023-02-26,4,5,4,5,4,3,5,4,4,True,
SURV0005458,DUD100677,2023-03-19,4,5,5,4,4,5,5,3,3,True,
SURV0005459,DUD100677,2023-04-28,4,5,4,5,5,4,4,3,4,True,
SURV0005460,DUD100677,2023-05-27,3,4,2,4,3,4,4,3,3,False,
SURV0005461,DUD100677,2023-06-05,4,5,3,4,4,5,4,4,4,True,
SURV0005462,DUD100677,2023-07-03,4,4,4,4,5,4,4,4,4,True,
SURV0005463,DUD100677,2023-08-11,5,5,5,4,5,5,4,5,5,True,
SURV0005464,DUD100678,2024-02-06,3,3,2,4,2,3,3,3,3,False,
SURV0005465,DUD100678,2024-03-25,5,5,5,5,4,5,5,5,5,True,
SURV0005466,DUD100678,2024-04-06,5,5,5,5,5,4,5,5,4,True,
SURV0005467,DUD100678,2024-05-02,4,4,5,4,3,3,3,4,5,True,
SURV0005468,DUD100678,2024-06-01,2,3,2,2,2,1,2,2,2,False,
SURV0005469,DUD100679,2023-09-16,5,5,4,5,5,5,5,5,5,True,
SURV0005470,DUD100679,2023-10-03,5,4,4,5,5,5,5,5,5,True,
SURV0005471,DUD100679,2023-11-17,2,3,2,2,2,2,2,2,2,False,
SURV0005472,DUD100679,2023-12-24,3,3,4,3,2,3,4,2,3,False,
SURV0005473,DUD100679,2024-01-04,5,5,5,5,5,5,5,5,5,True,
SURV0005474,DUD100679,2024-02-25,2,1,1,2,3,2,3,3,3,False,
SURV0005475,DUD100680,2023-02-13,5,5,5,5,4,4,5,5,4,True,
SURV0005476,DUD100680,2023-03-10,3,3,4,3,3,3,2,4,4,False,
SURV0005477,DUD100680,2023-04-01,3,3,4,3,2,3,2,4,4,False,
SURV0005478,DUD100680,2023-05-24,4,4,3,4,3,3,3,5,3,True,
SURV0005479,DUD100680,2023-06-09,4,5,3,4,5,3,4,4,3,True,
SURV0005480,DUD100680,2023-07-02,4,3,5,4,3,5,5,4,4,True,
SURV0005481,DUD100680,2023-08-27,3,3,3,3,3,3,2,4,2,False,
SURV0005482,DUD100680,2023-09-03,4,4,5,4,4,5,3,3,3,True,
SURV0005483,DUD100680,2023-10-11,3,3,3,2,3,2,4,3,3,False,
SURV0005484,DUD100680,2023-11-17,5,5,5,4,5,5,5,5,5,True,
SURV0005485,DUD100680,2023-12-04,3,3,4,3,4,3,2,3,2,False,
SURV0005486,DUD100680,2024-01-08,4,4,3,5,4,4,4,3,4,True,
SURV0005487,DUD100681,2021-08-08,3,3,2,4,4,4,2,2,3,False,
SURV0005488,DUD100681,2021-09-15,2,3,1,1,3,2,2,2,2,False,
SURV0005489,DUD100681,2021-10-07,4,4,4,4,5,5,5,4,5,True,
SURV0005490,DUD100681,2021-11-18,4,4,5,4,4,4,4,4,4,True,
SURV0005491,DUD100681,2021-12-01,4,4,5,4,5,5,4,5,5,True,
SURV0005492,DUD100681,2022-01-26,4,4,3,4,4,5,3,3,5,True,
SURV0005493,DUD100681,2022-02-18,3,3,4,3,3,2,3,3,3,False,
SURV0005494,DUD100681,2022-03-11,3,2,4,3,2,2,4,4,4,False,
SURV0005495,DUD100681,2022-04-03,4,3,5,3,5,3,4,5,4,True,
SURV0005496,DUD100681,2022-05-12,4,3,3,3,4,4,4,5,3,True,
SURV0005497,DUD100681,2022-06-05,5,5,5,5,4,5,4,5,4,True,
SURV0005498,DUD100681,2022-07-13,4,4,5,3,5,5,3,4,3,True,
SURV0005499,DUD100682,2021-09-11,4,4,5,4,3,5,5,5,3,True,
SURV0005500,DUD100682,2021-10-14,4,4,3,4,4,3,3,5,4,True,
SURV0005501,DUD100682,2021-11-16,4,4,5,3,4,3,5,3,5,True,
SURV0005502,DUD100682,2021-12-18,3,2,3,3,3,3,3,2,2,False,
SURV0005503,DUD100682,2022-01-28,5,5,5,5,5,5,4,4,5,True,
SURV0005504,DUD100682,2022-02-27,5,5,4,5,5,5,5,5,4,True,
SURV0005505,DUD100682,2022-03-22,4,5,5,4,5,4,3,4,5,True,
SURV0005506,DUD100682,2022-04-09,5,5,5,4,4,5,4,5,5,True,
SURV0005507,DUD100682,2022-05-02,5,4,4,5,4,4,4,5,5,True,
SURV0005508,DUD100682,2022-06-05,3,3,2,2,3,2,3,3,4,False,
SURV0005509,DUD100683,2021-01-14,4,3,4,5,5,4,4,4,4,True,
SURV0005510,DUD100683,2021-02-24,4,4,4,4,5,3,5,5,4,True,
SURV0005511,DUD100683,2021-03-01,4,3,4,4,5,4,5,5,3,True,
SURV0005512,DUD100683,2021-04-18,3,2,2,2,3,3,3,3,4,False,
SURV0005513,DUD100683,2021-05-13,5,5,5,5,5,5,5,5,4,True,
SURV0005514,DUD100683,2021-06-09,3,3,2,3,4,3,2,3,4,False,
SURV0005515,DUD100683,2021-07-19,3,3,4,2,4,2,2,2,4,False,
SURV0005516,DUD100683,2021-08-08,5,5,5,5,5,5,5,5,5,True,
SURV0005517,DUD100683,2021-09-11,4,3,4,4,3,4,3,3,5,True,
SURV0005518,DUD100683,2021-10-24,4,4,4,3,4,4,4,4,3,True,
SURV0005519,DUD100683,2021-11-10,3,4,3,2,2,3,3,4,3,False,
SURV0005520,DUD100684,2021-12-23,5,5,5,4,5,5,5,5,5,True,
SURV0005521,DUD100684,2022-01-16,4,4,3,4,4,4,4,4,3,True,
SURV0005522,DUD100684,2022-02-02,3,4,3,4,4,4,4,2,3,False,
SURV0005523,DUD100684,2022-03-07,4,5,4,5,3,3,4,3,4,True,
SURV0005524,DUD100684,2022-04-11,4,4,3,4,3,4,4,5,4,True,
SURV0005525,DUD100684,2022-05-07,4,5,4,4,4,4,3,5,3,True,
SURV0005526,DUD100684,2022-06-26,2,3,1,3,3,2,2,1,2,False,
SURV0005527,DUD100685,2022-07-08,4,5,4,3,5,3,5,3,5,True,
SURV0005528,DUD100685,2022-08-08,4,4,4,4,4,3,3,3,4,True,
SURV0005529,DUD100685,2022-09-26,3,4,3,2,3,4,4,3,3,False,
SURV0005530,DUD100685,2022-10-09,5,4,5,4,5,4,5,5,5,True,
SURV0005531,DUD100686,2023-01-12,4,4,4,3,3,3,3,4,5,True,
SURV0005532,DUD100686,2023-02-02,4,4,5,4,4,4,3,5,5,True,
SURV0005533,DUD100686,2023-03-04,3,3,4,3,4,3,3,3,3,False,
SURV0005534,DUD100686,2023-04-17,4,4,5,5,4,4,3,3,4,True,
SURV0005535,DUD100686,2023-05-10,5,5,5,5,5,4,4,5,4,True,
SURV0005536,DUD100686,2023-06-15,4,3,5,5,4,5,4,4,4,True,
SURV0005537,DUD100687,2021-10-11,3,3,2,2,2,2,2,3,2,False,
SURV0005538,DUD100687,2021-11-19,2,1,1,2,2,2,1,1,1,False,
SURV0005539,DUD100687,2021-12-08,3,3,3,3,2,3,3,4,4,False,
SURV0005540,DUD100687,2022-01-04,5,5,4,4,5,5,5,5,5,True,
SURV0005541,DUD100688,2021-02-07,4,5,4,4,4,5,3,4,4,True,
SURV0005542,DUD100688,2021-03-06,5,5,4,4,5,5,4,5,5,True,
SURV0005543,DUD100688,2021-04-23,3,3,4,2,4,4,4,3,3,False,
SURV0005544,DUD100688,2021-05-10,1,2,2,1,1,1,1,1,1,False,
SURV0005545,DUD100688,2021-06-09,4,4,4,3,4,4,4,3,4,True,
SURV0005546,DUD100688,2021-07-12,3,4,4,3,2,4,4,3,2,False,
SURV0005547,DUD100688,2021-08-27,3,3,2,2,2,2,2,3,3,False,
SURV0005548,DUD100688,2021-09-03,5,5,4,5,5,5,5,4,5,True,
SURV0005549,DUD100688,2021-10-04,5,4,5,5,4,5,5,5,4,True,
SURV0005550,DUD100688,2021-11-10,3,2,4,4,3,4,3,4,3,False,
SURV0005551,DUD100688,2021-12-26,5,5,4,5,5,5,5,5,5,True,
SURV0005552,DUD100688,2022-01-03,4,4,5,4,3,4,4,5,3,True,
SURV0005553,DUD100689,2024-06-01,2,3,2,3,2,2,2,2,2,False,
SURV0005554,DUD100689,2024-07-14,4,4,4,4,5,4,3,3,4,True,
SURV0005555,DUD100689,2024-08-13,3,2,3,4,3,4,3,3,3,False,
SURV0005556,DUD100689,2024-09-18,2,2,2,2,3,1,1,1,2,False,
SURV0005557,DUD100689,2024-10-14,3,3,3,3,2,3,3,3,2,False,
SURV0005558,DUD100689,2024-11-26,5,5,5,5,5,5,5,4,5,True,
SURV0005559,DUD100689,2024-12-27,5,5,5,5,4,5,5,5,5,True,
SURV0005560,DUD100689,2025-01-14,4,5,3,5,4,4,5,3,5,True,
SURV0005561,DUD100689,2025-02-07,3,3,3,2,3,4,3,3,4,False,
SURV0005562,DUD100689,2025-03-04,4,4,5,5,4,3,3,3,4,True,
SURV0005563,DUD100690,2022-04-12,1,1,1,1,1,1,1,1,1,False,
SURV0005564,DUD100690,2022-05-14,3,3,4,2,3,2,4,2,3,False,
SURV0005565,DUD100690,2022-06-04,4,5,5,5,4,3,4,3,5,True,
SURV0005566,DUD100690,2022-07-02,5,5,5,4,5,5,5,4,5,True,
SURV0005567,DUD100690,2022-08-23,4,3,4,4,4,4,4,4,4,True,
SURV0005568,DUD100691,2024-03-27,3,2,2,3,4,2,2,2,3,False,
SURV0005569,DUD100691,2024-04-12,4,4,5,4,4,4,5,5,5,True,
SURV0005570,DUD100691,2024-05-21,4,4,4,3,5,4,3,4,4,True,
SURV0005571,DUD100691,2024-06-27,4,4,3,5,4,3,4,4,3,True,
SURV0005572,DUD100691,2024-07-16,3,4,3,2,2,4,2,2,3,False,
SURV0005573,DUD100691,2024-08-08,4,5,3,4,4,3,4,4,5,True,
SURV0005574,DUD100692,2024-06-10,2,2,3,3,2,2,2,2,2,False,
SURV0005575,DUD100692,2024-07-15,3,3,4,3,4,4,3,4,3,False,
SURV0005576,DUD100692,2024-08-18,4,4,3,4,3,4,4,3,4,True,
SURV0005577,DUD100692,2024-09-09,2,2,3,2,3,1,2,3,2,False,
SURV0005578,DUD100692,2024-10-04,5,5,4,5,4,5,5,4,4,True,
SURV0005579,DUD100692,2024-11-25,4,4,4,3,3,4,4,4,4,True,
SURV0005580,DUD100692,2024-12-22,1,1,1,1,1,1,2,1,1,False,
SURV0005581,DUD100692,2025-01-25,4,4,3,4,5,3,4,4,4,True,
SURV0005582,DUD100693,2021-08-27,4,5,4,4,4,5,4,5,3,True,
SURV0005583,DUD100693,2021-09-17,4,4,5,3,4,3,5,3,4,True,
SURV0005584,DUD100693,2021-10-13,4,4,4,4,5,3,5,5,3,True,
SURV0005585,DUD100693,2021-11-07,4,4,5,3,4,3,3,5,5,True,
SURV0005586,DUD100693,2021-12-11,5,4,5,5,5,5,5,5,5,True,
SURV0005587,DUD100693,2022-01-05,2,2,2,2,2,2,1,2,2,False,
SURV0005588,DUD100693,2022-02-13,2,3,1,2,3,1,1,2,3,False,
SURV0005589,DUD100693,2022-03-01,4,4,4,5,4,3,3,4,3,True,
SURV0005590,DUD100693,2022-04-03,2,2,2,2,2,2,2,1,2,False,
SURV0005591,DUD100693,2022-05-02,4,4,4,3,3,4,3,4,5,True,
SURV0005592,DUD100694,2023-11-01,4,4,4,5,4,4,5,5,5,True,
SURV0005593,DUD100694,2023-12-21,1,1,2,1,1,1,2,1,1,False,
SURV0005594,DUD100694,2024-01-05,3,4,3,3,3,4,3,3,2,False,
SURV0005595,DUD100694,2024-02-05,4,4,3,4,4,5,4,4,5,True,
SURV0005596,DUD100695,2023-01-08,4,4,4,3,5,4,4,4,4,True,
SURV0005597,DUD100695,2023-02-25,5,5,4,4,5,5,4,5,5,True,
SURV0005598,DUD100695,2023-03-13,5,5,5,4,5,5,5,4,4,True,
SURV0005599,DUD100695,2023-04-13,2,1,2,2,1,3,2,1,1,False,
SURV0005600,DUD100695,2023-05-20,1,1,1,1,2,2,1,1,1,False,
SURV0005601,DUD100695,2023-06-06,3,3,3,3,4,3,4,3,2,False,
SURV0005602,DUD100695,2023-07-09,4,3,5,5,4,4,3,4,4,True,
SURV0005603,DUD100696,2022-05-27,4,4,3,5,3,4,4,4,4,True,
SURV0005604,DUD100696,2022-06-18,5,5,5,4,5,5,5,4,4,True,
SURV0005605,DUD100696,2022-07-22,3,3,3,3,4,3,3,3,3,False,
SURV0005606,DUD100696,2022-08-17,4,4,4,5,3,3,3,5,4,True,
SURV0005607,DUD100696,2022-09-26,4,5,4,4,5,4,4,4,4,True,
SURV0005608,DUD100696,2022-10-27,1,1,1,1,1,1,2,1,2,False,
SURV0005609,DUD100696,2022-11-19,4,3,4,5,4,3,3,3,4,True,
SURV0005610,DUD100697,2021-04-20,1,1,2,1,1,1,1,1,1,False,
SURV0005611,DUD100697,2021-05-12,4,5,5,3,5,4,3,5,4,True,
SURV0005612,DUD100697,2021-06-20,3,3,2,3,4,3,4,2,3,False,
SURV0005613,DUD100697,2021-07-16,5,5,4,5,5,5,5,5,5,True,
SURV0005614,DUD100697,2021-08-22,5,5,5,4,5,5,4,5,5,True,
SURV0005615,DUD100697,2021-09-04,3,3,3,4,3,3,4,4,4,False,
SURV0005616,DUD100697,2021-10-16,3,3,3,3,3,3,3,4,4,False,
SURV0005617,DUD100697,2021-11-07,4,4,4,4,5,3,4,3,4,True,
SURV0005618,DUD100698,2022-01-17,5,5,5,4,5,5,5,5,4,True,
SURV0005619,DUD100698,2022-02-13,5,5,4,5,5,5,4,5,5,True,
SURV0005620,DUD100698,2022-03-27,5,5,5,5,5,5,5,4,5,True,
SURV0005621,DUD100698,2022-04-10,5,5,5,5,5,5,5,5,5,True,
SURV0005622,DUD100699,2023-08-06,5,5,5,5,5,5,5,5,5,True,
SURV0005623,DUD100699,2023-09-18,2,1,3,2,2,2,2,2,1,False,
SURV0005624,DUD100699,2023-10-23,4,4,3,5,4,3,4,4,5,True,
SURV0005625,DUD100699,2023-11-05,5,5,5,5,5,5,5,4,5,True,
SURV0005626,DUD100699,2023-12-05,4,5,5,3,4,4,4,3,4,True,
SURV0005627,DUD100699,2024-01-26,5,5,4,5,5,5,5,4,5,True,
SURV0005628,DUD100699,2024-02-26,4,4,4,4,3,4,4,4,3,True,
SURV0005629,DUD100699,2024-03-15,4,4,5,5,3,3,3,4,4,True,
SURV0005630,DUD100699,2024-04-06,3,3,4,3,2,4,4,4,4,False,
SURV0005631,DUD100699,2024-05-25,4,3,5,5,4,4,4,3,5,True,
SURV0005632,DUD100699,2024-06-21,4,5,5,4,4,4,5,3,4,True,
SURV0005633,DUD100700,2022-10-04,3,3,3,4,3,2,2,3,2,False,
SURV0005634,DUD100700,2022-11-24,5,5,5,4,4,5,5,4,5,True,
SURV0005635,DUD100700,2022-12-28,3,4,4,2,4,3,3,4,3,False,
SURV0005636,DUD100700,2023-01-15,3,2,3,4,2,4,3,3,4,False,
SURV0005637,DUD100700,2023-02-04,4,4,5,5,4,4,4,5,4,True,
SURV0005638,DUD100700,2023-03-25,5,5,5,4,5,5,5,5,5,True,
SURV0005639,DUD100700,2023-04-22,1,1,1,1,1,2,1,1,1,False,
SURV0005640,DUD100701,2021-04-10,4,4,3,5,4,4,5,4,4,True,
SURV0005641,DUD100701,2021-05-08,5,5,4,5,4,5,5,5,5,True,
SURV0005642,DUD100701,2021-06-16,5,5,4,5,5,5,4,5,5,True,
SURV0005643,DUD100701,2021-07-25,4,4,4,5,3,4,3,4,4,True,
SURV0005644,DUD100701,2021-08-07,2,2,2,2,3,2,1,2,2,False,
SURV0005645,DUD100702,2023-10-14,2,2,2,2,1,2,3,2,2,False,
SURV0005646,DUD100702,2023-11-17,5,5,5,5,4,5,4,4,5,True,
SURV0005647,DUD100702,2023-12-03,3,4,3,2,4,2,4,3,3,False,
SURV0005648,DUD100702,2024-01-19,5,5,4,4,5,5,4,5,4,True,
SURV0005649,DUD100703,2024-02-23,4,4,4,4,3,4,3,4,5,True,
SURV0005650,DUD100703,2024-03-24,4,4,5,5,3,3,5,3,3,True,
SURV0005651,DUD100703,2024-04-11,5,5,5,4,5,4,5,5,5,True,
SURV0005652,DUD100703,2024-05-18,3,3,4,3,4,2,3,4,4,False,
SURV0005653,DUD100704,2024-04-01,3,3,3,4,3,4,4,3,4,False,
SURV0005654,DUD100704,2024-05-16,5,5,4,5,5,5,5,5,5,True,
SURV0005655,DUD100704,2024-06-11,2,2,2,3,2,2,2,2,3,False,
SURV0005656,DUD100704,2024-07-28,3,3,3,3,3,3,2,3,2,False,
SURV0005657,DUD100704,2024-08-20,4,5,4,4,5,5,4,4,4,True,
SURV0005658,DUD100704,2024-09-02,5,5,5,4,5,5,5,5,5,True,
SURV0005659,DUD100704,2024-10-28,4,5,3,3,5,4,4,5,4,True,
SURV0005660,DUD100704,2024-11-05,3,3,2,2,3,3,3,3,3,False,
SURV0005661,DUD100704,2024-12-23,4,4,3,5,3,4,5,3,3,True,
SURV0005662,DUD100704,2025-01-24,3,3,3,4,3,4,2,2,4,False,
SURV0005663,DUD100704,2025-02-02,4,4,4,4,4,5,3,5,5,True,
SURV0005664,DUD100704,2025-03-22,3,3,2,3,4,3,4,3,4,False,
SURV0005665,DUD100705,2024-12-19,4,4,4,4,4,4,5,4,4,True,
SURV0005666,DUD100705,2025-01-12,5,5,5,5,4,5,5,5,4,True,
SURV0005667,DUD100705,2025-02-06,3,2,2,3,3,4,3,3,4,False,
SURV0005668,DUD100705,2025-03-06,5,5,4,5,5,4,5,4,5,True,
SURV0005669,DUD100705,2025-04-10,4,4,5,3,3,5,4,4,5,True,
SURV0005670,DUD100705,2025-05-11,4,4,4,4,3,4,5,5,3,True,
SURV0005671,DUD100705,2025-06-11,1,1,1,1,2,1,1,2,1,False,
SURV0005672,DUD100705,2025-07-18,4,4,5,4,3,5,5,3,3,True,
SURV0005673,DUD100705,2025-08-15,4,5,5,3,4,3,4,4,3,True,
SURV0005674,DUD100705,2025-09-17,5,4,5,4,5,5,5,5,5,True,
SURV0005675,DUD100705,2025-10-17,5,5,5,5,5,5,5,5,5,True,
SURV0005676,DUD100706,2022-11-01,4,4,5,4,4,4,4,4,4,True,
SURV0005677,DUD100706,2022-12-18,2,2,2,1,2,2,2,2,2,False,
SURV0005678,DUD100706,2023-01-06,5,5,5,4,5,5,4,4,5,True,
SURV0005679,DUD100706,2023-02-02,5,5,5,5,5,5,4,5,5,True,
SURV0005680,DUD100706,2023-03-07,5,5,5,5,5,5,4,5,4,True,
SURV0005681,DUD100707,2023-12-15,5,5,5,4,4,5,4,5,4,True,
SURV0005682,DUD100707,2024-01-21,3,3,2,3,3,3,4,3,2,False,
SURV0005683,DUD100707,2024-02-26,4,4,4,4,4,4,4,5,3,True,
SURV0005684,DUD100707,2024-03-10,4,5,3,4,4,5,4,5,3,True,
SURV0005685,DUD100707,2024-04-21,3,4,3,3,2,3,2,3,3,False,
SURV0005686,DUD100707,2024-05-09,5,5,5,5,5,4,4,5,5,True,
SURV0005687,DUD100707,2024-06-10,2,3,2,3,2,2,1,2,2,False,
SURV0005688,DUD100707,2024-07-14,3,3,3,2,2,3,4,2,4,False,
SURV0005689,DUD100707,2024-08-12,4,5,4,3,5,5,4,4,4,True,
SURV0005690,DUD100707,2024-09-23,4,5,4,4,5,3,4,4,4,True,
SURV0005691,DUD100707,2024-10-22,4,4,5,4,3,3,4,5,4,True,
SURV0005692,DUD100708,2021-08-12,5,4,5,5,5,4,4,5,5,True,
SURV0005693,DUD100708,2021-09-21,3,2,2,3,4,2,4,2,4,False,
SURV0005694,DUD100708,2021-10-21,4,4,5,4,4,4,3,3,3,True,
SURV0005695,DUD100708,2021-11-04,3,2,3,2,4,3,2,3,2,False,
SURV0005696,DUD100708,2021-12-20,5,5,5,5,5,5,5,5,5,True,
SURV0005697,DUD100708,2022-01-13,3,3,3,2,2,3,3,3,4,False,
SURV0005698,DUD100708,2022-02-08,4,4,4,3,4,4,3,4,3,True,
SURV0005699,DUD100708,2022-03-03,3,4,4,4,3,2,2,3,3,False,
SURV0005700,DUD100708,2022-04-26,2,2,2,1,2,1,1,2,2,False,
SURV0005701,DUD100708,2022-05-21,4,4,5,3,5,3,4,4,5,True,
SURV0005702,DUD100708,2022-06-16,4,3,5,3,5,3,4,5,5,True,
SURV0005703,DUD100709,2024-02-19,2,3,1,3,2,3,1,1,2,False,
SURV0005704,DUD100709,2024-03-17,2,2,3,2,2,2,2,3,2,False,
SURV0005705,DUD100709,2024-04-02,4,4,3,4,3,4,5,4,5,True,
SURV0005706,DUD100709,2024-05-13,4,4,4,3,4,3,4,5,4,True,
SURV0005707,DUD100709,2024-06-16,4,4,5,4,4,4,5,3,3,True,
SURV0005708,DUD100709,2024-07-07,5,5,4,5,5,5,5,4,5,True,
SURV0005709,DUD100709,2024-08-06,5,5,5,4,4,4,4,4,4,True,
SURV0005710,DUD100709,2024-09-16,4,3,4,4,4,5,4,4,4,True,
SURV0005711,DUD100709,2024-10-17,3,3,3,4,4,4,3,3,2,False,
SURV0005712,DUD100710,2023-01-18,2,2,1,3,3,1,1,2,1,False,
SURV0005713,DUD100710,2023-02-19,4,5,4,5,4,4,4,4,5,True,
SURV0005714,DUD100710,2023-03-10,5,5,5,5,5,4,5,5,5,True,
SURV0005715,DUD100710,2023-04-10,4,5,4,4,3,5,5,5,3,True,
SURV0005716,DUD100711,2021-10-18,1,1,1,2,2,1,2,1,1,False,
SURV0005717,DUD100711,2021-11-12,1,1,1,1,1,1,1,1,2,False,
SURV0005718,DUD100711,2021-12-03,4,4,4,4,5,4,4,3,5,True,
SURV0005719,DUD100711,2022-01-03,5,4,5,5,5,4,5,5,4,True,
SURV0005720,DUD100711,2022-02-07,5,5,4,5,5,5,5,5,5,True,
SURV0005721,DUD100711,2022-03-05,3,4,2,3,3,2,3,4,2,False,
SURV0005722,DUD100711,2022-04-22,4,5,4,4,4,4,4,5,4,True,
SURV0005723,DUD100711,2022-05-10,3,3,4,3,2,2,3,4,3,False,
SURV0005724,DUD100711,2022-06-28,4,4,4,3,3,5,3,4,3,True,
SURV0005725,DUD100712,2021-10-03,5,5,4,4,5,4,4,5,5,True,
SURV0005726,DUD100712,2021-11-15,5,5,5,5,5,5,5,5,4,True,
SURV0005727,DUD100712,2021-12-21,3,3,4,2,3,3,3,3,3,False,
SURV0005728,DUD100712,2022-01-26,4,4,5,3,5,5,3,4,4,True,
SURV0005729,DUD100713,2024-05-05,4,3,4,4,4,3,5,4,4,True,
SURV0005730,DUD100713,2024-06-24,5,5,5,5,5,5,5,5,4,True,
SURV0005731,DUD100713,2024-07-28,4,3,4,4,4,4,4,5,3,True,
SURV0005732,DUD100713,2024-08-24,4,4,3,5,5,4,4,3,4,True,
SURV0005733,DUD100713,2024-09-10,5,5,5,5,5,5,5,5,5,True,
SURV0005734,DUD100713,2024-10-08,3,3,3,4,2,3,3,3,2,False,
SURV0005735,DUD100713,2024-11-23,2,1,3,2,1,2,3,1,2,False,
SURV0005736,DUD100713,2024-12-17,1,2,1,2,2,1,2,1,1,False,
SURV0005737,DUD100713,2025-01-23,3,3,4,2,4,3,2,4,2,False,
SURV0005738,DUD100714,2021-11-22,3,4,3,4,4,2,2,3,3,False,
SURV0005739,DUD100714,2021-12-13,4,5,5,4,4,4,4,5,5,True,
SURV0005740,DUD100714,2022-01-07,4,4,4,4,5,4,4,4,4,True,
SURV0005741,DUD100714,2022-02-06,5,5,5,5,5,5,4,5,5,True,
SURV0005742,DUD100714,2022-03-10,2,2,3,1,2,2,1,2,1,False,
SURV0005743,DUD100714,2022-04-12,3,3,2,3,3,2,3,4,4,False,
SURV0005744,DUD100714,2022-05-12,5,5,5,4,5,5,4,5,5,True,
SURV0005745,DUD100714,2022-06-10,4,3,3,4,3,5,3,5,4,True,
SURV0005746,DUD100715,2023-01-05,4,4,3,5,4,4,4,4,4,True,
SURV0005747,DUD100715,2023-02-19,4,4,3,4,3,3,5,4,5,True,
SURV0005748,DUD100715,2023-03-13,4,3,4,4,5,4,5,3,4,True,
SURV0005749,DUD100715,2023-04-08,4,4,4,5,3,4,5,5,4,True,
SURV0005750,DUD100715,2023-05-12,5,5,5,5,5,5,5,4,5,True,
SURV0005751,DUD100715,2023-06-05,3,2,4,4,2,3,3,2,3,False,
SURV0005752,DUD100715,2023-07-22,3,3,3,3,2,4,3,2,2,False,
SURV0005753,DUD100715,2023-08-21,4,4,4,5,4,5,4,5,4,True,
SURV0005754,DUD100715,2023-09-09,3,3,3,3,3,2,3,2,2,False,
SURV0005755,DUD100715,2023-10-27,4,3,5,4,4,4,3,3,4,True,
SURV0005756,DUD100715,2023-11-27,5,4,5,5,5,4,4,5,5,True,
SURV0005757,DUD100716,2021-10-16,4,3,5,4,3,4,4,4,4,True,
SURV0005758,DUD100716,2021-11-02,1,1,1,2,1,1,1,1,1,False,
SURV0005759,DUD100716,2021-12-09,5,5,4,5,4,5,5,5,5,True,
SURV0005760,DUD100716,2022-01-04,4,4,5,5,3,3,5,5,5,True,
SURV0005761,DUD100717,2023-05-14,3,3,3,4,3,3,3,2,3,False,
SURV0005762,DUD100717,2023-06-10,3,4,3,3,2,3,4,3,4,False,
SURV0005763,DUD100717,2023-07-07,5,5,5,4,4,5,5,5,5,True,
SURV0005764,DUD100717,2023-08-09,3,3,3,2,3,4,3,3,3,False,
SURV0005765,DUD100717,2023-09-19,4,3,4,4,4,5,4,5,4,True,
SURV0005766,DUD100717,2023-10-24,3,3,2,2,3,3,3,3,2,False,
SURV0005767,DUD100717,2023-11-09,3,4,3,3,4,3,3,3,3,False,
SURV0005768,DUD100717,2023-12-27,1,2,1,1,1,1,1,1,1,False,
SURV0005769,DUD100718,2024-09-27,4,5,5,5,4,4,4,4,4,True,
SURV0005770,DUD100718,2024-10-02,3,3,2,2,3,3,2,3,4,False,
SURV0005771,DUD100718,2024-11-27,2,1,3,3,1,1,2,2,2,False,
SURV0005772,DUD100718,2024-12-14,3,2,4,4,3,4,2,4,3,False,
SURV0005773,DUD100718,2025-01-07,3,4,4,3,3,3,2,4,3,False,
SURV0005774,DUD100718,2025-02-28,5,5,5,5,5,5,5,4,4,True,
SURV0005775,DUD100718,2025-03-11,2,2,3,1,2,2,3,2,2,False,
SURV0005776,DUD100718,2025-04-21,5,4,5,4,5,5,5,5,5,True,
SURV0005777,DUD100719,2022-04-28,5,5,5,5,5,4,5,5,5,True,
SURV0005778,DUD100719,2022-05-22,5,5,5,5,5,5,5,5,5,True,
SURV0005779,DUD100719,2022-06-04,3,3,4,3,4,2,3,4,4,False,
SURV0005780,DUD100719,2022-07-03,4,4,3,5,5,3,4,5,5,True,
SURV0005781,DUD100719,2022-08-06,4,4,4,4,3,4,4,4,4,True,
SURV0005782,DUD100719,2022-09-03,3,4,2,4,4,2,2,3,4,False,
SURV0005783,DUD100719,2022-10-09,5,5,4,5,5,5,5,5,5,True,
SURV0005784,DUD100719,2022-11-06,4,4,5,5,5,4,4,4,5,True,
SURV0005785,DUD100719,2022-12-21,5,5,5,4,5,5,4,5,5,True,
SURV0005786,DUD100719,2023-01-09,4,3,3,4,3,4,3,5,4,True,
SURV0005787,DUD100719,2023-02-18,3,3,2,4,3,2,3,4,3,False,
SURV0005788,DUD100720,2021-08-07,5,5,5,4,5,5,5,4,4,True,
SURV0005789,DUD100720,2021-09-28,4,4,5,4,3,4,4,3,4,True,
SURV0005790,DUD100720,2021-10-22,3,3,2,3,2,4,2,3,4,False,
SURV0005791,DUD100720,2021-11-16,4,4,4,4,4,3,3,4,4,True,
SURV0005792,DUD100720,2021-12-02,4,5,4,4,5,3,3,5,4,True,
SURV0005793,DUD100720,2022-01-25,2,1,2,3,2,1,3,2,2,False,
SURV0005794,DUD100720,2022-02-25,3,2,4,3,2,3,2,3,3,False,
SURV0005795,DUD100720,2022-03-11,2,2,2,2,3,1,2,1,1,False,
SURV0005796,DUD100720,2022-04-21,5,5,5,5,5,5,5,4,5,True,
SURV0005797,DUD100720,2022-05-26,5,5,5,4,4,5,5,4,5,True,
SURV0005798,DUD100721,2023-12-27,4,4,3,4,3,4,5,4,4,True,
SURV0005799,DUD100721,2024-01-15,4,4,3,5,5,5,4,4,4,True,
SURV0005800,DUD100721,2024-02-13,3,3,2,3,3,2,2,3,3,False,
SURV0005801,DUD100721,2024-03-22,5,5,5,5,5,5,5,5,5,True,
SURV0005802,DUD100721,2024-04-20,3,3,4,3,4,3,4,4,3,False,
SURV0005803,DUD100721,2024-05-10,2,2,2,3,3,1,1,2,2,False,
SURV0005804,DUD100721,2024-06-14,5,5,4,5,5,4,5,5,5,True,
SURV0005805,DUD100721,2024-07-04,3,2,4,3,3,3,3,2,3,False,
SURV0005806,DUD100721,2024-08-09,4,4,4,3,5,3,4,5,4,True,
SURV0005807,DUD100721,2024-09-03,2,1,2,2,3,2,2,2,1,False,
SURV0005808,DUD100721,2024-10-14,4,4,4,4,3,3,4,4,5,True,
SURV0005809,DUD100721,2024-11-14,4,5,3,4,4,5,5,4,3,True,
SURV0005810,DUD100722,2024-08-07,5,5,5,4,5,5,5,5,5,True,
SURV0005811,DUD100722,2024-09-09,5,5,5,5,5,5,5,5,5,True,
SURV0005812,DUD100722,2024-10-16,4,3,5,3,3,4,3,4,4,True,
SURV0005813,DUD100722,2024-11-05,1,1,1,1,1,1,1,1,2,False,
SURV0005814,DUD100722,2024-12-11,4,3,4,4,3,4,3,5,5,True,
SURV0005815,DUD100723,2021-07-09,4,5,4,5,4,3,5,5,3,True,
SURV0005816,DUD100723,2021-08-28,1,1,2,1,1,1,2,2,2,False,
SURV0005817,DUD100723,2021-09-11,5,5,5,5,4,5,4,5,5,True,
SURV0005818,DUD100723,2021-10-26,1,1,1,1,1,1,1,1,1,False,
SURV0005819,DUD100723,2021-11-05,2,1,2,1,1,2,3,3,2,False,
SURV0005820,DUD100723,2021-12-08,4,4,4,4,4,4,4,4,5,True,
SURV0005821,DUD100723,2022-01-14,5,5,5,5,5,5,5,4,4,True,
SURV0005822,DUD100723,2022-02-05,3,3,4,4,2,3,2,3,2,False,
SURV0005823,DUD100723,2022-03-16,4,5,5,3,4,4,4,5,4,True,
SURV0005824,DUD100723,2022-04-12,5,5,5,5,5,5,5,5,5,True,
SURV0005825,DUD100723,2022-05-25,1,1,1,1,1,1,2,1,1,False,
SURV0005826,DUD100724,2022-08-11,4,3,4,5,4,3,5,3,5,True,
SURV0005827,DUD100724,2022-09-13,3,4,4,4,4,3,3,3,4,False,
SURV0005828,DUD100724,2022-10-17,5,5,4,5,5,4,4,5,5,True,
SURV0005829,DUD100724,2022-11-13,4,4,4,4,3,4,4,3,3,True,
SURV0005830,DUD100724,2022-12-26,5,5,5,5,5,5,4,5,4,True,
SURV0005831,DUD100724,2023-01-05,2,2,3,2,2,2,3,2,2,False,
SURV0005832,DUD100724,2023-02-05,3,2,2,3,2,3,2,2,4,False,
SURV0005833,DUD100724,2023-03-10,4,3,3,3,3,4,4,3,5,True,
SURV0005834,DUD100724,2023-04-06,4,3,4,3,5,4,4,3,4,True,
SURV0005835,DUD100724,2023-05-12,2,3,1,2,2,2,2,2,3,False,
SURV0005836,DUD100725,2023-12-13,4,4,3,4,5,5,3,3,4,True,
SURV0005837,DUD100725,2024-01-03,3,3,3,3,3,4,3,2,4,False,
SURV0005838,DUD100725,2024-02-20,4,3,5,4,4,4,4,4,3,True,
SURV0005839,DUD100725,2024-03-02,2,2,2,1,1,3,2,2,1,False,
SURV0005840,DUD100725,2024-04-24,4,5,3,3,5,3,3,3,4,True,
SURV0005841,DUD100725,2024-05-09,5,5,5,4,5,4,5,5,4,True,
SURV0005842,DUD100726,2023-11-23,2,3,3,2,2,1,2,3,2,False,
SURV0005843,DUD100726,2023-12-21,3,3,3,4,3,4,2,3,4,False,
SURV0005844,DUD100726,2024-01-01,3,3,3,4,2,3,2,2,3,False,
SURV0005845,DUD100726,2024-02-02,5,5,5,5,4,5,5,5,5,True,
SURV0005846,DUD100726,2024-03-20,4,4,3,5,4,4,5,5,4,True,
SURV0005847,DUD100726,2024-04-15,4,3,3,3,4,4,5,4,5,True,
SURV0005848,DUD100726,2024-05-15,4,3,3,4,4,4,5,4,5,True,
SURV0005849,DUD100727,2022-01-10,4,4,3,4,5,4,4,4,5,True,
SURV0005850,DUD100727,2022-02-08,3,3,4,3,3,4,3,2,4,False,
SURV0005851,DUD100727,2022-03-18,4,4,4,3,4,4,5,4,5,True,
SURV0005852,DUD100727,2022-04-24,3,3,2,3,3,3,4,2,3,False,
SURV0005853,DUD100727,2022-05-22,4,4,3,5,3,4,5,4,4,True,
SURV0005854,DUD100728,2021-03-04,3,3,4,4,3,4,2,4,3,False,
SURV0005855,DUD100728,2021-04-03,1,1,1,1,1,1,1,1,1,False,
SURV0005856,DUD100728,2021-05-05,1,2,1,1,2,1,2,1,1,False,
SURV0005857,DUD100728,2021-06-08,4,4,3,5,3,5,5,4,4,True,
SURV0005858,DUD100729,2023-12-14,5,5,4,5,5,5,5,5,4,True,
SURV0005859,DUD100729,2024-01-21,4,4,4,5,3,4,5,4,4,True,
SURV0005860,DUD100729,2024-02-20,5,5,4,4,5,4,5,5,5,True,
SURV0005861,DUD100729,2024-03-19,1,2,1,2,1,2,1,1,1,False,
SURV0005862,DUD100729,2024-04-14,3,2,3,3,2,3,3,3,4,False,
SURV0005863,DUD100729,2024-05-12,4,4,4,5,4,5,4,5,5,True,
SURV0005864,DUD100729,2024-06-25,2,3,1,1,2,2,2,2,1,False,
SURV0005865,DUD100729,2024-07-17,5,5,4,4,5,5,5,4,5,True,
SURV0005866,DUD100729,2024-08-24,5,4,4,5,4,5,5,5,5,True,
SURV0005867,DUD100729,2024-09-21,3,2,4,3,4,3,3,3,4,False,
SURV0005868,DUD100730,2024-03-14,5,5,5,5,4,5,5,4,5,True,
SURV0005869,DUD100730,2024-04-06,3,4,2,3,3,3,3,4,2,False,
SURV0005870,DUD100730,2024-05-02,3,2,2,3,3,3,4,3,2,False,
SURV0005871,DUD100730,2024-06-01,3,3,4,4,3,4,3,3,3,False,
SURV0005872,DUD100730,2024-07-11,4,4,4,4,4,3,3,4,3,True,
SURV0005873,DUD100730,2024-08-23,3,4,4,4,3,4,3,2,3,False,
SURV0005874,DUD100730,2024-09-16,4,4,4,4,3,4,4,4,4,True,
SURV0005875,DUD100730,2024-10-21,5,5,5,5,5,4,5,4,5,True,
SURV0005876,DUD100730,2024-11-16,4,3,5,3,5,3,5,4,5,True,
SURV0005877,DUD100731,2022-11-12,5,5,5,5,5,5,5,5,4,True,
SURV0005878,DUD100731,2022-12-21,4,4,3,4,4,3,4,4,4,True,
SURV0005879,DUD100731,2023-01-03,4,5,4,4,5,4,5,3,4,True,
SURV0005880,DUD100731,2023-02-07,3,2,3,3,3,2,3,3,4,False,
SURV0005881,DUD100731,2023-03-15,5,5,5,5,5,4,4,5,5,True,
SURV0005882,DUD100732,2024-05-16,1,2,1,1,1,1,1,2,2,False,
SURV0005883,DUD100732,2024-06-05,4,4,3,4,3,3,3,5,4,True,
SURV0005884,DUD100732,2024-07-23,3,3,3,2,3,2,2,2,2,False,
SURV0005885,DUD100732,2024-08-02,4,3,4,5,4,4,4,5,5,True,
SURV0005886,DUD100732,2024-09-02,5,5,5,5,5,5,4,5,4,True,
SURV0005887,DUD100732,2024-10-08,4,5,4,5,3,4,3,4,5,True,
SURV0005888,DUD100732,2024-11-28,3,3,3,3,3,2,4,2,3,False,
SURV0005889,DUD100733,2022-04-16,5,5,4,5,5,4,5,5,5,True,
SURV0005890,DUD100733,2022-05-23,5,5,4,5,5,4,5,5,4,True,
SURV0005891,DUD100733,2022-06-12,4,3,3,4,5,4,4,5,4,True,
SURV0005892,DUD100733,2022-07-19,5,5,5,4,5,4,5,4,5,True,
SURV0005893,DUD100733,2022-08-03,4,4,5,4,4,4,5,5,4,True,
SURV0005894,DUD100733,2022-09-21,3,3,4,3,3,2,4,3,3,False,
SURV0005895,DUD100733,2022-10-12,3,3,2,3,4,3,2,3,4,False,
SURV0005896,DUD100734,2022-01-02,4,4,4,4,4,3,5,4,4,True,
SURV0005897,DUD100734,2022-02-28,5,5,5,5,5,4,5,5,5,True,
SURV0005898,DUD100734,2022-03-18,3,3,2,3,3,2,3,3,3,False,
SURV0005899,DUD100734,2022-04-02,2,2,2,2,1,2,2,1,2,False,
SURV0005900,DUD100734,2022-05-24,4,4,4,5,5,4,3,4,4,True,
SURV0005901,DUD100734,2022-06-05,4,5,5,3,3,4,4,5,4,True,
SURV0005902,DUD100734,2022-07-08,5,5,5,5,5,4,5,4,5,True,
SURV0005903,DUD100734,2022-08-18,3,2,4,2,4,2,3,3,3,False,
SURV0005904,DUD100735,2021-05-08,4,4,5,4,3,5,4,4,3,True,
SURV0005905,DUD100735,2021-06-27,1,1,1,2,1,1,1,1,2,False,
SURV0005906,DUD100735,2021-07-16,4,4,5,4,5,5,4,3,4,True,
SURV0005907,DUD100735,2021-08-24,2,2,3,2,3,1,1,3,2,False,
SURV0005908,DUD100735,2021-09-08,5,4,4,5,5,4,4,5,5,True,
SURV0005909,DUD100735,2021-10-03,4,5,4,3,5,4,4,4,4,True,
SURV0005910,DUD100736,2023-04-16,4,4,5,4,3,5,3,3,4,True,
SURV0005911,DUD100736,2023-05-20,4,4,4,4,5,4,3,5,5,True,
SURV0005912,DUD100736,2023-06-06,4,4,4,5,3,5,5,4,4,True,
SURV0005913,DUD100736,2023-07-16,5,5,5,4,5,5,5,5,5,True,
SURV0005914,DUD100736,2023-08-19,3,2,2,3,4,3,3,3,4,False,
SURV0005915,DUD100737,2024-11-05,4,5,4,4,3,4,4,3,3,True,
SURV0005916,DUD100737,2024-12-18,2,2,2,3,2,3,2,2,3,False,
SURV0005917,DUD100737,2025-01-23,4,4,4,5,4,4,5,4,3,True,
SURV0005918,DUD100737,2025-02-22,2,1,2,1,2,1,3,3,1,False,
SURV0005919,DUD100737,2025-03-18,5,5,5,4,5,4,5,5,4,True,
SURV0005920,DUD100738,2023-06-07,3,3,3,4,4,4,3,3,2,False,
SURV0005921,DUD100738,2023-07-03,4,4,4,4,5,4,3,4,3,True,
SURV0005922,DUD100738,2023-08-19,5,4,5,4,5,5,5,4,5,True,
SURV0005923,DUD100738,2023-09-18,5,5,5,5,5,5,5,5,4,True,
SURV0005924,DUD100738,2023-10-18,5,4,5,4,5,5,5,4,4,True,
SURV0005925,DUD100738,2023-11-19,4,4,3,5,5,4,3,4,4,True,
SURV0005926,DUD100738,2023-12-10,3,3,3,3,3,3,2,4,3,False,
SURV0005927,DUD100739,2022-01-05,4,4,5,5,4,5,4,4,4,True,
SURV0005928,DUD100739,2022-02-26,5,4,5,5,4,4,4,5,5,True,
SURV0005929,DUD100739,2022-03-11,3,2,3,2,3,4,4,2,3,False,
SURV0005930,DUD100739,2022-04-20,5,5,4,5,4,5,5,5,5,True,
SURV0005931,DUD100739,2022-05-14,5,5,5,5,5,5,5,5,4,True,
SURV0005932,DUD100739,2022-06-24,4,4,5,3,4,4,3,3,3,True,
SURV0005933,DUD100739,2022-07-19,2,2,3,2,3,2,2,2,3,False,
SURV0005934,DUD100739,2022-08-04,5,5,4,5,5,5,5,5,5,True,
SURV0005935,DUD100739,2022-09-22,5,5,5,5,5,5,5,5,4,True,
SURV0005936,DUD100739,2022-10-10,4,4,4,3,3,4,4,4,4,True,
SURV0005937,DUD100739,2022-11-22,3,2,4,2,3,4,2,2,3,False,
SURV0005938,DUD100739,2022-12-02,4,4,4,4,5,4,4,3,4,True,
SURV0005939,DUD100740,2021-12-17,4,5,4,4,5,3,4,5,5,True,
SURV0005940,DUD100740,2022-01-16,3,3,4,3,4,3,2,2,3,False,
SURV0005941,DUD100740,2022-02-12,4,3,4,4,4,4,4,4,5,True,
SURV0005942,DUD100740,2022-03-15,1,2,1,2,2,2,1,1,2,False,
SURV0005943,DUD100740,2022-04-15,4,4,5,3,4,3,4,3,4,True,
SURV0005944,DUD100740,2022-05-10,2,1,2,2,3,1,2,3,2,False,
SURV0005945,DUD100741,2022-01-14,2,2,1,3,3,2,1,2,3,False,
SURV0005946,DUD100741,2022-02-20,4,4,4,5,4,3,3,3,4,True,
SURV0005947,DUD100741,2022-03-16,3,2,3,4,4,4,2,4,3,False,
SURV0005948,DUD100741,2022-04-17,3,3,4,4,3,4,3,3,3,False,
SURV0005949,DUD100741,2022-05-03,4,5,3,5,5,4,5,3,5,True,
SURV0005950,DUD100741,2022-06-10,5,5,5,5,5,5,5,5,5,True,
SURV0005951,DUD100742,2023-08-11,4,4,5,4,4,4,3,4,3,True,
SURV0005952,DUD100742,2023-09-12,2,1,1,2,3,2,2,2,1,False,
SURV0005953,DUD100742,2023-10-24,5,4,4,4,5,4,5,4,4,True,
SURV0005954,DUD100742,2023-11-27,2,2,1,2,1,3,2,2,2,False,
SURV0005955,DUD100743,2023-05-18,4,4,4,4,5,4,4,4,4,True,
SURV0005956,DUD100743,2023-06-06,4,4,5,5,5,4,4,3,5,True,
SURV0005957,DUD100743,2023-07-07,4,4,4,4,4,4,4,4,4,True,
SURV0005958,DUD100743,2023-08-11,4,4,3,5,3,4,3,4,4,True,
SURV0005959,DUD100744,2024-07-08,1,1,1,1,1,1,1,1,1,False,
SURV0005960,DUD100744,2024-08-10,5,5,4,5,5,5,5,5,5,True,
SURV0005961,DUD100744,2024-09-04,4,4,4,3,5,3,5,3,3,True,
SURV0005962,DUD100744,2024-10-09,5,4,4,5,5,5,5,5,5,True,
SURV0005963,DUD100744,2024-11-09,2,2,3,2,1,3,3,1,2,False,
SURV0005964,DUD100744,2024-12-11,3,3,2,2,4,4,2,4,2,False,
SURV0005965,DUD100744,2025-01-17,1,1,1,1,1,1,2,1,1,False,
SURV0005966,DUD100744,2025-02-21,5,5,5,4,5,5,4,5,5,True,
SURV0005967,DUD100744,2025-03-28,3,3,3,2,4,3,4,2,2,False,
SURV0005968,DUD100744,2025-04-01,3,4,4,4,4,4,2,4,3,False,
SURV0005969,DUD100744,2025-05-19,4,4,5,4,3,4,4,5,3,True,
SURV0005970,DUD100744,2025-06-14,5,4,5,5,5,5,5,5,4,True,
SURV0005971,DUD100745,2024-07-19,4,4,4,3,3,5,3,4,4,True,
SURV0005972,DUD100745,2024-08-03,5,5,4,5,5,5,4,4,5,True,
SURV0005973,DUD100745,2024-09-12,2,2,3,1,2,1,2,2,2,False,
SURV0005974,DUD100745,2024-10-10,4,4,3,4,4,4,3,5,3,True,
SURV0005975,DUD100745,2024-11-24,3,4,4,3,3,2,3,4,2,False,
SURV0005976,DUD100745,2024-12-10,5,5,5,5,5,5,5,4,5,True,
SURV0005977,DUD100745,2025-01-27,5,5,4,5,5,5,5,5,4,True,
SURV0005978,DUD100745,2025-02-11,3,4,3,3,4,3,4,2,3,False,
SURV0005979,DUD100745,2025-03-04,2,3,2,2,2,3,3,3,2,False,
SURV0005980,DUD100745,2025-04-11,4,4,4,5,3,4,5,3,4,True,
SURV0005981,DUD100746,2023-04-08,3,2,3,2,3,3,2,2,3,False,
SURV0005982,DUD100746,2023-05-17,2,3,1,1,3,1,2,2,2,False,
SURV0005983,DUD100746,2023-06-06,5,5,5,5,5,4,5,5,5,True,
SURV0005984,DUD100746,2023-07-25,4,4,5,4,4,5,4,4,5,True,
SURV0005985,DUD100746,2023-08-13,5,5,4,5,5,5,5,5,5,True,
SURV0005986,DUD100746,2023-09-16,4,4,4,4,4,5,5,3,5,True,
SURV0005987,DUD100746,2023-10-23,4,3,5,4,4,5,3,3,3,True,
SURV0005988,DUD100746,2023-11-08,3,4,3,2,2,3,3,4,2,False,
SURV0005989,DUD100747,2021-06-17,5,4,5,5,5,4,5,5,5,True,
SURV0005990,DUD100747,2021-07-22,4,3,5,5,4,4,5,5,3,True,
SURV0005991,DUD100747,2021-08-23,4,4,4,4,3,4,3,3,3,True,
SURV0005992,DUD100747,2021-09-09,3,2,4,3,3,4,2,3,3,False,
SURV0005993,DUD100748,2022-09-14,3,3,3,3,2,2,4,3,2,False,
SURV0005994,DUD100748,2022-10-09,3,3,3,2,4,3,4,2,3,False,
SURV0005995,DUD100748,2022-11-25,4,5,3,3,4,4,4,3,4,True,
SURV0005996,DUD100748,2022-12-03,3,4,3,3,3,3,3,3,2,False,
SURV0005997,DUD100748,2023-01-02,4,4,4,3,5,4,3,5,5,True,
SURV0005998,DUD100748,2023-02-04,3,3,3,3,4,2,4,4,2,False,
SURV0005999,DUD100748,2023-03-09,2,2,2,2,3,3,3,3,3,False,
SURV0006000,DUD100749,2021-06-04,4,3,4,4,4,5,4,3,4,True,
SURV0006001,DUD100749,2021-07-02,4,3,3,4,4,4,3,5,3,True,
SURV0006002,DUD100749,2021-08-06,4,5,5,4,4,3,4,5,4,True,
SURV0006003,DUD100749,2021-09-15,4,5,3,4,3,4,3,4,5,True,
SURV0006004,DUD100749,2021-10-21,4,4,3,5,3,4,4,3,4,True,
SURV0006005,DUD100749,2021-11-15,5,5,5,5,5,4,5,5,5,True,
SURV0006006,DUD100749,2021-12-11,2,2,3,2,2,3,2,2,2,False,
SURV0006007,DUD100749,2022-01-24,5,4,5,5,5,5,5,5,4,True,
SURV0006008,DUD100750,2021-01-01,4,3,4,3,5,5,3,5,3,True,
SURV0006009,DUD100750,2021-02-26,3,3,2,3,4,2,3,2,2,False,
SURV0006010,DUD100750,2021-03-10,4,3,3,3,4,3,4,5,4,True,
SURV0006011,DUD100750,2021-04-01,1,1,1,1,1,2,2,2,1,False,
SURV0006012,DUD100750,2021-05-18,5,5,5,5,5,5,5,4,4,True,
SURV0006013,DUD100750,2021-06-22,5,5,5,5,5,5,4,5,5,True,
SURV0006014,DUD100750,2021-07-10,5,4,4,5,5,5,4,5,5,True,
SURV0006015,DUD100751,2021-04-16,5,5,4,5,5,5,4,5,5,True,
SURV0006016,DUD100751,2021-05-15,2,2,2,1,3,3,2,2,3,False,
SURV0006017,DUD100751,2021-06-12,5,5,4,4,5,4,5,4,5,True,
SURV0006018,DUD100751,2021-07-03,3,2,3,3,4,4,4,2,3,False,
SURV0006019,DUD100752,2024-02-25,4,4,3,4,3,4,5,4,3,True,
SURV0006020,DUD100752,2024-03-09,4,3,4,3,5,4,4,4,4,True,
SURV0006021,DUD100752,2024-04-11,5,4,5,5,4,5,4,5,4,True,
SURV0006022,DUD100752,2024-05-19,5,5,5,4,5,5,5,5,5,True,
SURV0006023,DUD100752,2024-06-20,5,4,4,4,5,5,4,5,5,True,
SURV0006024,DUD100753,2024-08-05,4,4,5,3,3,4,5,3,3,True,
SURV0006025,DUD100753,2024-09-04,2,2,3,3,2,2,2,1,1,False,
SURV0006026,DUD100753,2024-10-23,4,5,4,4,3,3,3,5,4,True,
SURV0006027,DUD100753,2024-11-13,5,5,4,5,5,5,5,4,5,True,
SURV0006028,DUD100753,2024-12-04,4,4,3,5,5,4,4,4,4,True,
SURV0006029,DUD100753,2025-01-22,5,5,5,5,5,4,4,4,5,True,
SURV0006030,DUD100754,2021-02-10,4,5,3,4,4,4,4,3,4,True,
SURV0006031,DUD100754,2021-03-17,4,4,4,4,3,4,5,5,3,True,
SURV0006032,DUD100754,2021-04-18,4,4,5,4,5,5,3,5,5,True,
SURV0006033,DUD100754,2021-05-12,4,3,4,5,4,4,4,5,4,True,
SURV0006034,DUD100754,2021-06-26,3,3,3,3,3,3,3,4,3,False,
SURV0006035,DUD100754,2021-07-15,5,5,5,5,5,5,4,5,4,True,
SURV0006036,DUD100754,2021-08-21,2,1,2,2,2,2,1,2,2,False,
SURV0006037,DUD100754,2021-09-26,3,3,3,2,4,3,4,2,2,False,
SURV0006038,DUD100754,2021-10-20,3,2,4,4,4,4,4,3,3,False,
SURV0006039,DUD100755,2021-02-22,3,3,3,4,4,4,3,4,2,False,
SURV0006040,DUD100755,2021-03-12,4,5,5,4,5,5,4,4,4,True,
SURV0006041,DUD100755,2021-04-05,1,2,2,2,1,2,2,1,2,False,
SURV0006042,DUD100755,2021-05-24,4,4,3,4,4,4,3,4,5,True,
SURV0006043,DUD100756,2022-10-16,3,3,3,3,3,4,4,4,3,False,
SURV0006044,DUD100756,2022-11-23,3,4,3,4,2,2,3,3,2,False,
SURV0006045,DUD100756,2022-12-15,4,4,4,4,4,5,5,4,3,True,
SURV0006046,DUD100756,2023-01-09,3,2,3,3,3,2,3,3,3,False,
SURV0006047,DUD100757,2021-12-09,4,4,4,5,4,5,5,4,3,True,
SURV0006048,DUD100757,2022-01-23,5,5,5,5,5,5,4,5,5,True,
SURV0006049,DUD100757,2022-02-27,5,5,5,5,5,4,4,5,5,True,
SURV0006050,DUD100757,2022-03-01,5,4,5,5,4,5,5,4,4,True,
SURV0006051,DUD100757,2022-04-12,5,5,5,5,5,5,5,5,5,True,
SURV0006052,DUD100758,2024-08-11,4,3,3,4,3,5,4,4,5,True,
SURV0006053,DUD100758,2024-09-26,5,5,5,5,4,5,5,5,5,True,
SURV0006054,DUD100758,2024-10-08,3,3,2,2,3,4,3,4,2,False,
SURV0006055,DUD100758,2024-11-12,4,3,5,4,4,4,3,4,4,True,
SURV0006056,DUD100758,2024-12-12,4,4,5,4,3,4,4,4,5,True,
SURV0006057,DUD100758,2025-01-18,4,5,4,4,5,4,5,4,4,True,
SURV0006058,DUD100758,2025-02-22,5,5,5,5,4,5,5,4,5,True,
SURV0006059,DUD100759,2023-05-25,3,4,4,3,3,2,3,3,3,False,
SURV0006060,DUD100759,2023-06-24,5,5,4,5,4,5,5,5,4,True,
SURV0006061,DUD100759,2023-07-15,4,4,5,5,5,3,3,4,3,True,
SURV0006062,DUD100759,2023-08-23,4,5,3,3,3,4,4,4,4,True,
SURV0006063,DUD100759,2023-09-12,3,4,3,3,3,3,4,2,4,False,
SURV0006064,DUD100759,2023-10-21,2,2,3,1,1,3,2,2,2,False,
SURV0006065,DUD100759,2023-11-07,5,5,5,5,5,4,5,5,5,True,
SURV0006066,DUD100759,2023-12-04,2,2,2,2,1,3,1,1,2,False,
SURV0006067,DUD100759,2024-01-12,4,4,4,5,5,4,5,3,4,True,
SURV0006068,DUD100759,2024-02-04,4,4,3,5,4,3,4,4,4,True,
SURV0006069,DUD100760,2023-03-05,4,5,4,4,5,4,3,5,3,True,
SURV0006070,DUD100760,2023-04-02,3,2,2,2,2,3,3,3,3,False,
SURV0006071,DUD100760,2023-05-12,4,5,4,4,4,5,3,5,3,True,
SURV0006072,DUD100760,2023-06-04,3,3,3,3,3,3,4,3,2,False,
SURV0006073,DUD100761,2023-10-02,5,5,5,5,5,5,4,4,5,True,
SURV0006074,DUD100761,2023-11-15,5,5,4,5,5,5,5,5,5,True,
SURV0006075,DUD100761,2023-12-12,3,3,3,4,2,4,3,3,4,False,
SURV0006076,DUD100761,2024-01-16,2,1,1,2,1,2,2,3,1,False,
SURV0006077,DUD100761,2024-02-23,4,3,4,3,5,4,3,4,5,True,
SURV0006078,DUD100761,2024-03-05,4,5,4,5,4,3,4,5,3,True,
SURV0006079,DUD100761,2024-04-07,4,4,4,3,5,4,3,3,3,True,
SURV0006080,DUD100761,2024-05-13,2,1,2,2,2,3,1,2,2,False,
SURV0006081,DUD100761,2024-06-26,5,5,5,5,4,5,5,4,5,True,
SURV0006082,DUD100761,2024-07-13,3,3,2,3,2,4,4,3,3,False,
SURV0006083,DUD100761,2024-08-27,4,4,4,4,4,4,5,3,5,True,
SURV0006084,DUD100761,2024-09-21,5,5,4,5,5,5,4,5,5,True,
SURV0006085,DUD100762,2022-07-28,5,5,5,5,5,5,4,5,5,True,
SURV0006086,DUD100762,2022-08-17,2,2,2,3,2,2,1,2,3,False,
SURV0006087,DUD100762,2022-09-07,4,4,4,4,3,5,5,4,5,True,
SURV0006088,DUD100762,2022-10-22,3,3,4,4,3,2,3,3,3,False,
SURV0006089,DUD100762,2022-11-28,2,1,2,2,3,2,2,1,2,False,
SURV0006090,DUD100762,2022-12-12,4,4,4,4,4,5,4,5,4,True,
SURV0006091,DUD100762,2023-01-25,5,4,4,5,5,5,5,4,4,True,
SURV0006092,DUD100762,2023-02-16,4,4,4,4,5,3,4,5,5,True,
SURV0006093,DUD100762,2023-03-07,4,4,4,4,4,4,3,4,4,True,
SURV0006094,DUD100762,2023-04-19,1,1,1,1,1,1,1,2,1,False,
SURV0006095,DUD100763,2024-05-05,4,4,4,3,5,4,4,3,5,True,
SURV0006096,DUD100763,2024-06-16,5,5,4,4,5,5,5,5,4,True,
SURV0006097,DUD100763,2024-07-06,3,3,2,3,4,2,3,3,3,False,
SURV0006098,DUD100763,2024-08-03,3,2,3,3,3,4,2,2,4,False,
SURV0006099,DUD100763,2024-09-20,4,3,4,3,4,3,4,3,4,True,
SURV0006100,DUD100763,2024-10-03,4,3,5,5,4,4,5,3,4,True,
SURV0006101,DUD100763,2024-11-22,3,3,3,2,3,3,2,3,4,False,
SURV0006102,DUD100763,2024-12-25,5,4,4,4,5,4,5,5,4,True,
SURV0006103,DUD100763,2025-01-28,4,4,3,4,5,4,4,4,4,True,
SURV0006104,DUD100763,2025-02-27,4,4,4,4,4,3,5,3,3,True,
SURV0006105,DUD100763,2025-03-28,2,1,2,2,2,2,3,1,1,False,
SURV0006106,DUD100764,2021-06-10,3,3,3,2,3,3,3,3,3,False,
SURV0006107,DUD100764,2021-07-13,3,4,4,4,3,3,4,3,3,False,
SURV0006108,DUD100764,2021-08-26,1,1,2,1,1,1,1,1,1,False,
SURV0006109,DUD100764,2021-09-26,2,2,2,3,2,2,2,3,3,False,
SURV0006110,DUD100764,2021-10-21,4,5,5,5,3,3,4,4,4,True,
SURV0006111,DUD100764,2021-11-17,3,3,3,3,3,3,4,2,4,False,
SURV0006112,DUD100764,2021-12-21,4,4,4,4,4,3,5,5,4,True,
SURV0006113,DUD100765,2023-05-16,3,3,2,3,3,3,4,4,2,False,
SURV0006114,DUD100765,2023-06-16,4,4,5,3,4,3,4,4,5,True,
SURV0006115,DUD100765,2023-07-20,3,3,4,4,4,4,2,4,2,False,
SURV0006116,DUD100765,2023-08-24,5,5,5,5,4,5,5,4,5,True,
SURV0006117,DUD100765,2023-09-09,4,4,5,4,3,4,5,4,3,True,
SURV0006118,DUD100765,2023-10-21,5,5,5,5,5,5,5,5,5,True,
SURV0006119,DUD100765,2023-11-25,4,3,3,5,4,5,4,5,4,True,
SURV0006120,DUD100765,2023-12-16,4,5,4,5,3,3,4,4,4,True,
SURV0006121,DUD100766,2021-06-06,3,3,2,3,3,2,3,2,3,False,
SURV0006122,DUD100766,2021-07-27,4,3,4,4,4,4,4,4,5,True,
SURV0006123,DUD100766,2021-08-25,4,3,5,3,4,4,4,4,5,True,
SURV0006124,DUD100766,2021-09-24,4,5,3,5,4,5,5,5,4,True,
SURV0006125,DUD100766,2021-10-20,5,5,5,5,5,5,5,4,4,True,
SURV0006126,DUD100766,2021-11-06,2,2,3,2,2,2,1,1,1,False,
SURV0006127,DUD100766,2021-12-13,3,3,3,3,2,2,2,3,4,False,
SURV0006128,DUD100766,2022-01-20,4,4,4,4,4,4,3,5,3,True,
SURV0006129,DUD100767,2024-04-19,5,4,5,4,4,5,5,5,5,True,
SURV0006130,DUD100767,2024-05-22,5,4,5,5,5,5,5,5,5,True,
SURV0006131,DUD100767,2024-06-13,3,3,4,3,3,2,2,3,2,False,
SURV0006132,DUD100767,2024-07-15,5,5,4,5,5,4,5,5,5,True,
SURV0006133,DUD100767,2024-08-08,3,4,2,2,4,4,3,3,2,False,
SURV0006134,DUD100767,2024-09-05,4,3,3,4,4,5,4,3,4,True,
SURV0006135,DUD100767,2024-10-13,4,4,5,5,4,5,4,4,4,True,
SURV0006136,DUD100767,2024-11-22,5,5,4,5,5,5,5,5,5,True,
SURV0006137,DUD100767,2024-12-25,3,4,4,3,4,3,2,3,3,False,
SURV0006138,DUD100767,2025-01-24,4,5,4,3,4,5,5,5,5,True,
SURV0006139,DUD100767,2025-02-05,3,3,4,2,2,4,4,4,2,False,
SURV0006140,DUD100767,2025-03-03,5,5,5,5,5,5,5,5,5,True,
SURV0006141,DUD100768,2024-09-13,3,3,4,3,3,4,4,3,4,False,
SURV0006142,DUD100768,2024-10-26,3,3,4,4,3,2,2,2,3,False,
SURV0006143,DUD100768,2024-11-08,4,4,3,4,5,3,5,3,4,True,
SURV0006144,DUD100768,2024-12-11,4,5,4,4,4,4,4,4,5,True,
SURV0006145,DUD100768,2025-01-25,5,5,5,5,4,5,5,5,5,True,
SURV0006146,DUD100768,2025-02-26,4,4,3,4,5,3,4,3,3,True,
SURV0006147,DUD100768,2025-03-05,4,4,3,4,5,4,3,3,4,True,
SURV0006148,DUD100768,2025-04-08,3,3,3,4,3,3,3,2,2,False,
SURV0006149,DUD100768,2025-05-27,4,3,3,4,4,5,3,4,5,True,
SURV0006150,DUD100768,2025-06-08,4,5,4,5,3,5,4,4,3,True,
SURV0006151,DUD100768,2025-07-19,2,3,2,2,2,2,2,2,3,False,
SURV0006152,DUD100769,2022-10-27,5,5,4,4,4,4,5,5,4,True,
SURV0006153,DUD100769,2022-11-21,4,5,3,4,4,4,4,3,4,True,
SURV0006154,DUD100769,2022-12-10,4,4,3,3,3,4,4,5,4,True,
SURV0006155,DUD100769,2023-01-14,4,4,5,4,4,4,3,4,3,True,
SURV0006156,DUD100769,2023-02-08,4,4,3,3,5,4,5,4,5,True,
SURV0006157,DUD100769,2023-03-01,2,2,1,2,2,2,3,2,1,False,
SURV0006158,DUD100769,2023-04-12,5,5,5,5,4,5,5,5,5,True,
SURV0006159,DUD100769,2023-05-02,3,3,3,4,4,4,3,3,4,False,
SURV0006160,DUD100769,2023-06-08,3,3,2,3,2,4,2,2,3,False,
SURV0006161,DUD100769,2023-07-28,4,4,3,5,3,4,3,4,5,True,
SURV0006162,DUD100769,2023-08-25,5,4,5,5,5,5,5,5,4,True,
SURV0006163,DUD100769,2023-09-05,5,5,4,5,4,5,5,5,5,True,
SURV0006164,DUD100770,2022-05-25,2,1,2,3,2,2,2,2,2,False,
SURV0006165,DUD100770,2022-06-01,5,5,5,4,5,4,5,5,4,True,
SURV0006166,DUD100770,2022-07-20,3,4,2,3,2,3,2,3,4,False,
SURV0006167,DUD100770,2022-08-15,3,2,3,2,3,3,4,3,4,False,
SURV0006168,DUD100770,2022-09-03,4,5,4,4,4,4,3,5,4,True,
SURV0006169,DUD100770,2022-10-18,4,4,4,3,5,3,4,4,3,True,
SURV0006170,DUD100770,2022-11-13,4,5,4,5,4,4,5,4,4,True,
SURV0006171,DUD100771,2023-02-09,4,3,3,3,4,5,4,3,4,True,
SURV0006172,DUD100771,2023-03-23,2,1,2,1,2,3,2,1,1,False,
SURV0006173,DUD100771,2023-04-28,4,4,5,5,3,5,3,4,3,True,
SURV0006174,DUD100771,2023-05-06,5,5,5,4,5,5,5,5,5,True,
SURV0006175,DUD100771,2023-06-28,5,5,5,4,5,5,5,5,4,True,
SURV0006176,DUD100771,2023-07-16,5,5,5,4,4,5,5,4,4,True,
SURV0006177,DUD100771,2023-08-14,1,1,1,1,1,1,1,1,1,False,
SURV0006178,DUD100771,2023-09-18,3,4,4,4,2,3,3,3,3,False,
SURV0006179,DUD100771,2023-10-22,4,5,5,4,3,3,5,4,4,True,
SURV0006180,DUD100771,2023-11-19,4,4,3,4,3,4,5,4,3,True,
SURV0006181,DUD100772,2023-01-09,5,4,5,4,5,5,4,5,5,True,
SURV0006182,DUD100772,2023-02-04,4,4,4,4,3,4,5,4,3,True,
SURV0006183,DUD100772,2023-03-21,5,5,5,4,5,5,5,5,5,True,
SURV0006184,DUD100772,2023-04-21,4,4,4,5,4,4,5,4,4,True,
SURV0006185,DUD100772,2023-05-07,4,5,4,4,5,3,5,5,4,True,
SURV0006186,DUD100772,2023-06-11,5,5,5,5,4,5,4,4,5,True,
SURV0006187,DUD100772,2023-07-10,3,3,3,4,3,2,3,3,3,False,
SURV0006188,DUD100772,2023-08-04,5,5,5,5,5,5,5,4,4,True,
SURV0006189,DUD100772,2023-09-26,1,1,2,1,1,1,1,2,2,False,
SURV0006190,DUD100772,2023-10-10,4,4,4,4,5,5,4,5,4,True,
SURV0006191,DUD100772,2023-11-15,4,4,4,4,4,4,4,5,4,True,
SURV0006192,DUD100773,2021-12-25,5,5,5,5,5,5,4,5,5,True,
SURV0006193,DUD100773,2022-01-04,3,3,3,2,4,3,2,2,4,False,
SURV0006194,DUD100773,2022-02-10,5,5,5,5,5,5,5,5,5,True,
SURV0006195,DUD100773,2022-03-06,5,5,4,5,5,4,5,5,5,True,
SURV0006196,DUD100773,2022-04-19,3,3,3,2,3,2,4,2,3,False,
SURV0006197,DUD100773,2022-05-09,5,5,4,5,5,5,5,5,5,True,
SURV0006198,DUD100773,2022-06-20,4,4,4,4,5,4,5,4,4,True,
SURV0006199,DUD100773,2022-07-15,3,3,2,4,3,3,2,4,4,False,
SURV0006200,DUD100773,2022-08-17,1,1,1,2,1,2,1,2,1,False,
SURV0006201,DUD100773,2022-09-22,4,4,5,3,3,4,4,3,4,True,
SURV0006202,DUD100774,2023-06-08,5,5,4,4,5,4,5,5,5,True,
SURV0006203,DUD100774,2023-07-28,4,3,5,5,4,4,5,4,3,True,
SURV0006204,DUD100774,2023-08-01,4,4,3,5,5,3,4,5,4,True,
SURV0006205,DUD100774,2023-09-05,2,3,2,1,1,1,1,3,2,False,
SURV0006206,DUD100775,2023-07-26,4,5,5,3,4,5,4,4,3,True,
SURV0006207,DUD100775,2023-08-22,4,4,4,4,4,4,4,5,5,True,
SURV0006208,DUD100775,2023-09-13,3,3,3,4,4,3,3,3,4,False,
SURV0006209,DUD100775,2023-10-25,1,1,1,2,1,1,1,1,1,False,
SURV0006210,DUD100775,2023-11-22,4,4,5,4,4,4,3,5,3,True,
SURV0006211,DUD100775,2023-12-25,3,3,3,2,3,3,2,3,3,False,
SURV0006212,DUD100775,2024-01-27,2,2,2,1,2,3,2,3,2,False,
SURV0006213,DUD100775,2024-02-20,4,4,5,4,4,4,4,4,4,True,
SURV0006214,DUD100775,2024-03-13,4,4,3,3,4,4,3,3,4,True,
SURV0006215,DUD100776,2021-08-08,4,4,4,5,3,4,4,4,4,True,
SURV0006216,DUD100776,2021-09-08,4,5,4,5,3,4,3,5,4,True,
SURV0006217,DUD100776,2021-10-22,3,4,3,3,2,3,4,3,3,False,
SURV0006218,DUD100776,2021-11-27,2,2,2,3,1,1,2,2,1,False,
SURV0006219,DUD100776,2021-12-06,4,3,4,3,4,4,4,4,5,True,
SURV0006220,DUD100776,2022-01-23,3,2,2,4,2,3,3,4,3,False,
SURV0006221,DUD100776,2022-02-21,4,4,5,4,4,5,5,3,3,True,
SURV0006222,DUD100777,2021-07-07,3,4,3,4,3,3,3,3,2,False,
SURV0006223,DUD100777,2021-08-18,2,1,2,2,3,2,3,1,2,False,
SURV0006224,DUD100777,2021-09-14,3,2,3,3,2,4,4,4,3,False,
SURV0006225,DUD100777,2021-10-26,1,1,1,1,2,1,1,1,2,False,
SURV0006226,DUD100777,2021-11-05,3,3,3,3,2,3,2,3,4,False,
SURV0006227,DUD100777,2021-12-19,5,4,5,5,5,5,5,5,5,True,
SURV0006228,DUD100777,2022-01-22,4,4,3,5,3,3,3,4,5,True,
SURV0006229,DUD100778,2021-07-13,4,5,4,3,5,4,5,5,3,True,
SURV0006230,DUD100778,2021-08-18,4,5,4,3,3,4,3,4,4,True,
SURV0006231,DUD100778,2021-09-26,3,4,3,2,2,4,4,3,3,False,
SURV0006232,DUD100778,2021-10-23,3,3,3,3,4,3,2,3,3,False,
SURV0006233,DUD100778,2021-11-05,5,5,4,4,4,5,5,4,5,True,
SURV0006234,DUD100778,2021-12-11,4,4,5,4,4,5,4,4,4,True,
SURV0006235,DUD100779,2024-01-10,3,3,3,2,2,4,3,2,2,False,
SURV0006236,DUD100779,2024-02-05,3,2,3,3,2,3,3,2,4,False,
SURV0006237,DUD100779,2024-03-25,5,5,5,5,5,5,5,5,5,True,
SURV0006238,DUD100779,2024-04-02,5,5,4,4,4,5,5,4,4,True,
SURV0006239,DUD100779,2024-05-09,4,4,4,4,5,4,3,3,4,True,
SURV0006240,DUD100780,2022-04-01,5,5,5,5,5,5,4,5,4,True,
SURV0006241,DUD100780,2022-05-04,2,2,2,2,1,1,3,2,2,False,
SURV0006242,DUD100780,2022-06-18,1,1,1,1,1,1,2,1,2,False,
SURV0006243,DUD100780,2022-07-09,3,3,3,3,3,3,4,4,2,False,
SURV0006244,DUD100780,2022-08-16,3,3,3,2,4,3,3,2,3,False,
SURV0006245,DUD100780,2022-09-28,2,1,2,3,1,2,2,2,3,False,
SURV0006246,DUD100780,2022-10-02,1,1,2,1,1,1,1,1,1,False,
SURV0006247,DUD100780,2022-11-24,2,2,3,2,2,1,2,2,2,False,
SURV0006248,DUD100780,2022-12-24,3,3,4,4,2,4,4,2,2,False,
SURV0006249,DUD100780,2023-01-20,4,3,5,4,3,4,4,4,3,True,
SURV0006250,DUD100781,2021-01-26,5,5,5,4,5,5,5,5,5,True,
SURV0006251,DUD100781,2021-02-06,3,4,4,3,4,4,4,3,3,False,
SURV0006252,DUD100781,2021-03-10,4,4,3,4,4,5,4,4,4,True,
SURV0006253,DUD100781,2021-04-09,5,5,5,4,5,4,5,5,5,True,
SURV0006254,DUD100781,2021-05-25,3,3,4,3,4,3,3,4,3,False,
SURV0006255,DUD100782,2024-11-10,4,4,4,3,4,3,4,4,5,True,
SURV0006256,DUD100782,2024-12-24,4,4,4,5,5,4,4,4,4,True,
SURV0006257,DUD100782,2025-01-08,1,2,1,1,1,1,1,1,1,False,
SURV0006258,DUD100782,2025-02-27,4,5,4,5,3,5,5,5,4,True,
SURV0006259,DUD100782,2025-03-22,4,3,4,4,5,4,4,4,4,True,
SURV0006260,DUD100782,2025-04-06,5,5,5,5,5,5,5,5,5,True,
SURV0006261,DUD100782,2025-05-16,4,4,4,3,5,4,5,4,5,True,
SURV0006262,DUD100782,2025-06-11,5,5,5,5,5,5,4,5,5,True,
SURV0006263,DUD100782,2025-07-03,4,4,3,3,4,3,4,4,3,True,
SURV0006264,DUD100782,2025-08-04,3,3,3,3,4,4,3,3,4,False,
SURV0006265,DUD100783,2024-11-02,3,3,2,3,2,3,4,3,3,False,
SURV0006266,DUD100783,2024-12-06,3,4,3,4,3,3,3,2,3,False,
SURV0006267,DUD100783,2025-01-07,4,4,4,3,4,4,5,4,3,True,
SURV0006268,DUD100783,2025-02-08,5,5,5,5,5,4,5,4,5,True,
SURV0006269,DUD100783,2025-03-10,5,5,4,5,5,5,5,5,5,True,
SURV0006270,DUD100783,2025-04-19,3,2,3,3,4,2,2,3,3,False,
SURV0006271,DUD100783,2025-05-21,4,4,4,5,5,5,4,4,4,True,
SURV0006272,DUD100783,2025-06-06,2,2,2,2,3,2,1,3,3,False,
SURV0006273,DUD100783,2025-07-24,4,4,4,5,4,4,4,5,5,True,
SURV0006274,DUD100783,2025-08-14,1,1,1,1,2,2,2,1,2,False,
SURV0006275,DUD100784,2021-12-23,4,4,4,4,3,4,5,3,5,True,
SURV0006276,DUD100784,2022-01-11,4,4,3,3,4,5,4,4,5,True,
SURV0006277,DUD100784,2022-02-05,5,5,5,4,5,5,5,4,5,True,
SURV0006278,DUD100784,2022-03-03,4,5,5,3,3,5,3,3,4,True,
SURV0006279,DUD100784,2022-04-07,3,4,4,2,3,4,4,4,2,False,
SURV0006280,DUD100784,2022-05-07,4,5,4,4,4,4,3,4,5,True,
SURV0006281,DUD100784,2022-06-13,3,3,2,3,3,3,3,3,4,False,
SURV0006282,DUD100784,2022-07-08,4,4,3,4,3,5,3,4,3,True,
SURV0006283,DUD100784,2022-08-13,3,3,4,2,3,4,2,4,4,False,
SURV0006284,DUD100784,2022-09-27,5,5,5,4,5,5,5,4,5,True,
SURV0006285,DUD100784,2022-10-19,4,4,4,4,4,4,4,5,4,True,
SURV0006286,DUD100785,2024-07-13,5,5,5,5,5,4,5,5,5,True,
SURV0006287,DUD100785,2024-08-18,5,5,4,5,5,5,4,5,4,True,
SURV0006288,DUD100785,2024-09-22,5,5,5,5,5,4,5,5,5,True,
SURV0006289,DUD100785,2024-10-28,5,5,5,5,5,5,5,5,5,True,
SURV0006290,DUD100786,2024-09-13,5,4,5,5,5,5,5,5,4,True,
SURV0006291,DUD100786,2024-10-08,3,3,4,2,3,3,4,4,3,False,
SURV0006292,DUD100786,2024-11-21,3,3,2,4,2,3,3,4,2,False,
SURV0006293,DUD100786,2024-12-08,3,3,3,3,3,3,3,4,3,False,
SURV0006294,DUD100786,2025-01-16,4,4,5,5,3,4,4,5,4,True,
SURV0006295,DUD100786,2025-02-13,4,5,3,3,4,4,3,3,4,True,
SURV0006296,DUD100786,2025-03-12,4,4,5,5,5,4,4,3,5,True,
SURV0006297,DUD100786,2025-04-04,5,5,5,5,5,4,5,4,4,True,
SURV0006298,DUD100786,2025-05-22,1,1,2,1,1,2,2,2,1,False,
SURV0006299,DUD100786,2025-06-19,5,5,5,5,5,5,5,5,5,True,
SURV0006300,DUD100786,2025-07-27,5,5,5,4,5,5,5,5,5,True,
SURV0006301,DUD100786,2025-08-15,4,4,4,4,3,4,3,4,4,True,
SURV0006302,DUD100787,2021-10-19,4,5,3,4,4,4,5,5,4,True,
SURV0006303,DUD100787,2021-11-03,4,5,5,3,5,5,4,4,5,True,
SURV0006304,DUD100787,2021-12-01,4,3,4,3,5,4,4,5,4,True,
SURV0006305,DUD100787,2022-01-03,5,5,5,5,4,5,4,4,5,True,
SURV0006306,DUD100787,2022-02-02,4,4,4,4,3,4,4,4,5,True,
SURV0006307,DUD100787,2022-03-03,5,5,5,4,5,5,5,5,5,True,
SURV0006308,DUD100787,2022-04-18,5,5,5,5,5,5,4,5,4,True,
SURV0006309,DUD100787,2022-05-26,3,3,3,2,2,4,4,4,2,False,
SURV0006310,DUD100787,2022-06-28,3,3,4,4,3,2,4,3,4,False,
SURV0006311,DUD100788,2021-11-24,5,5,5,5,5,5,5,4,4,True,
SURV0006312,DUD100788,2021-12-20,5,5,5,5,5,4,4,5,4,True,
SURV0006313,DUD100788,2022-01-11,4,4,3,4,4,4,4,4,4,True,
SURV0006314,DUD100788,2022-02-22,3,4,3,3,3,2,3,2,2,False,
SURV0006315,DUD100788,2022-03-03,4,5,4,3,4,4,3,4,4,True,
SURV0006316,DUD100788,2022-04-28,4,4,4,3,4,3,4,5,5,True,
SURV0006317,DUD100788,2022-05-10,2,2,3,2,2,2,3,2,3,False,
SURV0006318,DUD100788,2022-06-10,5,5,5,4,5,5,5,5,5,True,
SURV0006319,DUD100788,2022-07-13,4,4,3,4,4,4,3,3,3,True,
SURV0006320,DUD100788,2022-08-26,4,4,3,4,4,4,3,5,3,True,
SURV0006321,DUD100788,2022-09-26,4,3,4,4,5,4,4,3,4,True,
SURV0006322,DUD100788,2022-10-18,4,4,4,3,4,5,3,5,4,True,
SURV0006323,DUD100789,2023-09-18,2,1,2,1,1,3,1,1,2,False,
SURV0006324,DUD100789,2023-10-18,4,4,4,3,3,5,3,4,3,True,
SURV0006325,DUD100789,2023-11-01,3,3,4,3,2,3,2,4,3,False,
SURV0006326,DUD100789,2023-12-08,5,5,5,5,4,5,4,4,5,True,
SURV0006327,DUD100789,2024-01-17,4,4,3,5,3,5,4,3,4,True,
SURV0006328,DUD100789,2024-02-16,3,2,3,4,4,3,2,3,3,False,
SURV0006329,DUD100789,2024-03-03,2,3,2,1,2,1,1,2,2,False,
SURV0006330,DUD100790,2021-04-12,5,5,5,5,5,5,5,5,5,True,
SURV0006331,DUD100790,2021-05-15,5,5,5,5,5,5,5,5,5,True,
SURV0006332,DUD100790,2021-06-06,4,4,3,5,4,5,4,3,5,True,
SURV0006333,DUD100790,2021-07-07,4,4,5,4,3,4,4,5,4,True,
SURV0006334,DUD100791,2022-09-05,4,3,4,3,5,4,5,3,3,True,
SURV0006335,DUD100791,2022-10-09,4,4,5,5,3,3,5,4,5,True,
SURV0006336,DUD100791,2022-11-25,5,5,4,5,5,5,4,5,5,True,
SURV0006337,DUD100791,2022-12-28,4,4,5,4,3,3,4,4,5,True,
SURV0006338,DUD100791,2023-01-09,2,2,2,2,1,2,2,1,2,False,
SURV0006339,DUD100791,2023-02-07,3,4,3,3,4,2,2,3,3,False,
SURV0006340,DUD100791,2023-03-05,4,4,4,4,3,4,3,4,3,True,
SURV0006341,DUD100792,2023-07-25,4,5,5,5,4,4,4,5,5,True,
SURV0006342,DUD100792,2023-08-21,4,4,3,4,4,4,4,5,4,True,
SURV0006343,DUD100792,2023-09-03,3,4,3,4,4,3,4,3,3,False,
SURV0006344,DUD100792,2023-10-07,5,5,4,5,4,5,5,4,5,True,
SURV0006345,DUD100792,2023-11-16,1,2,1,1,1,1,2,1,1,False,
SURV0006346,DUD100792,2023-12-06,3,3,3,4,3,4,3,4,3,False,
SURV0006347,DUD100792,2024-01-14,4,4,3,4,4,4,4,5,4,True,
SURV0006348,DUD100792,2024-02-27,2,2,2,1,2,1,2,1,2,False,
SURV0006349,DUD100793,2021-01-09,4,4,4,3,4,4,4,4,3,True,
SURV0006350,DUD100793,2021-02-06,4,4,3,4,3,4,3,5,4,True,
SURV0006351,DUD100793,2021-03-25,5,4,5,5,4,5,5,4,5,True,
SURV0006352,DUD100793,2021-04-07,4,4,4,4,4,5,3,4,4,True,
SURV0006353,DUD100793,2021-05-24,4,4,3,3,4,4,3,4,3,True,
SURV0006354,DUD100793,2021-06-15,4,3,3,4,3,3,5,4,3,True,
SURV0006355,DUD100793,2021-07-05,4,4,5,5,3,5,3,5,5,True,
SURV0006356,DUD100793,2021-08-12,5,5,5,5,4,5,5,5,5,True,
SURV0006357,DUD100793,2021-09-28,3,3,4,3,3,2,3,4,3,False,
SURV0006358,DUD100793,2021-10-10,3,4,3,2,3,3,4,3,3,False,
SURV0006359,DUD100793,2021-11-26,5,5,4,5,5,5,5,4,5,True,
SURV0006360,DUD100794,2021-03-13,5,4,5,5,5,5,4,5,5,True,
SURV0006361,DUD100794,2021-04-13,5,5,5,4,5,5,5,5,5,True,
SURV0006362,DUD100794,2021-05-19,5,5,5,5,5,5,4,5,5,True,
SURV0006363,DUD100794,2021-06-04,4,4,4,4,3,4,3,3,4,True,
SURV0006364,DUD100794,2021-07-27,3,3,2,2,3,3,3,4,3,False,
SURV0006365,DUD100794,2021-08-20,4,4,3,4,5,3,5,3,4,True,
SURV0006366,DUD100794,2021-09-12,3,3,3,3,4,2,3,3,4,False,
SURV0006367,DUD100794,2021-10-11,4,4,3,4,4,3,3,3,3,True,
SURV0006368,DUD100794,2021-11-04,5,5,5,5,4,5,5,4,4,True,
SURV0006369,DUD100794,2021-12-08,1,2,1,2,2,1,1,1,1,False,
SURV0006370,DUD100795,2021-07-21,5,5,4,5,5,5,5,5,5,True,
SURV0006371,DUD100795,2021-08-08,4,4,4,5,3,3,4,3,5,True,
SURV0006372,DUD100795,2021-09-17,5,4,5,4,5,5,5,5,5,True,
SURV0006373,DUD100795,2021-10-07,4,5,4,4,4,3,3,3,5,True,
SURV0006374,DUD100796,2024-11-20,4,5,3,4,4,3,4,3,4,True,
SURV0006375,DUD100796,2024-12-16,5,5,5,5,5,5,5,5,5,True,
SURV0006376,DUD100796,2025-01-28,3,2,2,2,2,2,2,2,3,False,
SURV0006377,DUD100796,2025-02-04,5,5,5,5,5,5,4,5,5,True,
SURV0006378,DUD100796,2025-03-25,4,4,5,4,4,3,4,4,3,True,
SURV0006379,DUD100796,2025-04-23,5,4,4,4,4,5,5,4,4,True,
SURV0006380,DUD100796,2025-05-07,4,4,3,4,4,5,3,5,4,True,
SURV0006381,DUD100796,2025-06-14,1,1,2,1,1,1,1,1,2,False,
SURV0006382,DUD100796,2025-07-12,5,5,4,5,5,5,5,5,5,True,
SURV0006383,DUD100796,2025-08-22,2,2,2,1,2,2,3,1,2,False,
SURV0006384,DUD100796,2025-09-22,2,2,3,2,1,2,3,3,2,False,
SURV0006385,DUD100797,2023-07-04,4,4,3,3,4,4,5,3,3,True,
SURV0006386,DUD100797,2023-08-17,4,5,4,5,4,3,4,4,4,True,
SURV0006387,DUD100797,2023-09-27,5,5,4,4,5,5,5,5,4,True,
SURV0006388,DUD100797,2023-10-08,4,4,4,3,3,4,5,3,3,True,
SURV0006389,DUD100797,2023-11-06,3,2,3,3,3,2,2,2,3,False,
SURV0006390,DUD100797,2023-12-13,4,4,4,3,3,4,5,4,3,True,
SURV0006391,DUD100797,2024-01-21,4,4,5,4,3,3,3,5,3,True,
SURV0006392,DUD100798,2022-11-22,3,2,4,2,3,4,3,4,3,False,
SURV0006393,DUD100798,2022-12-02,5,5,5,5,5,5,5,4,4,True,
SURV0006394,DUD100798,2023-01-24,3,3,3,3,2,2,2,3,3,False,
SURV0006395,DUD100798,2023-02-12,4,4,5,4,4,4,3,4,3,True,
SURV0006396,DUD100798,2023-03-10,5,5,5,5,5,5,5,4,4,True,
SURV0006397,DUD100799,2021-12-20,5,5,5,5,5,4,5,5,5,True,
SURV0006398,DUD100799,2022-01-25,1,1,1,1,2,1,1,1,1,False,
SURV0006399,DUD100799,2022-02-21,4,4,4,5,3,4,4,3,5,True,
SURV0006400,DUD100799,2022-03-19,4,3,3,4,4,5,4,5,5,True,
SURV0006401,DUD100799,2022-04-20,4,5,4,4,3,4,3,4,3,True,
SURV0006402,DUD100799,2022-05-20,3,2,4,4,3,3,2,3,4,False,
SURV0006403,DUD100799,2022-06-10,4,3,3,4,4,4,3,4,4,True,
SURV0006404,DUD100799,2022-07-02,3,3,3,3,3,2,2,3,4,False,
SURV0006405,DUD100799,2022-08-16,2,1,2,2,3,2,2,3,2,False,
SURV0006406,DUD100799,2022-09-20,4,4,5,4,4,4,4,4,5,True,
SURV0006407,DUD100799,2022-10-14,2,2,2,2,3,3,2,2,3,False,
SURV0006408,DUD100800,2023-08-26,4,3,5,4,4,4,5,3,4,True,
SURV0006409,DUD100800,2023-09-12,4,4,3,5,3,5,4,5,4,True,
SURV0006410,DUD100800,2023-10-05,4,4,3,3,3,3,4,3,3,True,
SURV0006411,DUD100800,2023-11-12,2,3,3,2,2,2,2,2,1,False,
SURV0006412,DUD100800,2023-12-28,1,2,2,1,1,1,1,2,1,False,
SURV0006413,DUD100800,2024-01-05,2,2,2,2,2,2,2,1,2,False,
SURV0006414,DUD100800,2024-02-11,4,5,4,4,4,4,3,4,5,True,
SURV0006415,DUD100800,2024-03-20,2,2,2,3,2,1,2,2,2,False,
SURV0006416,DUD100801,2024-11-24,4,4,5,5,4,5,4,5,4,True,
SURV0006417,DUD100801,2024-12-25,4,4,5,4,4,3,5,3,4,True,
SURV0006418,DUD100801,2025-01-10,4,4,5,4,4,5,5,4,5,True,
SURV0006419,DUD100801,2025-02-25,3,4,3,3,4,3,3,3,4,False,
SURV0006420,DUD100801,2025-03-26,2,2,2,2,1,3,1,1,3,False,
SURV0006421,DUD100801,2025-04-20,4,3,5,5,4,5,4,3,3,True,
SURV0006422,DUD100802,2024-09-17,5,5,5,4,5,5,5,5,5,True,
SURV0006423,DUD100802,2024-10-26,4,3,4,4,5,4,3,4,4,True,
SURV0006424,DUD100802,2024-11-26,5,4,5,4,4,4,5,5,4,True,
SURV0006425,DUD100802,2024-12-20,4,4,4,5,3,4,4,4,5,True,
SURV0006426,DUD100802,2025-01-05,3,3,2,4,2,4,3,3,4,False,
SURV0006427,DUD100802,2025-02-19,4,5,3,4,4,3,5,3,4,True,
SURV0006428,DUD100802,2025-03-23,5,5,5,5,5,5,5,5,5,True,
SURV0006429,DUD100802,2025-04-13,2,1,3,3,2,2,2,2,3,False,
SURV0006430,DUD100802,2025-05-08,5,5,5,5,5,4,5,5,5,True,
SURV0006431,DUD100802,2025-06-08,3,4,2,3,3,2,4,2,3,False,
SURV0006432,DUD100802,2025-07-14,4,5,4,4,5,4,3,3,4,True,
SURV0006433,DUD100802,2025-08-01,4,5,4,4,3,4,5,3,3,True,
SURV0006434,DUD100803,2023-04-27,4,4,5,3,5,3,4,5,4,True,
SURV0006435,DUD100803,2023-05-26,4,4,4,4,4,4,3,4,4,True,
SURV0006436,DUD100803,2023-06-26,3,3,3,4,2,4,2,2,3,False,
SURV0006437,DUD100803,2023-07-27,4,3,4,4,5,3,3,4,3,True,
SURV0006438,DUD100804,2022-02-10,1,1,2,2,1,1,1,2,2,False,
SURV0006439,DUD100804,2022-03-26,2,3,2,1,3,1,2,3,2,False,
SURV0006440,DUD100804,2022-04-25,3,3,3,2,2,4,4,3,3,False,
SURV0006441,DUD100804,2022-05-06,2,2,3,2,2,3,3,2,2,False,
SURV0006442,DUD100805,2024-05-04,3,3,2,4,3,3,3,4,3,False,
SURV0006443,DUD100805,2024-06-21,4,4,4,4,4,3,3,4,4,True,
SURV0006444,DUD100805,2024-07-08,4,4,5,5,4,4,3,4,5,True,
SURV0006445,DUD100805,2024-08-13,1,1,1,2,2,2,2,1,1,False,
SURV0006446,DUD100805,2024-09-03,4,4,3,4,4,4,5,3,3,True,
SURV0006447,DUD100805,2024-10-17,5,5,5,5,5,4,5,5,5,True,
SURV0006448,DUD100805,2024-11-01,3,3,2,3,3,3,2,2,3,False,
SURV0006449,DUD100805,2024-12-16,4,5,5,3,4,5,3,4,4,True,
SURV0006450,DUD100805,2025-01-15,4,4,4,5,4,3,4,5,3,True,
SURV0006451,DUD100806,2022-04-02,2,1,3,1,2,3,2,3,3,False,
SURV0006452,DUD100806,2022-05-11,3,4,3,3,3,2,4,3,3,False,
SURV0006453,DUD100806,2022-06-21,5,5,5,5,5,5,5,4,5,True,
SURV0006454,DUD100806,2022-07-17,4,3,3,4,4,3,4,5,4,True,
SURV0006455,DUD100806,2022-08-03,4,3,4,4,4,4,4,4,5,True,
SURV0006456,DUD100806,2022-09-09,4,4,4,3,4,4,4,5,3,True,
SURV0006457,DUD100806,2022-10-12,3,3,3,3,3,2,4,3,2,False,
SURV0006458,DUD100806,2022-11-14,3,2,3,4,4,4,4,3,3,False,
SURV0006459,DUD100806,2022-12-01,4,3,4,5,4,4,4,4,3,True,
SURV0006460,DUD100806,2023-01-20,4,4,4,3,3,5,4,4,5,True,
SURV0006461,DUD100806,2023-02-12,4,4,4,4,4,3,3,4,4,True,
SURV0006462,DUD100807,2021-02-24,4,4,4,3,4,4,3,4,4,True,
SURV0006463,DUD100807,2021-03-21,4,4,5,5,4,5,5,5,5,True,
SURV0006464,DUD100807,2021-04-15,4,4,5,3,4,4,4,3,5,True,
SURV0006465,DUD100807,2021-05-12,4,3,4,3,5,4,4,5,4,True,
SURV0006466,DUD100807,2021-06-23,5,5,5,5,5,5,5,5,5,True,
SURV0006467,DUD100807,2021-07-18,3,3,4,2,3,3,2,3,4,False,
SURV0006468,DUD100807,2021-08-11,1,1,1,1,1,1,1,1,1,False,
SURV0006469,DUD100807,2021-09-18,4,5,4,4,3,5,3,4,4,True,
SURV0006470,DUD100807,2021-10-24,4,5,3,3,4,5,4,3,4,True,
SURV0006471,DUD100807,2021-11-20,3,2,3,3,4,4,2,3,2,False,
SURV0006472,DUD100808,2023-01-13,2,3,2,2,3,2,3,2,1,False,
SURV0006473,DUD100808,2023-02-13,4,4,3,5,4,5,5,4,4,True,
SURV0006474,DUD100808,2023-03-01,5,4,5,5,5,5,5,5,5,True,
SURV0006475,DUD100808,2023-04-06,3,3,3,3,3,3,3,3,2,False,
SURV0006476,DUD100808,2023-05-13,1,1,1,2,1,2,1,1,2,False,
SURV0006477,DUD100808,2023-06-26,3,3,3,4,4,2,2,3,3,False,
SURV0006478,DUD100808,2023-07-16,4,4,4,4,5,3,4,4,4,True,
SURV0006479,DUD100808,2023-08-12,4,4,3,3,3,4,4,3,3,True,
SURV0006480,DUD100808,2023-09-07,4,3,4,4,4,4,4,3,3,True,
SURV0006481,DUD100809,2024-06-22,4,4,3,5,4,5,4,4,3,True,
SURV0006482,DUD100809,2024-07-24,5,4,5,5,5,5,5,5,5,True,
SURV0006483,DUD100809,2024-08-04,4,5,3,5,4,4,4,5,4,True,
SURV0006484,DUD100809,2024-09-19,5,4,5,5,5,5,5,4,5,True,
SURV0006485,DUD100809,2024-10-03,3,3,2,4,3,2,2,4,3,False,
SURV0006486,DUD100809,2024-11-27,2,2,3,2,3,1,2,1,3,False,
SURV0006487,DUD100809,2024-12-15,5,5,5,5,4,5,5,5,4,True,
SURV0006488,DUD100809,2025-01-20,3,3,3,2,4,2,3,2,2,False,
SURV0006489,DUD100810,2021-06-16,3,3,2,3,3,2,4,2,2,False,
SURV0006490,DUD100810,2021-07-08,4,4,3,4,3,4,4,4,3,True,
SURV0006491,DUD100810,2021-08-26,5,5,5,5,4,5,4,5,5,True,
SURV0006492,DUD100810,2021-09-18,4,4,4,3,4,5,4,5,4,True,
SURV0006493,DUD100810,2021-10-08,3,4,4,3,2,2,2,4,3,False,
SURV0006494,DUD100810,2021-11-06,4,3,4,5,3,3,4,5,4,True,
SURV0006495,DUD100810,2021-12-25,3,3,3,4,3,3,2,4,4,False,
SURV0006496,DUD100811,2022-02-26,3,3,4,4,4,2,3,4,3,False,
SURV0006497,DUD100811,2022-03-04,4,5,4,5,4,4,5,4,3,True,
SURV0006498,DUD100811,2022-04-19,5,5,5,5,5,5,5,5,5,True,
SURV0006499,DUD100811,2022-05-22,3,3,4,2,3,2,2,4,3,False,
SURV0006500,DUD100811,2022-06-05,3,4,4,2,4,2,2,3,3,False,
SURV0006501,DUD100811,2022-07-12,2,2,1,3,3,3,1,2,1,False,
SURV0006502,DUD100812,2024-07-16,4,4,4,3,4,4,4,5,5,True,
SURV0006503,DUD100812,2024-08-02,2,2,1,1,3,2,1,1,3,False,
SURV0006504,DUD100812,2024-09-17,5,4,5,5,4,5,4,4,5,True,
SURV0006505,DUD100812,2024-10-07,4,4,4,4,4,4,4,3,3,True,
SURV0006506,DUD100812,2024-11-21,3,2,2,3,4,2,2,2,3,False,
SURV0006507,DUD100812,2024-12-22,4,4,4,3,3,4,4,4,3,True,
SURV0006508,DUD100813,2021-03-14,3,3,3,4,2,3,2,4,4,False,
SURV0006509,DUD100813,2021-04-26,3,2,3,2,4,3,2,4,4,False,
SURV0006510,DUD100813,2021-05-21,4,4,4,4,3,3,5,4,5,True,
SURV0006511,DUD100813,2021-06-11,5,5,5,5,5,4,5,4,4,True,
SURV0006512,DUD100813,2021-07-25,5,5,5,5,5,5,5,5,5,True,
SURV0006513,DUD100813,2021-08-02,2,2,2,2,1,1,1,2,3,False,
SURV0006514,DUD100813,2021-09-04,4,3,5,4,3,5,5,3,4,True,
SURV0006515,DUD100813,2021-10-15,5,5,5,4,5,5,5,5,5,True,
SURV0006516,DUD100814,2021-08-23,2,3,3,3,1,3,2,2,2,False,
SURV0006517,DUD100814,2021-09-28,4,4,3,4,3,4,5,3,4,True,
SURV0006518,DUD100814,2021-10-17,4,4,5,5,4,4,5,4,4,True,
SURV0006519,DUD100814,2021-11-23,4,4,5,4,4,4,4,4,3,True,
SURV0006520,DUD100814,2021-12-13,5,5,5,5,5,4,5,5,5,True,
SURV0006521,DUD100814,2022-01-24,1,1,2,1,1,1,1,2,1,False,
SURV0006522,DUD100814,2022-02-26,4,4,3,4,4,4,4,5,4,True,
SURV0006523,DUD100814,2022-03-12,4,4,4,4,3,4,4,4,4,True,
SURV0006524,DUD100814,2022-04-25,4,5,4,3,3,4,5,4,4,True,
SURV0006525,DUD100815,2021-02-20,5,5,5,5,5,5,5,5,5,True,
SURV0006526,DUD100815,2021-03-08,3,3,2,3,3,4,3,3,2,False,
SURV0006527,DUD100815,2021-04-07,4,5,4,4,3,3,3,3,5,True,
SURV0006528,DUD100815,2021-05-25,3,3,4,3,4,4,2,3,3,False,
SURV0006529,DUD100815,2021-06-05,3,3,3,4,3,3,3,4,4,False,
SURV0006530,DUD100816,2023-07-26,5,5,5,5,5,4,5,5,5,True,
SURV0006531,DUD100816,2023-08-20,5,5,4,5,5,5,5,5,5,True,
SURV0006532,DUD100816,2023-09-12,4,5,4,3,3,5,3,4,3,True,
SURV0006533,DUD100816,2023-10-12,4,3,5,3,5,4,4,3,5,True,
SURV0006534,DUD100816,2023-11-07,5,5,4,4,5,5,5,5,5,True,
SURV0006535,DUD100817,2024-04-02,5,4,5,5,4,4,4,5,5,True,
SURV0006536,DUD100817,2024-05-11,5,5,4,4,5,5,5,5,5,True,
SURV0006537,DUD100817,2024-06-24,5,4,5,5,4,5,4,5,5,True,
SURV0006538,DUD100817,2024-07-21,3,3,3,4,3,3,4,3,3,False,
SURV0006539,DUD100817,2024-08-20,3,3,4,4,2,3,3,4,3,False,
SURV0006540,DUD100818,2021-10-27,4,3,3,4,5,5,3,3,4,True,
SURV0006541,DUD100818,2021-11-27,4,4,5,3,4,4,4,4,4,True,
SURV0006542,DUD100818,2021-12-14,3,3,4,3,4,2,3,4,3,False,
SURV0006543,DUD100818,2022-01-28,4,5,5,4,5,4,4,5,4,True,
SURV0006544,DUD100818,2022-02-09,3,3,2,3,2,4,2,3,3,False,
SURV0006545,DUD100818,2022-03-23,5,5,5,5,5,5,5,4,5,True,
SURV0006546,DUD100818,2022-04-04,5,4,5,4,5,5,5,5,5,True,
SURV0006547,DUD100818,2022-05-12,4,4,5,3,4,3,3,5,4,True,
SURV0006548,DUD100818,2022-06-12,3,4,3,3,4,4,3,2,4,False,
SURV0006549,DUD100818,2022-07-08,5,5,5,4,5,5,5,5,5,True,
SURV0006550,DUD100818,2022-08-22,2,2,1,1,3,2,3,1,3,False,
SURV0006551,DUD100819,2024-08-07,4,4,5,3,5,5,5,4,3,True,
SURV0006552,DUD100819,2024-09-04,1,1,1,2,2,2,1,1,1,False,
SURV0006553,DUD100819,2024-10-22,4,3,4,3,4,4,5,5,5,True,
SURV0006554,DUD100819,2024-11-09,5,5,5,5,5,5,5,4,5,True,
SURV0006555,DUD100819,2024-12-16,4,4,3,4,5,4,5,5,4,True,
SURV0006556,DUD100819,2025-01-21,4,4,4,4,5,5,3,5,3,True,
SURV0006557,DUD100819,2025-02-05,4,4,5,4,3,5,4,4,3,True,
SURV0006558,DUD100819,2025-03-24,4,4,4,4,5,4,4,4,3,True,
SURV0006559,DUD100819,2025-04-01,3,3,3,2,3,2,3,4,2,False,
SURV0006560,DUD100819,2025-05-20,5,5,5,5,5,5,4,5,5,True,
SURV0006561,DUD100819,2025-06-20,3,3,3,4,3,4,2,4,4,False,
SURV0006562,DUD100819,2025-07-15,4,4,4,3,4,4,3,4,4,True,
SURV0006563,DUD100820,2021-12-15,5,5,5,5,4,5,5,4,5,True,
SURV0006564,DUD100820,2022-01-11,5,5,5,4,5,5,5,5,5,True,
SURV0006565,DUD100820,2022-02-12,4,4,5,3,5,4,4,5,3,True,
SURV0006566,DUD100820,2022-03-05,5,4,5,4,5,5,4,5,4,True,
SURV0006567,DUD100820,2022-04-16,3,3,4,3,4,3,3,3,4,False,
SURV0006568,DUD100820,2022-05-01,5,5,5,5,5,5,5,5,5,True,
SURV0006569,DUD100820,2022-06-28,3,2,4,4,3,3,2,4,2,False,
SURV0006570,DUD100820,2022-07-28,4,4,3,4,3,4,4,5,4,True,
SURV0006571,DUD100820,2022-08-21,5,5,4,5,5,5,5,5,5,True,
SURV0006572,DUD100820,2022-09-13,4,5,4,4,4,3,3,4,4,True,
SURV0006573,DUD100821,2022-01-11,1,1,1,1,1,1,1,2,2,False,
SURV0006574,DUD100821,2022-02-07,4,4,4,4,5,4,3,3,4,True,
SURV0006575,DUD100821,2022-03-19,5,4,5,5,5,5,5,4,5,True,
SURV0006576,DUD100821,2022-04-28,5,5,5,5,4,5,5,5,5,True,
SURV0006577,DUD100821,2022-05-20,3,4,2,3,3,3,3,2,3,False,
SURV0006578,DUD100821,2022-06-01,5,5,4,5,5,5,5,5,5,True,
SURV0006579,DUD100821,2022-07-12,3,3,2,3,3,2,2,4,2,False,
SURV0006580,DUD100822,2024-04-05,5,4,5,5,4,4,5,5,5,True,
SURV0006581,DUD100822,2024-05-09,4,4,3,4,3,5,3,3,4,True,
SURV0006582,DUD100822,2024-06-27,2,3,1,1,2,2,2,1,2,False,
SURV0006583,DUD100822,2024-07-11,4,4,5,4,4,5,4,5,4,True,
SURV0006584,DUD100822,2024-08-23,4,3,4,4,5,4,4,4,5,True,
SURV0006585,DUD100822,2024-09-17,3,2,2,4,2,3,3,3,2,False,
SURV0006586,DUD100822,2024-10-11,5,5,5,5,5,5,5,5,5,True,
SURV0006587,DUD100822,2024-11-13,3,3,2,3,2,3,3,2,4,False,
SURV0006588,DUD100822,2024-12-23,4,3,4,4,3,3,4,3,3,True,
SURV0006589,DUD100822,2025-01-16,3,3,2,3,2,3,4,4,3,False,
SURV0006590,DUD100823,2023-11-23,4,4,4,3,4,4,4,5,4,True,
SURV0006591,DUD100823,2023-12-15,5,5,4,5,5,5,5,5,4,True,
SURV0006592,DUD100823,2024-01-02,4,4,5,3,4,4,4,3,5,True,
SURV0006593,DUD100823,2024-02-15,4,4,4,4,5,4,4,3,5,True,
SURV0006594,DUD100824,2023-07-09,4,4,4,5,4,5,5,3,5,True,
SURV0006595,DUD100824,2023-08-01,3,4,2,2,4,3,3,3,4,False,
SURV0006596,DUD100824,2023-09-03,3,3,4,4,3,3,3,2,3,False,
SURV0006597,DUD100824,2023-10-02,4,3,4,5,4,5,4,4,4,True,
SURV0006598,DUD100824,2023-11-28,3,3,3,3,3,3,3,3,3,False,
SURV0006599,DUD100824,2023-12-18,2,2,1,1,3,1,3,2,1,False,
SURV0006600,DUD100825,2024-04-28,5,5,5,5,4,5,4,5,5,True,
SURV0006601,DUD100825,2024-05-26,3,4,2,2,4,4,2,4,3,False,
SURV0006602,DUD100825,2024-06-17,4,4,4,3,3,5,4,3,4,True,
SURV0006603,DUD100825,2024-07-13,5,5,5,5,5,4,5,5,5,True,
SURV0006604,DUD100825,2024-08-26,4,4,5,5,4,5,4,4,4,True,
SURV0006605,DUD100825,2024-09-16,5,5,5,5,5,5,5,4,5,True,
SURV0006606,DUD100825,2024-10-04,5,5,5,5,5,5,4,5,4,True,
SURV0006607,DUD100825,2024-11-04,5,5,5,5,4,4,5,5,5,True,
SURV0006608,DUD100825,2024-12-26,4,4,5,4,5,5,4,3,4,True,
SURV0006609,DUD100826,2021-11-28,4,4,3,4,4,4,5,3,4,True,
SURV0006610,DUD100826,2021-12-20,4,5,5,4,4,3,4,5,4,True,
SURV0006611,DUD100826,2022-01-11,4,5,4,4,4,4,4,3,4,True,
SURV0006612,DUD100826,2022-02-23,5,5,4,4,5,4,5,5,5,True,
SURV0006613,DUD100827,2022-11-06,3,4,3,3,3,3,2,3,4,False,
SURV0006614,DUD100827,2022-12-19,4,5,4,3,3,4,3,5,4,True,
SURV0006615,DUD100827,2023-01-07,4,4,5,4,3,5,4,4,3,True,
SURV0006616,DUD100827,2023-02-19,3,3,4,2,4,2,3,3,4,False,
SURV0006617,DUD100827,2023-03-05,2,2,1,2,1,1,1,2,1,False,
SURV0006618,DUD100828,2023-03-02,5,5,5,4,5,4,4,4,5,True,
SURV0006619,DUD100828,2023-04-01,4,4,5,4,4,4,5,4,5,True,
SURV0006620,DUD100828,2023-05-23,4,5,4,4,4,3,5,4,4,True,
SURV0006621,DUD100828,2023-06-20,4,3,4,5,5,4,3,5,4,True,
SURV0006622,DUD100828,2023-07-25,2,2,2,2,1,2,2,3,1,False,
SURV0006623,DUD100828,2023-08-20,3,3,2,3,3,4,2,2,2,False,
SURV0006624,DUD100828,2023-09-04,2,2,2,1,1,1,3,2,1,False,
SURV0006625,DUD100829,2024-11-14,3,2,4,3,3,2,2,3,3,False,
SURV0006626,DUD100829,2024-12-08,3,2,3,4,2,4,3,3,3,False,
SURV0006627,DUD100829,2025-01-18,1,2,1,1,1,1,1,1,1,False,
SURV0006628,DUD100829,2025-02-10,1,1,1,2,1,1,1,1,1,False,
SURV0006629,DUD100829,2025-03-06,4,4,3,4,4,3,5,4,3,True,
SURV0006630,DUD100829,2025-04-22,4,5,3,3,4,5,5,4,3,True,
SURV0006631,DUD100829,2025-05-07,5,5,5,5,5,5,4,5,5,True,
SURV0006632,DUD100829,2025-06-27,4,4,4,5,4,5,3,3,3,True,
SURV0006633,DUD100829,2025-07-22,4,4,4,5,5,3,3,4,4,True,
SURV0006634,DUD100829,2025-08-14,5,5,5,5,5,5,4,5,5,True,
SURV0006635,DUD100830,2024-07-22,3,3,3,2,4,3,2,3,3,False,
SURV0006636,DUD100830,2024-08-09,4,4,5,5,3,5,4,5,3,True,
SURV0006637,DUD100830,2024-09-21,5,5,5,5,5,5,5,4,5,True,
SURV0006638,DUD100830,2024-10-21,3,3,3,3,4,3,2,3,4,False,
SURV0006639,DUD100830,2024-11-02,3,2,3,2,3,4,4,3,3,False,
SURV0006640,DUD100830,2024-12-26,3,3,3,4,4,3,3,2,3,False,
SURV0006641,DUD100831,2022-07-26,5,5,4,5,5,5,5,4,5,True,
SURV0006642,DUD100831,2022-08-26,1,1,1,1,1,1,1,1,1,False,
SURV0006643,DUD100831,2022-09-23,4,4,3,4,4,4,4,4,5,True,
SURV0006644,DUD100831,2022-10-01,3,4,2,3,3,3,3,2,3,False,
SURV0006645,DUD100831,2022-11-15,4,4,4,3,4,4,4,5,4,True,
SURV0006646,DUD100831,2022-12-20,3,4,3,2,3,4,3,3,4,False,
SURV0006647,DUD100831,2023-01-11,5,5,5,4,5,5,4,4,5,True,
SURV0006648,DUD100831,2023-02-17,4,4,4,4,3,3,3,5,5,True,
SURV0006649,DUD100831,2023-03-11,3,3,3,4,2,3,2,3,3,False,
SURV0006650,DUD100831,2023-04-13,4,4,5,4,5,4,3,4,4,True,
SURV0006651,DUD100831,2023-05-03,2,3,1,1,3,1,2,3,2,False,
SURV0006652,DUD100831,2023-06-21,3,3,3,2,3,3,3,3,2,False,
SURV0006653,DUD100832,2023-01-12,3,2,3,3,3,4,4,2,3,False,
SURV0006654,DUD100832,2023-02-04,4,5,3,3,3,5,5,3,3,True,
SURV0006655,DUD100832,2023-03-16,3,2,3,2,3,4,2,2,3,False,
SURV0006656,DUD100832,2023-04-06,5,4,5,4,5,5,4,5,4,True,
SURV0006657,DUD100832,2023-05-10,2,2,1,3,1,2,2,2,1,False,
SURV0006658,DUD100832,2023-06-19,1,1,1,1,1,1,1,1,1,False,
SURV0006659,DUD100832,2023-07-17,4,4,5,5,5,5,3,5,5,True,
SURV0006660,DUD100832,2023-08-23,4,5,4,4,4,3,3,3,4,True,
SURV0006661,DUD100833,2023-12-19,5,4,5,5,5,5,4,5,5,True,
SURV0006662,DUD100833,2024-01-01,5,4,4,5,5,5,5,5,4,True,
SURV0006663,DUD100833,2024-02-12,4,3,4,3,4,3,4,4,3,True,
SURV0006664,DUD100833,2024-03-10,3,3,3,3,2,4,3,3,4,False,
SURV0006665,DUD100833,2024-04-19,5,4,5,5,5,5,4,5,5,True,
SURV0006666,DUD100833,2024-05-21,4,3,3,5,4,4,5,5,3,True,
SURV0006667,DUD100833,2024-06-01,1,1,1,1,1,1,1,1,1,False,
SURV0006668,DUD100833,2024-07-24,3,2,4,3,2,3,3,3,2,False,
SURV0006669,DUD100833,2024-08-04,4,3,4,4,4,5,4,5,5,True,
SURV0006670,DUD100833,2024-09-28,4,3,4,5,5,4,4,3,4,True,
SURV0006671,DUD100834,2023-05-08,5,4,4,4,5,5,4,5,5,True,
SURV0006672,DUD100834,2023-06-10,3,3,2,3,3,3,3,3,3,False,
SURV0006673,DUD100834,2023-07-25,4,4,4,3,3,4,5,3,3,True,
SURV0006674,DUD100834,2023-08-01,3,3,4,3,3,3,2,3,2,False,
SURV0006675,DUD100834,2023-09-13,5,5,5,5,5,4,5,5,5,True,
SURV0006676,DUD100834,2023-10-12,2,3,3,2,1,3,2,3,3,False,
SURV0006677,DUD100834,2023-11-22,4,3,5,5,4,3,4,3,5,True,
SURV0006678,DUD100834,2023-12-06,3,3,3,3,3,3,2,3,2,False,
SURV0006679,DUD100834,2024-01-02,2,3,2,2,2,2,2,2,2,False,
SURV0006680,DUD100834,2024-02-18,1,1,1,1,1,1,1,1,1,False,
SURV0006681,DUD100835,2023-05-12,5,5,5,5,5,5,5,4,5,True,
SURV0006682,DUD100835,2023-06-10,4,3,4,3,4,5,5,4,5,True,
SURV0006683,DUD100835,2023-07-23,4,4,5,3,4,4,4,4,3,True,
SURV0006684,DUD100835,2023-08-22,2,2,2,2,2,2,2,3,3,False,
SURV0006685,DUD100835,2023-09-17,5,4,5,5,5,4,5,5,4,True,
SURV0006686,DUD100835,2023-10-23,4,4,4,3,5,4,4,4,4,True,
SURV0006687,DUD100836,2023-08-13,4,5,4,4,3,4,5,4,4,True,
SURV0006688,DUD100836,2023-09-08,2,1,3,2,1,1,3,3,3,False,
SURV0006689,DUD100836,2023-10-06,5,5,5,5,5,5,5,5,5,True,
SURV0006690,DUD100836,2023-11-01,4,4,4,5,4,5,5,5,4,True,
SURV0006691,DUD100836,2023-12-23,2,2,3,2,2,2,3,2,1,False,
SURV0006692,DUD100836,2024-01-26,4,3,4,5,5,4,5,4,4,True,
SURV0006693,DUD100837,2021-02-06,3,2,4,3,3,4,4,2,2,False,
SURV0006694,DUD100837,2021-03-10,4,4,3,4,3,4,4,4,3,True,
SURV0006695,DUD100837,2021-04-14,4,4,4,3,4,3,5,4,4,True,
SURV0006696,DUD100837,2021-05-24,4,4,4,4,4,4,4,3,4,True,
SURV0006697,DUD100837,2021-06-28,4,5,3,4,4,4,4,4,3,True,
SURV0006698,DUD100837,2021-07-27,4,4,5,5,3,5,4,4,4,True,
SURV0006699,DUD100837,2021-08-27,4,4,5,4,5,4,4,4,3,True,
SURV0006700,DUD100837,2021-09-23,3,3,3,3,3,3,2,4,3,False,
SURV0006701,DUD100837,2021-10-18,4,5,4,4,5,4,4,5,5,True,
SURV0006702,DUD100838,2021-12-14,3,3,2,3,3,2,3,3,3,False,
SURV0006703,DUD100838,2022-01-19,1,2,1,1,2,1,2,2,1,False,
SURV0006704,DUD100838,2022-02-28,5,5,5,4,5,5,5,5,5,True,
SURV0006705,DUD100838,2022-03-28,4,4,3,3,5,5,5,5,5,True,
SURV0006706,DUD100839,2021-11-01,5,5,5,5,4,4,5,5,4,True,
SURV0006707,DUD100839,2021-12-17,3,2,3,3,3,3,3,3,2,False,
SURV0006708,DUD100839,2022-01-03,4,4,3,4,3,4,3,4,4,True,
SURV0006709,DUD100839,2022-02-20,3,3,3,3,3,3,2,3,3,False,
SURV0006710,DUD100839,2022-03-28,3,3,4,2,3,3,3,3,3,False,
SURV0006711,DUD100840,2022-08-14,5,4,5,5,4,4,5,5,5,True,
SURV0006712,DUD100840,2022-09-24,1,1,1,1,1,1,1,1,1,False,
SURV0006713,DUD100840,2022-10-17,5,5,5,5,5,4,5,4,5,True,
SURV0006714,DUD100840,2022-11-02,5,5,5,5,5,4,5,4,5,True,
SURV0006715,DUD100840,2022-12-02,4,3,4,5,4,4,4,5,3,True,
SURV0006716,DUD100840,2023-01-18,3,3,3,3,2,2,4,3,2,False,
SURV0006717,DUD100840,2023-02-20,4,5,3,4,5,5,4,4,5,True,
SURV0006718,DUD100840,2023-03-06,5,5,5,4,5,4,5,5,5,True,
SURV0006719,DUD100841,2021-01-11,5,5,5,5,5,4,5,5,4,True,
SURV0006720,DUD100841,2021-02-28,4,5,3,4,4,5,4,3,5,True,
SURV0006721,DUD100841,2021-03-22,5,5,4,5,5,4,5,5,5,True,
SURV0006722,DUD100841,2021-04-22,4,5,4,5,4,3,4,4,3,True,
SURV0006723,DUD100841,2021-05-12,4,5,3,4,4,4,4,3,4,True,
SURV0006724,DUD100841,2021-06-19,2,3,2,1,1,2,3,3,2,False,
SURV0006725,DUD100841,2021-07-26,5,5,5,5,5,4,5,4,5,True,
SURV0006726,DUD100842,2021-02-14,4,4,3,5,5,4,4,4,4,True,
SURV0006727,DUD100842,2021-03-10,4,4,3,5,4,4,4,5,5,True,
SURV0006728,DUD100842,2021-04-12,5,5,5,5,4,5,4,5,5,True,
SURV0006729,DUD100842,2021-05-03,1,1,1,1,1,1,1,1,1,False,
SURV0006730,DUD100842,2021-06-04,4,4,3,4,4,5,5,4,5,True,
SURV0006731,DUD100842,2021-07-11,4,4,4,3,3,3,5,4,3,True,
SURV0006732,DUD100842,2021-08-06,3,3,3,3,2,3,3,4,2,False,
SURV0006733,DUD100842,2021-09-04,2,2,3,2,1,3,2,1,1,False,
SURV0006734,DUD100842,2021-10-26,5,5,5,5,5,5,4,4,5,True,
SURV0006735,DUD100842,2021-11-08,4,5,3,5,3,3,5,4,5,True,
SURV0006736,DUD100842,2021-12-08,4,4,4,4,4,4,4,4,4,True,
SURV0006737,DUD100843,2024-02-23,4,3,5,5,3,5,4,5,4,True,
SURV0006738,DUD100843,2024-03-20,4,5,4,3,3,4,3,4,4,True,
SURV0006739,DUD100843,2024-04-26,4,4,3,4,4,3,4,4,4,True,
SURV0006740,DUD100843,2024-05-08,3,2,2,3,2,3,4,2,3,False,
SURV0006741,DUD100843,2024-06-18,3,4,3,3,4,3,3,4,3,False,
SURV0006742,DUD100843,2024-07-01,3,2,4,3,2,2,4,3,2,False,
SURV0006743,DUD100843,2024-08-09,4,4,4,4,4,3,4,3,5,True,
SURV0006744,DUD100844,2024-03-17,3,3,2,2,4,2,2,2,3,False,
SURV0006745,DUD100844,2024-04-25,5,5,4,5,5,5,4,4,5,True,
SURV0006746,DUD100844,2024-05-17,5,5,5,5,4,5,5,5,5,True,
SURV0006747,DUD100844,2024-06-06,1,1,1,2,2,2,1,1,1,False,
SURV0006748,DUD100845,2022-09-27,5,5,5,5,5,5,4,4,5,True,
SURV0006749,DUD100845,2022-10-21,3,2,3,3,4,3,3,3,2,False,
SURV0006750,DUD100845,2022-11-27,4,4,3,4,5,3,4,3,3,True,
SURV0006751,DUD100845,2022-12-24,5,4,5,4,5,5,4,5,4,True,
SURV0006752,DUD100845,2023-01-17,5,5,4,5,5,5,4,5,5,True,
SURV0006753,DUD100845,2023-02-14,3,2,4,2,2,2,2,2,2,False,
SURV0006754,DUD100845,2023-03-04,4,5,4,4,5,3,3,3,5,True,
SURV0006755,DUD100846,2022-05-07,2,2,1,2,2,2,2,2,2,False,
SURV0006756,DUD100846,2022-06-22,2,3,2,2,2,1,2,2,3,False,
SURV0006757,DUD100846,2022-07-14,5,5,5,5,5,5,5,5,5,True,
SURV0006758,DUD100846,2022-08-13,2,2,2,3,2,2,1,3,2,False,
SURV0006759,DUD100846,2022-09-15,4,4,3,5,4,5,5,3,4,True,
SURV0006760,DUD100846,2022-10-20,4,3,5,4,3,4,4,5,3,True,
SURV0006761,DUD100846,2022-11-01,4,4,3,3,4,4,5,4,4,True,
SURV0006762,DUD100847,2024-12-03,3,2,3,2,3,2,3,4,4,False,
SURV0006763,DUD100847,2025-01-23,4,3,4,3,4,4,4,5,5,True,
SURV0006764,DUD100847,2025-02-24,2,2,1,1,2,1,2,1,2,False,
SURV0006765,DUD100847,2025-03-24,3,2,4,4,4,3,4,2,2,False,
SURV0006766,DUD100847,2025-04-27,4,4,4,4,4,4,5,3,3,True,
SURV0006767,DUD100848,2022-05-26,3,3,4,2,4,3,3,3,3,False,
SURV0006768,DUD100848,2022-06-17,5,5,4,5,5,5,4,5,4,True,
SURV0006769,DUD100848,2022-07-04,3,4,3,3,3,3,4,3,4,False,
SURV0006770,DUD100848,2022-08-09,5,5,5,5,5,5,5,5,5,True,
SURV0006771,DUD100848,2022-09-22,2,2,2,1,2,3,1,1,2,False,
SURV0006772,DUD100848,2022-10-22,4,5,4,4,4,5,5,4,4,True,
SURV0006773,DUD100848,2022-11-19,4,4,3,4,5,5,4,4,3,True,
SURV0006774,DUD100848,2022-12-07,5,5,5,5,5,4,5,5,5,True,
SURV0006775,DUD100848,2023-01-14,4,5,5,4,4,4,4,4,3,True,
SURV0006776,DUD100848,2023-02-28,5,5,4,5,5,5,5,5,5,True,
SURV0006777,DUD100849,2022-09-23,4,4,4,4,4,4,4,3,4,True,
SURV0006778,DUD100849,2022-10-05,4,5,5,4,3,5,3,4,3,True,
SURV0006779,DUD100849,2022-11-18,5,5,5,5,5,5,5,5,5,True,
SURV0006780,DUD100849,2022-12-13,3,3,3,3,3,4,2,3,2,False,
SURV0006781,DUD100849,2023-01-02,5,5,5,5,5,5,5,5,4,True,
SURV0006782,DUD100850,2022-04-27,4,3,4,5,5,4,4,4,4,True,
SURV0006783,DUD100850,2022-05-13,3,4,3,4,3,3,4,3,2,False,
SURV0006784,DUD100850,2022-06-01,3,3,4,4,3,3,3,3,2,False,
SURV0006785,DUD100850,2022-07-28,5,5,4,5,5,5,5,5,5,True,
SURV0006786,DUD100850,2022-08-12,3,2,2,4,3,3,3,3,3,False,
SURV0006787,DUD100850,2022-09-23,2,2,2,1,1,1,1,2,2,False,
SURV0006788,DUD100850,2022-10-17,4,5,3,5,3,3,3,4,4,True,
SURV0006789,DUD100850,2022-11-20,5,5,5,4,5,5,5,5,5,True,
SURV0006790,DUD100851,2023-04-05,4,5,3,4,3,4,5,3,4,True,
SURV0006791,DUD100851,2023-05-12,3,3,4,4,2,3,3,4,4,False,
SURV0006792,DUD100851,2023-06-22,5,4,5,5,5,5,5,5,5,True,
SURV0006793,DUD100851,2023-07-20,3,3,2,3,4,3,2,3,4,False,
SURV0006794,DUD100852,2024-03-23,4,3,4,4,3,5,3,5,4,True,
SURV0006795,DUD100852,2024-04-25,1,1,1,1,2,1,2,1,1,False,
SURV0006796,DUD100852,2024-05-14,4,4,4,4,5,4,4,5,4,True,
SURV0006797,DUD100852,2024-06-01,1,2,1,1,2,1,2,1,1,False,
SURV0006798,DUD100852,2024-07-10,4,3,4,4,5,5,4,4,3,True,
SURV0006799,DUD100852,2024-08-22,5,5,5,5,5,4,5,4,5,True,
SURV0006800,DUD100852,2024-09-12,4,4,3,5,3,4,5,4,4,True,
SURV0006801,DUD100852,2024-10-22,4,4,4,4,4,4,4,4,4,True,
SURV0006802,DUD100852,2024-11-27,5,5,5,4,5,5,5,5,5,True,
SURV0006803,DUD100852,2024-12-24,5,5,5,5,5,5,5,4,5,True,
SURV0006804,DUD100852,2025-01-24,3,3,2,3,3,4,3,3,3,False,
SURV0006805,DUD100853,2022-10-12,4,4,4,5,3,3,5,5,4,True,
SURV0006806,DUD100853,2022-11-17,5,5,5,5,4,5,5,5,5,True,
SURV0006807,DUD100853,2022-12-07,3,4,2,3,3,2,4,2,3,False,
SURV0006808,DUD100853,2023-01-28,3,3,3,4,4,2,3,3,3,False,
SURV0006809,DUD100853,2023-02-23,4,3,4,5,5,4,3,3,5,True,
SURV0006810,DUD100853,2023-03-08,3,4,2,4,3,2,4,4,3,False,
SURV0006811,DUD100853,2023-04-09,3,3,4,3,2,3,2,2,2,False,
SURV0006812,DUD100853,2023-05-17,4,4,4,5,5,3,4,4,4,True,
SURV0006813,DUD100853,2023-06-12,3,4,3,3,3,3,3,3,4,False,
SURV0006814,DUD100854,2024-04-24,5,4,5,5,5,5,5,5,5,True,
SURV0006815,DUD100854,2024-05-24,4,4,3,4,3,3,4,4,5,True,
SURV0006816,DUD100854,2024-06-19,4,5,4,4,3,3,5,4,3,True,
SURV0006817,DUD100854,2024-07-10,5,5,5,5,5,5,5,5,5,True,
SURV0006818,DUD100854,2024-08-22,4,4,5,3,3,3,4,3,5,True,
SURV0006819,DUD100854,2024-09-07,1,1,1,1,1,1,2,1,1,False,
SURV0006820,DUD100854,2024-10-19,4,4,5,3,4,4,3,4,4,True,
SURV0006821,DUD100854,2024-11-25,4,4,4,5,5,3,4,3,3,True,
SURV0006822,DUD100854,2024-12-19,4,5,5,4,3,4,5,3,5,True,
SURV0006823,DUD100854,2025-01-25,5,4,5,5,4,5,5,4,5,True,
SURV0006824,DUD100855,2023-03-03,3,3,4,2,3,4,4,4,3,False,
SURV0006825,DUD100855,2023-04-20,1,1,2,1,1,1,1,1,1,False,
SURV0006826,DUD100855,2023-05-14,4,5,4,3,4,4,3,3,5,True,
SURV0006827,DUD100855,2023-06-07,4,4,4,4,4,3,4,4,4,True,
SURV0006828,DUD100855,2023-07-28,4,4,4,4,4,4,5,3,4,True,
SURV0006829,DUD100855,2023-08-26,4,4,3,4,4,5,5,3,3,True,
SURV0006830,DUD100855,2023-09-17,3,3,3,3,3,3,4,3,3,False,
SURV0006831,DUD100855,2023-10-17,2,2,2,1,1,3,2,2,3,False,
SURV0006832,DUD100855,2023-11-09,4,3,4,5,3,4,3,4,3,True,
SURV0006833,DUD100856,2024-07-02,4,3,4,4,3,4,3,3,3,True,
SURV0006834,DUD100856,2024-08-26,4,4,4,5,5,4,3,5,4,True,
SURV0006835,DUD100856,2024-09-17,5,5,5,5,5,5,5,5,5,True,
SURV0006836,DUD100856,2024-10-13,4,4,4,5,4,4,4,5,4,True,
SURV0006837,DUD100856,2024-11-03,3,3,4,3,3,3,2,2,4,False,
SURV0006838,DUD100857,2021-12-14,3,4,2,3,3,3,3,4,3,False,
SURV0006839,DUD100857,2022-01-08,1,1,1,1,1,1,2,1,1,False,
SURV0006840,DUD100857,2022-02-16,4,5,3,4,3,3,5,3,5,True,
SURV0006841,DUD100857,2022-03-26,4,3,4,5,5,4,5,5,4,True,
SURV0006842,DUD100857,2022-04-11,3,3,2,3,3,4,2,2,3,False,
SURV0006843,DUD100857,2022-05-15,3,3,4,3,3,4,3,3,2,False,
SURV0006844,DUD100857,2022-06-01,5,4,4,5,4,5,4,5,5,True,
SURV0006845,DUD100857,2022-07-01,4,5,4,4,4,3,4,4,5,True,
SURV0006846,DUD100857,2022-08-12,3,4,2,4,3,3,3,3,2,False,
SURV0006847,DUD100857,2022-09-10,4,3,5,5,5,4,4,4,4,True,
SURV0006848,DUD100857,2022-10-06,4,4,4,3,4,4,4,3,4,True,
SURV0006849,DUD100858,2023-01-05,5,5,5,5,5,5,5,5,4,True,
SURV0006850,DUD100858,2023-02-26,4,3,4,5,4,4,5,4,4,True,
SURV0006851,DUD100858,2023-03-10,3,2,3,4,3,3,3,2,3,False,
SURV0006852,DUD100858,2023-04-07,3,3,3,3,4,3,2,3,3,False,
SURV0006853,DUD100858,2023-05-05,4,4,4,5,3,4,3,3,4,True,
SURV0006854,DUD100858,2023-06-28,3,3,4,3,2,4,3,2,3,False,
SURV0006855,DUD100858,2023-07-22,4,3,5,3,4,5,5,4,4,True,
SURV0006856,DUD100859,2023-11-08,5,5,5,5,5,4,5,5,5,True,
SURV0006857,DUD100859,2023-12-05,5,5,5,5,5,5,5,5,5,True,
SURV0006858,DUD100859,2024-01-14,4,4,5,5,4,3,4,4,4,True,
SURV0006859,DUD100859,2024-02-02,3,4,2,2,2,2,3,4,3,False,
SURV0006860,DUD100860,2021-07-02,4,4,3,5,4,4,3,3,5,True,
SURV0006861,DUD100860,2021-08-18,5,5,5,5,4,4,4,4,4,True,
SURV0006862,DUD100860,2021-09-03,2,1,2,1,3,2,1,2,2,False,
SURV0006863,DUD100860,2021-10-23,4,3,4,3,4,3,3,4,4,True,
SURV0006864,DUD100860,2021-11-07,4,4,5,4,5,5,5,4,4,True,
SURV0006865,DUD100860,2021-12-01,4,4,3,5,4,4,4,4,5,True,
SURV0006866,DUD100861,2024-03-15,5,5,5,5,5,5,5,5,4,True,
SURV0006867,DUD100861,2024-04-02,4,4,3,4,4,5,4,3,3,True,
SURV0006868,DUD100861,2024-05-28,1,2,1,1,1,2,2,1,1,False,
SURV0006869,DUD100861,2024-06-14,4,4,5,5,3,4,5,4,3,True,
SURV0006870,DUD100861,2024-07-03,3,3,4,4,3,3,4,3,4,False,
SURV0006871,DUD100861,2024-08-07,4,4,3,4,4,3,4,5,3,True,
SURV0006872,DUD100861,2024-09-04,5,5,4,4,5,5,5,5,5,True,
SURV0006873,DUD100861,2024-10-03,5,5,5,4,4,5,5,5,5,True,
SURV0006874,DUD100862,2022-07-22,4,4,4,4,4,4,4,5,5,True,
SURV0006875,DUD100862,2022-08-28,3,3,4,3,2,3,3,3,2,False,
SURV0006876,DUD100862,2022-09-15,3,2,2,3,3,4,3,3,4,False,
SURV0006877,DUD100862,2022-10-21,4,5,5,4,5,3,4,3,4,True,
SURV0006878,DUD100862,2022-11-20,4,4,4,4,3,5,4,5,5,True,
SURV0006879,DUD100862,2022-12-09,5,5,5,4,5,5,5,4,5,True,
SURV0006880,DUD100862,2023-01-11,2,1,3,1,3,2,2,2,1,False,
SURV0006881,DUD100862,2023-02-07,3,3,4,4,3,2,4,4,3,False,
SURV0006882,DUD100862,2023-03-11,4,4,4,3,4,4,4,3,4,True,
SURV0006883,DUD100862,2023-04-28,5,4,5,4,4,4,4,5,5,True,
SURV0006884,DUD100862,2023-05-14,5,4,5,5,5,5,5,4,5,True,
SURV0006885,DUD100862,2023-06-12,4,4,4,4,5,4,3,3,5,True,
SURV0006886,DUD100863,2022-09-01,1,1,1,1,2,1,1,2,2,False,
SURV0006887,DUD100863,2022-10-22,4,3,5,5,5,5,4,3,3,True,
SURV0006888,DUD100863,2022-11-27,5,4,5,5,4,5,5,5,5,True,
SURV0006889,DUD100863,2022-12-03,4,5,4,4,5,4,3,5,4,True,
SURV0006890,DUD100863,2023-01-01,4,4,3,3,5,5,4,5,4,True,
SURV0006891,DUD100863,2023-02-15,4,4,4,3,3,4,5,4,4,True,
SURV0006892,DUD100863,2023-03-10,5,5,5,4,5,5,5,4,5,True,
SURV0006893,DUD100863,2023-04-11,5,5,5,5,5,5,4,5,5,True,
SURV0006894,DUD100863,2023-05-14,3,4,4,3,4,4,2,3,3,False,
SURV0006895,DUD100863,2023-06-11,5,5,5,5,5,5,5,5,5,True,
SURV0006896,DUD100864,2022-08-01,4,3,4,3,3,4,3,3,4,True,
SURV0006897,DUD100864,2022-09-20,3,2,3,3,2,3,4,4,2,False,
SURV0006898,DUD100864,2022-10-11,5,5,4,5,4,5,5,5,4,True,
SURV0006899,DUD100864,2022-11-23,2,2,2,2,1,1,2,2,1,False,
SURV0006900,DUD100864,2022-12-17,4,4,4,4,4,3,4,5,4,True,
SURV0006901,DUD100864,2023-01-10,4,4,4,4,4,3,4,3,4,True,
SURV0006902,DUD100864,2023-02-16,4,3,4,4,4,3,4,3,5,True,
SURV0006903,DUD100864,2023-03-23,4,4,3,4,4,3,5,4,3,True,
SURV0006904,DUD100864,2023-04-11,4,5,5,4,3,3,4,3,4,True,
SURV0006905,DUD100864,2023-05-28,5,4,5,5,5,5,5,4,5,True,
SURV0006906,DUD100864,2023-06-07,5,5,4,5,5,5,5,5,5,True,
SURV0006907,DUD100865,2024-02-11,4,4,4,4,5,5,5,3,4,True,
SURV0006908,DUD100865,2024-03-22,4,4,5,3,5,4,4,3,4,True,
SURV0006909,DUD100865,2024-04-10,4,3,5,3,4,5,4,3,4,True,
SURV0006910,DUD100865,2024-05-24,3,2,4,2,4,3,3,4,2,False,
SURV0006911,DUD100865,2024-06-01,3,2,4,2,3,4,4,3,3,False,
SURV0006912,DUD100865,2024-07-18,3,3,4,4,4,2,3,4,2,False,
SURV0006913,DUD100865,2024-08-17,4,4,4,3,4,3,4,4,4,True,
SURV0006914,DUD100865,2024-09-02,4,3,5,5,5,4,5,3,4,True,
SURV0006915,DUD100865,2024-10-12,4,4,3,3,4,3,4,4,5,True,
SURV0006916,DUD100865,2024-11-12,4,5,5,3,5,4,4,3,3,True,
SURV0006917,DUD100865,2024-12-03,3,3,2,3,3,4,2,3,2,False,
SURV0006918,DUD100866,2023-03-28,5,5,4,4,4,5,4,4,5,True,
SURV0006919,DUD100866,2023-04-10,4,4,5,4,4,5,3,4,5,True,
SURV0006920,DUD100866,2023-05-18,3,3,3,3,3,2,3,3,2,False,
SURV0006921,DUD100866,2023-06-26,5,5,4,5,5,4,5,5,5,True,
SURV0006922,DUD100866,2023-07-06,1,1,2,1,2,2,1,1,1,False,
SURV0006923,DUD100866,2023-08-22,2,1,2,2,2,2,2,1,2,False,
SURV0006924,DUD100866,2023-09-09,1,2,1,1,1,2,1,1,1,False,
SURV0006925,DUD100866,2023-10-13,4,4,4,5,5,4,5,5,4,True,
SURV0006926,DUD100866,2023-11-24,3,3,3,3,3,4,4,4,4,False,
SURV0006927,DUD100866,2023-12-17,3,3,3,3,3,3,3,3,3,False,
SURV0006928,DUD100867,2022-06-22,3,3,3,4,2,4,3,2,3,False,
SURV0006929,DUD100867,2022-07-10,3,4,4,2,3,4,3,3,3,False,
SURV0006930,DUD100867,2022-08-17,4,4,4,4,3,4,3,4,5,True,
SURV0006931,DUD100867,2022-09-28,1,1,1,2,2,1,1,2,1,False,
SURV0006932,DUD100867,2022-10-01,3,2,4,3,2,3,2,3,3,False,
SURV0006933,DUD100867,2022-11-27,2,2,2,2,3,2,2,2,2,False,
SURV0006934,DUD100867,2022-12-25,3,4,3,2,3,3,2,3,4,False,
SURV0006935,DUD100868,2021-01-06,5,4,5,5,5,5,5,5,4,True,
SURV0006936,DUD100868,2021-02-22,4,5,4,4,4,4,4,3,4,True,
SURV0006937,DUD100868,2021-03-11,2,2,2,2,3,2,2,1,3,False,
SURV0006938,DUD100868,2021-04-20,4,4,4,4,5,4,3,4,4,True,
SURV0006939,DUD100868,2021-05-21,4,4,5,5,4,4,3,4,5,True,
SURV0006940,DUD100868,2021-06-20,4,5,4,3,4,5,4,5,4,True,
SURV0006941,DUD100868,2021-07-15,5,5,5,5,5,5,5,4,4,True,
SURV0006942,DUD100868,2021-08-17,1,1,2,1,2,1,2,1,2,False,
SURV0006943,DUD100868,2021-09-08,5,5,5,5,5,4,4,4,5,True,
SURV0006944,DUD100868,2021-10-18,4,4,4,4,4,4,5,4,3,True,
SURV0006945,DUD100869,2021-07-17,3,4,3,3,4,4,3,3,4,False,
SURV0006946,DUD100869,2021-08-06,4,4,4,4,4,5,5,4,4,True,
SURV0006947,DUD100869,2021-09-27,3,4,4,2,4,2,3,2,2,False,
SURV0006948,DUD100869,2021-10-07,3,3,3,4,4,2,2,2,4,False,
SURV0006949,DUD100869,2021-11-25,3,2,3,2,3,4,3,4,4,False,
SURV0006950,DUD100869,2021-12-08,2,1,1,1,2,1,3,3,2,False,
SURV0006951,DUD100869,2022-01-22,5,4,5,5,4,4,4,5,5,True,
SURV0006952,DUD100869,2022-02-14,4,4,3,3,4,5,4,4,3,True,
SURV0006953,DUD100869,2022-03-08,1,1,2,1,1,1,1,1,2,False,
SURV0006954,DUD100869,2022-04-26,1,1,1,2,1,1,1,1,1,False,
SURV0006955,DUD100869,2022-05-10,1,1,2,1,1,2,2,1,1,False,
SURV0006956,DUD100869,2022-06-20,2,2,2,2,1,1,2,2,2,False,
SURV0006957,DUD100870,2021-02-19,4,5,4,4,3,3,4,3,4,True,
SURV0006958,DUD100870,2021-03-08,4,3,5,4,5,3,5,4,5,True,
SURV0006959,DUD100870,2021-04-25,5,5,5,5,4,5,5,5,4,True,
SURV0006960,DUD100870,2021-05-17,3,3,3,2,4,4,3,3,2,False,
SURV0006961,DUD100871,2021-10-16,4,4,3,4,4,5,3,4,4,True,
SURV0006962,DUD100871,2021-11-22,4,5,4,4,3,5,4,4,4,True,
SURV0006963,DUD100871,2021-12-08,4,5,4,4,4,4,4,5,3,True,
SURV0006964,DUD100871,2022-01-12,5,5,5,5,5,5,5,4,5,True,
SURV0006965,DUD100871,2022-02-11,3,3,4,3,4,4,3,3,2,False,
SURV0006966,DUD100871,2022-03-09,5,5,5,4,5,5,4,4,5,True,
SURV0006967,DUD100871,2022-04-13,4,5,4,5,5,3,4,3,5,True,
SURV0006968,DUD100871,2022-05-07,2,2,2,2,2,2,2,1,2,False,
SURV0006969,DUD100872,2023-09-24,4,4,4,3,4,5,3,5,4,True,
SURV0006970,DUD100872,2023-10-22,4,4,4,4,4,5,4,5,3,True,
SURV0006971,DUD100872,2023-11-05,4,3,3,3,4,4,3,4,3,True,
SURV0006972,DUD100872,2023-12-07,1,2,1,2,1,1,2,1,2,False,
SURV0006973,DUD100872,2024-01-16,3,3,3,2,2,4,4,4,4,False,
SURV0006974,DUD100872,2024-02-27,4,4,5,5,4,4,4,4,5,True,
SURV0006975,DUD100872,2024-03-24,5,5,5,5,5,5,5,5,5,True,
SURV0006976,DUD100873,2023-02-16,2,3,3,2,2,3,2,2,2,False,
SURV0006977,DUD100873,2023-03-11,4,4,4,4,4,4,4,4,4,True,
SURV0006978,DUD100873,2023-04-21,5,5,4,4,5,5,5,5,4,True,
SURV0006979,DUD100873,2023-05-08,4,5,4,5,4,4,4,3,5,True,
SURV0006980,DUD100873,2023-06-07,4,3,3,3,5,4,4,3,5,True,
SURV0006981,DUD100873,2023-07-26,5,5,5,5,5,5,5,5,5,True,
SURV0006982,DUD100873,2023-08-12,4,4,4,4,5,5,5,3,4,True,
SURV0006983,DUD100874,2022-12-22,4,3,5,5,5,4,4,4,3,True,
SURV0006984,DUD100874,2023-01-13,4,3,4,5,5,5,4,4,3,True,
SURV0006985,DUD100874,2023-02-25,5,5,5,5,5,5,5,5,5,True,
SURV0006986,DUD100874,2023-03-02,5,4,5,5,5,4,5,5,5,True,
SURV0006987,DUD100874,2023-04-19,3,4,2,4,2,3,4,4,4,False,
SURV0006988,DUD100874,2023-05-15,5,5,5,4,4,5,4,5,5,True,
SURV0006989,DUD100874,2023-06-21,5,5,5,5,5,5,5,4,5,True,
SURV0006990,DUD100874,2023-07-13,4,3,4,3,4,4,4,4,3,True,
SURV0006991,DUD100874,2023-08-15,2,3,2,1,1,3,2,2,3,False,
SURV0006992,DUD100874,2023-09-04,5,4,5,4,5,4,5,5,5,True,
SURV0006993,DUD100875,2023-09-07,3,4,4,3,2,4,2,3,3,False,
SURV0006994,DUD100875,2023-10-08,4,5,4,5,3,5,5,3,5,True,
SURV0006995,DUD100875,2023-11-15,4,5,4,4,4,4,4,4,4,True,
SURV0006996,DUD100875,2023-12-10,2,2,3,2,1,2,2,2,2,False,
SURV0006997,DUD100875,2024-01-24,3,2,2,2,4,3,3,2,4,False,
SURV0006998,DUD100875,2024-02-14,3,3,4,3,3,2,3,3,3,False,
SURV0006999,DUD100875,2024-03-04,5,5,4,5,5,5,4,5,5,True,
SURV0007000,DUD100875,2024-04-19,3,3,3,3,4,4,2,3,3,False,
SURV0007001,DUD100875,2024-05-13,5,5,5,5,4,4,5,5,4,True,
SURV0007002,DUD100875,2024-06-01,4,3,4,3,5,5,4,5,5,True,
SURV0007003,DUD100875,2024-07-10,5,5,4,5,4,4,4,5,4,True,
SURV0007004,DUD100875,2024-08-14,5,4,5,5,5,5,5,4,5,True,
SURV0007005,DUD100876,2023-07-03,4,4,4,4,3,3,3,5,4,True,
SURV0007006,DUD100876,2023-08-27,1,1,1,1,1,1,1,1,2,False,
SURV0007007,DUD100876,2023-09-16,3,3,3,3,3,3,3,4,3,False,
SURV0007008,DUD100876,2023-10-03,3,2,3,4,2,3,3,2,2,False,
SURV0007009,DUD100877,2023-11-10,3,2,2,4,2,3,4,4,4,False,
SURV0007010,DUD100877,2023-12-12,4,4,5,4,4,3,3,4,4,True,
SURV0007011,DUD100877,2024-01-14,5,5,4,5,5,5,5,5,5,True,
SURV0007012,DUD100877,2024-02-22,5,5,5,5,5,5,5,4,5,True,
SURV0007013,DUD100877,2024-03-11,5,5,5,5,5,5,4,5,5,True,
SURV0007014,DUD100878,2021-10-15,3,3,3,2,4,4,2,3,4,False,
SURV0007015,DUD100878,2021-11-04,5,5,4,4,5,5,5,5,5,True,
SURV0007016,DUD100878,2021-12-28,4,5,5,3,3,3,5,5,5,True,
SURV0007017,DUD100878,2022-01-21,5,5,4,5,4,5,5,5,5,True,
SURV0007018,DUD100878,2022-02-04,1,1,1,1,1,2,2,1,1,False,
SURV0007019,DUD100878,2022-03-03,3,3,3,2,4,2,3,3,3,False,
SURV0007020,DUD100879,2021-01-27,3,3,2,2,2,3,3,4,3,False,
SURV0007021,DUD100879,2021-02-28,3,3,3,3,3,4,3,3,3,False,
SURV0007022,DUD100879,2021-03-07,5,5,5,5,4,5,5,5,5,True,
SURV0007023,DUD100879,2021-04-23,3,2,3,3,3,4,2,2,3,False,
SURV0007024,DUD100879,2021-05-22,2,2,1,1,2,3,1,3,2,False,
SURV0007025,DUD100879,2021-06-01,5,5,5,4,5,5,5,5,4,True,
SURV0007026,DUD100879,2021-07-11,4,5,4,3,4,4,4,4,5,True,
SURV0007027,DUD100879,2021-08-22,3,3,3,4,3,3,2,3,3,False,
SURV0007028,DUD100880,2024-01-25,2,3,1,2,2,2,1,2,2,False,
SURV0007029,DUD100880,2024-02-24,4,4,5,5,4,3,4,4,5,True,
SURV0007030,DUD100880,2024-03-26,2,2,1,2,1,3,3,3,2,False,
SURV0007031,DUD100880,2024-04-25,3,2,3,3,2,2,2,3,3,False,
SURV0007032,DUD100880,2024-05-15,3,3,4,2,3,3,2,3,2,False,
SURV0007033,DUD100880,2024-06-24,5,5,5,5,5,4,5,4,5,True,
SURV0007034,DUD100880,2024-07-17,3,3,3,2,4,4,4,2,2,False,
SURV0007035,DUD100880,2024-08-06,4,4,5,4,4,5,3,4,4,True,
SURV0007036,DUD100880,2024-09-18,5,5,5,4,5,5,4,4,5,True,
SURV0007037,DUD100880,2024-10-27,2,2,2,3,3,2,2,2,2,False,
SURV0007038,DUD100880,2024-11-10,4,5,4,4,4,4,4,5,5,True,
SURV0007039,DUD100880,2024-12-22,4,3,4,5,5,3,5,5,4,True,
SURV0007040,DUD100881,2021-07-14,4,4,3,3,4,4,4,5,4,True,
SURV0007041,DUD100881,2021-08-21,4,3,4,4,4,3,5,4,4,True,
SURV0007042,DUD100881,2021-09-07,4,4,4,3,5,5,3,4,4,True,
SURV0007043,DUD100881,2021-10-13,4,4,5,4,4,5,3,3,3,True,
SURV0007044,DUD100881,2021-11-06,3,4,3,4,4,3,3,3,3,False,
SURV0007045,DUD100881,2021-12-14,3,3,3,4,4,4,2,4,2,False,
SURV0007046,DUD100882,2023-06-25,3,3,3,2,3,4,4,2,4,False,
SURV0007047,DUD100882,2023-07-14,1,1,1,2,1,2,1,1,1,False,
SURV0007048,DUD100882,2023-08-07,4,4,4,4,5,4,4,4,3,True,
SURV0007049,DUD100882,2023-09-22,2,2,2,3,2,2,3,3,2,False,
SURV0007050,DUD100883,2022-04-18,3,3,2,2,3,2,2,4,2,False,
SURV0007051,DUD100883,2022-05-04,2,2,3,2,1,1,2,1,2,False,
SURV0007052,DUD100883,2022-06-26,5,5,5,5,5,5,5,4,5,True,
SURV0007053,DUD100883,2022-07-23,5,5,5,5,4,5,5,4,5,True,
SURV0007054,DUD100883,2022-08-01,4,5,4,3,4,3,3,5,5,True,
SURV0007055,DUD100883,2022-09-13,2,1,1,1,2,2,2,1,3,False,
SURV0007056,DUD100884,2024-08-23,3,4,3,3,3,3,2,3,2,False,
SURV0007057,DUD100884,2024-09-19,4,5,4,4,5,5,4,5,4,True,
SURV0007058,DUD100884,2024-10-20,5,5,4,5,5,5,5,4,4,True,
SURV0007059,DUD100884,2024-11-23,5,4,4,5,5,5,5,5,4,True,
SURV0007060,DUD100884,2024-12-20,5,5,5,5,4,5,5,5,4,True,
SURV0007061,DUD100885,2021-03-24,4,4,3,3,3,4,4,4,3,True,
SURV0007062,DUD100885,2021-04-08,4,3,4,3,4,4,3,4,4,True,
SURV0007063,DUD100885,2021-05-22,4,3,4,5,3,5,4,5,4,True,
SURV0007064,DUD100885,2021-06-04,3,2,3,2,3,3,3,3,3,False,
SURV0007065,DUD100885,2021-07-14,4,5,4,4,5,4,4,4,4,True,
SURV0007066,DUD100886,2023-08-04,2,2,1,2,2,2,1,3,2,False,
SURV0007067,DUD100886,2023-09-21,5,5,5,4,5,5,4,5,4,True,
SURV0007068,DUD100886,2023-10-16,4,4,4,4,4,4,4,3,5,True,
SURV0007069,DUD100886,2023-11-16,5,5,4,5,4,5,5,5,4,True,
SURV0007070,DUD100886,2023-12-22,4,3,4,5,4,3,4,4,4,True,
SURV0007071,DUD100886,2024-01-24,3,3,3,2,3,2,2,3,3,False,
SURV0007072,DUD100886,2024-02-09,5,5,5,5,5,4,5,4,5,True,
SURV0007073,DUD100887,2022-02-28,4,5,4,3,4,5,5,5,4,True,
SURV0007074,DUD100887,2022-03-01,4,3,3,5,5,3,4,4,4,True,
SURV0007075,DUD100887,2022-04-16,5,5,5,5,5,5,5,5,5,True,
SURV0007076,DUD100887,2022-05-21,3,3,4,4,3,3,3,2,3,False,
SURV0007077,DUD100887,2022-06-05,3,3,3,2,4,3,2,2,4,False,
SURV0007078,DUD100887,2022-07-17,3,3,4,3,3,3,3,3,3,False,
SURV0007079,DUD100887,2022-08-12,4,4,5,4,4,3,5,3,3,True,
SURV0007080,DUD100887,2022-09-27,4,3,5,5,5,5,5,3,4,True,
SURV0007081,DUD100888,2023-07-22,4,4,4,4,5,4,3,3,3,True,
SURV0007082,DUD100888,2023-08-25,4,4,5,5,5,3,4,3,4,True,
SURV0007083,DUD100888,2023-09-17,4,4,5,4,4,5,4,3,3,True,
SURV0007084,DUD100888,2023-10-03,3,3,4,3,3,4,3,3,3,False,
SURV0007085,DUD100888,2023-11-18,2,2,3,1,3,2,3,2,1,False,
SURV0007086,DUD100888,2023-12-17,4,4,4,3,4,4,5,4,3,True,
SURV0007087,DUD100888,2024-01-26,4,4,3,3,4,4,5,4,4,True,
SURV0007088,DUD100888,2024-02-12,5,5,4,5,5,5,5,5,5,True,
SURV0007089,DUD100888,2024-03-08,4,4,4,3,4,4,5,3,4,True,
SURV0007090,DUD100888,2024-04-17,4,3,5,4,4,3,4,4,5,True,
SURV0007091,DUD100889,2022-10-03,2,2,3,2,3,1,2,1,3,False,
SURV0007092,DUD100889,2022-11-28,3,2,2,3,4,3,4,3,2,False,
SURV0007093,DUD100889,2022-12-22,3,3,3,3,4,3,2,3,2,False,
SURV0007094,DUD100889,2023-01-06,3,2,3,3,3,2,2,2,2,False,
SURV0007095,DUD100889,2023-02-22,5,5,5,5,5,5,5,5,4,True,
SURV0007096,DUD100890,2024-07-17,4,4,5,4,5,3,5,4,3,True,
SURV0007097,DUD100890,2024-08-23,5,5,5,5,5,5,5,5,5,True,
SURV0007098,DUD100890,2024-09-06,5,4,5,4,5,5,4,5,5,True,
SURV0007099,DUD100890,2024-10-06,5,5,5,5,5,5,4,4,5,True,
SURV0007100,DUD100890,2024-11-02,4,4,3,5,4,4,5,4,4,True,
SURV0007101,DUD100890,2024-12-22,5,5,5,5,5,5,5,5,5,True,
SURV0007102,DUD100890,2025-01-14,4,4,5,5,3,5,5,4,3,True,
SURV0007103,DUD100890,2025-02-05,4,5,4,5,4,5,4,3,3,True,
SURV0007104,DUD100891,2023-08-05,4,3,4,3,4,4,4,4,4,True,
SURV0007105,DUD100891,2023-09-18,3,3,3,3,3,4,3,3,3,False,
SURV0007106,DUD100891,2023-10-03,3,3,3,3,3,3,4,3,2,False,
SURV0007107,DUD100891,2023-11-10,3,3,4,3,2,4,3,2,4,False,
SURV0007108,DUD100891,2023-12-13,4,4,4,5,4,5,3,3,4,True,
SURV0007109,DUD100891,2024-01-06,4,5,4,5,4,3,5,4,4,True,
SURV0007110,DUD100891,2024-02-25,4,4,4,4,4,3,4,3,5,True,
SURV0007111,DUD100891,2024-03-24,4,4,3,4,3,4,4,5,3,True,
SURV0007112,DUD100891,2024-04-28,2,3,1,2,2,1,2,2,1,False,
SURV0007113,DUD100891,2024-05-22,4,4,4,5,5,3,3,5,5,True,
SURV0007114,DUD100891,2024-06-06,3,3,2,2,3,2,2,3,2,False,
SURV0007115,DUD100891,2024-07-17,2,2,2,2,2,2,1,1,3,False,
SURV0007116,DUD100892,2022-02-06,4,5,4,4,4,5,4,5,4,True,
SURV0007117,DUD100892,2022-03-15,5,5,5,5,5,5,5,5,5,True,
SURV0007118,DUD100892,2022-04-21,5,4,5,5,5,5,4,5,5,True,
SURV0007119,DUD100892,2022-05-13,3,3,3,2,3,2,4,2,2,False,
SURV0007120,DUD100893,2024-01-26,4,4,4,3,5,3,4,5,3,True,
SURV0007121,DUD100893,2024-02-22,4,3,4,4,4,4,5,3,4,True,
SURV0007122,DUD100893,2024-03-18,5,5,5,5,5,5,5,5,5,True,
SURV0007123,DUD100893,2024-04-22,1,2,1,2,1,1,1,1,1,False,
SURV0007124,DUD100893,2024-05-28,4,4,4,4,4,4,3,4,4,True,
SURV0007125,DUD100893,2024-06-12,2,2,1,2,2,1,2,2,2,False,
SURV0007126,DUD100893,2024-07-20,5,5,5,4,5,4,5,5,4,True,
SURV0007127,DUD100893,2024-08-05,3,3,3,3,3,3,2,3,3,False,
SURV0007128,DUD100893,2024-09-21,5,5,5,5,5,4,5,5,4,True,
SURV0007129,DUD100893,2024-10-18,3,3,3,3,3,4,2,4,3,False,
SURV0007130,DUD100894,2022-02-14,5,4,5,4,5,5,4,5,5,True,
SURV0007131,DUD100894,2022-03-10,4,4,4,4,4,4,4,4,4,True,
SURV0007132,DUD100894,2022-04-15,3,3,3,3,4,3,2,3,3,False,
SURV0007133,DUD100894,2022-05-16,4,4,3,3,3,4,4,4,4,True,
SURV0007134,DUD100894,2022-06-18,3,4,3,4,3,4,2,4,3,False,
SURV0007135,DUD100894,2022-07-23,2,1,1,2,2,2,3,3,2,False,
SURV0007136,DUD100894,2022-08-24,4,4,5,4,4,4,5,4,3,True,
SURV0007137,DUD100895,2023-04-16,4,5,4,4,5,4,4,3,3,True,
SURV0007138,DUD100895,2023-05-03,4,3,5,5,4,5,3,3,5,True,
SURV0007139,DUD100895,2023-06-02,3,4,4,3,3,3,3,3,3,False,
SURV0007140,DUD100895,2023-07-24,5,5,5,4,5,4,5,5,5,True,
SURV0007141,DUD100895,2023-08-17,4,4,4,4,4,4,5,3,4,True,
SURV0007142,DUD100895,2023-09-15,4,4,4,4,4,4,4,5,4,True,
SURV0007143,DUD100895,2023-10-02,3,3,2,3,3,3,3,3,3,False,
SURV0007144,DUD100895,2023-11-09,4,5,5,4,4,3,5,5,5,True,
SURV0007145,DUD100895,2023-12-10,5,5,4,5,5,5,4,5,5,True,
SURV0007146,DUD100895,2024-01-13,4,5,5,4,5,4,4,4,3,True,
SURV0007147,DUD100895,2024-02-08,4,4,3,4,4,4,4,4,4,True,
SURV0007148,DUD100895,2024-03-12,2,1,2,1,2,2,2,2,3,False,
SURV0007149,DUD100896,2023-11-25,4,4,3,3,5,4,3,4,5,True,
SURV0007150,DUD100896,2023-12-23,5,4,5,5,5,5,5,5,5,True,
SURV0007151,DUD100896,2024-01-22,4,3,5,3,3,3,4,3,3,True,
SURV0007152,DUD100896,2024-02-22,5,5,5,5,5,5,5,5,5,True,
SURV0007153,DUD100896,2024-03-20,4,5,3,5,5,5,4,5,4,True,
SURV0007154,DUD100896,2024-04-15,5,5,5,4,4,5,5,5,5,True,
SURV0007155,DUD100896,2024-05-20,4,4,4,4,5,4,5,4,5,True,
SURV0007156,DUD100897,2021-11-10,4,5,4,4,5,5,5,4,5,True,
SURV0007157,DUD100897,2021-12-07,3,3,3,4,2,3,2,4,3,False,
SURV0007158,DUD100897,2022-01-13,2,1,2,1,1,2,1,2,2,False,
SURV0007159,DUD100897,2022-02-17,4,4,5,3,4,4,4,3,4,True,
SURV0007160,DUD100897,2022-03-24,5,5,5,5,5,5,5,5,4,True,
SURV0007161,DUD100897,2022-04-26,4,3,4,4,5,5,5,3,4,True,
SURV0007162,DUD100897,2022-05-22,4,4,5,3,3,4,3,3,4,True,
SURV0007163,DUD100897,2022-06-08,4,4,5,5,5,4,3,3,4,True,
SURV0007164,DUD100897,2022-07-23,4,5,5,5,4,3,5,4,4,True,
SURV0007165,DUD100898,2024-10-24,4,3,5,4,4,4,5,4,3,True,
SURV0007166,DUD100898,2024-11-19,4,4,3,4,4,4,3,4,4,True,
SURV0007167,DUD100898,2024-12-13,4,3,4,5,5,3,5,5,3,True,
SURV0007168,DUD100898,2025-01-28,5,5,4,5,5,5,4,5,5,True,
SURV0007169,DUD100898,2025-02-22,4,4,5,3,3,5,4,3,5,True,
SURV0007170,DUD100898,2025-03-15,4,4,3,5,4,4,4,4,4,True,
SURV0007171,DUD100898,2025-04-10,4,3,4,3,3,3,4,5,3,True,
SURV0007172,DUD100898,2025-05-24,4,5,4,3,4,3,5,5,5,True,
SURV0007173,DUD100898,2025-06-28,4,4,4,3,3,5,4,3,4,True,
SURV0007174,DUD100898,2025-07-06,3,2,3,2,3,3,3,3,2,False,
SURV0007175,DUD100898,2025-08-26,2,2,2,2,2,2,1,3,3,False,
SURV0007176,DUD100898,2025-09-17,3,3,2,4,3,3,2,3,3,False,
SURV0007177,DUD100899,2023-04-10,4,4,3,3,4,4,5,5,4,True,
SURV0007178,DUD100899,2023-05-15,5,5,5,4,5,5,4,4,4,True,
SURV0007179,DUD100899,2023-06-04,4,4,5,4,4,3,3,4,3,True,
SURV0007180,DUD100899,2023-07-16,4,4,5,5,3,4,4,4,4,True,
SURV0007181,DUD100899,2023-08-13,4,4,5,4,3,4,4,5,4,True,
SURV0007182,DUD100899,2023-09-12,5,5,4,4,5,4,5,5,5,True,
SURV0007183,DUD100900,2024-12-07,5,5,5,5,4,5,5,5,5,True,
SURV0007184,DUD100900,2025-01-10,4,4,5,4,3,5,4,3,3,True,
SURV0007185,DUD100900,2025-02-18,5,4,5,5,4,5,5,5,4,True,
SURV0007186,DUD100900,2025-03-10,4,4,3,5,4,3,3,5,3,True,
SURV0007187,DUD100900,2025-04-06,3,3,2,2,3,2,4,3,4,False,
SURV0007188,DUD100900,2025-05-16,5,4,4,4,5,4,5,4,4,True,
SURV0007189,DUD100900,2025-06-15,4,4,3,5,5,5,4,5,4,True,
SURV0007190,DUD100900,2025-07-28,3,3,3,4,2,3,3,3,4,False,
SURV0007191,DUD100900,2025-08-07,4,4,4,4,5,4,4,3,4,True,
SURV0007192,DUD100900,2025-09-21,3,2,4,3,2,4,3,2,3,False,
SURV0007193,DUD100900,2025-10-02,2,2,2,2,2,2,2,1,2,False,
SURV0007194,DUD100900,2025-11-23,1,1,1,2,1,2,1,2,1,False,
SURV0007195,DUD100901,2021-01-15,5,4,4,5,4,4,5,5,5,True,
SURV0007196,DUD100901,2021-02-04,4,4,4,4,4,5,4,5,4,True,
SURV0007197,DUD100901,2021-03-27,5,4,4,5,5,5,4,4,4,True,
SURV0007198,DUD100901,2021-04-28,4,4,4,4,4,4,4,4,5,True,
SURV0007199,DUD100901,2021-05-17,3,4,2,3,3,4,3,2,4,False,
SURV0007200,DUD100901,2021-06-02,4,5,4,3,4,4,3,4,4,True,
SURV0007201,DUD100901,2021-07-03,2,2,1,3,2,3,1,1,1,False,
SURV0007202,DUD100901,2021-08-26,5,5,5,5,5,4,5,5,5,True,
SURV0007203,DUD100901,2021-09-14,4,4,3,4,4,3,4,5,4,True,
SURV0007204,DUD100902,2024-04-19,4,5,5,5,3,3,4,5,3,True,
SURV0007205,DUD100902,2024-05-19,5,4,5,5,4,5,5,5,5,True,
SURV0007206,DUD100902,2024-06-06,5,4,5,5,4,5,5,5,4,True,
SURV0007207,DUD100902,2024-07-26,4,5,3,5,5,4,4,4,5,True,
SURV0007208,DUD100902,2024-08-23,5,4,5,4,5,5,5,5,5,True,
SURV0007209,DUD100902,2024-09-20,4,4,4,4,4,4,5,4,4,True,
SURV0007210,DUD100902,2024-10-23,5,4,5,5,4,5,5,4,5,True,
SURV0007211,DUD100902,2024-11-16,4,4,4,5,3,4,3,5,3,True,
SURV0007212,DUD100903,2023-02-14,4,4,5,4,5,5,5,5,3,True,
SURV0007213,DUD100903,2023-03-16,3,3,2,4,3,2,4,2,3,False,
SURV0007214,DUD100903,2023-04-12,4,4,5,4,5,4,3,4,4,True,
SURV0007215,DUD100903,2023-05-27,3,4,4,2,4,3,3,3,3,False,
SURV0007216,DUD100903,2023-06-07,2,2,1,2,2,2,3,3,3,False,
SURV0007217,DUD100903,2023-07-22,4,4,4,5,3,4,5,4,3,True,
SURV0007218,DUD100903,2023-08-28,3,3,3,2,4,3,2,3,3,False,
SURV0007219,DUD100903,2023-09-09,5,5,4,5,5,4,4,4,5,True,
SURV0007220,DUD100904,2023-01-16,4,4,3,3,4,3,4,3,5,True,
SURV0007221,DUD100904,2023-02-18,4,3,4,4,5,4,4,5,4,True,
SURV0007222,DUD100904,2023-03-26,2,2,2,1,2,1,2,2,2,False,
SURV0007223,DUD100904,2023-04-28,4,4,4,4,3,5,5,3,5,True,
SURV0007224,DUD100904,2023-05-13,3,3,2,2,2,2,3,3,3,False,
SURV0007225,DUD100904,2023-06-13,4,4,3,3,3,4,4,4,4,True,
SURV0007226,DUD100904,2023-07-24,3,2,3,3,3,3,3,4,4,False,
SURV0007227,DUD100904,2023-08-16,4,3,4,4,4,3,4,4,5,True,
SURV0007228,DUD100904,2023-09-09,5,5,4,5,4,5,5,5,4,True,
SURV0007229,DUD100904,2023-10-10,1,1,2,2,2,1,1,1,1,False,
SURV0007230,DUD100904,2023-11-28,5,5,5,5,4,5,5,5,4,True,
SURV0007231,DUD100905,2023-08-18,5,5,5,5,4,4,5,5,5,True,
SURV0007232,DUD100905,2023-09-23,3,3,3,3,3,4,4,2,3,False,
SURV0007233,DUD100905,2023-10-10,5,5,5,5,4,5,5,5,4,True,
SURV0007234,DUD100905,2023-11-27,5,4,5,5,5,5,5,5,5,True,
SURV0007235,DUD100906,2021-05-23,5,5,5,5,5,5,5,5,5,True,
SURV0007236,DUD100906,2021-06-11,4,4,4,4,4,4,4,4,4,True,
SURV0007237,DUD100906,2021-07-06,4,5,4,4,4,5,5,3,5,True,
SURV0007238,DUD100906,2021-08-27,3,3,3,2,3,4,4,2,2,False,
SURV0007239,DUD100906,2021-09-03,4,4,3,4,4,5,3,3,3,True,
SURV0007240,DUD100906,2021-10-14,3,4,4,4,4,4,2,2,3,False,
SURV0007241,DUD100907,2021-01-03,4,3,3,3,3,4,3,4,4,True,
SURV0007242,DUD100907,2021-02-03,2,1,2,1,3,1,2,2,2,False,
SURV0007243,DUD100907,2021-03-20,3,2,3,3,2,3,4,4,3,False,
SURV0007244,DUD100907,2021-04-20,4,4,4,4,5,4,4,4,3,True,
SURV0007245,DUD100907,2021-05-24,2,2,1,2,3,2,2,3,2,False,
SURV0007246,DUD100908,2021-10-20,4,3,4,5,4,5,4,4,4,True,
SURV0007247,DUD100908,2021-11-25,4,4,4,4,3,4,3,5,4,True,
SURV0007248,DUD100908,2021-12-11,3,3,3,4,3,3,4,4,4,False,
SURV0007249,DUD100908,2022-01-24,4,3,4,5,3,4,5,3,4,True,
SURV0007250,DUD100908,2022-02-08,3,3,4,3,3,3,3,3,3,False,
SURV0007251,DUD100908,2022-03-03,4,4,4,4,4,5,3,4,4,True,
SURV0007252,DUD100908,2022-04-14,5,4,4,5,5,4,4,5,5,True,
SURV0007253,DUD100908,2022-05-09,5,5,5,5,5,5,5,5,5,True,
SURV0007254,DUD100908,2022-06-18,5,5,5,4,5,5,5,4,5,True,
SURV0007255,DUD100909,2023-04-05,2,3,2,3,2,3,3,2,1,False,
SURV0007256,DUD100909,2023-05-20,2,3,3,1,2,3,2,2,2,False,
SURV0007257,DUD100909,2023-06-19,4,4,4,5,3,3,4,4,4,True,
SURV0007258,DUD100909,2023-07-16,4,4,4,3,5,3,4,3,4,True,
SURV0007259,DUD100909,2023-08-15,5,5,5,5,5,4,5,5,5,True,
SURV0007260,DUD100910,2022-01-18,3,3,4,3,3,2,4,2,3,False,
SURV0007261,DUD100910,2022-02-01,4,4,3,3,3,4,5,4,4,True,
SURV0007262,DUD100910,2022-03-13,5,5,5,4,5,5,5,5,5,True,
SURV0007263,DUD100910,2022-04-01,4,3,4,4,3,5,3,4,4,True,
SURV0007264,DUD100910,2022-05-23,4,4,3,4,3,4,4,4,3,True,
SURV0007265,DUD100910,2022-06-28,4,4,4,3,4,5,4,3,4,True,
SURV0007266,DUD100911,2024-10-21,5,5,4,5,5,5,5,5,5,True,
SURV0007267,DUD100911,2024-11-01,2,2,3,1,2,2,1,1,2,False,
SURV0007268,DUD100911,2024-12-19,3,3,4,3,3,4,3,3,4,False,
SURV0007269,DUD100911,2025-01-02,4,5,4,4,3,4,4,4,4,True,
SURV0007270,DUD100911,2025-02-03,5,5,5,5,4,5,5,5,4,True,
SURV0007271,DUD100911,2025-03-13,2,2,2,1,1,2,1,2,1,False,
SURV0007272,DUD100911,2025-04-02,4,4,4,4,4,3,4,4,5,True,
SURV0007273,DUD100912,2021-05-04,3,2,2,3,3,3,3,2,3,False,
SURV0007274,DUD100912,2021-06-20,5,5,5,5,5,5,4,4,4,True,
SURV0007275,DUD100912,2021-07-07,3,4,2,4,4,2,4,2,4,False,
SURV0007276,DUD100912,2021-08-26,1,1,1,1,2,1,1,2,1,False,
SURV0007277,DUD100912,2021-09-19,3,3,3,2,3,3,3,2,2,False,
SURV0007278,DUD100912,2021-10-05,3,3,3,3,3,3,3,2,3,False,
SURV0007279,DUD100912,2021-11-18,5,4,4,5,4,5,4,5,4,True,
SURV0007280,DUD100912,2021-12-08,4,4,3,3,4,3,3,5,4,True,
SURV0007281,DUD100912,2022-01-20,4,3,3,5,3,4,3,4,5,True,
SURV0007282,DUD100912,2022-02-24,4,3,5,4,4,3,4,4,4,True,
SURV0007283,DUD100913,2024-06-14,5,5,4,5,5,5,5,5,5,True,
SURV0007284,DUD100913,2024-07-01,4,4,4,3,5,5,4,4,4,True,
SURV0007285,DUD100913,2024-08-25,3,3,4,4,2,3,3,3,3,False,
SURV0007286,DUD100913,2024-09-01,3,3,4,3,4,2,3,3,3,False,
SURV0007287,DUD100913,2024-10-20,3,3,4,3,3,2,4,2,4,False,
SURV0007288,DUD100913,2024-11-23,4,5,4,4,5,5,3,3,3,True,
SURV0007289,DUD100913,2024-12-20,4,4,4,4,4,3,4,4,5,True,
SURV0007290,DUD100913,2025-01-05,3,3,3,4,3,4,4,2,3,False,
SURV0007291,DUD100913,2025-02-18,5,4,5,5,5,4,4,4,5,True,
SURV0007292,DUD100913,2025-03-08,4,4,5,4,4,4,4,4,4,True,
SURV0007293,DUD100914,2023-09-03,5,5,5,5,5,4,5,5,5,True,
SURV0007294,DUD100914,2023-10-10,3,2,3,4,3,4,4,2,3,False,
SURV0007295,DUD100914,2023-11-13,4,4,4,4,4,4,5,4,3,True,
SURV0007296,DUD100914,2023-12-20,5,5,5,4,5,5,5,5,5,True,
SURV0007297,DUD100914,2024-01-15,4,4,5,4,4,4,3,3,4,True,
SURV0007298,DUD100915,2021-09-28,4,5,5,3,3,4,3,4,5,True,
SURV0007299,DUD100915,2021-10-03,3,3,3,4,3,3,3,3,2,False,
SURV0007300,DUD100915,2021-11-08,3,3,3,3,3,4,3,3,4,False,
SURV0007301,DUD100915,2021-12-04,1,1,2,1,1,1,2,1,1,False,
SURV0007302,DUD100915,2022-01-20,4,4,5,3,3,3,4,5,4,True,
SURV0007303,DUD100915,2022-02-21,4,3,4,4,4,5,5,3,4,True,
SURV0007304,DUD100915,2022-03-10,5,5,5,5,4,5,4,4,5,True,
SURV0007305,DUD100915,2022-04-19,4,5,5,5,3,5,5,4,3,True,
SURV0007306,DUD100915,2022-05-18,4,4,3,5,3,4,4,4,5,True,
SURV0007307,DUD100915,2022-06-11,4,5,5,5,5,3,4,4,5,True,
SURV0007308,DUD100915,2022-07-05,2,3,3,2,1,2,1,2,2,False,
SURV0007309,DUD100916,2022-08-22,5,5,5,5,4,5,5,5,5,True,
SURV0007310,DUD100916,2022-09-06,5,4,5,5,5,5,5,5,4,True,
SURV0007311,DUD100916,2022-10-02,1,1,1,1,1,1,2,1,1,False,
SURV0007312,DUD100916,2022-11-07,3,3,3,2,4,3,2,3,3,False,
SURV0007313,DUD100916,2022-12-12,4,5,5,3,3,3,4,3,3,True,
SURV0007314,DUD100916,2023-01-11,4,4,4,3,4,5,4,5,4,True,
SURV0007315,DUD100916,2023-02-01,3,2,4,3,4,2,3,3,3,False,
SURV0007316,DUD100916,2023-03-28,3,2,3,2,3,3,3,3,4,False,
SURV0007317,DUD100917,2021-05-03,2,1,3,3,3,2,2,3,2,False,
SURV0007318,DUD100917,2021-06-14,3,3,3,2,3,2,2,4,3,False,
SURV0007319,DUD100917,2021-07-25,4,4,3,5,5,5,4,5,5,True,
SURV0007320,DUD100917,2021-08-14,4,4,5,4,4,4,3,3,4,True,
SURV0007321,DUD100918,2024-12-09,3,4,3,3,3,3,3,2,4,False,
SURV0007322,DUD100918,2025-01-06,3,3,2,3,4,4,3,4,2,False,
SURV0007323,DUD100918,2025-02-02,4,4,3,4,3,4,3,5,3,True,
SURV0007324,DUD100918,2025-03-22,3,3,3,3,4,2,3,4,3,False,
SURV0007325,DUD100918,2025-04-11,5,4,5,4,5,5,5,5,5,True,
SURV0007326,DUD100918,2025-05-24,5,5,5,5,5,5,5,5,5,True,
SURV0007327,DUD100918,2025-06-17,1,2,1,2,1,1,1,2,1,False,
SURV0007328,DUD100918,2025-07-02,5,5,5,5,5,5,5,4,5,True,
SURV0007329,DUD100919,2024-09-17,5,5,5,5,4,5,4,4,4,True,
SURV0007330,DUD100919,2024-10-17,5,4,5,5,5,4,4,5,4,True,
SURV0007331,DUD100919,2024-11-11,5,4,5,5,4,5,4,5,5,True,
SURV0007332,DUD100919,2024-12-16,4,4,5,5,5,4,4,3,4,True,
SURV0007333,DUD100919,2025-01-16,4,5,4,4,4,4,5,3,4,True,
SURV0007334,DUD100919,2025-02-18,4,4,3,4,4,3,4,3,4,True,
SURV0007335,DUD100919,2025-03-15,5,4,5,5,4,5,5,4,5,True,
SURV0007336,DUD100919,2025-04-05,5,5,5,5,5,5,5,5,5,True,
SURV0007337,DUD100920,2021-04-03,3,3,4,2,3,2,3,2,3,False,
SURV0007338,DUD100920,2021-05-26,4,3,5,4,4,4,3,4,5,True,
SURV0007339,DUD100920,2021-06-19,3,3,3,2,4,2,4,2,3,False,
SURV0007340,DUD100920,2021-07-22,4,3,5,3,5,5,3,4,4,True,
SURV0007341,DUD100921,2024-08-08,4,4,4,5,4,4,3,5,5,True,
SURV0007342,DUD100921,2024-09-24,4,5,4,3,5,3,3,4,4,True,
SURV0007343,DUD100921,2024-10-22,4,5,5,3,4,4,5,4,4,True,
SURV0007344,DUD100921,2024-11-18,4,4,5,4,5,5,3,4,3,True,
SURV0007345,DUD100921,2024-12-06,2,1,2,2,1,3,1,2,1,False,
SURV0007346,DUD100921,2025-01-01,4,4,3,4,3,3,4,4,4,True,
SURV0007347,DUD100921,2025-02-18,3,2,4,4,4,4,3,3,3,False,
SURV0007348,DUD100922,2024-08-18,3,3,2,3,2,4,2,4,3,False,
SURV0007349,DUD100922,2024-09-25,2,2,2,2,3,3,3,2,2,False,
SURV0007350,DUD100922,2024-10-19,5,4,4,5,5,5,5,5,4,True,
SURV0007351,DUD100922,2024-11-06,5,5,5,5,5,5,5,5,5,True,
SURV0007352,DUD100922,2024-12-14,3,3,3,2,3,2,2,3,4,False,
SURV0007353,DUD100922,2025-01-13,5,5,5,4,5,5,4,5,5,True,
SURV0007354,DUD100922,2025-02-13,4,5,4,5,4,4,5,3,4,True,
SURV0007355,DUD100922,2025-03-17,2,2,2,3,2,3,2,1,1,False,
SURV0007356,DUD100922,2025-04-16,4,4,4,4,4,4,4,5,4,True,
SURV0007357,DUD100922,2025-05-25,1,1,1,2,2,1,1,2,1,False,
SURV0007358,DUD100922,2025-06-06,3,3,4,4,4,2,3,4,3,False,
SURV0007359,DUD100922,2025-07-06,3,3,3,3,2,3,3,3,3,False,
SURV0007360,DUD100923,2021-10-02,4,4,4,4,5,4,4,4,3,True,
SURV0007361,DUD100923,2021-11-06,3,3,4,3,3,4,2,2,3,False,
SURV0007362,DUD100923,2021-12-02,4,5,4,4,3,4,4,4,4,True,
SURV0007363,DUD100923,2022-01-27,2,2,2,1,2,2,2,3,2,False,
SURV0007364,DUD100923,2022-02-12,4,4,5,5,5,5,3,4,5,True,
SURV0007365,DUD100923,2022-03-24,4,4,4,3,4,3,4,3,5,True,
SURV0007366,DUD100924,2021-01-18,4,4,5,3,5,4,5,4,4,True,
SURV0007367,DUD100924,2021-02-28,2,2,2,2,2,2,2,2,2,False,
SURV0007368,DUD100924,2021-03-10,4,3,3,3,3,3,3,5,5,True,
SURV0007369,DUD100924,2021-04-18,1,1,1,1,1,1,1,1,1,False,
SURV0007370,DUD100924,2021-05-08,3,3,3,3,3,2,2,3,3,False,
SURV0007371,DUD100925,2022-04-20,4,5,5,5,5,4,4,4,4,True,
SURV0007372,DUD100925,2022-05-23,1,1,1,1,1,1,1,1,1,False,
SURV0007373,DUD100925,2022-06-21,4,4,4,5,5,3,5,4,4,True,
SURV0007374,DUD100925,2022-07-04,3,3,3,3,2,3,2,4,2,False,
SURV0007375,DUD100925,2022-08-05,5,5,5,5,4,5,5,4,5,True,
SURV0007376,DUD100925,2022-09-05,5,4,5,5,5,5,5,5,5,True,
SURV0007377,DUD100925,2022-10-05,5,5,5,4,4,4,4,5,5,True,
SURV0007378,DUD100925,2022-11-03,4,5,4,4,3,5,4,4,3,True,
SURV0007379,DUD100925,2022-12-19,4,4,3,4,3,3,4,3,5,True,
SURV0007380,DUD100926,2022-06-24,2,2,1,1,2,3,2,1,3,False,
SURV0007381,DUD100926,2022-07-23,5,5,4,4,5,5,4,5,5,True,
SURV0007382,DUD100926,2022-08-16,4,4,5,4,3,5,4,4,5,True,
SURV0007383,DUD100926,2022-09-26,4,4,4,3,5,3,5,5,5,True,
SURV0007384,DUD100926,2022-10-02,4,4,3,4,3,4,4,3,5,True,
SURV0007385,DUD100926,2022-11-27,4,4,4,3,3,3,3,4,4,True,
SURV0007386,DUD100927,2021-02-19,2,2,1,3,2,1,1,2,3,False,
SURV0007387,DUD100927,2021-03-25,4,5,4,3,5,3,3,4,3,True,
SURV0007388,DUD100927,2021-04-27,5,4,5,5,5,5,4,5,5,True,
SURV0007389,DUD100927,2021-05-27,5,5,5,5,5,5,4,5,4,True,
SURV0007390,DUD100927,2021-06-15,5,5,5,5,5,5,4,5,5,True,
SURV0007391,DUD100928,2022-12-27,3,4,2,3,2,2,4,2,3,False,
SURV0007392,DUD100928,2023-01-09,5,5,4,5,5,4,5,5,5,True,
SURV0007393,DUD100928,2023-02-10,4,3,4,4,5,3,4,4,5,True,
SURV0007394,DUD100928,2023-03-27,4,4,5,4,5,5,4,3,4,True,
SURV0007395,DUD100928,2023-04-18,3,3,2,3,3,2,2,3,4,False,
SURV0007396,DUD100928,2023-05-01,2,3,3,1,2,3,2,2,2,False,
SURV0007397,DUD100929,2023-06-16,3,3,3,3,3,3,3,2,3,False,
SURV0007398,DUD100929,2023-07-06,4,4,4,5,3,5,3,4,4,True,
SURV0007399,DUD100929,2023-08-13,4,4,5,4,5,4,5,4,4,True,
SURV0007400,DUD100929,2023-09-10,4,4,3,5,4,5,4,4,4,True,
SURV0007401,DUD100929,2023-10-18,4,4,3,5,5,4,4,3,4,True,
SURV0007402,DUD100929,2023-11-16,1,1,1,1,2,1,1,1,2,False,
SURV0007403,DUD100929,2023-12-21,2,1,1,3,2,2,2,2,2,False,
SURV0007404,DUD100929,2024-01-01,4,3,4,3,3,4,5,5,4,True,
SURV0007405,DUD100929,2024-02-28,4,4,4,3,3,4,5,4,4,True,
SURV0007406,DUD100929,2024-03-19,1,1,2,1,1,1,2,1,2,False,
SURV0007407,DUD100930,2024-10-27,3,3,4,2,3,3,2,4,3,False,
SURV0007408,DUD100930,2024-11-21,2,1,2,3,2,3,1,3,1,False,
SURV0007409,DUD100930,2024-12-20,2,3,1,2,2,3,2,2,1,False,
SURV0007410,DUD100930,2025-01-08,4,5,4,5,4,4,4,3,4,True,
SURV0007411,DUD100930,2025-02-01,1,2,1,1,1,2,2,1,2,False,
SURV0007412,DUD100930,2025-03-20,5,4,5,5,5,5,5,5,5,True,
SURV0007413,DUD100931,2024-11-08,4,4,4,4,4,4,3,5,5,True,
SURV0007414,DUD100931,2024-12-25,3,2,3,2,3,2,3,2,3,False,
SURV0007415,DUD100931,2025-01-28,1,2,1,2,2,1,1,1,1,False,
SURV0007416,DUD100931,2025-02-16,4,3,4,4,4,5,4,5,3,True,
SURV0007417,DUD100931,2025-03-02,5,5,4,5,5,5,5,4,5,True,
SURV0007418,DUD100931,2025-04-20,3,4,3,3,2,3,4,2,3,False,
SURV0007419,DUD100932,2021-10-16,3,4,3,3,3,4,3,4,4,False,
SURV0007420,DUD100932,2021-11-27,5,5,5,4,4,5,5,4,5,True,
SURV0007421,DUD100932,2021-12-16,3,3,4,2,3,4,4,3,4,False,
SURV0007422,DUD100932,2022-01-09,1,1,2,2,2,1,1,1,1,False,
SURV0007423,DUD100932,2022-02-06,4,4,4,4,5,4,5,4,4,True,
SURV0007424,DUD100932,2022-03-15,5,5,5,5,5,5,4,4,4,True,
SURV0007425,DUD100932,2022-04-05,5,5,4,5,5,4,4,5,5,True,
SURV0007426,DUD100932,2022-05-06,4,4,4,4,4,3,5,5,4,True,
SURV0007427,DUD100933,2022-01-15,4,5,4,4,3,3,3,3,4,True,
SURV0007428,DUD100933,2022-02-28,3,3,3,4,3,4,3,3,2,False,
SURV0007429,DUD100933,2022-03-04,5,5,4,5,4,5,5,4,4,True,
SURV0007430,DUD100933,2022-04-17,5,5,5,5,5,5,5,5,5,True,
SURV0007431,DUD100934,2021-06-24,4,4,3,4,3,3,3,3,5,True,
SURV0007432,DUD100934,2021-07-13,4,4,3,5,5,3,5,5,5,True,
SURV0007433,DUD100934,2021-08-26,4,4,4,4,4,4,4,3,4,True,
SURV0007434,DUD100934,2021-09-01,2,2,1,3,3,1,3,2,3,False,
SURV0007435,DUD100934,2021-10-12,3,3,3,4,2,3,2,4,4,False,
SURV0007436,DUD100934,2021-11-19,4,3,5,3,4,4,4,4,4,True,
SURV0007437,DUD100935,2022-08-03,4,4,4,3,4,5,4,3,4,True,
SURV0007438,DUD100935,2022-09-19,1,1,1,1,1,1,1,1,1,False,
SURV0007439,DUD100935,2022-10-19,4,4,4,3,4,4,4,5,4,True,
SURV0007440,DUD100935,2022-11-20,4,4,5,4,5,5,5,3,5,True,
SURV0007441,DUD100936,2022-07-28,3,3,2,4,2,4,3,2,3,False,
SURV0007442,DUD100936,2022-08-25,2,2,2,2,1,1,3,1,3,False,
SURV0007443,DUD100936,2022-09-20,4,5,4,3,3,4,4,4,3,True,
SURV0007444,DUD100936,2022-10-01,4,4,5,5,5,4,4,4,4,True,
SURV0007445,DUD100936,2022-11-16,1,1,1,1,2,2,1,1,2,False,
SURV0007446,DUD100936,2022-12-20,4,5,4,4,5,5,3,4,4,True,
SURV0007447,DUD100936,2023-01-09,4,5,3,4,3,5,3,4,4,True,
SURV0007448,DUD100936,2023-02-24,4,4,4,4,4,3,4,5,4,True,
SURV0007449,DUD100936,2023-03-02,4,5,4,4,3,5,5,4,3,True,
SURV0007450,DUD100937,2022-10-16,5,4,5,5,4,4,4,5,5,True,
SURV0007451,DUD100937,2022-11-17,3,2,3,4,2,3,3,4,3,False,
SURV0007452,DUD100937,2022-12-27,5,5,5,4,5,5,5,5,5,True,
SURV0007453,DUD100937,2023-01-08,3,2,2,4,2,4,3,3,4,False,
SURV0007454,DUD100937,2023-02-11,2,3,2,1,2,2,1,1,2,False,
SURV0007455,DUD100937,2023-03-14,4,5,5,4,4,4,4,4,4,True,
SURV0007456,DUD100937,2023-04-12,4,3,4,5,4,4,3,5,5,True,
SURV0007457,DUD100937,2023-05-10,4,5,5,4,4,5,4,4,4,True,
SURV0007458,DUD100937,2023-06-05,1,2,1,1,2,2,1,1,1,False,
SURV0007459,DUD100937,2023-07-05,2,2,2,2,3,1,2,2,3,False,
SURV0007460,DUD100937,2023-08-19,4,4,4,5,4,4,4,4,3,True,
SURV0007461,DUD100937,2023-09-04,2,1,2,2,2,1,2,3,2,False,
SURV0007462,DUD100938,2021-07-04,2,2,3,3,3,2,2,3,2,False,
SURV0007463,DUD100938,2021-08-21,5,5,5,5,4,5,5,5,4,True,
SURV0007464,DUD100938,2021-09-23,4,4,3,5,5,4,4,4,4,True,
SURV0007465,DUD100938,2021-10-04,5,5,5,5,5,5,5,5,5,True,
SURV0007466,DUD100939,2022-07-05,3,4,3,3,4,2,3,4,3,False,
SURV0007467,DUD100939,2022-08-25,5,5,4,5,4,5,5,5,5,True,
SURV0007468,DUD100939,2022-09-05,5,5,5,4,4,5,4,5,4,True,
SURV0007469,DUD100939,2022-10-20,2,2,2,2,2,1,3,2,2,False,
SURV0007470,DUD100939,2022-11-08,1,1,1,2,1,1,1,1,1,False,
SURV0007471,DUD100940,2024-09-24,5,5,5,5,5,4,5,5,5,True,
SURV0007472,DUD100940,2024-10-27,4,5,4,4,5,5,4,3,5,True,
SURV0007473,DUD100940,2024-11-07,2,1,3,2,2,2,2,1,3,False,
SURV0007474,DUD100940,2024-12-19,4,5,5,3,4,4,3,4,5,True,
SURV0007475,DUD100940,2025-01-27,4,3,4,4,4,5,3,5,5,True,
SURV0007476,DUD100940,2025-02-27,2,2,2,1,2,3,1,3,3,False,
SURV0007477,DUD100940,2025-03-21,4,4,3,4,4,5,5,5,3,True,
SURV0007478,DUD100940,2025-04-17,2,2,1,2,3,2,3,3,2,False,
SURV0007479,DUD100940,2025-05-18,2,1,1,2,3,3,2,2,2,False,
SURV0007480,DUD100941,2021-04-12,5,4,5,5,5,5,4,5,4,True,
SURV0007481,DUD100941,2021-05-22,4,5,4,4,5,5,3,4,4,True,
SURV0007482,DUD100941,2021-06-21,3,3,3,2,2,3,2,3,4,False,
SURV0007483,DUD100941,2021-07-07,2,2,2,1,2,2,2,2,2,False,
SURV0007484,DUD100941,2021-08-23,5,5,4,5,4,5,5,5,5,True,
SURV0007485,DUD100941,2021-09-07,4,3,5,4,4,3,3,4,4,True,
SURV0007486,DUD100941,2021-10-02,1,2,1,1,1,2,1,2,1,False,
SURV0007487,DUD100941,2021-11-22,5,5,5,5,5,5,5,5,4,True,
SURV0007488,DUD100941,2021-12-13,4,5,3,5,5,4,4,5,5,True,
SURV0007489,DUD100941,2022-01-15,5,4,5,5,4,5,5,5,5,True,
SURV0007490,DUD100941,2022-02-07,4,5,4,4,4,4,4,5,4,True,
SURV0007491,DUD100941,2022-03-25,4,4,4,4,4,3,4,4,4,True,
SURV0007492,DUD100942,2022-01-20,5,5,5,4,5,5,4,5,5,True,
SURV0007493,DUD100942,2022-02-20,2,2,3,3,2,2,2,3,2,False,
SURV0007494,DUD100942,2022-03-08,5,4,5,5,5,5,5,5,5,True,
SURV0007495,DUD100942,2022-04-12,5,5,5,5,4,5,5,4,5,True,
SURV0007496,DUD100942,2022-05-16,3,3,3,2,3,3,4,3,3,False,
SURV0007497,DUD100942,2022-06-25,4,5,3,3,5,4,5,3,4,True,
SURV0007498,DUD100942,2022-07-10,2,2,3,2,2,2,1,2,2,False,
SURV0007499,DUD100942,2022-08-27,2,2,1,2,1,3,3,2,1,False,
SURV0007500,DUD100942,2022-09-10,5,4,5,5,5,4,5,5,5,True,
SURV0007501,DUD100942,2022-10-06,5,5,5,5,5,5,4,5,5,True,
SURV0007502,DUD100942,2022-11-24,5,5,5,5,5,5,5,5,5,True,
SURV0007503,DUD100942,2022-12-14,4,4,4,4,4,5,4,4,5,True,
SURV0007504,DUD100943,2024-04-14,3,2,3,4,2,3,3,3,4,False,
SURV0007505,DUD100943,2024-05-19,4,4,4,4,4,4,3,5,5,True,
SURV0007506,DUD100943,2024-06-22,5,4,5,5,5,5,4,5,4,True,
SURV0007507,DUD100943,2024-07-13,4,5,4,4,4,4,5,4,4,True,
SURV0007508,DUD100943,2024-08-23,4,4,4,4,5,4,5,4,4,True,
SURV0007509,DUD100944,2021-04-15,4,4,3,3,3,3,3,5,4,True,
SURV0007510,DUD100944,2021-05-05,2,2,2,2,2,1,3,2,1,False,
SURV0007511,DUD100944,2021-06-15,4,5,3,3,4,5,3,5,4,True,
SURV0007512,DUD100944,2021-07-13,5,5,5,5,5,5,4,5,4,True,
SURV0007513,DUD100944,2021-08-26,5,5,5,5,5,5,5,5,5,True,
SURV0007514,DUD100944,2021-09-09,4,4,4,5,4,3,4,5,5,True,
SURV0007515,DUD100944,2021-10-03,4,3,5,3,3,3,4,4,4,True,
SURV0007516,DUD100944,2021-11-07,3,3,4,4,3,2,4,2,3,False,
SURV0007517,DUD100944,2021-12-26,4,4,4,4,4,5,3,4,3,True,
SURV0007518,DUD100944,2022-01-24,2,1,3,1,2,2,2,1,2,False,
SURV0007519,DUD100944,2022-02-04,3,3,2,3,3,3,3,3,4,False,
SURV0007520,DUD100944,2022-03-04,4,4,4,3,4,3,5,4,4,True,
SURV0007521,DUD100945,2022-07-04,5,5,5,5,5,5,5,5,5,True,
SURV0007522,DUD100945,2022-08-18,3,3,3,4,3,2,3,4,3,False,
SURV0007523,DUD100945,2022-09-05,1,1,2,1,1,1,2,1,1,False,
SURV0007524,DUD100945,2022-10-26,4,3,4,4,4,4,5,4,3,True,
SURV0007525,DUD100945,2022-11-24,2,1,2,2,2,1,2,2,1,False,
SURV0007526,DUD100945,2022-12-13,4,4,5,5,3,3,4,5,5,True,
SURV0007527,DUD100946,2022-07-23,2,2,2,2,3,2,2,2,2,False,
SURV0007528,DUD100946,2022-08-24,2,2,2,2,2,2,1,1,3,False,
SURV0007529,DUD100946,2022-09-20,3,2,3,3,3,3,2,2,2,False,
SURV0007530,DUD100946,2022-10-22,5,5,4,5,5,5,5,5,5,True,
SURV0007531,DUD100946,2022-11-17,5,4,5,5,5,4,4,4,5,True,
SURV0007532,DUD100946,2022-12-15,4,4,4,4,4,4,4,3,4,True,
SURV0007533,DUD100946,2023-01-28,4,4,4,4,4,3,4,4,4,True,
SURV0007534,DUD100946,2023-02-25,2,3,2,2,2,3,3,3,2,False,
SURV0007535,DUD100947,2023-05-04,5,4,4,5,5,4,5,4,4,True,
SURV0007536,DUD100947,2023-06-17,5,4,5,5,4,5,5,4,4,True,
SURV0007537,DUD100947,2023-07-26,4,3,4,4,4,5,3,4,3,True,
SURV0007538,DUD100947,2023-08-08,4,4,4,5,4,4,4,3,4,True,
SURV0007539,DUD100947,2023-09-01,1,1,2,1,1,2,1,1,1,False,
SURV0007540,DUD100947,2023-10-09,3,2,3,3,3,2,3,3,3,False,
SURV0007541,DUD100947,2023-11-16,5,5,5,4,5,5,5,4,5,True,
SURV0007542,DUD100947,2023-12-11,3,4,4,3,3,3,2,4,2,False,
SURV0007543,DUD100947,2024-01-21,5,4,5,5,5,5,5,5,5,True,
SURV0007544,DUD100947,2024-02-09,4,4,3,3,3,4,3,4,4,True,
SURV0007545,DUD100947,2024-03-26,4,4,3,4,3,3,4,5,4,True,
SURV0007546,DUD100947,2024-04-03,4,3,4,4,4,4,3,4,4,True,
SURV0007547,DUD100948,2022-11-05,5,5,5,5,5,4,5,5,5,True,
SURV0007548,DUD100948,2022-12-08,2,2,3,2,2,2,3,2,3,False,
SURV0007549,DUD100948,2023-01-01,4,4,4,4,5,3,3,4,4,True,
SURV0007550,DUD100948,2023-02-05,3,3,4,4,3,2,4,4,4,False,
SURV0007551,DUD100948,2023-03-01,5,5,5,5,5,5,5,5,5,True,
SURV0007552,DUD100948,2023-04-20,4,4,3,3,3,4,5,4,4,True,
SURV0007553,DUD100948,2023-05-09,5,4,4,5,5,5,5,5,5,True,
SURV0007554,DUD100948,2023-06-22,5,5,4,5,5,4,4,5,4,True,
SURV0007555,DUD100949,2024-11-27,5,5,4,5,5,5,5,4,5,True,
SURV0007556,DUD100949,2024-12-21,5,5,5,5,5,5,5,5,4,True,
SURV0007557,DUD100949,2025-01-21,1,1,1,1,1,1,2,2,1,False,
SURV0007558,DUD100949,2025-02-07,5,5,5,5,5,4,5,5,5,True,
SURV0007559,DUD100949,2025-03-19,5,5,4,5,4,5,5,5,5,True,
SURV0007560,DUD100949,2025-04-19,4,5,4,4,3,4,4,4,4,True,
SURV0007561,DUD100949,2025-05-13,2,3,2,3,2,1,2,3,2,False,
SURV0007562,DUD100949,2025-06-25,3,3,2,3,3,4,3,4,2,False,
SURV0007563,DUD100949,2025-07-01,2,2,1,2,2,3,3,3,2,False,
SURV0007564,DUD100949,2025-08-06,4,5,4,4,5,5,3,3,4,True,
SURV0007565,DUD100949,2025-09-01,4,4,5,4,5,4,5,4,5,True,
SURV0007566,DUD100950,2023-06-21,3,3,4,2,3,4,2,2,3,False,
SURV0007567,DUD100950,2023-07-12,4,4,4,5,5,3,4,3,4,True,
SURV0007568,DUD100950,2023-08-08,3,2,4,3,4,3,3,3,2,False,
SURV0007569,DUD100950,2023-09-01,4,4,4,5,3,4,3,4,4,True,
SURV0007570,DUD100950,2023-10-08,4,4,4,4,3,4,5,5,4,True,
SURV0007571,DUD100950,2023-11-17,4,4,3,4,4,5,5,3,4,True,
SURV0007572,DUD100950,2023-12-23,4,5,4,5,4,5,4,4,4,True,
SURV0007573,DUD100951,2024-11-01,4,4,3,4,4,4,4,4,3,True,
SURV0007574,DUD100951,2024-12-28,2,2,3,1,2,3,2,2,1,False,
SURV0007575,DUD100951,2025-01-14,5,4,5,4,5,4,5,5,4,True,
SURV0007576,DUD100951,2025-02-08,5,5,5,5,5,4,5,4,5,True,
SURV0007577,DUD100951,2025-03-28,4,4,3,4,4,5,4,4,5,True,
SURV0007578,DUD100951,2025-04-08,4,4,5,3,4,4,4,5,4,True,
SURV0007579,DUD100951,2025-05-25,4,4,3,4,3,4,3,4,3,True,
SURV0007580,DUD100951,2025-06-19,4,4,4,5,4,4,4,3,3,True,
SURV0007581,DUD100951,2025-07-25,3,4,2,4,3,2,2,2,4,False,
SURV0007582,DUD100951,2025-08-23,3,4,2,3,3,3,3,3,3,False,
SURV0007583,DUD100951,2025-09-16,3,4,3,2,3,3,4,2,4,False,
SURV0007584,DUD100951,2025-10-17,4,5,4,4,5,4,5,5,5,True,
SURV0007585,DUD100952,2023-04-05,5,5,5,5,5,5,5,4,5,True,
SURV0007586,DUD100952,2023-05-01,3,4,2,3,2,3,4,3,3,False,
SURV0007587,DUD100952,2023-06-02,4,3,4,4,4,4,3,4,4,True,
SURV0007588,DUD100952,2023-07-02,4,3,4,4,4,4,4,5,4,True,
SURV0007589,DUD100952,2023-08-23,4,4,4,4,3,4,4,3,4,True,
SURV0007590,DUD100952,2023-09-19,1,1,1,1,1,1,2,1,2,False,
SURV0007591,DUD100952,2023-10-02,3,3,4,2,3,3,2,3,4,False,
SURV0007592,DUD100953,2023-11-26,2,1,2,1,2,2,3,2,1,False,
SURV0007593,DUD100953,2023-12-02,5,5,5,4,5,5,4,4,4,True,
SURV0007594,DUD100953,2024-01-05,5,5,5,5,5,5,4,5,5,True,
SURV0007595,DUD100953,2024-02-08,5,5,5,5,5,4,5,5,5,True,
SURV0007596,DUD100954,2021-06-11,4,4,3,3,5,4,4,3,5,True,
SURV0007597,DUD100954,2021-07-02,5,5,5,5,5,5,4,5,4,True,
SURV0007598,DUD100954,2021-08-18,5,4,5,5,5,4,5,5,4,True,
SURV0007599,DUD100954,2021-09-07,5,5,5,4,5,5,5,5,5,True,
SURV0007600,DUD100954,2021-10-07,4,4,4,5,4,3,5,4,5,True,
SURV0007601,DUD100955,2021-10-11,1,1,2,1,1,2,1,1,1,False,
SURV0007602,DUD100955,2021-11-12,3,3,3,2,4,3,3,2,3,False,
SURV0007603,DUD100955,2021-12-06,3,2,3,3,3,3,4,3,3,False,
SURV0007604,DUD100955,2022-01-22,1,2,1,1,1,1,2,1,1,False,
SURV0007605,DUD100955,2022-02-07,3,2,2,3,3,3,3,3,3,False,
SURV0007606,DUD100955,2022-03-09,4,4,4,3,3,3,4,4,4,True,
SURV0007607,DUD100955,2022-04-13,3,4,2,3,3,3,3,2,4,False,
SURV0007608,DUD100955,2022-05-06,4,3,5,3,4,4,4,3,3,True,
SURV0007609,DUD100955,2022-06-20,2,2,2,2,1,2,3,1,2,False,
SURV0007610,DUD100956,2023-01-10,3,4,2,3,3,2,3,4,2,False,
SURV0007611,DUD100956,2023-02-03,3,3,3,4,2,4,3,4,4,False,
SURV0007612,DUD100956,2023-03-04,3,2,4,2,4,4,4,2,3,False,
SURV0007613,DUD100956,2023-04-28,4,5,5,3,4,3,4,5,5,True,
SURV0007614,DUD100956,2023-05-17,4,3,4,3,4,4,4,4,4,True,
SURV0007615,DUD100956,2023-06-02,5,5,5,5,5,5,5,5,4,True,
SURV0007616,DUD100956,2023-07-23,5,5,5,5,5,4,5,5,5,True,
SURV0007617,DUD100957,2021-09-04,2,2,2,2,2,3,2,3,2,False,
SURV0007618,DUD100957,2021-10-28,5,5,5,5,5,5,5,5,5,True,
SURV0007619,DUD100957,2021-11-27,5,5,5,5,5,5,5,5,5,True,
SURV0007620,DUD100957,2021-12-06,3,2,3,3,2,3,3,2,3,False,
SURV0007621,DUD100957,2022-01-03,4,3,4,4,3,3,5,4,4,True,
SURV0007622,DUD100957,2022-02-24,5,5,5,5,4,5,4,5,4,True,
SURV0007623,DUD100957,2022-03-16,4,3,4,3,3,4,4,3,4,True,
SURV0007624,DUD100958,2024-12-02,3,3,4,3,4,2,2,3,4,False,
SURV0007625,DUD100958,2025-01-07,5,5,5,4,4,4,5,5,5,True,
SURV0007626,DUD100958,2025-02-22,1,1,2,1,1,1,1,1,1,False,
SURV0007627,DUD100958,2025-03-09,1,1,1,2,1,1,1,1,2,False,
SURV0007628,DUD100958,2025-04-04,4,5,4,4,4,3,4,3,4,True,
SURV0007629,DUD100959,2024-08-05,4,4,4,5,5,4,3,3,5,True,
SURV0007630,DUD100959,2024-09-15,4,4,5,4,4,5,4,4,3,True,
SURV0007631,DUD100959,2024-10-19,5,5,5,5,5,4,4,4,5,True,
SURV0007632,DUD100959,2024-11-24,3,3,3,3,2,3,4,3,4,False,
SURV0007633,DUD100959,2024-12-17,4,4,3,4,3,3,4,4,5,True,
SURV0007634,DUD100960,2024-12-10,5,4,4,5,5,5,5,5,5,True,
SURV0007635,DUD100960,2025-01-05,3,3,3,3,4,3,2,2,4,False,
SURV0007636,DUD100960,2025-02-10,3,3,4,3,4,3,2,2,3,False,
SURV0007637,DUD100960,2025-03-08,5,5,4,5,5,5,5,5,5,True,
SURV0007638,DUD100960,2025-04-08,2,2,2,2,1,3,3,1,2,False,
SURV0007639,DUD100960,2025-05-25,5,5,5,5,4,5,5,5,4,True,
SURV0007640,DUD100961,2022-04-19,4,4,3,4,4,4,4,3,4,True,
SURV0007641,DUD100961,2022-05-28,4,5,4,4,5,4,5,3,4,True,
SURV0007642,DUD100961,2022-06-09,4,3,4,4,5,4,5,4,4,True,
SURV0007643,DUD100961,2022-07-09,4,4,3,4,3,4,4,5,3,True,
SURV0007644,DUD100962,2021-09-06,4,5,4,4,4,3,3,5,4,True,
SURV0007645,DUD100962,2021-10-19,4,4,4,3,5,5,4,4,4,True,
SURV0007646,DUD100962,2021-11-06,3,4,3,3,3,3,3,4,3,False,
SURV0007647,DUD100962,2021-12-07,2,3,2,2,1,1,2,1,1,False,
SURV0007648,DUD100962,2022-01-18,4,4,4,4,3,4,4,5,5,True,
SURV0007649,DUD100962,2022-02-04,3,4,4,3,3,3,3,2,3,False,
SURV0007650,DUD100962,2022-03-05,3,3,3,3,2,4,3,3,3,False,
SURV0007651,DUD100962,2022-04-22,4,5,4,5,5,4,4,5,4,True,
SURV0007652,DUD100962,2022-05-13,5,5,4,5,5,5,5,5,5,True,
SURV0007653,DUD100962,2022-06-13,3,3,3,2,3,3,3,4,4,False,
SURV0007654,DUD100962,2022-07-13,3,4,3,3,3,4,2,2,4,False,
SURV0007655,DUD100963,2022-03-26,4,3,4,5,3,3,4,5,5,True,
SURV0007656,DUD100963,2022-04-14,3,4,2,3,3,3,4,4,3,False,
SURV0007657,DUD100963,2022-05-16,2,3,1,3,2,2,2,2,2,False,
SURV0007658,DUD100963,2022-06-09,4,4,5,4,4,4,4,4,3,True,
SURV0007659,DUD100963,2022-07-24,3,3,3,3,3,4,2,4,2,False,
SURV0007660,DUD100963,2022-08-17,4,4,3,4,4,5,3,4,5,True,
SURV0007661,DUD100964,2023-04-27,3,3,4,4,2,3,3,3,2,False,
SURV0007662,DUD100964,2023-05-26,5,5,4,5,5,5,5,5,5,True,
SURV0007663,DUD100964,2023-06-21,4,4,3,4,4,4,5,5,4,True,
SURV0007664,DUD100964,2023-07-03,5,5,5,5,5,5,5,5,5,True,
SURV0007665,DUD100964,2023-08-19,5,5,5,5,5,5,5,4,5,True,
SURV0007666,DUD100964,2023-09-22,4,4,3,5,4,4,3,4,4,True,
SURV0007667,DUD100964,2023-10-28,4,3,3,5,4,4,3,4,4,True,
SURV0007668,DUD100964,2023-11-21,5,4,5,4,4,5,5,5,5,True,
SURV0007669,DUD100964,2023-12-28,4,4,3,3,4,3,4,4,4,True,
SURV0007670,DUD100964,2024-01-02,3,2,3,4,3,3,2,4,3,False,
SURV0007671,DUD100965,2023-05-23,3,4,4,3,3,2,3,3,3,False,
SURV0007672,DUD100965,2023-06-21,4,5,4,4,4,5,4,4,3,True,
SURV0007673,DUD100965,2023-07-17,3,3,3,3,3,2,3,3,3,False,
SURV0007674,DUD100965,2023-08-01,5,5,4,4,5,5,5,5,5,True,
SURV0007675,DUD100965,2023-09-12,3,3,4,2,4,2,3,4,2,False,
SURV0007676,DUD100965,2023-10-09,4,4,4,4,4,3,5,3,3,True,
SURV0007677,DUD100965,2023-11-16,4,4,5,4,4,4,4,5,4,True,
SURV0007678,DUD100965,2023-12-21,4,4,5,4,4,4,3,3,4,True,
SURV0007679,DUD100965,2024-01-12,4,3,5,4,4,3,4,4,5,True,
SURV0007680,DUD100965,2024-02-12,3,3,3,3,4,4,4,3,3,False,
SURV0007681,DUD100965,2024-03-26,4,4,3,4,4,5,4,4,4,True,
SURV0007682,DUD100965,2024-04-24,3,2,3,2,2,3,3,4,4,False,
SURV0007683,DUD100966,2024-01-27,5,4,5,5,5,5,5,5,4,True,
SURV0007684,DUD100966,2024-02-27,3,2,2,4,2,2,3,2,2,False,
SURV0007685,DUD100966,2024-03-19,3,2,3,4,3,2,3,3,2,False,
SURV0007686,DUD100966,2024-04-05,5,5,5,4,5,5,5,5,5,True,
SURV0007687,DUD100966,2024-05-26,4,5,3,4,4,5,4,4,4,True,
SURV0007688,DUD100967,2022-01-19,4,4,5,3,3,3,4,4,5,True,
SURV0007689,DUD100967,2022-02-17,5,4,5,5,5,4,5,5,5,True,
SURV0007690,DUD100967,2022-03-08,4,4,5,5,5,4,4,4,4,True,
SURV0007691,DUD100967,2022-04-19,3,3,3,2,3,3,2,4,2,False,
SURV0007692,DUD100967,2022-05-15,4,4,3,5,4,4,4,5,4,True,
SURV0007693,DUD100967,2022-06-19,4,4,3,3,4,4,5,4,3,True,
SURV0007694,DUD100967,2022-07-18,4,3,3,4,4,4,5,4,3,True,
SURV0007695,DUD100967,2022-08-04,2,1,3,1,2,1,3,3,3,False,
SURV0007696,DUD100967,2022-09-15,5,5,5,5,4,5,4,5,5,True,
SURV0007697,DUD100967,2022-10-20,4,4,4,5,5,4,4,3,5,True,
SURV0007698,DUD100967,2022-11-21,4,4,4,4,5,5,4,4,3,True,
SURV0007699,DUD100967,2022-12-15,2,2,1,2,3,2,3,1,1,False,
SURV0007700,DUD100968,2021-10-16,3,3,2,3,4,3,4,4,2,False,
SURV0007701,DUD100968,2021-11-13,3,3,4,3,3,4,4,4,3,False,
SURV0007702,DUD100968,2021-12-15,5,5,5,5,5,5,4,5,4,True,
SURV0007703,DUD100968,2022-01-15,2,2,3,1,1,1,1,3,2,False,
SURV0007704,DUD100968,2022-02-20,2,1,3,3,2,1,2,1,2,False,
SURV0007705,DUD100968,2022-03-16,4,4,4,5,3,5,3,4,3,True,
SURV0007706,DUD100968,2022-04-01,4,4,4,4,3,3,5,5,5,True,
SURV0007707,DUD100968,2022-05-04,5,5,5,5,5,5,5,4,5,True,
SURV0007708,DUD100968,2022-06-10,4,3,4,4,3,4,4,3,5,True,
SURV0007709,DUD100968,2022-07-09,4,4,5,4,4,4,3,4,3,True,
SURV0007710,DUD100968,2022-08-04,3,2,4,3,2,3,4,3,3,False,
SURV0007711,DUD100968,2022-09-05,2,2,2,1,2,2,2,3,2,False,
SURV0007712,DUD100969,2022-04-13,3,3,3,2,3,4,3,4,2,False,
SURV0007713,DUD100969,2022-05-26,3,3,3,3,3,3,3,4,2,False,
SURV0007714,DUD100969,2022-06-28,5,5,5,5,5,4,5,4,5,True,
SURV0007715,DUD100969,2022-07-10,4,3,4,4,5,5,5,4,4,True,
SURV0007716,DUD100969,2022-08-27,3,2,3,3,4,3,3,3,3,False,
SURV0007717,DUD100969,2022-09-04,2,1,3,3,3,2,1,2,1,False,
SURV0007718,DUD100969,2022-10-28,4,4,4,4,5,3,4,5,5,True,
SURV0007719,DUD100970,2024-11-28,4,4,4,4,4,4,3,5,3,True,
SURV0007720,DUD100970,2024-12-17,5,5,4,5,5,5,5,5,5,True,
SURV0007721,DUD100970,2025-01-01,4,4,4,3,4,4,4,4,4,True,
SURV0007722,DUD100970,2025-02-14,4,4,3,4,4,4,4,4,3,True,
SURV0007723,DUD100970,2025-03-07,3,4,2,3,3,3,3,3,3,False,
SURV0007724,DUD100970,2025-04-19,4,4,4,4,5,4,3,3,5,True,
SURV0007725,DUD100970,2025-05-06,4,4,3,4,4,3,4,4,4,True,
SURV0007726,DUD100970,2025-06-24,4,5,5,4,4,4,4,5,5,True,
SURV0007727,DUD100970,2025-07-25,3,2,3,3,2,4,4,4,4,False,
SURV0007728,DUD100971,2023-08-09,4,4,5,3,4,4,3,5,5,True,
SURV0007729,DUD100971,2023-09-06,1,1,1,2,1,1,1,1,1,False,
SURV0007730,DUD100971,2023-10-26,5,5,4,5,5,5,5,4,4,True,
SURV0007731,DUD100971,2023-11-24,4,3,5,3,3,4,4,4,4,True,
SURV0007732,DUD100971,2023-12-06,5,5,5,5,5,5,5,5,5,True,
SURV0007733,DUD100971,2024-01-18,4,4,4,4,5,4,3,3,4,True,
SURV0007734,DUD100971,2024-02-13,4,4,4,4,5,3,3,5,3,True,
SURV0007735,DUD100972,2021-10-20,4,4,4,4,4,4,3,4,4,True,
SURV0007736,DUD100972,2021-11-10,4,5,4,4,5,3,4,4,4,True,
SURV0007737,DUD100972,2021-12-07,5,5,5,5,5,5,5,5,4,True,
SURV0007738,DUD100972,2022-01-28,4,4,3,3,4,3,5,5,4,True,
SURV0007739,DUD100972,2022-02-04,1,2,1,1,2,1,1,1,1,False,
SURV0007740,DUD100972,2022-03-23,4,4,4,4,4,4,4,3,5,True,
SURV0007741,DUD100972,2022-04-26,4,3,4,5,4,4,5,3,3,True,
SURV0007742,DUD100973,2024-11-18,1,1,1,1,1,1,2,1,2,False,
SURV0007743,DUD100973,2024-12-04,3,3,4,4,3,3,4,3,4,False,
SURV0007744,DUD100973,2025-01-19,4,4,5,5,4,4,4,5,5,True,
SURV0007745,DUD100973,2025-02-27,1,1,1,2,1,1,1,1,2,False,
SURV0007746,DUD100973,2025-03-09,4,5,4,4,4,5,4,3,3,True,
SURV0007747,DUD100973,2025-04-23,2,2,2,2,2,2,1,2,2,False,
SURV0007748,DUD100973,2025-05-28,3,2,4,4,3,2,4,3,4,False,
SURV0007749,DUD100973,2025-06-27,3,3,2,3,3,3,2,2,2,False,
SURV0007750,DUD100973,2025-07-22,4,4,4,5,4,3,4,4,4,True,
SURV0007751,DUD100973,2025-08-09,3,2,3,4,3,3,3,3,2,False,
SURV0007752,DUD100973,2025-09-24,5,5,5,5,5,4,5,5,5,True,
SURV0007753,DUD100974,2023-01-06,4,4,5,5,5,4,3,3,4,True,
SURV0007754,DUD100974,2023-02-12,4,5,4,3,3,4,4,4,3,True,
SURV0007755,DUD100974,2023-03-23,3,3,3,3,3,3,3,3,2,False,
SURV0007756,DUD100974,2023-04-02,2,2,3,2,3,1,2,3,3,False,
SURV0007757,DUD100974,2023-05-10,4,3,5,3,4,4,5,5,5,True,
SURV0007758,DUD100974,2023-06-11,3,3,3,3,3,2,3,4,4,False,
SURV0007759,DUD100974,2023-07-08,2,2,1,2,2,1,2,3,1,False,
SURV0007760,DUD100974,2023-08-09,5,4,5,4,5,5,4,4,5,True,
SURV0007761,DUD100975,2024-03-17,4,4,4,4,4,5,4,4,4,True,
SURV0007762,DUD100975,2024-04-06,5,5,5,5,5,5,4,5,5,True,
SURV0007763,DUD100975,2024-05-05,5,5,4,5,4,5,5,5,5,True,
SURV0007764,DUD100975,2024-06-18,3,4,3,3,3,3,3,2,3,False,
SURV0007765,DUD100975,2024-07-03,3,2,4,3,2,3,3,2,3,False,
SURV0007766,DUD100975,2024-08-21,5,5,5,5,4,4,5,5,5,True,
SURV0007767,DUD100975,2024-09-06,4,3,4,4,4,3,3,4,5,True,
SURV0007768,DUD100975,2024-10-24,3,3,3,3,4,4,4,3,4,False,
SURV0007769,DUD100975,2024-11-08,1,2,1,2,1,2,1,2,1,False,
SURV0007770,DUD100976,2024-01-16,5,5,5,5,5,5,5,5,4,True,
SURV0007771,DUD100976,2024-02-12,5,5,5,4,5,5,5,5,5,True,
SURV0007772,DUD100976,2024-03-11,5,5,4,5,4,5,5,5,5,True,
SURV0007773,DUD100976,2024-04-16,4,4,4,3,5,3,3,4,4,True,
SURV0007774,DUD100976,2024-05-28,4,4,3,4,5,4,3,3,4,True,
SURV0007775,DUD100977,2022-11-01,3,3,2,4,3,3,3,4,2,False,
SURV0007776,DUD100977,2022-12-20,4,4,4,3,3,3,3,4,4,True,
SURV0007777,DUD100977,2023-01-22,4,4,3,3,3,4,4,3,4,True,
SURV0007778,DUD100977,2023-02-17,4,4,5,4,3,4,3,5,3,True,
SURV0007779,DUD100977,2023-03-20,3,3,4,4,2,3,4,2,2,False,
SURV0007780,DUD100978,2023-09-25,4,4,4,3,4,4,3,3,5,True,
SURV0007781,DUD100978,2023-10-18,4,4,3,4,3,4,5,5,5,True,
SURV0007782,DUD100978,2023-11-13,4,4,4,4,5,3,5,4,5,True,
SURV0007783,DUD100978,2023-12-22,5,5,5,5,5,4,5,5,5,True,
SURV0007784,DUD100978,2024-01-08,5,5,5,5,5,5,5,5,5,True,
SURV0007785,DUD100978,2024-02-09,5,5,5,5,5,5,5,4,5,True,
SURV0007786,DUD100978,2024-03-24,2,3,3,1,2,1,3,2,1,False,
SURV0007787,DUD100979,2022-06-25,3,2,4,3,2,4,3,2,3,False,
SURV0007788,DUD100979,2022-07-19,1,2,1,2,1,1,1,1,1,False,
SURV0007789,DUD100979,2022-08-27,4,4,5,4,4,3,5,3,4,True,
SURV0007790,DUD100979,2022-09-17,3,3,3,3,4,2,3,2,3,False,
SURV0007791,DUD100979,2022-10-21,4,3,4,4,4,4,5,4,3,True,
SURV0007792,DUD100979,2022-11-20,4,4,5,4,5,3,4,5,4,True,
SURV0007793,DUD100979,2022-12-03,4,4,4,5,4,4,4,3,4,True,
SURV0007794,DUD100979,2023-01-03,5,5,4,4,4,5,5,4,4,True,
SURV0007795,DUD100979,2023-02-10,4,5,5,5,4,3,4,4,4,True,
SURV0007796,DUD100980,2023-07-03,4,4,4,4,5,4,5,3,3,True,
SURV0007797,DUD100980,2023-08-27,3,3,2,3,3,3,3,3,3,False,
SURV0007798,DUD100980,2023-09-19,4,4,3,4,4,3,5,5,4,True,
SURV0007799,DUD100980,2023-10-12,3,3,3,3,4,4,3,3,3,False,
SURV0007800,DUD100980,2023-11-18,4,4,4,5,3,5,4,4,4,True,
SURV0007801,DUD100980,2023-12-03,5,5,5,5,5,4,5,5,5,True,
SURV0007802,DUD100980,2024-01-23,3,3,3,2,3,4,3,4,3,False,
SURV0007803,DUD100980,2024-02-21,5,5,4,5,4,5,5,4,5,True,
SURV0007804,DUD100980,2024-03-19,3,2,4,2,3,2,3,4,2,False,
SURV0007805,DUD100980,2024-04-27,5,5,5,5,5,5,4,5,5,True,
SURV0007806,DUD100980,2024-05-21,4,4,5,4,5,4,3,4,3,True,
SURV0007807,DUD100981,2023-09-09,4,5,4,4,5,3,5,3,4,True,
SURV0007808,DUD100981,2023-10-09,2,2,2,2,2,3,2,1,2,False,
SURV0007809,DUD100981,2023-11-01,4,5,5,4,4,3,4,5,4,True,
SURV0007810,DUD100981,2023-12-22,2,1,3,1,2,3,2,3,3,False,
SURV0007811,DUD100981,2024-01-26,4,4,5,5,4,5,4,4,3,True,
SURV0007812,DUD100982,2023-02-22,1,2,1,1,1,2,1,2,2,False,
SURV0007813,DUD100982,2023-03-07,4,3,4,4,4,5,4,4,5,True,
SURV0007814,DUD100982,2023-04-12,3,2,3,3,2,3,3,3,4,False,
SURV0007815,DUD100982,2023-05-11,5,5,5,5,5,5,4,5,5,True,
SURV0007816,DUD100982,2023-06-21,3,3,3,3,2,4,2,4,3,False,
SURV0007817,DUD100982,2023-07-07,4,4,3,4,3,4,5,5,5,True,
SURV0007818,DUD100982,2023-08-01,3,3,2,2,2,2,2,3,3,False,
SURV0007819,DUD100982,2023-09-25,3,2,4,3,3,3,4,3,3,False,
SURV0007820,DUD100982,2023-10-26,3,3,4,3,2,3,3,3,4,False,
SURV0007821,DUD100982,2023-11-14,4,3,5,4,3,5,4,3,5,True,
SURV0007822,DUD100983,2024-02-27,3,2,3,2,4,3,4,3,4,False,
SURV0007823,DUD100983,2024-03-14,3,3,3,4,3,2,4,3,3,False,
SURV0007824,DUD100983,2024-04-17,4,3,3,3,5,4,4,3,3,True,
SURV0007825,DUD100983,2024-05-08,3,3,3,3,3,4,3,4,3,False,
SURV0007826,DUD100983,2024-06-08,5,4,5,5,4,5,5,5,4,True,
SURV0007827,DUD100983,2024-07-23,4,5,4,3,4,4,5,3,5,True,
SURV0007828,DUD100983,2024-08-03,4,4,3,4,5,4,5,4,3,True,
SURV0007829,DUD100983,2024-09-14,3,2,4,2,2,3,3,3,3,False,
SURV0007830,DUD100984,2024-07-09,4,4,5,3,4,4,4,4,4,True,
SURV0007831,DUD100984,2024-08-03,3,3,4,3,2,3,4,3,2,False,
SURV0007832,DUD100984,2024-09-14,5,5,5,5,5,5,5,5,5,True,
SURV0007833,DUD100984,2024-10-27,5,5,5,5,5,5,4,4,4,True,
SURV0007834,DUD100984,2024-11-24,5,5,5,5,5,4,5,4,4,True,
SURV0007835,DUD100984,2024-12-08,3,4,3,3,2,4,3,3,2,False,
SURV0007836,DUD100984,2025-01-03,5,4,5,5,4,5,5,5,5,True,
SURV0007837,DUD100984,2025-02-05,4,4,4,4,4,4,3,3,4,True,
SURV0007838,DUD100984,2025-03-18,4,4,3,3,4,4,4,4,4,True,
SURV0007839,DUD100984,2025-04-01,4,4,4,3,5,4,3,4,4,True,
SURV0007840,DUD100985,2021-10-01,4,4,3,3,4,4,4,3,5,True,
SURV0007841,DUD100985,2021-11-22,4,4,3,5,4,3,5,4,4,True,
SURV0007842,DUD100985,2021-12-26,3,3,3,4,2,2,3,3,3,False,
SURV0007843,DUD100985,2022-01-15,1,1,2,2,1,1,1,1,1,False,
SURV0007844,DUD100985,2022-02-11,5,5,5,5,4,5,5,5,5,True,
SURV0007845,DUD100985,2022-03-18,3,2,4,2,3,4,4,3,2,False,
SURV0007846,DUD100985,2022-04-23,3,3,3,2,3,4,2,2,3,False,
SURV0007847,DUD100985,2022-05-11,5,4,4,4,4,5,5,5,5,True,
SURV0007848,DUD100985,2022-06-22,5,4,5,5,5,5,5,5,5,True,
SURV0007849,DUD100986,2021-10-08,4,4,4,4,5,3,4,3,4,True,
SURV0007850,DUD100986,2021-11-11,4,3,5,4,4,4,3,3,4,True,
SURV0007851,DUD100986,2021-12-18,3,3,4,3,3,4,2,3,3,False,
SURV0007852,DUD100986,2022-01-23,3,3,3,2,4,3,4,2,4,False,
SURV0007853,DUD100986,2022-02-27,5,5,5,5,5,5,5,5,4,True,
SURV0007854,DUD100987,2023-02-12,4,4,4,4,3,4,3,5,5,True,
SURV0007855,DUD100987,2023-03-23,4,4,4,4,4,4,4,4,4,True,
SURV0007856,DUD100987,2023-04-02,4,4,5,4,3,3,5,3,3,True,
SURV0007857,DUD100987,2023-05-12,4,4,4,4,4,3,4,4,4,True,
SURV0007858,DUD100987,2023-06-20,5,4,4,5,5,5,5,5,4,True,
SURV0007859,DUD100987,2023-07-10,4,4,4,4,5,3,4,3,4,True,
SURV0007860,DUD100988,2023-08-12,3,2,3,3,3,3,3,2,3,False,
SURV0007861,DUD100988,2023-09-02,5,4,5,5,4,5,4,5,4,True,
SURV0007862,DUD100988,2023-10-12,5,5,5,4,4,5,4,5,5,True,
SURV0007863,DUD100988,2023-11-12,3,3,3,3,3,2,2,2,3,False,
SURV0007864,DUD100988,2023-12-24,5,4,5,5,5,5,5,4,5,True,
SURV0007865,DUD100988,2024-01-21,4,4,4,5,4,5,3,4,4,True,
SURV0007866,DUD100988,2024-02-09,5,5,5,5,4,5,4,5,5,True,
SURV0007867,DUD100988,2024-03-09,3,4,3,4,3,4,3,4,3,False,
SURV0007868,DUD100989,2022-10-04,4,5,4,4,5,4,4,5,4,True,
SURV0007869,DUD100989,2022-11-12,3,2,3,3,3,3,2,4,2,False,
SURV0007870,DUD100989,2022-12-13,4,5,4,5,4,4,5,4,3,True,
SURV0007871,DUD100989,2023-01-10,5,5,5,5,5,5,5,5,4,True,
SURV0007872,DUD100989,2023-02-28,5,5,5,5,5,5,5,4,5,True,
SURV0007873,DUD100989,2023-03-03,4,4,4,5,3,3,4,4,5,True,
SURV0007874,DUD100990,2022-04-05,5,5,4,4,4,5,4,5,5,True,
SURV0007875,DUD100990,2022-05-19,3,3,4,2,2,2,3,2,3,False,
SURV0007876,DUD100990,2022-06-11,3,3,3,2,4,3,4,3,2,False,
SURV0007877,DUD100990,2022-07-27,4,4,4,5,3,4,5,4,3,True,
SURV0007878,DUD100990,2022-08-16,5,5,5,5,5,4,5,4,5,True,
SURV0007879,DUD100990,2022-09-11,4,4,4,3,5,3,4,4,4,True,
SURV0007880,DUD100990,2022-10-16,3,3,3,3,2,2,3,2,3,False,
SURV0007881,DUD100990,2022-11-04,2,3,2,2,2,2,2,1,1,False,
SURV0007882,DUD100990,2022-12-14,4,4,3,4,5,3,4,5,4,True,
SURV0007883,DUD100990,2023-01-01,4,3,3,4,5,5,3,4,4,True,
SURV0007884,DUD100990,2023-02-16,3,3,2,3,3,4,3,3,4,False,
SURV0007885,DUD100990,2023-03-08,4,5,4,3,5,5,5,4,4,True,
SURV0007886,DUD100991,2023-08-13,5,5,5,5,5,5,4,5,5,True,
SURV0007887,DUD100991,2023-09-19,5,5,5,4,4,5,5,5,4,True,
SURV0007888,DUD100991,2023-10-11,3,3,3,3,3,4,3,2,3,False,
SURV0007889,DUD100991,2023-11-12,5,5,5,5,5,5,4,5,5,True,
SURV0007890,DUD100991,2023-12-28,5,5,5,5,4,5,4,5,5,True,
SURV0007891,DUD100991,2024-01-23,4,4,4,4,3,3,5,4,4,True,
SURV0007892,DUD100991,2024-02-24,3,4,2,3,2,3,2,2,4,False,
SURV0007893,DUD100992,2021-11-07,1,2,2,2,1,1,2,1,1,False,
SURV0007894,DUD100992,2021-12-19,3,3,2,4,3,3,3,2,4,False,
SURV0007895,DUD100992,2022-01-06,3,3,4,3,3,3,2,4,4,False,
SURV0007896,DUD100992,2022-02-21,2,2,2,1,3,2,1,3,2,False,
SURV0007897,DUD100992,2022-03-02,4,5,4,4,3,4,5,5,5,True,
SURV0007898,DUD100992,2022-04-16,4,5,5,4,5,5,4,4,3,True,
SURV0007899,DUD100992,2022-05-12,5,5,5,5,5,5,5,5,5,True,
SURV0007900,DUD100992,2022-06-12,4,4,4,5,3,4,5,3,4,True,
SURV0007901,DUD100992,2022-07-05,4,3,4,3,3,4,5,4,5,True,
SURV0007902,DUD100992,2022-08-22,4,4,4,4,3,5,4,3,4,True,
SURV0007903,DUD100993,2022-06-08,4,4,4,4,3,5,4,4,4,True,
SURV0007904,DUD100993,2022-07-14,4,5,4,4,3,4,4,5,4,True,
SURV0007905,DUD100993,2022-08-03,4,5,4,3,4,4,4,3,4,True,
SURV0007906,DUD100993,2022-09-18,4,4,4,4,5,3,3,4,3,True,
SURV0007907,DUD100993,2022-10-06,4,4,4,3,5,4,3,5,3,True,
SURV0007908,DUD100994,2023-01-04,1,2,1,1,1,1,1,1,1,False,
SURV0007909,DUD100994,2023-02-15,5,5,5,5,5,5,5,5,5,True,
SURV0007910,DUD100994,2023-03-17,4,5,3,4,4,5,5,3,3,True,
SURV0007911,DUD100994,2023-04-20,5,5,5,5,5,5,5,5,4,True,
SURV0007912,DUD100994,2023-05-10,4,3,5,4,4,4,5,4,4,True,
SURV0007913,DUD100995,2021-08-04,2,1,3,2,1,1,2,2,3,False,
SURV0007914,DUD100995,2021-09-10,3,3,3,2,3,3,4,3,3,False,
SURV0007915,DUD100995,2021-10-15,2,2,3,2,1,2,1,2,1,False,
SURV0007916,DUD100995,2021-11-28,4,4,4,4,3,5,3,4,3,True,
SURV0007917,DUD100995,2021-12-08,4,4,3,5,4,3,5,5,5,True,
SURV0007918,DUD100995,2022-01-03,4,4,4,4,5,3,4,5,5,True,
SURV0007919,DUD100995,2022-02-08,5,5,5,5,5,4,5,5,5,True,
SURV0007920,DUD100995,2022-03-07,5,5,5,5,5,4,4,5,5,True,
SURV0007921,DUD100995,2022-04-24,4,4,3,4,5,5,3,4,3,True,
SURV0007922,DUD100995,2022-05-25,2,2,2,1,2,2,2,2,2,False,
SURV0007923,DUD100996,2022-12-14,4,4,5,4,4,5,4,4,3,True,
SURV0007924,DUD100996,2023-01-06,3,3,4,2,3,3,4,3,4,False,
SURV0007925,DUD100996,2023-02-19,3,4,2,3,4,2,3,3,2,False,
SURV0007926,DUD100996,2023-03-23,3,2,2,2,3,3,3,3,4,False,
SURV0007927,DUD100996,2023-04-15,4,4,4,4,5,3,5,5,4,True,
SURV0007928,DUD100996,2023-05-24,4,5,3,4,4,4,4,4,4,True,
SURV0007929,DUD100996,2023-06-23,3,3,4,3,4,4,3,3,2,False,
SURV0007930,DUD100996,2023-07-19,5,5,4,5,5,4,5,4,5,True,
SURV0007931,DUD100996,2023-08-12,4,4,4,5,5,4,4,4,5,True,
SURV0007932,DUD100996,2023-09-21,3,3,3,3,4,3,2,4,4,False,
SURV0007933,DUD100996,2023-10-20,4,4,5,3,5,3,3,5,3,True,
SURV0007934,DUD100997,2021-01-14,1,1,2,1,2,1,1,1,2,False,
SURV0007935,DUD100997,2021-02-16,3,4,2,3,2,2,3,4,3,False,
SURV0007936,DUD100997,2021-03-19,3,2,2,2,3,4,4,3,4,False,
SURV0007937,DUD100997,2021-04-06,1,1,1,1,2,2,2,2,1,False,
SURV0007938,DUD100997,2021-05-08,2,1,2,3,2,2,2,1,2,False,
SURV0007939,DUD100997,2021-06-13,3,2,4,3,3,2,3,3,2,False,
SURV0007940,DUD100998,2021-02-07,2,3,3,2,1,2,2,2,2,False,
SURV0007941,DUD100998,2021-03-04,2,1,3,2,3,2,2,3,3,False,
SURV0007942,DUD100998,2021-04-14,4,4,5,5,5,5,4,4,3,True,
SURV0007943,DUD100998,2021-05-28,5,5,5,5,4,5,5,4,5,True,
SURV0007944,DUD100998,2021-06-28,2,2,3,2,1,2,2,2,2,False,
SURV0007945,DUD100998,2021-07-17,2,2,3,1,1,2,1,1,2,False,
SURV0007946,DUD100999,2021-07-26,3,3,4,4,2,2,3,3,4,False,
SURV0007947,DUD100999,2021-08-15,4,4,4,4,4,5,4,4,4,True,
SURV0007948,DUD100999,2021-09-05,2,3,2,2,3,2,2,1,2,False,
SURV0007949,DUD100999,2021-10-21,3,3,3,4,3,4,4,3,3,False,
SURV0007950,DUD100999,2021-11-14,4,4,3,3,4,5,4,3,5,True,
SURV0007951,DUD100999,2021-12-17,5,5,5,4,5,5,5,5,4,True,
SURV0007952,DUD100999,2022-01-13,4,4,4,4,4,4,5,4,4,True,
SURV0007953,DUD100999,2022-02-20,3,3,3,4,3,3,2,4,3,False,
SURV0007954,DUD100999,2022-03-15,3,3,3,3,4,3,3,3,4,False,
SURV0007955,DUD100999,2022-04-23,2,1,2,3,2,2,3,1,1,False,
SURV0007956,DUD100999,2022-05-16,3,3,3,2,2,3,2,3,3,False,
SURV0007957,DUD101000,2023-04-13,4,3,4,4,4,5,5,5,4,True,
SURV0007958,DUD101000,2023-05-17,4,4,4,4,5,5,5,4,4,True,
SURV0007959,DUD101000,2023-06-25,4,5,5,4,4,3,3,4,4,True,
SURV0007960,DUD101000,2023-07-25,3,4,3,3,3,3,4,3,2,False,
SURV0007961,DUD101000,2023-08-07,3,3,2,3,3,3,3,3,2,False,
SURV0007962,DUD101000,2023-09-20,4,4,5,4,3,5,4,5,4,True,
SURV0007963,DUD101000,2023-10-16,4,5,4,3,4,4,4,5,4,True,
SURV0007964,DUD101000,2023-11-16,3,2,2,3,4,4,3,3,3,False,
SURV0007965,DUD101000,2023-12-25,5,5,5,5,5,5,5,5,5,True,
SURV0007966,DUD101000,2024-01-27,3,3,3,3,3,2,2,2,3,False,
SURV0007967,DUD101000,2024-02-06,3,3,2,4,2,2,2,3,3,False,
SURV0007968,DUD101000,2024-03-22,3,4,3,3,2,3,3,3,4,False,
SURV0007969,DUD101001,2022-02-12,3,3,2,3,3,4,3,3,3,False,
SURV0007970,DUD101001,2022-03-23,4,4,5,4,4,3,4,5,4,True,
SURV0007971,DUD101001,2022-04-04,2,2,2,2,2,3,2,3,2,False,
SURV0007972,DUD101001,2022-05-06,4,4,4,4,5,4,4,5,4,True,
SURV0007973,DUD101001,2022-06-06,2,1,3,3,2,2,2,2,3,False,
SURV0007974,DUD101001,2022-07-21,3,3,3,3,4,4,4,2,4,False,
SURV0007975,DUD101001,2022-08-20,4,5,5,3,3,4,4,3,4,True,
SURV0007976,DUD101002,2022-08-11,3,3,4,2,3,3,4,3,3,False,
SURV0007977,DUD101002,2022-09-26,3,3,3,2,3,4,4,4,3,False,
SURV0007978,DUD101002,2022-10-02,2,2,3,2,3,2,2,3,2,False,
SURV0007979,DUD101002,2022-11-28,5,5,5,5,5,5,4,4,5,True,
SURV0007980,DUD101002,2022-12-04,3,4,3,3,2,3,3,4,3,False,
SURV0007981,DUD101002,2023-01-12,3,3,3,4,3,3,3,4,3,False,
SURV0007982,DUD101002,2023-02-06,3,3,3,2,3,4,4,2,2,False,
SURV0007983,DUD101003,2023-06-19,5,4,4,5,5,4,4,5,5,True,
SURV0007984,DUD101003,2023-07-18,5,4,5,5,5,5,5,5,5,True,
SURV0007985,DUD101003,2023-08-07,4,3,3,3,3,5,4,4,3,True,
SURV0007986,DUD101003,2023-09-21,4,4,4,5,3,4,5,3,5,True,
SURV0007987,DUD101003,2023-10-21,4,5,3,4,3,4,4,4,5,True,
SURV0007988,DUD101003,2023-11-05,4,4,5,3,4,5,3,4,5,True,
SURV0007989,DUD101003,2023-12-21,3,3,3,3,3,2,2,2,2,False,
SURV0007990,DUD101003,2024-01-22,5,4,5,5,5,5,5,5,5,True,
SURV0007991,DUD101004,2024-03-12,5,5,5,5,5,5,5,5,5,True,
SURV0007992,DUD101004,2024-04-12,4,4,3,3,4,5,4,3,4,True,
SURV0007993,DUD101004,2024-05-25,5,5,5,4,5,5,4,4,4,True,
SURV0007994,DUD101004,2024-06-20,4,4,3,3,3,4,4,4,3,True,
SURV0007995,DUD101004,2024-07-18,3,3,4,4,4,3,2,3,3,False,
SURV0007996,DUD101004,2024-08-11,4,5,3,4,3,4,3,4,4,True,
SURV0007997,DUD101005,2022-07-09,4,4,4,5,4,4,3,4,3,True,
SURV0007998,DUD101005,2022-08-12,4,4,4,4,4,4,3,4,4,True,
SURV0007999,DUD101005,2022-09-24,4,4,3,3,4,4,4,3,5,True,
SURV0008000,DUD101005,2022-10-13,5,5,5,5,5,5,5,5,5,True,
SURV0008001,DUD101005,2022-11-27,4,4,3,4,4,4,5,4,4,True,
SURV0008002,DUD101006,2021-01-23,4,4,3,5,4,4,3,3,4,True,
SURV0008003,DUD101006,2021-02-23,4,4,4,4,4,4,4,5,4,True,
SURV0008004,DUD101006,2021-03-12,5,5,5,4,5,5,5,4,5,True,
SURV0008005,DUD101006,2021-04-09,2,2,3,2,2,2,2,2,2,False,
SURV0008006,DUD101006,2021-05-28,5,4,5,4,4,4,5,5,5,True,
SURV0008007,DUD101006,2021-06-16,5,4,5,5,4,5,5,4,4,True,
SURV0008008,DUD101006,2021-07-04,3,2,4,4,3,3,3,3,3,False,
SURV0008009,DUD101006,2021-08-21,5,5,5,5,5,5,4,5,4,True,
SURV0008010,DUD101006,2021-09-11,4,5,5,5,4,4,5,5,3,True,
SURV0008011,DUD101006,2021-10-04,3,4,4,2,4,3,2,2,3,False,
SURV0008012,DUD101006,2021-11-12,5,5,5,5,5,4,5,5,5,True,
SURV0008013,DUD101006,2021-12-19,4,5,4,5,4,3,5,5,4,True,
SURV0008014,DUD101007,2024-12-19,4,5,4,3,4,4,5,5,5,True,
SURV0008015,DUD101007,2025-01-13,4,4,3,4,4,3,3,4,4,True,
SURV0008016,DUD101007,2025-02-22,4,4,4,4,3,4,5,4,3,True,
SURV0008017,DUD101007,2025-03-12,4,4,3,5,3,5,3,5,3,True,
SURV0008018,DUD101007,2025-04-17,3,4,4,3,3,4,3,3,3,False,
SURV0008019,DUD101007,2025-05-22,3,3,4,4,3,4,4,4,2,False,
SURV0008020,DUD101007,2025-06-22,3,4,2,3,3,3,3,3,3,False,
SURV0008021,DUD101007,2025-07-25,5,5,4,4,5,5,5,5,5,True,
SURV0008022,DUD101007,2025-08-09,3,3,2,4,3,2,4,4,3,False,
SURV0008023,DUD101008,2021-03-23,4,5,3,4,5,4,5,4,3,True,
SURV0008024,DUD101008,2021-04-09,5,5,5,5,5,5,4,5,5,True,
SURV0008025,DUD101008,2021-05-23,3,4,2,4,2,2,2,3,3,False,
SURV0008026,DUD101008,2021-06-28,5,4,4,5,4,4,5,5,5,True,
SURV0008027,DUD101008,2021-07-12,3,3,4,3,2,3,4,2,3,False,
SURV0008028,DUD101008,2021-08-22,5,5,5,5,5,5,5,5,5,True,
SURV0008029,DUD101008,2021-09-12,2,2,3,2,1,2,2,1,2,False,
SURV0008030,DUD101008,2021-10-21,5,5,5,4,4,4,5,5,5,True,
SURV0008031,DUD101008,2021-11-22,5,5,5,4,5,5,5,4,5,True,
SURV0008032,DUD101008,2021-12-07,4,4,3,4,3,4,4,4,4,True,
SURV0008033,DUD101008,2022-01-25,4,3,4,5,4,4,3,3,3,True,
SURV0008034,DUD101009,2021-04-19,3,3,3,3,3,3,3,4,2,False,
SURV0008035,DUD101009,2021-05-01,5,4,5,4,4,5,5,5,5,True,
SURV0008036,DUD101009,2021-06-20,4,4,4,3,5,3,4,3,5,True,
SURV0008037,DUD101009,2021-07-04,4,4,5,4,4,5,3,5,3,True,
SURV0008038,DUD101009,2021-08-15,4,5,3,5,3,4,3,5,5,True,
SURV0008039,DUD101009,2021-09-21,3,3,2,4,4,3,3,2,3,False,
SURV0008040,DUD101009,2021-10-07,4,3,3,5,4,3,4,3,3,True,
SURV0008041,DUD101009,2021-11-19,3,3,3,2,3,3,3,2,3,False,
SURV0008042,DUD101009,2021-12-20,3,3,3,3,3,2,3,4,2,False,
SURV0008043,DUD101010,2021-06-16,4,3,4,4,4,5,4,4,3,True,
SURV0008044,DUD101010,2021-07-02,4,3,3,5,4,5,5,5,5,True,
SURV0008045,DUD101010,2021-08-23,5,5,5,5,5,5,4,5,5,True,
SURV0008046,DUD101010,2021-09-22,5,5,4,5,5,5,5,4,5,True,
SURV0008047,DUD101010,2021-10-14,2,2,2,3,3,2,1,2,2,False,
SURV0008048,DUD101011,2024-02-28,1,1,1,1,1,2,1,1,1,False,
SURV0008049,DUD101011,2024-03-12,3,3,3,4,3,2,3,2,2,False,
SURV0008050,DUD101011,2024-04-14,5,5,5,5,4,5,5,5,4,True,
SURV0008051,DUD101011,2024-05-12,4,3,3,5,3,4,4,4,3,True,
SURV0008052,DUD101011,2024-06-18,4,4,4,5,4,4,5,3,4,True,
SURV0008053,DUD101012,2023-06-22,4,5,4,4,4,4,4,4,3,True,
SURV0008054,DUD101012,2023-07-14,4,4,3,4,5,4,5,4,3,True,
SURV0008055,DUD101012,2023-08-11,3,4,4,4,2,3,4,4,3,False,
SURV0008056,DUD101012,2023-09-09,4,5,4,5,3,5,5,4,4,True,
SURV0008057,DUD101012,2023-10-08,4,5,4,3,4,3,4,3,5,True,
SURV0008058,DUD101012,2023-11-28,4,3,3,3,5,5,4,5,5,True,
SURV0008059,DUD101012,2023-12-27,3,2,2,3,3,4,4,4,4,False,
SURV0008060,DUD101012,2024-01-18,2,2,2,2,2,3,1,2,2,False,
SURV0008061,DUD101012,2024-02-24,5,5,5,5,4,5,5,5,5,True,
SURV0008062,DUD101012,2024-03-17,4,5,5,5,4,4,5,4,4,True,
SURV0008063,DUD101012,2024-04-17,4,4,4,4,5,4,4,3,5,True,
SURV0008064,DUD101013,2022-11-14,5,5,5,5,5,5,5,4,4,True,
SURV0008065,DUD101013,2022-12-24,4,4,4,4,4,5,5,4,5,True,
SURV0008066,DUD101013,2023-01-17,3,3,2,3,2,4,3,3,4,False,
SURV0008067,DUD101013,2023-02-04,4,4,5,5,3,4,3,3,4,True,
SURV0008068,DUD101013,2023-03-22,5,5,4,5,5,5,5,5,5,True,
SURV0008069,DUD101014,2023-08-06,4,3,5,3,4,3,4,5,4,True,
SURV0008070,DUD101014,2023-09-20,1,1,1,1,2,1,1,1,1,False,
SURV0008071,DUD101014,2023-10-21,2,2,1,2,1,2,1,1,2,False,
SURV0008072,DUD101014,2023-11-15,3,3,3,3,3,4,3,3,3,False,
SURV0008073,DUD101014,2023-12-11,5,4,4,5,5,5,5,5,5,True,
SURV0008074,DUD101014,2024-01-20,4,4,5,4,4,4,4,3,5,True,
SURV0008075,DUD101014,2024-02-18,4,4,5,4,4,4,3,4,5,True,
SURV0008076,DUD101014,2024-03-06,5,5,5,5,5,5,5,5,5,True,
SURV0008077,DUD101014,2024-04-11,4,4,3,3,4,4,4,3,4,True,
SURV0008078,DUD101014,2024-05-07,4,5,4,3,4,3,3,5,5,True,
SURV0008079,DUD101014,2024-06-22,3,3,3,3,2,3,4,2,4,False,
SURV0008080,DUD101014,2024-07-26,4,3,4,4,4,3,4,5,3,True,
SURV0008081,DUD101015,2023-10-07,4,4,5,4,4,4,5,5,3,True,
SURV0008082,DUD101015,2023-11-23,3,3,4,3,3,2,2,2,4,False,
SURV0008083,DUD101015,2023-12-19,4,4,5,5,3,4,4,4,4,True,
SURV0008084,DUD101015,2024-01-25,5,4,5,4,5,5,5,5,5,True,
SURV0008085,DUD101015,2024-02-20,5,5,5,5,5,5,5,5,5,True,
SURV0008086,DUD101015,2024-03-11,4,4,5,5,5,4,5,3,4,True,
SURV0008087,DUD101015,2024-04-11,5,5,5,5,5,5,5,4,5,True,
SURV0008088,DUD101015,2024-05-24,4,4,3,4,5,3,4,5,4,True,
SURV0008089,DUD101015,2024-06-25,5,4,5,5,4,5,5,5,5,True,
SURV0008090,DUD101015,2024-07-02,3,2,3,3,4,3,3,4,3,False,
SURV0008091,DUD101015,2024-08-02,1,1,1,1,1,1,1,1,1,False,
SURV0008092,DUD101015,2024-09-19,4,5,4,4,3,3,3,4,5,True,
SURV0008093,DUD101016,2022-05-18,3,3,3,2,2,3,2,3,3,False,
SURV0008094,DUD101016,2022-06-15,4,3,4,5,4,4,4,4,3,True,
SURV0008095,DUD101016,2022-07-15,5,5,5,5,5,4,5,4,5,True,
SURV0008096,DUD101016,2022-08-14,4,4,3,4,5,4,4,3,4,True,
SURV0008097,DUD101016,2022-09-17,3,2,4,3,3,2,3,3,3,False,
SURV0008098,DUD101017,2024-09-13,4,4,4,3,5,3,4,3,4,True,
SURV0008099,DUD101017,2024-10-19,4,3,4,4,4,5,3,5,4,True,
SURV0008100,DUD101017,2024-11-17,4,5,4,4,4,4,3,4,3,True,
SURV0008101,DUD101017,2024-12-26,4,4,4,4,4,4,4,4,5,True,
SURV0008102,DUD101018,2024-09-05,5,5,4,5,5,5,4,5,5,True,
SURV0008103,DUD101018,2024-10-03,2,1,2,2,3,3,3,2,2,False,
SURV0008104,DUD101018,2024-11-05,3,3,4,3,2,3,4,3,2,False,
SURV0008105,DUD101018,2024-12-27,3,3,2,3,3,3,4,2,3,False,
SURV0008106,DUD101018,2025-01-01,2,2,2,1,2,2,2,3,2,False,
SURV0008107,DUD101018,2025-02-16,2,1,2,3,3,2,1,3,2,False,
SURV0008108,DUD101018,2025-03-11,4,4,4,4,5,5,4,3,3,True,
SURV0008109,DUD101018,2025-04-01,3,2,4,3,3,2,3,4,3,False,
SURV0008110,DUD101018,2025-05-12,4,3,5,4,4,3,3,4,4,True,
SURV0008111,DUD101018,2025-06-07,2,2,3,1,1,1,2,2,2,False,
SURV0008112,DUD101019,2023-08-20,2,2,2,2,3,2,2,2,2,False,
SURV0008113,DUD101019,2023-09-16,5,5,4,5,5,5,5,4,5,True,
SURV0008114,DUD101019,2023-10-10,4,4,4,3,3,3,5,4,4,True,
SURV0008115,DUD101019,2023-11-23,4,4,4,4,3,4,5,5,4,True,
SURV0008116,DUD101019,2023-12-05,3,3,2,4,3,3,2,2,3,False,
SURV0008117,DUD101019,2024-01-18,5,5,5,5,5,4,5,5,4,True,
SURV0008118,DUD101019,2024-02-14,4,4,3,5,5,3,4,3,5,True,
SURV0008119,DUD101019,2024-03-13,3,3,3,3,3,3,3,3,3,False,
SURV0008120,DUD101020,2022-06-19,4,4,3,3,5,3,4,5,4,True,
SURV0008121,DUD101020,2022-07-15,5,5,5,4,4,5,5,5,4,True,
SURV0008122,DUD101020,2022-08-17,4,4,4,4,5,3,3,3,4,True,
SURV0008123,DUD101020,2022-09-04,5,5,5,5,5,5,5,5,4,True,
SURV0008124,DUD101020,2022-10-14,4,4,4,4,4,4,5,4,4,True,
SURV0008125,DUD101020,2022-11-27,5,4,5,5,5,5,4,4,4,True,
SURV0008126,DUD101020,2022-12-09,2,2,1,1,2,2,2,2,2,False,
SURV0008127,DUD101020,2023-01-12,5,5,5,5,5,5,5,5,5,True,
SURV0008128,DUD101021,2021-11-22,5,5,4,5,5,4,4,5,4,True,
SURV0008129,DUD101021,2021-12-09,4,4,4,3,4,4,5,3,5,True,
SURV0008130,DUD101021,2022-01-16,4,4,4,4,4,4,4,3,4,True,
SURV0008131,DUD101021,2022-02-04,3,4,3,2,3,3,3,3,3,False,
SURV0008132,DUD101021,2022-03-28,4,3,5,5,3,4,3,3,4,True,
SURV0008133,DUD101021,2022-04-21,4,5,4,5,3,5,3,5,4,True,
SURV0008134,DUD101021,2022-05-26,4,3,3,4,4,5,4,4,4,True,
SURV0008135,DUD101021,2022-06-19,5,5,5,5,5,5,5,5,5,True,
SURV0008136,DUD101021,2022-07-13,4,4,3,5,3,4,4,4,4,True,
SURV0008137,DUD101021,2022-08-01,4,5,4,3,4,4,3,4,4,True,
SURV0008138,DUD101022,2022-09-11,5,5,5,5,5,5,5,5,5,True,
SURV0008139,DUD101022,2022-10-06,4,4,4,4,4,4,3,4,4,True,
SURV0008140,DUD101022,2022-11-27,3,3,3,4,2,3,2,2,3,False,
SURV0008141,DUD101022,2022-12-13,4,5,4,5,4,4,5,4,5,True,
SURV0008142,DUD101022,2023-01-17,4,4,3,4,3,4,5,5,4,True,
SURV0008143,DUD101022,2023-02-24,5,4,5,5,5,5,4,5,5,True,
SURV0008144,DUD101022,2023-03-21,4,4,3,3,3,3,4,3,4,True,
SURV0008145,DUD101022,2023-04-21,4,4,5,3,3,4,4,4,4,True,
SURV0008146,DUD101022,2023-05-12,5,5,5,4,5,5,4,5,5,True,
SURV0008147,DUD101023,2021-10-02,4,5,5,4,4,5,4,3,3,True,
SURV0008148,DUD101023,2021-11-13,4,4,4,4,5,5,3,4,5,True,
SURV0008149,DUD101023,2021-12-05,2,2,2,1,3,1,1,3,2,False,
SURV0008150,DUD101023,2022-01-05,5,4,5,5,5,5,5,5,5,True,
SURV0008151,DUD101023,2022-02-19,5,5,5,5,5,5,5,4,5,True,
SURV0008152,DUD101023,2022-03-07,5,5,5,5,5,5,5,5,5,True,
SURV0008153,DUD101023,2022-04-15,4,4,3,4,4,3,3,3,5,True,
SURV0008154,DUD101023,2022-05-20,5,4,4,5,5,5,4,5,5,True,
SURV0008155,DUD101023,2022-06-14,5,5,5,5,4,5,4,4,5,True,
SURV0008156,DUD101023,2022-07-27,5,4,4,4,5,5,5,5,5,True,
SURV0008157,DUD101023,2022-08-10,3,4,3,3,2,2,2,3,3,False,
SURV0008158,DUD101024,2024-11-24,5,5,5,5,5,5,5,5,4,True,
SURV0008159,DUD101024,2024-12-09,4,5,5,3,4,3,3,4,3,True,
SURV0008160,DUD101024,2025-01-12,2,2,1,2,1,1,2,3,2,False,
SURV0008161,DUD101024,2025-02-06,4,4,4,4,3,4,4,4,4,True,
SURV0008162,DUD101024,2025-03-20,5,5,5,4,4,5,5,4,5,True,
SURV0008163,DUD101024,2025-04-03,5,5,4,5,5,5,5,5,4,True,
SURV0008164,DUD101025,2024-12-01,3,3,2,2,2,2,3,3,3,False,
SURV0008165,DUD101025,2025-01-10,4,4,3,5,3,4,3,5,5,True,
SURV0008166,DUD101025,2025-02-02,3,2,4,3,3,4,3,2,3,False,
SURV0008167,DUD101025,2025-03-06,2,1,2,2,2,3,3,1,2,False,
SURV0008168,DUD101025,2025-04-22,4,4,4,3,4,4,3,3,3,True,
SURV0008169,DUD101025,2025-05-09,4,3,4,3,4,5,3,4,4,True,
SURV0008170,DUD101026,2022-08-03,5,5,5,5,5,5,5,5,4,True,
SURV0008171,DUD101026,2022-09-22,5,5,5,4,5,4,4,5,4,True,
SURV0008172,DUD101026,2022-10-01,3,3,2,3,2,2,3,4,3,False,
SURV0008173,DUD101026,2022-11-23,4,4,5,4,4,4,4,4,4,True,
SURV0008174,DUD101026,2022-12-08,5,5,5,5,5,4,4,5,5,True,
SURV0008175,DUD101026,2023-01-01,3,3,2,3,4,4,3,4,2,False,
SURV0008176,DUD101026,2023-02-08,4,4,4,3,4,5,5,5,4,True,
SURV0008177,DUD101026,2023-03-16,3,3,2,4,3,4,2,3,3,False,
SURV0008178,DUD101026,2023-04-02,5,5,5,5,5,5,4,4,5,True,
SURV0008179,DUD101026,2023-05-21,1,1,1,1,1,1,2,2,1,False,
SURV0008180,DUD101026,2023-06-04,4,4,3,5,3,5,4,4,3,True,
SURV0008181,DUD101026,2023-07-22,4,3,5,4,3,4,4,3,4,True,
SURV0008182,DUD101027,2021-01-01,4,4,4,4,4,3,4,4,3,True,
SURV0008183,DUD101027,2021-02-21,5,4,5,5,5,5,5,5,5,True,
SURV0008184,DUD101027,2021-03-15,4,5,4,4,4,4,4,4,4,True,
SURV0008185,DUD101027,2021-04-02,4,4,4,5,3,5,4,4,4,True,
SURV0008186,DUD101027,2021-05-13,4,4,3,5,3,5,4,3,4,True,
SURV0008187,DUD101027,2021-06-14,5,5,5,4,4,5,5,5,5,True,
SURV0008188,DUD101027,2021-07-09,2,2,1,2,3,2,2,3,1,False,
SURV0008189,DUD101027,2021-08-04,5,5,5,5,4,5,4,5,5,True,
SURV0008190,DUD101027,2021-09-18,1,1,1,1,1,1,1,2,1,False,
SURV0008191,DUD101028,2023-05-20,4,4,4,4,4,5,4,5,3,True,
SURV0008192,DUD101028,2023-06-20,3,4,4,4,4,4,3,3,4,False,
SURV0008193,DUD101028,2023-07-03,3,4,3,3,2,3,2,4,2,False,
SURV0008194,DUD101028,2023-08-10,4,5,4,5,4,5,4,3,4,True,
SURV0008195,DUD101028,2023-09-27,2,1,3,3,1,1,3,2,1,False,
SURV0008196,DUD101028,2023-10-10,2,2,2,1,3,2,2,2,2,False,
SURV0008197,DUD101028,2023-11-25,4,3,5,5,3,4,4,4,5,True,
SURV0008198,DUD101028,2023-12-10,5,5,5,5,4,5,5,5,5,True,
SURV0008199,DUD101029,2021-05-18,4,4,4,4,4,3,5,4,4,True,
SURV0008200,DUD101029,2021-06-14,3,2,3,3,3,2,4,2,3,False,
SURV0008201,DUD101029,2021-07-19,4,4,4,5,4,3,4,4,4,True,
SURV0008202,DUD101029,2021-08-06,4,4,4,4,4,5,5,4,3,True,
SURV0008203,DUD101029,2021-09-22,4,4,4,4,3,3,3,4,5,True,
SURV0008204,DUD101029,2021-10-10,4,4,4,4,5,5,5,3,4,True,
SURV0008205,DUD101029,2021-11-18,2,3,2,2,2,3,1,2,2,False,
SURV0008206,DUD101029,2021-12-16,3,4,3,4,3,2,3,3,2,False,
SURV0008207,DUD101029,2022-01-06,4,5,4,5,3,5,4,5,4,True,
SURV0008208,DUD101029,2022-02-03,5,4,4,5,4,5,4,4,4,True,
SURV0008209,DUD101030,2024-04-14,1,1,2,1,2,2,1,1,1,False,
SURV0008210,DUD101030,2024-05-10,1,1,2,1,2,1,1,1,1,False,
SURV0008211,DUD101030,2024-06-10,3,4,3,3,3,4,2,2,3,False,
SURV0008212,DUD101030,2024-07-15,1,1,2,1,1,2,1,2,1,False,
SURV0008213,DUD101030,2024-08-03,5,5,5,4,5,5,5,5,5,True,
SURV0008214,DUD101030,2024-09-23,4,5,4,4,4,3,4,5,4,True,
SURV0008215,DUD101030,2024-10-23,5,5,5,4,5,4,4,4,5,True,
SURV0008216,DUD101030,2024-11-25,5,5,5,5,5,4,4,5,5,True,
SURV0008217,DUD101030,2024-12-14,5,5,5,4,4,5,5,5,5,True,
SURV0008218,DUD101031,2021-10-25,3,2,2,2,4,3,3,2,2,False,
SURV0008219,DUD101031,2021-11-03,3,3,4,4,3,3,4,4,2,False,
SURV0008220,DUD101031,2021-12-25,4,4,5,5,4,4,5,3,5,True,
SURV0008221,DUD101031,2022-01-03,4,4,5,3,3,4,5,3,3,True,
SURV0008222,DUD101031,2022-02-22,2,2,2,2,1,2,3,2,1,False,
SURV0008223,DUD101031,2022-03-28,4,4,5,4,4,5,5,3,4,True,
SURV0008224,DUD101031,2022-04-24,4,4,3,3,3,4,4,3,4,True,
SURV0008225,DUD101032,2021-07-12,3,2,3,3,3,2,3,4,4,False,
SURV0008226,DUD101032,2021-08-27,3,3,2,2,4,3,3,3,3,False,
SURV0008227,DUD101032,2021-09-04,3,3,3,3,2,2,2,4,3,False,
SURV0008228,DUD101032,2021-10-16,4,4,4,4,5,4,3,4,4,True,
SURV0008229,DUD101032,2021-11-04,5,5,5,5,4,5,5,5,5,True,
SURV0008230,DUD101032,2021-12-26,5,5,5,5,5,4,5,5,5,True,
SURV0008231,DUD101032,2022-01-12,4,5,4,4,4,3,4,4,4,True,
SURV0008232,DUD101032,2022-02-07,3,4,2,4,3,4,4,3,3,False,
SURV0008233,DUD101032,2022-03-04,2,2,2,2,3,2,2,3,3,False,
SURV0008234,DUD101032,2022-04-18,4,5,5,5,5,4,3,4,3,True,
SURV0008235,DUD101032,2022-05-17,5,5,5,4,5,5,5,4,5,True,
SURV0008236,DUD101032,2022-06-03,2,2,2,2,2,2,1,1,2,False,
SURV0008237,DUD101033,2023-09-11,4,3,3,4,4,5,4,5,4,True,
SURV0008238,DUD101033,2023-10-15,5,5,4,5,5,4,4,4,5,True,
SURV0008239,DUD101033,2023-11-05,4,5,4,5,4,4,5,4,5,True,
SURV0008240,DUD101033,2023-12-04,4,4,3,4,3,5,4,5,5,True,
SURV0008241,DUD101033,2024-01-21,4,4,3,5,4,3,3,3,5,True,
SURV0008242,DUD101033,2024-02-05,3,3,2,3,3,4,3,3,3,False,
SURV0008243,DUD101033,2024-03-24,4,4,4,5,4,3,4,3,4,True,
SURV0008244,DUD101033,2024-04-13,3,3,3,3,3,3,3,3,2,False,
SURV0008245,DUD101034,2024-05-03,3,2,4,3,4,3,3,3,3,False,
SURV0008246,DUD101034,2024-06-15,4,4,5,4,5,5,5,4,4,True,
SURV0008247,DUD101034,2024-07-15,4,4,3,5,4,4,4,4,3,True,
SURV0008248,DUD101034,2024-08-05,1,1,1,2,2,1,2,1,1,False,
SURV0008249,DUD101034,2024-09-19,1,1,1,1,2,1,1,1,2,False,
SURV0008250,DUD101034,2024-10-08,5,5,5,4,5,5,5,5,5,True,
SURV0008251,DUD101034,2024-11-06,3,2,3,3,3,4,4,4,3,False,
SURV0008252,DUD101034,2024-12-28,4,3,3,4,4,3,4,3,3,True,
SURV0008253,DUD101034,2025-01-23,4,4,4,4,4,4,4,5,4,True,
SURV0008254,DUD101034,2025-02-22,5,4,5,5,5,5,4,5,4,True,
SURV0008255,DUD101035,2021-09-16,3,2,3,3,4,2,3,3,3,False,
SURV0008256,DUD101035,2021-10-10,5,5,4,5,5,5,5,5,5,True,
SURV0008257,DUD101035,2021-11-26,5,4,5,4,5,5,4,5,5,True,
SURV0008258,DUD101035,2021-12-02,5,4,5,4,4,5,4,5,5,True,
SURV0008259,DUD101035,2022-01-09,4,4,4,4,3,3,4,3,4,True,
SURV0008260,DUD101035,2022-02-15,4,5,3,5,3,5,4,4,3,True,
SURV0008261,DUD101035,2022-03-07,4,3,4,3,3,4,4,4,4,True,
SURV0008262,DUD101036,2024-12-25,2,1,2,1,3,2,2,2,2,False,
SURV0008263,DUD101036,2025-01-04,5,5,5,5,5,4,5,5,5,True,
SURV0008264,DUD101036,2025-02-20,4,3,4,3,4,3,5,4,3,True,
SURV0008265,DUD101036,2025-03-18,3,3,4,3,3,3,3,3,4,False,
SURV0008266,DUD101036,2025-04-07,5,4,4,4,5,5,5,5,5,True,
SURV0008267,DUD101036,2025-05-25,4,3,3,4,4,3,5,4,4,True,
SURV0008268,DUD101037,2022-04-04,3,4,3,3,3,3,3,2,3,False,
SURV0008269,DUD101037,2022-05-08,5,5,5,5,5,5,5,5,4,True,
SURV0008270,DUD101037,2022-06-22,3,3,3,3,3,3,3,4,2,False,
SURV0008271,DUD101037,2022-07-04,4,4,3,4,4,5,4,4,4,True,
SURV0008272,DUD101037,2022-08-21,4,4,4,3,5,3,5,4,4,True,
SURV0008273,DUD101037,2022-09-02,1,1,1,1,1,1,2,1,1,False,
SURV0008274,DUD101037,2022-10-16,5,5,5,4,4,5,4,5,5,True,
SURV0008275,DUD101037,2022-11-20,2,2,2,2,1,2,3,2,2,False,
SURV0008276,DUD101037,2022-12-23,3,4,3,3,3,3,3,3,3,False,
SURV0008277,DUD101037,2023-01-27,5,5,4,5,5,5,5,5,5,True,
SURV0008278,DUD101038,2022-10-27,4,5,3,3,4,3,4,4,4,True,
SURV0008279,DUD101038,2022-11-02,4,3,4,4,5,4,3,3,4,True,
SURV0008280,DUD101038,2022-12-26,5,4,4,5,5,5,4,5,5,True,
SURV0008281,DUD101038,2023-01-22,4,4,3,3,3,5,5,5,3,True,
SURV0008282,DUD101038,2023-02-21,4,3,4,4,4,5,5,4,4,True,
SURV0008283,DUD101038,2023-03-26,3,3,3,3,3,2,3,2,3,False,
SURV0008284,DUD101039,2024-07-10,4,4,5,3,3,4,4,5,4,True,
SURV0008285,DUD101039,2024-08-03,4,4,4,5,4,3,5,5,5,True,
SURV0008286,DUD101039,2024-09-06,5,5,5,4,5,5,4,5,5,True,
SURV0008287,DUD101039,2024-10-25,3,3,4,3,3,3,3,3,4,False,
SURV0008288,DUD101039,2024-11-24,3,3,2,4,2,3,2,2,2,False,
SURV0008289,DUD101039,2024-12-13,5,5,4,4,5,5,5,5,4,True,
SURV0008290,DUD101039,2025-01-10,5,4,5,5,5,4,5,5,5,True,
SURV0008291,DUD101039,2025-02-04,1,1,1,1,1,1,1,1,2,False,
SURV0008292,DUD101040,2023-06-03,3,2,3,4,3,3,3,3,2,False,
SURV0008293,DUD101040,2023-07-14,3,4,3,2,2,4,3,2,4,False,
SURV0008294,DUD101040,2023-08-06,4,5,5,5,3,4,3,4,4,True,
SURV0008295,DUD101040,2023-09-15,4,4,5,3,5,3,3,4,5,True,
SURV0008296,DUD101040,2023-10-10,4,5,4,3,4,3,4,4,4,True,
SURV0008297,DUD101040,2023-11-01,4,5,5,5,5,4,4,3,5,True,
SURV0008298,DUD101040,2023-12-08,3,2,4,2,4,3,3,3,3,False,
SURV0008299,DUD101040,2024-01-12,4,4,3,5,4,3,5,3,4,True,
SURV0008300,DUD101040,2024-02-05,3,2,4,3,3,4,4,3,4,False,
SURV0008301,DUD101040,2024-03-01,4,3,4,4,3,5,4,3,4,True,
SURV0008302,DUD101040,2024-04-12,5,4,4,5,4,4,5,5,4,True,
SURV0008303,DUD101040,2024-05-02,3,2,3,3,4,4,3,4,4,False,
SURV0008304,DUD101041,2024-07-20,2,2,3,3,1,2,2,3,3,False,
SURV0008305,DUD101041,2024-08-10,3,3,2,3,3,3,2,3,3,False,
SURV0008306,DUD101041,2024-09-27,4,5,3,4,5,5,3,3,4,True,
SURV0008307,DUD101041,2024-10-24,3,2,2,4,3,4,2,2,4,False,
SURV0008308,DUD101041,2024-11-15,4,3,3,4,3,3,3,3,4,True,
SURV0008309,DUD101041,2024-12-20,4,4,4,4,3,4,4,5,4,True,
SURV0008310,DUD101041,2025-01-05,4,3,5,4,5,3,5,4,4,True,
SURV0008311,DUD101041,2025-02-21,4,3,5,4,4,5,5,4,4,True,
SURV0008312,DUD101041,2025-03-25,4,3,3,4,4,4,3,4,5,True,
SURV0008313,DUD101041,2025-04-20,2,2,3,2,2,1,2,2,1,False,
SURV0008314,DUD101041,2025-05-17,4,3,5,4,4,3,5,3,4,True,
SURV0008315,DUD101041,2025-06-20,3,4,3,3,3,3,2,4,2,False,
SURV0008316,DUD101042,2021-11-23,3,3,3,3,3,3,3,3,2,False,
SURV0008317,DUD101042,2021-12-24,3,3,4,2,4,3,3,4,4,False,
SURV0008318,DUD101042,2022-01-09,5,4,5,5,5,5,4,5,5,True,
SURV0008319,DUD101042,2022-02-04,4,4,5,4,4,5,3,3,4,True,
SURV0008320,DUD101042,2022-03-18,5,5,5,4,5,5,5,5,5,True,
SURV0008321,DUD101042,2022-04-25,5,5,5,5,5,5,4,5,4,True,
SURV0008322,DUD101042,2022-05-12,4,4,3,5,3,5,3,3,3,True,
SURV0008323,DUD101043,2022-11-01,2,1,2,1,2,2,2,3,1,False,
SURV0008324,DUD101043,2022-12-17,3,2,4,3,3,2,3,3,4,False,
SURV0008325,DUD101043,2023-01-14,4,5,4,4,5,5,4,5,5,True,
SURV0008326,DUD101043,2023-02-13,4,5,3,3,4,4,3,5,3,True,
SURV0008327,DUD101043,2023-03-02,5,5,5,5,5,5,5,5,5,True,
SURV0008328,DUD101043,2023-04-18,3,4,2,3,4,3,4,3,3,False,
SURV0008329,DUD101043,2023-05-08,3,4,3,2,3,4,3,3,4,False,
SURV0008330,DUD101043,2023-06-22,4,4,5,3,5,5,4,4,3,True,
SURV0008331,DUD101043,2023-07-08,4,4,3,5,3,3,5,3,4,True,
SURV0008332,DUD101043,2023-08-21,3,2,3,3,3,2,4,3,4,False,
SURV0008333,DUD101044,2024-04-13,4,4,3,3,5,5,5,4,5,True,
SURV0008334,DUD101044,2024-05-17,4,4,5,3,4,4,5,4,5,True,
SURV0008335,DUD101044,2024-06-03,2,1,3,3,2,2,2,2,3,False,
SURV0008336,DUD101044,2024-07-23,3,3,3,3,3,4,3,2,3,False,
SURV0008337,DUD101044,2024-08-21,5,5,4,5,5,5,5,4,4,True,
SURV0008338,DUD101044,2024-09-17,4,4,4,4,4,5,4,3,4,True,
SURV0008339,DUD101044,2024-10-03,4,4,4,3,4,5,3,4,4,True,
SURV0008340,DUD101045,2021-05-26,3,4,4,4,2,2,4,4,3,False,
SURV0008341,DUD101045,2021-06-16,4,5,5,5,5,4,3,4,5,True,
SURV0008342,DUD101045,2021-07-13,4,4,4,4,4,4,4,4,4,True,
SURV0008343,DUD101045,2021-08-24,3,3,3,3,3,2,4,3,3,False,
SURV0008344,DUD101045,2021-09-28,4,4,4,4,3,3,4,4,3,True,
SURV0008345,DUD101045,2021-10-01,4,3,4,4,5,5,4,3,4,True,
SURV0008346,DUD101045,2021-11-15,5,5,4,5,5,5,5,5,5,True,
SURV0008347,DUD101045,2021-12-26,3,2,2,3,2,3,3,3,3,False,
SURV0008348,DUD101045,2022-01-12,3,3,3,3,2,2,4,2,3,False,
SURV0008349,DUD101045,2022-02-24,4,4,4,4,3,4,3,4,4,True,
SURV0008350,DUD101045,2022-03-17,4,4,3,4,4,4,3,5,5,True,
SURV0008351,DUD101046,2023-12-16,4,4,4,5,4,4,5,3,5,True,
SURV0008352,DUD101046,2024-01-03,1,2,1,1,1,1,1,1,1,False,
SURV0008353,DUD101046,2024-02-28,5,5,5,5,5,5,5,5,4,True,
SURV0008354,DUD101046,2024-03-15,4,4,4,4,5,4,4,3,3,True,
SURV0008355,DUD101047,2023-12-11,2,1,2,2,2,1,2,2,2,False,
SURV0008356,DUD101047,2024-01-09,3,2,2,3,4,2,2,4,4,False,
SURV0008357,DUD101047,2024-02-25,3,3,4,4,4,2,3,3,4,False,
SURV0008358,DUD101047,2024-03-25,2,2,3,2,2,1,3,3,3,False,
SURV0008359,DUD101047,2024-04-15,5,4,5,5,4,5,4,5,5,True,
SURV0008360,DUD101047,2024-05-06,3,3,2,2,2,4,4,2,3,False,
SURV0008361,DUD101047,2024-06-02,5,5,4,5,5,5,5,4,5,True,
SURV0008362,DUD101047,2024-07-18,4,4,5,4,4,5,5,4,5,True,
SURV0008363,DUD101047,2024-08-04,4,4,4,4,5,5,4,5,5,True,
SURV0008364,DUD101048,2024-07-20,4,5,4,4,5,3,4,4,3,True,
SURV0008365,DUD101048,2024-08-15,3,3,4,3,3,2,2,2,4,False,
SURV0008366,DUD101048,2024-09-07,4,4,3,4,4,5,5,3,3,True,
SURV0008367,DUD101048,2024-10-26,4,3,5,4,4,4,4,4,5,True,
SURV0008368,DUD101048,2024-11-23,1,2,1,1,1,1,1,1,1,False,
SURV0008369,DUD101048,2024-12-22,5,5,4,5,5,5,5,5,5,True,
SURV0008370,DUD101049,2024-11-26,3,3,3,2,4,2,3,4,3,False,
SURV0008371,DUD101049,2024-12-27,1,1,1,2,2,2,2,2,1,False,
SURV0008372,DUD101049,2025-01-03,4,4,4,5,4,3,3,4,5,True,
SURV0008373,DUD101049,2025-02-03,4,5,4,3,4,4,3,4,5,True,
SURV0008374,DUD101049,2025-03-24,4,3,5,4,4,4,4,5,5,True,
SURV0008375,DUD101049,2025-04-27,4,5,4,4,3,4,4,4,3,True,
SURV0008376,DUD101050,2023-07-23,1,1,1,1,1,1,1,2,1,False,
SURV0008377,DUD101050,2023-08-19,4,4,3,3,3,4,4,5,4,True,
SURV0008378,DUD101050,2023-09-02,4,3,3,5,3,4,3,5,4,True,
SURV0008379,DUD101050,2023-10-27,3,3,3,3,3,3,2,2,4,False,
SURV0008380,DUD101050,2023-11-14,4,3,4,5,3,5,5,3,4,True,
SURV0008381,DUD101051,2023-07-08,3,3,2,2,4,4,3,3,3,False,
SURV0008382,DUD101051,2023-08-02,1,2,2,1,1,1,1,1,1,False,
SURV0008383,DUD101051,2023-09-09,5,5,5,5,4,5,5,5,5,True,
SURV0008384,DUD101051,2023-10-21,2,1,1,2,2,3,2,3,1,False,
SURV0008385,DUD101051,2023-11-05,2,2,2,1,2,2,1,2,3,False,
SURV0008386,DUD101051,2023-12-02,5,5,5,5,5,5,4,5,4,True,
SURV0008387,DUD101051,2024-01-13,5,5,5,5,5,5,5,5,5,True,
SURV0008388,DUD101051,2024-02-16,3,3,3,4,3,3,3,3,3,False,
SURV0008389,DUD101051,2024-03-16,5,5,5,5,5,5,5,5,4,True,
SURV0008390,DUD101051,2024-04-10,4,3,4,3,5,5,4,5,4,True,
SURV0008391,DUD101051,2024-05-13,2,2,2,2,2,2,3,1,2,False,
SURV0008392,DUD101052,2024-05-01,4,5,5,4,4,5,5,3,3,True,
SURV0008393,DUD101052,2024-06-14,3,4,2,2,2,4,3,2,4,False,
SURV0008394,DUD101052,2024-07-06,4,4,4,4,4,3,3,3,4,True,
SURV0008395,DUD101052,2024-08-22,5,5,4,4,5,4,5,4,5,True,
SURV0008396,DUD101052,2024-09-14,3,3,3,3,3,2,2,4,2,False,
SURV0008397,DUD101052,2024-10-27,4,4,5,4,4,4,4,4,3,True,
SURV0008398,DUD101052,2024-11-14,2,2,2,2,2,1,2,3,2,False,
SURV0008399,DUD101052,2024-12-02,4,4,4,4,4,4,4,4,4,True,
SURV0008400,DUD101052,2025-01-13,3,3,2,2,4,4,3,2,4,False,
SURV0008401,DUD101052,2025-02-28,4,4,4,4,3,5,5,4,3,True,
SURV0008402,DUD101052,2025-03-03,5,5,5,5,5,5,4,5,5,True,
SURV0008403,DUD101052,2025-04-19,5,5,4,5,5,5,5,4,5,True,
SURV0008404,DUD101053,2024-04-15,3,3,3,4,2,4,3,2,2,False,
SURV0008405,DUD101053,2024-05-26,4,4,3,3,4,3,4,4,4,True,
SURV0008406,DUD101053,2024-06-12,3,2,2,3,4,3,4,2,2,False,
SURV0008407,DUD101053,2024-07-14,3,2,4,3,2,3,2,4,3,False,
SURV0008408,DUD101053,2024-08-25,3,3,4,4,3,4,3,3,3,False,
SURV0008409,DUD101053,2024-09-14,4,4,4,4,4,4,4,3,4,True,
SURV0008410,DUD101053,2024-10-28,5,5,5,5,4,5,4,4,5,True,
SURV0008411,DUD101053,2024-11-19,4,4,3,4,4,5,5,5,4,True,
SURV0008412,DUD101054,2021-12-22,4,5,5,3,4,4,4,4,5,True,
SURV0008413,DUD101054,2022-01-08,4,4,4,5,4,4,5,4,3,True,
SURV0008414,DUD101054,2022-02-09,5,5,5,5,4,5,5,5,5,True,
SURV0008415,DUD101054,2022-03-25,4,4,4,4,3,4,5,5,3,True,
SURV0008416,DUD101054,2022-04-07,3,4,3,4,2,3,3,3,2,False,
SURV0008417,DUD101054,2022-05-07,3,4,2,4,4,3,3,3,2,False,
SURV0008418,DUD101054,2022-06-16,4,3,4,4,3,4,4,4,3,True,
SURV0008419,DUD101054,2022-07-17,3,4,3,2,3,2,3,3,3,False,
SURV0008420,DUD101054,2022-08-08,3,3,3,3,2,3,2,2,3,False,
SURV0008421,DUD101055,2024-06-19,4,5,4,4,5,5,3,3,4,True,
SURV0008422,DUD101055,2024-07-17,4,5,4,4,4,4,4,5,4,True,
SURV0008423,DUD101055,2024-08-01,4,4,4,4,3,4,3,5,3,True,
SURV0008424,DUD101055,2024-09-15,3,3,2,3,4,3,3,3,3,False,
SURV0008425,DUD101055,2024-10-01,4,3,4,4,3,5,4,3,5,True,
SURV0008426,DUD101055,2024-11-09,4,4,3,5,3,4,4,4,4,True,
SURV0008427,DUD101056,2023-06-17,5,5,5,5,5,5,5,5,5,True,
SURV0008428,DUD101056,2023-07-27,1,2,2,1,1,1,1,2,2,False,
SURV0008429,DUD101056,2023-08-07,5,5,5,4,5,5,4,5,5,True,
SURV0008430,DUD101056,2023-09-07,4,4,4,4,5,3,3,4,3,True,
SURV0008431,DUD101057,2023-05-08,3,3,2,2,4,4,3,3,4,False,
SURV0008432,DUD101057,2023-06-20,4,5,5,4,4,5,5,4,3,True,
SURV0008433,DUD101057,2023-07-18,3,3,3,4,3,4,3,3,2,False,
SURV0008434,DUD101057,2023-08-12,4,3,5,3,4,4,4,4,4,True,
SURV0008435,DUD101057,2023-09-20,3,2,2,3,3,2,3,2,3,False,
SURV0008436,DUD101057,2023-10-23,3,3,4,2,3,4,3,3,3,False,
SURV0008437,DUD101058,2022-03-18,2,1,3,2,2,2,1,2,3,False,
SURV0008438,DUD101058,2022-04-01,3,3,3,4,4,3,4,4,4,False,
SURV0008439,DUD101058,2022-05-13,1,1,2,1,1,1,1,1,1,False,
SURV0008440,DUD101058,2022-06-15,3,3,2,2,3,4,2,2,3,False,
SURV0008441,DUD101058,2022-07-20,5,4,5,4,5,5,5,4,5,True,
SURV0008442,DUD101058,2022-08-19,3,4,3,2,4,3,2,3,4,False,
SURV0008443,DUD101058,2022-09-05,4,4,5,3,5,3,4,3,3,True,
SURV0008444,DUD101058,2022-10-25,5,5,5,5,5,5,5,5,5,True,
SURV0008445,DUD101058,2022-11-21,4,3,5,4,3,5,4,3,5,True,
SURV0008446,DUD101058,2022-12-02,2,2,2,1,1,1,2,2,2,False,
SURV0008447,DUD101058,2023-01-07,4,4,5,4,5,3,3,5,3,True,
SURV0008448,DUD101058,2023-02-09,3,3,2,2,2,2,2,2,3,False,
SURV0008449,DUD101059,2023-09-28,3,3,3,4,3,3,2,4,4,False,
SURV0008450,DUD101059,2023-10-02,4,4,5,4,4,4,5,3,5,True,
SURV0008451,DUD101059,2023-11-20,3,2,3,3,4,4,4,4,3,False,
SURV0008452,DUD101059,2023-12-25,4,4,4,4,4,4,4,4,3,True,
SURV0008453,DUD101059,2024-01-05,1,1,1,1,2,1,1,2,1,False,
SURV0008454,DUD101060,2021-06-22,3,4,4,2,3,3,3,2,2,False,
SURV0008455,DUD101060,2021-07-27,2,3,1,2,3,3,2,2,2,False,
SURV0008456,DUD101060,2021-08-02,1,1,2,1,1,1,1,1,1,False,
SURV0008457,DUD101060,2021-09-10,3,3,3,2,3,3,3,4,4,False,
SURV0008458,DUD101060,2021-10-05,4,3,4,4,3,5,4,4,4,True,
SURV0008459,DUD101060,2021-11-27,4,5,3,5,5,5,4,3,3,True,
SURV0008460,DUD101060,2021-12-08,4,4,4,5,3,5,5,5,4,True,
SURV0008461,DUD101061,2024-07-14,3,4,3,3,3,4,3,3,3,False,
SURV0008462,DUD101061,2024-08-15,1,1,1,1,1,1,2,2,1,False,
SURV0008463,DUD101061,2024-09-28,4,5,4,4,5,4,5,5,4,True,
SURV0008464,DUD101061,2024-10-11,4,4,5,5,5,4,4,4,5,True,
SURV0008465,DUD101061,2024-11-03,2,1,2,2,1,2,2,1,3,False,
SURV0008466,DUD101061,2024-12-08,5,5,4,4,4,5,4,5,5,True,
SURV0008467,DUD101062,2023-11-16,2,2,1,3,1,3,2,2,2,False,
SURV0008468,DUD101062,2023-12-26,5,5,5,5,5,4,5,5,5,True,
SURV0008469,DUD101062,2024-01-23,4,3,5,3,3,4,4,3,4,True,
SURV0008470,DUD101062,2024-02-14,3,4,3,4,4,3,3,4,4,False,
SURV0008471,DUD101063,2021-12-08,3,2,4,2,3,2,4,2,3,False,
SURV0008472,DUD101063,2022-01-22,5,4,5,5,5,4,5,4,5,True,
SURV0008473,DUD101063,2022-02-17,4,5,4,3,4,4,4,5,4,True,
SURV0008474,DUD101063,2022-03-02,4,4,5,3,4,5,3,4,4,True,
SURV0008475,DUD101063,2022-04-13,5,5,5,5,5,5,5,5,5,True,
SURV0008476,DUD101063,2022-05-01,4,3,4,4,5,4,4,4,5,True,
SURV0008477,DUD101063,2022-06-12,4,4,3,4,4,3,4,4,4,True,
SURV0008478,DUD101063,2022-07-24,5,5,5,4,4,5,5,4,5,True,
SURV0008479,DUD101063,2022-08-22,4,4,3,4,5,4,3,5,5,True,
SURV0008480,DUD101063,2022-09-04,5,5,5,5,5,5,4,5,5,True,
SURV0008481,DUD101064,2021-08-03,3,2,2,2,3,4,2,2,2,False,
SURV0008482,DUD101064,2021-09-02,5,5,5,5,5,5,4,4,5,True,
SURV0008483,DUD101064,2021-10-05,2,1,2,3,2,2,1,2,1,False,
SURV0008484,DUD101064,2021-11-06,3,2,3,3,3,2,3,3,4,False,
SURV0008485,DUD101064,2021-12-09,4,4,5,4,4,3,4,5,3,True,
SURV0008486,DUD101064,2022-01-20,5,5,5,5,5,5,4,5,5,True,
SURV0008487,DUD101064,2022-02-18,4,3,3,4,5,4,4,4,4,True,
SURV0008488,DUD101064,2022-03-28,5,5,5,5,4,5,5,5,4,True,
SURV0008489,DUD101064,2022-04-12,3,4,2,3,2,3,3,2,3,False,
SURV0008490,DUD101064,2022-05-04,4,4,5,4,4,4,5,5,4,True,
SURV0008491,DUD101065,2022-07-12,5,5,5,5,4,4,5,5,5,True,
SURV0008492,DUD101065,2022-08-21,1,1,1,1,1,1,2,1,1,False,
SURV0008493,DUD101065,2022-09-17,2,2,2,3,2,3,2,3,3,False,
SURV0008494,DUD101065,2022-10-28,4,4,3,4,4,4,4,3,4,True,
SURV0008495,DUD101065,2022-11-06,5,5,5,5,5,5,4,5,4,True,
SURV0008496,DUD101065,2022-12-03,4,3,4,4,4,4,4,4,3,True,
SURV0008497,DUD101065,2023-01-08,5,4,4,5,5,4,5,4,5,True,
SURV0008498,DUD101065,2023-02-22,4,3,3,3,4,4,5,4,3,True,
SURV0008499,DUD101065,2023-03-15,3,3,2,3,2,3,4,3,3,False,
SURV0008500,DUD101066,2021-05-10,2,2,3,1,2,2,1,2,1,False,
SURV0008501,DUD101066,2021-06-05,4,3,4,3,4,4,3,4,4,True,
SURV0008502,DUD101066,2021-07-17,4,4,4,5,5,4,4,5,4,True,
SURV0008503,DUD101066,2021-08-02,5,4,5,5,5,5,5,4,5,True,
SURV0008504,DUD101066,2021-09-17,4,4,5,3,3,5,3,3,4,True,
SURV0008505,DUD101066,2021-10-14,5,5,5,5,4,5,4,4,5,True,
SURV0008506,DUD101066,2021-11-18,1,1,2,1,1,1,1,2,1,False,
SURV0008507,DUD101066,2021-12-24,1,1,1,1,1,1,1,2,2,False,
SURV0008508,DUD101066,2022-01-15,4,3,4,4,5,4,3,5,3,True,
SURV0008509,DUD101066,2022-02-28,3,2,4,4,3,3,4,2,3,False,
SURV0008510,DUD101066,2022-03-19,4,4,4,4,3,4,4,4,3,True,
SURV0008511,DUD101066,2022-04-02,5,5,5,5,5,5,4,5,4,True,
SURV0008512,DUD101067,2024-01-24,2,3,2,2,1,3,3,1,3,False,
SURV0008513,DUD101067,2024-02-08,4,4,3,5,5,3,3,3,5,True,
SURV0008514,DUD101067,2024-03-19,4,4,4,4,4,4,4,3,5,True,
SURV0008515,DUD101067,2024-04-16,2,2,2,2,2,2,3,2,3,False,
SURV0008516,DUD101067,2024-05-15,5,5,5,5,5,5,4,5,5,True,
SURV0008517,DUD101067,2024-06-27,4,4,4,4,3,3,5,4,4,True,
SURV0008518,DUD101067,2024-07-10,2,2,1,2,2,2,3,1,2,False,
SURV0008519,DUD101067,2024-08-25,4,3,4,3,4,4,4,4,5,True,
SURV0008520,DUD101067,2024-09-25,4,4,4,4,4,5,5,3,4,True,
SURV0008521,DUD101067,2024-10-24,3,3,4,4,2,2,4,2,3,False,
SURV0008522,DUD101067,2024-11-02,4,4,5,3,4,4,4,3,4,True,
SURV0008523,DUD101068,2021-11-03,5,5,5,5,5,4,5,5,5,True,
SURV0008524,DUD101068,2021-12-14,4,4,3,3,4,4,4,3,5,True,
SURV0008525,DUD101068,2022-01-15,5,5,5,4,4,4,4,4,5,True,
SURV0008526,DUD101068,2022-02-19,3,3,3,4,3,4,3,3,3,False,
SURV0008527,DUD101068,2022-03-11,4,4,4,4,4,4,4,5,4,True,
SURV0008528,DUD101068,2022-04-10,4,4,3,4,4,4,5,5,5,True,
SURV0008529,DUD101068,2022-05-11,4,4,3,4,4,3,4,3,4,True,
SURV0008530,DUD101068,2022-06-04,3,3,4,4,4,3,2,3,3,False,
SURV0008531,DUD101068,2022-07-27,3,4,3,3,2,4,4,3,3,False,
SURV0008532,DUD101069,2024-04-11,4,5,3,5,4,4,4,3,3,True,
SURV0008533,DUD101069,2024-05-09,4,3,4,4,5,4,3,3,4,True,
SURV0008534,DUD101069,2024-06-28,4,4,3,5,4,4,5,4,3,True,
SURV0008535,DUD101069,2024-07-11,4,4,4,4,5,4,3,4,4,True,
SURV0008536,DUD101069,2024-08-23,1,1,1,2,1,1,1,2,1,False,
SURV0008537,DUD101069,2024-09-12,4,3,4,3,4,5,5,3,3,True,
SURV0008538,DUD101069,2024-10-13,5,4,5,4,5,4,5,5,5,True,
SURV0008539,DUD101069,2024-11-06,1,1,1,2,2,2,2,2,1,False,
SURV0008540,DUD101069,2024-12-09,4,4,4,4,4,4,4,4,4,True,
SURV0008541,DUD101069,2025-01-04,4,5,3,5,3,3,4,5,5,True,
SURV0008542,DUD101070,2024-05-08,5,5,5,5,5,5,4,5,5,True,
SURV0008543,DUD101070,2024-06-07,4,3,4,3,4,4,5,3,3,True,
SURV0008544,DUD101070,2024-07-19,4,5,4,3,4,4,4,3,5,True,
SURV0008545,DUD101070,2024-08-08,4,4,3,4,5,3,4,3,4,True,
SURV0008546,DUD101071,2024-03-28,4,4,4,4,4,4,4,4,5,True,
SURV0008547,DUD101071,2024-04-16,2,2,3,2,2,2,1,2,2,False,
SURV0008548,DUD101071,2024-05-24,4,4,5,5,4,4,4,5,4,True,
SURV0008549,DUD101071,2024-06-18,4,4,5,4,4,4,4,5,5,True,
SURV0008550,DUD101071,2024-07-09,4,4,5,4,5,5,4,4,4,True,
SURV0008551,DUD101071,2024-08-04,3,2,3,2,3,4,4,3,2,False,
SURV0008552,DUD101072,2023-07-28,4,4,3,3,5,4,4,3,3,True,
SURV0008553,DUD101072,2023-08-28,3,4,3,2,4,3,2,2,2,False,
SURV0008554,DUD101072,2023-09-05,3,2,4,3,2,3,4,3,3,False,
SURV0008555,DUD101072,2023-10-02,1,1,2,1,2,1,1,2,1,False,
SURV0008556,DUD101072,2023-11-16,2,2,1,2,2,2,2,2,1,False,
SURV0008557,DUD101073,2023-01-08,4,4,4,4,4,4,3,5,4,True,
SURV0008558,DUD101073,2023-02-12,2,1,2,1,2,2,2,2,1,False,
SURV0008559,DUD101073,2023-03-06,3,3,3,2,4,4,3,4,3,False,
SURV0008560,DUD101073,2023-04-17,3,3,3,2,3,4,2,4,2,False,
SURV0008561,DUD101073,2023-05-13,4,5,4,4,5,4,4,3,4,True,
SURV0008562,DUD101073,2023-06-07,5,5,5,5,4,5,4,4,4,True,
SURV0008563,DUD101073,2023-07-12,5,5,4,5,5,5,5,4,5,True,
SURV0008564,DUD101073,2023-08-05,5,5,5,5,5,4,5,4,5,True,
SURV0008565,DUD101073,2023-09-06,3,3,3,3,3,2,3,3,3,False,
SURV0008566,DUD101073,2023-10-26,4,4,5,5,5,3,4,4,5,True,
SURV0008567,DUD101073,2023-11-09,3,3,2,4,2,4,3,3,3,False,
SURV0008568,DUD101073,2023-12-23,3,3,3,3,2,2,4,4,3,False,
SURV0008569,DUD101074,2023-09-05,4,4,4,4,4,4,4,3,4,True,
SURV0008570,DUD101074,2023-10-12,3,3,3,3,3,3,4,3,2,False,
SURV0008571,DUD101074,2023-11-05,5,5,5,5,4,5,5,5,4,True,
SURV0008572,DUD101074,2023-12-26,4,4,4,3,3,3,3,4,5,True,
SURV0008573,DUD101074,2024-01-09,4,4,3,5,4,3,4,3,5,True,
SURV0008574,DUD101074,2024-02-01,4,4,3,5,5,5,3,5,5,True,
SURV0008575,DUD101074,2024-03-14,4,3,3,4,4,4,3,5,4,True,
SURV0008576,DUD101074,2024-04-19,4,5,4,5,3,4,5,4,5,True,
SURV0008577,DUD101075,2024-12-21,4,4,4,4,4,4,3,4,3,True,
SURV0008578,DUD101075,2025-01-21,4,4,5,4,4,4,5,4,3,True,
SURV0008579,DUD101075,2025-02-12,4,5,4,5,5,4,3,5,4,True,
SURV0008580,DUD101075,2025-03-04,4,4,3,4,4,5,5,4,5,True,
SURV0008581,DUD101075,2025-04-16,4,5,5,4,5,3,4,4,4,True,
SURV0008582,DUD101075,2025-05-18,2,2,3,2,2,2,3,1,2,False,
SURV0008583,DUD101075,2025-06-19,5,4,4,5,5,5,5,4,4,True,
SURV0008584,DUD101075,2025-07-25,4,4,4,3,3,3,4,5,5,True,
SURV0008585,DUD101075,2025-08-15,3,3,3,3,3,3,3,4,2,False,
SURV0008586,DUD101075,2025-09-05,4,3,3,5,4,5,5,4,3,True,
SURV0008587,DUD101075,2025-10-14,5,5,5,5,5,5,5,5,5,True,
SURV0008588,DUD101076,2023-10-26,3,2,2,3,3,4,4,4,4,False,
SURV0008589,DUD101076,2023-11-06,2,2,1,3,3,2,1,2,2,False,
SURV0008590,DUD101076,2023-12-14,4,4,4,4,5,4,4,4,4,True,
SURV0008591,DUD101076,2024-01-01,3,3,3,3,3,2,3,3,2,False,
SURV0008592,DUD101076,2024-02-09,3,3,3,3,4,3,2,3,3,False,
SURV0008593,DUD101076,2024-03-07,5,5,5,5,5,5,5,5,4,True,
SURV0008594,DUD101076,2024-04-22,5,5,5,4,5,5,5,5,5,True,
SURV0008595,DUD101076,2024-05-04,3,3,3,2,4,3,3,3,3,False,
SURV0008596,DUD101076,2024-06-05,4,5,5,3,4,4,3,5,3,True,
SURV0008597,DUD101076,2024-07-06,5,4,4,5,5,5,5,4,4,True,
SURV0008598,DUD101076,2024-08-07,3,4,2,4,3,2,4,3,3,False,
SURV0008599,DUD101077,2024-05-14,5,4,5,5,5,4,5,4,5,True,
SURV0008600,DUD101077,2024-06-17,2,3,3,3,2,1,2,1,2,False,
SURV0008601,DUD101077,2024-07-25,2,2,1,2,1,2,2,2,2,False,
SURV0008602,DUD101077,2024-08-05,3,3,4,4,2,3,3,3,2,False,
SURV0008603,DUD101077,2024-09-18,4,4,3,4,5,4,3,5,5,True,
SURV0008604,DUD101077,2024-10-19,3,2,4,3,2,2,3,3,4,False,
SURV0008605,DUD101077,2024-11-17,3,3,3,4,3,4,2,3,2,False,
SURV0008606,DUD101077,2024-12-09,3,3,3,2,2,4,4,3,3,False,
SURV0008607,DUD101077,2025-01-08,3,2,3,3,3,3,2,4,4,False,
SURV0008608,DUD101078,2022-01-07,5,4,5,5,5,4,5,4,4,True,
SURV0008609,DUD101078,2022-02-15,4,4,5,5,4,4,4,3,3,True,
SURV0008610,DUD101078,2022-03-07,5,5,5,5,5,4,5,5,4,True,
SURV0008611,DUD101078,2022-04-17,3,2,2,3,3,4,3,4,3,False,
SURV0008612,DUD101078,2022-05-03,5,4,5,5,5,4,4,4,5,True,
SURV0008613,DUD101078,2022-06-13,3,3,2,3,3,2,3,4,2,False,
SURV0008614,DUD101078,2022-07-10,5,5,5,5,5,4,5,5,5,True,
SURV0008615,DUD101078,2022-08-12,4,4,4,5,4,3,3,4,5,True,
SURV0008616,DUD101078,2022-09-12,4,3,4,5,5,4,5,4,3,True,
SURV0008617,DUD101079,2022-12-17,3,2,3,2,3,2,2,4,2,False,
SURV0008618,DUD101079,2023-01-15,4,4,4,4,3,5,5,4,4,True,
SURV0008619,DUD101079,2023-02-16,4,4,3,4,4,5,4,5,4,True,
SURV0008620,DUD101079,2023-03-20,5,4,5,5,5,5,5,5,5,True,
SURV0008621,DUD101079,2023-04-11,5,5,5,5,5,5,5,4,4,True,
SURV0008622,DUD101080,2021-06-01,3,2,3,4,2,3,3,3,3,False,
SURV0008623,DUD101080,2021-07-12,4,3,4,5,3,3,3,5,4,True,
SURV0008624,DUD101080,2021-08-23,3,3,3,3,3,2,4,3,2,False,
SURV0008625,DUD101080,2021-09-18,1,1,1,1,2,1,1,1,1,False,
SURV0008626,DUD101080,2021-10-15,5,5,5,5,5,5,5,5,5,True,
SURV0008627,DUD101081,2022-03-09,3,3,3,3,3,3,2,3,4,False,
SURV0008628,DUD101081,2022-04-13,5,4,5,5,5,4,5,4,5,True,
SURV0008629,DUD101081,2022-05-13,4,3,4,3,4,3,5,4,5,True,
SURV0008630,DUD101081,2022-06-04,4,4,3,5,3,4,4,3,4,True,
SURV0008631,DUD101081,2022-07-21,4,4,4,4,5,4,4,4,4,True,
SURV0008632,DUD101082,2022-11-13,4,3,4,4,5,4,5,4,4,True,
SURV0008633,DUD101082,2022-12-23,5,5,5,4,4,5,4,4,5,True,
SURV0008634,DUD101082,2023-01-08,4,3,4,5,5,4,3,4,3,True,
SURV0008635,DUD101082,2023-02-16,4,5,3,5,3,4,4,5,3,True,
SURV0008636,DUD101082,2023-03-20,4,5,5,4,3,4,4,4,3,True,
SURV0008637,DUD101082,2023-04-09,3,3,2,2,3,3,3,3,3,False,
SURV0008638,DUD101082,2023-05-16,2,3,2,2,2,2,2,2,3,False,
SURV0008639,DUD101082,2023-06-24,4,3,5,4,4,3,3,4,4,True,
SURV0008640,DUD101082,2023-07-23,4,4,4,4,5,4,3,3,4,True,
SURV0008641,DUD101083,2022-09-13,4,3,4,5,5,3,3,4,5,True,
SURV0008642,DUD101083,2022-10-19,4,4,4,4,4,4,4,3,3,True,
SURV0008643,DUD101083,2022-11-11,4,4,4,4,5,5,5,4,3,True,
SURV0008644,DUD101083,2022-12-22,3,2,2,2,3,4,3,3,2,False,
SURV0008645,DUD101083,2023-01-27,3,3,2,4,4,3,3,3,4,False,
SURV0008646,DUD101083,2023-02-17,4,4,5,5,4,3,4,3,5,True,
SURV0008647,DUD101083,2023-03-23,3,2,4,4,2,3,3,3,3,False,
SURV0008648,DUD101083,2023-04-18,3,4,3,2,3,3,3,3,2,False,
SURV0008649,DUD101083,2023-05-13,4,4,4,4,3,4,4,4,4,True,
SURV0008650,DUD101083,2023-06-22,2,2,1,2,1,3,1,2,2,False,
SURV0008651,DUD101083,2023-07-09,5,5,5,5,5,5,5,5,5,True,
SURV0008652,DUD101084,2023-11-18,4,4,4,4,5,4,4,3,3,True,
SURV0008653,DUD101084,2023-12-13,1,1,1,1,1,1,2,2,1,False,
SURV0008654,DUD101084,2024-01-20,4,4,3,3,3,3,3,4,4,True,
SURV0008655,DUD101084,2024-02-16,3,4,2,3,3,2,2,2,2,False,
SURV0008656,DUD101084,2024-03-01,3,3,4,3,2,4,2,3,2,False,
SURV0008657,DUD101084,2024-04-16,4,3,5,4,4,4,4,4,5,True,
SURV0008658,DUD101084,2024-05-13,5,5,4,5,5,5,4,5,5,True,
SURV0008659,DUD101084,2024-06-26,4,4,4,5,5,5,4,3,4,True,
SURV0008660,DUD101084,2024-07-01,2,2,3,3,2,2,3,1,1,False,
SURV0008661,DUD101084,2024-08-08,4,5,5,4,3,4,3,5,5,True,
SURV0008662,DUD101085,2022-01-24,5,5,5,5,5,5,5,5,4,True,
SURV0008663,DUD101085,2022-02-03,5,5,5,5,5,5,5,5,4,True,
SURV0008664,DUD101085,2022-03-09,4,4,4,5,4,4,4,4,3,True,
SURV0008665,DUD101085,2022-04-02,4,4,4,3,4,5,4,5,3,True,
SURV0008666,DUD101085,2022-05-09,1,1,1,1,2,2,2,1,1,False,
SURV0008667,DUD101085,2022-06-22,4,5,3,5,5,4,3,4,3,True,
SURV0008668,DUD101085,2022-07-12,4,3,5,4,5,5,3,4,5,True,
SURV0008669,DUD101085,2022-08-02,4,4,4,4,5,4,5,4,4,True,
SURV0008670,DUD101086,2021-01-02,3,3,3,3,3,4,3,2,3,False,
SURV0008671,DUD101086,2021-02-12,4,4,4,5,4,3,3,5,4,True,
SURV0008672,DUD101086,2021-03-22,3,3,2,3,3,2,4,3,3,False,
SURV0008673,DUD101086,2021-04-27,1,1,1,1,1,2,1,1,2,False,
SURV0008674,DUD101086,2021-05-22,4,3,3,4,3,4,5,5,4,True,
SURV0008675,DUD101086,2021-06-14,3,3,3,3,3,2,3,2,2,False,
SURV0008676,DUD101086,2021-07-22,2,2,2,2,3,1,1,1,1,False,
SURV0008677,DUD101086,2021-08-20,3,3,3,4,3,4,2,2,3,False,
SURV0008678,DUD101086,2021-09-20,3,2,4,3,3,4,2,3,3,False,
SURV0008679,DUD101086,2021-10-08,5,5,5,5,4,5,5,5,5,True,
SURV0008680,DUD101086,2021-11-21,3,4,2,3,3,2,4,4,4,False,
SURV0008681,DUD101086,2021-12-22,5,5,5,4,5,5,5,5,4,True,
SURV0008682,DUD101087,2024-06-21,5,5,4,4,5,5,5,5,5,True,
SURV0008683,DUD101087,2024-07-24,4,4,4,4,4,5,4,3,3,True,
SURV0008684,DUD101087,2024-08-03,5,5,5,5,5,4,5,5,5,True,
SURV0008685,DUD101087,2024-09-28,4,4,4,5,5,3,4,5,4,True,
SURV0008686,DUD101087,2024-10-10,1,2,1,1,1,1,1,1,2,False,
SURV0008687,DUD101088,2021-06-16,3,3,3,3,3,3,3,2,3,False,
SURV0008688,DUD101088,2021-07-17,4,4,5,4,4,4,4,5,4,True,
SURV0008689,DUD101088,2021-08-11,5,5,5,5,5,5,4,4,5,True,
SURV0008690,DUD101088,2021-09-20,4,4,3,4,3,4,3,4,5,True,
SURV0008691,DUD101088,2021-10-10,5,5,5,4,5,5,5,5,5,True,
SURV0008692,DUD101088,2021-11-28,4,4,5,4,5,4,4,4,5,True,
SURV0008693,DUD101089,2022-03-02,4,4,5,4,4,4,5,4,4,True,
SURV0008694,DUD101089,2022-04-18,4,4,5,4,4,4,4,3,5,True,
SURV0008695,DUD101089,2022-05-28,5,5,5,5,5,5,5,5,5,True,
SURV0008696,DUD101089,2022-06-28,4,3,3,4,3,4,3,4,4,True,
SURV0008697,DUD101089,2022-07-21,1,1,1,2,1,2,1,2,2,False,
SURV0008698,DUD101089,2022-08-27,3,3,3,3,3,3,3,4,3,False,
SURV0008699,DUD101089,2022-09-07,2,3,2,3,2,2,2,2,2,False,
SURV0008700,DUD101090,2024-05-14,2,3,1,2,2,3,1,2,2,False,
SURV0008701,DUD101090,2024-06-15,1,1,2,1,1,1,1,2,1,False,
SURV0008702,DUD101090,2024-07-12,2,2,2,1,2,3,3,1,2,False,
SURV0008703,DUD101090,2024-08-24,3,2,3,3,3,2,4,2,2,False,
SURV0008704,DUD101090,2024-09-13,4,3,5,4,5,3,4,3,3,True,
SURV0008705,DUD101090,2024-10-13,3,4,4,2,4,3,3,2,2,False,
SURV0008706,DUD101090,2024-11-14,5,5,5,5,5,5,5,5,5,True,
SURV0008707,DUD101090,2024-12-08,3,3,3,3,2,3,3,3,3,False,
SURV0008708,DUD101091,2021-04-18,4,4,5,4,4,4,3,5,4,True,
SURV0008709,DUD101091,2021-05-27,2,2,2,1,2,2,2,1,3,False,
SURV0008710,DUD101091,2021-06-24,5,5,4,5,5,5,5,5,4,True,
SURV0008711,DUD101091,2021-07-13,4,4,4,3,4,4,3,4,4,True,
SURV0008712,DUD101091,2021-08-13,4,3,4,5,4,5,4,3,4,True,
SURV0008713,DUD101091,2021-09-25,1,1,1,1,2,1,1,1,2,False,
SURV0008714,DUD101091,2021-10-28,4,4,3,5,3,3,5,4,4,True,
SURV0008715,DUD101091,2021-11-02,4,4,5,4,5,3,5,4,3,True,
SURV0008716,DUD101091,2021-12-23,5,4,5,5,5,5,5,5,5,True,
SURV0008717,DUD101091,2022-01-09,4,4,4,3,4,4,3,5,3,True,
SURV0008718,DUD101091,2022-02-03,1,1,1,1,1,1,2,2,1,False,
SURV0008719,DUD101092,2023-03-27,4,5,4,4,3,4,5,5,5,True,
SURV0008720,DUD101092,2023-04-08,4,4,3,3,4,5,4,4,3,True,
SURV0008721,DUD101092,2023-05-23,2,2,3,1,1,2,2,2,3,False,
SURV0008722,DUD101092,2023-06-21,2,3,2,2,2,2,2,3,2,False,
SURV0008723,DUD101092,2023-07-24,4,4,4,3,4,5,4,4,4,True,
SURV0008724,DUD101092,2023-08-05,2,2,1,3,3,2,2,3,3,False,
SURV0008725,DUD101092,2023-09-06,4,4,5,3,4,5,4,4,4,True,
SURV0008726,DUD101093,2024-12-24,3,3,3,4,2,2,3,3,2,False,
SURV0008727,DUD101093,2025-01-03,4,5,3,5,5,5,5,4,4,True,
SURV0008728,DUD101093,2025-02-16,4,4,4,5,4,4,4,3,5,True,
SURV0008729,DUD101093,2025-03-01,3,3,2,4,3,3,3,2,4,False,
SURV0008730,DUD101093,2025-04-06,4,4,3,5,4,4,5,3,3,True,
SURV0008731,DUD101093,2025-05-12,2,2,3,1,3,1,2,1,2,False,
SURV0008732,DUD101093,2025-06-17,4,5,4,5,4,3,4,3,5,True,
SURV0008733,DUD101093,2025-07-12,3,3,2,4,2,2,2,3,3,False,
SURV0008734,DUD101093,2025-08-07,3,3,3,3,4,4,4,2,3,False,
SURV0008735,DUD101093,2025-09-09,4,4,4,3,4,4,4,4,4,True,
SURV0008736,DUD101093,2025-10-06,2,2,3,2,2,2,2,2,3,False,
SURV0008737,DUD101093,2025-11-26,3,3,2,3,2,3,3,2,4,False,
SURV0008738,DUD101094,2023-01-08,5,4,5,5,5,4,5,5,5,True,
SURV0008739,DUD101094,2023-02-08,3,3,3,3,3,3,2,2,3,False,
SURV0008740,DUD101094,2023-03-11,4,3,3,3,4,5,5,5,4,True,
SURV0008741,DUD101094,2023-04-06,5,4,5,5,5,4,4,4,5,True,
SURV0008742,DUD101094,2023-05-13,4,3,5,4,5,4,5,4,3,True,
SURV0008743,DUD101094,2023-06-06,5,4,4,4,5,5,5,5,4,True,
SURV0008744,DUD101094,2023-07-06,4,3,4,5,3,4,5,3,4,True,
SURV0008745,DUD101094,2023-08-18,5,4,5,4,4,5,5,4,4,True,
SURV0008746,DUD101094,2023-09-09,3,3,4,4,4,2,4,3,4,False,
SURV0008747,DUD101094,2023-10-13,4,4,4,5,5,5,3,3,4,True,
SURV0008748,DUD101094,2023-11-21,4,4,3,4,5,4,5,3,3,True,
SURV0008749,DUD101094,2023-12-28,2,2,2,3,2,1,1,3,3,False,
SURV0008750,DUD101095,2022-06-10,3,3,4,2,4,4,4,4,4,False,
SURV0008751,DUD101095,2022-07-06,1,1,2,2,1,2,1,1,1,False,
SURV0008752,DUD101095,2022-08-25,5,5,5,5,5,5,5,5,5,True,
SURV0008753,DUD101095,2022-09-22,4,4,5,4,3,4,4,3,4,True,
SURV0008754,DUD101095,2022-10-15,3,3,4,4,3,4,2,3,3,False,
SURV0008755,DUD101095,2022-11-21,4,5,4,4,4,3,5,4,4,True,
SURV0008756,DUD101096,2024-02-27,4,3,3,3,4,5,4,3,5,True,
SURV0008757,DUD101096,2024-03-27,4,3,5,5,5,4,3,5,3,True,
SURV0008758,DUD101096,2024-04-03,3,4,3,3,4,4,3,3,2,False,
SURV0008759,DUD101096,2024-05-13,4,3,3,4,5,4,5,4,5,True,
SURV0008760,DUD101096,2024-06-27,4,4,3,4,4,4,3,4,3,True,
SURV0008761,DUD101097,2024-11-03,5,4,5,5,5,4,5,5,5,True,
SURV0008762,DUD101097,2024-12-23,4,4,4,5,4,4,5,4,5,True,
SURV0008763,DUD101097,2025-01-10,3,3,3,4,3,3,2,4,3,False,
SURV0008764,DUD101097,2025-02-08,4,4,4,4,4,4,4,3,4,True,
SURV0008765,DUD101098,2023-11-26,4,4,3,4,4,3,3,5,3,True,
SURV0008766,DUD101098,2023-12-17,5,4,5,4,4,4,5,5,5,True,
SURV0008767,DUD101098,2024-01-13,4,4,5,3,4,4,4,4,5,True,
SURV0008768,DUD101098,2024-02-13,4,5,5,5,3,4,4,3,5,True,
SURV0008769,DUD101098,2024-03-22,5,5,5,5,4,5,4,5,4,True,
SURV0008770,DUD101098,2024-04-01,4,5,5,4,3,5,3,4,5,True,
SURV0008771,DUD101098,2024-05-15,2,3,1,3,3,2,2,1,3,False,
SURV0008772,DUD101098,2024-06-04,4,4,4,4,3,3,4,3,5,True,
SURV0008773,DUD101098,2024-07-24,4,4,5,4,5,3,4,4,5,True,
SURV0008774,DUD101098,2024-08-13,4,4,3,3,4,3,4,3,4,True,
SURV0008775,DUD101098,2024-09-15,3,3,2,2,2,3,3,3,2,False,
SURV0008776,DUD101099,2023-02-24,3,3,3,2,3,3,4,3,4,False,
SURV0008777,DUD101099,2023-03-27,5,5,5,5,5,5,4,5,4,True,
SURV0008778,DUD101099,2023-04-07,5,5,5,4,5,5,5,5,4,True,
SURV0008779,DUD101099,2023-05-28,4,4,4,4,4,4,4,4,3,True,
SURV0008780,DUD101100,2022-09-21,2,3,2,1,2,3,2,2,2,False,
SURV0008781,DUD101100,2022-10-22,2,2,2,2,2,1,2,3,2,False,
SURV0008782,DUD101100,2022-11-06,5,5,5,5,4,5,5,5,5,True,
SURV0008783,DUD101100,2022-12-21,3,3,3,3,3,2,4,4,2,False,
SURV0008784,DUD101100,2023-01-25,1,1,2,1,2,1,1,1,1,False,
SURV0008785,DUD101100,2023-02-22,4,3,5,4,4,5,4,4,3,True,
SURV0008786,DUD101100,2023-03-21,5,5,5,5,4,5,5,4,5,True,
SURV0008787,DUD101100,2023-04-10,4,5,4,5,3,4,3,3,4,True,
SURV0008788,DUD101100,2023-05-27,3,3,3,3,3,4,2,3,2,False,
SURV0008789,DUD101100,2023-06-21,5,4,4,5,5,5,5,4,5,True,
SURV0008790,DUD101100,2023-07-05,2,3,2,2,1,2,3,1,2,False,
SURV0008791,DUD101100,2023-08-08,4,3,4,4,5,3,3,4,5,True,
SURV0008792,DUD101101,2024-05-12,4,4,4,4,5,4,4,4,5,True,
SURV0008793,DUD101101,2024-06-28,3,3,3,4,4,2,3,4,3,False,
SURV0008794,DUD101101,2024-07-24,4,4,3,5,4,5,3,4,4,True,
SURV0008795,DUD101101,2024-08-16,5,5,5,5,4,4,4,5,5,True,
SURV0008796,DUD101101,2024-09-04,4,3,3,4,5,3,4,4,4,True,
SURV0008797,DUD101101,2024-10-15,4,3,4,3,5,5,3,4,3,True,
SURV0008798,DUD101101,2024-11-15,1,1,1,1,1,1,2,2,1,False,
SURV0008799,DUD101101,2024-12-05,1,1,1,1,2,2,2,1,1,False,
SURV0008800,DUD101101,2025-01-22,3,4,2,3,3,3,3,4,3,False,
SURV0008801,DUD101101,2025-02-04,4,4,4,3,4,4,3,3,4,True,
SURV0008802,DUD101102,2024-08-04,3,2,3,2,2,2,4,2,3,False,
SURV0008803,DUD101102,2024-09-07,3,3,3,4,3,2,3,4,4,False,
SURV0008804,DUD101102,2024-10-12,4,5,5,4,5,4,3,4,3,True,
SURV0008805,DUD101102,2024-11-02,3,3,2,3,2,3,3,3,3,False,
SURV0008806,DUD101102,2024-12-09,1,2,1,1,1,1,2,2,1,False,
SURV0008807,DUD101103,2023-05-10,3,2,3,2,3,3,3,2,4,False,
SURV0008808,DUD101103,2023-06-12,3,3,3,2,2,3,3,2,2,False,
SURV0008809,DUD101103,2023-07-11,4,4,3,4,4,3,4,5,5,True,
SURV0008810,DUD101103,2023-08-05,3,2,2,3,3,3,3,3,4,False,
SURV0008811,DUD101103,2023-09-15,2,2,2,2,2,2,2,1,1,False,
SURV0008812,DUD101103,2023-10-12,3,3,3,4,3,4,4,3,3,False,
SURV0008813,DUD101104,2022-07-08,4,3,3,3,3,4,5,5,3,True,
SURV0008814,DUD101104,2022-08-06,4,4,3,3,3,3,4,4,4,True,
SURV0008815,DUD101104,2022-09-03,4,3,4,4,5,5,5,4,4,True,
SURV0008816,DUD101104,2022-10-10,4,4,3,5,5,3,3,4,4,True,
SURV0008817,DUD101104,2022-11-08,2,2,1,1,2,1,2,2,2,False,
SURV0008818,DUD101104,2022-12-19,2,1,3,3,2,1,1,2,2,False,
SURV0008819,DUD101104,2023-01-28,4,5,4,4,4,4,4,3,3,True,
SURV0008820,DUD101104,2023-02-10,4,4,3,5,3,4,4,4,4,True,
SURV0008821,DUD101104,2023-03-19,4,5,4,4,4,3,5,4,3,True,
SURV0008822,DUD101104,2023-04-22,3,4,3,3,3,3,3,3,3,False,
SURV0008823,DUD101104,2023-05-21,2,1,3,1,3,1,3,1,1,False,
SURV0008824,DUD101105,2024-08-06,3,3,4,3,3,2,3,3,3,False,
SURV0008825,DUD101105,2024-09-28,4,3,5,4,4,4,5,5,4,True,
SURV0008826,DUD101105,2024-10-17,5,5,5,5,5,5,5,5,4,True,
SURV0008827,DUD101105,2024-11-22,5,5,5,5,5,4,5,4,4,True,
SURV0008828,DUD101105,2024-12-16,4,4,5,5,4,5,5,5,4,True,
SURV0008829,DUD101105,2025-01-27,4,4,4,5,3,3,4,4,3,True,
SURV0008830,DUD101105,2025-02-03,5,4,5,4,5,5,5,5,5,True,
SURV0008831,DUD101105,2025-03-15,3,4,4,3,3,3,3,4,3,False,
SURV0008832,DUD101105,2025-04-26,4,4,3,3,5,3,3,4,4,True,
SURV0008833,DUD101105,2025-05-07,3,2,4,2,4,3,3,3,3,False,
SURV0008834,DUD101105,2025-06-15,4,4,4,4,5,4,4,4,4,True,
SURV0008835,DUD101105,2025-07-22,4,4,3,5,4,5,4,4,3,True,
SURV0008836,DUD101106,2023-10-08,4,3,4,5,5,5,4,5,4,True,
SURV0008837,DUD101106,2023-11-15,4,5,5,4,5,4,5,4,4,True,
SURV0008838,DUD101106,2023-12-14,5,5,5,4,5,5,5,4,5,True,
SURV0008839,DUD101106,2024-01-19,3,4,3,4,4,3,2,3,2,False,
SURV0008840,DUD101106,2024-02-04,3,3,4,3,2,3,2,3,4,False,
SURV0008841,DUD101106,2024-03-11,4,4,4,5,4,3,4,4,4,True,
SURV0008842,DUD101106,2024-04-11,3,3,3,3,3,2,3,3,2,False,
SURV0008843,DUD101106,2024-05-01,4,4,4,4,4,5,5,3,5,True,
SURV0008844,DUD101106,2024-06-07,4,3,4,4,4,4,4,3,4,True,
SURV0008845,DUD101106,2024-07-25,5,5,4,4,5,5,5,4,5,True,
SURV0008846,DUD101106,2024-08-09,2,2,2,2,2,1,2,3,3,False,
SURV0008847,DUD101106,2024-09-04,3,3,4,2,4,4,2,3,3,False,
SURV0008848,DUD101107,2021-07-10,4,5,5,4,4,3,4,4,5,True,
SURV0008849,DUD101107,2021-08-06,3,4,2,3,2,2,4,3,4,False,
SURV0008850,DUD101107,2021-09-23,5,4,4,5,4,5,4,5,5,True,
SURV0008851,DUD101107,2021-10-14,4,4,3,3,3,4,4,3,3,True,
SURV0008852,DUD101107,2021-11-11,1,1,2,1,1,2,2,1,1,False,
SURV0008853,DUD101107,2021-12-01,5,5,4,5,5,5,5,5,5,True,
SURV0008854,DUD101107,2022-01-25,3,4,2,4,3,3,3,4,3,False,
SURV0008855,DUD101107,2022-02-09,2,1,2,2,3,2,1,1,3,False,
SURV0008856,DUD101107,2022-03-28,4,5,3,4,4,5,4,5,3,True,
SURV0008857,DUD101107,2022-04-12,4,5,5,5,4,3,3,4,5,True,
SURV0008858,DUD101108,2024-05-12,3,3,2,3,3,4,2,2,3,False,
SURV0008859,DUD101108,2024-06-19,2,3,2,2,2,3,3,2,1,False,
SURV0008860,DUD101108,2024-07-17,4,4,4,3,5,4,4,5,5,True,
SURV0008861,DUD101108,2024-08-06,4,3,4,5,5,5,3,4,3,True,
SURV0008862,DUD101109,2023-04-20,4,3,5,4,4,4,3,3,5,True,
SURV0008863,DUD101109,2023-05-28,3,3,2,3,4,3,3,3,3,False,
SURV0008864,DUD101109,2023-06-19,2,3,1,1,2,2,1,1,3,False,
SURV0008865,DUD101109,2023-07-01,3,3,2,4,4,3,3,3,4,False,
SURV0008866,DUD101109,2023-08-14,4,5,3,3,3,4,4,4,4,True,
SURV0008867,DUD101109,2023-09-13,4,3,3,4,5,4,3,5,4,True,
SURV0008868,DUD101109,2023-10-10,4,4,3,5,4,5,4,5,4,True,
SURV0008869,DUD101109,2023-11-03,2,3,3,1,1,2,1,3,3,False,
SURV0008870,DUD101109,2023-12-05,3,3,3,3,3,2,3,3,2,False,
SURV0008871,DUD101109,2024-01-04,3,3,2,2,3,3,3,2,3,False,
SURV0008872,DUD101110,2023-05-28,4,3,4,4,5,4,4,4,4,True,
SURV0008873,DUD101110,2023-06-10,3,3,2,2,2,4,4,4,3,False,
SURV0008874,DUD101110,2023-07-02,5,5,5,5,5,4,5,5,4,True,
SURV0008875,DUD101110,2023-08-23,2,3,2,2,2,2,2,3,2,False,
SURV0008876,DUD101110,2023-09-17,4,3,4,4,4,5,5,4,4,True,
SURV0008877,DUD101110,2023-10-06,4,3,5,5,4,4,4,4,3,True,
SURV0008878,DUD101110,2023-11-03,2,2,2,1,3,1,1,3,3,False,
SURV0008879,DUD101110,2023-12-03,4,4,3,4,4,3,4,4,5,True,
SURV0008880,DUD101110,2024-01-20,4,4,5,4,4,4,4,4,3,True,
SURV0008881,DUD101111,2021-03-03,3,3,3,3,3,3,3,2,3,False,
SURV0008882,DUD101111,2021-04-04,3,4,3,3,3,3,4,2,3,False,
SURV0008883,DUD101111,2021-05-09,2,2,3,3,2,2,3,3,1,False,
SURV0008884,DUD101111,2021-06-19,1,1,1,2,1,1,1,2,1,False,
SURV0008885,DUD101111,2021-07-23,4,4,3,4,4,3,4,4,4,True,
SURV0008886,DUD101111,2021-08-21,2,2,3,1,2,1,2,3,2,False,
SURV0008887,DUD101111,2021-09-23,2,1,3,1,2,3,2,3,1,False,
SURV0008888,DUD101111,2021-10-22,2,2,2,1,2,2,1,2,3,False,
SURV0008889,DUD101111,2021-11-02,5,5,4,5,5,5,4,5,5,True,
SURV0008890,DUD101111,2021-12-22,4,4,4,3,3,4,3,4,5,True,
SURV0008891,DUD101112,2022-08-23,3,2,3,2,4,4,3,4,3,False,
SURV0008892,DUD101112,2022-09-16,4,4,4,3,3,5,5,4,3,True,
SURV0008893,DUD101112,2022-10-25,5,5,5,5,5,5,5,5,5,True,
SURV0008894,DUD101112,2022-11-21,2,2,2,3,3,3,2,2,1,False,
SURV0008895,DUD101112,2022-12-05,4,4,3,5,5,5,4,4,4,True,
SURV0008896,DUD101112,2023-01-22,4,4,3,5,3,4,5,5,3,True,
SURV0008897,DUD101112,2023-02-15,3,2,3,3,4,2,3,4,3,False,
SURV0008898,DUD101112,2023-03-24,5,5,5,4,5,5,5,5,4,True,
SURV0008899,DUD101112,2023-04-24,4,4,4,4,4,4,4,5,4,True,
SURV0008900,DUD101112,2023-05-04,4,3,4,3,5,4,4,4,3,True,
SURV0008901,DUD101112,2023-06-04,1,1,1,2,1,1,1,1,1,False,
SURV0008902,DUD101112,2023-07-02,5,5,4,4,5,5,5,4,4,True,
SURV0008903,DUD101113,2021-10-25,4,4,4,4,5,4,4,4,4,True,
SURV0008904,DUD101113,2021-11-19,4,4,5,5,3,4,5,5,5,True,
SURV0008905,DUD101113,2021-12-04,3,3,3,3,3,2,4,2,2,False,
SURV0008906,DUD101113,2022-01-12,4,4,5,4,4,4,4,3,5,True,
SURV0008907,DUD101113,2022-02-16,4,4,4,4,5,3,4,4,3,True,
SURV0008908,DUD101113,2022-03-05,5,5,5,5,5,4,5,5,5,True,
SURV0008909,DUD101113,2022-04-04,4,4,4,4,5,4,4,4,5,True,
SURV0008910,DUD101113,2022-05-25,4,4,5,3,5,3,5,3,3,True,
SURV0008911,DUD101113,2022-06-10,4,4,3,4,4,4,4,5,5,True,
SURV0008912,DUD101113,2022-07-08,3,4,2,4,2,4,3,4,3,False,
SURV0008913,DUD101113,2022-08-08,5,5,5,5,4,5,5,5,5,True,
SURV0008914,DUD101113,2022-09-20,3,2,3,3,3,3,2,3,4,False,
SURV0008915,DUD101114,2021-12-23,4,4,4,3,4,3,4,3,3,True,
SURV0008916,DUD101114,2022-01-11,2,1,3,2,1,2,3,3,3,False,
SURV0008917,DUD101114,2022-02-21,4,4,4,4,4,4,4,4,5,True,
SURV0008918,DUD101114,2022-03-18,4,4,3,4,3,4,4,5,5,True,
SURV0008919,DUD101114,2022-04-03,5,5,5,5,5,5,4,5,4,True,
SURV0008920,DUD101114,2022-05-10,4,3,4,4,4,4,4,3,4,True,
SURV0008921,DUD101115,2023-02-14,5,5,4,5,5,5,5,5,5,True,
SURV0008922,DUD101115,2023-03-18,3,4,3,2,2,3,3,3,3,False,
SURV0008923,DUD101115,2023-04-23,4,4,5,4,3,3,3,4,4,True,
SURV0008924,DUD101115,2023-05-16,5,4,5,5,5,5,4,5,5,True,
SURV0008925,DUD101115,2023-06-02,4,4,5,4,4,4,4,3,5,True,
SURV0008926,DUD101115,2023-07-06,4,4,3,3,4,4,4,3,5,True,
SURV0008927,DUD101116,2021-09-09,4,3,5,4,4,4,4,4,4,True,
SURV0008928,DUD101116,2021-10-28,5,4,5,4,5,5,5,5,5,True,
SURV0008929,DUD101116,2021-11-04,3,3,3,2,4,3,2,3,2,False,
SURV0008930,DUD101116,2021-12-03,4,3,5,3,4,4,3,4,4,True,
SURV0008931,DUD101116,2022-01-21,3,3,2,3,3,3,4,3,4,False,
SURV0008932,DUD101116,2022-02-01,2,2,1,2,2,2,2,1,1,False,
SURV0008933,DUD101116,2022-03-07,5,5,5,5,5,5,5,5,4,True,
SURV0008934,DUD101116,2022-04-02,3,4,4,3,2,2,4,2,3,False,
SURV0008935,DUD101116,2022-05-11,4,5,4,4,4,4,4,3,4,True,
SURV0008936,DUD101116,2022-06-21,2,2,1,3,2,2,2,2,2,False,
SURV0008937,DUD101116,2022-07-15,1,1,2,1,1,1,1,1,1,False,
SURV0008938,DUD101116,2022-08-23,4,4,3,3,4,3,5,4,3,True,
SURV0008939,DUD101117,2021-03-11,3,3,3,3,2,3,3,3,4,False,
SURV0008940,DUD101117,2021-04-11,4,3,3,5,4,3,5,5,4,True,
SURV0008941,DUD101117,2021-05-01,5,5,5,5,5,5,5,5,5,True,
SURV0008942,DUD101117,2021-06-22,4,5,4,5,3,5,4,4,3,True,
SURV0008943,DUD101117,2021-07-28,5,5,5,5,5,5,5,5,4,True,
SURV0008944,DUD101117,2021-08-10,2,3,1,1,3,2,1,1,1,False,
SURV0008945,DUD101117,2021-09-09,4,5,3,4,4,3,5,4,4,True,
SURV0008946,DUD101117,2021-10-18,5,5,5,4,4,5,4,5,4,True,
SURV0008947,DUD101117,2021-11-22,4,4,4,3,5,4,5,3,4,True,
SURV0008948,DUD101118,2022-03-24,5,4,5,4,5,5,5,5,5,True,
SURV0008949,DUD101118,2022-04-05,4,4,4,4,3,4,3,4,3,True,
SURV0008950,DUD101118,2022-05-03,2,2,3,1,1,1,2,1,2,False,
SURV0008951,DUD101118,2022-06-26,5,5,5,5,5,5,5,5,5,True,
SURV0008952,DUD101118,2022-07-02,3,4,3,3,3,3,3,2,4,False,
SURV0008953,DUD101118,2022-08-11,5,4,5,5,4,5,4,5,5,True,
SURV0008954,DUD101118,2022-09-14,5,5,5,5,5,5,5,5,5,True,
SURV0008955,DUD101118,2022-10-25,3,2,3,3,3,3,3,2,4,False,
SURV0008956,DUD101118,2022-11-25,4,4,4,4,4,4,3,5,3,True,
SURV0008957,DUD101118,2022-12-07,4,5,5,3,4,4,3,3,4,True,
SURV0008958,DUD101118,2023-01-12,4,4,4,5,4,5,4,4,4,True,
SURV0008959,DUD101119,2023-05-25,4,3,4,4,4,5,5,4,5,True,
SURV0008960,DUD101119,2023-06-03,3,4,3,4,3,3,2,4,2,False,
SURV0008961,DUD101119,2023-07-21,2,2,1,2,3,2,1,2,3,False,
SURV0008962,DUD101119,2023-08-10,4,4,5,4,4,3,5,5,4,True,
SURV0008963,DUD101119,2023-09-26,4,4,3,4,5,4,5,3,3,True,
SURV0008964,DUD101120,2024-04-15,4,5,5,4,3,4,3,4,3,True,
SURV0008965,DUD101120,2024-05-08,2,2,1,2,3,2,2,3,2,False,
SURV0008966,DUD101120,2024-06-11,2,2,2,3,1,3,2,2,2,False,
SURV0008967,DUD101120,2024-07-08,4,4,4,4,4,4,4,4,4,True,
SURV0008968,DUD101120,2024-08-28,4,5,3,4,4,5,4,3,4,True,
SURV0008969,DUD101120,2024-09-22,5,5,5,5,4,5,5,5,5,True,
SURV0008970,DUD101120,2024-10-12,3,3,2,3,3,3,3,2,3,False,
SURV0008971,DUD101120,2024-11-11,5,5,5,5,4,5,4,5,4,True,
SURV0008972,DUD101120,2024-12-16,3,4,2,3,3,3,3,2,4,False,
SURV0008973,DUD101121,2024-07-11,5,4,5,5,4,5,5,5,5,True,
SURV0008974,DUD101121,2024-08-12,3,4,4,4,4,2,4,2,2,False,
SURV0008975,DUD101121,2024-09-13,4,3,5,4,4,4,4,3,4,True,
SURV0008976,DUD101121,2024-10-17,4,5,4,4,5,4,4,3,4,True,
SURV0008977,DUD101121,2024-11-25,4,4,3,4,4,4,4,4,4,True,
SURV0008978,DUD101121,2024-12-21,2,2,2,2,1,2,2,3,3,False,
SURV0008979,DUD101121,2025-01-10,4,3,4,3,5,4,3,4,4,True,
SURV0008980,DUD101121,2025-02-08,2,3,3,1,3,2,3,3,1,False,
SURV0008981,DUD101121,2025-03-17,4,4,5,5,4,4,5,4,4,True,
SURV0008982,DUD101122,2024-08-04,5,5,5,4,5,5,4,5,5,True,
SURV0008983,DUD101122,2024-09-26,3,3,3,3,4,2,3,2,3,False,
SURV0008984,DUD101122,2024-10-05,4,4,4,4,4,3,5,5,4,True,
SURV0008985,DUD101122,2024-11-06,5,5,5,5,4,5,5,4,5,True,
SURV0008986,DUD101122,2024-12-17,3,3,4,4,3,3,2,3,3,False,
SURV0008987,DUD101122,2025-01-20,2,3,3,2,3,2,2,2,2,False,
SURV0008988,DUD101123,2021-02-04,4,5,3,3,4,4,4,5,4,True,
SURV0008989,DUD101123,2021-03-05,5,5,5,5,5,4,5,5,5,True,
SURV0008990,DUD101123,2021-04-03,4,5,3,3,3,4,3,3,4,True,
SURV0008991,DUD101123,2021-05-15,1,1,1,1,1,1,1,1,2,False,
SURV0008992,DUD101123,2021-06-19,5,5,5,5,5,5,4,5,4,True,
SURV0008993,DUD101123,2021-07-05,2,1,3,1,2,3,2,2,3,False,
SURV0008994,DUD101123,2021-08-18,3,3,3,3,2,3,3,3,3,False,
SURV0008995,DUD101123,2021-09-14,3,3,3,2,2,4,2,2,3,False,
SURV0008996,DUD101124,2024-03-18,4,4,4,4,4,4,4,4,3,True,
SURV0008997,DUD101124,2024-04-27,4,5,5,4,4,4,4,5,4,True,
SURV0008998,DUD101124,2024-05-24,4,5,4,5,4,3,5,4,3,True,
SURV0008999,DUD101124,2024-06-07,4,3,3,5,3,5,4,5,5,True,
SURV0009000,DUD101125,2022-03-20,5,4,5,5,5,5,5,5,5,True,
SURV0009001,DUD101125,2022-04-13,3,3,3,4,3,4,2,3,3,False,
SURV0009002,DUD101125,2022-05-16,4,5,4,4,3,4,4,4,3,True,
SURV0009003,DUD101125,2022-06-09,3,3,3,3,2,2,3,2,2,False,
SURV0009004,DUD101125,2022-07-23,5,5,5,5,5,5,5,4,4,True,
SURV0009005,DUD101125,2022-08-26,4,4,5,4,5,4,4,3,4,True,
SURV0009006,DUD101125,2022-09-21,3,3,2,3,3,2,4,3,3,False,
SURV0009007,DUD101125,2022-10-10,3,3,4,4,4,2,3,4,3,False,
SURV0009008,DUD101125,2022-11-21,5,5,5,5,5,5,5,5,5,True,
SURV0009009,DUD101126,2023-09-27,4,3,5,3,4,3,4,3,4,True,
SURV0009010,DUD101126,2023-10-24,5,5,4,4,5,5,5,5,5,True,
SURV0009011,DUD101126,2023-11-07,5,5,5,5,5,5,5,5,4,True,
SURV0009012,DUD101126,2023-12-06,4,4,5,4,4,4,3,5,4,True,
SURV0009013,DUD101126,2024-01-07,5,5,5,5,4,5,5,4,5,True,
SURV0009014,DUD101126,2024-02-13,4,4,4,5,5,5,4,4,3,True,
SURV0009015,DUD101126,2024-03-28,2,3,2,3,3,2,3,3,2,False,
SURV0009016,DUD101126,2024-04-26,4,4,4,3,5,4,3,4,4,True,
SURV0009017,DUD101126,2024-05-10,4,4,5,4,3,5,3,3,3,True,
SURV0009018,DUD101126,2024-06-24,4,4,4,4,5,4,4,5,5,True,
SURV0009019,DUD101126,2024-07-08,2,3,2,1,2,2,1,3,3,False,
SURV0009020,DUD101127,2022-10-21,4,3,4,4,3,3,3,3,4,True,
SURV0009021,DUD101127,2022-11-13,3,3,2,2,3,3,4,4,2,False,
SURV0009022,DUD101127,2022-12-13,4,4,4,4,4,4,3,5,4,True,
SURV0009023,DUD101127,2023-01-08,4,4,3,4,4,4,4,4,5,True,
SURV0009024,DUD101127,2023-02-07,2,2,2,3,2,1,2,2,3,False,
SURV0009025,DUD101127,2023-03-09,4,4,4,4,3,4,5,4,3,True,
SURV0009026,DUD101128,2024-05-24,4,3,3,3,3,5,3,4,5,True,
SURV0009027,DUD101128,2024-06-03,5,5,4,5,5,5,5,4,4,True,
SURV0009028,DUD101128,2024-07-25,4,4,4,4,5,4,4,4,3,True,
SURV0009029,DUD101128,2024-08-10,3,4,2,3,3,4,4,2,3,False,
SURV0009030,DUD101128,2024-09-14,4,4,4,4,4,4,4,4,3,True,
SURV0009031,DUD101128,2024-10-03,3,3,3,3,3,2,3,3,4,False,
SURV0009032,DUD101129,2024-05-22,5,5,5,5,4,5,5,4,4,True,
SURV0009033,DUD101129,2024-06-11,5,5,4,5,5,4,5,5,5,True,
SURV0009034,DUD101129,2024-07-07,2,1,2,2,2,1,3,2,2,False,
SURV0009035,DUD101129,2024-08-17,4,4,3,4,3,3,5,3,3,True,
SURV0009036,DUD101129,2024-09-01,4,3,5,3,3,3,4,3,4,True,
SURV0009037,DUD101129,2024-10-14,4,4,3,4,4,5,4,4,4,True,
SURV0009038,DUD101130,2021-03-26,4,4,5,4,3,5,4,4,5,True,
SURV0009039,DUD101130,2021-04-07,5,5,4,5,5,5,5,5,5,True,
SURV0009040,DUD101130,2021-05-20,4,4,4,4,4,5,5,4,3,True,
SURV0009041,DUD101130,2021-06-26,3,3,2,3,3,3,2,3,4,False,
SURV0009042,DUD101130,2021-07-01,4,5,4,5,3,4,4,3,4,True,
SURV0009043,DUD101130,2021-08-26,3,2,4,2,3,4,3,3,3,False,
SURV0009044,DUD101130,2021-09-26,3,3,2,3,2,3,3,3,3,False,
SURV0009045,DUD101130,2021-10-10,3,3,3,4,4,4,3,3,4,False,
SURV0009046,DUD101130,2021-11-21,3,2,2,4,4,3,3,4,4,False,
SURV0009047,DUD101131,2024-10-13,4,5,4,4,4,4,3,4,5,True,
SURV0009048,DUD101131,2024-11-25,4,4,4,4,5,3,4,3,4,True,
SURV0009049,DUD101131,2024-12-11,4,4,4,4,3,3,5,4,4,True,
SURV0009050,DUD101131,2025-01-21,2,3,2,1,1,1,2,3,2,False,
SURV0009051,DUD101131,2025-02-22,5,5,4,5,5,5,5,5,5,True,
SURV0009052,DUD101131,2025-03-05,4,5,4,5,5,5,3,5,3,True,
SURV0009053,DUD101131,2025-04-13,1,1,1,1,1,1,1,1,1,False,
SURV0009054,DUD101131,2025-05-27,2,3,3,3,3,2,2,1,3,False,
SURV0009055,DUD101131,2025-06-04,5,5,5,5,5,5,5,5,5,True,
SURV0009056,DUD101131,2025-07-02,2,3,2,2,3,2,2,2,2,False,
SURV0009057,DUD101131,2025-08-08,5,5,5,5,4,5,5,5,5,True,
SURV0009058,DUD101131,2025-09-13,4,5,5,3,5,3,3,5,3,True,
SURV0009059,DUD101132,2024-12-01,2,3,1,3,3,3,2,1,2,False,
SURV0009060,DUD101132,2025-01-09,5,5,4,4,4,5,5,5,5,True,
SURV0009061,DUD101132,2025-02-12,4,3,4,4,4,5,4,5,5,True,
SURV0009062,DUD101132,2025-03-02,4,5,4,3,5,3,5,5,4,True,
SURV0009063,DUD101132,2025-04-14,4,4,5,4,5,5,4,3,5,True,
SURV0009064,DUD101132,2025-05-08,4,3,4,3,5,5,4,5,3,True,
SURV0009065,DUD101132,2025-06-06,3,3,3,3,3,2,3,3,3,False,
SURV0009066,DUD101132,2025-07-16,5,5,4,5,5,5,5,5,5,True,
SURV0009067,DUD101132,2025-08-11,5,5,5,5,4,5,4,5,5,True,
SURV0009068,DUD101132,2025-09-22,4,4,3,3,4,4,5,3,4,True,
SURV0009069,DUD101132,2025-10-13,4,4,4,3,4,5,4,4,4,True,
SURV0009070,DUD101133,2024-08-10,5,5,5,4,5,5,5,5,5,True,
SURV0009071,DUD101133,2024-09-04,5,4,5,5,5,4,5,5,5,True,
SURV0009072,DUD101133,2024-10-23,4,4,4,4,5,4,5,3,3,True,
SURV0009073,DUD101133,2024-11-20,4,3,4,4,4,5,5,3,4,True,
SURV0009074,DUD101134,2023-03-10,5,5,4,5,5,5,5,5,5,True,
SURV0009075,DUD101134,2023-04-18,4,4,4,3,4,4,4,5,5,True,
SURV0009076,DUD101134,2023-05-11,4,3,5,4,4,3,4,3,4,True,
SURV0009077,DUD101134,2023-06-26,4,5,4,5,4,4,5,4,4,True,
SURV0009078,DUD101134,2023-07-07,3,3,4,2,3,4,2,2,3,False,
SURV0009079,DUD101134,2023-08-21,4,4,5,3,4,5,4,4,5,True,
SURV0009080,DUD101134,2023-09-22,3,2,3,2,2,3,4,3,2,False,
SURV0009081,DUD101135,2023-05-02,4,4,5,4,4,5,5,4,4,True,
SURV0009082,DUD101135,2023-06-27,4,5,3,3,4,4,3,3,4,True,
SURV0009083,DUD101135,2023-07-06,5,5,5,5,4,4,4,5,4,True,
SURV0009084,DUD101135,2023-08-05,3,3,4,4,3,3,3,2,4,False,
SURV0009085,DUD101136,2022-06-08,4,4,3,4,3,5,4,5,3,True,
SURV0009086,DUD101136,2022-07-05,4,4,5,3,3,5,3,3,4,True,
SURV0009087,DUD101136,2022-08-10,3,4,3,3,4,3,3,3,3,False,
SURV0009088,DUD101136,2022-09-19,4,5,5,4,4,4,4,4,4,True,
SURV0009089,DUD101136,2022-10-17,5,5,4,5,5,5,5,5,5,True,
SURV0009090,DUD101136,2022-11-17,3,3,3,3,2,3,3,4,3,False,
SURV0009091,DUD101136,2022-12-19,2,2,2,2,2,2,2,2,1,False,
SURV0009092,DUD101136,2023-01-07,4,4,3,4,5,4,5,4,4,True,
SURV0009093,DUD101136,2023-02-27,3,4,3,2,3,3,2,2,4,False,
SURV0009094,DUD101136,2023-03-04,1,1,1,1,2,2,1,2,1,False,
SURV0009095,DUD101137,2022-10-10,5,5,5,4,5,5,4,5,4,True,
SURV0009096,DUD101137,2022-11-11,4,5,4,5,4,5,5,5,3,True,
SURV0009097,DUD101137,2022-12-24,3,4,3,4,3,3,3,2,2,False,
SURV0009098,DUD101137,2023-01-10,3,3,4,3,2,3,4,3,4,False,
SURV0009099,DUD101137,2023-02-05,4,3,3,3,3,4,4,4,4,True,
SURV0009100,DUD101138,2024-04-02,3,3,3,3,4,3,3,3,4,False,
SURV0009101,DUD101138,2024-05-08,3,3,3,3,3,2,4,2,2,False,
SURV0009102,DUD101138,2024-06-08,4,3,4,5,5,4,4,4,4,True,
SURV0009103,DUD101138,2024-07-25,2,2,2,2,2,1,2,2,1,False,
SURV0009104,DUD101139,2024-06-20,5,5,5,5,5,5,5,4,5,True,
SURV0009105,DUD101139,2024-07-01,2,3,2,2,1,2,2,2,2,False,
SURV0009106,DUD101139,2024-08-08,3,2,3,3,2,2,3,2,2,False,
SURV0009107,DUD101139,2024-09-17,4,4,4,4,5,5,5,4,4,True,
SURV0009108,DUD101139,2024-10-09,4,4,4,4,3,4,4,3,3,True,
SURV0009109,DUD101139,2024-11-22,5,5,5,4,4,5,4,5,5,True,
SURV0009110,DUD101139,2024-12-15,4,4,4,4,4,4,3,4,3,True,
SURV0009111,DUD101139,2025-01-08,4,3,4,5,5,5,3,3,4,True,
SURV0009112,DUD101139,2025-02-09,3,3,3,3,3,3,3,2,3,False,
SURV0009113,DUD101139,2025-03-22,4,4,5,3,4,4,4,5,3,True,
SURV0009114,DUD101139,2025-04-11,3,2,2,3,4,4,3,2,4,False,
SURV0009115,DUD101140,2023-06-12,4,5,5,5,5,3,3,4,5,True,
SURV0009116,DUD101140,2023-07-27,5,5,4,4,5,5,4,5,5,True,
SURV0009117,DUD101140,2023-08-22,5,4,5,5,4,5,5,5,5,True,
SURV0009118,DUD101140,2023-09-02,5,5,5,5,5,4,4,5,5,True,
SURV0009119,DUD101140,2023-10-13,3,3,3,2,3,3,4,4,3,False,
SURV0009120,DUD101140,2023-11-05,3,3,3,3,3,4,4,3,3,False,
SURV0009121,DUD101140,2023-12-25,4,3,3,5,5,5,4,4,5,True,
SURV0009122,DUD101140,2024-01-01,5,5,5,5,4,4,5,4,5,True,
SURV0009123,DUD101140,2024-02-18,4,4,5,4,4,4,4,4,5,True,
SURV0009124,DUD101140,2024-03-26,4,4,4,4,4,4,4,4,5,True,
SURV0009125,DUD101140,2024-04-03,4,4,5,3,4,5,3,3,4,True,
SURV0009126,DUD101140,2024-05-19,4,4,4,5,3,3,4,5,4,True,
SURV0009127,DUD101141,2021-07-14,2,2,3,2,1,3,3,2,3,False,
SURV0009128,DUD101141,2021-08-07,4,4,5,4,4,5,3,4,5,True,
SURV0009129,DUD101141,2021-09-27,5,5,4,5,5,5,5,4,5,True,
SURV0009130,DUD101141,2021-10-11,4,4,4,4,4,3,3,4,3,True,
SURV0009131,DUD101141,2021-11-25,4,3,4,4,4,4,3,5,5,True,
SURV0009132,DUD101142,2023-09-27,4,5,5,4,4,3,4,4,5,True,
SURV0009133,DUD101142,2023-10-05,3,2,3,4,2,4,4,4,4,False,
SURV0009134,DUD101142,2023-11-12,5,5,5,4,5,5,4,5,4,True,
SURV0009135,DUD101142,2023-12-02,2,3,3,3,2,2,3,3,2,False,
SURV0009136,DUD101142,2024-01-25,3,3,4,2,3,3,4,3,3,False,
SURV0009137,DUD101142,2024-02-21,2,2,3,2,2,2,1,2,2,False,
SURV0009138,DUD101143,2021-09-06,4,4,3,4,3,4,5,4,3,True,
SURV0009139,DUD101143,2021-10-21,3,3,3,3,2,3,4,2,2,False,
SURV0009140,DUD101143,2021-11-08,4,5,5,3,4,4,4,5,5,True,
SURV0009141,DUD101143,2021-12-26,2,2,3,1,3,2,2,2,2,False,
SURV0009142,DUD101144,2023-04-26,2,2,2,3,2,1,3,2,2,False,
SURV0009143,DUD101144,2023-05-01,4,5,3,5,3,4,3,3,4,True,
SURV0009144,DUD101144,2023-06-26,4,4,5,5,4,5,5,5,3,True,
SURV0009145,DUD101144,2023-07-01,2,3,2,2,3,3,1,3,1,False,
SURV0009146,DUD101144,2023-08-28,4,4,4,4,4,4,4,3,4,True,
SURV0009147,DUD101144,2023-09-27,5,4,4,5,5,4,5,5,5,True,
SURV0009148,DUD101144,2023-10-28,4,3,3,3,5,5,5,4,4,True,
SURV0009149,DUD101145,2023-04-17,3,2,2,3,3,3,4,3,4,False,
SURV0009150,DUD101145,2023-05-24,5,5,5,5,5,5,5,5,4,True,
SURV0009151,DUD101145,2023-06-22,4,4,4,4,5,4,5,4,5,True,
SURV0009152,DUD101145,2023-07-10,4,5,4,5,4,4,5,3,5,True,
SURV0009153,DUD101145,2023-08-25,4,4,3,3,5,5,4,4,4,True,
SURV0009154,DUD101145,2023-09-16,2,2,2,3,2,3,2,3,1,False,
SURV0009155,DUD101145,2023-10-21,4,4,4,3,5,5,4,4,5,True,
SURV0009156,DUD101146,2021-05-09,4,4,3,3,5,5,5,4,4,True,
SURV0009157,DUD101146,2021-06-07,5,5,5,5,5,4,5,5,5,True,
SURV0009158,DUD101146,2021-07-04,2,1,1,3,3,2,1,2,2,False,
SURV0009159,DUD101146,2021-08-07,4,4,3,3,5,4,4,3,3,True,
SURV0009160,DUD101146,2021-09-02,3,4,3,3,3,3,3,3,2,False,
SURV0009161,DUD101146,2021-10-18,4,4,5,3,4,5,3,5,3,True,
SURV0009162,DUD101146,2021-11-24,3,2,2,4,3,4,4,4,2,False,
SURV0009163,DUD101146,2021-12-17,2,2,3,2,1,2,2,2,3,False,
SURV0009164,DUD101147,2022-04-26,5,5,5,5,5,5,5,4,4,True,
SURV0009165,DUD101147,2022-05-01,3,2,2,4,2,3,2,3,3,False,
SURV0009166,DUD101147,2022-06-09,5,5,5,5,5,5,5,5,5,True,
SURV0009167,DUD101147,2022-07-23,4,4,3,5,4,3,4,4,3,True,
SURV0009168,DUD101147,2022-08-22,5,5,5,5,5,5,5,4,5,True,
SURV0009169,DUD101147,2022-09-25,4,4,5,4,3,4,5,3,5,True,
SURV0009170,DUD101147,2022-10-03,4,5,4,4,4,5,5,4,3,True,
SURV0009171,DUD101147,2022-11-09,3,2,4,3,4,4,4,2,4,False,
SURV0009172,DUD101147,2022-12-04,4,5,3,4,4,3,5,4,4,True,
SURV0009173,DUD101148,2021-06-17,4,3,5,3,5,4,4,5,4,True,
SURV0009174,DUD101148,2021-07-13,3,3,3,3,2,3,4,3,4,False,
SURV0009175,DUD101148,2021-08-21,3,3,4,2,3,2,3,3,3,False,
SURV0009176,DUD101148,2021-09-04,2,1,2,2,1,2,2,1,3,False,
SURV0009177,DUD101148,2021-10-24,1,1,1,1,1,2,1,1,1,False,
SURV0009178,DUD101148,2021-11-07,3,2,4,3,3,2,3,3,3,False,
SURV0009179,DUD101148,2021-12-07,4,5,3,3,5,5,4,5,4,True,
SURV0009180,DUD101148,2022-01-24,4,5,4,4,4,5,5,4,3,True,
SURV0009181,DUD101148,2022-02-05,5,5,5,5,5,5,4,4,4,True,
SURV0009182,DUD101148,2022-03-13,2,2,2,2,1,1,3,3,2,False,
SURV0009183,DUD101148,2022-04-25,4,5,5,3,3,4,3,3,5,True,
SURV0009184,DUD101149,2022-02-08,5,5,5,5,4,4,4,5,4,True,
SURV0009185,DUD101149,2022-03-19,3,4,3,4,4,3,3,4,3,False,
SURV0009186,DUD101149,2022-04-02,4,5,5,4,5,3,5,4,3,True,
SURV0009187,DUD101149,2022-05-11,4,4,4,4,5,4,4,5,4,True,
SURV0009188,DUD101150,2021-04-27,4,4,4,4,4,4,4,5,3,True,
SURV0009189,DUD101150,2021-05-24,4,4,5,5,4,5,4,3,4,True,
SURV0009190,DUD101150,2021-06-16,4,4,4,3,4,4,4,5,4,True,
SURV0009191,DUD101150,2021-07-07,3,3,3,3,3,4,3,4,3,False,
SURV0009192,DUD101150,2021-08-11,2,1,2,1,1,2,1,3,2,False,
SURV0009193,DUD101150,2021-09-16,5,5,5,5,5,5,5,5,5,True,
SURV0009194,DUD101150,2021-10-28,4,4,3,3,5,4,4,5,4,True,
SURV0009195,DUD101150,2021-11-05,1,1,1,2,1,1,1,1,2,False,
SURV0009196,DUD101150,2021-12-27,3,3,3,3,4,3,4,3,3,False,
SURV0009197,DUD101150,2022-01-12,4,4,4,3,5,3,5,3,4,True,
SURV0009198,DUD101151,2021-04-20,3,3,3,4,4,3,3,2,3,False,
SURV0009199,DUD101151,2021-05-02,3,3,3,3,3,2,4,4,2,False,
SURV0009200,DUD101151,2021-06-18,5,5,5,5,4,5,4,5,5,True,
SURV0009201,DUD101151,2021-07-27,4,4,4,3,5,3,4,5,3,True,
SURV0009202,DUD101151,2021-08-08,4,4,4,5,4,4,4,4,4,True,
SURV0009203,DUD101151,2021-09-17,3,3,3,2,3,3,4,2,3,False,
SURV0009204,DUD101151,2021-10-08,2,2,3,3,2,2,2,3,2,False,
SURV0009205,DUD101151,2021-11-03,2,3,2,3,3,2,1,3,1,False,
SURV0009206,DUD101152,2021-09-02,5,5,5,5,5,5,4,5,5,True,
SURV0009207,DUD101152,2021-10-11,5,4,5,5,4,5,4,5,5,True,
SURV0009208,DUD101152,2021-11-16,5,5,5,5,5,5,4,4,5,True,
SURV0009209,DUD101152,2021-12-19,4,4,4,5,5,3,5,4,5,True,
SURV0009210,DUD101152,2022-01-23,4,3,3,3,3,3,5,3,3,True,
SURV0009211,DUD101152,2022-02-20,2,2,2,2,2,3,2,1,1,False,
SURV0009212,DUD101152,2022-03-17,4,3,3,4,5,3,5,4,5,True,
SURV0009213,DUD101152,2022-04-04,3,3,2,4,3,4,3,3,3,False,
SURV0009214,DUD101153,2023-04-06,4,4,4,4,3,4,3,4,3,True,
SURV0009215,DUD101153,2023-05-06,5,4,5,5,4,5,5,5,5,True,
SURV0009216,DUD101153,2023-06-06,5,5,5,5,4,5,4,5,5,True,
SURV0009217,DUD101153,2023-07-20,4,4,5,4,4,4,4,3,4,True,
SURV0009218,DUD101153,2023-08-09,4,4,5,4,3,5,3,4,3,True,
SURV0009219,DUD101153,2023-09-28,4,5,4,3,3,5,4,5,4,True,
SURV0009220,DUD101153,2023-10-17,4,5,5,4,3,4,4,3,4,True,
SURV0009221,DUD101153,2023-11-13,2,3,2,3,1,2,2,2,1,False,
SURV0009222,DUD101153,2023-12-27,3,3,4,2,3,4,2,4,4,False,
SURV0009223,DUD101153,2024-01-15,4,3,5,3,5,5,5,3,5,True,
SURV0009224,DUD101154,2024-07-23,3,2,4,4,2,3,2,4,4,False,
SURV0009225,DUD101154,2024-08-05,3,3,3,4,2,4,3,3,3,False,
SURV0009226,DUD101154,2024-09-11,5,5,4,4,4,4,5,5,5,True,
SURV0009227,DUD101154,2024-10-25,4,3,5,5,5,4,3,3,4,True,
SURV0009228,DUD101154,2024-11-08,4,3,5,5,4,4,3,3,5,True,
SURV0009229,DUD101154,2024-12-15,4,4,5,3,5,3,5,4,3,True,
SURV0009230,DUD101154,2025-01-05,3,3,2,2,3,4,3,3,2,False,
SURV0009231,DUD101154,2025-02-05,4,4,4,4,3,4,5,4,4,True,
SURV0009232,DUD101155,2021-11-18,5,4,5,5,5,5,5,4,5,True,
SURV0009233,DUD101155,2021-12-23,3,3,3,3,3,4,4,4,3,False,
SURV0009234,DUD101155,2022-01-19,4,3,4,4,5,4,5,3,5,True,
SURV0009235,DUD101155,2022-02-04,4,5,3,3,3,5,5,4,3,True,
SURV0009236,DUD101155,2022-03-19,4,4,4,4,3,4,4,3,3,True,
SURV0009237,DUD101155,2022-04-17,2,2,2,2,3,2,2,1,1,False,
SURV0009238,DUD101155,2022-05-04,4,3,3,4,4,4,4,4,4,True,
SURV0009239,DUD101155,2022-06-28,4,3,3,4,4,5,4,4,4,True,
SURV0009240,DUD101155,2022-07-26,4,5,5,4,4,5,4,5,3,True,
SURV0009241,DUD101156,2022-05-18,5,5,5,5,5,5,5,4,5,True,
SURV0009242,DUD101156,2022-06-23,4,4,3,5,4,4,5,3,3,True,
SURV0009243,DUD101156,2022-07-20,5,5,4,5,5,4,5,5,5,True,
SURV0009244,DUD101156,2022-08-20,3,4,4,2,3,2,2,2,2,False,
SURV0009245,DUD101156,2022-09-21,4,4,4,4,4,4,4,3,4,True,
SURV0009246,DUD101156,2022-10-18,5,5,4,5,4,4,5,5,4,True,
SURV0009247,DUD101156,2022-11-22,4,5,4,4,3,5,4,5,3,True,
SURV0009248,DUD101156,2022-12-08,1,1,1,2,1,1,1,1,1,False,
SURV0009249,DUD101156,2023-01-03,4,4,5,4,5,4,3,4,4,True,
SURV0009250,DUD101157,2024-11-24,1,1,1,1,1,1,2,1,1,False,
SURV0009251,DUD101157,2024-12-01,5,5,5,5,4,5,4,4,5,True,
SURV0009252,DUD101157,2025-01-22,4,3,3,3,5,4,5,3,4,True,
SURV0009253,DUD101157,2025-02-14,5,5,5,5,4,5,5,5,4,True,
SURV0009254,DUD101157,2025-03-14,5,4,5,4,5,4,5,5,5,True,
SURV0009255,DUD101158,2022-12-01,4,3,3,5,4,4,4,4,3,True,
SURV0009256,DUD101158,2023-01-25,5,5,4,5,4,5,4,5,5,True,
SURV0009257,DUD101158,2023-02-27,4,5,4,4,3,4,5,3,3,True,
SURV0009258,DUD101158,2023-03-16,3,3,4,3,4,4,2,4,3,False,
SURV0009259,DUD101158,2023-04-05,5,5,5,5,5,5,5,5,4,True,
SURV0009260,DUD101158,2023-05-24,3,3,4,3,3,3,4,4,2,False,
SURV0009261,DUD101158,2023-06-28,5,5,5,5,5,5,4,5,5,True,
SURV0009262,DUD101158,2023-07-17,5,5,5,4,5,5,5,5,4,True,
SURV0009263,DUD101159,2022-04-25,4,5,4,5,4,3,4,3,4,True,
SURV0009264,DUD101159,2022-05-02,4,4,4,3,5,4,4,3,4,True,
SURV0009265,DUD101159,2022-06-02,4,5,4,4,3,3,4,3,4,True,
SURV0009266,DUD101159,2022-07-20,4,4,4,5,4,4,4,4,4,True,
SURV0009267,DUD101160,2022-10-16,5,5,5,5,5,5,4,5,5,True,
SURV0009268,DUD101160,2022-11-28,2,2,3,2,3,3,1,3,3,False,
SURV0009269,DUD101160,2022-12-17,2,2,1,2,3,1,1,3,2,False,
SURV0009270,DUD101160,2023-01-18,4,4,5,5,3,4,4,4,3,True,
SURV0009271,DUD101161,2022-11-16,4,4,5,5,4,4,4,3,3,True,
SURV0009272,DUD101161,2022-12-25,2,3,2,3,1,2,2,2,3,False,
SURV0009273,DUD101161,2023-01-18,4,4,4,4,5,3,5,5,4,True,
SURV0009274,DUD101161,2023-02-17,3,3,2,3,2,4,2,4,3,False,
SURV0009275,DUD101161,2023-03-02,2,3,1,1,1,2,2,2,1,False,
SURV0009276,DUD101161,2023-04-07,4,4,4,4,3,3,4,4,3,True,
SURV0009277,DUD101161,2023-05-25,3,3,3,3,2,3,2,2,3,False,
SURV0009278,DUD101161,2023-06-10,4,4,3,5,5,4,4,5,5,True,
SURV0009279,DUD101161,2023-07-18,4,4,5,4,4,4,4,3,5,True,
SURV0009280,DUD101162,2023-02-16,3,4,3,4,2,3,3,3,2,False,
SURV0009281,DUD101162,2023-03-05,5,4,4,5,4,5,5,5,5,True,
SURV0009282,DUD101162,2023-04-08,1,1,1,2,1,1,1,1,1,False,
SURV0009283,DUD101162,2023-05-23,5,5,5,5,5,4,5,4,4,True,
SURV0009284,DUD101162,2023-06-14,4,5,5,3,4,3,5,5,4,True,
SURV0009285,DUD101163,2023-11-19,2,2,1,2,2,3,3,2,3,False,
SURV0009286,DUD101163,2023-12-20,5,5,4,5,5,4,5,5,5,True,
SURV0009287,DUD101163,2024-01-24,2,1,3,3,3,3,3,2,2,False,
SURV0009288,DUD101163,2024-02-08,5,5,5,5,5,4,5,5,5,True,
SURV0009289,DUD101163,2024-03-26,4,3,4,5,4,3,4,4,3,True,
SURV0009290,DUD101164,2021-03-26,1,1,2,2,1,2,1,1,2,False,
SURV0009291,DUD101164,2021-04-10,5,5,4,5,5,5,5,4,5,True,
SURV0009292,DUD101164,2021-05-25,2,2,1,1,2,2,2,2,1,False,
SURV0009293,DUD101164,2021-06-12,4,4,3,4,4,4,3,3,4,True,
SURV0009294,DUD101164,2021-07-24,4,3,5,5,4,4,4,4,4,True,
SURV0009295,DUD101164,2021-08-03,3,2,3,4,3,2,3,3,2,False,
SURV0009296,DUD101164,2021-09-13,4,4,4,5,3,5,4,4,4,True,
SURV0009297,DUD101165,2021-07-10,3,3,3,4,3,3,4,4,4,False,
SURV0009298,DUD101165,2021-08-09,5,5,5,4,4,5,5,5,5,True,
SURV0009299,DUD101165,2021-09-05,5,5,5,5,4,4,5,5,5,True,
SURV0009300,DUD101165,2021-10-08,5,5,5,5,5,5,5,5,5,True,
SURV0009301,DUD101165,2021-11-02,2,3,2,2,3,2,2,1,3,False,
SURV0009302,DUD101165,2021-12-20,4,4,4,4,5,3,5,5,5,True,
SURV0009303,DUD101166,2021-12-21,4,4,5,4,5,4,4,5,4,True,
SURV0009304,DUD101166,2022-01-19,4,5,4,3,4,3,4,5,4,True,
SURV0009305,DUD101166,2022-02-12,3,3,3,3,2,3,3,3,3,False,
SURV0009306,DUD101166,2022-03-28,4,3,5,4,4,3,4,5,3,True,
SURV0009307,DUD101166,2022-04-14,4,5,4,4,4,3,4,4,4,True,
SURV0009308,DUD101166,2022-05-05,4,5,3,5,3,4,3,3,3,True,
SURV0009309,DUD101166,2022-06-28,2,2,2,1,2,2,2,2,2,False,
SURV0009310,DUD101166,2022-07-01,5,5,5,5,4,5,5,4,4,True,
SURV0009311,DUD101166,2022-08-06,4,3,4,4,3,4,4,4,4,True,
SURV0009312,DUD101166,2022-09-01,3,4,4,3,2,2,4,3,3,False,
SURV0009313,DUD101166,2022-10-26,4,4,5,4,3,5,5,3,5,True,
SURV0009314,DUD101166,2022-11-08,4,5,5,5,3,4,4,5,4,True,
SURV0009315,DUD101167,2022-09-05,4,4,4,3,4,4,4,3,4,True,
SURV0009316,DUD101167,2022-10-12,4,3,3,5,3,3,4,4,3,True,
SURV0009317,DUD101167,2022-11-09,3,3,3,2,2,3,3,4,3,False,
SURV0009318,DUD101167,2022-12-05,4,5,4,4,4,4,4,4,4,True,
SURV0009319,DUD101167,2023-01-06,4,4,4,4,3,5,4,5,3,True,
SURV0009320,DUD101167,2023-02-28,4,4,4,4,5,4,4,5,3,True,
SURV0009321,DUD101168,2023-06-26,4,5,4,4,3,5,5,4,3,True,
SURV0009322,DUD101168,2023-07-22,5,4,5,5,5,4,5,5,5,True,
SURV0009323,DUD101168,2023-08-06,3,3,3,2,3,3,3,4,3,False,
SURV0009324,DUD101168,2023-09-26,4,4,5,4,4,4,3,4,5,True,
SURV0009325,DUD101168,2023-10-01,3,2,3,4,2,3,4,4,3,False,
SURV0009326,DUD101169,2023-06-21,5,4,5,5,5,5,5,4,5,True,
SURV0009327,DUD101169,2023-07-17,5,4,4,5,5,5,5,5,5,True,
SURV0009328,DUD101169,2023-08-27,3,3,3,4,3,3,3,2,4,False,
SURV0009329,DUD101169,2023-09-08,4,4,4,4,5,5,3,5,3,True,
SURV0009330,DUD101169,2023-10-04,4,4,4,4,4,5,4,5,4,True,
SURV0009331,DUD101169,2023-11-19,4,4,4,3,4,5,4,4,5,True,
SURV0009332,DUD101169,2023-12-21,4,4,4,3,3,5,3,5,3,True,
SURV0009333,DUD101169,2024-01-13,3,4,3,3,4,4,2,3,3,False,
SURV0009334,DUD101169,2024-02-04,3,3,3,3,3,3,2,3,4,False,
SURV0009335,DUD101169,2024-03-13,5,5,4,4,4,5,4,5,5,True,
SURV0009336,DUD101169,2024-04-23,1,1,1,1,1,1,1,1,2,False,
SURV0009337,DUD101169,2024-05-12,5,5,5,5,5,4,5,5,5,True,
SURV0009338,DUD101170,2023-07-08,4,4,4,4,5,5,3,4,4,True,
SURV0009339,DUD101170,2023-08-03,2,2,1,2,3,1,1,3,2,False,
SURV0009340,DUD101170,2023-09-27,4,3,4,5,4,5,5,4,4,True,
SURV0009341,DUD101170,2023-10-14,4,4,3,4,3,5,4,4,5,True,
SURV0009342,DUD101170,2023-11-18,3,3,2,4,3,2,3,3,3,False,
SURV0009343,DUD101171,2022-09-04,4,4,4,4,4,4,4,5,4,True,
SURV0009344,DUD101171,2022-10-14,3,4,2,3,4,3,2,4,3,False,
SURV0009345,DUD101171,2022-11-21,2,2,2,1,3,3,3,2,3,False,
SURV0009346,DUD101171,2022-12-17,4,4,4,4,3,4,5,5,3,True,
SURV0009347,DUD101172,2024-10-08,3,3,3,3,3,3,3,3,2,False,
SURV0009348,DUD101172,2024-11-05,1,2,1,2,1,1,2,2,1,False,
SURV0009349,DUD101172,2024-12-13,5,5,5,5,5,5,5,5,5,True,
SURV0009350,DUD101172,2025-01-21,4,3,4,4,4,4,5,5,5,True,
SURV0009351,DUD101172,2025-02-11,3,3,3,3,4,3,3,3,4,False,
SURV0009352,DUD101172,2025-03-18,3,4,3,4,3,3,4,3,4,False,
SURV0009353,DUD101173,2024-11-25,4,4,4,5,4,3,5,3,4,True,
SURV0009354,DUD101173,2024-12-20,4,4,4,5,4,3,3,4,4,True,
SURV0009355,DUD101173,2025-01-15,5,5,5,5,5,4,5,5,5,True,
SURV0009356,DUD101173,2025-02-19,3,3,3,2,2,2,4,3,2,False,
SURV0009357,DUD101174,2023-08-24,4,4,4,5,5,4,3,4,4,True,
SURV0009358,DUD101174,2023-09-13,4,4,4,4,4,4,4,3,5,True,
SURV0009359,DUD101174,2023-10-14,5,4,5,5,4,4,5,5,5,True,
SURV0009360,DUD101174,2023-11-02,4,4,5,4,4,4,4,5,4,True,
SURV0009361,DUD101174,2023-12-24,5,5,5,5,5,4,5,5,5,True,
SURV0009362,DUD101174,2024-01-08,5,5,5,5,5,5,5,5,4,True,
SURV0009363,DUD101174,2024-02-09,3,2,3,3,3,2,2,3,2,False,
SURV0009364,DUD101174,2024-03-06,2,2,2,1,2,1,2,3,2,False,
SURV0009365,DUD101175,2024-05-26,5,5,5,4,5,5,5,5,5,True,
SURV0009366,DUD101175,2024-06-25,4,5,4,3,4,4,4,4,4,True,
SURV0009367,DUD101175,2024-07-20,5,5,4,5,4,5,5,5,5,True,
SURV0009368,DUD101175,2024-08-01,2,2,2,2,3,1,3,1,2,False,
SURV0009369,DUD101175,2024-09-28,4,5,3,5,4,4,5,3,4,True,
SURV0009370,DUD101175,2024-10-10,4,4,5,3,5,3,4,4,4,True,
SURV0009371,DUD101175,2024-11-09,5,5,4,5,4,5,5,5,5,True,
SURV0009372,DUD101175,2024-12-16,2,2,3,2,2,3,3,2,2,False,
SURV0009373,DUD101175,2025-01-24,5,4,5,4,5,5,4,4,5,True,
SURV0009374,DUD101175,2025-02-16,3,4,3,3,3,4,2,2,4,False,
SURV0009375,DUD101175,2025-03-02,5,5,5,5,4,5,4,5,5,True,
SURV0009376,DUD101176,2021-07-24,4,5,5,4,4,4,4,4,5,True,
SURV0009377,DUD101176,2021-08-09,5,4,5,5,5,5,4,5,4,True,
SURV0009378,DUD101176,2021-09-05,3,3,3,4,4,2,2,4,2,False,
SURV0009379,DUD101176,2021-10-05,5,5,5,5,5,4,5,4,5,True,
SURV0009380,DUD101176,2021-11-08,4,3,4,5,5,5,3,4,5,True,
SURV0009381,DUD101176,2021-12-23,3,2,3,3,3,4,3,4,4,False,
SURV0009382,DUD101176,2022-01-01,4,3,4,4,4,5,4,4,4,True,
SURV0009383,DUD101177,2022-09-25,4,3,5,4,5,5,4,3,3,True,
SURV0009384,DUD101177,2022-10-18,4,4,4,5,5,3,4,4,4,True,
SURV0009385,DUD101177,2022-11-16,5,5,5,5,5,5,5,5,5,True,
SURV0009386,DUD101177,2022-12-22,4,4,5,4,5,4,5,4,5,True,
SURV0009387,DUD101177,2023-01-04,5,5,5,4,4,4,4,5,5,True,
SURV0009388,DUD101177,2023-02-18,3,3,4,4,4,2,3,3,2,False,
SURV0009389,DUD101177,2023-03-11,5,5,5,5,5,5,4,4,5,True,
SURV0009390,DUD101177,2023-04-06,2,2,3,2,2,1,2,2,1,False,
SURV0009391,DUD101177,2023-05-26,3,3,3,3,3,3,2,3,4,False,
SURV0009392,DUD101177,2023-06-09,3,3,3,3,2,3,3,3,2,False,
SURV0009393,DUD101178,2023-12-25,5,5,5,5,5,4,5,5,4,True,
SURV0009394,DUD101178,2024-01-25,3,4,3,3,2,3,3,4,3,False,
SURV0009395,DUD101178,2024-02-28,5,5,4,5,5,5,5,5,5,True,
SURV0009396,DUD101178,2024-03-23,4,4,5,3,4,4,4,5,3,True,
SURV0009397,DUD101178,2024-04-17,5,5,5,5,4,4,5,5,5,True,
SURV0009398,DUD101178,2024-05-26,4,4,5,4,3,3,4,3,5,True,
SURV0009399,DUD101178,2024-06-05,4,4,4,3,4,4,3,5,4,True,
SURV0009400,DUD101178,2024-07-06,5,5,5,5,5,5,5,5,5,True,
SURV0009401,DUD101178,2024-08-16,5,5,5,5,5,5,4,5,4,True,
SURV0009402,DUD101179,2021-08-07,3,2,2,3,3,3,2,3,3,False,
SURV0009403,DUD101179,2021-09-09,2,2,2,1,1,3,2,1,1,False,
SURV0009404,DUD101179,2021-10-26,2,1,1,2,2,2,2,2,2,False,
SURV0009405,DUD101179,2021-11-11,1,1,2,1,1,1,1,1,1,False,
SURV0009406,DUD101180,2021-06-14,3,4,2,4,3,2,3,3,3,False,
SURV0009407,DUD101180,2021-07-18,4,4,3,4,4,5,5,4,4,True,
SURV0009408,DUD101180,2021-08-12,4,4,5,5,5,5,4,5,4,True,
SURV0009409,DUD101180,2021-09-02,4,4,4,4,4,4,4,4,4,True,
SURV0009410,DUD101180,2021-10-01,5,5,5,4,4,5,5,5,4,True,
SURV0009411,DUD101180,2021-11-23,3,3,3,3,3,4,3,4,3,False,
SURV0009412,DUD101180,2021-12-10,4,4,3,4,4,3,4,4,3,True,
SURV0009413,DUD101180,2022-01-11,5,5,5,5,5,4,5,5,5,True,
SURV0009414,DUD101180,2022-02-18,3,3,4,2,3,3,2,3,3,False,
SURV0009415,DUD101180,2022-03-10,4,5,4,4,5,4,3,3,3,True,
SURV0009416,DUD101181,2021-09-12,3,4,3,3,4,2,3,3,2,False,
SURV0009417,DUD101181,2021-10-02,1,1,1,1,1,1,2,1,1,False,
SURV0009418,DUD101181,2021-11-23,3,4,2,2,2,4,3,3,4,False,
SURV0009419,DUD101181,2021-12-23,3,3,4,3,3,3,4,2,3,False,
SURV0009420,DUD101181,2022-01-01,4,4,5,4,3,5,5,5,3,True,
SURV0009421,DUD101182,2021-09-02,1,1,1,1,2,1,1,1,1,False,
SURV0009422,DUD101182,2021-10-02,3,3,4,4,4,4,2,2,3,False,
SURV0009423,DUD101182,2021-11-16,2,2,2,3,2,1,3,2,1,False,
SURV0009424,DUD101182,2021-12-12,4,5,5,4,3,4,3,4,4,True,
SURV0009425,DUD101182,2022-01-22,4,5,5,4,5,4,5,4,5,True,
SURV0009426,DUD101182,2022-02-08,5,5,5,5,4,4,5,5,5,True,
SURV0009427,DUD101182,2022-03-07,4,4,4,3,3,4,4,5,3,True,
SURV0009428,DUD101182,2022-04-21,4,5,4,4,4,4,4,5,3,True,
SURV0009429,DUD101183,2022-07-17,5,5,5,5,5,5,5,4,4,True,
SURV0009430,DUD101183,2022-08-12,3,3,3,3,3,2,3,4,3,False,
SURV0009431,DUD101183,2022-09-25,4,3,5,4,5,3,4,5,4,True,
SURV0009432,DUD101183,2022-10-12,5,5,4,4,5,5,4,5,4,True,
SURV0009433,DUD101183,2022-11-01,4,4,5,4,5,5,5,5,5,True,
SURV0009434,DUD101183,2022-12-04,4,4,5,4,4,3,4,3,3,True,
SURV0009435,DUD101183,2023-01-19,3,4,3,2,4,3,4,3,4,False,
SURV0009436,DUD101183,2023-02-27,3,3,2,4,4,2,4,3,3,False,
SURV0009437,DUD101183,2023-03-08,4,3,3,5,3,5,5,5,4,True,
SURV0009438,DUD101183,2023-04-05,4,4,3,5,5,3,4,4,3,True,
SURV0009439,DUD101184,2024-04-07,4,4,4,4,4,4,4,3,3,True,
SURV0009440,DUD101184,2024-05-13,3,3,4,3,3,4,3,4,2,False,
SURV0009441,DUD101184,2024-06-24,2,2,2,3,2,2,2,2,3,False,
SURV0009442,DUD101184,2024-07-27,2,1,3,3,2,1,3,2,2,False,
SURV0009443,DUD101184,2024-08-27,3,4,3,2,4,2,4,3,3,False,
SURV0009444,DUD101184,2024-09-13,3,3,4,2,3,4,4,3,4,False,
SURV0009445,DUD101184,2024-10-07,3,3,3,3,2,4,2,2,2,False,
SURV0009446,DUD101184,2024-11-28,4,5,3,4,5,4,4,4,5,True,
SURV0009447,DUD101184,2024-12-07,2,3,2,3,1,2,3,1,1,False,
SURV0009448,DUD101184,2025-01-02,4,5,4,4,5,3,4,5,3,True,
SURV0009449,DUD101184,2025-02-12,2,2,2,1,2,2,1,3,3,False,
SURV0009450,DUD101185,2024-06-07,3,3,3,3,3,3,4,3,4,False,
SURV0009451,DUD101185,2024-07-15,4,3,4,4,5,5,4,5,4,True,
SURV0009452,DUD101185,2024-08-03,4,4,3,3,5,5,3,4,3,True,
SURV0009453,DUD101185,2024-09-07,5,5,4,5,5,5,5,5,5,True,
SURV0009454,DUD101185,2024-10-17,5,5,4,5,5,5,5,5,5,True,
SURV0009455,DUD101185,2024-11-15,5,5,5,5,5,5,5,5,4,True,
SURV0009456,DUD101185,2024-12-15,3,3,2,3,3,3,4,3,4,False,
SURV0009457,DUD101185,2025-01-01,4,3,3,3,4,4,4,4,4,True,
SURV0009458,DUD101185,2025-02-26,4,4,4,4,3,4,3,3,4,True,
SURV0009459,DUD101185,2025-03-28,5,5,5,5,5,5,5,5,5,True,
SURV0009460,DUD101186,2021-08-16,3,3,4,3,2,2,2,4,3,False,
SURV0009461,DUD101186,2021-09-27,4,4,3,3,5,4,3,5,4,True,
SURV0009462,DUD101186,2021-10-27,3,3,2,3,3,3,3,4,3,False,
SURV0009463,DUD101186,2021-11-11,4,4,3,4,3,4,4,4,4,True,
SURV0009464,DUD101187,2023-02-16,4,4,4,4,4,4,4,4,4,True,
SURV0009465,DUD101187,2023-03-23,4,4,5,3,4,5,3,4,4,True,
SURV0009466,DUD101187,2023-04-20,2,2,2,3,1,3,1,1,2,False,
SURV0009467,DUD101187,2023-05-13,5,4,5,5,4,5,5,4,5,True,
SURV0009468,DUD101187,2023-06-27,4,4,3,4,4,4,3,5,4,True,
SURV0009469,DUD101187,2023-07-22,5,4,5,5,4,5,5,5,5,True,
SURV0009470,DUD101187,2023-08-08,5,4,5,5,5,5,5,5,5,True,
SURV0009471,DUD101187,2023-09-25,5,5,5,5,5,4,5,5,5,True,
SURV0009472,DUD101187,2023-10-20,4,4,4,5,4,4,4,4,3,True,
SURV0009473,DUD101187,2023-11-28,4,4,5,4,4,4,5,5,5,True,
SURV0009474,DUD101187,2023-12-23,4,5,5,4,5,3,4,5,3,True,
SURV0009475,DUD101188,2022-02-10,3,3,3,2,4,4,2,2,3,False,
SURV0009476,DUD101188,2022-03-22,5,5,5,5,4,5,5,5,4,True,
SURV0009477,DUD101188,2022-04-13,5,5,5,4,4,5,5,5,5,True,
SURV0009478,DUD101188,2022-05-10,5,5,4,5,4,5,5,5,4,True,
SURV0009479,DUD101188,2022-06-17,4,5,4,4,4,3,4,4,4,True,
SURV0009480,DUD101188,2022-07-07,1,2,1,1,1,2,2,1,1,False,
SURV0009481,DUD101188,2022-08-12,4,4,3,4,4,4,4,4,3,True,
SURV0009482,DUD101188,2022-09-24,3,3,3,2,2,3,2,3,3,False,
SURV0009483,DUD101188,2022-10-22,3,4,2,3,4,3,2,3,2,False,
SURV0009484,DUD101188,2022-11-09,4,3,3,4,4,4,3,4,4,True,
SURV0009485,DUD101189,2023-03-19,5,5,5,4,5,5,5,5,5,True,
SURV0009486,DUD101189,2023-04-25,3,3,4,3,3,3,2,2,4,False,
SURV0009487,DUD101189,2023-05-01,4,4,5,5,4,4,4,3,4,True,
SURV0009488,DUD101189,2023-06-28,4,4,5,4,4,3,4,4,4,True,
SURV0009489,DUD101189,2023-07-15,3,3,2,4,3,3,4,2,2,False,
SURV0009490,DUD101189,2023-08-27,2,3,2,1,1,2,2,2,3,False,
SURV0009491,DUD101189,2023-09-08,2,2,2,2,2,3,1,1,2,False,
SURV0009492,DUD101189,2023-10-15,5,5,5,5,5,4,5,5,5,True,
SURV0009493,DUD101189,2023-11-25,5,5,5,5,5,4,4,5,5,True,
SURV0009494,DUD101189,2023-12-23,4,4,5,3,4,4,5,3,4,True,
SURV0009495,DUD101190,2023-06-07,5,5,5,4,5,5,5,5,5,True,
SURV0009496,DUD101190,2023-07-01,5,5,4,5,5,5,5,5,5,True,
SURV0009497,DUD101190,2023-08-28,5,5,5,5,5,5,5,5,5,True,
SURV0009498,DUD101190,2023-09-25,3,2,2,2,4,3,3,3,2,False,
SURV0009499,DUD101190,2023-10-01,5,5,5,4,5,4,5,5,4,True,
SURV0009500,DUD101190,2023-11-17,1,1,1,1,2,2,1,1,2,False,
SURV0009501,DUD101190,2023-12-02,5,5,4,5,5,5,5,5,5,True,
SURV0009502,DUD101190,2024-01-01,4,4,5,4,5,4,3,4,3,True,
SURV0009503,DUD101190,2024-02-08,4,5,5,5,5,4,5,4,4,True,
SURV0009504,DUD101190,2024-03-17,4,4,4,3,4,4,4,3,4,True,
SURV0009505,DUD101191,2021-04-02,5,5,5,4,5,5,5,5,5,True,
SURV0009506,DUD101191,2021-05-27,4,4,4,5,5,4,5,4,4,True,
SURV0009507,DUD101191,2021-06-05,1,2,2,1,1,1,1,2,1,False,
SURV0009508,DUD101191,2021-07-10,5,4,5,5,5,5,5,5,5,True,
SURV0009509,DUD101191,2021-08-21,4,4,3,5,3,5,5,5,3,True,
SURV0009510,DUD101191,2021-09-24,3,3,3,4,2,2,3,3,4,False,
SURV0009511,DUD101191,2021-10-12,3,2,3,3,3,2,2,3,3,False,
SURV0009512,DUD101192,2021-09-24,2,1,3,3,1,3,1,2,1,False,
SURV0009513,DUD101192,2021-10-13,4,5,4,4,4,4,4,4,5,True,
SURV0009514,DUD101192,2021-11-03,3,2,2,4,3,3,3,2,3,False,
SURV0009515,DUD101192,2021-12-26,2,3,2,2,3,1,1,2,1,False,
SURV0009516,DUD101192,2022-01-20,5,4,4,4,5,4,5,4,4,True,
SURV0009517,DUD101192,2022-02-11,4,5,5,4,3,5,3,3,3,True,
SURV0009518,DUD101193,2023-10-17,4,4,4,3,4,5,4,4,4,True,
SURV0009519,DUD101193,2023-11-25,5,5,5,5,5,5,4,5,5,True,
SURV0009520,DUD101193,2023-12-21,4,4,4,5,3,4,4,4,4,True,
SURV0009521,DUD101193,2024-01-10,2,2,2,2,3,1,3,2,3,False,
SURV0009522,DUD101193,2024-02-25,5,5,5,4,5,5,5,5,5,True,
SURV0009523,DUD101193,2024-03-11,4,4,4,4,5,3,4,4,4,True,
SURV0009524,DUD101193,2024-04-20,1,2,1,1,1,2,1,1,1,False,
SURV0009525,DUD101193,2024-05-16,4,4,4,4,4,4,4,3,5,True,
SURV0009526,DUD101193,2024-06-21,4,4,3,4,4,5,5,5,3,True,
SURV0009527,DUD101193,2024-07-08,5,5,5,5,5,4,5,5,4,True,
SURV0009528,DUD101193,2024-08-25,3,3,2,3,3,3,3,3,3,False,
SURV0009529,DUD101193,2024-09-05,5,5,5,5,5,5,5,5,5,True,
SURV0009530,DUD101194,2021-12-08,2,1,1,2,2,3,2,3,2,False,
SURV0009531,DUD101194,2022-01-02,4,5,4,5,4,4,5,5,3,True,
SURV0009532,DUD101194,2022-02-19,4,4,4,4,4,5,5,5,4,True,
SURV0009533,DUD101194,2022-03-23,4,4,5,4,4,4,5,4,4,True,
SURV0009534,DUD101194,2022-04-05,5,5,5,5,5,5,5,4,4,True,
SURV0009535,DUD101194,2022-05-07,3,3,3,2,2,2,4,4,3,False,
SURV0009536,DUD101194,2022-06-28,3,3,2,4,4,4,4,2,2,False,
SURV0009537,DUD101194,2022-07-19,3,3,3,2,4,3,3,3,4,False,
SURV0009538,DUD101194,2022-08-21,3,4,3,4,3,3,4,2,2,False,
SURV0009539,DUD101195,2022-02-15,4,3,4,5,3,4,3,5,4,True,
SURV0009540,DUD101195,2022-03-16,3,2,3,2,4,4,2,4,4,False,
SURV0009541,DUD101195,2022-04-01,5,5,5,5,5,4,5,5,5,True,
SURV0009542,DUD101195,2022-05-13,5,5,4,4,5,4,5,5,5,True,
SURV0009543,DUD101195,2022-06-19,4,3,4,3,4,5,4,3,4,True,
SURV0009544,DUD101195,2022-07-09,3,3,4,2,3,2,3,4,4,False,
SURV0009545,DUD101195,2022-08-06,4,4,3,3,4,5,5,3,4,True,
SURV0009546,DUD101196,2024-06-27,3,3,3,3,2,3,4,2,3,False,
SURV0009547,DUD101196,2024-07-02,2,2,1,3,2,2,2,1,2,False,
SURV0009548,DUD101196,2024-08-10,5,5,4,4,5,5,5,5,5,True,
SURV0009549,DUD101196,2024-09-25,2,2,2,1,1,2,1,3,2,False,
SURV0009550,DUD101196,2024-10-24,4,4,5,4,4,4,4,5,3,True,
SURV0009551,DUD101196,2024-11-23,5,5,5,5,5,5,5,5,5,True,
SURV0009552,DUD101196,2024-12-09,5,4,5,5,5,4,5,5,4,True,
SURV0009553,DUD101197,2024-08-09,3,3,3,3,2,2,3,3,3,False,
SURV0009554,DUD101197,2024-09-10,4,3,4,3,4,4,4,4,3,True,
SURV0009555,DUD101197,2024-10-21,4,4,5,4,4,5,5,4,3,True,
SURV0009556,DUD101197,2024-11-03,2,3,2,2,2,3,2,2,2,False,
SURV0009557,DUD101197,2024-12-11,3,3,3,4,2,3,3,3,4,False,
SURV0009558,DUD101198,2023-07-04,4,4,4,3,4,3,3,4,5,True,
SURV0009559,DUD101198,2023-08-25,3,4,2,3,3,3,4,3,2,False,
SURV0009560,DUD101198,2023-09-25,4,4,5,3,5,3,5,4,4,True,
SURV0009561,DUD101198,2023-10-15,3,3,2,2,3,3,4,2,2,False,
SURV0009562,DUD101198,2023-11-28,4,5,4,4,5,4,4,4,4,True,
SURV0009563,DUD101199,2023-03-28,4,5,4,4,4,3,4,3,4,True,
SURV0009564,DUD101199,2023-04-04,5,5,5,4,5,5,5,4,5,True,
SURV0009565,DUD101199,2023-05-09,3,3,3,2,4,3,2,2,3,False,
SURV0009566,DUD101199,2023-06-16,4,4,4,4,5,4,4,3,4,True,
SURV0009567,DUD101199,2023-07-06,4,3,3,3,5,3,4,3,4,True,
SURV0009568,DUD101199,2023-08-22,4,4,4,5,4,4,3,4,5,True,
SURV0009569,DUD101199,2023-09-10,3,2,2,4,3,3,2,2,3,False,
SURV0009570,DUD101199,2023-10-02,4,4,4,4,3,5,3,3,4,True,
SURV0009571,DUD101199,2023-11-09,5,5,5,5,5,4,5,5,5,True,
SURV0009572,DUD101199,2023-12-18,4,5,3,3,4,4,4,4,4,True,
SURV0009573,DUD101200,2024-11-13,2,1,1,2,2,3,2,1,2,False,
SURV0009574,DUD101200,2024-12-08,2,2,3,3,1,3,2,2,3,False,
SURV0009575,DUD101200,2025-01-16,4,4,5,5,4,4,5,3,4,True,
SURV0009576,DUD101200,2025-02-21,3,2,3,3,2,3,3,4,3,False,
SURV0009577,DUD101200,2025-03-11,3,4,4,2,3,3,3,2,3,False,
SURV0009578,DUD101200,2025-04-07,5,5,4,5,4,5,5,5,5,True,
SURV0009579,DUD101200,2025-05-27,4,4,4,5,4,3,5,5,4,True,
SURV0009580,DUD101200,2025-06-15,5,5,5,5,5,4,5,4,5,True,
SURV0009581,DUD101200,2025-07-17,1,1,2,1,1,2,1,2,1,False,
SURV0009582,DUD101201,2024-03-20,4,3,4,3,5,3,4,4,5,True,
SURV0009583,DUD101201,2024-04-17,4,3,3,3,4,4,5,4,3,True,
SURV0009584,DUD101201,2024-05-12,4,4,4,3,5,5,4,5,5,True,
SURV0009585,DUD101201,2024-06-01,5,4,5,5,5,5,5,4,5,True,
SURV0009586,DUD101201,2024-07-01,4,3,5,4,4,5,4,4,5,True,
SURV0009587,DUD101201,2024-08-10,4,3,4,4,3,3,4,3,5,True,
SURV0009588,DUD101202,2021-11-06,4,4,4,4,4,4,4,4,5,True,
SURV0009589,DUD101202,2021-12-10,4,4,5,4,4,3,3,4,3,True,
SURV0009590,DUD101202,2022-01-16,3,3,4,2,2,3,2,2,4,False,
SURV0009591,DUD101202,2022-02-13,4,4,4,4,4,4,5,4,5,True,
SURV0009592,DUD101203,2022-11-12,3,2,3,2,3,4,3,3,3,False,
SURV0009593,DUD101203,2022-12-10,4,4,4,5,5,3,4,5,3,True,
SURV0009594,DUD101203,2023-01-03,3,3,3,3,3,3,3,3,3,False,
SURV0009595,DUD101203,2023-02-16,4,3,4,5,5,3,3,5,5,True,
SURV0009596,DUD101203,2023-03-20,5,5,5,4,5,4,5,5,5,True,
SURV0009597,DUD101203,2023-04-17,2,1,2,3,2,2,1,2,1,False,
SURV0009598,DUD101203,2023-05-21,4,4,4,4,5,3,5,4,4,True,
SURV0009599,DUD101203,2023-06-08,4,4,4,4,5,4,5,5,4,True,
SURV0009600,DUD101203,2023-07-14,5,4,4,5,4,5,5,5,5,True,
SURV0009601,DUD101203,2023-08-28,5,5,5,4,5,5,5,5,5,True,
SURV0009602,DUD101203,2023-09-06,3,3,2,4,3,3,4,3,4,False,
SURV0009603,DUD101203,2023-10-14,3,3,3,3,2,2,2,2,2,False,
SURV0009604,DUD101204,2023-04-13,4,4,3,5,4,4,5,4,4,True,
SURV0009605,DUD101204,2023-05-01,4,4,5,3,4,4,3,5,4,True,
SURV0009606,DUD101204,2023-06-16,4,4,3,4,4,5,4,5,3,True,
SURV0009607,DUD101204,2023-07-23,4,4,4,4,4,5,4,5,4,True,
SURV0009608,DUD101204,2023-08-15,4,5,4,4,5,4,4,3,3,True,
SURV0009609,DUD101204,2023-09-17,4,5,4,5,4,5,3,4,5,True,
SURV0009610,DUD101204,2023-10-10,2,2,3,3,2,2,2,3,2,False,
SURV0009611,DUD101204,2023-11-23,4,4,4,4,3,3,4,4,5,True,
SURV0009612,DUD101204,2023-12-01,3,4,3,3,2,2,2,4,3,False,
SURV0009613,DUD101204,2024-01-03,2,2,1,2,1,2,2,1,2,False,
SURV0009614,DUD101205,2021-02-10,5,5,5,4,5,5,4,5,5,True,
SURV0009615,DUD101205,2021-03-08,3,4,4,4,2,3,4,2,2,False,
SURV0009616,DUD101205,2021-04-11,3,4,4,4,4,3,4,4,4,False,
SURV0009617,DUD101205,2021-05-11,4,3,4,5,4,3,5,4,4,True,
SURV0009618,DUD101205,2021-06-04,3,4,3,4,4,3,3,3,4,False,
SURV0009619,DUD101205,2021-07-14,5,4,5,4,5,5,5,5,5,True,
SURV0009620,DUD101205,2021-08-10,2,2,2,3,2,2,2,2,3,False,
SURV0009621,DUD101205,2021-09-21,5,4,5,5,4,5,5,5,5,True,
SURV0009622,DUD101205,2021-10-25,1,1,1,2,1,1,2,1,1,False,
SURV0009623,DUD101205,2021-11-06,3,3,2,3,4,2,4,2,4,False,
SURV0009624,DUD101205,2021-12-03,4,5,5,4,4,3,3,4,4,True,
SURV0009625,DUD101205,2022-01-19,5,5,4,5,5,4,5,4,5,True,
SURV0009626,DUD101206,2022-10-15,3,4,2,3,2,4,2,4,2,False,
SURV0009627,DUD101206,2022-11-28,4,4,4,3,3,3,3,3,4,True,
SURV0009628,DUD101206,2022-12-08,4,4,5,5,4,4,4,3,4,True,
SURV0009629,DUD101206,2023-01-26,3,2,3,3,4,3,3,3,3,False,
SURV0009630,DUD101207,2022-07-22,2,2,2,2,2,3,2,3,2,False,
SURV0009631,DUD101207,2022-08-17,3,2,3,2,2,2,2,2,4,False,
SURV0009632,DUD101207,2022-09-08,5,5,5,5,4,5,5,5,4,True,
SURV0009633,DUD101207,2022-10-19,4,4,5,5,4,4,5,4,3,True,
SURV0009634,DUD101207,2022-11-01,1,2,1,2,1,1,1,1,1,False,
SURV0009635,DUD101207,2022-12-25,3,3,3,2,2,4,3,3,3,False,
SURV0009636,DUD101207,2023-01-23,4,5,4,3,5,4,3,4,5,True,
SURV0009637,DUD101207,2023-02-25,4,4,4,5,4,4,4,5,4,True,
SURV0009638,DUD101207,2023-03-28,2,2,2,2,3,2,2,2,1,False,
SURV0009639,DUD101207,2023-04-17,4,4,4,3,4,3,4,5,5,True,
SURV0009640,DUD101208,2024-08-07,3,3,3,4,3,4,3,4,3,False,
SURV0009641,DUD101208,2024-09-27,4,3,4,4,3,3,5,3,4,True,
SURV0009642,DUD101208,2024-10-25,2,2,2,2,3,2,3,1,3,False,
SURV0009643,DUD101208,2024-11-23,4,3,4,4,5,4,3,4,5,True,
SURV0009644,DUD101208,2024-12-12,4,3,4,4,3,3,3,4,3,True,
SURV0009645,DUD101208,2025-01-25,2,2,1,1,1,2,3,2,2,False,
SURV0009646,DUD101208,2025-02-06,3,2,2,3,3,2,3,2,3,False,
SURV0009647,DUD101208,2025-03-18,4,4,4,3,4,4,4,4,4,True,
SURV0009648,DUD101208,2025-04-19,3,3,4,3,2,3,3,3,3,False,
SURV0009649,DUD101208,2025-05-05,5,5,5,5,5,5,5,5,5,True,
SURV0009650,DUD101209,2023-08-13,5,5,5,5,5,5,5,5,5,True,
SURV0009651,DUD101209,2023-09-25,5,4,5,4,4,5,5,4,5,True,
SURV0009652,DUD101209,2023-10-18,2,2,2,2,2,3,3,2,2,False,
SURV0009653,DUD101209,2023-11-01,3,3,3,3,3,3,2,4,4,False,
SURV0009654,DUD101209,2023-12-27,5,5,5,5,5,4,5,5,4,True,
SURV0009655,DUD101209,2024-01-19,5,5,5,4,4,5,5,5,4,True,
SURV0009656,DUD101209,2024-02-04,4,5,4,4,4,5,3,3,3,True,
SURV0009657,DUD101210,2022-05-20,4,4,4,4,3,5,4,4,4,True,
SURV0009658,DUD101210,2022-06-06,1,1,1,1,1,2,1,1,1,False,
SURV0009659,DUD101210,2022-07-16,5,5,5,5,5,4,5,5,4,True,
SURV0009660,DUD101210,2022-08-01,3,3,3,3,2,3,2,4,4,False,
SURV0009661,DUD101210,2022-09-15,2,3,2,2,2,1,3,2,1,False,
SURV0009662,DUD101210,2022-10-12,5,5,5,5,5,5,5,5,5,True,
SURV0009663,DUD101211,2022-04-05,3,2,3,3,3,3,3,2,3,False,
SURV0009664,DUD101211,2022-05-11,2,1,3,3,3,2,1,2,3,False,
SURV0009665,DUD101211,2022-06-21,2,2,3,3,2,2,3,1,3,False,
SURV0009666,DUD101211,2022-07-08,5,5,5,5,5,5,5,4,5,True,
SURV0009667,DUD101211,2022-08-28,4,3,5,4,3,4,4,4,5,True,
SURV0009668,DUD101211,2022-09-14,4,4,4,3,5,4,4,5,4,True,
SURV0009669,DUD101211,2022-10-25,3,3,2,3,2,3,2,4,2,False,
SURV0009670,DUD101211,2022-11-26,4,4,4,5,4,5,3,4,4,True,
SURV0009671,DUD101212,2024-12-15,3,4,3,3,4,3,3,2,3,False,
SURV0009672,DUD101212,2025-01-06,5,5,4,5,4,5,4,5,5,True,
SURV0009673,DUD101212,2025-02-04,3,3,3,3,2,2,4,3,3,False,
SURV0009674,DUD101212,2025-03-08,4,5,3,4,5,4,3,3,5,True,
SURV0009675,DUD101212,2025-04-01,4,4,4,4,5,5,3,4,4,True,
SURV0009676,DUD101213,2024-10-22,2,3,2,2,1,2,2,3,3,False,
SURV0009677,DUD101213,2024-11-12,3,3,3,3,4,3,2,3,3,False,
SURV0009678,DUD101213,2024-12-17,4,4,4,4,4,3,4,5,4,True,
SURV0009679,DUD101213,2025-01-03,5,5,5,5,5,5,5,5,5,True,
SURV0009680,DUD101213,2025-02-13,4,4,5,4,5,5,4,4,4,True,
SURV0009681,DUD101213,2025-03-08,4,4,4,4,3,4,3,4,4,True,
SURV0009682,DUD101213,2025-04-14,4,4,3,5,4,3,4,4,4,True,
SURV0009683,DUD101213,2025-05-12,3,2,4,4,4,4,3,2,2,False,
SURV0009684,DUD101213,2025-06-21,5,5,5,4,5,5,5,5,5,True,
SURV0009685,DUD101214,2022-09-17,4,5,3,4,5,5,5,3,4,True,
SURV0009686,DUD101214,2022-10-14,5,5,5,4,5,5,5,5,4,True,
SURV0009687,DUD101214,2022-11-14,3,3,3,4,2,2,4,2,2,False,
SURV0009688,DUD101214,2022-12-01,3,4,4,4,2,4,3,3,4,False,
SURV0009689,DUD101214,2023-01-28,5,5,5,5,5,5,5,5,5,True,
SURV0009690,DUD101214,2023-02-03,3,3,3,3,3,3,3,3,3,False,
SURV0009691,DUD101215,2022-08-11,4,4,5,5,5,3,3,4,5,True,
SURV0009692,DUD101215,2022-09-15,4,5,4,4,4,5,5,3,3,True,
SURV0009693,DUD101215,2022-10-27,4,4,4,4,4,3,3,4,4,True,
SURV0009694,DUD101215,2022-11-13,4,4,4,4,5,5,5,5,5,True,
SURV0009695,DUD101215,2022-12-07,2,3,2,1,2,3,2,2,3,False,
SURV0009696,DUD101215,2023-01-21,5,5,4,4,4,5,4,5,5,True,
SURV0009697,DUD101215,2023-02-13,1,1,1,1,1,1,1,1,1,False,
SURV0009698,DUD101215,2023-03-28,4,3,5,4,4,5,3,4,3,True,
SURV0009699,DUD101216,2021-06-12,3,2,2,4,3,3,2,3,3,False,
SURV0009700,DUD101216,2021-07-02,4,4,5,3,4,4,4,5,3,True,
SURV0009701,DUD101216,2021-08-27,5,5,5,5,4,5,5,4,5,True,
SURV0009702,DUD101216,2021-09-25,4,4,4,4,4,3,4,5,5,True,
SURV0009703,DUD101216,2021-10-24,4,3,4,5,5,3,4,3,4,True,
SURV0009704,DUD101216,2021-11-09,5,5,5,5,4,5,4,5,5,True,
SURV0009705,DUD101216,2021-12-03,2,2,2,2,2,2,2,3,2,False,
SURV0009706,DUD101216,2022-01-01,5,5,5,4,4,5,5,5,4,True,
SURV0009707,DUD101216,2022-02-02,3,3,2,3,3,3,3,3,4,False,
SURV0009708,DUD101216,2022-03-14,3,2,2,2,3,3,2,3,2,False,
SURV0009709,DUD101216,2022-04-10,4,4,3,5,4,5,4,5,5,True,
SURV0009710,DUD101216,2022-05-14,4,4,5,5,5,4,5,4,4,True,
SURV0009711,DUD101217,2021-09-24,4,4,4,4,3,3,5,3,5,True,
SURV0009712,DUD101217,2021-10-09,4,4,3,4,4,5,3,3,4,True,
SURV0009713,DUD101217,2021-11-25,3,3,3,4,2,3,3,2,4,False,
SURV0009714,DUD101217,2021-12-25,5,5,5,5,5,5,4,5,4,True,
SURV0009715,DUD101217,2022-01-18,3,2,3,3,4,3,3,4,4,False,
SURV0009716,DUD101218,2022-06-13,4,4,3,4,4,3,4,4,4,True,
SURV0009717,DUD101218,2022-07-09,3,3,3,3,3,2,3,4,3,False,
SURV0009718,DUD101218,2022-08-28,5,5,5,4,5,4,4,5,5,True,
SURV0009719,DUD101218,2022-09-11,4,4,3,5,3,4,5,4,5,True,
SURV0009720,DUD101218,2022-10-26,2,2,2,2,2,2,1,2,3,False,
SURV0009721,DUD101218,2022-11-13,3,3,3,4,2,4,4,2,2,False,
SURV0009722,DUD101218,2022-12-10,4,4,4,3,5,3,4,3,3,True,
SURV0009723,DUD101218,2023-01-14,5,5,4,5,5,5,4,5,5,True,
SURV0009724,DUD101219,2022-09-03,2,1,2,3,2,3,1,3,2,False,
SURV0009725,DUD101219,2022-10-24,2,2,1,2,2,1,2,3,1,False,
SURV0009726,DUD101219,2022-11-04,4,4,3,4,4,5,4,3,3,True,
SURV0009727,DUD101219,2022-12-15,4,4,5,4,3,4,5,4,3,True,
SURV0009728,DUD101219,2023-01-22,1,1,1,1,2,2,2,2,1,False,
SURV0009729,DUD101220,2023-11-05,3,3,3,4,4,4,3,2,3,False,
SURV0009730,DUD101220,2023-12-17,4,4,4,4,3,4,4,4,5,True,
SURV0009731,DUD101220,2024-01-20,4,5,5,4,4,4,3,4,3,True,
SURV0009732,DUD101220,2024-02-06,2,2,3,1,1,3,2,2,3,False,
SURV0009733,DUD101220,2024-03-11,4,4,4,4,3,4,5,4,4,True,
SURV0009734,DUD101220,2024-04-25,4,4,4,3,3,4,4,4,3,True,
SURV0009735,DUD101220,2024-05-10,3,2,4,3,3,4,4,2,4,False,
SURV0009736,DUD101220,2024-06-12,5,5,5,5,5,5,4,5,5,True,
SURV0009737,DUD101220,2024-07-20,3,4,4,3,3,3,3,3,2,False,
SURV0009738,DUD101220,2024-08-17,5,5,5,4,5,4,5,5,4,True,
SURV0009739,DUD101220,2024-09-28,3,4,4,4,2,3,4,4,4,False,
SURV0009740,DUD101221,2024-05-05,4,5,4,3,3,5,3,3,4,True,
SURV0009741,DUD101221,2024-06-26,3,4,2,4,3,2,4,2,3,False,
SURV0009742,DUD101221,2024-07-17,4,4,4,5,4,3,5,4,3,True,
SURV0009743,DUD101221,2024-08-20,3,4,2,3,3,2,3,3,3,False,
SURV0009744,DUD101221,2024-09-16,2,2,3,1,2,3,2,2,2,False,
SURV0009745,DUD101221,2024-10-06,5,5,5,5,4,5,5,5,5,True,
SURV0009746,DUD101221,2024-11-26,2,1,1,3,2,3,2,2,1,False,
SURV0009747,DUD101221,2024-12-09,3,4,3,3,2,2,4,3,3,False,
SURV0009748,DUD101222,2024-09-27,5,4,5,4,5,4,5,4,4,True,
SURV0009749,DUD101222,2024-10-11,4,5,3,5,5,4,4,5,4,True,
SURV0009750,DUD101222,2024-11-08,4,5,4,3,4,4,3,3,4,True,
SURV0009751,DUD101222,2024-12-16,4,5,3,4,3,4,4,4,4,True,
SURV0009752,DUD101222,2025-01-26,5,5,4,5,5,4,5,4,4,True,
SURV0009753,DUD101222,2025-02-11,4,5,4,5,5,3,3,3,3,True,
SURV0009754,DUD101222,2025-03-13,2,2,2,3,3,2,2,1,2,False,
SURV0009755,DUD101222,2025-04-11,3,3,3,3,2,4,3,3,2,False,
SURV0009756,DUD101222,2025-05-21,4,4,3,4,5,5,5,5,5,True,
SURV0009757,DUD101222,2025-06-13,5,5,5,5,5,5,4,5,5,True,
SURV0009758,DUD101222,2025-07-18,4,4,5,4,4,4,4,4,3,True,
SURV0009759,DUD101222,2025-08-18,1,1,1,2,1,1,1,1,1,False,
SURV0009760,DUD101223,2021-06-13,5,4,5,5,4,5,5,5,4,True,
SURV0009761,DUD101223,2021-07-16,4,4,4,4,4,3,4,4,4,True,
SURV0009762,DUD101223,2021-08-02,2,2,3,2,2,1,1,3,2,False,
SURV0009763,DUD101223,2021-09-12,5,4,5,5,4,5,5,5,4,True,
SURV0009764,DUD101223,2021-10-04,3,3,2,2,2,2,3,3,3,False,
SURV0009765,DUD101223,2021-11-06,2,3,2,3,2,2,3,2,1,False,
SURV0009766,DUD101223,2021-12-13,4,4,3,5,4,5,4,4,5,True,
SURV0009767,DUD101223,2022-01-24,3,2,3,3,3,3,3,3,3,False,
SURV0009768,DUD101223,2022-02-15,3,2,2,3,2,3,3,2,3,False,
SURV0009769,DUD101224,2024-10-21,4,4,4,5,3,4,4,4,3,True,
SURV0009770,DUD101224,2024-11-05,4,4,3,5,3,3,4,4,4,True,
SURV0009771,DUD101224,2024-12-19,5,5,5,5,4,5,5,5,5,True,
SURV0009772,DUD101224,2025-01-10,3,3,2,2,3,3,4,3,4,False,
SURV0009773,DUD101224,2025-02-28,4,4,4,5,3,5,3,5,3,True,
SURV0009774,DUD101225,2023-11-18,2,2,3,2,2,1,2,3,2,False,
SURV0009775,DUD101225,2023-12-13,5,5,4,5,5,5,5,4,5,True,
SURV0009776,DUD101225,2024-01-24,4,3,4,4,4,4,5,4,3,True,
SURV0009777,DUD101225,2024-02-06,5,5,4,5,4,5,5,5,5,True,
SURV0009778,DUD101225,2024-03-19,3,2,4,3,2,3,3,4,3,False,
SURV0009779,DUD101225,2024-04-28,4,5,3,5,3,4,5,4,3,True,
SURV0009780,DUD101225,2024-05-09,2,2,2,3,1,2,2,1,3,False,
SURV0009781,DUD101226,2023-08-28,5,4,5,5,4,5,5,5,5,True,
SURV0009782,DUD101226,2023-09-17,5,5,5,4,5,5,5,5,4,True,
SURV0009783,DUD101226,2023-10-11,5,4,5,4,5,5,5,5,5,True,
SURV0009784,DUD101226,2023-11-19,5,5,5,5,5,5,5,5,4,True,
SURV0009785,DUD101226,2023-12-28,3,4,3,3,2,2,2,3,3,False,
SURV0009786,DUD101226,2024-01-20,3,4,3,2,4,3,3,4,2,False,
SURV0009787,DUD101227,2022-12-22,4,5,5,4,4,3,4,5,3,True,
SURV0009788,DUD101227,2023-01-13,4,4,4,4,4,4,3,5,3,True,
SURV0009789,DUD101227,2023-02-22,4,4,4,4,4,4,5,4,4,True,
SURV0009790,DUD101227,2023-03-10,4,4,4,4,3,3,4,3,3,True,
SURV0009791,DUD101227,2023-04-14,3,3,3,4,3,3,3,4,2,False,
SURV0009792,DUD101228,2023-07-06,3,3,3,2,3,4,4,2,2,False,
SURV0009793,DUD101228,2023-08-05,2,2,2,2,2,2,1,1,1,False,
SURV0009794,DUD101228,2023-09-11,2,2,1,2,3,1,2,3,2,False,
SURV0009795,DUD101228,2023-10-24,4,4,4,3,5,4,4,4,4,True,
SURV0009796,DUD101229,2022-10-20,3,3,3,2,4,2,3,2,3,False,
SURV0009797,DUD101229,2022-11-27,4,4,5,4,3,3,5,3,4,True,
SURV0009798,DUD101229,2022-12-03,4,4,3,5,5,4,4,4,3,True,
SURV0009799,DUD101229,2023-01-24,3,3,3,3,3,2,2,2,3,False,
SURV0009800,DUD101229,2023-02-04,5,5,5,4,5,5,5,5,4,True,
SURV0009801,DUD101229,2023-03-14,4,4,4,5,4,4,4,4,4,True,
SURV0009802,DUD101229,2023-04-23,4,4,4,4,4,4,4,5,4,True,
SURV0009803,DUD101230,2022-02-19,3,3,3,3,3,3,4,3,2,False,
SURV0009804,DUD101230,2022-03-05,2,1,1,1,1,2,2,2,3,False,
SURV0009805,DUD101230,2022-04-08,4,4,4,4,4,3,3,5,5,True,
SURV0009806,DUD101230,2022-05-15,3,2,4,3,2,3,2,2,4,False,
SURV0009807,DUD101230,2022-06-13,4,3,4,3,4,5,4,3,3,True,
SURV0009808,DUD101230,2022-07-28,3,2,3,4,2,3,3,3,4,False,
SURV0009809,DUD101231,2024-04-28,4,4,4,4,4,3,5,5,5,True,
SURV0009810,DUD101231,2024-05-26,2,2,2,3,1,1,3,2,1,False,
SURV0009811,DUD101231,2024-06-14,5,5,5,5,4,4,4,5,4,True,
SURV0009812,DUD101231,2024-07-21,2,1,3,2,3,3,2,2,3,False,
SURV0009813,DUD101231,2024-08-02,4,4,4,3,4,4,5,3,3,True,
SURV0009814,DUD101231,2024-09-19,3,3,3,3,2,2,3,4,3,False,
SURV0009815,DUD101231,2024-10-10,4,4,3,3,4,5,4,4,4,True,
SURV0009816,DUD101231,2024-11-17,4,4,4,4,3,4,4,4,5,True,
SURV0009817,DUD101232,2024-09-14,5,5,5,4,5,4,5,4,4,True,
SURV0009818,DUD101232,2024-10-27,5,5,5,5,4,5,4,5,5,True,
SURV0009819,DUD101232,2024-11-12,5,5,5,5,5,5,5,5,5,True,
SURV0009820,DUD101232,2024-12-03,4,4,3,4,4,3,4,4,4,True,
SURV0009821,DUD101232,2025-01-02,4,4,4,4,5,4,3,3,3,True,
SURV0009822,DUD101232,2025-02-12,3,4,2,3,2,4,3,3,4,False,
SURV0009823,DUD101233,2024-12-09,4,4,3,5,5,4,4,4,3,True,
SURV0009824,DUD101233,2025-01-01,3,4,3,2,4,3,3,3,4,False,
SURV0009825,DUD101233,2025-02-14,4,5,4,5,3,4,3,4,3,True,
SURV0009826,DUD101233,2025-03-27,3,3,2,4,4,2,3,3,2,False,
SURV0009827,DUD101233,2025-04-23,5,5,5,5,5,5,4,5,5,True,
SURV0009828,DUD101233,2025-05-03,5,5,5,4,4,5,5,5,5,True,
SURV0009829,DUD101233,2025-06-11,5,5,5,5,4,5,5,5,5,True,
SURV0009830,DUD101233,2025-07-15,3,3,3,2,3,4,4,3,4,False,
SURV0009831,DUD101233,2025-08-07,3,4,3,4,2,2,3,4,4,False,
SURV0009832,DUD101233,2025-09-22,3,2,3,3,3,3,4,3,3,False,
SURV0009833,DUD101234,2022-09-08,4,5,3,5,3,4,4,4,3,True,
SURV0009834,DUD101234,2022-10-04,4,4,5,3,3,3,4,5,4,True,
SURV0009835,DUD101234,2022-11-27,4,3,4,4,4,3,3,5,4,True,
SURV0009836,DUD101234,2022-12-09,3,4,3,4,2,3,3,3,4,False,
SURV0009837,DUD101234,2023-01-07,4,3,5,3,4,4,4,3,3,True,
SURV0009838,DUD101234,2023-02-01,2,1,1,2,2,2,1,2,2,False,
SURV0009839,DUD101234,2023-03-18,4,4,5,4,3,5,4,4,4,True,
SURV0009840,DUD101234,2023-04-15,4,4,4,5,4,4,3,5,5,True,
SURV0009841,DUD101234,2023-05-14,3,2,4,2,3,3,3,2,3,False,
SURV0009842,DUD101235,2022-10-13,3,3,3,2,3,3,3,4,3,False,
SURV0009843,DUD101235,2022-11-18,5,5,5,5,5,5,5,5,5,True,
SURV0009844,DUD101235,2022-12-21,4,4,5,3,3,5,3,5,4,True,
SURV0009845,DUD101235,2023-01-25,4,4,3,4,4,5,5,3,3,True,
SURV0009846,DUD101235,2023-02-14,4,4,3,5,5,5,5,3,4,True,
SURV0009847,DUD101235,2023-03-04,2,2,2,1,2,1,1,2,3,False,
SURV0009848,DUD101235,2023-04-04,5,5,4,4,5,5,5,5,4,True,
SURV0009849,DUD101235,2023-05-19,4,4,3,3,5,5,4,5,3,True,
SURV0009850,DUD101236,2021-04-14,4,4,5,4,4,3,3,4,4,True,
SURV0009851,DUD101236,2021-05-19,4,4,4,5,4,3,5,3,3,True,
SURV0009852,DUD101236,2021-06-28,3,3,2,3,3,2,3,3,2,False,
SURV0009853,DUD101236,2021-07-19,2,2,3,3,2,3,2,1,2,False,
SURV0009854,DUD101236,2021-08-09,2,2,2,2,1,1,2,1,2,False,
SURV0009855,DUD101236,2021-09-20,1,1,1,2,2,1,2,1,1,False,
SURV0009856,DUD101236,2021-10-22,4,4,3,4,3,4,3,4,5,True,
SURV0009857,DUD101236,2021-11-01,4,4,3,4,4,4,4,4,4,True,
SURV0009858,DUD101236,2021-12-12,2,3,3,1,2,3,2,1,3,False,
SURV0009859,DUD101236,2022-01-08,3,2,3,4,3,3,3,4,2,False,
SURV0009860,DUD101236,2022-02-03,3,3,2,3,4,2,3,4,2,False,
SURV0009861,DUD101237,2021-09-10,3,4,3,3,3,2,3,3,3,False,
SURV0009862,DUD101237,2021-10-02,5,5,5,5,5,5,5,5,5,True,
SURV0009863,DUD101237,2021-11-15,4,4,3,5,4,4,3,5,3,True,
SURV0009864,DUD101237,2021-12-22,1,1,1,1,2,1,1,1,1,False,
SURV0009865,DUD101237,2022-01-22,4,3,4,5,5,3,4,3,5,True,
SURV0009866,DUD101237,2022-02-14,1,1,1,1,1,1,1,2,1,False,
SURV0009867,DUD101237,2022-03-02,4,5,5,4,4,3,4,4,4,True,
SURV0009868,DUD101237,2022-04-26,5,5,4,5,5,4,5,5,5,True,
SURV0009869,DUD101237,2022-05-11,2,2,2,3,2,2,2,2,2,False,
SURV0009870,DUD101238,2023-12-21,4,5,3,4,5,4,5,4,5,True,
SURV0009871,DUD101238,2024-01-18,4,4,4,4,4,5,4,5,5,True,
SURV0009872,DUD101238,2024-02-17,4,3,3,4,4,3,4,3,4,True,
SURV0009873,DUD101238,2024-03-25,4,4,4,5,5,3,4,3,4,True,
SURV0009874,DUD101238,2024-04-20,4,4,5,4,3,4,4,5,5,True,
SURV0009875,DUD101238,2024-05-21,1,1,2,1,2,2,2,1,1,False,
SURV0009876,DUD101238,2024-06-06,4,4,4,4,4,4,5,4,3,True,
SURV0009877,DUD101238,2024-07-04,4,4,3,3,3,3,4,4,4,True,
SURV0009878,DUD101238,2024-08-16,3,3,3,3,2,3,3,2,4,False,
SURV0009879,DUD101238,2024-09-15,4,4,5,3,4,3,4,4,3,True,
SURV0009880,DUD101238,2024-10-24,3,4,3,2,3,3,3,3,3,False,
SURV0009881,DUD101239,2023-10-13,4,4,4,5,3,5,4,4,4,True,
SURV0009882,DUD101239,2023-11-01,3,3,4,2,2,2,4,4,4,False,
SURV0009883,DUD101239,2023-12-04,4,4,3,4,4,5,3,4,4,True,
SURV0009884,DUD101239,2024-01-18,5,5,5,4,4,5,5,5,5,True,
SURV0009885,DUD101239,2024-02-05,2,3,2,3,2,3,1,3,2,False,
SURV0009886,DUD101239,2024-03-12,4,4,4,5,4,3,4,4,3,True,
SURV0009887,DUD101239,2024-04-22,4,3,4,3,5,4,5,4,4,True,
SURV0009888,DUD101239,2024-05-26,4,4,4,4,4,3,3,4,3,True,
SURV0009889,DUD101239,2024-06-02,5,4,5,5,5,4,5,5,5,True,
SURV0009890,DUD101239,2024-07-01,4,4,3,3,4,5,5,4,3,True,
SURV0009891,DUD101239,2024-08-21,4,5,4,4,3,4,4,4,4,True,
SURV0009892,DUD101239,2024-09-22,2,1,1,2,1,1,3,2,3,False,
SURV0009893,DUD101240,2022-07-15,5,4,5,5,5,5,5,5,4,True,
SURV0009894,DUD101240,2022-08-18,2,2,1,2,1,2,2,2,3,False,
SURV0009895,DUD101240,2022-09-05,1,1,1,1,2,1,1,1,1,False,
SURV0009896,DUD101240,2022-10-07,3,3,3,4,2,3,4,3,2,False,
SURV0009897,DUD101240,2022-11-12,4,4,4,5,3,5,4,4,4,True,
SURV0009898,DUD101240,2022-12-27,3,3,3,2,3,3,3,3,4,False,
SURV0009899,DUD101240,2023-01-18,3,3,2,3,3,3,3,3,3,False,
SURV0009900,DUD101240,2023-02-26,2,2,2,1,2,2,1,2,2,False,
SURV0009901,DUD101240,2023-03-22,4,4,4,5,3,5,3,5,4,True,
SURV0009902,DUD101240,2023-04-12,4,4,5,5,3,4,4,4,3,True,
SURV0009903,DUD101240,2023-05-13,3,2,4,4,4,3,2,3,4,False,
SURV0009904,DUD101241,2022-02-02,4,3,3,3,5,3,4,3,5,True,
SURV0009905,DUD101241,2022-03-11,3,3,4,3,3,3,3,3,4,False,
SURV0009906,DUD101241,2022-04-20,4,4,3,4,4,3,4,4,4,True,
SURV0009907,DUD101241,2022-05-19,1,1,2,2,1,1,1,1,2,False,
SURV0009908,DUD101241,2022-06-17,4,4,4,4,4,4,3,4,4,True,
SURV0009909,DUD101241,2022-07-24,4,4,3,4,4,5,4,5,4,True,
SURV0009910,DUD101241,2022-08-06,4,4,4,4,4,5,4,4,5,True,
SURV0009911,DUD101241,2022-09-01,3,2,3,3,4,4,3,3,2,False,
SURV0009912,DUD101241,2022-10-04,3,3,4,3,2,2,3,3,3,False,
SURV0009913,DUD101241,2022-11-24,4,4,3,4,5,3,3,4,4,True,
SURV0009914,DUD101242,2022-04-26,4,5,4,5,4,4,4,4,5,True,
SURV0009915,DUD101242,2022-05-28,4,3,4,4,3,4,3,5,4,True,
SURV0009916,DUD101242,2022-06-03,1,1,2,1,1,2,2,1,2,False,
SURV0009917,DUD101242,2022-07-25,4,3,4,4,4,5,4,4,3,True,
SURV0009918,DUD101242,2022-08-14,4,4,5,4,4,4,4,4,4,True,
SURV0009919,DUD101243,2024-06-17,5,4,5,5,5,5,4,5,5,True,
SURV0009920,DUD101243,2024-07-20,4,4,4,3,4,4,4,4,4,True,
SURV0009921,DUD101243,2024-08-17,3,3,3,3,3,2,4,3,4,False,
SURV0009922,DUD101243,2024-09-18,4,3,4,4,4,5,5,4,5,True,
SURV0009923,DUD101243,2024-10-08,4,4,4,3,5,4,4,4,5,True,
SURV0009924,DUD101244,2021-07-24,4,3,5,5,4,4,5,4,4,True,
SURV0009925,DUD101244,2021-08-22,4,4,3,3,4,4,5,5,4,True,
SURV0009926,DUD101244,2021-09-01,4,4,3,4,3,3,3,4,5,True,
SURV0009927,DUD101244,2021-10-13,4,3,4,4,4,4,4,4,4,True,
SURV0009928,DUD101245,2022-06-18,4,4,4,3,5,4,4,3,5,True,
SURV0009929,DUD101245,2022-07-08,3,3,4,3,2,2,3,3,3,False,
SURV0009930,DUD101245,2022-08-14,5,5,5,5,4,5,5,5,4,True,
SURV0009931,DUD101245,2022-09-01,4,4,4,4,4,4,4,3,4,True,
SURV0009932,DUD101245,2022-10-04,5,5,4,5,5,5,5,5,5,True,
SURV0009933,DUD101245,2022-11-07,4,4,4,3,4,4,3,5,4,True,
SURV0009934,DUD101245,2022-12-28,3,3,2,4,3,3,3,3,2,False,
SURV0009935,DUD101245,2023-01-17,5,5,5,4,5,5,5,5,5,True,
SURV0009936,DUD101246,2021-02-06,4,5,4,4,4,4,3,3,4,True,
SURV0009937,DUD101246,2021-03-10,5,5,5,5,5,5,5,5,4,True,
SURV0009938,DUD101246,2021-04-01,4,4,4,4,4,3,5,3,4,True,
SURV0009939,DUD101246,2021-05-23,4,4,4,5,3,3,5,4,4,True,
SURV0009940,DUD101246,2021-06-08,4,4,4,4,3,4,4,4,4,True,
SURV0009941,DUD101246,2021-07-28,2,2,3,2,2,1,2,2,2,False,
SURV0009942,DUD101247,2024-01-13,4,4,5,4,5,3,4,4,5,True,
SURV0009943,DUD101247,2024-02-28,5,5,5,4,5,5,4,4,4,True,
SURV0009944,DUD101247,2024-03-05,4,4,5,4,4,5,4,3,4,True,
SURV0009945,DUD101247,2024-04-12,3,2,3,3,3,4,4,3,3,False,
SURV0009946,DUD101247,2024-05-19,3,3,3,2,3,3,2,2,3,False,
SURV0009947,DUD101247,2024-06-06,5,5,5,5,4,5,5,4,4,True,
SURV0009948,DUD101247,2024-07-16,5,5,5,5,5,4,4,4,5,True,
SURV0009949,DUD101247,2024-08-07,4,4,3,4,4,3,5,3,4,True,
SURV0009950,DUD101247,2024-09-08,4,3,5,5,4,3,3,4,3,True,
SURV0009951,DUD101247,2024-10-05,4,4,4,3,5,5,4,4,4,True,
SURV0009952,DUD101247,2024-11-19,4,4,3,3,5,4,5,5,4,True,
SURV0009953,DUD101247,2024-12-28,4,4,3,4,3,4,4,3,4,True,
SURV0009954,DUD101248,2021-03-10,4,4,5,4,4,4,4,4,4,True,
SURV0009955,DUD101248,2021-04-06,4,4,4,3,5,5,4,4,5,True,
SURV0009956,DUD101248,2021-05-16,3,3,3,4,3,3,2,3,2,False,
SURV0009957,DUD101248,2021-06-08,5,5,5,5,5,5,4,5,5,True,
SURV0009958,DUD101248,2021-07-10,3,2,4,3,2,2,3,3,4,False,
SURV0009959,DUD101248,2021-08-02,4,3,4,5,4,5,4,4,4,True,
SURV0009960,DUD101248,2021-09-08,4,3,3,3,3,3,3,4,5,True,
SURV0009961,DUD101248,2021-10-19,5,5,5,5,5,5,5,5,4,True,
SURV0009962,DUD101248,2021-11-16,4,4,5,5,5,3,5,4,4,True,
SURV0009963,DUD101248,2021-12-24,4,4,4,5,5,4,5,5,5,True,
SURV0009964,DUD101248,2022-01-26,4,3,5,4,4,4,4,4,3,True,
SURV0009965,DUD101249,2022-10-14,4,5,4,3,5,5,3,4,3,True,
SURV0009966,DUD101249,2022-11-12,1,2,1,1,1,1,2,1,2,False,
SURV0009967,DUD101249,2022-12-24,5,5,5,4,4,4,5,4,4,True,
SURV0009968,DUD101249,2023-01-13,5,5,4,5,5,5,4,5,5,True,
SURV0009969,DUD101249,2023-02-10,5,5,5,5,5,5,5,5,5,True,
SURV0009970,DUD101249,2023-03-21,3,3,3,2,4,3,4,2,2,False,
SURV0009971,DUD101249,2023-04-01,3,3,3,2,3,3,3,3,4,False,
SURV0009972,DUD101249,2023-05-02,4,3,4,4,5,3,5,4,5,True,
SURV0009973,DUD101249,2023-06-01,3,3,3,2,2,4,3,4,2,False,
SURV0009974,DUD101249,2023-07-21,4,4,4,4,5,4,4,3,3,True,
SURV0009975,DUD101250,2021-07-15,5,5,5,4,5,4,4,5,5,True,
SURV0009976,DUD101250,2021-08-28,4,4,3,3,4,3,4,4,4,True,
SURV0009977,DUD101250,2021-09-03,4,4,4,4,3,4,4,3,4,True,
SURV0009978,DUD101250,2021-10-03,2,2,2,1,1,2,1,2,1,False,
SURV0009979,DUD101250,2021-11-01,3,4,3,3,4,3,2,4,3,False,
SURV0009980,DUD101250,2021-12-07,2,2,2,2,3,1,2,3,2,False,
SURV0009981,DUD101250,2022-01-20,3,4,3,4,4,3,4,4,2,False,
SURV0009982,DUD101250,2022-02-04,4,5,4,4,4,5,3,3,4,True,
SURV0009983,DUD101250,2022-03-17,4,3,5,4,5,4,3,5,5,True,
SURV0009984,DUD101250,2022-04-25,2,3,2,2,2,3,1,2,1,False,
SURV0009985,DUD101251,2021-06-20,3,3,4,3,3,4,3,3,4,False,
SURV0009986,DUD101251,2021-07-10,4,4,4,4,4,5,4,4,3,True,
SURV0009987,DUD101251,2021-08-22,4,3,5,3,4,3,5,5,5,True,
SURV0009988,DUD101251,2021-09-09,4,4,5,3,3,3,5,5,3,True,
SURV0009989,DUD101251,2021-10-05,4,4,5,5,5,5,4,4,5,True,
SURV0009990,DUD101251,2021-11-16,2,3,2,1,2,1,1,2,2,False,
SURV0009991,DUD101251,2021-12-06,2,2,3,2,2,2,2,2,3,False,
SURV0009992,DUD101251,2022-01-11,5,4,5,5,4,4,4,5,5,True,
SURV0009993,DUD101251,2022-02-21,5,4,5,5,5,5,5,5,5,True,
SURV0009994,DUD101251,2022-03-07,2,2,3,1,1,3,2,2,1,False,
SURV0009995,DUD101252,2024-08-17,4,4,3,4,4,4,4,4,4,True,
SURV0009996,DUD101252,2024-09-11,5,5,4,5,4,5,5,4,5,True,
SURV0009997,DUD101252,2024-10-06,5,4,5,4,5,5,5,5,4,True,
SURV0009998,DUD101252,2024-11-17,2,1,3,2,3,1,2,1,1,False,
SURV0009999,DUD101252,2024-12-19,3,3,2,3,4,2,2,3,3,False,
SURV0010000,DUD101252,2025-01-07,4,4,4,5,5,5,4,4,4,True,
SURV0010001,DUD101252,2025-02-19,2,2,1,2,1,3,2,3,2,False,
SURV0010002,DUD101253,2023-08-12,4,4,4,4,5,5,4,4,4,True,
SURV0010003,DUD101253,2023-09-01,5,4,4,5,5,4,5,5,5,True,
SURV0010004,DUD101253,2023-10-27,4,4,4,3,4,5,4,4,4,True,
SURV0010005,DUD101253,2023-11-20,5,5,5,5,5,5,5,4,5,True,
SURV0010006,DUD101253,2023-12-13,4,4,4,4,4,5,4,4,4,True,
SURV0010007,DUD101253,2024-01-01,4,4,4,3,5,3,5,4,3,True,
SURV0010008,DUD101253,2024-02-07,3,3,3,3,4,3,3,3,4,False,
SURV0010009,DUD101253,2024-03-17,4,5,4,4,4,4,3,4,4,True,
SURV0010010,DUD101254,2021-02-12,4,5,4,4,3,3,5,5,4,True,
SURV0010011,DUD101254,2021-03-23,4,3,5,4,5,4,3,4,4,True,
SURV0010012,DUD101254,2021-04-18,1,1,1,1,1,1,1,2,1,False,
SURV0010013,DUD101254,2021-05-01,4,5,4,4,3,3,3,5,3,True,
SURV0010014,DUD101255,2024-10-09,5,5,4,4,5,5,5,5,5,True,
SURV0010015,DUD101255,2024-11-24,3,2,2,3,4,3,2,4,2,False,
SURV0010016,DUD101255,2024-12-02,4,4,5,3,4,5,5,4,4,True,
SURV0010017,DUD101255,2025-01-16,1,1,1,1,2,1,2,1,1,False,
SURV0010018,DUD101256,2024-01-22,4,4,4,3,5,3,3,4,3,True,
SURV0010019,DUD101256,2024-02-17,4,5,3,4,4,4,5,4,3,True,
SURV0010020,DUD101256,2024-03-23,4,4,3,4,4,4,5,3,5,True,
SURV0010021,DUD101256,2024-04-06,4,4,3,5,4,4,5,4,4,True,
SURV0010022,DUD101256,2024-05-24,4,4,4,3,5,5,4,4,4,True,
SURV0010023,DUD101257,2023-02-25,5,5,5,4,5,5,5,4,4,True,
SURV0010024,DUD101257,2023-03-28,4,4,4,5,5,3,3,4,3,True,
SURV0010025,DUD101257,2023-04-10,5,5,4,5,5,4,5,5,4,True,
SURV0010026,DUD101257,2023-05-24,4,5,3,5,4,4,3,4,3,True,
SURV0010027,DUD101257,2023-06-02,3,3,4,3,3,3,3,3,3,False,
SURV0010028,DUD101258,2024-08-04,4,4,3,4,5,3,4,3,5,True,
SURV0010029,DUD101258,2024-09-16,4,3,3,3,3,4,5,5,4,True,
SURV0010030,DUD101258,2024-10-06,1,1,1,2,1,1,1,1,1,False,
SURV0010031,DUD101258,2024-11-16,1,2,1,1,1,2,1,1,1,False,
SURV0010032,DUD101258,2024-12-20,4,4,5,5,5,4,5,4,4,True,
SURV0010033,DUD101258,2025-01-10,4,4,3,3,5,4,4,3,3,True,
SURV0010034,DUD101258,2025-02-03,4,4,3,4,3,3,3,3,4,True,
SURV0010035,DUD101258,2025-03-22,3,4,3,2,4,3,3,2,3,False,
SURV0010036,DUD101259,2023-01-20,3,3,3,3,2,4,4,2,4,False,
SURV0010037,DUD101259,2023-02-02,4,4,5,4,4,4,3,5,3,True,
SURV0010038,DUD101259,2023-03-10,4,4,4,4,5,5,5,5,4,True,
SURV0010039,DUD101259,2023-04-07,2,1,2,3,2,1,3,3,1,False,
SURV0010040,DUD101260,2022-05-11,3,2,4,2,3,4,4,4,3,False,
SURV0010041,DUD101260,2022-06-01,4,4,5,5,3,5,5,4,5,True,
SURV0010042,DUD101260,2022-07-01,3,3,3,3,3,3,2,2,2,False,
SURV0010043,DUD101260,2022-08-10,5,5,5,4,5,4,5,4,5,True,
SURV0010044,DUD101260,2022-09-03,4,3,5,3,3,5,4,4,3,True,
SURV0010045,DUD101260,2022-10-20,3,3,3,4,2,2,2,3,3,False,
SURV0010046,DUD101260,2022-11-01,5,4,5,5,4,5,5,4,5,True,
SURV0010047,DUD101260,2022-12-04,5,5,5,4,5,5,5,4,5,True,
SURV0010048,DUD101261,2021-09-19,4,4,4,4,5,4,3,4,4,True,
SURV0010049,DUD101261,2021-10-23,2,3,2,3,2,2,1,3,1,False,
SURV0010050,DUD101261,2021-11-05,4,5,3,4,5,5,5,4,4,True,
SURV0010051,DUD101261,2021-12-15,5,5,5,4,5,5,5,5,5,True,
SURV0010052,DUD101262,2023-06-02,4,3,4,4,4,4,5,4,3,True,
SURV0010053,DUD101262,2023-07-27,5,5,5,5,5,5,5,5,5,True,
SURV0010054,DUD101262,2023-08-14,3,3,3,3,4,2,4,3,2,False,
SURV0010055,DUD101262,2023-09-23,4,4,4,4,5,4,4,4,5,True,
SURV0010056,DUD101262,2023-10-17,1,1,1,1,2,1,1,2,1,False,
SURV0010057,DUD101262,2023-11-24,4,3,4,4,4,4,4,5,4,True,
SURV0010058,DUD101262,2023-12-14,4,4,3,4,5,5,4,4,4,True,
SURV0010059,DUD101262,2024-01-07,4,5,4,3,4,4,4,4,3,True,
SURV0010060,DUD101262,2024-02-17,3,2,3,4,3,3,4,4,2,False,
SURV0010061,DUD101262,2024-03-13,2,3,2,3,3,3,1,1,1,False,
SURV0010062,DUD101263,2023-05-24,4,4,4,5,3,5,4,4,4,True,
SURV0010063,DUD101263,2023-06-16,5,5,5,5,5,4,5,5,4,True,
SURV0010064,DUD101263,2023-07-02,4,4,4,4,3,3,4,3,3,True,
SURV0010065,DUD101263,2023-08-24,4,4,4,5,5,4,3,5,4,True,
SURV0010066,DUD101263,2023-09-12,4,4,5,4,4,3,4,4,3,True,
SURV0010067,DUD101263,2023-10-25,5,5,5,5,5,5,5,5,4,True,
SURV0010068,DUD101263,2023-11-02,5,4,5,5,5,4,5,4,4,True,
SURV0010069,DUD101263,2023-12-19,2,2,1,1,2,2,2,2,1,False,
SURV0010070,DUD101263,2024-01-21,4,5,3,3,5,4,4,4,5,True,
SURV0010071,DUD101263,2024-02-09,5,5,5,4,5,5,5,5,5,True,
SURV0010072,DUD101264,2024-10-09,4,4,4,3,4,3,5,4,3,True,
SURV0010073,DUD101264,2024-11-21,5,5,5,5,5,5,5,5,5,True,
SURV0010074,DUD101264,2024-12-22,5,5,5,5,4,4,4,5,5,True,
SURV0010075,DUD101264,2025-01-02,3,3,3,2,3,3,3,3,2,False,
SURV0010076,DUD101264,2025-02-06,2,3,2,2,3,3,2,3,2,False,
SURV0010077,DUD101264,2025-03-02,4,4,3,3,4,4,4,4,5,True,
SURV0010078,DUD101264,2025-04-05,2,1,1,1,3,1,1,2,1,False,
SURV0010079,DUD101264,2025-05-03,3,2,3,4,3,3,2,3,2,False,
SURV0010080,DUD101264,2025-06-18,4,4,4,5,4,4,5,4,3,True,
SURV0010081,DUD101265,2021-06-11,4,4,4,4,3,4,5,3,4,True,
SURV0010082,DUD101265,2021-07-19,4,4,4,4,3,4,4,4,3,True,
SURV0010083,DUD101265,2021-08-12,3,4,3,3,4,4,3,3,3,False,
SURV0010084,DUD101265,2021-09-16,3,4,3,3,3,4,2,4,2,False,
SURV0010085,DUD101265,2021-10-05,3,2,2,2,3,3,2,3,4,False,
SURV0010086,DUD101265,2021-11-11,3,4,3,3,3,4,3,3,3,False,
SURV0010087,DUD101266,2022-02-12,4,4,3,3,4,3,4,3,5,True,
SURV0010088,DUD101266,2022-03-24,5,5,5,5,5,5,5,4,4,True,
SURV0010089,DUD101266,2022-04-09,4,4,3,4,3,4,4,4,3,True,
SURV0010090,DUD101266,2022-05-19,4,5,5,4,3,4,3,3,4,True,
SURV0010091,DUD101266,2022-06-01,2,2,3,2,2,3,1,3,2,False,
SURV0010092,DUD101266,2022-07-12,5,4,5,5,5,5,5,5,4,True,
SURV0010093,DUD101266,2022-08-21,4,4,5,3,4,4,4,4,4,True,
SURV0010094,DUD101267,2021-08-07,4,3,3,3,4,3,4,3,5,True,
SURV0010095,DUD101267,2021-09-18,3,3,3,2,3,3,3,2,2,False,
SURV0010096,DUD101267,2021-10-01,4,4,5,3,3,5,4,5,4,True,
SURV0010097,DUD101267,2021-11-13,5,5,5,5,5,5,5,4,5,True,
SURV0010098,DUD101267,2021-12-24,3,3,3,3,3,2,3,2,2,False,
SURV0010099,DUD101267,2022-01-19,3,3,3,2,2,3,3,3,4,False,
SURV0010100,DUD101268,2022-08-14,2,1,3,3,3,1,2,2,3,False,
SURV0010101,DUD101268,2022-09-06,4,4,4,3,4,3,4,4,3,True,
SURV0010102,DUD101268,2022-10-01,4,4,3,5,4,4,4,4,3,True,
SURV0010103,DUD101268,2022-11-01,4,3,3,4,4,4,4,3,5,True,
SURV0010104,DUD101268,2022-12-28,5,5,5,5,5,4,5,5,5,True,
SURV0010105,DUD101268,2023-01-23,3,2,2,3,3,3,2,2,4,False,
SURV0010106,DUD101268,2023-02-12,3,2,3,4,4,3,2,2,3,False,
SURV0010107,DUD101269,2023-07-07,2,3,3,2,2,3,2,2,2,False,
SURV0010108,DUD101269,2023-08-01,4,3,4,3,3,4,4,3,4,True,
SURV0010109,DUD101269,2023-09-23,5,5,5,5,5,5,5,5,5,True,
SURV0010110,DUD101269,2023-10-06,4,4,4,5,4,3,3,5,5,True,
SURV0010111,DUD101270,2021-12-16,4,3,5,4,3,4,4,3,4,True,
SURV0010112,DUD101270,2022-01-09,5,5,5,5,5,4,4,5,4,True,
SURV0010113,DUD101270,2022-02-05,4,4,5,4,3,3,5,3,5,True,
SURV0010114,DUD101270,2022-03-22,4,4,5,5,4,4,4,4,4,True,
SURV0010115,DUD101270,2022-04-14,4,4,3,4,3,3,4,3,3,True,
SURV0010116,DUD101270,2022-05-07,5,5,5,5,5,5,4,4,5,True,
SURV0010117,DUD101270,2022-06-09,5,5,5,5,4,5,4,5,5,True,
SURV0010118,DUD101271,2022-11-06,2,1,2,2,3,2,1,2,1,False,
SURV0010119,DUD101271,2022-12-11,4,4,4,4,4,4,3,3,4,True,
SURV0010120,DUD101271,2023-01-28,4,4,4,4,4,3,5,4,5,True,
SURV0010121,DUD101271,2023-02-15,4,4,3,4,3,3,4,4,4,True,
SURV0010122,DUD101271,2023-03-14,5,5,5,5,5,5,4,5,5,True,
SURV0010123,DUD101271,2023-04-15,4,4,4,5,4,4,5,4,4,True,
SURV0010124,DUD101271,2023-05-08,2,2,2,1,2,3,1,1,2,False,
SURV0010125,DUD101272,2024-03-23,5,5,4,4,5,5,5,5,5,True,
SURV0010126,DUD101272,2024-04-27,2,3,2,2,2,2,1,2,2,False,
SURV0010127,DUD101272,2024-05-02,5,4,5,5,5,5,5,5,5,True,
SURV0010128,DUD101272,2024-06-25,4,4,5,4,5,3,4,4,3,True,
SURV0010129,DUD101272,2024-07-02,3,3,3,3,2,3,3,3,3,False,
SURV0010130,DUD101272,2024-08-10,3,3,3,3,2,4,2,4,3,False,
SURV0010131,DUD101273,2024-11-15,5,5,4,5,4,5,5,5,5,True,
SURV0010132,DUD101273,2024-12-09,4,4,4,3,5,4,3,3,4,True,
SURV0010133,DUD101273,2025-01-21,4,4,4,4,5,4,4,4,4,True,
SURV0010134,DUD101273,2025-02-25,4,5,4,4,5,4,3,4,4,True,
SURV0010135,DUD101273,2025-03-21,3,4,4,2,4,3,2,3,2,False,
SURV0010136,DUD101273,2025-04-14,4,5,4,5,4,4,4,5,3,True,
SURV0010137,DUD101273,2025-05-09,4,4,5,3,4,3,3,4,5,True,
SURV0010138,DUD101273,2025-06-01,5,5,5,5,5,5,5,5,5,True,
SURV0010139,DUD101273,2025-07-19,4,4,4,4,4,3,3,5,3,True,
SURV0010140,DUD101273,2025-08-01,3,3,3,4,3,3,3,4,3,False,
SURV0010141,DUD101274,2022-01-01,4,4,4,4,5,5,4,4,4,True,
SURV0010142,DUD101274,2022-02-14,4,4,4,3,4,5,5,5,4,True,
SURV0010143,DUD101274,2022-03-17,5,5,5,5,5,4,5,5,5,True,
SURV0010144,DUD101274,2022-04-01,3,2,3,2,3,4,3,3,3,False,
SURV0010145,DUD101274,2022-05-13,3,3,3,2,3,4,3,3,3,False,
SURV0010146,DUD101274,2022-06-22,1,1,1,1,1,1,1,2,1,False,
SURV0010147,DUD101275,2023-04-15,5,5,5,5,5,4,5,5,5,True,
SURV0010148,DUD101275,2023-05-01,5,5,5,5,5,5,5,5,4,True,
SURV0010149,DUD101275,2023-06-21,4,3,3,4,5,3,4,4,5,True,
SURV0010150,DUD101275,2023-07-07,3,2,3,4,3,2,2,2,2,False,
SURV0010151,DUD101275,2023-08-23,5,5,5,5,5,5,5,5,5,True,
SURV0010152,DUD101275,2023-09-09,4,3,4,4,5,4,5,5,5,True,
SURV0010153,DUD101275,2023-10-21,4,4,3,5,3,5,4,3,3,True,
SURV0010154,DUD101275,2023-11-27,4,4,5,5,4,5,5,3,4,True,
SURV0010155,DUD101275,2023-12-09,4,4,5,3,4,3,4,4,3,True,
SURV0010156,DUD101276,2024-08-23,4,4,3,4,3,3,3,3,4,True,
SURV0010157,DUD101276,2024-09-12,4,4,4,4,3,4,4,4,3,True,
SURV0010158,DUD101276,2024-10-09,2,2,2,1,1,2,2,2,3,False,
SURV0010159,DUD101276,2024-11-09,4,4,4,4,4,4,3,3,4,True,
SURV0010160,DUD101276,2024-12-18,4,5,4,3,4,5,5,5,5,True,
SURV0010161,DUD101276,2025-01-04,4,4,3,3,4,5,4,5,5,True,
SURV0010162,DUD101276,2025-02-04,3,3,2,2,2,3,3,4,2,False,
SURV0010163,DUD101276,2025-03-04,3,3,3,3,3,3,3,3,2,False,
SURV0010164,DUD101276,2025-04-15,4,4,3,4,4,4,5,5,5,True,
SURV0010165,DUD101277,2021-04-06,5,5,4,5,5,5,4,5,5,True,
SURV0010166,DUD101277,2021-05-19,3,3,2,3,3,4,4,3,4,False,
SURV0010167,DUD101277,2021-06-01,3,2,3,3,4,3,3,2,3,False,
SURV0010168,DUD101277,2021-07-10,4,4,4,3,3,4,4,4,4,True,
SURV0010169,DUD101277,2021-08-08,2,1,2,3,1,3,2,3,2,False,
SURV0010170,DUD101277,2021-09-03,3,3,3,3,3,3,3,4,3,False,
SURV0010171,DUD101277,2021-10-05,4,4,4,5,5,5,5,5,4,True,
SURV0010172,DUD101277,2021-11-18,4,4,4,3,4,4,3,5,4,True,
SURV0010173,DUD101277,2021-12-12,5,5,5,5,5,5,4,5,5,True,
SURV0010174,DUD101278,2024-03-15,3,4,3,2,3,2,3,3,3,False,
SURV0010175,DUD101278,2024-04-28,4,4,5,4,5,3,5,4,5,True,
SURV0010176,DUD101278,2024-05-16,2,2,1,1,3,2,2,3,1,False,
SURV0010177,DUD101278,2024-06-15,2,1,3,1,1,2,1,3,3,False,
SURV0010178,DUD101278,2024-07-05,4,5,4,3,3,3,5,5,4,True,
SURV0010179,DUD101278,2024-08-19,3,4,4,3,3,2,3,4,3,False,
SURV0010180,DUD101279,2022-10-20,5,4,5,4,5,5,4,5,5,True,
SURV0010181,DUD101279,2022-11-22,3,4,2,2,4,4,4,3,4,False,
SURV0010182,DUD101279,2022-12-06,5,4,5,5,4,5,4,5,5,True,
SURV0010183,DUD101279,2023-01-20,4,5,4,5,4,3,4,4,3,True,
SURV0010184,DUD101279,2023-02-03,3,3,4,3,2,3,4,4,3,False,
SURV0010185,DUD101279,2023-03-22,1,2,1,1,1,1,2,2,1,False,
SURV0010186,DUD101279,2023-04-27,4,4,4,4,3,5,4,5,4,True,
SURV0010187,DUD101279,2023-05-08,2,1,1,1,3,2,2,2,2,False,
SURV0010188,DUD101279,2023-06-22,3,4,4,3,4,4,4,4,3,False,
SURV0010189,DUD101279,2023-07-17,5,5,5,5,4,4,5,5,5,True,
SURV0010190,DUD101279,2023-08-08,3,2,2,2,2,2,3,3,3,False,
SURV0010191,DUD101279,2023-09-12,4,4,4,5,4,4,4,4,4,True,
SURV0010192,DUD101280,2024-03-28,4,4,5,3,3,3,5,3,5,True,
SURV0010193,DUD101280,2024-04-12,5,5,4,5,4,4,4,5,5,True,
SURV0010194,DUD101280,2024-05-18,2,2,3,3,2,1,2,1,2,False,
SURV0010195,DUD101280,2024-06-16,4,3,5,4,3,5,4,3,4,True,
SURV0010196,DUD101280,2024-07-13,4,3,4,4,5,3,3,4,4,True,
SURV0010197,DUD101280,2024-08-25,3,3,3,2,3,2,4,3,4,False,
SURV0010198,DUD101280,2024-09-04,3,3,3,3,2,3,2,3,2,False,
SURV0010199,DUD101280,2024-10-05,5,5,5,5,5,5,5,5,5,True,
SURV0010200,DUD101280,2024-11-05,4,4,3,4,4,4,5,5,4,True,
SURV0010201,DUD101280,2024-12-05,4,4,4,4,3,5,5,3,4,True,
SURV0010202,DUD101281,2022-09-06,4,4,4,3,4,3,5,4,4,True,
SURV0010203,DUD101281,2022-10-02,5,5,5,5,5,5,5,5,5,True,
SURV0010204,DUD101281,2022-11-10,4,3,5,4,4,4,5,4,5,True,
SURV0010205,DUD101281,2022-12-09,2,1,1,1,1,2,3,1,3,False,
SURV0010206,DUD101282,2023-03-28,5,5,5,5,5,4,5,5,4,True,
SURV0010207,DUD101282,2023-04-16,4,4,5,3,5,4,4,5,4,True,
SURV0010208,DUD101282,2023-05-06,4,3,4,5,5,4,3,4,4,True,
SURV0010209,DUD101282,2023-06-19,4,3,3,4,4,4,5,4,4,True,
SURV0010210,DUD101282,2023-07-03,4,5,4,5,5,4,4,4,3,True,
SURV0010211,DUD101282,2023-08-06,3,2,3,3,3,3,4,2,3,False,
SURV0010212,DUD101282,2023-09-12,4,3,3,4,5,3,5,4,4,True,
SURV0010213,DUD101283,2021-11-04,5,5,4,5,5,5,5,5,5,True,
SURV0010214,DUD101283,2021-12-16,5,4,4,5,4,5,5,5,5,True,
SURV0010215,DUD101283,2022-01-17,2,2,2,3,2,1,2,1,2,False,
SURV0010216,DUD101283,2022-02-16,5,5,5,5,5,5,5,4,5,True,
SURV0010217,DUD101283,2022-03-01,4,4,4,5,5,3,3,4,3,True,
SURV0010218,DUD101283,2022-04-02,3,3,4,2,3,2,3,3,3,False,
SURV0010219,DUD101283,2022-05-25,4,4,4,4,4,5,4,4,4,True,
SURV0010220,DUD101283,2022-06-08,2,2,2,1,3,1,2,1,2,False,
SURV0010221,DUD101283,2022-07-02,4,4,4,5,4,4,3,4,3,True,
SURV0010222,DUD101283,2022-08-25,5,5,5,5,5,5,5,5,5,True,
SURV0010223,DUD101283,2022-09-22,3,3,3,3,4,2,4,3,3,False,
SURV0010224,DUD101284,2021-05-28,5,5,5,5,5,4,4,5,4,True,
SURV0010225,DUD101284,2021-06-27,2,1,3,3,3,2,1,2,3,False,
SURV0010226,DUD101284,2021-07-15,3,3,4,3,3,2,4,3,2,False,
SURV0010227,DUD101284,2021-08-20,3,3,3,3,2,2,2,3,3,False,
SURV0010228,DUD101284,2021-09-19,5,5,4,5,5,5,5,4,5,True,
SURV0010229,DUD101284,2021-10-26,4,5,4,3,4,3,4,5,4,True,
SURV0010230,DUD101284,2021-11-10,4,5,5,4,5,4,3,4,5,True,
SURV0010231,DUD101285,2024-04-26,3,3,3,3,4,4,3,3,2,False,
SURV0010232,DUD101285,2024-05-05,4,5,3,4,4,4,5,5,3,True,
SURV0010233,DUD101285,2024-06-01,5,5,5,5,5,5,4,5,4,True,
SURV0010234,DUD101285,2024-07-28,3,3,3,4,2,2,3,3,4,False,
SURV0010235,DUD101285,2024-08-15,5,5,5,4,5,5,5,5,4,True,
SURV0010236,DUD101285,2024-09-22,4,4,4,4,3,4,3,3,5,True,
SURV0010237,DUD101285,2024-10-11,3,3,4,3,2,3,2,2,2,False,
SURV0010238,DUD101285,2024-11-28,4,4,5,3,4,5,4,4,3,True,
SURV0010239,DUD101285,2024-12-03,4,4,3,5,3,3,4,4,5,True,
SURV0010240,DUD101286,2022-01-12,2,1,2,2,3,3,3,2,2,False,
SURV0010241,DUD101286,2022-02-11,5,5,5,5,5,5,5,5,5,True,
SURV0010242,DUD101286,2022-03-23,4,5,4,4,4,4,5,4,4,True,
SURV0010243,DUD101286,2022-04-03,3,4,2,3,4,3,3,3,2,False,
SURV0010244,DUD101286,2022-05-24,4,5,4,4,5,4,3,3,4,True,
SURV0010245,DUD101286,2022-06-16,2,1,2,3,2,1,1,2,1,False,
SURV0010246,DUD101286,2022-07-06,3,3,3,4,3,2,3,3,4,False,
SURV0010247,DUD101286,2022-08-17,5,5,4,4,4,5,5,5,4,True,
SURV0010248,DUD101286,2022-09-12,4,4,4,4,3,5,4,5,4,True,
SURV0010249,DUD101286,2022-10-09,4,4,4,4,3,3,5,5,5,True,
SURV0010250,DUD101286,2022-11-16,2,2,2,2,2,2,2,2,2,False,
SURV0010251,DUD101287,2023-09-03,3,4,4,2,3,4,4,4,2,False,
SURV0010252,DUD101287,2023-10-11,4,4,5,4,5,4,4,4,4,True,
SURV0010253,DUD101287,2023-11-16,5,5,5,4,5,5,5,4,4,True,
SURV0010254,DUD101287,2023-12-05,4,4,5,4,3,3,4,5,5,True,
SURV0010255,DUD101287,2024-01-19,3,3,3,2,3,3,3,3,3,False,
SURV0010256,DUD101287,2024-02-26,4,4,3,3,3,4,5,3,4,True,
SURV0010257,DUD101287,2024-03-03,2,2,2,1,2,2,2,2,2,False,
SURV0010258,DUD101287,2024-04-22,4,4,3,4,4,5,3,3,4,True,
SURV0010259,DUD101288,2024-07-14,5,5,5,4,5,5,5,4,5,True,
SURV0010260,DUD101288,2024-08-26,5,5,5,4,5,5,5,5,4,True,
SURV0010261,DUD101288,2024-09-06,4,5,5,5,5,3,5,4,5,True,
SURV0010262,DUD101288,2024-10-28,5,5,5,5,5,5,4,5,4,True,
SURV0010263,DUD101289,2023-05-24,5,5,5,4,5,4,5,4,5,True,
SURV0010264,DUD101289,2023-06-22,4,4,4,5,3,5,4,3,5,True,
SURV0010265,DUD101289,2023-07-24,5,5,5,5,4,5,4,5,5,True,
SURV0010266,DUD101289,2023-08-15,3,3,4,4,2,3,3,3,3,False,
SURV0010267,DUD101289,2023-09-17,5,5,5,5,5,5,5,5,4,True,
SURV0010268,DUD101289,2023-10-09,3,4,2,3,2,4,4,4,3,False,
SURV0010269,DUD101289,2023-11-16,4,5,3,5,4,4,4,3,4,True,
SURV0010270,DUD101289,2023-12-09,4,4,4,4,4,3,3,3,5,True,
SURV0010271,DUD101290,2022-06-20,5,5,5,4,5,5,4,5,4,True,
SURV0010272,DUD101290,2022-07-12,5,5,5,5,5,5,5,5,5,True,
SURV0010273,DUD101290,2022-08-16,5,4,5,5,5,4,5,5,5,True,
SURV0010274,DUD101290,2022-09-14,5,5,4,4,4,5,5,4,5,True,
SURV0010275,DUD101290,2022-10-21,2,2,1,1,1,1,2,2,2,False,
SURV0010276,DUD101290,2022-11-12,3,4,3,3,2,3,3,4,2,False,
SURV0010277,DUD101290,2022-12-15,4,5,3,5,4,4,4,4,4,True,
SURV0010278,DUD101290,2023-01-01,4,5,4,3,4,4,4,3,5,True,
SURV0010279,DUD101290,2023-02-24,4,4,4,4,4,3,4,5,3,True,
SURV0010280,DUD101291,2021-11-18,4,4,3,3,4,4,3,4,4,True,
SURV0010281,DUD101291,2021-12-21,5,5,5,5,4,5,4,5,5,True,
SURV0010282,DUD101291,2022-01-06,4,4,4,3,5,4,3,5,3,True,
SURV0010283,DUD101291,2022-02-03,5,5,5,4,5,5,5,5,4,True,
SURV0010284,DUD101291,2022-03-18,2,2,3,1,2,2,3,2,2,False,
SURV0010285,DUD101291,2022-04-21,3,2,2,3,3,4,2,4,4,False,
SURV0010286,DUD101291,2022-05-16,1,1,2,1,1,2,2,1,1,False,
SURV0010287,DUD101291,2022-06-12,5,4,5,5,5,5,5,5,5,True,
SURV0010288,DUD101292,2022-10-22,4,4,4,3,4,5,4,4,5,True,
SURV0010289,DUD101292,2022-11-23,3,3,4,3,2,3,3,3,2,False,
SURV0010290,DUD101292,2022-12-06,4,5,5,5,5,4,4,5,4,True,
SURV0010291,DUD101292,2023-01-15,3,4,2,4,3,4,2,4,3,False,
SURV0010292,DUD101292,2023-02-07,1,1,2,2,1,1,1,1,2,False,
SURV0010293,DUD101292,2023-03-12,4,5,4,3,5,4,5,4,3,True,
SURV0010294,DUD101292,2023-04-19,4,5,4,4,4,4,4,4,4,True,
SURV0010295,DUD101293,2023-12-18,2,2,2,1,2,2,3,2,2,False,
SURV0010296,DUD101293,2024-01-13,2,3,2,3,2,3,1,1,2,False,
SURV0010297,DUD101293,2024-02-10,4,3,4,5,4,5,5,4,5,True,
SURV0010298,DUD101293,2024-03-28,2,2,1,1,3,3,2,3,3,False,
SURV0010299,DUD101293,2024-04-02,5,5,4,5,4,4,5,5,5,True,
SURV0010300,DUD101293,2024-05-10,4,4,4,4,3,3,4,5,4,True,
SURV0010301,DUD101293,2024-06-25,5,5,5,5,4,5,4,5,4,True,
SURV0010302,DUD101293,2024-07-11,5,5,5,5,5,5,5,5,5,True,
SURV0010303,DUD101293,2024-08-28,5,5,5,4,4,4,5,5,5,True,
SURV0010304,DUD101293,2024-09-22,5,5,5,4,4,4,5,4,5,True,
SURV0010305,DUD101293,2024-10-28,4,4,4,3,3,5,5,4,4,True,
SURV0010306,DUD101293,2024-11-04,5,5,5,5,5,5,5,5,5,True,
SURV0010307,DUD101294,2022-06-03,4,4,3,4,4,5,5,5,4,True,
SURV0010308,DUD101294,2022-07-22,3,3,3,3,3,4,3,4,3,False,
SURV0010309,DUD101294,2022-08-07,5,5,5,4,5,5,4,5,5,True,
SURV0010310,DUD101294,2022-09-08,5,5,5,5,5,5,5,5,5,True,
SURV0010311,DUD101295,2022-02-11,5,5,5,5,5,4,5,5,5,True,
SURV0010312,DUD101295,2022-03-19,4,3,5,4,4,5,5,5,4,True,
SURV0010313,DUD101295,2022-04-12,2,2,1,2,1,3,3,2,2,False,
SURV0010314,DUD101295,2022-05-24,3,3,2,3,3,3,3,3,3,False,
SURV0010315,DUD101295,2022-06-28,5,5,5,5,5,5,4,5,5,True,
SURV0010316,DUD101295,2022-07-26,4,4,3,4,4,5,4,4,4,True,
SURV0010317,DUD101295,2022-08-18,4,5,4,3,5,3,4,4,4,True,
SURV0010318,DUD101295,2022-09-25,1,2,1,1,2,1,1,2,1,False,
SURV0010319,DUD101296,2022-09-27,4,5,3,3,3,4,5,3,5,True,
SURV0010320,DUD101296,2022-10-11,5,5,5,5,4,5,5,4,5,True,
SURV0010321,DUD101296,2022-11-26,5,5,5,4,4,4,5,5,5,True,
SURV0010322,DUD101296,2022-12-01,4,5,4,3,4,4,3,5,4,True,
SURV0010323,DUD101296,2023-01-27,4,4,4,3,4,3,4,5,5,True,
SURV0010324,DUD101296,2023-02-11,2,2,2,2,2,3,1,2,2,False,
SURV0010325,DUD101296,2023-03-28,4,4,5,3,5,4,4,4,4,True,
SURV0010326,DUD101297,2023-01-06,4,4,4,4,4,3,3,4,4,True,
SURV0010327,DUD101297,2023-02-05,3,3,3,2,2,3,3,3,2,False,
SURV0010328,DUD101297,2023-03-16,3,2,3,2,3,4,3,3,3,False,
SURV0010329,DUD101297,2023-04-22,4,4,3,3,5,5,5,4,5,True,
SURV0010330,DUD101297,2023-05-05,5,5,5,4,5,5,4,5,5,True,
SURV0010331,DUD101297,2023-06-03,2,2,3,2,1,3,1,1,2,False,
SURV0010332,DUD101297,2023-07-12,4,4,5,4,4,4,3,5,4,True,
SURV0010333,DUD101297,2023-08-07,5,5,5,5,4,5,4,5,4,True,
SURV0010334,DUD101297,2023-09-22,4,4,3,4,4,4,5,3,4,True,
SURV0010335,DUD101297,2023-10-03,3,2,3,3,4,2,3,3,2,False,
SURV0010336,DUD101298,2021-11-14,4,4,4,4,4,5,4,4,3,True,
SURV0010337,DUD101298,2021-12-03,4,5,5,5,5,4,5,3,4,True,
SURV0010338,DUD101298,2022-01-20,5,5,5,5,5,5,5,4,5,True,
SURV0010339,DUD101298,2022-02-12,3,3,3,3,4,2,3,3,3,False,
SURV0010340,DUD101298,2022-03-21,3,2,2,2,3,3,3,4,2,False,
SURV0010341,DUD101298,2022-04-02,4,3,3,4,5,5,3,5,5,True,
SURV0010342,DUD101298,2022-05-15,2,2,3,1,2,2,2,3,3,False,
SURV0010343,DUD101298,2022-06-22,4,4,3,4,4,3,5,5,4,True,
SURV0010344,DUD101298,2022-07-08,1,2,1,1,1,1,1,1,1,False,
SURV0010345,DUD101298,2022-08-27,3,4,3,2,3,3,2,2,3,False,
SURV0010346,DUD101298,2022-09-13,3,3,3,3,3,3,3,3,3,False,
SURV0010347,DUD101299,2021-03-03,4,5,5,3,4,5,3,5,3,True,
SURV0010348,DUD101299,2021-04-09,4,5,4,5,5,5,4,3,5,True,
SURV0010349,DUD101299,2021-05-12,5,5,4,5,5,4,5,5,5,True,
SURV0010350,DUD101299,2021-06-23,3,2,3,4,3,2,3,3,3,False,
SURV0010351,DUD101299,2021-07-15,1,1,2,2,2,1,1,1,2,False,
SURV0010352,DUD101299,2021-08-27,4,4,4,3,5,3,4,4,4,True,
SURV0010353,DUD101299,2021-09-12,3,3,3,4,4,3,3,2,3,False,
SURV0010354,DUD101299,2021-10-18,4,4,5,4,4,3,3,4,3,True,
SURV0010355,DUD101299,2021-11-04,3,2,3,3,2,3,2,3,3,False,
SURV0010356,DUD101300,2024-04-17,5,5,5,4,5,4,5,4,5,True,
SURV0010357,DUD101300,2024-05-27,3,4,4,3,4,3,3,3,3,False,
SURV0010358,DUD101300,2024-06-28,4,4,5,4,5,4,5,3,4,True,
SURV0010359,DUD101300,2024-07-10,5,5,5,4,4,5,5,5,5,True,
SURV0010360,DUD101300,2024-08-05,3,4,3,3,3,2,3,3,3,False,
SURV0010361,DUD101301,2023-11-04,5,5,5,4,5,5,5,5,5,True,
SURV0010362,DUD101301,2023-12-02,4,4,3,3,5,4,4,4,5,True,
SURV0010363,DUD101301,2024-01-06,5,5,5,5,5,5,5,5,4,True,
SURV0010364,DUD101301,2024-02-14,5,5,5,4,5,5,5,5,5,True,
SURV0010365,DUD101302,2024-06-21,5,5,5,5,5,5,5,5,5,True,
SURV0010366,DUD101302,2024-07-06,2,2,1,2,2,2,3,2,3,False,
SURV0010367,DUD101302,2024-08-15,4,5,5,3,4,5,4,4,4,True,
SURV0010368,DUD101302,2024-09-10,4,3,4,4,3,5,3,5,5,True,
SURV0010369,DUD101302,2024-10-20,3,3,3,2,3,2,3,2,3,False,
SURV0010370,DUD101302,2024-11-03,5,5,5,5,4,5,5,5,5,True,
SURV0010371,DUD101302,2024-12-10,5,5,5,5,5,5,5,4,4,True,
SURV0010372,DUD101303,2024-06-22,4,4,3,4,4,5,4,4,5,True,
SURV0010373,DUD101303,2024-07-28,2,2,1,1,2,3,1,2,2,False,
SURV0010374,DUD101303,2024-08-02,1,1,1,1,2,1,1,2,1,False,
SURV0010375,DUD101303,2024-09-11,3,3,2,3,4,4,4,2,4,False,
SURV0010376,DUD101303,2024-10-03,4,3,4,4,4,4,5,3,4,True,
SURV0010377,DUD101303,2024-11-23,3,3,4,3,3,3,4,2,3,False,
SURV0010378,DUD101303,2024-12-02,4,3,4,4,4,4,4,3,3,True,
SURV0010379,DUD101303,2025-01-14,5,5,5,5,5,5,5,5,5,True,
SURV0010380,DUD101304,2021-04-06,4,4,4,4,4,3,5,4,4,True,
SURV0010381,DUD101304,2021-05-24,1,1,2,2,1,1,1,2,1,False,
SURV0010382,DUD101304,2021-06-15,4,4,4,4,3,5,3,4,4,True,
SURV0010383,DUD101304,2021-07-07,3,2,3,3,3,3,2,2,3,False,
SURV0010384,DUD101304,2021-08-03,1,1,1,1,1,2,1,1,1,False,
SURV0010385,DUD101304,2021-09-22,3,4,3,2,3,2,2,3,2,False,
SURV0010386,DUD101304,2021-10-14,3,2,2,3,3,3,4,4,3,False,
SURV0010387,DUD101304,2021-11-02,4,5,4,4,5,4,4,5,5,True,
SURV0010388,DUD101304,2021-12-21,2,2,2,2,2,2,3,2,2,False,
SURV0010389,DUD101305,2022-08-01,2,2,2,1,2,2,3,1,2,False,
SURV0010390,DUD101305,2022-09-06,5,5,5,5,4,5,4,4,5,True,
SURV0010391,DUD101305,2022-10-24,4,5,4,4,5,5,4,4,3,True,
SURV0010392,DUD101305,2022-11-03,4,4,4,4,5,4,3,4,4,True,
SURV0010393,DUD101305,2022-12-10,4,3,4,3,4,4,4,3,5,True,
SURV0010394,DUD101305,2023-01-16,3,4,3,3,3,3,2,3,3,False,
SURV0010395,DUD101305,2023-02-12,4,4,4,5,4,5,4,4,4,True,
SURV0010396,DUD101306,2023-02-10,4,3,4,4,4,4,4,5,4,True,
SURV0010397,DUD101306,2023-03-28,4,4,4,3,5,4,3,5,4,True,
SURV0010398,DUD101306,2023-04-02,4,4,5,5,4,4,4,4,3,True,
SURV0010399,DUD101306,2023-05-16,4,5,4,5,3,4,5,5,4,True,
SURV0010400,DUD101307,2021-07-23,4,4,4,4,4,4,5,5,5,True,
SURV0010401,DUD101307,2021-08-21,3,4,4,2,3,3,3,2,4,False,
SURV0010402,DUD101307,2021-09-17,2,2,3,2,2,2,1,2,2,False,
SURV0010403,DUD101307,2021-10-25,4,4,4,4,4,3,3,4,4,True,
SURV0010404,DUD101307,2021-11-26,4,4,5,3,5,5,4,3,4,True,
SURV0010405,DUD101307,2021-12-26,3,3,4,3,2,2,3,2,2,False,
SURV0010406,DUD101308,2022-01-02,3,2,4,2,3,4,3,4,2,False,
SURV0010407,DUD101308,2022-02-03,5,5,4,5,5,5,4,5,4,True,
SURV0010408,DUD101308,2022-03-19,4,4,5,4,4,3,5,3,5,True,
SURV0010409,DUD101308,2022-04-14,4,5,4,4,5,4,4,4,3,True,
SURV0010410,DUD101308,2022-05-18,1,1,2,1,2,1,1,1,2,False,
SURV0010411,DUD101308,2022-06-13,3,4,3,3,3,3,3,2,2,False,
SURV0010412,DUD101308,2022-07-26,5,5,4,5,5,4,5,5,5,True,
SURV0010413,DUD101308,2022-08-03,4,3,5,5,3,5,5,4,3,True,
SURV0010414,DUD101308,2022-09-02,3,2,4,3,2,3,3,4,2,False,
SURV0010415,DUD101308,2022-10-09,2,3,3,2,3,3,2,2,2,False,
SURV0010416,DUD101308,2022-11-05,4,4,4,4,4,4,3,4,3,True,
SURV0010417,DUD101309,2023-05-13,5,4,5,5,4,5,5,5,5,True,
SURV0010418,DUD101309,2023-06-25,3,4,3,3,2,3,2,3,3,False,
SURV0010419,DUD101309,2023-07-22,5,5,4,4,4,5,5,5,4,True,
SURV0010420,DUD101309,2023-08-14,4,3,4,5,4,5,5,5,3,True,
SURV0010421,DUD101309,2023-09-28,3,3,3,3,3,4,4,3,4,False,
SURV0010422,DUD101309,2023-10-22,4,3,3,5,5,4,5,4,5,True,
SURV0010423,DUD101310,2022-11-27,4,4,5,4,4,3,4,3,5,True,
SURV0010424,DUD101310,2022-12-16,3,4,3,3,2,3,2,3,3,False,
SURV0010425,DUD101310,2023-01-24,5,5,5,5,4,4,5,4,5,True,
SURV0010426,DUD101310,2023-02-27,5,5,4,5,5,5,5,4,5,True,
SURV0010427,DUD101310,2023-03-27,5,5,5,4,5,5,5,4,5,True,
SURV0010428,DUD101310,2023-04-28,4,4,5,4,3,4,4,5,3,True,
SURV0010429,DUD101310,2023-05-12,2,3,2,2,3,2,1,1,2,False,
SURV0010430,DUD101311,2021-10-24,4,3,4,4,5,3,4,4,5,True,
SURV0010431,DUD101311,2021-11-04,4,4,5,5,4,3,5,4,4,True,
SURV0010432,DUD101311,2021-12-25,4,5,5,4,4,3,4,4,3,True,
SURV0010433,DUD101311,2022-01-25,3,3,3,4,3,3,3,2,4,False,
SURV0010434,DUD101311,2022-02-10,5,4,5,5,4,5,5,4,4,True,
SURV0010435,DUD101311,2022-03-28,5,5,5,5,5,5,5,5,5,True,
SURV0010436,DUD101311,2022-04-05,4,3,5,5,4,4,5,3,4,True,
SURV0010437,DUD101311,2022-05-21,5,4,5,4,5,5,5,5,5,True,
SURV0010438,DUD101311,2022-06-08,3,2,2,2,3,3,4,2,3,False,
SURV0010439,DUD101311,2022-07-14,4,3,4,4,4,4,4,4,4,True,
SURV0010440,DUD101311,2022-08-09,4,5,4,4,3,5,3,4,5,True,
SURV0010441,DUD101311,2022-09-18,5,5,5,5,5,5,5,5,5,True,
SURV0010442,DUD101312,2021-08-20,3,3,3,3,3,4,2,3,2,False,
SURV0010443,DUD101312,2021-09-27,3,3,3,2,4,4,2,2,2,False,
SURV0010444,DUD101312,2021-10-05,3,2,3,4,3,4,2,3,3,False,
SURV0010445,DUD101312,2021-11-18,4,4,4,4,5,5,5,3,4,True,
SURV0010446,DUD101312,2021-12-11,5,5,5,4,4,5,5,4,4,True,
SURV0010447,DUD101312,2022-01-15,3,3,4,3,3,3,4,3,3,False,
SURV0010448,DUD101312,2022-02-16,4,4,3,4,4,4,5,4,5,True,
SURV0010449,DUD101312,2022-03-04,5,5,4,4,5,4,5,5,4,True,
SURV0010450,DUD101312,2022-04-12,2,2,3,3,2,2,1,2,2,False,
SURV0010451,DUD101312,2022-05-15,2,3,1,1,3,2,1,2,2,False,
SURV0010452,DUD101312,2022-06-21,3,3,3,4,4,3,3,4,3,False,
SURV0010453,DUD101313,2021-07-23,3,2,2,3,2,2,3,3,3,False,
SURV0010454,DUD101313,2021-08-04,4,3,4,3,3,4,3,5,4,True,
SURV0010455,DUD101313,2021-09-07,1,2,1,2,2,1,2,1,2,False,
SURV0010456,DUD101313,2021-10-27,5,5,5,5,5,5,5,5,5,True,
SURV0010457,DUD101313,2021-11-26,5,5,5,5,5,5,5,5,5,True,
SURV0010458,DUD101314,2023-06-04,4,4,5,4,3,4,3,4,5,True,
SURV0010459,DUD101314,2023-07-11,3,3,3,3,2,2,2,3,3,False,
SURV0010460,DUD101314,2023-08-11,4,5,5,3,5,3,3,4,4,True,
SURV0010461,DUD101314,2023-09-01,4,4,4,4,4,4,4,3,4,True,
SURV0010462,DUD101314,2023-10-22,4,4,5,4,4,3,4,4,4,True,
SURV0010463,DUD101314,2023-11-08,4,5,3,5,4,4,5,4,3,True,
SURV0010464,DUD101314,2023-12-08,3,4,4,4,4,3,4,4,3,False,
SURV0010465,DUD101315,2023-05-14,4,4,4,4,4,4,3,3,5,True,
SURV0010466,DUD101315,2023-06-01,4,4,3,3,4,4,4,3,3,True,
SURV0010467,DUD101315,2023-07-03,3,4,2,2,3,3,3,3,3,False,
SURV0010468,DUD101315,2023-08-25,5,5,5,4,5,5,5,4,5,True,
SURV0010469,DUD101315,2023-09-01,3,3,2,3,2,3,3,4,4,False,
SURV0010470,DUD101315,2023-10-08,3,4,4,3,3,3,2,2,3,False,
SURV0010471,DUD101315,2023-11-10,4,4,3,4,4,4,4,3,4,True,
SURV0010472,DUD101315,2023-12-22,2,2,3,3,3,2,1,2,1,False,
SURV0010473,DUD101315,2024-01-03,4,4,4,4,5,3,4,4,5,True,
SURV0010474,DUD101315,2024-02-13,3,2,4,3,4,2,3,3,3,False,
SURV0010475,DUD101315,2024-03-15,3,3,3,2,4,4,2,3,3,False,
SURV0010476,DUD101315,2024-04-07,3,3,2,3,3,4,3,4,4,False,
SURV0010477,DUD101316,2023-05-08,4,4,5,3,4,4,4,4,3,True,
SURV0010478,DUD101316,2023-06-27,5,5,5,5,5,5,5,4,5,True,
SURV0010479,DUD101316,2023-07-08,4,4,5,4,3,4,5,5,4,True,
SURV0010480,DUD101316,2023-08-11,5,5,5,5,5,5,5,4,5,True,
SURV0010481,DUD101316,2023-09-10,3,3,3,2,3,4,2,3,4,False,
SURV0010482,DUD101317,2022-01-11,5,5,4,4,5,5,5,5,5,True,
SURV0010483,DUD101317,2022-02-11,4,3,3,4,3,5,4,4,4,True,
SURV0010484,DUD101317,2022-03-28,4,5,3,5,4,3,3,5,3,True,
SURV0010485,DUD101317,2022-04-06,4,4,3,5,4,5,4,4,4,True,
SURV0010486,DUD101317,2022-05-21,5,5,5,5,5,4,5,4,5,True,
SURV0010487,DUD101317,2022-06-15,4,3,4,4,5,5,4,4,4,True,
SURV0010488,DUD101318,2023-07-14,4,4,4,4,3,4,4,4,4,True,
SURV0010489,DUD101318,2023-08-08,1,1,1,1,1,1,1,1,2,False,
SURV0010490,DUD101318,2023-09-25,4,4,4,4,5,4,4,3,5,True,
SURV0010491,DUD101318,2023-10-03,4,5,4,4,5,5,4,4,5,True,
SURV0010492,DUD101318,2023-11-28,2,2,2,2,2,1,3,3,3,False,
SURV0010493,DUD101318,2023-12-06,4,5,5,4,5,4,4,3,5,True,
SURV0010494,DUD101318,2024-01-11,5,4,5,5,5,5,5,5,5,True,
SURV0010495,DUD101318,2024-02-12,4,4,5,4,4,5,4,4,3,True,
SURV0010496,DUD101318,2024-03-23,4,4,3,5,5,4,4,4,3,True,
SURV0010497,DUD101318,2024-04-17,3,3,3,4,3,3,3,4,3,False,
SURV0010498,DUD101319,2024-03-26,4,4,5,5,4,5,5,4,4,True,
SURV0010499,DUD101319,2024-04-13,4,4,3,4,4,4,5,5,3,True,
SURV0010500,DUD101319,2024-05-02,5,5,5,4,4,4,4,5,5,True,
SURV0010501,DUD101319,2024-06-01,4,4,4,4,4,4,5,3,5,True,
SURV0010502,DUD101319,2024-07-05,2,2,2,3,2,2,1,2,2,False,
SURV0010503,DUD101319,2024-08-08,5,4,5,5,5,5,5,5,5,True,
SURV0010504,DUD101320,2022-07-02,5,4,5,4,4,4,4,5,4,True,
SURV0010505,DUD101320,2022-08-03,3,3,3,3,3,2,2,3,3,False,
SURV0010506,DUD101320,2022-09-09,2,2,3,1,2,1,3,1,2,False,
SURV0010507,DUD101320,2022-10-26,4,3,3,3,4,4,5,5,4,True,
SURV0010508,DUD101320,2022-11-11,5,4,4,4,5,5,5,5,5,True,
SURV0010509,DUD101320,2022-12-14,4,3,4,3,3,5,4,3,5,True,
SURV0010510,DUD101320,2023-01-02,3,2,4,3,3,2,3,4,4,False,
SURV0010511,DUD101320,2023-02-01,3,2,2,3,3,3,3,3,3,False,
SURV0010512,DUD101320,2023-03-11,5,5,5,5,5,5,4,4,5,True,
SURV0010513,DUD101320,2023-04-08,5,4,5,5,5,5,5,5,4,True,
SURV0010514,DUD101320,2023-05-11,5,5,5,4,4,5,5,5,4,True,
SURV0010515,DUD101321,2021-09-10,4,5,4,3,4,5,4,4,4,True,
SURV0010516,DUD101321,2021-10-19,3,3,2,3,3,3,3,3,2,False,
SURV0010517,DUD101321,2021-11-13,4,3,3,5,3,4,4,5,5,True,
SURV0010518,DUD101321,2021-12-20,5,5,5,5,5,4,5,4,4,True,
SURV0010519,DUD101321,2022-01-17,4,4,4,4,4,4,3,4,5,True,
SURV0010520,DUD101321,2022-02-16,5,5,5,5,5,5,5,5,4,True,
SURV0010521,DUD101321,2022-03-13,4,5,4,4,4,5,3,4,4,True,
SURV0010522,DUD101322,2021-03-22,4,4,5,4,4,5,4,4,5,True,
SURV0010523,DUD101322,2021-04-04,4,4,4,4,3,5,5,3,5,True,
SURV0010524,DUD101322,2021-05-19,5,5,4,5,5,5,5,5,5,True,
SURV0010525,DUD101322,2021-06-28,2,2,2,2,3,2,3,3,2,False,
SURV0010526,DUD101322,2021-07-22,3,3,2,2,2,2,3,2,3,False,
SURV0010527,DUD101322,2021-08-19,4,3,4,3,3,4,5,5,5,True,
SURV0010528,DUD101322,2021-09-10,4,5,3,5,3,3,4,3,4,True,
SURV0010529,DUD101322,2021-10-06,4,5,3,5,4,4,3,5,3,True,
SURV0010530,DUD101322,2021-11-10,5,5,5,5,5,5,5,5,5,True,
SURV0010531,DUD101322,2021-12-02,5,5,5,4,5,5,5,4,4,True,
SURV0010532,DUD101322,2022-01-11,5,5,5,5,4,4,5,5,5,True,
SURV0010533,DUD101322,2022-02-17,4,4,4,5,3,5,5,4,4,True,
SURV0010534,DUD101323,2021-07-12,2,1,3,2,3,2,2,2,3,False,
SURV0010535,DUD101323,2021-08-02,4,3,5,4,5,4,5,4,4,True,
SURV0010536,DUD101323,2021-09-14,5,4,4,5,5,4,5,4,5,True,
SURV0010537,DUD101323,2021-10-04,3,3,2,3,3,3,3,2,4,False,
SURV0010538,DUD101324,2024-08-09,5,5,5,5,4,5,4,5,5,True,
SURV0010539,DUD101324,2024-09-03,4,4,3,3,3,4,4,3,5,True,
SURV0010540,DUD101324,2024-10-02,2,2,2,1,2,1,2,2,2,False,
SURV0010541,DUD101324,2024-11-25,5,5,4,5,5,4,4,5,4,True,
SURV0010542,DUD101325,2024-04-18,3,4,3,3,2,3,3,3,4,False,
SURV0010543,DUD101325,2024-05-03,5,5,5,4,4,4,5,5,4,True,
SURV0010544,DUD101325,2024-06-06,4,4,3,4,4,3,5,3,4,True,
SURV0010545,DUD101325,2024-07-26,4,4,3,4,5,3,4,4,4,True,
SURV0010546,DUD101325,2024-08-05,2,2,2,2,3,3,1,3,3,False,
SURV0010547,DUD101326,2022-04-11,4,5,4,5,4,4,5,4,5,True,
SURV0010548,DUD101326,2022-05-27,2,2,1,2,2,2,3,1,2,False,
SURV0010549,DUD101326,2022-06-18,1,2,1,1,1,1,1,1,2,False,
SURV0010550,DUD101326,2022-07-14,3,3,2,3,3,4,4,4,2,False,
SURV0010551,DUD101327,2023-03-23,4,4,5,4,3,4,4,3,3,True,
SURV0010552,DUD101327,2023-04-10,5,4,5,5,5,5,4,5,4,True,
SURV0010553,DUD101327,2023-05-22,2,2,3,2,2,3,1,2,1,False,
SURV0010554,DUD101327,2023-06-10,4,4,5,5,4,3,4,3,3,True,
SURV0010555,DUD101327,2023-07-07,4,3,3,5,3,4,4,3,3,True,
SURV0010556,DUD101327,2023-08-16,4,4,5,4,4,3,4,4,4,True,
SURV0010557,DUD101327,2023-09-18,3,2,4,3,3,3,2,3,3,False,
SURV0010558,DUD101328,2024-09-18,4,4,4,5,4,3,4,5,4,True,
SURV0010559,DUD101328,2024-10-06,1,1,1,1,2,2,1,1,1,False,
SURV0010560,DUD101328,2024-11-14,5,5,5,5,4,5,5,5,5,True,
SURV0010561,DUD101328,2024-12-06,4,4,3,4,4,4,3,4,4,True,
SURV0010562,DUD101328,2025-01-28,5,5,4,5,5,5,5,4,5,True,
SURV0010563,DUD101328,2025-02-13,3,2,3,4,4,4,3,3,3,False,
SURV0010564,DUD101329,2021-07-22,4,4,3,4,4,5,4,4,3,True,
SURV0010565,DUD101329,2021-08-18,4,3,4,4,5,5,4,5,4,True,
SURV0010566,DUD101329,2021-09-03,1,1,2,1,1,1,1,2,1,False,
SURV0010567,DUD101329,2021-10-07,4,4,4,4,5,5,3,3,4,True,
SURV0010568,DUD101329,2021-11-09,4,4,5,5,5,5,4,4,4,True,
SURV0010569,DUD101330,2021-05-21,3,3,3,3,3,3,3,3,3,False,
SURV0010570,DUD101330,2021-06-19,4,5,5,3,3,3,3,5,4,True,
SURV0010571,DUD101330,2021-07-26,3,3,3,3,3,2,4,2,3,False,
SURV0010572,DUD101330,2021-08-02,4,3,4,4,4,3,5,3,4,True,
SURV0010573,DUD101330,2021-09-28,2,2,1,3,2,2,2,2,2,False,
SURV0010574,DUD101330,2021-10-15,4,4,5,4,4,4,4,5,5,True,
SURV0010575,DUD101330,2021-11-28,2,1,3,3,1,2,3,2,1,False,
SURV0010576,DUD101330,2021-12-11,1,1,2,2,1,1,1,1,1,False,
SURV0010577,DUD101330,2022-01-25,3,3,4,3,2,2,3,3,3,False,
SURV0010578,DUD101330,2022-02-13,4,4,5,4,3,5,4,5,4,True,
SURV0010579,DUD101330,2022-03-22,4,5,5,3,4,3,4,5,4,True,
SURV0010580,DUD101331,2021-04-24,1,1,1,2,1,1,1,1,1,False,
SURV0010581,DUD101331,2021-05-18,1,1,1,1,2,1,1,2,1,False,
SURV0010582,DUD101331,2021-06-05,4,4,3,3,4,5,4,5,4,True,
SURV0010583,DUD101331,2021-07-27,4,4,4,4,5,5,4,5,5,True,
SURV0010584,DUD101331,2021-08-25,3,3,2,2,3,2,3,4,3,False,
SURV0010585,DUD101331,2021-09-19,4,4,5,4,3,4,3,3,4,True,
SURV0010586,DUD101331,2021-10-23,3,3,3,2,3,3,3,3,3,False,
SURV0010587,DUD101331,2021-11-26,4,3,4,3,4,4,5,4,5,True,
SURV0010588,DUD101331,2021-12-05,5,5,5,4,5,5,5,5,4,True,
SURV0010589,DUD101332,2021-07-12,4,4,4,4,4,4,4,3,4,True,
SURV0010590,DUD101332,2021-08-03,4,4,4,4,5,4,5,4,5,True,
SURV0010591,DUD101332,2021-09-02,5,5,5,4,5,5,4,5,4,True,
SURV0010592,DUD101332,2021-10-12,1,1,2,2,1,1,2,1,1,False,
SURV0010593,DUD101332,2021-11-19,2,3,2,1,3,2,3,3,3,False,
SURV0010594,DUD101332,2021-12-26,4,4,3,5,3,3,4,5,3,True,
SURV0010595,DUD101333,2023-02-09,4,4,5,3,4,3,3,3,4,True,
SURV0010596,DUD101333,2023-03-25,3,3,4,3,4,4,4,3,2,False,
SURV0010597,DUD101333,2023-04-01,4,5,4,4,4,5,4,4,4,True,
SURV0010598,DUD101333,2023-05-07,4,4,5,3,5,4,5,5,5,True,
SURV0010599,DUD101333,2023-06-11,2,2,2,1,3,1,2,1,2,False,
SURV0010600,DUD101333,2023-07-12,3,3,3,3,2,3,3,3,2,False,
SURV0010601,DUD101333,2023-08-21,4,5,5,5,5,5,4,4,4,True,
SURV0010602,DUD101334,2024-08-27,5,5,4,5,5,5,5,5,5,True,
SURV0010603,DUD101334,2024-09-16,4,4,5,5,4,4,3,4,4,True,
SURV0010604,DUD101334,2024-10-12,5,5,5,5,5,5,5,5,5,True,
SURV0010605,DUD101334,2024-11-07,5,4,4,4,5,5,5,5,5,True,
SURV0010606,DUD101334,2024-12-10,4,3,4,3,5,4,4,5,4,True,
SURV0010607,DUD101334,2025-01-08,5,4,5,5,4,5,5,5,5,True,
SURV0010608,DUD101334,2025-02-26,4,3,3,5,5,4,4,4,5,True,
SURV0010609,DUD101335,2024-02-09,5,5,5,5,5,4,5,5,5,True,
SURV0010610,DUD101335,2024-03-27,4,5,3,5,4,5,5,3,3,True,
SURV0010611,DUD101335,2024-04-11,5,5,5,4,5,5,5,5,5,True,
SURV0010612,DUD101335,2024-05-18,4,4,3,4,4,3,4,3,5,True,
SURV0010613,DUD101335,2024-06-24,4,4,3,5,5,4,4,3,5,True,
SURV0010614,DUD101335,2024-07-19,5,5,5,4,5,5,5,4,5,True,
SURV0010615,DUD101336,2022-11-26,4,4,4,4,3,5,5,3,5,True,
SURV0010616,DUD101336,2022-12-14,4,4,5,3,4,4,3,5,5,True,
SURV0010617,DUD101336,2023-01-11,3,3,2,2,2,3,3,4,2,False,
SURV0010618,DUD101336,2023-02-26,1,2,2,1,1,1,1,1,1,False,
SURV0010619,DUD101337,2021-07-27,4,4,4,4,4,4,4,4,4,True,
SURV0010620,DUD101337,2021-08-22,4,3,4,4,5,4,3,4,4,True,
SURV0010621,DUD101337,2021-09-10,2,2,2,3,1,3,2,2,3,False,
SURV0010622,DUD101337,2021-10-05,3,3,3,4,3,4,4,2,4,False,
SURV0010623,DUD101337,2021-11-27,4,4,3,5,4,4,4,3,4,True,
SURV0010624,DUD101338,2021-07-08,4,5,3,5,3,4,4,4,5,True,
SURV0010625,DUD101338,2021-08-15,4,5,5,5,5,3,3,4,4,True,
SURV0010626,DUD101338,2021-09-10,3,3,3,2,2,2,4,2,3,False,
SURV0010627,DUD101338,2021-10-03,5,5,5,5,5,5,5,5,5,True,
SURV0010628,DUD101338,2021-11-05,4,5,3,3,3,4,4,4,3,True,
SURV0010629,DUD101339,2021-07-17,4,5,4,4,4,3,3,3,4,True,
SURV0010630,DUD101339,2021-08-20,4,4,4,4,4,4,3,5,3,True,
SURV0010631,DUD101339,2021-09-05,3,3,2,3,3,3,2,2,3,False,
SURV0010632,DUD101339,2021-10-26,5,4,5,5,5,5,5,5,5,True,
SURV0010633,DUD101339,2021-11-02,2,2,1,1,1,3,2,1,2,False,
SURV0010634,DUD101339,2021-12-08,2,3,2,3,2,2,3,2,2,False,
SURV0010635,DUD101339,2022-01-27,3,3,3,4,3,3,3,3,2,False,
SURV0010636,DUD101339,2022-02-10,4,5,3,3,4,5,5,4,4,True,
SURV0010637,DUD101339,2022-03-27,3,2,3,2,3,4,2,2,3,False,
SURV0010638,DUD101339,2022-04-08,2,2,1,2,1,3,1,3,2,False,
SURV0010639,DUD101339,2022-05-20,3,3,3,3,2,2,3,4,3,False,
SURV0010640,DUD101339,2022-06-24,2,3,1,2,2,1,3,3,2,False,
SURV0010641,DUD101340,2022-06-13,3,3,3,4,3,3,3,2,3,False,
SURV0010642,DUD101340,2022-07-22,4,5,4,3,4,3,3,5,5,True,
SURV0010643,DUD101340,2022-08-11,2,2,1,2,2,2,1,2,1,False,
SURV0010644,DUD101340,2022-09-03,4,5,4,5,4,4,4,4,5,True,
SURV0010645,DUD101340,2022-10-18,3,4,2,3,4,3,4,2,4,False,
SURV0010646,DUD101340,2022-11-19,4,4,4,4,3,4,3,4,4,True,
SURV0010647,DUD101340,2022-12-02,2,1,2,2,2,1,2,3,1,False,
SURV0010648,DUD101340,2023-01-23,5,5,5,5,5,5,4,5,4,True,
SURV0010649,DUD101340,2023-02-04,1,2,1,1,1,2,1,1,1,False,
SURV0010650,DUD101340,2023-03-10,3,2,3,3,3,4,3,4,2,False,
SURV0010651,DUD101341,2022-03-16,5,5,5,5,5,5,4,5,5,True,
SURV0010652,DUD101341,2022-04-18,4,4,3,3,4,4,4,5,3,True,
SURV0010653,DUD101341,2022-05-23,4,5,4,4,3,4,4,4,3,True,
SURV0010654,DUD101341,2022-06-26,3,3,3,2,2,2,3,3,4,False,
SURV0010655,DUD101341,2022-07-11,3,4,4,3,3,3,3,2,4,False,
SURV0010656,DUD101341,2022-08-05,4,4,4,4,5,4,3,4,4,True,
SURV0010657,DUD101341,2022-09-05,2,2,2,2,3,3,2,2,1,False,
SURV0010658,DUD101341,2022-10-19,4,3,4,3,4,5,4,4,4,True,
SURV0010659,DUD101341,2022-11-23,5,5,5,5,5,5,5,5,4,True,
SURV0010660,DUD101342,2024-01-22,4,4,4,4,5,4,3,5,5,True,
SURV0010661,DUD101342,2024-02-05,4,4,4,4,4,4,5,4,5,True,
SURV0010662,DUD101342,2024-03-12,3,3,3,3,2,4,2,4,3,False,
SURV0010663,DUD101342,2024-04-12,4,3,3,3,3,4,4,5,3,True,
SURV0010664,DUD101342,2024-05-24,4,4,3,4,3,4,5,3,4,True,
SURV0010665,DUD101342,2024-06-11,4,4,5,3,4,3,3,4,5,True,
SURV0010666,DUD101342,2024-07-21,4,5,3,4,4,4,3,4,4,True,
SURV0010667,DUD101342,2024-08-21,5,5,5,5,5,5,5,5,5,True,
SURV0010668,DUD101342,2024-09-11,2,2,3,2,2,2,1,1,2,False,
SURV0010669,DUD101342,2024-10-23,2,1,2,2,3,2,3,2,2,False,
SURV0010670,DUD101342,2024-11-12,5,5,4,5,5,4,5,5,5,True,
SURV0010671,DUD101342,2024-12-24,5,4,5,4,4,5,5,5,5,True,
SURV0010672,DUD101343,2021-12-13,5,5,4,5,4,5,5,5,4,True,
SURV0010673,DUD101343,2022-01-16,4,4,4,3,5,5,4,4,5,True,
SURV0010674,DUD101343,2022-02-24,4,4,5,5,4,4,4,4,3,True,
SURV0010675,DUD101343,2022-03-04,4,4,3,4,3,4,5,5,3,True,
SURV0010676,DUD101343,2022-04-03,3,4,3,4,2,3,4,3,3,False,
SURV0010677,DUD101344,2021-03-25,2,3,2,2,3,3,3,3,2,False,
SURV0010678,DUD101344,2021-04-08,1,1,1,2,1,1,2,2,1,False,
SURV0010679,DUD101344,2021-05-19,4,3,3,4,4,4,4,3,5,True,
SURV0010680,DUD101344,2021-06-04,5,5,4,4,5,5,5,5,5,True,
SURV0010681,DUD101345,2023-01-27,5,4,5,5,4,5,5,5,5,True,
SURV0010682,DUD101345,2023-02-06,4,4,4,5,5,5,3,4,4,True,
SURV0010683,DUD101345,2023-03-21,4,4,4,3,4,3,3,4,5,True,
SURV0010684,DUD101345,2023-04-19,2,1,3,3,2,1,2,3,2,False,
SURV0010685,DUD101345,2023-05-14,4,3,4,3,3,5,5,3,5,True,
SURV0010686,DUD101345,2023-06-14,3,3,4,3,3,2,3,3,3,False,
SURV0010687,DUD101345,2023-07-04,3,3,4,3,2,2,3,4,3,False,
SURV0010688,DUD101345,2023-08-08,4,4,3,5,4,3,5,5,5,True,
SURV0010689,DUD101345,2023-09-07,3,3,4,3,4,3,4,3,4,False,
SURV0010690,DUD101345,2023-10-15,4,3,4,4,5,3,5,5,3,True,
SURV0010691,DUD101345,2023-11-26,4,4,4,4,4,4,4,4,5,True,
SURV0010692,DUD101346,2024-01-07,3,3,4,3,4,2,4,2,4,False,
SURV0010693,DUD101346,2024-02-05,2,2,3,1,2,2,3,2,2,False,
SURV0010694,DUD101346,2024-03-10,4,4,4,3,5,4,3,5,4,True,
SURV0010695,DUD101346,2024-04-17,4,4,4,4,5,3,3,5,5,True,
SURV0010696,DUD101346,2024-05-24,5,5,5,5,5,4,5,4,5,True,
SURV0010697,DUD101346,2024-06-10,5,5,5,5,4,5,5,4,5,True,
SURV0010698,DUD101346,2024-07-26,3,3,2,4,4,3,3,3,2,False,
SURV0010699,DUD101346,2024-08-27,4,5,5,3,5,3,4,5,4,True,
SURV0010700,DUD101346,2024-09-02,4,4,5,4,3,5,3,4,4,True,
SURV0010701,DUD101346,2024-10-09,3,3,4,3,3,3,3,2,3,False,
SURV0010702,DUD101346,2024-11-12,3,2,3,4,3,4,3,3,3,False,
SURV0010703,DUD101346,2024-12-13,2,2,3,1,1,2,2,2,2,False,
SURV0010704,DUD101347,2023-08-19,3,3,3,2,2,2,2,4,4,False,
SURV0010705,DUD101347,2023-09-24,3,2,2,3,3,4,4,3,3,False,
SURV0010706,DUD101347,2023-10-08,3,2,3,3,2,4,3,3,3,False,
SURV0010707,DUD101347,2023-11-24,4,5,4,4,5,5,4,4,5,True,
SURV0010708,DUD101347,2023-12-10,4,3,3,5,3,5,5,4,5,True,
SURV0010709,DUD101347,2024-01-27,4,3,3,4,3,5,5,4,4,True,
SURV0010710,DUD101347,2024-02-20,3,3,4,2,2,3,3,4,2,False,
SURV0010711,DUD101347,2024-03-22,4,3,4,4,3,3,5,4,3,True,
SURV0010712,DUD101347,2024-04-24,3,3,3,2,3,3,2,4,4,False,
SURV0010713,DUD101348,2024-04-25,5,5,5,5,5,5,5,5,4,True,
SURV0010714,DUD101348,2024-05-17,5,5,5,5,5,5,5,5,4,True,
SURV0010715,DUD101348,2024-06-05,4,4,5,5,3,3,3,4,3,True,
SURV0010716,DUD101348,2024-07-10,4,4,3,5,5,4,3,3,3,True,
SURV0010717,DUD101348,2024-08-04,3,3,2,2,4,4,2,3,3,False,
SURV0010718,DUD101348,2024-09-05,5,5,5,4,4,5,5,5,5,True,
SURV0010719,DUD101349,2022-07-07,5,4,5,5,4,5,5,5,5,True,
SURV0010720,DUD101349,2022-08-05,3,2,3,2,4,3,2,2,3,False,
SURV0010721,DUD101349,2022-09-26,3,4,2,2,3,3,2,2,2,False,
SURV0010722,DUD101349,2022-10-01,4,3,4,3,5,5,4,3,5,True,
SURV0010723,DUD101349,2022-11-11,3,3,4,3,3,3,4,3,3,False,
SURV0010724,DUD101349,2022-12-16,4,4,4,3,4,3,3,4,4,True,
SURV0010725,DUD101349,2023-01-11,4,3,4,3,5,5,5,5,5,True,
SURV0010726,DUD101349,2023-02-17,4,3,3,3,4,4,5,4,5,True,
SURV0010727,DUD101350,2021-02-09,5,5,5,5,5,5,5,5,4,True,
SURV0010728,DUD101350,2021-03-17,4,5,4,4,5,5,4,3,5,True,
SURV0010729,DUD101350,2021-04-16,4,5,4,5,3,5,5,3,4,True,
SURV0010730,DUD101350,2021-05-18,4,4,4,5,5,4,3,3,5,True,
SURV0010731,DUD101350,2021-06-19,5,5,5,4,5,5,5,5,5,True,
SURV0010732,DUD101350,2021-07-02,2,2,2,1,3,1,3,2,2,False,
SURV0010733,DUD101351,2021-06-21,4,4,4,4,3,4,3,3,4,True,
SURV0010734,DUD101351,2021-07-27,5,5,4,5,4,5,5,5,4,True,
SURV0010735,DUD101351,2021-08-20,4,4,4,4,4,5,5,3,4,True,
SURV0010736,DUD101351,2021-09-14,2,2,2,3,2,3,2,2,2,False,
SURV0010737,DUD101352,2022-02-01,4,3,4,4,4,3,4,5,4,True,
SURV0010738,DUD101352,2022-03-18,4,4,3,5,5,5,3,5,4,True,
SURV0010739,DUD101352,2022-04-08,1,2,1,1,1,2,2,2,1,False,
SURV0010740,DUD101352,2022-05-20,5,5,4,5,5,5,5,5,4,True,
SURV0010741,DUD101353,2024-12-09,5,5,5,4,5,5,4,5,4,True,
SURV0010742,DUD101353,2025-01-06,2,2,2,2,2,2,2,2,2,False,
SURV0010743,DUD101353,2025-02-18,3,2,2,3,4,4,3,3,3,False,
SURV0010744,DUD101353,2025-03-03,3,2,2,3,3,4,3,3,3,False,
SURV0010745,DUD101353,2025-04-11,5,5,5,4,5,5,4,4,5,True,
SURV0010746,DUD101353,2025-05-12,4,3,3,4,4,5,3,5,5,True,
SURV0010747,DUD101353,2025-06-08,2,1,1,3,2,2,2,2,2,False,
SURV0010748,DUD101353,2025-07-20,2,2,1,2,2,2,2,3,2,False,
SURV0010749,DUD101353,2025-08-09,5,5,4,5,5,5,5,5,5,True,
SURV0010750,DUD101353,2025-09-13,1,1,1,1,1,1,1,1,2,False,
SURV0010751,DUD101353,2025-10-05,4,3,3,3,4,4,5,4,3,True,
SURV0010752,DUD101354,2023-03-04,5,5,4,5,5,5,4,5,5,True,
SURV0010753,DUD101354,2023-04-04,2,2,2,3,1,3,1,2,2,False,
SURV0010754,DUD101354,2023-05-02,5,5,5,5,5,5,5,4,4,True,
SURV0010755,DUD101354,2023-06-19,4,3,4,5,3,4,3,3,4,True,
SURV0010756,DUD101354,2023-07-25,4,3,4,5,5,4,3,5,4,True,
SURV0010757,DUD101354,2023-08-15,3,4,3,3,3,2,2,3,4,False,
SURV0010758,DUD101354,2023-09-02,1,1,1,2,1,2,1,1,2,False,
SURV0010759,DUD101354,2023-10-21,5,5,5,4,5,5,4,5,5,True,
SURV0010760,DUD101354,2023-11-05,4,4,4,4,3,4,4,5,4,True,
SURV0010761,DUD101354,2023-12-18,5,5,4,4,5,4,5,5,5,True,
SURV0010762,DUD101354,2024-01-12,3,3,4,3,2,2,3,3,4,False,
SURV0010763,DUD101354,2024-02-01,4,4,5,4,5,4,3,4,4,True,
SURV0010764,DUD101355,2023-07-28,5,4,5,5,5,5,4,4,5,True,
SURV0010765,DUD101355,2023-08-10,2,2,3,2,1,1,2,1,1,False,
SURV0010766,DUD101355,2023-09-10,4,3,5,4,4,5,4,5,4,True,
SURV0010767,DUD101355,2023-10-03,4,4,4,4,4,4,4,4,4,True,
SURV0010768,DUD101355,2023-11-02,4,4,3,4,4,4,4,4,3,True,
SURV0010769,DUD101355,2023-12-22,5,4,4,5,4,5,5,5,5,True,
SURV0010770,DUD101355,2024-01-26,4,4,3,5,4,3,4,4,4,True,
SURV0010771,DUD101355,2024-02-03,3,3,3,3,3,4,3,3,4,False,
SURV0010772,DUD101355,2024-03-21,3,4,2,3,3,2,3,3,3,False,
SURV0010773,DUD101356,2021-02-07,4,4,5,4,3,5,4,4,5,True,
SURV0010774,DUD101356,2021-03-25,4,5,5,5,4,4,4,3,4,True,
SURV0010775,DUD101356,2021-04-10,4,3,3,3,4,3,5,4,3,True,
SURV0010776,DUD101356,2021-05-15,3,3,2,3,3,3,3,3,4,False,
SURV0010777,DUD101356,2021-06-10,4,4,3,4,4,4,4,4,5,True,
SURV0010778,DUD101356,2021-07-01,3,3,4,3,3,2,3,2,3,False,
SURV0010779,DUD101356,2021-08-20,4,4,4,5,4,5,3,4,4,True,
SURV0010780,DUD101357,2024-09-25,5,5,5,4,5,4,4,5,5,True,
SURV0010781,DUD101357,2024-10-17,4,5,3,4,4,4,5,5,3,True,
SURV0010782,DUD101357,2024-11-23,4,4,5,5,4,5,5,4,3,True,
SURV0010783,DUD101357,2024-12-19,5,5,4,5,4,4,4,5,5,True,
SURV0010784,DUD101357,2025-01-15,4,4,4,5,4,4,4,3,4,True,
SURV0010785,DUD101357,2025-02-17,3,4,4,4,3,4,2,3,3,False,
SURV0010786,DUD101357,2025-03-26,4,3,4,3,3,4,4,4,4,True,
SURV0010787,DUD101358,2024-03-21,3,3,3,3,2,3,3,2,3,False,
SURV0010788,DUD101358,2024-04-03,5,5,5,5,5,4,5,5,5,True,
SURV0010789,DUD101358,2024-05-20,3,3,2,3,2,3,3,3,2,False,
SURV0010790,DUD101358,2024-06-15,3,3,4,4,3,4,4,2,3,False,
SURV0010791,DUD101358,2024-07-05,3,3,3,4,2,4,3,4,2,False,
SURV0010792,DUD101358,2024-08-28,5,5,5,5,4,4,4,5,5,True,
SURV0010793,DUD101359,2021-02-08,5,5,5,5,5,5,5,5,5,True,
SURV0010794,DUD101359,2021-03-10,4,4,4,4,3,3,5,4,3,True,
SURV0010795,DUD101359,2021-04-05,2,2,2,1,1,1,3,3,3,False,
SURV0010796,DUD101359,2021-05-03,2,3,2,3,2,3,1,2,1,False,
SURV0010797,DUD101359,2021-06-21,4,4,3,4,3,5,4,4,5,True,
SURV0010798,DUD101360,2023-03-01,5,4,4,5,4,5,5,5,4,True,
SURV0010799,DUD101360,2023-04-26,5,5,4,5,5,5,4,4,5,True,
SURV0010800,DUD101360,2023-05-07,4,4,3,5,4,4,4,4,4,True,
SURV0010801,DUD101360,2023-06-18,5,5,5,5,5,5,5,5,5,True,
SURV0010802,DUD101360,2023-07-06,4,4,4,4,4,5,4,4,5,True,
SURV0010803,DUD101360,2023-08-17,5,5,5,4,5,4,5,5,4,True,
SURV0010804,DUD101360,2023-09-26,2,3,2,3,3,1,2,2,2,False,
SURV0010805,DUD101360,2023-10-09,4,4,4,4,4,5,5,3,5,True,
SURV0010806,DUD101361,2022-08-17,4,5,4,3,4,4,4,4,4,True,
SURV0010807,DUD101361,2022-09-09,4,5,4,4,4,4,5,4,3,True,
SURV0010808,DUD101361,2022-10-14,5,5,4,5,4,5,4,4,5,True,
SURV0010809,DUD101361,2022-11-11,5,5,4,5,5,5,4,4,5,True,
SURV0010810,DUD101361,2022-12-04,3,3,3,3,4,4,3,4,3,False,
SURV0010811,DUD101362,2024-05-10,4,4,3,4,4,4,4,3,3,True,
SURV0010812,DUD101362,2024-06-01,4,4,3,4,4,5,5,3,4,True,
SURV0010813,DUD101362,2024-07-22,5,4,5,5,4,5,5,5,5,True,
SURV0010814,DUD101362,2024-08-26,1,1,1,1,1,1,1,1,1,False,
SURV0010815,DUD101362,2024-09-21,2,2,2,3,2,1,2,2,3,False,
SURV0010816,DUD101362,2024-10-22,2,1,2,2,2,3,3,3,2,False,
SURV0010817,DUD101362,2024-11-12,4,3,3,5,4,5,4,4,3,True,
SURV0010818,DUD101362,2024-12-21,4,3,4,4,4,4,5,3,5,True,
SURV0010819,DUD101362,2025-01-10,5,5,4,4,5,4,5,4,5,True,
SURV0010820,DUD101362,2025-02-25,5,5,4,5,5,4,5,5,4,True,
SURV0010821,DUD101362,2025-03-12,3,3,4,3,3,3,3,2,3,False,
SURV0010822,DUD101362,2025-04-08,3,3,3,3,3,4,4,2,2,False,
SURV0010823,DUD101363,2023-12-16,5,5,5,4,5,5,5,5,5,True,
SURV0010824,DUD101363,2024-01-21,5,5,5,5,4,5,4,5,5,True,
SURV0010825,DUD101363,2024-02-06,2,3,3,1,1,3,2,2,1,False,
SURV0010826,DUD101363,2024-03-08,1,1,1,1,1,1,2,1,1,False,
SURV0010827,DUD101363,2024-04-11,3,4,3,4,3,4,3,2,3,False,
SURV0010828,DUD101363,2024-05-01,4,5,5,3,4,4,4,3,3,True,
SURV0010829,DUD101363,2024-06-06,4,4,4,4,4,4,4,3,4,True,
SURV0010830,DUD101363,2024-07-28,4,4,3,4,3,3,3,5,4,True,
SURV0010831,DUD101363,2024-08-01,3,4,2,3,2,3,4,3,4,False,
SURV0010832,DUD101363,2024-09-03,4,4,4,5,4,3,3,4,4,True,
SURV0010833,DUD101363,2024-10-01,2,2,1,2,2,2,1,2,2,False,
SURV0010834,DUD101364,2021-01-03,4,3,5,3,4,5,5,4,5,True,
SURV0010835,DUD101364,2021-02-24,4,4,4,5,4,3,4,4,3,True,
SURV0010836,DUD101364,2021-03-17,1,1,2,1,1,1,1,2,1,False,
SURV0010837,DUD101364,2021-04-18,2,2,2,2,3,2,1,2,2,False,
SURV0010838,DUD101364,2021-05-06,5,5,5,5,5,4,5,4,5,True,
SURV0010839,DUD101364,2021-06-16,5,4,5,5,5,4,5,5,5,True,
SURV0010840,DUD101364,2021-07-12,3,2,3,3,3,2,4,3,2,False,
SURV0010841,DUD101364,2021-08-24,2,1,3,2,2,2,3,2,2,False,
SURV0010842,DUD101364,2021-09-12,4,3,4,4,4,4,5,4,3,True,
SURV0010843,DUD101364,2021-10-10,4,4,3,4,3,4,5,4,5,True,
SURV0010844,DUD101364,2021-11-23,4,4,4,5,5,4,5,3,3,True,
SURV0010845,DUD101365,2023-08-11,4,3,3,4,5,4,5,4,4,True,
SURV0010846,DUD101365,2023-09-21,5,5,5,5,5,5,5,5,4,True,
SURV0010847,DUD101365,2023-10-07,4,4,3,4,3,4,3,4,5,True,
SURV0010848,DUD101365,2023-11-01,4,4,5,4,4,4,4,4,4,True,
SURV0010849,DUD101365,2023-12-08,3,2,2,3,2,2,2,2,2,False,
SURV0010850,DUD101365,2024-01-15,4,4,4,4,4,4,4,3,4,True,
SURV0010851,DUD101365,2024-02-14,3,3,4,3,3,4,3,3,4,False,
SURV0010852,DUD101365,2024-03-15,5,5,5,4,4,5,5,5,5,True,
SURV0010853,DUD101365,2024-04-20,4,3,4,5,4,3,4,4,3,True,
SURV0010854,DUD101365,2024-05-27,4,4,5,5,5,5,4,3,5,True,
SURV0010855,DUD101365,2024-06-28,4,3,5,4,4,3,4,5,5,True,
SURV0010856,DUD101365,2024-07-25,4,4,4,3,4,4,3,3,5,True,
SURV0010857,DUD101366,2021-02-28,5,4,5,5,5,5,5,5,5,True,
SURV0010858,DUD101366,2021-03-19,4,3,3,5,4,4,3,4,4,True,
SURV0010859,DUD101366,2021-04-27,4,4,4,4,4,5,4,4,3,True,
SURV0010860,DUD101366,2021-05-26,4,4,4,4,4,5,3,3,4,True,
SURV0010861,DUD101366,2021-06-24,4,3,4,3,3,4,3,5,5,True,
SURV0010862,DUD101366,2021-07-09,4,4,4,3,5,5,5,3,4,True,
SURV0010863,DUD101366,2021-08-22,5,4,5,4,5,5,5,4,5,True,
SURV0010864,DUD101366,2021-09-22,4,5,5,3,4,3,3,4,3,True,
SURV0010865,DUD101366,2021-10-04,4,5,3,4,5,5,5,3,5,True,
SURV0010866,DUD101366,2021-11-22,3,4,4,3,3,2,3,2,3,False,
SURV0010867,DUD101366,2021-12-15,4,4,4,4,4,5,5,3,3,True,
SURV0010868,DUD101366,2022-01-21,4,5,5,4,3,3,3,4,3,True,
SURV0010869,DUD101367,2022-07-10,2,2,1,3,2,1,3,2,3,False,
SURV0010870,DUD101367,2022-08-10,3,2,3,3,2,3,4,4,4,False,
SURV0010871,DUD101367,2022-09-18,1,1,2,1,1,1,1,2,1,False,
SURV0010872,DUD101367,2022-10-07,5,5,5,4,5,4,5,5,4,True,
SURV0010873,DUD101367,2022-11-12,2,1,2,2,1,2,3,2,2,False,
SURV0010874,DUD101367,2022-12-21,3,3,3,2,2,2,4,2,4,False,
SURV0010875,DUD101367,2023-01-01,4,4,5,4,5,5,4,5,5,True,
SURV0010876,DUD101367,2023-02-20,5,5,4,5,5,5,5,5,4,True,
SURV0010877,DUD101367,2023-03-04,5,5,4,4,4,5,5,5,5,True,
SURV0010878,DUD101367,2023-04-07,2,2,1,2,2,3,2,2,2,False,
SURV0010879,DUD101367,2023-05-11,3,4,2,4,3,3,3,3,4,False,
SURV0010880,DUD101367,2023-06-13,4,5,4,4,4,4,3,4,4,True,
SURV0010881,DUD101368,2023-04-22,2,1,2,3,1,2,3,3,3,False,
SURV0010882,DUD101368,2023-05-11,5,5,5,4,5,5,5,5,5,True,
SURV0010883,DUD101368,2023-06-19,3,4,3,2,3,4,2,3,2,False,
SURV0010884,DUD101368,2023-07-08,4,3,5,4,4,4,3,4,4,True,
SURV0010885,DUD101368,2023-08-15,4,4,4,4,4,4,3,3,5,True,
SURV0010886,DUD101368,2023-09-08,4,4,4,3,4,3,3,4,3,True,
SURV0010887,DUD101368,2023-10-26,5,5,4,5,5,5,5,4,5,True,
SURV0010888,DUD101369,2021-07-22,4,5,3,4,3,5,4,4,3,True,
SURV0010889,DUD101369,2021-08-17,4,4,4,3,4,3,3,4,4,True,
SURV0010890,DUD101369,2021-09-03,4,4,5,4,5,4,4,4,3,True,
SURV0010891,DUD101369,2021-10-14,5,5,4,5,5,5,4,4,5,True,
SURV0010892,DUD101369,2021-11-27,4,4,5,4,4,4,4,3,4,True,
SURV0010893,DUD101370,2021-03-16,3,3,3,3,4,4,3,4,4,False,
SURV0010894,DUD101370,2021-04-13,3,3,4,4,4,3,3,3,2,False,
SURV0010895,DUD101370,2021-05-10,4,3,4,3,4,4,4,4,5,True,
SURV0010896,DUD101370,2021-06-02,4,4,3,5,3,5,5,4,3,True,
SURV0010897,DUD101371,2024-04-10,2,2,1,1,1,1,2,1,1,False,
SURV0010898,DUD101371,2024-05-01,4,3,4,3,4,5,3,5,3,True,
SURV0010899,DUD101371,2024-06-19,4,4,5,5,3,3,5,4,5,True,
SURV0010900,DUD101371,2024-07-13,2,2,2,1,2,2,1,2,3,False,
SURV0010901,DUD101371,2024-08-16,4,5,4,3,4,5,3,3,4,True,
SURV0010902,DUD101371,2024-09-11,5,4,5,5,5,4,5,5,5,True,
SURV0010903,DUD101371,2024-10-04,2,2,2,1,1,2,2,3,2,False,
SURV0010904,DUD101371,2024-11-03,4,3,4,4,4,4,4,4,4,True,
SURV0010905,DUD101372,2022-02-19,5,5,5,5,4,4,4,5,5,True,
SURV0010906,DUD101372,2022-03-05,3,3,3,4,2,3,4,4,3,False,
SURV0010907,DUD101372,2022-04-10,4,5,4,4,4,4,3,4,4,True,
SURV0010908,DUD101372,2022-05-07,3,3,3,2,4,3,3,3,4,False,
SURV0010909,DUD101372,2022-06-07,4,3,3,4,5,5,4,5,4,True,
SURV0010910,DUD101372,2022-07-19,5,5,5,5,5,5,4,5,5,True,
SURV0010911,DUD101372,2022-08-26,5,5,5,5,4,5,5,4,5,True,
SURV0010912,DUD101372,2022-09-04,4,3,3,3,3,4,5,4,5,True,
SURV0010913,DUD101372,2022-10-21,3,2,2,3,3,4,3,3,3,False,
SURV0010914,DUD101372,2022-11-13,4,4,3,4,5,4,4,4,3,True,
SURV0010915,DUD101372,2022-12-13,3,3,4,4,2,3,3,3,4,False,
SURV0010916,DUD101373,2024-12-23,4,4,5,4,5,3,4,5,5,True,
SURV0010917,DUD101373,2025-01-10,2,2,1,1,2,1,2,2,2,False,
SURV0010918,DUD101373,2025-02-06,5,5,4,5,4,5,5,4,5,True,
SURV0010919,DUD101373,2025-03-15,4,4,4,4,3,4,4,3,4,True,
SURV0010920,DUD101373,2025-04-04,3,3,4,2,4,3,3,3,3,False,
SURV0010921,DUD101373,2025-05-02,4,4,5,4,4,3,5,4,3,True,
SURV0010922,DUD101373,2025-06-13,4,4,4,3,4,4,3,3,4,True,
SURV0010923,DUD101373,2025-07-24,2,2,1,3,2,2,2,1,3,False,
SURV0010924,DUD101373,2025-08-11,5,5,4,4,5,5,5,5,5,True,
SURV0010925,DUD101373,2025-09-13,5,5,5,5,5,5,4,5,5,True,
SURV0010926,DUD101373,2025-10-25,2,3,2,2,2,3,2,1,2,False,
SURV0010927,DUD101373,2025-11-04,4,4,4,4,4,3,4,5,4,True,
SURV0010928,DUD101374,2021-06-07,2,2,2,3,2,2,3,2,3,False,
SURV0010929,DUD101374,2021-07-20,5,5,5,5,5,5,4,5,4,True,
SURV0010930,DUD101374,2021-08-09,3,3,4,4,3,3,2,3,3,False,
SURV0010931,DUD101374,2021-09-09,5,5,5,4,5,5,4,5,4,True,
SURV0010932,DUD101374,2021-10-11,5,4,5,4,5,5,5,5,5,True,
SURV0010933,DUD101374,2021-11-26,4,4,4,3,5,5,4,5,3,True,
SURV0010934,DUD101374,2021-12-26,5,5,4,4,5,5,5,5,5,True,
SURV0010935,DUD101374,2022-01-22,4,4,4,5,3,5,4,4,5,True,
SURV0010936,DUD101374,2022-02-22,4,4,5,3,3,5,4,3,5,True,
SURV0010937,DUD101374,2022-03-03,5,5,5,5,5,5,5,5,5,True,
SURV0010938,DUD101374,2022-04-08,4,4,5,4,4,3,4,3,4,True,
SURV0010939,DUD101374,2022-05-19,3,3,3,2,2,4,2,3,3,False,
SURV0010940,DUD101375,2021-08-28,3,3,4,4,2,3,2,3,4,False,
SURV0010941,DUD101375,2021-09-12,3,3,3,2,2,2,2,4,3,False,
SURV0010942,DUD101375,2021-10-14,5,5,5,5,5,5,5,4,5,True,
SURV0010943,DUD101375,2021-11-21,5,5,5,5,5,4,5,5,5,True,
SURV0010944,DUD101375,2021-12-24,5,5,5,5,4,5,4,5,5,True,
SURV0010945,DUD101375,2022-01-18,4,3,4,4,3,4,4,5,3,True,
SURV0010946,DUD101375,2022-02-13,5,5,5,4,5,5,4,5,5,True,
SURV0010947,DUD101375,2022-03-16,4,5,4,4,4,4,4,5,4,True,
SURV0010948,DUD101375,2022-04-14,5,5,5,4,5,5,5,5,4,True,
SURV0010949,DUD101375,2022-05-07,4,4,5,4,3,3,4,4,4,True,
SURV0010950,DUD101375,2022-06-12,4,4,4,4,4,3,4,4,4,True,
SURV0010951,DUD101376,2021-04-18,4,4,4,4,4,5,4,3,5,True,
SURV0010952,DUD101376,2021-05-27,5,5,5,4,5,5,5,4,5,True,
SURV0010953,DUD101376,2021-06-10,5,5,5,5,4,5,5,5,5,True,
SURV0010954,DUD101376,2021-07-01,4,3,5,3,4,3,3,3,4,True,
SURV0010955,DUD101376,2021-08-04,4,5,5,4,5,5,4,5,4,True,
SURV0010956,DUD101376,2021-09-02,5,5,5,5,5,5,5,4,5,True,
SURV0010957,DUD101376,2021-10-26,3,3,4,4,2,3,4,2,3,False,
SURV0010958,DUD101376,2021-11-02,2,2,2,3,2,3,3,2,2,False,
SURV0010959,DUD101377,2021-06-07,2,2,3,1,3,2,2,2,2,False,
SURV0010960,DUD101377,2021-07-02,5,4,5,5,5,4,4,5,5,True,
SURV0010961,DUD101377,2021-08-21,4,5,4,5,4,5,3,4,3,True,
SURV0010962,DUD101377,2021-09-08,4,3,4,4,3,5,4,3,3,True,
SURV0010963,DUD101377,2021-10-24,4,3,3,4,5,3,4,3,5,True,
SURV0010964,DUD101378,2024-08-17,3,4,3,2,2,3,3,3,2,False,
SURV0010965,DUD101378,2024-09-06,2,2,3,2,1,2,2,2,3,False,
SURV0010966,DUD101378,2024-10-11,4,4,5,5,5,4,4,4,4,True,
SURV0010967,DUD101378,2024-11-28,4,4,4,5,5,4,4,5,4,True,
SURV0010968,DUD101378,2024-12-22,4,4,4,3,4,4,5,4,3,True,
SURV0010969,DUD101378,2025-01-28,4,4,4,4,4,4,3,5,4,True,
SURV0010970,DUD101378,2025-02-10,4,4,4,4,4,4,3,4,4,True,
SURV0010971,DUD101379,2024-11-04,5,4,4,5,5,4,5,4,4,True,
SURV0010972,DUD101379,2024-12-21,4,5,3,4,5,5,4,4,4,True,
SURV0010973,DUD101379,2025-01-07,2,2,2,2,2,3,2,2,3,False,
SURV0010974,DUD101379,2025-02-19,4,5,4,5,4,5,4,4,4,True,
SURV0010975,DUD101379,2025-03-14,4,4,4,5,4,5,3,4,4,True,
SURV0010976,DUD101379,2025-04-20,2,2,3,3,2,2,3,1,2,False,
SURV0010977,DUD101379,2025-05-04,4,4,5,4,5,4,3,4,4,True,
SURV0010978,DUD101379,2025-06-09,4,4,4,3,4,5,4,4,4,True,
SURV0010979,DUD101380,2021-10-15,4,4,5,3,3,5,3,5,3,True,
SURV0010980,DUD101380,2021-11-13,4,5,5,3,5,4,3,3,4,True,
SURV0010981,DUD101380,2021-12-18,4,3,5,4,5,4,4,5,3,True,
SURV0010982,DUD101380,2022-01-21,5,5,4,5,5,5,5,4,5,True,
SURV0010983,DUD101381,2024-05-26,3,4,3,3,3,4,4,4,2,False,
SURV0010984,DUD101381,2024-06-27,4,3,3,4,5,3,4,4,4,True,
SURV0010985,DUD101381,2024-07-15,4,4,3,3,4,4,3,3,5,True,
SURV0010986,DUD101381,2024-08-24,4,4,4,3,4,4,4,3,4,True,
SURV0010987,DUD101381,2024-09-10,2,3,2,2,1,2,2,3,2,False,
SURV0010988,DUD101381,2024-10-04,4,3,5,3,4,4,5,4,5,True,
SURV0010989,DUD101381,2024-11-20,4,5,3,4,3,4,3,4,3,True,
SURV0010990,DUD101382,2024-08-15,4,3,4,5,4,3,5,5,4,True,
SURV0010991,DUD101382,2024-09-06,1,1,1,1,1,1,1,1,1,False,
SURV0010992,DUD101382,2024-10-23,5,5,5,5,5,5,5,5,4,True,
SURV0010993,DUD101382,2024-11-04,2,2,2,2,1,2,2,2,2,False,
SURV0010994,DUD101382,2024-12-07,3,2,2,3,4,3,3,3,3,False,
SURV0010995,DUD101383,2023-01-16,4,3,4,4,5,4,5,4,4,True,
SURV0010996,DUD101383,2023-02-17,3,3,2,2,3,4,4,3,2,False,
SURV0010997,DUD101383,2023-03-04,3,3,3,3,3,2,3,3,2,False,
SURV0010998,DUD101383,2023-04-17,3,3,3,2,3,3,2,4,3,False,
SURV0010999,DUD101384,2021-02-04,4,4,4,4,4,5,5,5,4,True,
SURV0011000,DUD101384,2021-03-05,5,5,5,5,4,5,4,5,4,True,
SURV0011001,DUD101384,2021-04-25,4,4,4,5,5,4,4,4,4,True,
SURV0011002,DUD101384,2021-05-22,4,4,4,4,3,3,4,3,4,True,
SURV0011003,DUD101384,2021-06-26,3,3,3,3,3,4,4,3,3,False,
SURV0011004,DUD101384,2021-07-16,3,4,4,3,3,2,2,3,2,False,
SURV0011005,DUD101384,2021-08-07,5,5,5,5,4,5,5,4,5,True,
SURV0011006,DUD101384,2021-09-15,4,3,3,4,4,3,4,4,4,True,
SURV0011007,DUD101384,2021-10-20,3,3,3,3,3,4,3,3,3,False,
SURV0011008,DUD101385,2022-02-04,3,3,3,4,2,4,2,3,3,False,
SURV0011009,DUD101385,2022-03-25,2,1,2,3,3,2,3,3,1,False,
SURV0011010,DUD101385,2022-04-09,4,5,4,3,5,5,4,5,5,True,
SURV0011011,DUD101385,2022-05-13,3,4,2,2,4,3,3,3,3,False,
SURV0011012,DUD101385,2022-06-04,3,3,4,2,3,4,3,2,3,False,
SURV0011013,DUD101385,2022-07-05,5,5,5,5,5,5,5,5,5,True,
SURV0011014,DUD101385,2022-08-16,3,3,3,4,3,3,3,3,2,False,
SURV0011015,DUD101385,2022-09-11,4,4,4,3,3,4,4,4,4,True,
SURV0011016,DUD101386,2024-02-01,4,4,4,5,4,5,4,4,3,True,
SURV0011017,DUD101386,2024-03-01,3,3,4,4,2,3,2,2,2,False,
SURV0011018,DUD101386,2024-04-13,4,3,5,4,4,3,5,3,4,True,
SURV0011019,DUD101386,2024-05-22,4,5,4,4,4,4,3,4,5,True,
SURV0011020,DUD101386,2024-06-26,2,1,1,2,1,2,2,3,2,False,
SURV0011021,DUD101386,2024-07-16,3,3,4,3,3,2,3,4,2,False,
SURV0011022,DUD101386,2024-08-02,3,3,2,3,3,4,3,4,3,False,
SURV0011023,DUD101386,2024-09-06,1,1,1,1,1,2,1,1,2,False,
SURV0011024,DUD101386,2024-10-17,3,4,3,4,2,2,3,2,2,False,
SURV0011025,DUD101386,2024-11-05,4,4,4,5,4,4,3,3,4,True,
SURV0011026,DUD101386,2024-12-26,2,2,1,1,1,2,1,2,1,False,
SURV0011027,DUD101387,2022-07-18,3,3,2,3,4,2,4,4,2,False,
SURV0011028,DUD101387,2022-08-02,4,4,5,5,4,5,5,4,4,True,
SURV0011029,DUD101387,2022-09-20,3,2,3,3,3,4,2,3,2,False,
SURV0011030,DUD101387,2022-10-18,5,5,5,5,5,4,5,4,5,True,
SURV0011031,DUD101387,2022-11-03,4,4,5,3,3,4,3,4,4,True,
SURV0011032,DUD101387,2022-12-19,1,2,2,2,1,1,2,1,1,False,
SURV0011033,DUD101387,2023-01-16,4,4,4,4,4,3,4,4,5,True,
SURV0011034,DUD101387,2023-02-25,4,4,5,4,3,4,4,4,3,True,
SURV0011035,DUD101387,2023-03-16,4,4,3,3,5,5,4,5,4,True,
SURV0011036,DUD101387,2023-04-25,4,4,4,5,4,4,4,4,4,True,
SURV0011037,DUD101387,2023-05-16,4,3,3,5,4,4,3,3,4,True,
SURV0011038,DUD101388,2021-04-22,3,4,3,3,2,2,2,4,2,False,
SURV0011039,DUD101388,2021-05-14,4,3,5,4,3,4,4,4,5,True,
SURV0011040,DUD101388,2021-06-14,2,2,3,2,3,2,2,2,2,False,
SURV0011041,DUD101388,2021-07-27,4,5,3,4,4,4,4,3,4,True,
SURV0011042,DUD101388,2021-08-24,5,4,5,4,4,5,5,5,5,True,
SURV0011043,DUD101389,2024-12-09,4,4,5,4,4,5,4,4,5,True,
SURV0011044,DUD101389,2025-01-26,5,5,5,4,5,5,4,5,4,True,
SURV0011045,DUD101389,2025-02-07,3,2,3,2,3,2,3,3,3,False,
SURV0011046,DUD101389,2025-03-12,3,2,4,2,3,2,3,2,4,False,
SURV0011047,DUD101390,2023-05-05,3,3,3,3,3,2,3,3,3,False,
SURV0011048,DUD101390,2023-06-03,2,3,2,3,1,2,2,1,2,False,
SURV0011049,DUD101390,2023-07-26,3,2,3,2,3,4,4,3,2,False,
SURV0011050,DUD101390,2023-08-25,5,5,4,5,5,5,5,5,4,True,
SURV0011051,DUD101390,2023-09-05,4,4,3,5,3,3,3,3,5,True,
SURV0011052,DUD101390,2023-10-02,1,1,1,1,1,1,1,1,2,False,
SURV0011053,DUD101390,2023-11-19,1,2,1,2,2,1,1,1,1,False,
SURV0011054,DUD101390,2023-12-09,3,3,3,3,3,3,4,2,4,False,
SURV0011055,DUD101390,2024-01-15,5,5,4,5,5,4,5,5,5,True,
SURV0011056,DUD101391,2022-03-19,3,4,3,3,2,3,4,4,3,False,
SURV0011057,DUD101391,2022-04-17,3,3,3,2,2,2,3,3,3,False,
SURV0011058,DUD101391,2022-05-28,3,3,4,2,3,3,2,2,2,False,
SURV0011059,DUD101391,2022-06-01,4,4,3,4,4,3,4,4,4,True,
SURV0011060,DUD101391,2022-07-18,4,3,4,3,4,4,4,4,5,True,
SURV0011061,DUD101391,2022-08-03,4,3,4,3,4,5,5,5,4,True,
SURV0011062,DUD101391,2022-09-27,4,4,4,5,5,4,5,3,3,True,
SURV0011063,DUD101391,2022-10-28,4,3,3,3,4,4,3,4,3,True,
SURV0011064,DUD101391,2022-11-28,5,5,4,4,5,4,5,5,5,True,
SURV0011065,DUD101392,2022-08-18,2,2,2,3,3,2,1,2,2,False,
SURV0011066,DUD101392,2022-09-20,2,2,2,1,1,1,1,1,3,False,
SURV0011067,DUD101392,2022-10-23,3,3,4,3,3,3,3,3,2,False,
SURV0011068,DUD101392,2022-11-20,5,5,5,5,5,4,5,5,4,True,
SURV0011069,DUD101392,2022-12-22,1,2,2,1,2,1,1,1,2,False,
SURV0011070,DUD101392,2023-01-16,4,3,4,4,4,4,4,4,4,True,
SURV0011071,DUD101392,2023-02-25,4,5,4,4,5,4,4,4,3,True,
SURV0011072,DUD101392,2023-03-11,4,4,3,3,4,5,4,5,3,True,
SURV0011073,DUD101393,2024-05-15,3,3,3,2,4,3,4,4,3,False,
SURV0011074,DUD101393,2024-06-15,3,3,3,3,3,2,4,3,3,False,
SURV0011075,DUD101393,2024-07-01,4,3,5,5,4,3,4,3,4,True,
SURV0011076,DUD101393,2024-08-03,4,4,4,4,4,5,4,4,4,True,
SURV0011077,DUD101393,2024-09-28,1,2,1,1,1,1,1,1,1,False,
SURV0011078,DUD101393,2024-10-09,2,2,3,2,3,2,3,3,2,False,
SURV0011079,DUD101393,2024-11-24,4,4,3,4,5,4,5,4,4,True,
SURV0011080,DUD101393,2024-12-18,4,4,3,4,4,3,5,3,5,True,
SURV0011081,DUD101393,2025-01-26,4,3,4,4,3,4,3,5,4,True,
SURV0011082,DUD101393,2025-02-27,5,5,5,4,5,5,5,5,4,True,
SURV0011083,DUD101393,2025-03-07,3,3,4,3,3,2,3,3,3,False,
SURV0011084,DUD101394,2022-03-25,3,3,4,2,3,4,2,3,3,False,
SURV0011085,DUD101394,2022-04-01,3,3,4,4,3,4,2,2,4,False,
SURV0011086,DUD101394,2022-05-06,3,3,3,3,3,3,3,2,2,False,
SURV0011087,DUD101394,2022-06-01,4,4,5,3,4,4,4,3,4,True,
SURV0011088,DUD101395,2021-11-26,5,5,5,5,5,5,5,5,5,True,
SURV0011089,DUD101395,2021-12-27,2,3,2,2,2,2,2,1,2,False,
SURV0011090,DUD101395,2022-01-06,4,3,3,5,5,4,3,3,3,True,
SURV0011091,DUD101395,2022-02-15,2,3,3,3,2,1,2,3,2,False,
SURV0011092,DUD101395,2022-03-24,5,5,5,5,5,5,5,5,5,True,
SURV0011093,DUD101395,2022-04-11,4,5,4,4,5,4,4,4,5,True,
SURV0011094,DUD101395,2022-05-01,4,3,4,5,4,4,4,4,3,True,
SURV0011095,DUD101395,2022-06-24,5,5,5,5,4,5,5,4,5,True,
SURV0011096,DUD101395,2022-07-27,5,5,5,5,4,5,5,5,5,True,
SURV0011097,DUD101395,2022-08-07,3,4,3,4,2,2,2,3,3,False,
SURV0011098,DUD101396,2021-09-02,4,5,4,4,4,4,3,4,4,True,
SURV0011099,DUD101396,2021-10-04,2,2,1,1,2,2,2,2,2,False,
SURV0011100,DUD101396,2021-11-28,3,3,4,3,4,4,3,3,2,False,
SURV0011101,DUD101396,2021-12-08,5,5,5,5,5,5,4,5,4,True,
SURV0011102,DUD101396,2022-01-09,5,5,5,5,5,5,5,5,5,True,
SURV0011103,DUD101396,2022-02-14,4,3,4,3,5,4,4,4,3,True,
SURV0011104,DUD101396,2022-03-16,3,4,3,4,4,3,3,3,4,False,
SURV0011105,DUD101396,2022-04-22,5,5,4,5,4,4,5,5,5,True,
SURV0011106,DUD101396,2022-05-26,4,4,3,4,3,5,4,4,5,True,
SURV0011107,DUD101397,2023-07-04,5,4,5,5,5,4,5,5,5,True,
SURV0011108,DUD101397,2023-08-12,3,3,3,3,4,4,2,2,4,False,
SURV0011109,DUD101397,2023-09-13,3,3,3,3,2,2,2,2,2,False,
SURV0011110,DUD101397,2023-10-24,4,3,4,5,5,3,4,3,4,True,
SURV0011111,DUD101397,2023-11-20,2,1,2,1,1,1,1,2,3,False,
SURV0011112,DUD101397,2023-12-26,4,3,4,4,4,4,5,5,3,True,
SURV0011113,DUD101397,2024-01-01,4,3,4,5,3,4,4,4,3,True,
SURV0011114,DUD101397,2024-02-12,5,5,5,5,5,5,4,5,5,True,
SURV0011115,DUD101397,2024-03-25,3,3,3,4,3,3,4,4,4,False,
SURV0011116,DUD101397,2024-04-25,4,4,3,4,5,4,5,4,3,True,
SURV0011117,DUD101398,2021-08-25,5,5,5,5,5,5,5,5,5,True,
SURV0011118,DUD101398,2021-09-26,3,3,3,3,3,2,3,2,4,False,
SURV0011119,DUD101398,2021-10-24,5,5,5,5,5,4,5,5,5,True,
SURV0011120,DUD101398,2021-11-28,3,3,2,3,3,2,3,3,3,False,
SURV0011121,DUD101398,2021-12-27,2,2,2,3,3,3,1,2,3,False,
SURV0011122,DUD101398,2022-01-14,4,4,3,4,4,3,4,5,4,True,
SURV0011123,DUD101398,2022-02-23,1,2,1,1,1,1,1,1,1,False,
SURV0011124,DUD101399,2022-02-13,4,4,5,3,4,3,4,4,4,True,
SURV0011125,DUD101399,2022-03-19,4,4,5,4,3,4,5,5,4,True,
SURV0011126,DUD101399,2022-04-15,3,3,3,4,2,3,3,2,2,False,
SURV0011127,DUD101399,2022-05-04,2,3,3,2,2,1,2,2,2,False,
SURV0011128,DUD101399,2022-06-12,5,5,5,4,5,5,4,5,5,True,
SURV0011129,DUD101399,2022-07-09,4,4,4,4,4,3,5,5,3,True,
SURV0011130,DUD101399,2022-08-18,1,1,2,1,1,1,1,2,1,False,
SURV0011131,DUD101399,2022-09-11,3,3,3,2,2,3,4,4,4,False,
SURV0011132,DUD101400,2022-06-06,3,3,3,3,3,3,3,3,2,False,
SURV0011133,DUD101400,2022-07-25,4,5,4,3,5,4,4,4,5,True,
SURV0011134,DUD101400,2022-08-20,3,4,3,3,2,4,2,2,2,False,
SURV0011135,DUD101400,2022-09-05,5,4,5,4,5,5,4,4,5,True,
SURV0011136,DUD101400,2022-10-22,4,5,4,4,4,4,5,3,5,True,
SURV0011137,DUD101401,2022-11-25,4,4,5,5,5,3,5,4,5,True,
SURV0011138,DUD101401,2022-12-01,3,4,2,3,2,4,4,2,3,False,
SURV0011139,DUD101401,2023-01-09,5,4,5,5,4,5,5,5,5,True,
SURV0011140,DUD101401,2023-02-23,4,5,5,5,5,4,3,5,4,True,
SURV0011141,DUD101401,2023-03-23,3,2,2,3,4,3,4,3,3,False,
SURV0011142,DUD101401,2023-04-22,3,2,2,3,4,3,3,3,4,False,
SURV0011143,DUD101401,2023-05-09,3,3,4,4,4,2,3,3,3,False,
SURV0011144,DUD101401,2023-06-17,4,3,5,5,4,5,4,3,4,True,
SURV0011145,DUD101401,2023-07-23,5,5,5,4,5,5,5,5,5,True,
SURV0011146,DUD101402,2023-08-13,5,5,4,4,5,5,5,4,5,True,
SURV0011147,DUD101402,2023-09-10,5,5,5,5,5,4,4,5,4,True,
SURV0011148,DUD101402,2023-10-20,3,3,3,4,3,2,3,3,3,False,
SURV0011149,DUD101402,2023-11-13,3,3,3,3,3,3,4,2,4,False,
SURV0011150,DUD101403,2022-01-23,3,3,3,2,3,3,3,4,4,False,
SURV0011151,DUD101403,2022-02-19,4,4,3,4,5,5,4,4,4,True,
SURV0011152,DUD101403,2022-03-12,5,5,5,4,4,4,5,5,4,True,
SURV0011153,DUD101403,2022-04-14,5,5,5,5,5,5,5,5,5,True,
SURV0011154,DUD101403,2022-05-16,4,5,3,5,4,4,5,4,4,True,
SURV0011155,DUD101403,2022-06-08,3,3,3,2,4,3,2,2,3,False,
SURV0011156,DUD101403,2022-07-10,2,2,2,3,3,3,2,2,2,False,
SURV0011157,DUD101403,2022-08-27,4,5,5,4,5,3,4,3,5,True,
SURV0011158,DUD101404,2024-12-18,3,3,2,4,3,2,3,3,4,False,
SURV0011159,DUD101404,2025-01-06,4,5,4,4,4,3,5,4,3,True,
SURV0011160,DUD101404,2025-02-27,4,4,4,4,5,4,5,3,4,True,
SURV0011161,DUD101404,2025-03-11,2,1,2,1,3,1,3,1,2,False,
SURV0011162,DUD101405,2024-03-08,5,5,5,5,5,4,5,5,5,True,
SURV0011163,DUD101405,2024-04-28,5,5,5,5,4,5,5,5,4,True,
SURV0011164,DUD101405,2024-05-19,2,2,2,2,1,3,2,3,3,False,
SURV0011165,DUD101405,2024-06-25,4,4,3,5,4,3,4,3,4,True,
SURV0011166,DUD101405,2024-07-09,3,4,4,2,3,2,3,3,3,False,
SURV0011167,DUD101405,2024-08-06,5,5,5,5,4,5,5,4,4,True,
SURV0011168,DUD101405,2024-09-04,4,4,4,4,3,4,3,4,5,True,
SURV0011169,DUD101405,2024-10-09,2,2,2,2,2,1,2,2,2,False,
SURV0011170,DUD101405,2024-11-28,4,5,4,5,4,5,4,3,4,True,
SURV0011171,DUD101405,2024-12-11,3,3,3,3,2,3,2,3,3,False,
SURV0011172,DUD101405,2025-01-08,3,3,4,3,4,3,2,2,3,False,
SURV0011173,DUD101406,2023-02-14,4,4,3,4,4,5,4,4,5,True,
SURV0011174,DUD101406,2023-03-05,2,2,3,2,2,1,2,2,2,False,
SURV0011175,DUD101406,2023-04-26,4,4,4,5,4,3,3,4,5,True,
SURV0011176,DUD101406,2023-05-07,5,5,5,5,5,5,5,5,5,True,
SURV0011177,DUD101406,2023-06-14,3,2,4,3,4,4,3,3,3,False,
SURV0011178,DUD101406,2023-07-16,3,3,3,3,3,3,4,3,2,False,
SURV0011179,DUD101406,2023-08-17,3,4,3,4,3,3,3,2,2,False,
SURV0011180,DUD101406,2023-09-14,3,3,4,2,3,3,4,3,3,False,
SURV0011181,DUD101406,2023-10-11,3,4,3,4,3,3,3,3,3,False,
SURV0011182,DUD101407,2024-09-04,3,3,3,4,3,3,4,3,3,False,
SURV0011183,DUD101407,2024-10-01,2,2,1,2,3,1,2,3,2,False,
SURV0011184,DUD101407,2024-11-18,4,4,4,5,5,5,3,3,4,True,
SURV0011185,DUD101407,2024-12-06,5,5,5,4,5,5,4,5,5,True,
SURV0011186,DUD101407,2025-01-05,4,4,4,5,3,3,5,3,5,True,
SURV0011187,DUD101407,2025-02-24,4,5,3,3,5,4,4,5,5,True,
SURV0011188,DUD101407,2025-03-01,5,4,5,5,5,5,5,5,5,True,
SURV0011189,DUD101408,2022-04-02,3,3,3,4,2,2,3,4,4,False,
SURV0011190,DUD101408,2022-05-01,3,2,3,2,4,3,2,3,4,False,
SURV0011191,DUD101408,2022-06-25,4,4,4,5,4,3,3,5,5,True,
SURV0011192,DUD101408,2022-07-04,3,3,3,3,3,4,4,2,4,False,
SURV0011193,DUD101408,2022-08-28,4,4,3,4,4,5,4,5,3,True,
SURV0011194,DUD101408,2022-09-11,5,5,5,4,5,5,5,5,5,True,
SURV0011195,DUD101408,2022-10-05,4,4,3,4,4,5,3,4,3,True,
SURV0011196,DUD101408,2022-11-06,4,3,4,3,3,4,3,5,5,True,
SURV0011197,DUD101408,2022-12-24,5,5,4,5,4,5,5,5,4,True,
SURV0011198,DUD101408,2023-01-24,5,4,4,5,5,5,5,5,4,True,
SURV0011199,DUD101408,2023-02-28,4,3,4,4,5,4,5,3,4,True,
SURV0011200,DUD101408,2023-03-23,5,5,5,5,4,5,5,5,5,True,
SURV0011201,DUD101409,2023-09-07,4,4,5,5,4,4,3,4,4,True,
SURV0011202,DUD101409,2023-10-24,1,1,2,2,1,1,2,1,2,False,
SURV0011203,DUD101409,2023-11-05,4,4,3,5,3,3,5,5,5,True,
SURV0011204,DUD101409,2023-12-13,3,4,3,4,3,2,4,3,2,False,
SURV0011205,DUD101409,2024-01-08,4,3,5,4,5,4,5,5,4,True,
SURV0011206,DUD101409,2024-02-20,4,3,5,4,4,4,5,4,4,True,
SURV0011207,DUD101409,2024-03-22,5,5,4,4,5,4,5,5,4,True,
SURV0011208,DUD101409,2024-04-21,3,3,3,3,3,4,3,2,3,False,
SURV0011209,DUD101409,2024-05-06,3,3,2,3,4,3,2,2,3,False,
SURV0011210,DUD101410,2024-12-20,4,4,5,5,4,4,4,3,3,True,
SURV0011211,DUD101410,2025-01-19,4,5,5,4,5,4,4,3,5,True,
SURV0011212,DUD101410,2025-02-03,4,4,3,5,4,3,3,4,4,True,
SURV0011213,DUD101410,2025-03-24,3,4,4,3,4,3,3,4,4,False,
SURV0011214,DUD101410,2025-04-19,4,5,5,4,3,3,5,5,3,True,
SURV0011215,DUD101410,2025-05-27,1,1,1,1,2,1,1,1,1,False,
SURV0011216,DUD101410,2025-06-18,3,2,3,4,3,3,3,3,2,False,
SURV0011217,DUD101411,2022-08-15,4,4,3,4,4,3,4,5,4,True,
SURV0011218,DUD101411,2022-09-05,3,3,4,2,3,3,3,4,3,False,
SURV0011219,DUD101411,2022-10-24,5,5,5,4,5,5,5,4,4,True,
SURV0011220,DUD101411,2022-11-10,3,3,2,2,3,4,3,3,3,False,
SURV0011221,DUD101411,2022-12-11,5,5,4,5,4,5,5,4,5,True,
SURV0011222,DUD101411,2023-01-21,4,4,3,3,4,5,4,5,4,True,
SURV0011223,DUD101411,2023-02-17,2,2,2,2,1,3,2,1,3,False,
SURV0011224,DUD101411,2023-03-21,4,3,3,5,3,4,5,5,4,True,
SURV0011225,DUD101411,2023-04-18,4,4,4,3,3,3,3,4,5,True,
SURV0011226,DUD101412,2022-12-10,5,5,5,5,5,5,4,5,5,True,
SURV0011227,DUD101412,2023-01-11,4,4,5,5,5,4,4,5,3,True,
SURV0011228,DUD101412,2023-02-06,4,3,4,4,5,4,4,4,4,True,
SURV0011229,DUD101412,2023-03-19,3,3,3,4,2,2,3,4,4,False,
SURV0011230,DUD101412,2023-04-04,4,3,4,4,3,4,4,4,3,True,
SURV0011231,DUD101412,2023-05-08,4,4,4,4,3,4,4,4,3,True,
SURV0011232,DUD101412,2023-06-06,3,3,3,4,3,3,4,3,2,False,
SURV0011233,DUD101412,2023-07-21,4,4,3,4,4,5,4,5,3,True,
SURV0011234,DUD101412,2023-08-06,5,5,4,4,5,4,4,5,5,True,
SURV0011235,DUD101412,2023-09-09,3,3,2,3,3,3,2,2,3,False,
SURV0011236,DUD101412,2023-10-28,5,5,4,5,5,4,5,5,5,True,
SURV0011237,DUD101412,2023-11-03,4,4,3,4,4,3,3,4,4,True,
SURV0011238,DUD101413,2023-03-25,4,4,5,4,4,3,5,4,5,True,
SURV0011239,DUD101413,2023-04-15,1,1,1,1,2,2,2,2,1,False,
SURV0011240,DUD101413,2023-05-20,3,3,3,4,4,3,3,2,3,False,
SURV0011241,DUD101413,2023-06-14,4,4,5,4,4,5,3,4,4,True,
SURV0011242,DUD101413,2023-07-22,5,5,5,5,5,5,5,5,4,True,
SURV0011243,DUD101413,2023-08-26,2,2,3,2,2,2,2,3,1,False,
SURV0011244,DUD101413,2023-09-27,5,5,5,5,5,5,5,5,5,True,
SURV0011245,DUD101414,2023-02-25,4,4,5,5,4,4,4,4,4,True,
SURV0011246,DUD101414,2023-03-10,5,5,5,5,5,5,5,4,5,True,
SURV0011247,DUD101414,2023-04-10,3,3,2,2,4,2,4,4,3,False,
SURV0011248,DUD101414,2023-05-09,5,5,5,4,5,5,4,5,4,True,
SURV0011249,DUD101415,2021-07-05,4,3,4,4,5,5,4,4,4,True,
SURV0011250,DUD101415,2021-08-19,4,4,5,4,3,5,4,3,5,True,
SURV0011251,DUD101415,2021-09-15,3,3,3,3,3,2,3,3,4,False,
SURV0011252,DUD101415,2021-10-01,4,4,3,4,3,3,4,5,4,True,
SURV0011253,DUD101416,2022-07-03,3,2,2,4,4,3,4,3,2,False,
SURV0011254,DUD101416,2022-08-26,4,3,4,3,5,3,5,4,3,True,
SURV0011255,DUD101416,2022-09-24,3,4,2,4,2,4,3,3,3,False,
SURV0011256,DUD101416,2022-10-11,3,2,3,4,3,3,3,2,4,False,
SURV0011257,DUD101416,2022-11-23,4,5,5,4,5,4,4,3,4,True,
SURV0011258,DUD101416,2022-12-20,4,4,5,3,3,4,4,4,3,True,
SURV0011259,DUD101416,2023-01-08,4,3,5,3,4,3,5,4,3,True,
SURV0011260,DUD101417,2022-11-25,4,4,3,3,4,5,4,4,4,True,
SURV0011261,DUD101417,2022-12-28,5,5,5,5,5,5,4,5,4,True,
SURV0011262,DUD101417,2023-01-12,5,5,4,5,5,5,4,5,4,True,
SURV0011263,DUD101417,2023-02-24,4,4,5,3,4,3,4,4,5,True,
SURV0011264,DUD101418,2022-01-08,5,5,5,4,5,5,5,5,4,True,
SURV0011265,DUD101418,2022-02-23,5,5,5,5,5,5,5,5,5,True,
SURV0011266,DUD101418,2022-03-08,5,4,5,5,4,5,5,4,5,True,
SURV0011267,DUD101418,2022-04-08,5,5,5,5,5,5,4,5,4,True,
SURV0011268,DUD101418,2022-05-23,4,5,4,3,5,5,4,4,4,True,
SURV0011269,DUD101418,2022-06-18,2,3,2,1,2,2,3,2,1,False,
SURV0011270,DUD101418,2022-07-07,4,4,4,3,5,4,4,4,4,True,
SURV0011271,DUD101418,2022-08-27,5,5,5,5,5,5,5,5,5,True,
SURV0011272,DUD101418,2022-09-25,4,4,4,4,5,3,5,3,3,True,
SURV0011273,DUD101418,2022-10-07,5,5,5,5,5,5,5,5,5,True,
SURV0011274,DUD101418,2022-11-20,2,1,3,3,3,2,2,2,2,False,
SURV0011275,DUD101419,2021-10-20,5,5,5,5,4,4,5,4,5,True,
SURV0011276,DUD101419,2021-11-07,3,3,4,3,2,2,2,4,2,False,
SURV0011277,DUD101419,2021-12-08,3,3,3,3,3,2,2,4,3,False,
SURV0011278,DUD101419,2022-01-18,2,1,1,2,1,3,3,2,2,False,
SURV0011279,DUD101419,2022-02-13,4,4,3,3,3,5,4,5,4,True,
SURV0011280,DUD101419,2022-03-20,2,3,2,1,3,2,1,2,1,False,
SURV0011281,DUD101419,2022-04-27,4,3,4,5,4,4,4,5,4,True,
SURV0011282,DUD101419,2022-05-18,3,3,2,4,3,3,4,3,2,False,
SURV0011283,DUD101419,2022-06-27,4,3,5,3,5,3,4,3,3,True,
SURV0011284,DUD101419,2022-07-02,4,4,3,5,4,4,4,4,5,True,
SURV0011285,DUD101419,2022-08-24,3,3,3,4,4,4,2,4,3,False,
SURV0011286,DUD101419,2022-09-28,5,5,5,4,5,5,5,4,4,True,
SURV0011287,DUD101420,2024-11-19,4,3,5,4,4,4,3,4,4,True,
SURV0011288,DUD101420,2024-12-13,4,4,4,3,4,5,3,3,4,True,
SURV0011289,DUD101420,2025-01-04,4,4,4,4,5,5,4,3,5,True,
SURV0011290,DUD101420,2025-02-19,4,4,4,3,3,4,5,5,4,True,
SURV0011291,DUD101420,2025-03-22,4,4,4,4,3,5,4,4,5,True,
SURV0011292,DUD101420,2025-04-22,3,3,3,3,4,3,2,4,4,False,
SURV0011293,DUD101421,2022-10-01,4,3,4,4,3,4,5,5,4,True,
SURV0011294,DUD101421,2022-11-17,3,2,3,2,2,3,4,4,4,False,
SURV0011295,DUD101421,2022-12-08,2,3,1,1,2,3,1,1,2,False,
SURV0011296,DUD101421,2023-01-13,4,3,4,4,5,3,3,5,3,True,
SURV0011297,DUD101421,2023-02-04,4,3,5,3,3,5,3,3,4,True,
SURV0011298,DUD101421,2023-03-24,2,1,2,2,1,1,1,2,2,False,
SURV0011299,DUD101421,2023-04-23,4,5,5,5,4,5,4,4,5,True,
SURV0011300,DUD101421,2023-05-19,3,4,4,3,4,3,4,3,3,False,
SURV0011301,DUD101421,2023-06-07,1,2,2,1,1,1,1,2,1,False,
SURV0011302,DUD101421,2023-07-12,5,5,4,4,5,5,5,5,5,True,
SURV0011303,DUD101422,2024-02-28,4,4,4,4,5,5,4,5,4,True,
SURV0011304,DUD101422,2024-03-15,4,4,5,4,4,5,5,5,4,True,
SURV0011305,DUD101422,2024-04-08,3,3,4,3,3,2,4,3,2,False,
SURV0011306,DUD101422,2024-05-21,3,3,4,3,2,4,3,3,3,False,
SURV0011307,DUD101422,2024-06-28,1,1,2,1,1,2,1,1,1,False,
SURV0011308,DUD101422,2024-07-09,4,5,4,3,4,4,3,5,4,True,
SURV0011309,DUD101422,2024-08-21,2,2,2,2,2,1,1,2,3,False,
SURV0011310,DUD101422,2024-09-28,4,4,4,3,4,3,4,4,3,True,
SURV0011311,DUD101423,2021-07-03,4,5,4,3,5,3,5,4,3,True,
SURV0011312,DUD101423,2021-08-08,4,4,4,4,4,3,4,4,5,True,
SURV0011313,DUD101423,2021-09-18,5,5,5,5,5,5,4,5,5,True,
SURV0011314,DUD101423,2021-10-21,4,4,3,4,4,4,4,4,3,True,
SURV0011315,DUD101423,2021-11-18,4,5,3,4,3,5,5,4,4,True,
SURV0011316,DUD101423,2021-12-09,3,2,4,2,3,2,2,3,3,False,
SURV0011317,DUD101423,2022-01-17,4,4,4,5,4,4,4,4,4,True,
SURV0011318,DUD101423,2022-02-22,5,5,5,5,4,5,5,5,5,True,
SURV0011319,DUD101423,2022-03-27,4,4,4,5,5,4,4,5,4,True,
SURV0011320,DUD101424,2024-07-01,4,4,3,4,4,3,5,5,4,True,
SURV0011321,DUD101424,2024-08-04,2,3,2,2,2,2,2,2,1,False,
SURV0011322,DUD101424,2024-09-08,4,5,3,5,4,4,3,5,4,True,
SURV0011323,DUD101424,2024-10-10,2,2,2,1,2,2,3,2,1,False,
SURV0011324,DUD101424,2024-11-28,3,3,4,2,3,4,3,2,3,False,
SURV0011325,DUD101425,2023-11-08,5,5,5,5,4,5,5,5,4,True,
SURV0011326,DUD101425,2023-12-25,4,3,3,5,4,5,4,3,4,True,
SURV0011327,DUD101425,2024-01-02,4,3,5,5,4,4,3,4,4,True,
SURV0011328,DUD101425,2024-02-26,4,4,4,4,5,5,4,3,4,True,
SURV0011329,DUD101425,2024-03-27,4,4,4,4,4,4,4,4,5,True,
SURV0011330,DUD101425,2024-04-05,3,4,3,3,4,3,3,4,2,False,
SURV0011331,DUD101425,2024-05-07,5,5,4,4,5,4,4,5,5,True,
SURV0011332,DUD101425,2024-06-04,5,5,5,5,5,5,5,5,5,True,
SURV0011333,DUD101425,2024-07-18,4,5,5,4,3,4,3,4,3,True,
SURV0011334,DUD101425,2024-08-20,5,5,5,5,5,5,5,4,5,True,
SURV0011335,DUD101426,2023-11-08,4,3,3,4,4,5,3,3,3,True,
SURV0011336,DUD101426,2023-12-18,4,5,4,4,5,4,3,5,4,True,
SURV0011337,DUD101426,2024-01-28,3,4,2,4,4,4,2,4,3,False,
SURV0011338,DUD101426,2024-02-19,5,5,5,5,4,5,4,5,5,True,
SURV0011339,DUD101426,2024-03-25,2,2,3,2,2,2,2,3,3,False,
SURV0011340,DUD101426,2024-04-25,4,5,3,4,4,4,4,4,3,True,
SURV0011341,DUD101426,2024-05-23,3,3,4,4,4,2,2,3,3,False,
SURV0011342,DUD101426,2024-06-23,3,2,2,4,3,2,3,3,3,False,
SURV0011343,DUD101426,2024-07-19,4,4,5,4,4,4,5,4,3,True,
SURV0011344,DUD101426,2024-08-04,5,5,4,5,4,5,5,5,5,True,
SURV0011345,DUD101426,2024-09-07,1,1,1,2,1,1,1,2,2,False,
SURV0011346,DUD101426,2024-10-12,2,2,2,1,3,2,2,1,3,False,
SURV0011347,DUD101427,2021-07-24,3,3,2,2,3,2,4,3,3,False,
SURV0011348,DUD101427,2021-08-28,5,4,4,4,5,5,5,5,5,True,
SURV0011349,DUD101427,2021-09-22,3,3,3,3,2,2,2,2,4,False,
SURV0011350,DUD101427,2021-10-19,2,2,3,2,2,2,2,3,1,False,
SURV0011351,DUD101427,2021-11-16,4,5,4,3,5,3,4,4,5,True,
SURV0011352,DUD101428,2022-11-17,4,5,4,4,4,5,4,3,3,True,
SURV0011353,DUD101428,2022-12-20,4,3,5,4,5,3,4,4,5,True,
SURV0011354,DUD101428,2023-01-25,5,5,5,4,5,5,5,4,4,True,
SURV0011355,DUD101428,2023-02-17,4,5,4,4,5,3,4,4,4,True,
SURV0011356,DUD101428,2023-03-08,3,4,3,4,3,2,3,3,3,False,
SURV0011357,DUD101428,2023-04-14,4,3,5,4,4,3,5,3,3,True,
SURV0011358,DUD101429,2022-02-19,4,4,3,4,3,4,4,4,5,True,
SURV0011359,DUD101429,2022-03-16,5,5,5,5,5,5,4,5,5,True,
SURV0011360,DUD101429,2022-04-27,2,2,2,2,3,3,3,2,2,False,
SURV0011361,DUD101429,2022-05-15,2,2,3,2,2,3,1,1,2,False,
SURV0011362,DUD101429,2022-06-22,5,4,5,5,4,5,5,5,5,True,
SURV0011363,DUD101429,2022-07-19,1,1,1,1,1,1,1,1,1,False,
SURV0011364,DUD101429,2022-08-11,4,3,4,4,3,5,4,5,4,True,
SURV0011365,DUD101429,2022-09-24,4,4,3,3,4,4,3,4,4,True,
SURV0011366,DUD101429,2022-10-23,3,4,2,2,3,4,2,2,3,False,
SURV0011367,DUD101429,2022-11-23,3,3,4,4,3,2,3,4,2,False,
SURV0011368,DUD101429,2022-12-15,3,4,4,3,4,4,2,4,2,False,
SURV0011369,DUD101429,2023-01-18,3,2,2,3,3,3,4,3,3,False,
SURV0011370,DUD101430,2023-11-21,2,3,3,2,3,1,2,2,2,False,
SURV0011371,DUD101430,2023-12-26,5,5,5,4,5,4,4,5,5,True,
SURV0011372,DUD101430,2024-01-19,4,4,3,5,4,3,3,5,3,True,
SURV0011373,DUD101430,2024-02-23,2,2,3,2,1,1,2,3,1,False,
SURV0011374,DUD101430,2024-03-16,1,1,1,1,2,1,1,1,1,False,
SURV0011375,DUD101430,2024-04-04,4,5,5,4,3,5,5,3,3,True,
SURV0011376,DUD101430,2024-05-24,5,5,5,4,4,5,5,5,5,True,
SURV0011377,DUD101430,2024-06-08,2,2,2,3,1,3,3,2,2,False,
SURV0011378,DUD101430,2024-07-06,4,3,5,4,5,4,3,4,5,True,
SURV0011379,DUD101430,2024-08-25,3,3,3,2,3,4,3,4,4,False,
SURV0011380,DUD101430,2024-09-04,2,3,1,2,2,1,2,3,3,False,
SURV0011381,DUD101430,2024-10-15,4,3,5,5,4,4,5,4,3,True,
SURV0011382,DUD101431,2023-03-12,4,4,4,4,5,5,4,4,3,True,
SURV0011383,DUD101431,2023-04-05,4,5,3,3,4,5,4,5,5,True,
SURV0011384,DUD101431,2023-05-01,2,2,2,2,3,1,1,3,2,False,
SURV0011385,DUD101431,2023-06-22,4,4,4,4,3,3,3,4,5,True,
SURV0011386,DUD101432,2022-03-05,2,2,2,2,3,3,2,2,1,False,
SURV0011387,DUD101432,2022-04-11,5,5,5,5,5,5,5,4,5,True,
SURV0011388,DUD101432,2022-05-16,3,2,2,4,4,3,3,3,2,False,
SURV0011389,DUD101432,2022-06-20,5,5,5,4,5,5,5,5,5,True,
SURV0011390,DUD101432,2022-07-22,5,5,5,5,4,5,4,5,4,True,
SURV0011391,DUD101432,2022-08-22,3,4,3,3,3,4,4,4,3,False,
SURV0011392,DUD101432,2022-09-21,4,4,5,4,5,3,5,4,4,True,
SURV0011393,DUD101432,2022-10-02,4,4,4,5,4,4,5,3,4,True,
SURV0011394,DUD101432,2022-11-27,4,5,5,3,4,4,4,5,4,True,
SURV0011395,DUD101433,2022-01-13,4,4,4,4,4,4,4,5,3,True,
SURV0011396,DUD101433,2022-02-27,2,2,2,2,2,2,2,2,3,False,
SURV0011397,DUD101433,2022-03-11,4,4,4,3,4,4,4,5,5,True,
SURV0011398,DUD101433,2022-04-24,5,5,5,5,4,5,5,5,5,True,
SURV0011399,DUD101433,2022-05-27,5,4,5,5,4,5,5,5,5,True,
SURV0011400,DUD101433,2022-06-14,4,4,4,3,3,5,4,4,4,True,
SURV0011401,DUD101433,2022-07-13,4,4,3,5,3,4,5,5,3,True,
SURV0011402,DUD101434,2023-08-16,4,4,4,5,5,3,3,4,4,True,
SURV0011403,DUD101434,2023-09-18,4,3,3,3,4,5,3,4,4,True,
SURV0011404,DUD101434,2023-10-26,4,4,4,3,3,5,5,3,3,True,
SURV0011405,DUD101434,2023-11-01,4,4,4,3,4,4,4,4,4,True,
SURV0011406,DUD101434,2023-12-11,5,4,5,5,5,4,5,5,5,True,
SURV0011407,DUD101434,2024-01-11,3,3,3,3,4,3,2,3,2,False,
SURV0011408,DUD101434,2024-02-18,4,4,4,4,5,3,4,5,5,True,
SURV0011409,DUD101434,2024-03-16,5,5,5,4,5,4,5,4,4,True,
SURV0011410,DUD101435,2023-12-20,3,2,3,3,3,3,2,3,3,False,
SURV0011411,DUD101435,2024-01-25,2,3,2,2,2,3,1,2,1,False,
SURV0011412,DUD101435,2024-02-11,5,5,4,5,5,5,4,4,5,True,
SURV0011413,DUD101435,2024-03-20,3,2,4,4,3,3,4,4,3,False,
SURV0011414,DUD101435,2024-04-17,3,3,4,3,2,3,3,4,4,False,
SURV0011415,DUD101435,2024-05-22,4,3,3,3,4,3,4,4,4,True,
SURV0011416,DUD101435,2024-06-28,4,4,4,5,5,4,5,3,3,True,
SURV0011417,DUD101436,2021-04-18,4,5,5,5,3,4,3,5,5,True,
SURV0011418,DUD101436,2021-05-07,3,3,3,3,3,3,4,3,2,False,
SURV0011419,DUD101436,2021-06-27,5,5,4,5,5,4,5,5,5,True,
SURV0011420,DUD101436,2021-07-08,1,2,1,1,1,1,1,2,1,False,
SURV0011421,DUD101436,2021-08-22,4,5,5,5,4,3,4,4,3,True,
SURV0011422,DUD101436,2021-09-10,4,3,3,4,3,3,4,3,5,True,
SURV0011423,DUD101436,2021-10-21,4,4,4,5,5,3,5,3,3,True,
SURV0011424,DUD101437,2024-04-07,3,3,4,4,4,3,3,4,2,False,
SURV0011425,DUD101437,2024-05-24,4,3,3,3,3,3,5,5,4,True,
SURV0011426,DUD101437,2024-06-20,1,1,1,1,1,1,1,2,1,False,
SURV0011427,DUD101437,2024-07-01,4,4,5,4,3,5,4,3,4,True,
SURV0011428,DUD101437,2024-08-24,3,3,4,3,2,2,3,2,3,False,
SURV0011429,DUD101438,2023-04-20,4,4,4,4,4,4,4,4,4,True,
SURV0011430,DUD101438,2023-05-19,3,3,3,2,3,4,2,4,3,False,
SURV0011431,DUD101438,2023-06-13,3,4,4,3,3,3,4,4,2,False,
SURV0011432,DUD101438,2023-07-01,4,4,4,4,5,3,4,4,4,True,
SURV0011433,DUD101438,2023-08-05,4,4,4,4,4,4,4,4,4,True,
SURV0011434,DUD101438,2023-09-20,5,4,4,5,5,5,5,5,5,True,
SURV0011435,DUD101438,2023-10-17,3,4,2,4,3,2,2,3,3,False,
SURV0011436,DUD101439,2022-04-15,2,2,3,2,3,2,1,1,1,False,
SURV0011437,DUD101439,2022-05-16,3,2,2,3,3,3,2,4,3,False,
SURV0011438,DUD101439,2022-06-17,4,4,4,4,4,5,4,4,4,True,
SURV0011439,DUD101439,2022-07-23,5,5,4,5,4,5,4,5,5,True,
SURV0011440,DUD101439,2022-08-02,5,5,5,4,5,5,5,5,4,True,
SURV0011441,DUD101439,2022-09-01,2,2,2,2,2,2,2,2,2,False,
SURV0011442,DUD101439,2022-10-26,4,4,5,4,4,4,4,4,3,True,
SURV0011443,DUD101439,2022-11-03,5,4,4,4,4,5,5,5,5,True,
SURV0011444,DUD101439,2022-12-02,2,3,3,2,2,3,2,3,2,False,
SURV0011445,DUD101440,2022-11-06,2,2,1,1,2,1,2,3,1,False,
SURV0011446,DUD101440,2022-12-23,3,4,3,3,3,3,2,2,3,False,
SURV0011447,DUD101440,2023-01-09,1,1,1,2,2,1,2,2,1,False,
SURV0011448,DUD101440,2023-02-04,4,5,4,3,4,5,3,4,3,True,
SURV0011449,DUD101440,2023-03-16,3,4,3,3,2,3,3,2,4,False,
SURV0011450,DUD101440,2023-04-27,5,4,5,5,5,5,5,5,5,True,
SURV0011451,DUD101440,2023-05-28,5,4,4,4,5,5,4,5,5,True,
SURV0011452,DUD101440,2023-06-06,4,4,4,5,4,3,4,5,5,True,
SURV0011453,DUD101440,2023-07-27,5,5,5,5,4,5,5,5,5,True,
SURV0011454,DUD101440,2023-08-08,4,4,4,4,4,5,4,5,5,True,
SURV0011455,DUD101441,2021-04-09,4,3,4,5,4,4,3,4,3,True,
SURV0011456,DUD101441,2021-05-10,5,5,5,5,4,5,5,5,5,True,
SURV0011457,DUD101441,2021-06-23,5,5,5,5,4,5,5,5,4,True,
SURV0011458,DUD101441,2021-07-23,3,2,3,3,3,4,4,4,3,False,
SURV0011459,DUD101441,2021-08-22,4,5,4,5,4,3,3,3,4,True,
SURV0011460,DUD101441,2021-09-18,4,4,5,4,4,4,4,3,5,True,
SURV0011461,DUD101441,2021-10-17,3,3,4,3,2,3,3,4,3,False,
SURV0011462,DUD101442,2024-01-24,4,4,3,3,4,3,4,4,4,True,
SURV0011463,DUD101442,2024-02-17,4,4,3,4,5,3,5,5,4,True,
SURV0011464,DUD101442,2024-03-09,2,2,2,2,2,1,3,2,1,False,
SURV0011465,DUD101442,2024-04-07,4,4,5,5,4,3,3,4,4,True,
SURV0011466,DUD101443,2023-10-28,3,3,4,4,3,4,2,3,3,False,
SURV0011467,DUD101443,2023-11-08,5,5,5,5,5,5,5,5,5,True,
SURV0011468,DUD101443,2023-12-21,4,4,3,4,3,4,4,4,4,True,
SURV0011469,DUD101443,2024-01-06,3,3,2,3,2,3,4,3,4,False,
SURV0011470,DUD101443,2024-02-09,1,2,1,2,1,2,1,1,1,False,
SURV0011471,DUD101443,2024-03-19,4,3,5,5,3,3,4,3,4,True,
SURV0011472,DUD101443,2024-04-27,4,4,4,5,5,5,3,3,5,True,
SURV0011473,DUD101443,2024-05-22,2,2,2,2,3,2,3,2,3,False,
SURV0011474,DUD101443,2024-06-11,5,5,5,5,5,5,5,5,4,True,
SURV0011475,DUD101443,2024-07-25,1,1,2,2,2,1,1,1,1,False,
SURV0011476,DUD101443,2024-08-21,3,4,4,3,2,2,2,4,3,False,
SURV0011477,DUD101444,2021-03-28,2,3,3,2,2,2,2,1,3,False,
SURV0011478,DUD101444,2021-04-04,5,5,4,4,4,5,5,5,5,True,
SURV0011479,DUD101444,2021-05-02,3,3,2,3,4,4,4,3,3,False,
SURV0011480,DUD101444,2021-06-28,5,5,4,5,5,5,5,4,5,True,
SURV0011481,DUD101444,2021-07-02,4,5,4,3,4,3,4,5,5,True,
SURV0011482,DUD101444,2021-08-21,3,3,3,3,3,3,3,4,3,False,
SURV0011483,DUD101444,2021-09-07,4,4,3,5,3,5,4,4,4,True,
SURV0011484,DUD101444,2021-10-06,3,3,3,2,2,3,4,4,2,False,
SURV0011485,DUD101444,2021-11-07,4,3,4,4,4,4,4,4,3,True,
SURV0011486,DUD101444,2021-12-11,3,3,3,3,3,4,3,2,2,False,
SURV0011487,DUD101445,2024-05-08,3,3,2,3,4,4,3,3,4,False,
SURV0011488,DUD101445,2024-06-17,5,5,5,4,4,4,4,5,5,True,
SURV0011489,DUD101445,2024-07-20,4,4,5,3,4,4,4,4,4,True,
SURV0011490,DUD101445,2024-08-24,5,5,5,5,4,5,5,5,5,True,
SURV0011491,DUD101445,2024-09-16,5,5,5,5,5,5,4,5,5,True,
SURV0011492,DUD101445,2024-10-11,3,3,3,3,3,4,2,4,2,False,
SURV0011493,DUD101445,2024-11-01,4,3,5,5,4,5,4,4,3,True,
SURV0011494,DUD101445,2024-12-24,2,2,1,3,1,2,2,1,2,False,
SURV0011495,DUD101446,2023-12-14,3,3,4,3,3,4,3,3,4,False,
SURV0011496,DUD101446,2024-01-11,3,4,2,2,3,4,3,2,3,False,
SURV0011497,DUD101446,2024-02-22,3,4,3,3,2,2,3,3,4,False,
SURV0011498,DUD101446,2024-03-26,5,5,5,5,5,4,5,5,5,True,
SURV0011499,DUD101446,2024-04-03,4,4,4,4,4,4,4,4,3,True,
SURV0011500,DUD101446,2024-05-01,1,1,1,1,1,1,1,2,2,False,
SURV0011501,DUD101446,2024-06-25,4,3,4,4,4,3,3,3,5,True,
SURV0011502,DUD101446,2024-07-03,3,2,3,4,4,3,2,3,3,False,
SURV0011503,DUD101446,2024-08-19,4,4,5,3,4,4,5,4,4,True,
SURV0011504,DUD101446,2024-09-08,2,2,2,1,2,2,1,2,1,False,
SURV0011505,DUD101446,2024-10-26,3,2,2,3,3,3,3,3,3,False,
SURV0011506,DUD101447,2024-11-15,4,4,4,4,3,3,4,3,5,True,
SURV0011507,DUD101447,2024-12-01,3,3,2,3,3,4,3,3,3,False,
SURV0011508,DUD101447,2025-01-07,2,3,3,2,3,3,3,1,3,False,
SURV0011509,DUD101447,2025-02-02,3,3,3,3,4,4,3,4,3,False,
SURV0011510,DUD101447,2025-03-14,2,1,2,3,2,3,3,1,3,False,
SURV0011511,DUD101447,2025-04-10,4,4,3,4,5,4,3,5,4,True,
SURV0011512,DUD101447,2025-05-10,3,3,2,3,3,4,3,3,2,False,
SURV0011513,DUD101447,2025-06-02,4,3,4,5,5,5,5,5,3,True,
SURV0011514,DUD101447,2025-07-12,4,4,4,4,3,5,5,4,3,True,
SURV0011515,DUD101447,2025-08-28,3,3,4,2,3,4,3,2,2,False,
SURV0011516,DUD101447,2025-09-16,5,4,5,5,5,4,5,5,5,True,
SURV0011517,DUD101448,2022-04-28,2,3,2,3,2,2,3,2,1,False,
SURV0011518,DUD101448,2022-05-15,3,2,4,2,4,2,2,3,3,False,
SURV0011519,DUD101448,2022-06-25,5,4,5,5,5,5,5,5,5,True,
SURV0011520,DUD101448,2022-07-12,5,5,4,5,5,5,5,5,5,True,
SURV0011521,DUD101448,2022-08-20,4,3,3,3,4,5,5,4,4,True,
SURV0011522,DUD101448,2022-09-27,4,5,5,3,4,3,4,5,3,True,
SURV0011523,DUD101448,2022-10-09,4,4,5,4,4,4,5,4,3,True,
SURV0011524,DUD101448,2022-11-26,5,5,5,4,5,5,4,5,5,True,
SURV0011525,DUD101448,2022-12-12,3,3,3,3,3,3,3,3,2,False,
SURV0011526,DUD101448,2023-01-23,4,4,5,4,5,5,5,3,4,True,
SURV0011527,DUD101448,2023-02-09,3,4,4,2,3,3,3,3,3,False,
SURV0011528,DUD101448,2023-03-24,4,4,4,4,4,3,4,4,4,True,
SURV0011529,DUD101449,2023-03-01,3,3,2,4,2,2,3,3,3,False,
SURV0011530,DUD101449,2023-04-28,3,2,4,3,3,2,2,2,4,False,
SURV0011531,DUD101449,2023-05-09,1,1,1,1,1,1,1,2,1,False,
SURV0011532,DUD101449,2023-06-04,3,3,4,3,4,4,4,3,2,False,
SURV0011533,DUD101449,2023-07-15,5,5,5,5,5,5,5,5,5,True,
SURV0011534,DUD101449,2023-08-03,4,4,4,4,4,3,4,5,4,True,
SURV0011535,DUD101449,2023-09-23,4,4,4,5,3,4,5,5,4,True,
SURV0011536,DUD101449,2023-10-28,4,5,4,4,3,4,3,4,4,True,
SURV0011537,DUD101450,2021-02-04,3,2,3,4,3,2,4,3,3,False,
SURV0011538,DUD101450,2021-03-09,5,5,5,5,5,4,5,5,4,True,
SURV0011539,DUD101450,2021-04-18,3,4,3,4,3,3,3,2,4,False,
SURV0011540,DUD101450,2021-05-17,4,5,4,4,3,4,3,4,5,True,
SURV0011541,DUD101450,2021-06-02,3,2,2,3,4,3,3,2,2,False,
SURV0011542,DUD101450,2021-07-16,3,4,2,3,3,2,4,4,4,False,
SURV0011543,DUD101450,2021-08-19,4,4,5,4,3,4,4,3,3,True,
SURV0011544,DUD101450,2021-09-23,5,5,4,4,5,4,4,5,4,True,
SURV0011545,DUD101450,2021-10-15,2,2,2,3,1,2,2,2,3,False,
SURV0011546,DUD101450,2021-11-23,3,3,3,4,3,2,4,2,3,False,
SURV0011547,DUD101450,2021-12-22,2,2,3,1,2,2,1,3,2,False,
SURV0011548,DUD101451,2024-02-26,5,5,5,5,5,4,5,5,5,True,
SURV0011549,DUD101451,2024-03-03,3,4,2,2,3,2,4,3,3,False,
SURV0011550,DUD101451,2024-04-22,4,4,3,5,3,5,5,4,5,True,
SURV0011551,DUD101451,2024-05-23,5,4,4,4,5,5,5,4,4,True,
SURV0011552,DUD101451,2024-06-11,4,3,5,4,4,3,4,4,3,True,
SURV0011553,DUD101451,2024-07-10,1,1,1,2,2,1,1,1,1,False,
SURV0011554,DUD101451,2024-08-05,4,4,4,5,3,4,3,3,4,True,
SURV0011555,DUD101452,2021-02-02,5,5,5,5,4,5,5,5,5,True,
SURV0011556,DUD101452,2021-03-18,2,2,2,1,3,2,3,3,3,False,
SURV0011557,DUD101452,2021-04-02,4,4,4,5,4,4,5,4,4,True,
SURV0011558,DUD101452,2021-05-15,2,3,2,2,2,2,1,2,2,False,
SURV0011559,DUD101452,2021-06-15,4,4,4,3,4,4,3,5,5,True,
SURV0011560,DUD101452,2021-07-15,4,5,5,4,5,3,5,5,4,True,
SURV0011561,DUD101452,2021-08-21,4,5,4,5,5,3,4,5,5,True,
SURV0011562,DUD101452,2021-09-19,4,4,4,4,4,4,5,3,4,True,
SURV0011563,DUD101452,2021-10-20,3,3,3,3,3,4,3,3,3,False,
SURV0011564,DUD101452,2021-11-06,4,3,4,5,4,4,3,5,4,True,
SURV0011565,DUD101453,2024-02-27,4,3,3,4,4,4,4,5,4,True,
SURV0011566,DUD101453,2024-03-10,2,2,2,3,1,2,2,3,3,False,
SURV0011567,DUD101453,2024-04-23,4,3,4,4,4,5,3,4,3,True,
SURV0011568,DUD101453,2024-05-28,1,1,2,2,2,1,1,2,1,False,
SURV0011569,DUD101453,2024-06-01,4,5,4,5,3,4,4,5,4,True,
SURV0011570,DUD101453,2024-07-18,3,2,4,4,3,2,3,3,3,False,
SURV0011571,DUD101453,2024-08-21,3,2,2,3,3,2,3,3,3,False,
SURV0011572,DUD101454,2024-09-08,4,3,4,4,5,3,5,5,5,True,
SURV0011573,DUD101454,2024-10-14,5,5,5,5,5,5,5,4,5,True,
SURV0011574,DUD101454,2024-11-23,3,4,4,4,4,3,3,3,3,False,
SURV0011575,DUD101454,2024-12-20,4,4,4,5,4,3,3,5,5,True,
SURV0011576,DUD101454,2025-01-22,4,4,5,3,5,3,3,3,4,True,
SURV0011577,DUD101454,2025-02-10,4,4,3,3,3,3,3,3,5,True,
SURV0011578,DUD101455,2024-04-13,4,4,5,4,4,5,4,4,5,True,
SURV0011579,DUD101455,2024-05-24,4,3,4,4,4,3,5,3,4,True,
SURV0011580,DUD101455,2024-06-15,3,3,3,4,3,3,3,3,2,False,
SURV0011581,DUD101455,2024-07-01,3,4,3,2,4,3,3,3,3,False,
SURV0011582,DUD101455,2024-08-07,4,3,4,5,4,4,4,3,3,True,
SURV0011583,DUD101455,2024-09-17,3,2,3,3,4,4,3,3,4,False,
SURV0011584,DUD101455,2024-10-04,3,4,3,3,4,4,4,3,4,False,
SURV0011585,DUD101455,2024-11-24,3,4,3,4,3,3,3,4,3,False,
SURV0011586,DUD101455,2024-12-27,4,4,4,4,3,4,4,5,4,True,
SURV0011587,DUD101455,2025-01-28,5,4,5,4,5,5,4,5,5,True,
SURV0011588,DUD101455,2025-02-12,4,4,4,5,4,5,3,4,4,True,
SURV0011589,DUD101456,2021-11-14,4,4,3,4,3,5,3,5,4,True,
SURV0011590,DUD101456,2021-12-24,5,5,5,5,5,5,5,5,5,True,
SURV0011591,DUD101456,2022-01-02,5,5,5,4,5,5,5,5,5,True,
SURV0011592,DUD101456,2022-02-22,5,5,4,5,5,5,5,5,5,True,
SURV0011593,DUD101457,2023-01-11,2,1,2,2,1,3,1,2,2,False,
SURV0011594,DUD101457,2023-02-13,3,4,4,3,2,2,2,4,3,False,
SURV0011595,DUD101457,2023-03-18,3,2,4,4,2,2,4,4,4,False,
SURV0011596,DUD101457,2023-04-25,5,5,5,5,5,4,4,5,5,True,
SURV0011597,DUD101458,2024-05-15,4,5,4,4,5,4,4,4,5,True,
SURV0011598,DUD101458,2024-06-23,4,3,4,4,4,4,4,4,4,True,
SURV0011599,DUD101458,2024-07-09,1,1,1,1,1,1,2,2,1,False,
SURV0011600,DUD101458,2024-08-17,2,2,3,2,2,1,2,2,2,False,
SURV0011601,DUD101458,2024-09-25,3,3,3,3,3,4,2,2,3,False,
SURV0011602,DUD101458,2024-10-14,4,5,4,4,5,4,4,4,5,True,
SURV0011603,DUD101459,2022-02-26,1,2,1,1,1,1,1,1,1,False,
SURV0011604,DUD101459,2022-03-24,5,5,5,5,5,5,5,5,5,True,
SURV0011605,DUD101459,2022-04-16,4,3,4,4,4,5,4,4,5,True,
SURV0011606,DUD101459,2022-05-03,4,4,4,3,5,4,3,4,5,True,
SURV0011607,DUD101459,2022-06-09,3,3,3,4,3,2,4,4,3,False,
SURV0011608,DUD101459,2022-07-23,3,3,3,3,2,3,3,4,3,False,
SURV0011609,DUD101459,2022-08-22,4,4,3,5,5,5,3,4,5,True,
SURV0011610,DUD101459,2022-09-02,4,4,4,4,3,4,3,3,4,True,
SURV0011611,DUD101460,2023-07-26,1,1,1,1,1,2,2,1,1,False,
SURV0011612,DUD101460,2023-08-26,3,4,2,4,4,3,2,3,4,False,
SURV0011613,DUD101460,2023-09-25,3,2,3,4,3,3,3,3,3,False,
SURV0011614,DUD101460,2023-10-06,3,4,4,3,2,3,3,2,2,False,
SURV0011615,DUD101461,2022-11-06,2,3,1,1,2,3,2,3,2,False,
SURV0011616,DUD101461,2022-12-16,1,2,1,1,1,1,1,2,2,False,
SURV0011617,DUD101461,2023-01-01,3,2,2,2,2,2,2,4,3,False,
SURV0011618,DUD101461,2023-02-04,1,1,2,1,1,1,1,2,1,False,
SURV0011619,DUD101461,2023-03-05,3,3,4,3,4,4,3,4,3,False,
SURV0011620,DUD101461,2023-04-08,3,2,3,4,4,2,4,2,3,False,
SURV0011621,DUD101461,2023-05-19,4,3,3,4,4,3,3,3,4,True,
SURV0011622,DUD101461,2023-06-25,4,4,3,4,5,3,3,4,3,True,
SURV0011623,DUD101461,2023-07-17,1,1,1,1,2,2,1,2,1,False,
SURV0011624,DUD101461,2023-08-12,4,3,5,4,4,3,3,5,4,True,
SURV0011625,DUD101461,2023-09-03,4,3,5,4,3,5,3,4,5,True,
SURV0011626,DUD101461,2023-10-03,4,3,4,3,4,5,5,3,3,True,
SURV0011627,DUD101462,2024-07-17,5,4,4,5,5,5,4,5,5,True,
SURV0011628,DUD101462,2024-08-07,3,2,4,4,3,2,2,3,2,False,
SURV0011629,DUD101462,2024-09-21,5,5,4,5,5,5,5,5,5,True,
SURV0011630,DUD101462,2024-10-02,5,5,5,5,4,4,4,5,4,True,
SURV0011631,DUD101462,2024-11-22,4,4,3,5,4,5,4,4,4,True,
SURV0011632,DUD101462,2024-12-02,4,3,4,5,4,4,4,4,5,True,
SURV0011633,DUD101462,2025-01-14,3,3,2,4,3,2,3,3,4,False,
SURV0011634,DUD101462,2025-02-23,4,4,4,5,5,4,5,5,4,True,
SURV0011635,DUD101463,2024-10-07,4,4,4,4,4,5,4,5,5,True,
SURV0011636,DUD101463,2024-11-04,3,4,3,2,3,3,2,4,3,False,
SURV0011637,DUD101463,2024-12-09,5,5,5,5,4,5,4,4,5,True,
SURV0011638,DUD101463,2025-01-27,3,2,2,2,2,3,2,2,3,False,
SURV0011639,DUD101463,2025-02-09,4,3,4,4,5,4,3,4,3,True,
SURV0011640,DUD101463,2025-03-12,2,2,3,2,2,3,2,3,3,False,
SURV0011641,DUD101463,2025-04-04,4,4,4,3,3,5,5,4,4,True,
SURV0011642,DUD101463,2025-05-13,2,2,2,3,3,2,2,1,2,False,
SURV0011643,DUD101463,2025-06-28,4,4,4,4,4,4,4,4,4,True,
SURV0011644,DUD101463,2025-07-14,3,2,4,4,3,2,3,4,2,False,
SURV0011645,DUD101463,2025-08-24,5,4,5,5,4,4,5,5,5,True,
SURV0011646,DUD101464,2022-06-18,4,4,5,4,4,3,5,4,4,True,
SURV0011647,DUD101464,2022-07-14,4,3,5,5,5,4,3,5,4,True,
SURV0011648,DUD101464,2022-08-15,4,3,3,5,3,4,5,4,4,True,
SURV0011649,DUD101464,2022-09-11,4,4,3,3,4,5,4,4,4,True,
SURV0011650,DUD101464,2022-10-03,4,4,4,4,3,5,4,3,3,True,
SURV0011651,DUD101464,2022-11-22,5,5,5,5,5,5,5,5,5,True,
SURV0011652,DUD101465,2021-11-08,2,2,3,2,2,1,2,2,3,False,
SURV0011653,DUD101465,2021-12-28,4,4,4,5,5,4,4,4,4,True,
SURV0011654,DUD101465,2022-01-06,2,2,3,2,2,2,3,3,3,False,
SURV0011655,DUD101465,2022-02-23,4,4,4,4,4,5,4,3,5,True,
SURV0011656,DUD101465,2022-03-25,3,3,2,3,3,3,3,4,3,False,
SURV0011657,DUD101465,2022-04-16,4,5,4,4,4,3,4,5,4,True,
SURV0011658,DUD101465,2022-05-25,2,1,2,1,3,3,2,1,3,False,
SURV0011659,DUD101465,2022-06-23,4,3,4,5,4,4,5,4,4,True,
SURV0011660,DUD101465,2022-07-22,2,1,1,1,2,1,2,2,2,False,
SURV0011661,DUD101465,2022-08-22,4,4,3,4,3,4,4,3,4,True,
SURV0011662,DUD101465,2022-09-13,5,5,4,4,4,4,5,5,5,True,
SURV0011663,DUD101465,2022-10-12,3,4,4,2,4,4,2,3,3,False,
SURV0011664,DUD101466,2022-03-23,4,4,4,4,5,5,3,3,4,True,
SURV0011665,DUD101466,2022-04-03,5,5,4,5,5,5,5,5,4,True,
SURV0011666,DUD101466,2022-05-07,3,3,4,4,4,3,3,3,3,False,
SURV0011667,DUD101466,2022-06-27,4,4,4,4,5,4,4,4,3,True,
SURV0011668,DUD101466,2022-07-21,3,3,3,4,2,3,3,3,2,False,
SURV0011669,DUD101467,2024-07-01,2,3,2,2,2,3,2,2,3,False,
SURV0011670,DUD101467,2024-08-14,2,2,3,3,3,3,2,2,3,False,
SURV0011671,DUD101467,2024-09-22,4,3,5,4,3,5,4,4,3,True,
SURV0011672,DUD101467,2024-10-13,4,4,5,5,5,4,5,3,5,True,
SURV0011673,DUD101467,2024-11-03,1,1,1,1,1,1,2,1,1,False,
SURV0011674,DUD101467,2024-12-16,4,4,4,5,3,3,4,5,4,True,
SURV0011675,DUD101467,2025-01-01,5,4,5,5,5,5,5,5,5,True,
SURV0011676,DUD101468,2023-12-08,5,5,5,4,5,5,4,5,5,True,
SURV0011677,DUD101468,2024-01-13,5,5,4,5,4,5,4,5,5,True,
SURV0011678,DUD101468,2024-02-28,4,4,3,3,4,3,3,4,4,True,
SURV0011679,DUD101468,2024-03-11,4,4,3,4,5,4,3,4,4,True,
SURV0011680,DUD101468,2024-04-28,5,5,5,5,5,4,4,4,5,True,
SURV0011681,DUD101468,2024-05-16,3,3,2,3,3,3,4,2,3,False,
SURV0011682,DUD101468,2024-06-23,4,5,3,5,5,5,3,5,4,True,
SURV0011683,DUD101468,2024-07-12,5,5,4,5,5,5,4,5,5,True,
SURV0011684,DUD101469,2023-01-21,4,3,4,4,3,3,3,3,5,True,
SURV0011685,DUD101469,2023-02-28,4,3,4,3,4,4,5,3,4,True,
SURV0011686,DUD101469,2023-03-13,4,5,5,4,3,4,3,4,4,True,
SURV0011687,DUD101469,2023-04-16,5,4,5,4,5,4,5,4,4,True,
SURV0011688,DUD101469,2023-05-07,2,2,1,3,2,1,1,2,3,False,
SURV0011689,DUD101469,2023-06-11,4,4,4,5,5,3,4,5,4,True,
SURV0011690,DUD101469,2023-07-15,2,2,2,2,2,2,2,1,1,False,
SURV0011691,DUD101469,2023-08-05,1,2,1,1,1,2,1,1,1,False,
SURV0011692,DUD101469,2023-09-02,4,4,3,4,3,3,3,3,4,True,
SURV0011693,DUD101469,2023-10-20,3,3,3,3,3,2,4,3,3,False,
SURV0011694,DUD101469,2023-11-15,5,5,5,5,5,4,5,5,4,True,
SURV0011695,DUD101469,2023-12-22,5,5,5,5,5,5,5,4,5,True,
SURV0011696,DUD101470,2021-09-27,4,5,4,3,3,3,3,4,5,True,
SURV0011697,DUD101470,2021-10-11,4,4,4,3,5,4,4,5,4,True,
SURV0011698,DUD101470,2021-11-26,4,4,5,4,5,5,4,4,4,True,
SURV0011699,DUD101470,2021-12-23,5,5,5,5,5,5,5,4,4,True,
SURV0011700,DUD101470,2022-01-17,4,3,3,3,5,4,5,5,5,True,
SURV0011701,DUD101470,2022-02-20,1,2,1,1,1,1,2,1,1,False,
SURV0011702,DUD101470,2022-03-16,3,2,3,3,2,2,3,4,3,False,
SURV0011703,DUD101471,2023-11-17,2,2,3,1,2,1,2,2,1,False,
SURV0011704,DUD101471,2023-12-24,3,3,2,4,3,3,4,2,4,False,
SURV0011705,DUD101471,2024-01-17,5,4,5,4,4,4,4,5,5,True,
SURV0011706,DUD101471,2024-02-25,3,3,4,3,4,2,2,2,4,False,
SURV0011707,DUD101471,2024-03-02,4,4,3,3,4,4,4,4,4,True,
SURV0011708,DUD101471,2024-04-17,4,3,4,4,5,3,5,3,4,True,
SURV0011709,DUD101471,2024-05-28,5,5,5,5,5,5,5,4,5,True,
SURV0011710,DUD101472,2021-08-09,3,3,2,4,3,4,3,3,3,False,
SURV0011711,DUD101472,2021-09-19,3,3,3,3,3,4,4,3,4,False,
SURV0011712,DUD101472,2021-10-26,3,4,3,3,3,4,3,2,3,False,
SURV0011713,DUD101472,2021-11-11,4,5,5,4,4,4,5,4,4,True,
SURV0011714,DUD101472,2021-12-10,4,3,4,4,5,5,5,5,5,True,
SURV0011715,DUD101473,2021-04-21,3,3,4,4,2,4,2,4,3,False,
SURV0011716,DUD101473,2021-05-28,2,2,2,2,1,2,3,1,3,False,
SURV0011717,DUD101473,2021-06-08,4,4,3,3,4,4,3,4,4,True,
SURV0011718,DUD101473,2021-07-07,4,4,3,5,4,3,5,3,4,True,
SURV0011719,DUD101473,2021-08-12,3,3,2,4,2,2,3,3,2,False,
SURV0011720,DUD101473,2021-09-15,3,2,4,3,4,4,4,3,3,False,
SURV0011721,DUD101473,2021-10-20,4,4,4,4,3,3,3,3,5,True,
SURV0011722,DUD101473,2021-11-25,4,4,5,3,3,3,4,3,3,True,
SURV0011723,DUD101473,2021-12-20,2,3,2,3,1,1,3,1,2,False,
SURV0011724,DUD101473,2022-01-27,4,5,4,4,4,4,3,4,5,True,
SURV0011725,DUD101474,2023-05-22,4,5,4,3,4,5,4,3,5,True,
SURV0011726,DUD101474,2023-06-19,5,5,5,5,5,4,5,5,4,True,
SURV0011727,DUD101474,2023-07-23,4,5,4,5,4,3,3,4,3,True,
SURV0011728,DUD101474,2023-08-06,3,2,3,4,3,4,3,3,3,False,
SURV0011729,DUD101474,2023-09-24,5,4,5,5,4,4,5,4,5,True,
SURV0011730,DUD101474,2023-10-20,5,4,5,5,4,4,5,5,5,True,
SURV0011731,DUD101474,2023-11-25,5,5,5,5,4,5,5,5,4,True,
SURV0011732,DUD101475,2024-10-02,5,5,5,4,5,4,5,5,5,True,
SURV0011733,DUD101475,2024-11-19,5,5,5,4,4,5,5,5,5,True,
SURV0011734,DUD101475,2024-12-04,2,1,3,2,2,1,3,2,2,False,
SURV0011735,DUD101475,2025-01-19,5,5,5,5,4,4,5,5,5,True,
SURV0011736,DUD101475,2025-02-07,3,3,2,2,3,4,2,2,4,False,
SURV0011737,DUD101475,2025-03-04,5,5,5,5,5,5,4,5,5,True,
SURV0011738,DUD101475,2025-04-17,5,4,4,5,5,5,4,5,4,True,
SURV0011739,DUD101475,2025-05-10,3,2,3,2,3,3,3,3,3,False,
SURV0011740,DUD101475,2025-06-03,3,4,3,4,4,2,2,3,3,False,
SURV0011741,DUD101475,2025-07-13,4,4,4,5,4,4,4,4,3,True,
SURV0011742,DUD101475,2025-08-12,5,5,5,5,5,5,5,5,4,True,
SURV0011743,DUD101475,2025-09-25,1,1,1,1,2,1,1,1,2,False,
SURV0011744,DUD101476,2024-07-25,3,4,3,3,4,2,3,3,2,False,
SURV0011745,DUD101476,2024-08-03,4,4,4,4,4,5,5,5,4,True,
SURV0011746,DUD101476,2024-09-16,2,2,1,1,3,3,2,2,3,False,
SURV0011747,DUD101476,2024-10-13,2,2,1,1,3,2,2,3,3,False,
SURV0011748,DUD101476,2024-11-24,4,3,4,3,4,5,3,5,4,True,
SURV0011749,DUD101476,2024-12-22,4,3,3,5,3,4,5,5,3,True,
SURV0011750,DUD101476,2025-01-15,2,2,2,2,1,3,2,3,2,False,
SURV0011751,DUD101476,2025-02-09,4,4,4,4,5,3,5,3,5,True,
SURV0011752,DUD101476,2025-03-25,3,3,3,4,3,2,4,4,4,False,
SURV0011753,DUD101477,2022-11-13,3,3,3,4,2,3,3,4,3,False,
SURV0011754,DUD101477,2022-12-24,4,5,3,5,3,4,4,4,4,True,
SURV0011755,DUD101477,2023-01-07,3,3,3,3,4,2,2,2,2,False,
SURV0011756,DUD101477,2023-02-21,4,3,5,4,3,3,4,4,3,True,
SURV0011757,DUD101477,2023-03-25,3,2,4,3,2,4,3,3,3,False,
SURV0011758,DUD101477,2023-04-16,4,5,4,5,5,4,5,3,4,True,
SURV0011759,DUD101477,2023-05-11,5,5,5,5,5,5,5,4,5,True,
SURV0011760,DUD101477,2023-06-16,3,3,3,2,3,3,3,3,3,False,
SURV0011761,DUD101477,2023-07-01,3,4,3,2,2,3,3,3,2,False,
SURV0011762,DUD101477,2023-08-13,3,3,3,3,3,4,2,3,2,False,
SURV0011763,DUD101477,2023-09-06,4,4,4,5,3,3,4,4,4,True,
SURV0011764,DUD101477,2023-10-09,3,3,2,3,3,4,3,2,3,False,
SURV0011765,DUD101478,2022-04-22,4,4,4,3,5,3,5,4,4,True,
SURV0011766,DUD101478,2022-05-06,2,1,3,1,3,1,2,3,3,False,
SURV0011767,DUD101478,2022-06-06,4,4,4,4,5,4,4,4,3,True,
SURV0011768,DUD101478,2022-07-05,4,4,5,3,5,5,4,4,3,True,
SURV0011769,DUD101478,2022-08-10,5,5,5,5,5,5,5,4,5,True,
SURV0011770,DUD101478,2022-09-27,4,3,3,5,5,4,4,5,4,True,
SURV0011771,DUD101478,2022-10-14,3,3,3,3,4,4,3,2,2,False,
SURV0011772,DUD101478,2022-11-28,4,4,3,4,4,4,4,3,4,True,
SURV0011773,DUD101478,2022-12-26,3,2,3,3,3,2,3,3,2,False,
SURV0011774,DUD101478,2023-01-02,4,4,3,5,4,3,4,4,4,True,
SURV0011775,DUD101478,2023-02-14,5,5,4,4,5,4,5,4,5,True,
SURV0011776,DUD101479,2022-01-14,2,1,2,1,3,1,2,2,1,False,
SURV0011777,DUD101479,2022-02-09,5,4,4,5,5,5,5,4,5,True,
SURV0011778,DUD101479,2022-03-24,4,4,3,3,5,5,4,3,5,True,
SURV0011779,DUD101479,2022-04-14,4,4,3,3,4,4,5,5,4,True,
SURV0011780,DUD101479,2022-05-01,3,3,4,4,3,2,3,4,3,False,
SURV0011781,DUD101479,2022-06-08,5,5,5,5,4,4,4,5,5,True,
SURV0011782,DUD101479,2022-07-04,5,4,5,5,5,5,5,5,5,True,
SURV0011783,DUD101479,2022-08-14,4,4,4,4,3,4,3,4,4,True,
SURV0011784,DUD101479,2022-09-26,4,4,3,4,4,4,3,5,5,True,
SURV0011785,DUD101479,2022-10-03,4,5,4,4,4,4,3,4,4,True,
SURV0011786,DUD101480,2022-02-28,2,1,3,3,2,2,2,3,1,False,
SURV0011787,DUD101480,2022-03-02,1,1,1,1,1,1,1,1,1,False,
SURV0011788,DUD101480,2022-04-08,4,3,3,3,5,5,5,4,5,True,
SURV0011789,DUD101480,2022-05-19,4,5,4,4,4,5,5,5,3,True,
SURV0011790,DUD101480,2022-06-01,3,3,3,2,4,3,3,2,2,False,
SURV0011791,DUD101480,2022-07-16,1,1,1,1,2,1,2,2,2,False,
SURV0011792,DUD101481,2023-03-05,2,2,1,1,1,3,2,2,2,False,
SURV0011793,DUD101481,2023-04-19,4,5,3,4,4,3,4,5,3,True,
SURV0011794,DUD101481,2023-05-21,4,4,4,4,4,5,4,5,4,True,
SURV0011795,DUD101481,2023-06-23,5,5,4,5,5,5,4,5,4,True,
SURV0011796,DUD101481,2023-07-03,2,2,1,2,3,3,1,2,1,False,
SURV0011797,DUD101481,2023-08-09,4,4,3,3,5,5,5,3,4,True,
SURV0011798,DUD101481,2023-09-14,3,4,4,2,2,3,2,3,2,False,
SURV0011799,DUD101481,2023-10-16,5,5,5,5,5,4,5,5,5,True,
SURV0011800,DUD101482,2023-08-16,4,4,5,5,3,4,4,4,4,True,
SURV0011801,DUD101482,2023-09-27,5,5,5,4,4,5,5,5,5,True,
SURV0011802,DUD101482,2023-10-17,4,5,4,3,4,4,5,4,5,True,
SURV0011803,DUD101482,2023-11-09,4,4,4,4,4,3,3,5,4,True,
SURV0011804,DUD101482,2023-12-08,5,5,5,5,5,5,5,5,5,True,
SURV0011805,DUD101482,2024-01-13,4,4,4,3,5,4,4,5,3,True,
SURV0011806,DUD101483,2024-06-06,5,5,4,5,4,5,5,5,4,True,
SURV0011807,DUD101483,2024-07-18,3,3,4,2,3,3,2,2,4,False,
SURV0011808,DUD101483,2024-08-14,4,4,5,4,3,5,3,4,4,True,
SURV0011809,DUD101483,2024-09-09,4,4,4,3,5,5,3,3,5,True,
SURV0011810,DUD101484,2022-06-08,4,5,3,5,4,5,4,5,4,True,
SURV0011811,DUD101484,2022-07-22,3,3,3,2,2,3,3,3,4,False,
SURV0011812,DUD101484,2022-08-10,5,4,5,5,5,5,4,5,5,True,
SURV0011813,DUD101484,2022-09-13,4,4,5,4,5,4,4,4,4,True,
SURV0011814,DUD101484,2022-10-25,3,4,3,2,3,4,3,3,4,False,
SURV0011815,DUD101484,2022-11-06,4,3,4,5,3,5,3,4,3,True,
SURV0011816,DUD101484,2022-12-20,5,5,5,5,5,5,5,4,4,True,
SURV0011817,DUD101484,2023-01-13,4,4,5,4,5,4,4,4,4,True,
SURV0011818,DUD101484,2023-02-23,3,2,3,3,3,3,3,3,3,False,
SURV0011819,DUD101484,2023-03-14,4,5,3,4,4,3,4,4,4,True,
SURV0011820,DUD101485,2024-06-02,2,2,2,2,2,2,2,2,3,False,
SURV0011821,DUD101485,2024-07-11,4,5,5,3,5,3,4,4,4,True,
SURV0011822,DUD101485,2024-08-07,4,4,4,4,4,3,4,5,4,True,
SURV0011823,DUD101485,2024-09-07,3,3,2,2,3,3,4,3,3,False,
SURV0011824,DUD101485,2024-10-22,5,5,5,5,5,5,4,4,5,True,
SURV0011825,DUD101485,2024-11-19,3,3,4,3,4,4,4,4,3,False,
SURV0011826,DUD101485,2024-12-18,4,5,4,4,4,5,4,3,4,True,
SURV0011827,DUD101485,2025-01-25,2,1,3,3,2,1,2,2,1,False,
SURV0011828,DUD101486,2021-10-19,4,4,4,4,4,5,4,4,3,True,
SURV0011829,DUD101486,2021-11-18,4,4,3,4,5,4,4,4,3,True,
SURV0011830,DUD101486,2021-12-06,4,4,3,5,5,3,5,4,3,True,
SURV0011831,DUD101486,2022-01-03,3,2,3,3,3,3,2,2,3,False,
SURV0011832,DUD101486,2022-02-14,4,4,3,4,4,4,4,3,5,True,
SURV0011833,DUD101486,2022-03-11,4,4,3,5,4,4,4,3,5,True,
SURV0011834,DUD101486,2022-04-24,4,4,5,4,5,4,3,3,3,True,
SURV0011835,DUD101486,2022-05-05,4,4,4,3,4,5,4,4,4,True,
SURV0011836,DUD101487,2024-09-17,4,4,5,4,4,3,4,4,4,True,
SURV0011837,DUD101487,2024-10-04,3,3,3,3,4,3,3,2,3,False,
SURV0011838,DUD101487,2024-11-20,4,4,4,4,3,4,4,5,4,True,
SURV0011839,DUD101487,2024-12-25,3,4,3,3,4,2,4,3,3,False,
SURV0011840,DUD101487,2025-01-28,5,4,4,5,4,5,5,5,5,True,
SURV0011841,DUD101487,2025-02-01,4,4,4,3,3,4,4,5,5,True,
SURV0011842,DUD101487,2025-03-08,4,3,5,3,3,3,5,4,5,True,
SURV0011843,DUD101487,2025-04-05,5,5,4,4,5,5,5,5,5,True,
SURV0011844,DUD101487,2025-05-09,4,4,3,4,5,4,4,3,4,True,
SURV0011845,DUD101487,2025-06-06,3,3,3,2,4,2,3,3,3,False,
SURV0011846,DUD101487,2025-07-20,5,4,4,5,5,4,5,4,4,True,
SURV0011847,DUD101487,2025-08-05,5,5,5,5,5,5,5,5,4,True,
SURV0011848,DUD101488,2024-11-16,4,4,4,5,4,5,4,4,5,True,
SURV0011849,DUD101488,2024-12-21,3,4,3,4,2,3,4,4,4,False,
SURV0011850,DUD101488,2025-01-25,3,3,2,4,3,3,4,3,3,False,
SURV0011851,DUD101488,2025-02-15,3,3,2,3,4,3,2,4,3,False,
SURV0011852,DUD101488,2025-03-27,5,4,4,5,5,5,5,5,5,True,
SURV0011853,DUD101488,2025-04-22,4,3,5,4,4,4,4,4,3,True,
SURV0011854,DUD101488,2025-05-02,5,4,5,4,5,5,4,5,5,True,
SURV0011855,DUD101488,2025-06-21,1,2,2,1,2,1,2,1,1,False,
SURV0011856,DUD101489,2023-08-25,4,3,4,4,3,3,5,4,4,True,
SURV0011857,DUD101489,2023-09-05,3,3,3,3,2,4,3,3,3,False,
SURV0011858,DUD101489,2023-10-19,4,4,4,4,3,5,5,5,4,True,
SURV0011859,DUD101489,2023-11-22,4,4,4,4,4,4,4,5,5,True,
SURV0011860,DUD101489,2023-12-17,4,3,4,3,4,3,5,3,5,True,
SURV0011861,DUD101490,2021-10-01,1,2,1,1,1,1,2,2,2,False,
SURV0011862,DUD101490,2021-11-25,5,5,5,5,4,5,5,5,5,True,
SURV0011863,DUD101490,2021-12-12,4,3,4,4,5,5,3,3,3,True,
SURV0011864,DUD101490,2022-01-15,4,4,5,4,3,4,4,4,3,True,
SURV0011865,DUD101490,2022-02-04,4,4,4,5,5,4,3,3,4,True,
SURV0011866,DUD101490,2022-03-20,4,4,5,4,3,3,5,3,4,True,
SURV0011867,DUD101490,2022-04-02,2,3,2,1,2,3,1,1,1,False,
SURV0011868,DUD101490,2022-05-12,3,3,4,3,4,2,4,2,3,False,
SURV0011869,DUD101491,2024-08-28,4,4,5,5,5,4,3,4,3,True,
SURV0011870,DUD101491,2024-09-21,4,4,5,5,4,4,4,5,4,True,
SURV0011871,DUD101491,2024-10-11,4,4,4,4,3,5,5,3,5,True,
SURV0011872,DUD101491,2024-11-25,4,3,4,5,3,5,3,3,5,True,
SURV0011873,DUD101491,2024-12-04,4,4,4,4,3,4,5,5,4,True,
SURV0011874,DUD101491,2025-01-07,4,4,5,4,4,4,3,5,4,True,
SURV0011875,DUD101491,2025-02-14,2,2,2,3,1,1,2,2,2,False,
SURV0011876,DUD101492,2023-07-09,4,3,4,3,3,4,4,3,4,True,
SURV0011877,DUD101492,2023-08-19,4,4,4,4,4,4,3,4,3,True,
SURV0011878,DUD101492,2023-09-26,4,4,5,5,3,4,3,4,4,True,
SURV0011879,DUD101492,2023-10-12,4,5,4,5,3,4,5,5,4,True,
SURV0011880,DUD101492,2023-11-01,4,5,5,4,5,4,4,3,3,True,
SURV0011881,DUD101492,2023-12-07,4,4,3,4,5,3,3,4,5,True,
SURV0011882,DUD101492,2024-01-12,4,4,4,5,5,5,5,3,4,True,
SURV0011883,DUD101492,2024-02-11,4,4,5,4,3,4,3,4,3,True,
SURV0011884,DUD101492,2024-03-02,5,5,5,5,5,4,5,5,5,True,
SURV0011885,DUD101492,2024-04-06,5,4,4,5,5,5,5,4,5,True,
SURV0011886,DUD101492,2024-05-25,3,3,3,4,2,3,3,3,3,False,
SURV0011887,DUD101492,2024-06-05,5,5,5,4,5,5,5,5,5,True,
SURV0011888,DUD101493,2024-03-28,4,5,4,3,4,4,3,4,4,True,
SURV0011889,DUD101493,2024-04-18,5,5,5,5,4,4,5,5,5,True,
SURV0011890,DUD101493,2024-05-26,2,3,2,3,1,2,2,3,1,False,
SURV0011891,DUD101493,2024-06-22,5,4,4,4,5,5,5,4,4,True,
SURV0011892,DUD101493,2024-07-09,4,3,3,4,3,4,5,4,5,True,
SURV0011893,DUD101493,2024-08-22,4,4,5,4,3,5,3,3,4,True,
SURV0011894,DUD101493,2024-09-19,4,4,3,3,4,5,4,5,4,True,
SURV0011895,DUD101493,2024-10-17,5,5,5,5,5,4,5,5,5,True,
SURV0011896,DUD101493,2024-11-14,4,4,3,3,5,3,4,4,4,True,
SURV0011897,DUD101494,2022-03-28,5,5,5,5,5,5,5,5,4,True,
SURV0011898,DUD101494,2022-04-04,3,2,3,2,3,3,3,3,4,False,
SURV0011899,DUD101494,2022-05-10,4,3,3,3,5,4,5,5,4,True,
SURV0011900,DUD101494,2022-06-14,5,5,5,5,5,5,5,5,5,True,
SURV0011901,DUD101494,2022-07-20,5,5,5,5,4,5,5,5,5,True,
SURV0011902,DUD101494,2022-08-03,3,3,4,3,3,3,3,2,2,False,
SURV0011903,DUD101494,2022-09-12,3,3,3,3,2,3,3,3,3,False,
SURV0011904,DUD101495,2024-09-13,2,2,1,1,3,2,2,2,2,False,
SURV0011905,DUD101495,2024-10-10,2,2,2,2,3,2,1,3,2,False,
SURV0011906,DUD101495,2024-11-11,4,3,3,3,4,3,4,5,3,True,
SURV0011907,DUD101495,2024-12-05,4,4,4,4,3,4,4,5,4,True,
SURV0011908,DUD101495,2025-01-08,4,4,4,4,3,5,4,4,4,True,
SURV0011909,DUD101495,2025-02-05,2,3,3,1,1,2,1,3,1,False,
SURV0011910,DUD101496,2024-02-25,4,3,4,4,4,4,3,4,4,True,
SURV0011911,DUD101496,2024-03-27,5,5,4,5,5,4,4,4,4,True,
SURV0011912,DUD101496,2024-04-20,2,3,3,2,3,2,2,1,3,False,
SURV0011913,DUD101496,2024-05-06,3,2,3,2,4,3,3,2,4,False,
SURV0011914,DUD101496,2024-06-17,4,4,4,4,5,4,5,3,5,True,
SURV0011915,DUD101496,2024-07-27,4,3,5,5,5,3,5,4,4,True,
SURV0011916,DUD101496,2024-08-03,4,3,4,3,5,4,5,3,5,True,
SURV0011917,DUD101496,2024-09-20,3,3,3,4,4,4,4,4,2,False,
SURV0011918,DUD101496,2024-10-15,5,4,5,5,5,4,5,4,5,True,
SURV0011919,DUD101496,2024-11-22,3,3,2,2,3,3,3,4,4,False,
SURV0011920,DUD101496,2024-12-13,3,3,2,3,2,2,4,3,4,False,
SURV0011921,DUD101496,2025-01-16,4,5,5,4,5,4,4,3,4,True,
SURV0011922,DUD101497,2024-11-11,2,2,2,2,1,2,2,2,1,False,
SURV0011923,DUD101497,2024-12-19,5,5,4,4,4,5,5,4,5,True,
SURV0011924,DUD101497,2025-01-05,5,5,5,5,5,4,5,5,5,True,
SURV0011925,DUD101497,2025-02-13,3,3,3,3,2,2,4,4,2,False,
SURV0011926,DUD101497,2025-03-04,4,4,4,4,4,4,5,4,3,True,
SURV0011927,DUD101497,2025-04-03,5,5,4,5,5,4,4,5,4,True,
SURV0011928,DUD101497,2025-05-06,3,2,4,3,3,2,2,2,3,False,
SURV0011929,DUD101497,2025-06-19,4,3,3,4,3,5,3,3,4,True,
SURV0011930,DUD101497,2025-07-01,4,3,4,5,5,3,4,4,4,True,
SURV0011931,DUD101497,2025-08-13,3,4,3,4,2,2,3,2,3,False,
SURV0011932,DUD101497,2025-09-24,4,4,5,4,4,4,3,5,4,True,
SURV0011933,DUD101498,2024-01-12,3,3,2,2,2,2,2,3,3,False,
SURV0011934,DUD101498,2024-02-22,5,5,5,4,5,5,5,5,5,True,
SURV0011935,DUD101498,2024-03-20,5,5,5,4,4,4,4,5,5,True,
SURV0011936,DUD101498,2024-04-18,4,5,4,3,5,4,5,3,4,True,
SURV0011937,DUD101498,2024-05-14,2,2,1,1,1,3,1,1,3,False,
SURV0011938,DUD101498,2024-06-16,4,5,4,4,3,4,3,5,4,True,
SURV0011939,DUD101499,2023-02-26,2,2,2,2,2,1,2,2,2,False,
SURV0011940,DUD101499,2023-03-10,1,1,1,1,1,1,2,2,1,False,
SURV0011941,DUD101499,2023-04-03,5,5,5,5,5,4,4,4,5,True,
SURV0011942,DUD101499,2023-05-27,2,2,3,2,3,1,2,2,2,False,
SURV0011943,DUD101499,2023-06-17,4,4,3,5,4,4,5,4,3,True,
SURV0011944,DUD101499,2023-07-15,4,4,5,4,4,4,3,4,4,True,
SURV0011945,DUD101500,2023-05-03,3,3,3,2,3,4,3,3,2,False,
SURV0011946,DUD101500,2023-06-19,3,2,2,4,4,2,2,2,3,False,
SURV0011947,DUD101500,2023-07-26,5,5,5,4,4,5,5,5,5,True,
SURV0011948,DUD101500,2023-08-06,4,3,4,4,5,4,4,5,4,True,
SURV0011949,DUD101500,2023-09-26,5,5,5,5,4,5,5,4,5,True,
SURV0011950,DUD101500,2023-10-17,1,1,2,1,1,1,2,1,1,False,
SURV0011951,DUD101500,2023-11-04,4,4,5,3,3,3,3,3,4,True,
SURV0011952,DUD101500,2023-12-27,5,5,4,5,5,5,5,5,5,True,
SURV0011953,DUD101500,2024-01-27,4,4,4,5,5,4,4,5,5,True,
SURV0011954,DUD101500,2024-02-09,5,5,5,4,5,5,5,5,5,True,
SURV0011955,DUD101500,2024-03-04,4,5,4,4,4,3,4,3,3,True,
SURV0011956,DUD101500,2024-04-16,3,3,3,2,3,3,3,4,3,False,
