onboarding_id,employee_id,onboarding_start_date,onboarding_end_date,onboarding_type,onboarding_method,duration_days,completion_status,result,onboarding_satisfaction,notes
ONB000001,DUD100001,2026-07-31,2026-08-20,Experienced Teacher Onboarding,Online,20,Completed,Passed,4,
ONB000002,DUD100002,2024-09-13,,Experienced Teacher Onboarding,In-person,8,Incomplete,Incomplete,,
ONB000003,DUD100003,2021-12-16,2022-01-06,Experienced Teacher Onboarding,In-person,21,Completed,Satisfactory,3,
ONB000004,DUD100004,2023-06-30,2023-07-10,Experienced Teacher Onboarding,Online,10,Completed,Needs Improvement,1,
ONB000005,DUD100005,2021-09-20,,Experienced Teacher Onboarding,Online,18,Incomplete,Incomplete,,
ONB000006,DUD100006,2025-10-29,2025-11-05,Experienced Teacher Onboarding,Hybrid,7,Completed,Needs Improvement,1,
ONB000007,DUD100007,2023-04-04,2023-04-25,Experienced Teacher Onboarding,Online,21,Delayed,Needs Improvement,2,
ONB000008,DUD100008,2024-01-10,2024-01-26,Rehire Onboarding,Online,16,Completed,Passed,4,
ONB000009,DUD100009,2022-04-27,,Experienced Teacher Onboarding,Hybrid,20,Incomplete,Incomplete,,
ONB000010,DUD100010,2022-05-28,,Rehire Onboarding,Hybrid,14,Incomplete,Incomplete,,
ONB000011,DUD100011,2022-01-17,2022-02-06,Rehire Onboarding,In-person,20,Completed,Passed,3,
ONB000012,DUD100012,2021-02-06,,Rehire Onboarding,Hybrid,21,Incomplete,Incomplete,,
ONB000013,DUD100013,2026-04-21,,Standard Teacher Onboarding,In-person,19,Incomplete,Incomplete,,
ONB000014,DUD100014,2022-02-06,2022-02-26,Experienced Teacher Onboarding,Hybrid,20,Completed,Passed,3,
ONB000015,DUD100015,2021-05-18,,Standard Teacher Onboarding,In-person,17,Incomplete,Incomplete,,
ONB000016,DUD100016,2023-08-30,2023-09-16,Rehire Onboarding,Hybrid,17,Completed,Needs Improvement,5,
ONB000017,DUD100017,2025-09-10,2025-09-29,Experienced Teacher Onboarding,In-person,19,Delayed,Needs Improvement,1,
ONB000018,DUD100018,2025-01-24,2025-01-31,Standard Teacher Onboarding,Hybrid,7,Completed,Passed,3,
ONB000019,DUD100019,2024-07-21,2024-08-10,Rehire Onboarding,Online,20,Completed,Needs Improvement,1,
ONB000020,DUD100020,2024-05-19,2024-05-28,Standard Teacher Onboarding,In-person,9,Delayed,Passed,1,
ONB000021,DUD100021,2022-10-16,2022-10-25,Standard Teacher Onboarding,In-person,9,Completed,Satisfactory,3,
ONB000022,DUD100022,2021-03-06,,Standard Teacher Onboarding,In-person,9,Incomplete,Incomplete,,
ONB000023,DUD100023,2024-06-15,,Standard Teacher Onboarding,In-person,18,Incomplete,Incomplete,,
ONB000024,DUD100024,2026-07-17,2026-07-30,Experienced Teacher Onboarding,Online,13,Delayed,Passed,2,
ONB000025,DUD100025,2021-04-20,,Experienced Teacher Onboarding,Online,15,Incomplete,Incomplete,,
ONB000026,DUD100026,2024-10-05,2024-10-26,Experienced Teacher Onboarding,In-person,21,Delayed,Passed,5,
ONB000027,DUD100027,2026-05-22,2026-06-02,Standard Teacher Onboarding,Hybrid,11,Completed,Needs Improvement,3,
ONB000028,DUD100028,2022-05-18,,Standard Teacher Onboarding,In-person,8,Incomplete,Incomplete,,
ONB000029,DUD100029,2022-03-13,2022-03-24,Experienced Teacher Onboarding,Hybrid,11,Delayed,Satisfactory,5,
ONB000030,DUD100030,2023-10-15,2023-11-03,Standard Teacher Onboarding,Online,19,Completed,Passed,2,
ONB000031,DUD100031,2024-05-05,2024-05-15,Rehire Onboarding,Hybrid,10,Completed,Passed,2,
ONB000032,DUD100032,2022-04-16,2022-05-04,Rehire Onboarding,Hybrid,18,Completed,Passed,3,
ONB000033,DUD100033,2022-02-16,2022-03-07,Rehire Onboarding,Hybrid,19,Completed,Passed,4,
ONB000034,DUD100034,2025-05-20,,Standard Teacher Onboarding,Online,19,Incomplete,Incomplete,,
ONB000035,DUD100035,2024-06-08,2024-06-22,Standard Teacher Onboarding,In-person,14,Completed,Satisfactory,5,
ONB000036,DUD100036,2023-03-19,2023-03-26,Standard Teacher Onboarding,Hybrid,7,Completed,Satisfactory,4,
ONB000037,DUD100037,2022-04-19,2022-04-29,Experienced Teacher Onboarding,In-person,10,Completed,Passed,1,
ONB000038,DUD100038,2023-07-09,2023-07-18,Rehire Onboarding,Hybrid,9,Completed,Passed,3,
ONB000039,DUD100039,2026-08-04,2026-08-14,Experienced Teacher Onboarding,Hybrid,10,Completed,Passed,1,
ONB000040,DUD100040,2021-12-12,2022-01-02,Experienced Teacher Onboarding,Online,21,Completed,Passed,1,
ONB000041,DUD100041,2025-03-27,,Experienced Teacher Onboarding,Hybrid,14,Incomplete,Incomplete,,
ONB000042,DUD100042,2022-04-26,2022-05-11,Experienced Teacher Onboarding,In-person,15,Delayed,Needs Improvement,5,
ONB000043,DUD100043,2022-05-11,2022-05-30,Standard Teacher Onboarding,Online,19,Completed,Passed,5,
ONB000044,DUD100044,2021-02-05,2021-02-19,Experienced Teacher Onboarding,Online,14,Completed,Needs Improvement,5,
ONB000045,DUD100045,2025-03-28,2025-04-12,Rehire Onboarding,In-person,15,Completed,Passed,5,
ONB000046,DUD100046,2023-06-10,2023-06-23,Experienced Teacher Onboarding,Hybrid,13,Delayed,Satisfactory,3,
ONB000047,DUD100047,2024-06-27,2024-07-09,Experienced Teacher Onboarding,In-person,12,Completed,Passed,1,
ONB000048,DUD100048,2024-10-04,2024-10-19,Experienced Teacher Onboarding,Hybrid,15,Delayed,Passed,4,
ONB000049,DUD100049,2023-05-13,,Experienced Teacher Onboarding,Hybrid,9,Incomplete,Incomplete,,
ONB000050,DUD100050,2024-09-21,2024-09-28,Standard Teacher Onboarding,In-person,7,Completed,Passed,5,
ONB000051,DUD100051,2024-12-17,2024-12-24,Standard Teacher Onboarding,In-person,7,Completed,Needs Improvement,4,
ONB000052,DUD100052,2024-10-07,,Experienced Teacher Onboarding,Hybrid,15,Incomplete,Incomplete,,
ONB000053,DUD100053,2024-03-03,2024-03-17,Standard Teacher Onboarding,Online,14,Completed,Needs Improvement,4,
ONB000054,DUD100054,2026-03-01,2026-03-22,Experienced Teacher Onboarding,Hybrid,21,Completed,Needs Improvement,1,
ONB000055,DUD100055,2025-08-06,2025-08-18,Standard Teacher Onboarding,In-person,12,Completed,Satisfactory,5,
ONB000056,DUD100056,2026-02-12,2026-02-19,Rehire Onboarding,Online,7,Completed,Needs Improvement,2,
ONB000057,DUD100057,2024-01-25,2024-02-07,Experienced Teacher Onboarding,In-person,13,Delayed,Passed,3,
ONB000058,DUD100058,2021-12-24,2022-01-10,Standard Teacher Onboarding,Online,17,Completed,Satisfactory,3,
ONB000059,DUD100059,2021-08-20,2021-09-01,Standard Teacher Onboarding,Hybrid,12,Completed,Passed,5,
ONB000060,DUD100060,2024-04-11,2024-04-24,Rehire Onboarding,Online,13,Completed,Passed,4,
ONB000061,DUD100061,2025-09-11,,Rehire Onboarding,In-person,9,Incomplete,Incomplete,,
ONB000062,DUD100062,2023-08-01,2023-08-12,Rehire Onboarding,In-person,11,Completed,Satisfactory,4,
ONB000063,DUD100063,2025-10-06,2025-10-21,Rehire Onboarding,In-person,15,Delayed,Passed,2,
ONB000064,DUD100064,2023-07-08,2023-07-28,Experienced Teacher Onboarding,Online,20,Completed,Satisfactory,3,
ONB000065,DUD100065,2023-07-28,2023-08-13,Rehire Onboarding,Hybrid,16,Delayed,Needs Improvement,2,
ONB000066,DUD100066,2026-03-10,2026-03-29,Experienced Teacher Onboarding,Online,19,Completed,Satisfactory,2,
ONB000067,DUD100067,2023-01-11,2023-01-26,Rehire Onboarding,Online,15,Delayed,Satisfactory,5,
ONB000068,DUD100068,2023-06-29,2023-07-07,Rehire Onboarding,Hybrid,8,Completed,Passed,3,
ONB000069,DUD100069,2022-03-12,2022-04-02,Rehire Onboarding,Hybrid,21,Delayed,Passed,3,
ONB000070,DUD100070,2022-05-26,2022-06-07,Experienced Teacher Onboarding,Hybrid,12,Completed,Passed,2,
ONB000071,DUD100071,2021-02-07,2021-02-25,Standard Teacher Onboarding,In-person,18,Completed,Passed,5,
ONB000072,DUD100072,2025-12-23,,Experienced Teacher Onboarding,In-person,12,Incomplete,Incomplete,,
ONB000073,DUD100073,2021-01-25,2021-02-09,Rehire Onboarding,Online,15,Completed,Satisfactory,5,
ONB000074,DUD100074,2021-08-13,,Rehire Onboarding,Hybrid,18,Incomplete,Incomplete,,
ONB000075,DUD100075,2025-11-10,,Rehire Onboarding,In-person,19,Incomplete,Incomplete,,
ONB000076,DUD100076,2021-01-21,,Experienced Teacher Onboarding,Hybrid,11,Incomplete,Incomplete,,
ONB000077,DUD100077,2025-05-11,2025-05-20,Standard Teacher Onboarding,Hybrid,9,Delayed,Satisfactory,1,
ONB000078,DUD100078,2024-03-08,2024-03-25,Experienced Teacher Onboarding,Online,17,Delayed,Passed,4,
ONB000079,DUD100079,2022-04-09,2022-04-30,Standard Teacher Onboarding,Online,21,Completed,Needs Improvement,2,
ONB000080,DUD100080,2026-01-18,,Experienced Teacher Onboarding,In-person,7,Incomplete,Incomplete,,
ONB000081,DUD100081,2022-08-07,,Rehire Onboarding,Hybrid,7,Incomplete,Incomplete,,
ONB000082,DUD100082,2025-02-26,2025-03-12,Experienced Teacher Onboarding,Online,14,Completed,Needs Improvement,5,
ONB000083,DUD100083,2025-06-01,2025-06-15,Standard Teacher Onboarding,Hybrid,14,Completed,Passed,3,
ONB000084,DUD100084,2021-09-01,2021-09-08,Standard Teacher Onboarding,Hybrid,7,Completed,Passed,4,
ONB000085,DUD100085,2023-04-10,,Experienced Teacher Onboarding,Online,14,Incomplete,Incomplete,,
ONB000086,DUD100086,2022-08-28,,Experienced Teacher Onboarding,Hybrid,15,Incomplete,Incomplete,,
ONB000087,DUD100087,2022-04-29,2022-05-17,Experienced Teacher Onboarding,Online,18,Completed,Passed,1,
ONB000088,DUD100088,2022-12-08,2022-12-26,Experienced Teacher Onboarding,Online,18,Delayed,Satisfactory,3,
ONB000089,DUD100089,2024-05-31,2024-06-16,Experienced Teacher Onboarding,Online,16,Completed,Satisfactory,4,
ONB000090,DUD100090,2026-05-28,2026-06-04,Experienced Teacher Onboarding,Hybrid,7,Completed,Needs Improvement,1,
ONB000091,DUD100091,2023-12-27,,Standard Teacher Onboarding,Hybrid,14,Incomplete,Incomplete,,
ONB000092,DUD100092,2023-08-08,2023-08-24,Standard Teacher Onboarding,Hybrid,16,Delayed,Passed,4,
ONB000093,DUD100093,2021-04-06,2021-04-18,Rehire Onboarding,In-person,12,Completed,Passed,4,
ONB000094,DUD100094,2021-02-05,2021-02-21,Experienced Teacher Onboarding,In-person,16,Completed,Passed,5,
ONB000095,DUD100095,2021-12-13,2021-12-26,Rehire Onboarding,Hybrid,13,Delayed,Passed,5,
ONB000096,DUD100096,2025-09-02,2025-09-21,Rehire Onboarding,In-person,19,Completed,Needs Improvement,5,
ONB000097,DUD100097,2022-03-15,,Experienced Teacher Onboarding,In-person,19,Incomplete,Incomplete,,
ONB000098,DUD100098,2024-03-24,,Rehire Onboarding,In-person,20,Incomplete,Incomplete,,
ONB000099,DUD100099,2022-05-01,2022-05-20,Rehire Onboarding,In-person,19,Completed,Satisfactory,2,
ONB000100,DUD100100,2024-06-10,2024-06-29,Experienced Teacher Onboarding,Hybrid,19,Completed,Passed,2,
ONB000101,DUD100101,2026-05-22,,Rehire Onboarding,Online,18,Incomplete,Incomplete,,
ONB000102,DUD100102,2023-10-04,2023-10-20,Rehire Onboarding,Online,16,Completed,Passed,2,
ONB000103,DUD100103,2024-02-24,2024-03-15,Standard Teacher Onboarding,In-person,20,Completed,Satisfactory,3,
ONB000104,DUD100104,2024-08-13,2024-08-23,Experienced Teacher Onboarding,Online,10,Completed,Satisfactory,2,
ONB000105,DUD100105,2021-08-17,2021-09-04,Experienced Teacher Onboarding,Online,18,Completed,Needs Improvement,2,
ONB000106,DUD100106,2025-09-22,,Experienced Teacher Onboarding,In-person,8,Incomplete,Incomplete,,
ONB000107,DUD100107,2021-04-25,2021-05-08,Rehire Onboarding,Online,13,Completed,Passed,1,
ONB000108,DUD100108,2021-07-19,,Standard Teacher Onboarding,In-person,8,Incomplete,Incomplete,,
ONB000109,DUD100109,2025-05-06,2025-05-26,Experienced Teacher Onboarding,In-person,20,Completed,Needs Improvement,2,
ONB000110,DUD100110,2023-07-24,,Experienced Teacher Onboarding,In-person,10,Incomplete,Incomplete,,
ONB000111,DUD100111,2025-10-20,2025-11-09,Rehire Onboarding,In-person,20,Delayed,Passed,1,
ONB000112,DUD100112,2022-07-06,2022-07-20,Rehire Onboarding,Online,14,Completed,Satisfactory,5,
ONB000113,DUD100113,2025-03-15,2025-04-05,Experienced Teacher Onboarding,Online,21,Completed,Needs Improvement,2,
ONB000114,DUD100114,2021-06-08,2021-06-29,Rehire Onboarding,Online,21,Completed,Passed,4,
ONB000115,DUD100115,2025-09-02,2025-09-21,Standard Teacher Onboarding,Hybrid,19,Completed,Satisfactory,1,
ONB000116,DUD100116,2024-11-07,,Experienced Teacher Onboarding,Online,16,Incomplete,Incomplete,,
ONB000117,DUD100117,2025-08-03,,Experienced Teacher Onboarding,Hybrid,13,Incomplete,Incomplete,,
ONB000118,DUD100118,2024-08-08,2024-08-23,Experienced Teacher Onboarding,Hybrid,15,Delayed,Needs Improvement,3,
ONB000119,DUD100119,2022-12-27,2023-01-05,Standard Teacher Onboarding,Hybrid,9,Completed,Satisfactory,5,
ONB000120,DUD100120,2026-04-02,2026-04-13,Experienced Teacher Onboarding,Online,11,Delayed,Needs Improvement,1,
ONB000121,DUD100121,2021-10-30,2021-11-17,Experienced Teacher Onboarding,In-person,18,Completed,Passed,5,
ONB000122,DUD100122,2024-09-28,,Experienced Teacher Onboarding,Hybrid,21,Incomplete,Incomplete,,
ONB000123,DUD100123,2026-06-23,,Experienced Teacher Onboarding,In-person,8,Incomplete,Incomplete,,
ONB000124,DUD100124,2025-07-12,2025-07-26,Standard Teacher Onboarding,In-person,14,Delayed,Passed,2,
ONB000125,DUD100125,2025-09-25,2025-10-09,Rehire Onboarding,Hybrid,14,Completed,Passed,2,
ONB000126,DUD100126,2025-09-24,2025-10-07,Standard Teacher Onboarding,Online,13,Delayed,Passed,2,
ONB000127,DUD100127,2025-10-28,2025-11-14,Standard Teacher Onboarding,Hybrid,17,Delayed,Passed,4,
ONB000128,DUD100128,2025-09-23,2025-10-03,Experienced Teacher Onboarding,Online,10,Delayed,Passed,2,
ONB000129,DUD100129,2022-01-02,2022-01-20,Rehire Onboarding,Hybrid,18,Delayed,Satisfactory,4,
ONB000130,DUD100130,2026-02-03,,Standard Teacher Onboarding,Online,12,Incomplete,Incomplete,,
ONB000131,DUD100131,2023-08-11,,Rehire Onboarding,Hybrid,20,Incomplete,Incomplete,,
ONB000132,DUD100132,2022-09-11,2022-10-01,Rehire Onboarding,Hybrid,20,Completed,Passed,4,
ONB000133,DUD100133,2026-03-25,2026-04-02,Rehire Onboarding,Hybrid,8,Delayed,Satisfactory,3,
ONB000134,DUD100134,2023-07-14,2023-07-21,Rehire Onboarding,Hybrid,7,Completed,Needs Improvement,3,
ONB000135,DUD100135,2022-03-16,2022-04-04,Standard Teacher Onboarding,Hybrid,19,Completed,Needs Improvement,5,
ONB000136,DUD100136,2023-11-29,2023-12-20,Standard Teacher Onboarding,In-person,21,Completed,Passed,5,
ONB000137,DUD100137,2022-09-23,,Rehire Onboarding,Online,8,Incomplete,Incomplete,,
ONB000138,DUD100138,2021-07-22,2021-07-30,Experienced Teacher Onboarding,Online,8,Completed,Passed,2,
ONB000139,DUD100139,2023-07-21,2023-08-02,Rehire Onboarding,In-person,12,Completed,Passed,5,
ONB000140,DUD100140,2023-11-09,2023-11-22,Rehire Onboarding,Online,13,Completed,Passed,3,
ONB000141,DUD100141,2022-05-08,2022-05-15,Experienced Teacher Onboarding,Online,7,Completed,Passed,5,
ONB000142,DUD100142,2021-12-27,2022-01-11,Experienced Teacher Onboarding,Online,15,Completed,Satisfactory,5,
ONB000143,DUD100143,2022-05-14,2022-06-01,Experienced Teacher Onboarding,Hybrid,18,Completed,Passed,2,
ONB000144,DUD100144,2023-04-18,2023-04-29,Experienced Teacher Onboarding,Hybrid,11,Completed,Satisfactory,4,
ONB000145,DUD100145,2023-10-27,2023-11-11,Experienced Teacher Onboarding,Hybrid,15,Delayed,Passed,3,
ONB000146,DUD100146,2021-01-04,,Experienced Teacher Onboarding,Online,19,Incomplete,Incomplete,,
ONB000147,DUD100147,2022-07-26,2022-08-16,Experienced Teacher Onboarding,In-person,21,Completed,Passed,1,
ONB000148,DUD100148,2022-11-10,,Experienced Teacher Onboarding,Hybrid,18,Incomplete,Incomplete,,
ONB000149,DUD100149,2022-12-25,2023-01-04,Standard Teacher Onboarding,Online,10,Completed,Satisfactory,4,
ONB000150,DUD100150,2025-04-11,2025-04-20,Rehire Onboarding,Hybrid,9,Completed,Needs Improvement,4,
ONB000151,DUD100151,2026-07-02,2026-07-09,Rehire Onboarding,Online,7,Completed,Satisfactory,3,
ONB000152,DUD100152,2022-03-18,2022-03-27,Standard Teacher Onboarding,Online,9,Delayed,Satisfactory,2,
ONB000153,DUD100153,2023-08-19,2023-08-27,Standard Teacher Onboarding,Online,8,Completed,Passed,1,
ONB000154,DUD100154,2025-03-12,2025-03-30,Experienced Teacher Onboarding,Online,18,Completed,Passed,5,
ONB000155,DUD100155,2022-08-26,2022-09-10,Rehire Onboarding,Online,15,Completed,Satisfactory,1,
ONB000156,DUD100156,2025-06-02,2025-06-19,Rehire Onboarding,Online,17,Completed,Passed,5,
ONB000157,DUD100157,2023-06-25,,Rehire Onboarding,Hybrid,14,Incomplete,Incomplete,,
ONB000158,DUD100158,2023-03-06,,Experienced Teacher Onboarding,Hybrid,9,Incomplete,Incomplete,,
ONB000159,DUD100159,2025-10-28,2025-11-04,Experienced Teacher Onboarding,Hybrid,7,Completed,Needs Improvement,3,
ONB000160,DUD100160,2025-09-11,2025-09-27,Rehire Onboarding,In-person,16,Completed,Passed,3,
ONB000161,DUD100161,2025-11-13,2025-11-23,Standard Teacher Onboarding,Hybrid,10,Completed,Satisfactory,2,
ONB000162,DUD100162,2025-09-18,,Experienced Teacher Onboarding,Online,13,Incomplete,Incomplete,,
ONB000163,DUD100163,2021-01-20,2021-02-09,Rehire Onboarding,Online,20,Completed,Needs Improvement,4,
ONB000164,DUD100164,2021-06-03,,Experienced Teacher Onboarding,Online,17,Incomplete,Incomplete,,
ONB000165,DUD100165,2026-05-05,2026-05-15,Experienced Teacher Onboarding,In-person,10,Completed,Passed,1,
ONB000166,DUD100166,2026-03-12,2026-03-19,Rehire Onboarding,In-person,7,Completed,Passed,5,
ONB000167,DUD100167,2025-08-02,2025-08-12,Experienced Teacher Onboarding,Hybrid,10,Completed,Needs Improvement,4,
ONB000168,DUD100168,2024-10-29,2024-11-17,Standard Teacher Onboarding,In-person,19,Completed,Satisfactory,4,
ONB000169,DUD100169,2021-10-16,,Experienced Teacher Onboarding,In-person,13,Incomplete,Incomplete,,
ONB000170,DUD100170,2023-06-11,,Rehire Onboarding,In-person,18,Incomplete,Incomplete,,
ONB000171,DUD100171,2022-03-15,2022-03-31,Rehire Onboarding,In-person,16,Delayed,Satisfactory,3,
ONB000172,DUD100172,2023-07-26,,Experienced Teacher Onboarding,In-person,18,Incomplete,Incomplete,,
ONB000173,DUD100173,2022-11-06,,Rehire Onboarding,Online,21,Incomplete,Incomplete,,
ONB000174,DUD100174,2023-05-08,2023-05-23,Standard Teacher Onboarding,In-person,15,Delayed,Passed,1,
ONB000175,DUD100175,2022-10-06,2022-10-17,Rehire Onboarding,Online,11,Completed,Satisfactory,2,
ONB000176,DUD100176,2025-10-12,2025-10-29,Standard Teacher Onboarding,Online,17,Completed,Passed,4,
ONB000177,DUD100177,2025-12-07,2025-12-25,Standard Teacher Onboarding,Hybrid,18,Delayed,Passed,3,
ONB000178,DUD100178,2023-09-16,,Standard Teacher Onboarding,Online,16,Incomplete,Incomplete,,
ONB000179,DUD100179,2025-07-28,,Standard Teacher Onboarding,Hybrid,19,Incomplete,Incomplete,,
ONB000180,DUD100180,2024-05-06,2024-05-19,Experienced Teacher Onboarding,Online,13,Delayed,Needs Improvement,4,
ONB000181,DUD100181,2024-09-22,2024-09-29,Experienced Teacher Onboarding,Online,7,Completed,Passed,4,
ONB000182,DUD100182,2022-05-19,2022-06-03,Rehire Onboarding,In-person,15,Delayed,Needs Improvement,5,
ONB000183,DUD100183,2024-12-16,2024-12-30,Rehire Onboarding,In-person,14,Completed,Passed,2,
ONB000184,DUD100184,2021-06-04,2021-06-15,Experienced Teacher Onboarding,Hybrid,11,Completed,Passed,2,
ONB000185,DUD100185,2026-06-13,2026-06-22,Rehire Onboarding,In-person,9,Completed,Satisfactory,4,
ONB000186,DUD100186,2026-05-07,2026-05-23,Rehire Onboarding,Hybrid,16,Delayed,Satisfactory,5,
ONB000187,DUD100187,2025-04-24,2025-05-11,Experienced Teacher Onboarding,Online,17,Completed,Passed,3,
ONB000188,DUD100188,2025-01-16,2025-02-04,Experienced Teacher Onboarding,Hybrid,19,Completed,Passed,5,
ONB000189,DUD100189,2022-08-30,2022-09-07,Rehire Onboarding,In-person,8,Completed,Passed,1,
ONB000190,DUD100190,2021-12-24,2022-01-05,Experienced Teacher Onboarding,Hybrid,12,Completed,Passed,4,
ONB000191,DUD100191,2022-06-05,2022-06-22,Rehire Onboarding,Online,17,Completed,Passed,4,
ONB000192,DUD100192,2024-07-05,2024-07-19,Experienced Teacher Onboarding,In-person,14,Delayed,Passed,2,
ONB000193,DUD100193,2022-10-24,2022-11-01,Experienced Teacher Onboarding,In-person,8,Completed,Needs Improvement,2,
ONB000194,DUD100194,2024-08-22,2024-09-02,Rehire Onboarding,Online,11,Completed,Satisfactory,4,
ONB000195,DUD100195,2026-07-03,2026-07-24,Experienced Teacher Onboarding,Online,21,Completed,Passed,5,
ONB000196,DUD100196,2022-04-24,2022-05-05,Experienced Teacher Onboarding,In-person,11,Completed,Passed,4,
ONB000197,DUD100197,2022-12-19,,Standard Teacher Onboarding,Online,15,Incomplete,Incomplete,,
ONB000198,DUD100198,2021-02-08,2021-03-01,Experienced Teacher Onboarding,Hybrid,21,Completed,Passed,3,
ONB000199,DUD100199,2022-08-16,2022-09-01,Standard Teacher Onboarding,In-person,16,Delayed,Passed,3,
ONB000200,DUD100200,2021-05-13,2021-05-25,Rehire Onboarding,Hybrid,12,Completed,Passed,4,
ONB000201,DUD100201,2024-02-13,2024-02-28,Rehire Onboarding,Online,15,Completed,Satisfactory,1,
ONB000202,DUD100202,2026-08-13,2026-08-26,Standard Teacher Onboarding,Online,13,Completed,Needs Improvement,5,
ONB000203,DUD100203,2024-04-03,2024-04-15,Experienced Teacher Onboarding,Online,12,Delayed,Satisfactory,2,
ONB000204,DUD100204,2026-06-08,2026-06-16,Experienced Teacher Onboarding,Hybrid,8,Completed,Needs Improvement,3,
ONB000205,DUD100205,2022-07-07,2022-07-26,Rehire Onboarding,In-person,19,Completed,Passed,2,
ONB000206,DUD100206,2023-01-01,2023-01-08,Experienced Teacher Onboarding,Hybrid,7,Completed,Satisfactory,3,
ONB000207,DUD100207,2024-08-29,2024-09-07,Experienced Teacher Onboarding,Online,9,Completed,Passed,1,
ONB000208,DUD100208,2023-07-28,,Rehire Onboarding,In-person,21,Incomplete,Incomplete,,
ONB000209,DUD100209,2021-10-19,2021-11-07,Standard Teacher Onboarding,In-person,19,Completed,Needs Improvement,3,
ONB000210,DUD100210,2022-04-24,,Experienced Teacher Onboarding,Online,15,Incomplete,Incomplete,,
ONB000211,DUD100211,2023-11-15,,Rehire Onboarding,Hybrid,20,Incomplete,Incomplete,,
ONB000212,DUD100212,2023-02-05,2023-02-23,Experienced Teacher Onboarding,Online,18,Delayed,Passed,2,
ONB000213,DUD100213,2026-03-31,2026-04-10,Rehire Onboarding,Hybrid,10,Completed,Satisfactory,4,
ONB000214,DUD100214,2025-05-26,2025-06-05,Experienced Teacher Onboarding,Online,10,Completed,Satisfactory,3,
ONB000215,DUD100215,2022-07-31,2022-08-19,Standard Teacher Onboarding,Hybrid,19,Completed,Satisfactory,2,
ONB000216,DUD100216,2021-01-14,2021-01-22,Experienced Teacher Onboarding,Hybrid,8,Delayed,Needs Improvement,4,
ONB000217,DUD100217,2021-06-27,2021-07-14,Experienced Teacher Onboarding,Online,17,Completed,Needs Improvement,1,
ONB000218,DUD100218,2025-03-19,2025-04-05,Standard Teacher Onboarding,In-person,17,Completed,Satisfactory,2,
ONB000219,DUD100219,2024-09-14,,Experienced Teacher Onboarding,In-person,21,Incomplete,Incomplete,,
ONB000220,DUD100220,2024-07-30,2024-08-08,Standard Teacher Onboarding,Hybrid,9,Completed,Satisfactory,2,
ONB000221,DUD100221,2021-03-18,,Standard Teacher Onboarding,Hybrid,19,Incomplete,Incomplete,,
ONB000222,DUD100222,2026-04-12,2026-04-27,Experienced Teacher Onboarding,Hybrid,15,Completed,Satisfactory,1,
ONB000223,DUD100223,2023-03-18,,Standard Teacher Onboarding,In-person,10,Incomplete,Incomplete,,
ONB000224,DUD100224,2022-08-03,2022-08-23,Rehire Onboarding,Hybrid,20,Completed,Needs Improvement,4,
ONB000225,DUD100225,2021-04-03,2021-04-22,Rehire Onboarding,In-person,19,Completed,Satisfactory,4,
ONB000226,DUD100226,2026-07-28,2026-08-05,Experienced Teacher Onboarding,Online,8,Delayed,Satisfactory,5,
ONB000227,DUD100227,2026-04-05,2026-04-16,Rehire Onboarding,In-person,11,Completed,Needs Improvement,2,
ONB000228,DUD100228,2022-01-12,2022-01-26,Experienced Teacher Onboarding,Online,14,Completed,Needs Improvement,5,
ONB000229,DUD100229,2023-09-17,2023-09-28,Experienced Teacher Onboarding,In-person,11,Completed,Passed,2,
ONB000230,DUD100230,2021-03-18,2021-03-27,Rehire Onboarding,Hybrid,9,Completed,Passed,3,
ONB000231,DUD100231,2024-06-19,2024-07-02,Experienced Teacher Onboarding,Hybrid,13,Completed,Satisfactory,5,
ONB000232,DUD100232,2025-12-28,,Experienced Teacher Onboarding,Hybrid,15,Incomplete,Incomplete,,
ONB000233,DUD100233,2021-02-10,2021-03-01,Rehire Onboarding,In-person,19,Delayed,Passed,2,
ONB000234,DUD100234,2023-01-20,2023-02-08,Experienced Teacher Onboarding,Hybrid,19,Delayed,Satisfactory,2,
ONB000235,DUD100235,2021-03-20,2021-03-29,Standard Teacher Onboarding,Hybrid,9,Completed,Passed,4,
ONB000236,DUD100236,2024-10-06,2024-10-21,Standard Teacher Onboarding,Hybrid,15,Completed,Satisfactory,2,
ONB000237,DUD100237,2024-02-07,2024-02-26,Rehire Onboarding,Online,19,Delayed,Needs Improvement,5,
ONB000238,DUD100238,2022-12-01,2022-12-15,Rehire Onboarding,Online,14,Delayed,Passed,5,
ONB000239,DUD100239,2026-05-03,2026-05-13,Experienced Teacher Onboarding,Online,10,Delayed,Satisfactory,3,
ONB000240,DUD100240,2023-02-26,2023-03-13,Rehire Onboarding,Hybrid,15,Completed,Needs Improvement,5,
ONB000241,DUD100241,2025-05-24,2025-06-01,Rehire Onboarding,Online,8,Completed,Passed,2,
ONB000242,DUD100242,2022-09-14,,Standard Teacher Onboarding,Hybrid,21,Incomplete,Incomplete,,
ONB000243,DUD100243,2025-10-18,2025-10-28,Standard Teacher Onboarding,Hybrid,10,Delayed,Passed,3,
ONB000244,DUD100244,2024-05-04,2024-05-22,Rehire Onboarding,In-person,18,Completed,Passed,4,
ONB000245,DUD100245,2023-03-29,2023-04-18,Experienced Teacher Onboarding,In-person,20,Completed,Passed,5,
ONB000246,DUD100246,2024-10-02,2024-10-12,Rehire Onboarding,Hybrid,10,Delayed,Satisfactory,2,
ONB000247,DUD100247,2024-11-20,2024-12-02,Rehire Onboarding,Online,12,Completed,Passed,3,
ONB000248,DUD100248,2022-04-25,2022-05-02,Rehire Onboarding,In-person,7,Delayed,Passed,5,
ONB000249,DUD100249,2024-09-30,2024-10-11,Standard Teacher Onboarding,In-person,11,Completed,Passed,1,
ONB000250,DUD100250,2023-05-02,,Rehire Onboarding,Online,8,Incomplete,Incomplete,,
ONB000251,DUD100251,2021-05-26,2021-06-09,Standard Teacher Onboarding,Hybrid,14,Completed,Satisfactory,5,
ONB000252,DUD100252,2024-02-05,2024-02-13,Standard Teacher Onboarding,Online,8,Delayed,Satisfactory,4,
ONB000253,DUD100253,2024-12-25,,Rehire Onboarding,Hybrid,21,Incomplete,Incomplete,,
ONB000254,DUD100254,2023-04-14,,Rehire Onboarding,Hybrid,16,Incomplete,Incomplete,,
ONB000255,DUD100255,2022-01-18,2022-02-05,Standard Teacher Onboarding,Hybrid,18,Completed,Passed,5,
ONB000256,DUD100256,2024-02-13,2024-02-27,Rehire Onboarding,Online,14,Delayed,Satisfactory,2,
ONB000257,DUD100257,2026-05-21,2026-06-10,Experienced Teacher Onboarding,Online,20,Completed,Needs Improvement,3,
ONB000258,DUD100258,2022-07-25,2022-08-10,Experienced Teacher Onboarding,Online,16,Completed,Satisfactory,1,
ONB000259,DUD100259,2023-02-28,2023-03-16,Rehire Onboarding,In-person,16,Delayed,Needs Improvement,4,
ONB000260,DUD100260,2022-02-08,2022-02-26,Standard Teacher Onboarding,Hybrid,18,Completed,Needs Improvement,1,
ONB000261,DUD100261,2026-06-23,2026-07-13,Experienced Teacher Onboarding,Hybrid,20,Delayed,Satisfactory,3,
ONB000262,DUD100262,2022-02-04,2022-02-17,Standard Teacher Onboarding,Hybrid,13,Delayed,Passed,3,
ONB000263,DUD100263,2026-07-05,2026-07-21,Experienced Teacher Onboarding,Hybrid,16,Completed,Passed,5,
ONB000264,DUD100264,2021-06-25,2021-07-16,Standard Teacher Onboarding,Online,21,Completed,Satisfactory,4,
ONB000265,DUD100265,2022-05-30,2022-06-11,Rehire Onboarding,Hybrid,12,Completed,Needs Improvement,5,
ONB000266,DUD100266,2021-02-26,,Rehire Onboarding,In-person,20,Incomplete,Incomplete,,
ONB000267,DUD100267,2025-07-25,,Rehire Onboarding,Hybrid,11,Incomplete,Incomplete,,
ONB000268,DUD100268,2023-12-10,2023-12-27,Standard Teacher Onboarding,Online,17,Delayed,Passed,3,
ONB000269,DUD100269,2021-04-01,2021-04-19,Standard Teacher Onboarding,In-person,18,Completed,Satisfactory,5,
ONB000270,DUD100270,2025-12-13,2025-12-26,Experienced Teacher Onboarding,Online,13,Completed,Satisfactory,3,
ONB000271,DUD100271,2026-06-05,2026-06-15,Experienced Teacher Onboarding,Hybrid,10,Completed,Satisfactory,1,
ONB000272,DUD100272,2021-05-30,2021-06-17,Standard Teacher Onboarding,Online,18,Completed,Needs Improvement,5,
ONB000273,DUD100273,2024-06-25,,Rehire Onboarding,Online,19,Incomplete,Incomplete,,
ONB000274,DUD100274,2023-08-29,2023-09-07,Standard Teacher Onboarding,Online,9,Completed,Passed,2,
ONB000275,DUD100275,2021-06-06,2021-06-25,Rehire Onboarding,In-person,19,Completed,Passed,4,
ONB000276,DUD100276,2022-08-21,2022-09-08,Standard Teacher Onboarding,In-person,18,Completed,Needs Improvement,1,
ONB000277,DUD100277,2022-04-28,2022-05-09,Experienced Teacher Onboarding,In-person,11,Completed,Satisfactory,4,
ONB000278,DUD100278,2025-07-03,,Standard Teacher Onboarding,In-person,20,Incomplete,Incomplete,,
ONB000279,DUD100279,2021-11-04,2021-11-24,Standard Teacher Onboarding,Online,20,Completed,Passed,4,
ONB000280,DUD100280,2025-01-14,2025-01-25,Experienced Teacher Onboarding,Online,11,Completed,Needs Improvement,4,
ONB000281,DUD100281,2023-08-21,2023-09-08,Rehire Onboarding,Online,18,Delayed,Needs Improvement,5,
ONB000282,DUD100282,2023-01-03,,Experienced Teacher Onboarding,Online,20,Incomplete,Incomplete,,
ONB000283,DUD100283,2025-10-14,2025-11-01,Rehire Onboarding,Hybrid,18,Completed,Satisfactory,4,
ONB000284,DUD100284,2025-11-11,2025-11-29,Experienced Teacher Onboarding,Hybrid,18,Completed,Passed,1,
ONB000285,DUD100285,2024-07-28,2024-08-09,Standard Teacher Onboarding,Hybrid,12,Completed,Satisfactory,1,
ONB000286,DUD100286,2024-07-31,2024-08-17,Experienced Teacher Onboarding,In-person,17,Delayed,Passed,3,
ONB000287,DUD100287,2023-03-29,,Experienced Teacher Onboarding,Online,20,Incomplete,Incomplete,,
ONB000288,DUD100288,2022-03-31,2022-04-13,Experienced Teacher Onboarding,Hybrid,13,Completed,Satisfactory,3,
ONB000289,DUD100289,2022-03-20,2022-04-01,Standard Teacher Onboarding,In-person,12,Delayed,Satisfactory,3,
ONB000290,DUD100290,2021-02-11,2021-02-19,Standard Teacher Onboarding,Hybrid,8,Completed,Passed,5,
ONB000291,DUD100291,2024-02-04,2024-02-23,Standard Teacher Onboarding,In-person,19,Completed,Needs Improvement,4,
ONB000292,DUD100292,2026-06-09,,Experienced Teacher Onboarding,Hybrid,18,Incomplete,Incomplete,,
ONB000293,DUD100293,2024-09-23,,Experienced Teacher Onboarding,In-person,21,Incomplete,Incomplete,,
ONB000294,DUD100294,2024-05-27,2024-06-16,Standard Teacher Onboarding,Online,20,Delayed,Satisfactory,4,
ONB000295,DUD100295,2021-10-12,2021-10-21,Standard Teacher Onboarding,Online,9,Completed,Passed,5,
ONB000296,DUD100296,2023-03-15,2023-03-28,Rehire Onboarding,In-person,13,Completed,Needs Improvement,4,
ONB000297,DUD100297,2025-07-12,2025-07-21,Standard Teacher Onboarding,In-person,9,Completed,Passed,4,
ONB000298,DUD100298,2023-07-03,2023-07-14,Standard Teacher Onboarding,In-person,11,Completed,Satisfactory,2,
ONB000299,DUD100299,2022-03-16,2022-04-01,Standard Teacher Onboarding,Hybrid,16,Completed,Passed,2,
ONB000300,DUD100300,2021-07-08,2021-07-23,Experienced Teacher Onboarding,Hybrid,15,Completed,Passed,5,
ONB000301,DUD100301,2026-01-27,2026-02-13,Experienced Teacher Onboarding,In-person,17,Completed,Satisfactory,3,
ONB000302,DUD100302,2025-12-09,2025-12-21,Experienced Teacher Onboarding,Hybrid,12,Completed,Satisfactory,3,
ONB000303,DUD100303,2024-01-04,2024-01-13,Rehire Onboarding,Online,9,Completed,Passed,2,
ONB000304,DUD100304,2023-06-30,2023-07-08,Experienced Teacher Onboarding,In-person,8,Completed,Needs Improvement,4,
ONB000305,DUD100305,2022-02-23,,Experienced Teacher Onboarding,Hybrid,16,Incomplete,Incomplete,,
ONB000306,DUD100306,2024-05-19,2024-06-08,Rehire Onboarding,In-person,20,Completed,Needs Improvement,1,
ONB000307,DUD100307,2022-03-11,2022-03-30,Rehire Onboarding,Online,19,Completed,Passed,4,
ONB000308,DUD100308,2022-05-23,2022-06-02,Rehire Onboarding,In-person,10,Completed,Passed,4,
ONB000309,DUD100309,2022-07-13,2022-07-23,Experienced Teacher Onboarding,In-person,10,Delayed,Passed,5,
ONB000310,DUD100310,2021-06-25,2021-07-12,Standard Teacher Onboarding,Online,17,Completed,Needs Improvement,1,
ONB000311,DUD100311,2024-07-31,2024-08-20,Standard Teacher Onboarding,In-person,20,Completed,Passed,2,
ONB000312,DUD100312,2021-04-24,2021-05-01,Standard Teacher Onboarding,Hybrid,7,Delayed,Satisfactory,4,
ONB000313,DUD100313,2021-01-06,2021-01-17,Rehire Onboarding,Hybrid,11,Delayed,Passed,4,
ONB000314,DUD100314,2025-09-18,,Rehire Onboarding,Hybrid,19,Incomplete,Incomplete,,
ONB000315,DUD100315,2024-06-01,2024-06-14,Standard Teacher Onboarding,Hybrid,13,Completed,Passed,5,
ONB000316,DUD100316,2022-12-07,,Experienced Teacher Onboarding,Hybrid,12,Incomplete,Incomplete,,
ONB000317,DUD100317,2023-03-02,2023-03-09,Rehire Onboarding,Online,7,Completed,Needs Improvement,3,
ONB000318,DUD100318,2024-10-12,2024-10-23,Standard Teacher Onboarding,Hybrid,11,Delayed,Passed,3,
ONB000319,DUD100319,2025-11-11,2025-11-26,Experienced Teacher Onboarding,In-person,15,Completed,Satisfactory,3,
ONB000320,DUD100320,2023-05-10,2023-05-29,Experienced Teacher Onboarding,Hybrid,19,Completed,Passed,4,
ONB000321,DUD100321,2021-04-29,2021-05-14,Experienced Teacher Onboarding,Hybrid,15,Completed,Passed,3,
ONB000322,DUD100322,2021-07-16,2021-07-25,Rehire Onboarding,Online,9,Delayed,Needs Improvement,1,
ONB000323,DUD100323,2026-04-20,2026-05-11,Rehire Onboarding,Online,21,Delayed,Satisfactory,4,
ONB000324,DUD100324,2021-11-03,2021-11-17,Experienced Teacher Onboarding,Hybrid,14,Completed,Passed,2,
ONB000325,DUD100325,2023-03-30,,Rehire Onboarding,Hybrid,15,Incomplete,Incomplete,,
ONB000326,DUD100326,2024-03-23,2024-04-08,Experienced Teacher Onboarding,In-person,16,Delayed,Passed,3,
ONB000327,DUD100327,2024-09-23,2024-10-10,Rehire Onboarding,Online,17,Completed,Satisfactory,5,
ONB000328,DUD100328,2023-06-28,,Experienced Teacher Onboarding,In-person,14,Incomplete,Incomplete,,
ONB000329,DUD100329,2025-02-17,2025-03-10,Rehire Onboarding,In-person,21,Delayed,Satisfactory,5,
ONB000330,DUD100330,2021-01-21,,Standard Teacher Onboarding,Online,18,Incomplete,Incomplete,,
ONB000331,DUD100331,2025-04-28,,Standard Teacher Onboarding,Hybrid,19,Incomplete,Incomplete,,
ONB000332,DUD100332,2024-08-19,,Standard Teacher Onboarding,Online,17,Incomplete,Incomplete,,
ONB000333,DUD100333,2025-02-11,2025-02-22,Experienced Teacher Onboarding,Online,11,Completed,Passed,5,
ONB000334,DUD100334,2021-03-05,2021-03-12,Experienced Teacher Onboarding,In-person,7,Delayed,Passed,5,
ONB000335,DUD100335,2024-10-26,2024-11-05,Rehire Onboarding,Hybrid,10,Delayed,Needs Improvement,5,
ONB000336,DUD100336,2024-10-18,2024-10-26,Standard Teacher Onboarding,Hybrid,8,Completed,Satisfactory,3,
ONB000337,DUD100337,2023-01-10,2023-01-25,Standard Teacher Onboarding,Hybrid,15,Completed,Needs Improvement,4,
ONB000338,DUD100338,2026-03-19,2026-04-02,Experienced Teacher Onboarding,Hybrid,14,Completed,Passed,2,
ONB000339,DUD100339,2025-07-03,,Rehire Onboarding,Hybrid,7,Incomplete,Incomplete,,
ONB000340,DUD100340,2021-01-31,2021-02-17,Experienced Teacher Onboarding,Hybrid,17,Completed,Satisfactory,5,
ONB000341,DUD100341,2023-11-29,2023-12-19,Rehire Onboarding,Hybrid,20,Completed,Passed,1,
ONB000342,DUD100342,2021-06-07,2021-06-28,Standard Teacher Onboarding,Hybrid,21,Delayed,Needs Improvement,3,
ONB000343,DUD100343,2023-01-02,2023-01-14,Rehire Onboarding,In-person,12,Completed,Passed,2,
ONB000344,DUD100344,2024-09-23,2024-10-10,Standard Teacher Onboarding,In-person,17,Delayed,Passed,5,
ONB000345,DUD100345,2025-05-17,2025-06-07,Rehire Onboarding,Online,21,Completed,Passed,3,
ONB000346,DUD100346,2025-04-17,,Standard Teacher Onboarding,Hybrid,19,Incomplete,Incomplete,,
ONB000347,DUD100347,2026-04-24,2026-05-04,Rehire Onboarding,Hybrid,10,Completed,Passed,3,
ONB000348,DUD100348,2022-03-22,2022-03-31,Experienced Teacher Onboarding,In-person,9,Completed,Passed,1,
ONB000349,DUD100349,2021-07-01,2021-07-09,Rehire Onboarding,In-person,8,Delayed,Satisfactory,3,
ONB000350,DUD100350,2024-03-12,2024-04-02,Experienced Teacher Onboarding,Hybrid,21,Completed,Passed,1,
ONB000351,DUD100351,2021-05-31,,Experienced Teacher Onboarding,In-person,17,Incomplete,Incomplete,,
ONB000352,DUD100352,2021-06-21,,Standard Teacher Onboarding,Hybrid,10,Incomplete,Incomplete,,
ONB000353,DUD100353,2022-07-03,2022-07-10,Rehire Onboarding,In-person,7,Completed,Passed,5,
ONB000354,DUD100354,2023-03-23,2023-04-03,Standard Teacher Onboarding,In-person,11,Completed,Satisfactory,1,
ONB000355,DUD100355,2024-09-13,2024-09-22,Standard Teacher Onboarding,In-person,9,Completed,Needs Improvement,5,
ONB000356,DUD100356,2024-05-26,,Standard Teacher Onboarding,Hybrid,19,Incomplete,Incomplete,,
ONB000357,DUD100357,2024-10-12,,Experienced Teacher Onboarding,In-person,7,Incomplete,Incomplete,,
ONB000358,DUD100358,2023-12-12,2023-12-29,Experienced Teacher Onboarding,Hybrid,17,Completed,Passed,1,
ONB000359,DUD100359,2021-03-12,2021-03-28,Experienced Teacher Onboarding,In-person,16,Delayed,Passed,5,
ONB000360,DUD100360,2023-04-25,,Standard Teacher Onboarding,In-person,16,Incomplete,Incomplete,,
ONB000361,DUD100361,2026-05-08,2026-05-22,Standard Teacher Onboarding,In-person,14,Completed,Passed,4,
ONB000362,DUD100362,2021-06-12,2021-06-28,Experienced Teacher Onboarding,In-person,16,Completed,Passed,1,
ONB000363,DUD100363,2023-08-03,2023-08-20,Experienced Teacher Onboarding,In-person,17,Completed,Satisfactory,3,
ONB000364,DUD100364,2023-10-31,2023-11-11,Rehire Onboarding,Online,11,Delayed,Passed,4,
ONB000365,DUD100365,2026-03-27,2026-04-10,Rehire Onboarding,Hybrid,14,Completed,Needs Improvement,4,
ONB000366,DUD100366,2021-10-03,2021-10-18,Standard Teacher Onboarding,In-person,15,Delayed,Passed,5,
ONB000367,DUD100367,2022-06-19,2022-06-27,Rehire Onboarding,Hybrid,8,Completed,Satisfactory,2,
ONB000368,DUD100368,2022-12-22,2023-01-02,Standard Teacher Onboarding,In-person,11,Completed,Passed,1,
ONB000369,DUD100369,2026-05-29,2026-06-06,Standard Teacher Onboarding,In-person,8,Completed,Passed,2,
ONB000370,DUD100370,2024-12-27,2025-01-14,Rehire Onboarding,In-person,18,Completed,Passed,5,
ONB000371,DUD100371,2022-01-24,,Standard Teacher Onboarding,Online,11,Incomplete,Incomplete,,
ONB000372,DUD100372,2025-01-31,2025-02-12,Experienced Teacher Onboarding,In-person,12,Delayed,Needs Improvement,2,
ONB000373,DUD100373,2022-07-13,2022-08-03,Standard Teacher Onboarding,Online,21,Delayed,Passed,1,
ONB000374,DUD100374,2024-02-07,2024-02-25,Rehire Onboarding,Online,18,Completed,Satisfactory,5,
ONB000375,DUD100375,2022-02-09,2022-02-21,Experienced Teacher Onboarding,Online,12,Completed,Passed,5,
ONB000376,DUD100376,2024-12-02,2024-12-13,Experienced Teacher Onboarding,Online,11,Completed,Needs Improvement,4,
ONB000377,DUD100377,2023-06-07,2023-06-27,Experienced Teacher Onboarding,Online,20,Completed,Satisfactory,2,
ONB000378,DUD100378,2021-02-10,2021-03-03,Experienced Teacher Onboarding,Online,21,Completed,Passed,5,
ONB000379,DUD100379,2021-03-24,,Rehire Onboarding,In-person,18,Incomplete,Incomplete,,
ONB000380,DUD100380,2021-12-15,2021-12-23,Standard Teacher Onboarding,Hybrid,8,Completed,Passed,2,
ONB000381,DUD100381,2021-09-02,2021-09-19,Rehire Onboarding,Online,17,Completed,Satisfactory,4,
ONB000382,DUD100382,2024-12-18,,Rehire Onboarding,Hybrid,11,Incomplete,Incomplete,,
ONB000383,DUD100383,2025-09-16,2025-09-23,Standard Teacher Onboarding,Hybrid,7,Delayed,Needs Improvement,4,
ONB000384,DUD100384,2021-12-22,2022-01-05,Standard Teacher Onboarding,Online,14,Completed,Satisfactory,5,
ONB000385,DUD100385,2025-03-01,2025-03-21,Rehire Onboarding,In-person,20,Completed,Satisfactory,2,
ONB000386,DUD100386,2021-06-15,,Rehire Onboarding,Hybrid,18,Incomplete,Incomplete,,
ONB000387,DUD100387,2022-05-20,,Experienced Teacher Onboarding,Hybrid,7,Incomplete,Incomplete,,
ONB000388,DUD100388,2021-08-18,2021-09-01,Experienced Teacher Onboarding,Hybrid,14,Delayed,Satisfactory,1,
ONB000389,DUD100389,2026-07-08,2026-07-21,Experienced Teacher Onboarding,Online,13,Completed,Needs Improvement,2,
ONB000390,DUD100390,2021-07-23,,Rehire Onboarding,Online,15,Incomplete,Incomplete,,
ONB000391,DUD100391,2021-01-27,,Experienced Teacher Onboarding,Online,19,Incomplete,Incomplete,,
ONB000392,DUD100392,2021-12-29,2022-01-07,Experienced Teacher Onboarding,In-person,9,Completed,Needs Improvement,1,
ONB000393,DUD100393,2021-05-23,2021-06-04,Rehire Onboarding,In-person,12,Completed,Passed,2,
ONB000394,DUD100394,2024-08-18,,Standard Teacher Onboarding,In-person,21,Incomplete,Incomplete,,
ONB000395,DUD100395,2026-01-17,,Standard Teacher Onboarding,In-person,16,Incomplete,Incomplete,,
ONB000396,DUD100396,2026-04-29,2026-05-15,Experienced Teacher Onboarding,In-person,16,Delayed,Passed,3,
ONB000397,DUD100397,2023-01-07,2023-01-27,Experienced Teacher Onboarding,Hybrid,20,Completed,Passed,4,
ONB000398,DUD100398,2026-08-09,,Standard Teacher Onboarding,Hybrid,16,Incomplete,Incomplete,,
ONB000399,DUD100399,2025-07-14,,Experienced Teacher Onboarding,Hybrid,16,Incomplete,Incomplete,,
ONB000400,DUD100400,2026-02-08,2026-02-22,Experienced Teacher Onboarding,Hybrid,14,Completed,Passed,1,
ONB000401,DUD100401,2024-09-25,,Standard Teacher Onboarding,In-person,19,Incomplete,Incomplete,,
ONB000402,DUD100402,2025-02-22,2025-03-09,Standard Teacher Onboarding,Hybrid,15,Completed,Passed,4,
ONB000403,DUD100403,2025-09-29,2025-10-12,Standard Teacher Onboarding,Hybrid,13,Completed,Passed,3,
ONB000404,DUD100404,2021-05-10,2021-05-26,Experienced Teacher Onboarding,Online,16,Completed,Passed,3,
ONB000405,DUD100405,2022-04-20,2022-05-11,Standard Teacher Onboarding,Hybrid,21,Completed,Needs Improvement,5,
ONB000406,DUD100406,2022-07-09,2022-07-29,Experienced Teacher Onboarding,Hybrid,20,Completed,Passed,3,
ONB000407,DUD100407,2025-06-11,2025-06-21,Rehire Onboarding,Online,10,Completed,Passed,3,
ONB000408,DUD100408,2021-05-19,2021-06-08,Rehire Onboarding,Hybrid,20,Completed,Passed,1,
ONB000409,DUD100409,2026-04-08,2026-04-25,Rehire Onboarding,In-person,17,Completed,Satisfactory,2,
ONB000410,DUD100410,2023-01-15,2023-01-22,Rehire Onboarding,Online,7,Delayed,Passed,2,
ONB000411,DUD100411,2025-05-15,2025-06-03,Experienced Teacher Onboarding,Online,19,Completed,Satisfactory,1,
ONB000412,DUD100412,2026-04-01,2026-04-16,Standard Teacher Onboarding,In-person,15,Delayed,Passed,1,
ONB000413,DUD100413,2022-06-22,,Standard Teacher Onboarding,In-person,7,Incomplete,Incomplete,,
ONB000414,DUD100414,2026-04-11,,Rehire Onboarding,In-person,11,Incomplete,Incomplete,,
ONB000415,DUD100415,2022-01-12,2022-01-21,Rehire Onboarding,In-person,9,Completed,Passed,1,
ONB000416,DUD100416,2025-08-31,2025-09-20,Rehire Onboarding,In-person,20,Completed,Needs Improvement,3,
ONB000417,DUD100417,2022-11-12,,Experienced Teacher Onboarding,Hybrid,17,Incomplete,Incomplete,,
ONB000418,DUD100418,2024-05-16,2024-05-29,Experienced Teacher Onboarding,Online,13,Completed,Passed,2,
ONB000419,DUD100419,2023-02-28,,Standard Teacher Onboarding,Hybrid,14,Incomplete,Incomplete,,
ONB000420,DUD100420,2024-01-19,2024-02-09,Experienced Teacher Onboarding,Online,21,Completed,Needs Improvement,4,
ONB000421,DUD100421,2025-03-03,2025-03-20,Rehire Onboarding,Online,17,Completed,Passed,1,
ONB000422,DUD100422,2021-01-07,2021-01-25,Experienced Teacher Onboarding,Hybrid,18,Delayed,Satisfactory,2,
ONB000423,DUD100423,2022-11-22,2022-12-06,Standard Teacher Onboarding,Hybrid,14,Completed,Needs Improvement,2,
ONB000424,DUD100424,2023-03-08,,Standard Teacher Onboarding,In-person,15,Incomplete,Incomplete,,
ONB000425,DUD100425,2024-02-19,2024-03-04,Standard Teacher Onboarding,In-person,14,Completed,Passed,1,
ONB000426,DUD100426,2021-02-10,2021-03-01,Standard Teacher Onboarding,Hybrid,19,Delayed,Needs Improvement,1,
ONB000427,DUD100427,2021-10-09,2021-10-26,Rehire Onboarding,Online,17,Completed,Passed,4,
ONB000428,DUD100428,2021-10-27,2021-11-16,Experienced Teacher Onboarding,Hybrid,20,Delayed,Needs Improvement,1,
ONB000429,DUD100429,2025-11-13,,Experienced Teacher Onboarding,Online,7,Incomplete,Incomplete,,
ONB000430,DUD100430,2021-08-05,,Rehire Onboarding,Hybrid,9,Incomplete,Incomplete,,
ONB000431,DUD100431,2025-06-12,2025-06-29,Experienced Teacher Onboarding,Online,17,Delayed,Passed,3,
ONB000432,DUD100432,2021-05-24,,Experienced Teacher Onboarding,Hybrid,21,Incomplete,Incomplete,,
ONB000433,DUD100433,2024-10-19,2024-11-02,Experienced Teacher Onboarding,In-person,14,Completed,Passed,4,
ONB000434,DUD100434,2022-11-03,,Rehire Onboarding,In-person,21,Incomplete,Incomplete,,
ONB000435,DUD100435,2022-09-03,,Standard Teacher Onboarding,Online,17,Incomplete,Incomplete,,
ONB000436,DUD100436,2025-08-17,2025-08-25,Standard Teacher Onboarding,Hybrid,8,Completed,Passed,2,
ONB000437,DUD100437,2022-07-31,2022-08-08,Experienced Teacher Onboarding,In-person,8,Delayed,Needs Improvement,1,
ONB000438,DUD100438,2025-12-25,2026-01-04,Rehire Onboarding,Online,10,Completed,Satisfactory,5,
ONB000439,DUD100439,2021-06-11,,Standard Teacher Onboarding,In-person,12,Incomplete,Incomplete,,
ONB000440,DUD100440,2022-10-23,2022-11-06,Standard Teacher Onboarding,In-person,14,Completed,Needs Improvement,4,
ONB000441,DUD100441,2021-06-18,2021-07-08,Standard Teacher Onboarding,Hybrid,20,Delayed,Passed,3,
ONB000442,DUD100442,2026-02-23,,Rehire Onboarding,Hybrid,17,Incomplete,Incomplete,,
ONB000443,DUD100443,2024-07-12,2024-07-19,Rehire Onboarding,Hybrid,7,Completed,Passed,2,
ONB000444,DUD100444,2023-03-17,2023-03-27,Rehire Onboarding,In-person,10,Completed,Satisfactory,4,
ONB000445,DUD100445,2025-02-17,2025-02-25,Standard Teacher Onboarding,In-person,8,Completed,Satisfactory,5,
ONB000446,DUD100446,2022-08-18,2022-08-25,Rehire Onboarding,In-person,7,Delayed,Passed,3,
ONB000447,DUD100447,2024-07-08,,Standard Teacher Onboarding,Online,15,Incomplete,Incomplete,,
ONB000448,DUD100448,2026-06-09,,Experienced Teacher Onboarding,In-person,20,Incomplete,Incomplete,,
ONB000449,DUD100449,2023-04-08,2023-04-25,Experienced Teacher Onboarding,In-person,17,Delayed,Satisfactory,1,
ONB000450,DUD100450,2022-04-13,2022-04-24,Rehire Onboarding,Online,11,Completed,Needs Improvement,2,
ONB000451,DUD100451,2023-09-02,2023-09-23,Rehire Onboarding,Online,21,Completed,Passed,2,
ONB000452,DUD100452,2024-03-09,2024-03-23,Rehire Onboarding,Hybrid,14,Completed,Passed,3,
ONB000453,DUD100453,2024-12-08,2024-12-23,Rehire Onboarding,Hybrid,15,Completed,Passed,2,
ONB000454,DUD100454,2024-10-03,2024-10-18,Rehire Onboarding,Hybrid,15,Completed,Satisfactory,4,
ONB000455,DUD100455,2024-07-15,2024-07-23,Experienced Teacher Onboarding,Online,8,Completed,Passed,3,
ONB000456,DUD100456,2024-12-06,2024-12-14,Rehire Onboarding,Hybrid,8,Completed,Passed,2,
ONB000457,DUD100457,2023-09-24,2023-10-03,Rehire Onboarding,Online,9,Completed,Passed,5,
ONB000458,DUD100458,2022-02-08,2022-02-24,Rehire Onboarding,Hybrid,16,Completed,Needs Improvement,3,
ONB000459,DUD100459,2022-09-27,2022-10-18,Rehire Onboarding,In-person,21,Completed,Passed,3,
ONB000460,DUD100460,2022-08-26,2022-09-02,Rehire Onboarding,Hybrid,7,Completed,Passed,5,
ONB000461,DUD100461,2025-07-23,2025-08-02,Experienced Teacher Onboarding,Online,10,Delayed,Passed,4,
ONB000462,DUD100462,2025-07-30,,Experienced Teacher Onboarding,Hybrid,13,Incomplete,Incomplete,,
ONB000463,DUD100463,2025-07-20,2025-08-08,Standard Teacher Onboarding,Online,19,Completed,Passed,4,
ONB000464,DUD100464,2021-05-29,2021-06-12,Standard Teacher Onboarding,Online,14,Delayed,Satisfactory,1,
ONB000465,DUD100465,2026-04-18,,Rehire Onboarding,Online,7,Incomplete,Incomplete,,
ONB000466,DUD100466,2024-05-08,,Standard Teacher Onboarding,Hybrid,18,Incomplete,Incomplete,,
ONB000467,DUD100467,2021-12-29,2022-01-11,Rehire Onboarding,Hybrid,13,Completed,Passed,5,
ONB000468,DUD100468,2022-10-19,2022-11-04,Experienced Teacher Onboarding,Hybrid,16,Completed,Satisfactory,2,
ONB000469,DUD100469,2024-01-02,,Experienced Teacher Onboarding,Online,16,Incomplete,Incomplete,,
ONB000470,DUD100470,2022-09-27,,Rehire Onboarding,Hybrid,13,Incomplete,Incomplete,,
ONB000471,DUD100471,2023-05-04,,Rehire Onboarding,Hybrid,17,Incomplete,Incomplete,,
ONB000472,DUD100472,2025-01-25,2025-02-03,Experienced Teacher Onboarding,Online,9,Delayed,Needs Improvement,2,
ONB000473,DUD100473,2025-01-28,,Rehire Onboarding,In-person,8,Incomplete,Incomplete,,
ONB000474,DUD100474,2025-11-26,2025-12-08,Experienced Teacher Onboarding,Online,12,Completed,Passed,1,
ONB000475,DUD100475,2025-05-19,2025-05-29,Experienced Teacher Onboarding,Hybrid,10,Completed,Passed,3,
ONB000476,DUD100476,2025-05-26,2025-06-12,Rehire Onboarding,In-person,17,Completed,Needs Improvement,4,
ONB000477,DUD100477,2022-08-29,2022-09-12,Experienced Teacher Onboarding,Online,14,Completed,Passed,3,
ONB000478,DUD100478,2023-08-27,2023-09-12,Experienced Teacher Onboarding,Hybrid,16,Completed,Passed,5,
ONB000479,DUD100479,2022-07-14,2022-08-04,Rehire Onboarding,In-person,21,Delayed,Needs Improvement,3,
ONB000480,DUD100480,2025-02-01,,Experienced Teacher Onboarding,Online,21,Incomplete,Incomplete,,
ONB000481,DUD100481,2023-07-23,2023-08-12,Standard Teacher Onboarding,Hybrid,20,Completed,Needs Improvement,5,
ONB000482,DUD100482,2021-02-17,,Rehire Onboarding,In-person,8,Incomplete,Incomplete,,
ONB000483,DUD100483,2023-03-12,,Standard Teacher Onboarding,Online,9,Incomplete,Incomplete,,
ONB000484,DUD100484,2026-06-21,2026-07-10,Rehire Onboarding,In-person,19,Completed,Passed,5,
ONB000485,DUD100485,2023-07-19,2023-07-29,Standard Teacher Onboarding,Hybrid,10,Delayed,Needs Improvement,4,
ONB000486,DUD100486,2023-03-08,2023-03-17,Rehire Onboarding,Hybrid,9,Completed,Passed,1,
ONB000487,DUD100487,2022-05-13,2022-05-22,Standard Teacher Onboarding,In-person,9,Completed,Needs Improvement,2,
ONB000488,DUD100488,2021-03-14,2021-03-25,Experienced Teacher Onboarding,In-person,11,Delayed,Satisfactory,5,
ONB000489,DUD100489,2021-11-12,,Standard Teacher Onboarding,In-person,16,Incomplete,Incomplete,,
ONB000490,DUD100490,2022-11-05,2022-11-17,Standard Teacher Onboarding,Online,12,Completed,Passed,1,
ONB000491,DUD100491,2025-11-06,,Standard Teacher Onboarding,Online,10,Incomplete,Incomplete,,
ONB000492,DUD100492,2021-10-30,2021-11-06,Experienced Teacher Onboarding,In-person,7,Completed,Passed,1,
ONB000493,DUD100493,2022-01-08,,Rehire Onboarding,In-person,21,Incomplete,Incomplete,,
ONB000494,DUD100494,2025-10-04,,Rehire Onboarding,Hybrid,8,Incomplete,Incomplete,,
ONB000495,DUD100495,2025-04-04,2025-04-13,Experienced Teacher Onboarding,In-person,9,Completed,Passed,5,
ONB000496,DUD100496,2025-07-05,2025-07-20,Experienced Teacher Onboarding,Hybrid,15,Completed,Satisfactory,2,
ONB000497,DUD100497,2024-07-23,2024-08-02,Experienced Teacher Onboarding,In-person,10,Completed,Satisfactory,3,
ONB000498,DUD100498,2021-04-18,2021-05-08,Rehire Onboarding,Online,20,Completed,Satisfactory,5,
ONB000499,DUD100499,2021-09-05,2021-09-24,Standard Teacher Onboarding,Hybrid,19,Delayed,Passed,4,
ONB000500,DUD100500,2026-04-22,2026-04-30,Experienced Teacher Onboarding,Hybrid,8,Completed,Satisfactory,2,
ONB000501,DUD100501,2023-09-25,2023-10-13,Rehire Onboarding,Online,18,Completed,Needs Improvement,3,
ONB000502,DUD100502,2025-12-27,,Rehire Onboarding,In-person,13,Incomplete,Incomplete,,
ONB000503,DUD100503,2021-06-25,2021-07-06,Rehire Onboarding,In-person,11,Delayed,Passed,4,
ONB000504,DUD100504,2021-09-15,2021-09-26,Rehire Onboarding,Online,11,Completed,Needs Improvement,3,
ONB000505,DUD100505,2025-11-15,2025-11-29,Rehire Onboarding,Hybrid,14,Completed,Satisfactory,2,
ONB000506,DUD100506,2024-02-11,2024-03-03,Standard Teacher Onboarding,Online,21,Completed,Passed,5,
ONB000507,DUD100507,2024-05-18,2024-05-30,Experienced Teacher Onboarding,Online,12,Delayed,Passed,3,
ONB000508,DUD100508,2026-06-02,2026-06-21,Standard Teacher Onboarding,In-person,19,Delayed,Passed,4,
ONB000509,DUD100509,2022-04-14,2022-04-22,Standard Teacher Onboarding,Hybrid,8,Completed,Passed,3,
ONB000510,DUD100510,2021-06-27,2021-07-08,Rehire Onboarding,Online,11,Delayed,Satisfactory,1,
ONB000511,DUD100511,2026-03-30,2026-04-18,Rehire Onboarding,Hybrid,19,Completed,Passed,5,
ONB000512,DUD100512,2026-05-31,,Experienced Teacher Onboarding,Online,18,Incomplete,Incomplete,,
ONB000513,DUD100513,2024-12-04,,Standard Teacher Onboarding,Online,18,Incomplete,Incomplete,,
ONB000514,DUD100514,2024-08-19,2024-09-02,Experienced Teacher Onboarding,In-person,14,Completed,Satisfactory,3,
ONB000515,DUD100515,2022-12-25,2023-01-13,Standard Teacher Onboarding,In-person,19,Completed,Satisfactory,5,
ONB000516,DUD100516,2023-03-14,,Experienced Teacher Onboarding,In-person,7,Incomplete,Incomplete,,
ONB000517,DUD100517,2025-10-31,,Experienced Teacher Onboarding,Online,13,Incomplete,Incomplete,,
ONB000518,DUD100518,2026-01-09,2026-01-24,Standard Teacher Onboarding,Hybrid,15,Completed,Needs Improvement,1,
ONB000519,DUD100519,2022-07-18,2022-08-02,Experienced Teacher Onboarding,In-person,15,Completed,Needs Improvement,4,
ONB000520,DUD100520,2025-01-14,2025-01-30,Experienced Teacher Onboarding,In-person,16,Delayed,Satisfactory,2,
ONB000521,DUD100521,2021-12-29,2022-01-19,Standard Teacher Onboarding,Hybrid,21,Completed,Passed,4,
ONB000522,DUD100522,2025-01-11,2025-01-18,Experienced Teacher Onboarding,Online,7,Completed,Passed,5,
ONB000523,DUD100523,2023-12-04,2023-12-13,Standard Teacher Onboarding,Hybrid,9,Completed,Passed,1,
ONB000524,DUD100524,2025-03-13,2025-04-03,Experienced Teacher Onboarding,In-person,21,Delayed,Passed,5,
ONB000525,DUD100525,2025-09-27,,Standard Teacher Onboarding,Online,15,Incomplete,Incomplete,,
ONB000526,DUD100526,2021-06-06,2021-06-14,Experienced Teacher Onboarding,Online,8,Completed,Passed,3,
ONB000527,DUD100527,2025-07-09,,Standard Teacher Onboarding,Hybrid,17,Incomplete,Incomplete,,
ONB000528,DUD100528,2026-03-26,,Experienced Teacher Onboarding,In-person,17,Incomplete,Incomplete,,
ONB000529,DUD100529,2023-03-19,,Experienced Teacher Onboarding,Online,18,Incomplete,Incomplete,,
ONB000530,DUD100530,2023-05-20,2023-05-30,Standard Teacher Onboarding,Hybrid,10,Completed,Passed,5,
ONB000531,DUD100531,2024-07-07,2024-07-16,Experienced Teacher Onboarding,In-person,9,Completed,Passed,5,
ONB000532,DUD100532,2024-01-08,2024-01-15,Standard Teacher Onboarding,Online,7,Completed,Needs Improvement,1,
ONB000533,DUD100533,2024-06-12,2024-06-21,Rehire Onboarding,Online,9,Completed,Satisfactory,4,
ONB000534,DUD100534,2021-06-12,2021-06-20,Experienced Teacher Onboarding,In-person,8,Delayed,Satisfactory,1,
ONB000535,DUD100535,2025-12-01,2025-12-16,Experienced Teacher Onboarding,In-person,15,Completed,Satisfactory,1,
ONB000536,DUD100536,2025-03-26,,Experienced Teacher Onboarding,Online,7,Incomplete,Incomplete,,
ONB000537,DUD100537,2023-02-28,,Rehire Onboarding,Hybrid,9,Incomplete,Incomplete,,
ONB000538,DUD100538,2026-02-11,2026-02-25,Experienced Teacher Onboarding,Hybrid,14,Completed,Satisfactory,2,
ONB000539,DUD100539,2024-10-13,2024-10-27,Rehire Onboarding,Online,14,Completed,Passed,1,
ONB000540,DUD100540,2021-07-26,2021-08-02,Rehire Onboarding,Online,7,Completed,Passed,4,
ONB000541,DUD100541,2026-01-19,2026-01-31,Experienced Teacher Onboarding,In-person,12,Completed,Needs Improvement,1,
ONB000542,DUD100542,2025-09-05,2025-09-23,Standard Teacher Onboarding,In-person,18,Completed,Satisfactory,4,
ONB000543,DUD100543,2021-08-04,2021-08-12,Experienced Teacher Onboarding,In-person,8,Completed,Satisfactory,2,
ONB000544,DUD100544,2022-02-28,2022-03-10,Experienced Teacher Onboarding,In-person,10,Completed,Satisfactory,5,
ONB000545,DUD100545,2023-12-25,2024-01-11,Rehire Onboarding,Hybrid,17,Completed,Needs Improvement,5,
ONB000546,DUD100546,2025-11-24,2025-12-11,Experienced Teacher Onboarding,In-person,17,Completed,Passed,4,
ONB000547,DUD100547,2022-08-02,,Experienced Teacher Onboarding,Online,15,Incomplete,Incomplete,,
ONB000548,DUD100548,2025-12-31,,Standard Teacher Onboarding,Online,9,Incomplete,Incomplete,,
ONB000549,DUD100549,2025-06-13,2025-07-04,Standard Teacher Onboarding,In-person,21,Completed,Satisfactory,4,
ONB000550,DUD100550,2024-06-04,2024-06-13,Experienced Teacher Onboarding,In-person,9,Delayed,Passed,1,
ONB000551,DUD100551,2025-12-01,2025-12-10,Experienced Teacher Onboarding,Hybrid,9,Completed,Passed,2,
ONB000552,DUD100552,2023-06-26,2023-07-10,Standard Teacher Onboarding,In-person,14,Delayed,Needs Improvement,5,
ONB000553,DUD100553,2021-01-26,2021-02-15,Standard Teacher Onboarding,Online,20,Completed,Needs Improvement,3,
ONB000554,DUD100554,2026-01-03,2026-01-10,Standard Teacher Onboarding,In-person,7,Completed,Satisfactory,3,
ONB000555,DUD100555,2025-11-17,2025-11-30,Standard Teacher Onboarding,In-person,13,Completed,Passed,2,
ONB000556,DUD100556,2024-01-28,2024-02-18,Standard Teacher Onboarding,Hybrid,21,Delayed,Needs Improvement,2,
ONB000557,DUD100557,2025-12-19,,Rehire Onboarding,Hybrid,14,Incomplete,Incomplete,,
ONB000558,DUD100558,2025-01-12,2025-01-25,Experienced Teacher Onboarding,Hybrid,13,Delayed,Passed,4,
ONB000559,DUD100559,2022-09-27,2022-10-10,Standard Teacher Onboarding,Hybrid,13,Completed,Passed,4,
ONB000560,DUD100560,2024-05-01,,Standard Teacher Onboarding,Hybrid,10,Incomplete,Incomplete,,
ONB000561,DUD100561,2021-10-18,2021-10-29,Experienced Teacher Onboarding,Hybrid,11,Completed,Passed,2,
ONB000562,DUD100562,2024-11-19,,Rehire Onboarding,Hybrid,19,Incomplete,Incomplete,,
ONB000563,DUD100563,2021-06-22,2021-07-07,Rehire Onboarding,Hybrid,15,Completed,Needs Improvement,3,
ONB000564,DUD100564,2024-02-19,2024-03-08,Standard Teacher Onboarding,In-person,18,Completed,Satisfactory,3,
ONB000565,DUD100565,2023-04-20,2023-05-08,Standard Teacher Onboarding,In-person,18,Completed,Needs Improvement,4,
ONB000566,DUD100566,2022-09-20,2022-09-27,Experienced Teacher Onboarding,Hybrid,7,Delayed,Satisfactory,4,
ONB000567,DUD100567,2023-12-09,2023-12-25,Standard Teacher Onboarding,Hybrid,16,Completed,Needs Improvement,2,
ONB000568,DUD100568,2025-04-23,2025-05-13,Experienced Teacher Onboarding,In-person,20,Completed,Passed,1,
ONB000569,DUD100569,2022-06-24,2022-07-12,Standard Teacher Onboarding,In-person,18,Delayed,Satisfactory,5,
ONB000570,DUD100570,2024-07-10,2024-07-23,Experienced Teacher Onboarding,Online,13,Delayed,Passed,1,
ONB000571,DUD100571,2024-01-13,2024-01-20,Standard Teacher Onboarding,In-person,7,Completed,Needs Improvement,5,
ONB000572,DUD100572,2022-04-20,2022-04-27,Standard Teacher Onboarding,Hybrid,7,Completed,Satisfactory,3,
ONB000573,DUD100573,2022-03-05,2022-03-14,Rehire Onboarding,Online,9,Completed,Needs Improvement,5,
ONB000574,DUD100574,2025-07-22,2025-08-12,Experienced Teacher Onboarding,In-person,21,Completed,Passed,4,
ONB000575,DUD100575,2023-12-21,2024-01-01,Experienced Teacher Onboarding,In-person,11,Completed,Passed,1,
ONB000576,DUD100576,2023-04-16,2023-05-05,Rehire Onboarding,Online,19,Completed,Passed,3,
ONB000577,DUD100577,2022-07-16,,Experienced Teacher Onboarding,In-person,18,Incomplete,Incomplete,,
ONB000578,DUD100578,2021-05-28,2021-06-10,Standard Teacher Onboarding,Hybrid,13,Completed,Needs Improvement,1,
ONB000579,DUD100579,2022-11-11,,Standard Teacher Onboarding,Online,19,Incomplete,Incomplete,,
ONB000580,DUD100580,2021-07-11,2021-07-26,Rehire Onboarding,Online,15,Completed,Passed,3,
ONB000581,DUD100581,2022-07-29,2022-08-05,Rehire Onboarding,Online,7,Completed,Needs Improvement,1,
ONB000582,DUD100582,2022-01-15,2022-01-22,Rehire Onboarding,In-person,7,Completed,Satisfactory,3,
ONB000583,DUD100583,2024-08-20,,Standard Teacher Onboarding,In-person,19,Incomplete,Incomplete,,
ONB000584,DUD100584,2023-04-18,,Experienced Teacher Onboarding,In-person,21,Incomplete,Incomplete,,
ONB000585,DUD100585,2022-03-22,2022-03-30,Rehire Onboarding,Hybrid,8,Delayed,Needs Improvement,1,
ONB000586,DUD100586,2022-01-10,2022-01-24,Experienced Teacher Onboarding,Hybrid,14,Completed,Satisfactory,3,
ONB000587,DUD100587,2021-07-30,2021-08-11,Rehire Onboarding,In-person,12,Delayed,Needs Improvement,4,
ONB000588,DUD100588,2022-07-21,2022-08-05,Rehire Onboarding,Online,15,Completed,Needs Improvement,5,
ONB000589,DUD100589,2021-09-05,2021-09-24,Experienced Teacher Onboarding,Hybrid,19,Completed,Needs Improvement,5,
ONB000590,DUD100590,2022-10-08,2022-10-22,Experienced Teacher Onboarding,Hybrid,14,Completed,Needs Improvement,5,
ONB000591,DUD100591,2023-01-31,2023-02-16,Rehire Onboarding,Online,16,Completed,Passed,1,
ONB000592,DUD100592,2024-11-05,2024-11-23,Experienced Teacher Onboarding,Online,18,Completed,Passed,1,
ONB000593,DUD100593,2023-07-26,2023-08-07,Standard Teacher Onboarding,Online,12,Completed,Satisfactory,3,
ONB000594,DUD100594,2024-08-08,2024-08-24,Standard Teacher Onboarding,Online,16,Completed,Passed,1,
ONB000595,DUD100595,2024-08-23,2024-09-09,Standard Teacher Onboarding,Hybrid,17,Completed,Passed,1,
ONB000596,DUD100596,2025-06-21,2025-07-06,Experienced Teacher Onboarding,Hybrid,15,Delayed,Satisfactory,3,
ONB000597,DUD100597,2023-03-11,2023-03-22,Experienced Teacher Onboarding,Online,11,Completed,Passed,4,
ONB000598,DUD100598,2026-03-22,2026-03-31,Rehire Onboarding,Hybrid,9,Completed,Needs Improvement,4,
ONB000599,DUD100599,2022-08-15,2022-08-29,Standard Teacher Onboarding,In-person,14,Completed,Needs Improvement,5,
ONB000600,DUD100600,2026-06-12,2026-06-24,Experienced Teacher Onboarding,In-person,12,Delayed,Satisfactory,1,
ONB000601,DUD100601,2022-10-03,2022-10-21,Standard Teacher Onboarding,In-person,18,Completed,Passed,3,
ONB000602,DUD100602,2021-05-05,,Rehire Onboarding,In-person,18,Incomplete,Incomplete,,
ONB000603,DUD100603,2023-04-02,2023-04-13,Rehire Onboarding,Online,11,Completed,Passed,5,
ONB000604,DUD100604,2025-03-08,2025-03-27,Standard Teacher Onboarding,Online,19,Completed,Passed,4,
ONB000605,DUD100605,2025-10-04,2025-10-23,Standard Teacher Onboarding,In-person,19,Completed,Satisfactory,2,
ONB000606,DUD100606,2024-08-24,2024-08-31,Experienced Teacher Onboarding,Online,7,Completed,Satisfactory,2,
ONB000607,DUD100607,2025-06-19,2025-07-04,Rehire Onboarding,Online,15,Completed,Passed,2,
ONB000608,DUD100608,2023-10-31,2023-11-19,Standard Teacher Onboarding,Hybrid,19,Completed,Passed,2,
ONB000609,DUD100609,2022-01-15,2022-01-25,Experienced Teacher Onboarding,In-person,10,Completed,Passed,1,
ONB000610,DUD100610,2021-05-31,2021-06-14,Rehire Onboarding,In-person,14,Completed,Passed,1,
ONB000611,DUD100611,2021-06-10,,Experienced Teacher Onboarding,In-person,15,Incomplete,Incomplete,,
ONB000612,DUD100612,2023-12-08,2023-12-18,Standard Teacher Onboarding,In-person,10,Completed,Needs Improvement,2,
ONB000613,DUD100613,2023-02-10,2023-02-17,Experienced Teacher Onboarding,In-person,7,Completed,Satisfactory,2,
ONB000614,DUD100614,2025-10-04,2025-10-11,Experienced Teacher Onboarding,In-person,7,Completed,Passed,5,
ONB000615,DUD100615,2026-02-21,2026-03-12,Experienced Teacher Onboarding,In-person,19,Completed,Satisfactory,2,
ONB000616,DUD100616,2026-07-14,2026-07-25,Standard Teacher Onboarding,Online,11,Completed,Passed,5,
ONB000617,DUD100617,2025-08-20,2025-08-30,Rehire Onboarding,In-person,10,Completed,Passed,2,
ONB000618,DUD100618,2023-05-15,,Experienced Teacher Onboarding,In-person,10,Incomplete,Incomplete,,
ONB000619,DUD100619,2024-02-05,2024-02-26,Rehire Onboarding,Hybrid,21,Completed,Needs Improvement,2,
ONB000620,DUD100620,2024-01-28,2024-02-18,Rehire Onboarding,In-person,21,Completed,Needs Improvement,2,
ONB000621,DUD100621,2022-07-27,2022-08-04,Standard Teacher Onboarding,Online,8,Delayed,Satisfactory,3,
ONB000622,DUD100622,2021-04-15,2021-05-06,Rehire Onboarding,Hybrid,21,Completed,Needs Improvement,4,
ONB000623,DUD100623,2021-04-10,2021-04-19,Standard Teacher Onboarding,Online,9,Completed,Passed,1,
ONB000624,DUD100624,2026-03-29,,Experienced Teacher Onboarding,Online,21,Incomplete,Incomplete,,
ONB000625,DUD100625,2021-06-11,2021-06-20,Standard Teacher Onboarding,In-person,9,Delayed,Satisfactory,1,
ONB000626,DUD100626,2023-04-18,2023-05-08,Experienced Teacher Onboarding,Hybrid,20,Completed,Satisfactory,2,
ONB000627,DUD100627,2025-11-15,2025-11-22,Rehire Onboarding,In-person,7,Completed,Passed,2,
ONB000628,DUD100628,2022-02-13,,Rehire Onboarding,Online,20,Incomplete,Incomplete,,
ONB000629,DUD100629,2026-03-26,,Rehire Onboarding,Online,13,Incomplete,Incomplete,,
ONB000630,DUD100630,2024-06-01,2024-06-17,Standard Teacher Onboarding,In-person,16,Completed,Passed,3,
ONB000631,DUD100631,2023-08-24,2023-09-06,Experienced Teacher Onboarding,Hybrid,13,Delayed,Passed,3,
ONB000632,DUD100632,2022-07-25,,Standard Teacher Onboarding,Hybrid,15,Incomplete,Incomplete,,
ONB000633,DUD100633,2026-03-15,2026-04-03,Standard Teacher Onboarding,Online,19,Delayed,Satisfactory,1,
ONB000634,DUD100634,2021-01-29,2021-02-17,Standard Teacher Onboarding,Hybrid,19,Completed,Passed,4,
ONB000635,DUD100635,2025-01-12,2025-01-27,Rehire Onboarding,Hybrid,15,Delayed,Needs Improvement,5,
ONB000636,DUD100636,2021-06-06,,Experienced Teacher Onboarding,Online,10,Incomplete,Incomplete,,
ONB000637,DUD100637,2022-10-27,2022-11-15,Rehire Onboarding,Online,19,Completed,Satisfactory,3,
ONB000638,DUD100638,2023-11-18,,Rehire Onboarding,Online,9,Incomplete,Incomplete,,
ONB000639,DUD100639,2022-09-17,,Standard Teacher Onboarding,In-person,12,Incomplete,Incomplete,,
ONB000640,DUD100640,2024-08-31,2024-09-15,Standard Teacher Onboarding,In-person,15,Completed,Passed,4,
ONB000641,DUD100641,2025-09-05,,Rehire Onboarding,Online,18,Incomplete,Incomplete,,
ONB000642,DUD100642,2021-07-12,2021-08-02,Experienced Teacher Onboarding,In-person,21,Completed,Needs Improvement,5,
ONB000643,DUD100643,2022-12-02,2022-12-09,Experienced Teacher Onboarding,Hybrid,7,Completed,Needs Improvement,5,
ONB000644,DUD100644,2023-09-16,2023-10-02,Standard Teacher Onboarding,In-person,16,Completed,Satisfactory,1,
ONB000645,DUD100645,2024-11-12,2024-11-27,Standard Teacher Onboarding,In-person,15,Completed,Needs Improvement,3,
ONB000646,DUD100646,2021-06-22,2021-07-04,Experienced Teacher Onboarding,Hybrid,12,Completed,Passed,4,
ONB000647,DUD100647,2024-07-16,,Standard Teacher Onboarding,Hybrid,21,Incomplete,Incomplete,,
ONB000648,DUD100648,2023-08-08,2023-08-19,Experienced Teacher Onboarding,Hybrid,11,Delayed,Needs Improvement,2,
ONB000649,DUD100649,2023-01-01,2023-01-20,Rehire Onboarding,In-person,19,Delayed,Passed,1,
ONB000650,DUD100650,2023-06-29,,Standard Teacher Onboarding,Online,9,Incomplete,Incomplete,,
ONB000651,DUD100651,2021-09-28,2021-10-19,Rehire Onboarding,In-person,21,Completed,Satisfactory,2,
ONB000652,DUD100652,2025-10-01,,Experienced Teacher Onboarding,Online,20,Incomplete,Incomplete,,
ONB000653,DUD100653,2025-03-19,2025-03-28,Experienced Teacher Onboarding,Online,9,Completed,Passed,2,
ONB000654,DUD100654,2022-08-01,2022-08-16,Standard Teacher Onboarding,Online,15,Completed,Needs Improvement,3,
ONB000655,DUD100655,2023-03-24,2023-04-02,Standard Teacher Onboarding,In-person,9,Completed,Needs Improvement,3,
ONB000656,DUD100656,2024-09-10,,Standard Teacher Onboarding,Hybrid,11,Incomplete,Incomplete,,
ONB000657,DUD100657,2023-05-31,2023-06-08,Experienced Teacher Onboarding,Online,8,Completed,Passed,1,
ONB000658,DUD100658,2024-04-14,2024-04-25,Rehire Onboarding,Online,11,Delayed,Passed,5,
ONB000659,DUD100659,2021-02-13,2021-02-28,Experienced Teacher Onboarding,In-person,15,Completed,Satisfactory,4,
ONB000660,DUD100660,2025-07-07,2025-07-14,Experienced Teacher Onboarding,Online,7,Completed,Needs Improvement,5,
ONB000661,DUD100661,2025-09-12,2025-09-19,Experienced Teacher Onboarding,Hybrid,7,Completed,Passed,4,
ONB000662,DUD100662,2023-02-15,2023-02-28,Standard Teacher Onboarding,Online,13,Delayed,Passed,1,
ONB000663,DUD100663,2025-04-17,,Experienced Teacher Onboarding,Online,16,Incomplete,Incomplete,,
ONB000664,DUD100664,2024-11-17,2024-11-30,Standard Teacher Onboarding,In-person,13,Delayed,Satisfactory,1,
ONB000665,DUD100665,2022-01-21,,Rehire Onboarding,In-person,21,Incomplete,Incomplete,,
ONB000666,DUD100666,2021-04-30,,Standard Teacher Onboarding,In-person,17,Incomplete,Incomplete,,
ONB000667,DUD100667,2025-04-25,,Rehire Onboarding,In-person,12,Incomplete,Incomplete,,
ONB000668,DUD100668,2025-06-22,2025-07-12,Rehire Onboarding,Hybrid,20,Delayed,Passed,5,
ONB000669,DUD100669,2024-05-10,2024-05-24,Standard Teacher Onboarding,Hybrid,14,Completed,Satisfactory,1,
ONB000670,DUD100670,2024-11-27,2024-12-16,Experienced Teacher Onboarding,Online,19,Delayed,Needs Improvement,1,
ONB000671,DUD100671,2023-08-12,2023-08-30,Standard Teacher Onboarding,Online,18,Completed,Needs Improvement,4,
ONB000672,DUD100672,2024-10-01,2024-10-09,Rehire Onboarding,Hybrid,8,Completed,Passed,2,
ONB000673,DUD100673,2024-03-30,2024-04-09,Experienced Teacher Onboarding,Hybrid,10,Completed,Needs Improvement,5,
ONB000674,DUD100674,2023-10-12,2023-10-26,Experienced Teacher Onboarding,Online,14,Completed,Satisfactory,4,
ONB000675,DUD100675,2024-07-16,2024-07-27,Rehire Onboarding,In-person,11,Completed,Passed,1,
ONB000676,DUD100676,2023-07-01,2023-07-18,Experienced Teacher Onboarding,In-person,17,Delayed,Needs Improvement,1,
ONB000677,DUD100677,2025-11-09,2025-11-19,Experienced Teacher Onboarding,Online,10,Completed,Passed,5,
ONB000678,DUD100678,2021-06-10,2021-06-18,Experienced Teacher Onboarding,In-person,8,Completed,Satisfactory,2,
ONB000679,DUD100679,2024-03-17,2024-03-25,Experienced Teacher Onboarding,Hybrid,8,Completed,Passed,5,
ONB000680,DUD100680,2022-02-02,2022-02-09,Rehire Onboarding,Hybrid,7,Completed,Passed,2,
ONB000681,DUD100681,2021-07-21,2021-08-01,Rehire Onboarding,Online,11,Delayed,Passed,4,
ONB000682,DUD100682,2021-10-16,2021-10-25,Rehire Onboarding,Online,9,Completed,Passed,4,
ONB000683,DUD100683,2022-07-02,2022-07-22,Experienced Teacher Onboarding,In-person,20,Completed,Passed,1,
ONB000684,DUD100684,2021-04-11,2021-04-30,Experienced Teacher Onboarding,In-person,19,Delayed,Satisfactory,2,
ONB000685,DUD100685,2022-06-22,2022-07-03,Rehire Onboarding,In-person,11,Completed,Satisfactory,5,
ONB000686,DUD100686,2026-07-14,2026-07-21,Experienced Teacher Onboarding,Hybrid,7,Completed,Passed,3,
ONB000687,DUD100687,2024-12-24,2025-01-07,Standard Teacher Onboarding,Online,14,Delayed,Passed,1,
ONB000688,DUD100688,2021-09-21,2021-10-11,Standard Teacher Onboarding,Hybrid,20,Completed,Passed,3,
ONB000689,DUD100689,2021-11-11,2021-11-20,Standard Teacher Onboarding,Online,9,Completed,Passed,1,
ONB000690,DUD100690,2023-11-08,,Experienced Teacher Onboarding,Online,21,Incomplete,Incomplete,,
ONB000691,DUD100691,2023-01-24,,Rehire Onboarding,Hybrid,20,Incomplete,Incomplete,,
ONB000692,DUD100692,2022-02-03,2022-02-16,Experienced Teacher Onboarding,Online,13,Delayed,Passed,5,
ONB000693,DUD100693,2025-01-28,2025-02-04,Rehire Onboarding,Hybrid,7,Completed,Satisfactory,5,
ONB000694,DUD100694,2025-03-02,,Rehire Onboarding,Hybrid,13,Incomplete,Incomplete,,
ONB000695,DUD100695,2025-10-08,2025-10-29,Standard Teacher Onboarding,In-person,21,Completed,Passed,2,
ONB000696,DUD100696,2021-12-27,,Rehire Onboarding,Hybrid,12,Incomplete,Incomplete,,
ONB000697,DUD100697,2024-01-10,2024-01-17,Standard Teacher Onboarding,In-person,7,Completed,Satisfactory,3,
ONB000698,DUD100698,2024-04-25,2024-05-03,Standard Teacher Onboarding,Online,8,Delayed,Needs Improvement,5,
ONB000699,DUD100699,2023-08-03,2023-08-20,Rehire Onboarding,In-person,17,Completed,Passed,3,
ONB000700,DUD100700,2025-09-15,2025-09-27,Experienced Teacher Onboarding,Hybrid,12,Completed,Passed,3,
ONB000701,DUD100701,2026-06-21,2026-07-04,Standard Teacher Onboarding,In-person,13,Completed,Satisfactory,1,
ONB000702,DUD100702,2021-07-24,2021-08-08,Experienced Teacher Onboarding,In-person,15,Delayed,Satisfactory,2,
ONB000703,DUD100703,2026-06-13,,Rehire Onboarding,In-person,9,Incomplete,Incomplete,,
ONB000704,DUD100704,2024-12-10,2024-12-20,Rehire Onboarding,Hybrid,10,Completed,Satisfactory,3,
ONB000705,DUD100705,2025-08-21,2025-08-29,Rehire Onboarding,Hybrid,8,Completed,Needs Improvement,2,
ONB000706,DUD100706,2026-04-03,2026-04-10,Standard Teacher Onboarding,Hybrid,7,Completed,Passed,4,
ONB000707,DUD100707,2022-11-30,2022-12-13,Experienced Teacher Onboarding,Hybrid,13,Completed,Passed,1,
ONB000708,DUD100708,2022-06-17,2022-06-25,Rehire Onboarding,Hybrid,8,Delayed,Satisfactory,5,
ONB000709,DUD100709,2023-12-27,2024-01-06,Experienced Teacher Onboarding,Hybrid,10,Delayed,Passed,4,
ONB000710,DUD100710,2026-04-15,2026-05-01,Standard Teacher Onboarding,In-person,16,Completed,Passed,1,
ONB000711,DUD100711,2022-08-14,2022-09-01,Standard Teacher Onboarding,Online,18,Completed,Passed,3,
ONB000712,DUD100712,2026-02-02,2026-02-09,Rehire Onboarding,Online,7,Delayed,Needs Improvement,3,
ONB000713,DUD100713,2022-09-27,,Standard Teacher Onboarding,Online,7,Incomplete,Incomplete,,
ONB000714,DUD100714,2021-01-23,,Experienced Teacher Onboarding,Hybrid,16,Incomplete,Incomplete,,
ONB000715,DUD100715,2024-04-18,2024-05-08,Rehire Onboarding,Hybrid,20,Delayed,Needs Improvement,1,
ONB000716,DUD100716,2022-08-05,,Rehire Onboarding,In-person,19,Incomplete,Incomplete,,
ONB000717,DUD100717,2022-01-09,2022-01-27,Rehire Onboarding,In-person,18,Delayed,Satisfactory,2,
ONB000718,DUD100718,2024-03-31,2024-04-19,Experienced Teacher Onboarding,Online,19,Completed,Needs Improvement,1,
ONB000719,DUD100719,2021-02-15,2021-03-03,Rehire Onboarding,Hybrid,16,Delayed,Passed,2,
ONB000720,DUD100720,2021-03-19,2021-04-06,Standard Teacher Onboarding,Online,18,Completed,Passed,1,
ONB000721,DUD100721,2021-02-26,2021-03-08,Experienced Teacher Onboarding,Hybrid,10,Completed,Satisfactory,4,
ONB000722,DUD100722,2022-07-16,2022-07-29,Rehire Onboarding,In-person,13,Completed,Passed,2,
ONB000723,DUD100723,2024-02-29,2024-03-14,Rehire Onboarding,Hybrid,14,Delayed,Passed,1,
ONB000724,DUD100724,2023-05-07,,Experienced Teacher Onboarding,Hybrid,10,Incomplete,Incomplete,,
ONB000725,DUD100725,2025-09-16,2025-10-03,Experienced Teacher Onboarding,Online,17,Delayed,Satisfactory,5,
ONB000726,DUD100726,2023-12-26,2024-01-10,Rehire Onboarding,Hybrid,15,Delayed,Needs Improvement,1,
ONB000727,DUD100727,2024-04-26,2024-05-05,Standard Teacher Onboarding,Online,9,Completed,Passed,2,
ONB000728,DUD100728,2023-02-17,2023-03-10,Rehire Onboarding,In-person,21,Completed,Passed,4,
ONB000729,DUD100729,2022-10-19,2022-10-31,Standard Teacher Onboarding,Hybrid,12,Completed,Satisfactory,4,
ONB000730,DUD100730,2022-08-11,2022-08-27,Experienced Teacher Onboarding,Hybrid,16,Delayed,Needs Improvement,2,
ONB000731,DUD100731,2025-11-07,2025-11-19,Rehire Onboarding,In-person,12,Completed,Needs Improvement,3,
ONB000732,DUD100732,2022-07-31,,Standard Teacher Onboarding,Hybrid,15,Incomplete,Incomplete,,
ONB000733,DUD100733,2023-07-21,2023-08-08,Standard Teacher Onboarding,Online,18,Completed,Satisfactory,5,
ONB000734,DUD100734,2025-04-24,2025-05-07,Standard Teacher Onboarding,In-person,13,Completed,Passed,1,
ONB000735,DUD100735,2023-07-04,2023-07-17,Rehire Onboarding,In-person,13,Delayed,Passed,4,
ONB000736,DUD100736,2023-08-28,2023-09-08,Standard Teacher Onboarding,Online,11,Delayed,Satisfactory,2,
ONB000737,DUD100737,2024-01-27,2024-02-07,Standard Teacher Onboarding,Online,11,Completed,Passed,1,
ONB000738,DUD100738,2025-03-18,2025-03-28,Rehire Onboarding,Hybrid,10,Completed,Needs Improvement,2,
ONB000739,DUD100739,2023-09-21,2023-10-02,Experienced Teacher Onboarding,Hybrid,11,Delayed,Satisfactory,1,
ONB000740,DUD100740,2025-09-24,,Rehire Onboarding,Hybrid,17,Incomplete,Incomplete,,
ONB000741,DUD100741,2024-06-02,,Experienced Teacher Onboarding,Hybrid,15,Incomplete,Incomplete,,
ONB000742,DUD100742,2025-02-09,,Rehire Onboarding,In-person,7,Incomplete,Incomplete,,
ONB000743,DUD100743,2026-04-21,2026-04-30,Rehire Onboarding,Online,9,Delayed,Passed,5,
ONB000744,DUD100744,2021-05-01,2021-05-21,Rehire Onboarding,Online,20,Completed,Passed,1,
ONB000745,DUD100745,2023-09-08,,Experienced Teacher Onboarding,In-person,14,Incomplete,Incomplete,,
ONB000746,DUD100746,2022-10-24,2022-11-06,Standard Teacher Onboarding,In-person,13,Completed,Passed,5,
ONB000747,DUD100747,2025-08-20,2025-09-09,Standard Teacher Onboarding,In-person,20,Completed,Passed,5,
ONB000748,DUD100748,2022-08-04,2022-08-12,Experienced Teacher Onboarding,In-person,8,Completed,Passed,2,
ONB000749,DUD100749,2025-03-16,2025-03-31,Standard Teacher Onboarding,Online,15,Completed,Satisfactory,1,
ONB000750,DUD100750,2025-09-05,2025-09-16,Standard Teacher Onboarding,In-person,11,Completed,Passed,2,
ONB000751,DUD100751,2025-02-24,2025-03-13,Rehire Onboarding,In-person,17,Completed,Needs Improvement,4,
ONB000752,DUD100752,2023-01-04,2023-01-22,Experienced Teacher Onboarding,Online,18,Completed,Needs Improvement,5,
ONB000753,DUD100753,2022-05-15,2022-05-22,Standard Teacher Onboarding,Hybrid,7,Completed,Needs Improvement,4,
ONB000754,DUD100754,2024-01-22,2024-02-09,Standard Teacher Onboarding,Online,18,Delayed,Needs Improvement,4,
ONB000755,DUD100755,2023-10-01,2023-10-08,Experienced Teacher Onboarding,Hybrid,7,Completed,Needs Improvement,1,
ONB000756,DUD100756,2021-08-15,2021-09-03,Standard Teacher Onboarding,In-person,19,Completed,Satisfactory,2,
ONB000757,DUD100757,2023-03-27,2023-04-12,Rehire Onboarding,Hybrid,16,Completed,Satisfactory,1,
ONB000758,DUD100758,2021-10-26,2021-11-13,Rehire Onboarding,In-person,18,Completed,Satisfactory,4,
ONB000759,DUD100759,2024-04-18,2024-04-27,Standard Teacher Onboarding,In-person,9,Completed,Satisfactory,4,
ONB000760,DUD100760,2024-03-31,2024-04-21,Standard Teacher Onboarding,Hybrid,21,Completed,Passed,1,
ONB000761,DUD100761,2022-10-29,2022-11-19,Standard Teacher Onboarding,In-person,21,Delayed,Passed,5,
ONB000762,DUD100762,2025-03-31,2025-04-13,Standard Teacher Onboarding,Hybrid,13,Completed,Passed,3,
ONB000763,DUD100763,2022-07-26,2022-08-13,Experienced Teacher Onboarding,Online,18,Delayed,Passed,1,
ONB000764,DUD100764,2021-12-23,2021-12-31,Standard Teacher Onboarding,Online,8,Completed,Passed,2,
ONB000765,DUD100765,2024-02-20,2024-03-04,Standard Teacher Onboarding,Online,13,Delayed,Needs Improvement,1,
ONB000766,DUD100766,2023-03-01,2023-03-13,Standard Teacher Onboarding,Online,12,Completed,Passed,1,
ONB000767,DUD100767,2025-09-12,2025-09-24,Standard Teacher Onboarding,Hybrid,12,Delayed,Passed,5,
ONB000768,DUD100768,2022-12-28,,Experienced Teacher Onboarding,Online,7,Incomplete,Incomplete,,
ONB000769,DUD100769,2026-06-21,,Standard Teacher Onboarding,Online,9,Incomplete,Incomplete,,
ONB000770,DUD100770,2022-09-26,2022-10-04,Rehire Onboarding,Hybrid,8,Completed,Passed,5,
ONB000771,DUD100771,2023-06-01,,Standard Teacher Onboarding,In-person,20,Incomplete,Incomplete,,
ONB000772,DUD100772,2021-12-22,,Standard Teacher Onboarding,In-person,9,Incomplete,Incomplete,,
ONB000773,DUD100773,2023-12-15,2023-12-27,Rehire Onboarding,In-person,12,Delayed,Needs Improvement,1,
ONB000774,DUD100774,2025-03-15,2025-03-23,Standard Teacher Onboarding,In-person,8,Completed,Passed,2,
ONB000775,DUD100775,2021-04-17,2021-04-26,Standard Teacher Onboarding,Online,9,Completed,Needs Improvement,1,
ONB000776,DUD100776,2023-04-23,2023-05-06,Rehire Onboarding,Hybrid,13,Delayed,Needs Improvement,5,
ONB000777,DUD100777,2025-03-23,2025-04-09,Standard Teacher Onboarding,Hybrid,17,Completed,Passed,1,
ONB000778,DUD100778,2022-08-29,,Standard Teacher Onboarding,Online,12,Incomplete,Incomplete,,
ONB000779,DUD100779,2023-02-09,,Standard Teacher Onboarding,Online,14,Incomplete,Incomplete,,
ONB000780,DUD100780,2023-05-15,2023-06-03,Rehire Onboarding,Hybrid,19,Completed,Passed,2,
ONB000781,DUD100781,2023-09-04,2023-09-14,Experienced Teacher Onboarding,In-person,10,Completed,Satisfactory,1,
ONB000782,DUD100782,2023-08-10,2023-08-30,Standard Teacher Onboarding,Hybrid,20,Completed,Satisfactory,1,
ONB000783,DUD100783,2023-09-01,,Experienced Teacher Onboarding,Hybrid,19,Incomplete,Incomplete,,
ONB000784,DUD100784,2021-04-21,2021-05-05,Experienced Teacher Onboarding,In-person,14,Completed,Passed,1,
ONB000785,DUD100785,2021-06-10,,Rehire Onboarding,Online,18,Incomplete,Incomplete,,
ONB000786,DUD100786,2025-02-21,2025-03-03,Standard Teacher Onboarding,Hybrid,10,Delayed,Passed,2,
ONB000787,DUD100787,2025-07-19,2025-08-02,Standard Teacher Onboarding,Online,14,Completed,Passed,2,
ONB000788,DUD100788,2022-10-02,2022-10-22,Experienced Teacher Onboarding,Online,20,Completed,Passed,2,
ONB000789,DUD100789,2021-07-06,,Rehire Onboarding,Hybrid,16,Incomplete,Incomplete,,
ONB000790,DUD100790,2023-01-11,2023-01-30,Experienced Teacher Onboarding,Online,19,Completed,Needs Improvement,3,
ONB000791,DUD100791,2024-06-08,2024-06-16,Experienced Teacher Onboarding,Hybrid,8,Completed,Satisfactory,1,
ONB000792,DUD100792,2022-02-15,2022-02-22,Rehire Onboarding,Online,7,Completed,Satisfactory,3,
ONB000793,DUD100793,2021-01-28,,Experienced Teacher Onboarding,Hybrid,17,Incomplete,Incomplete,,
ONB000794,DUD100794,2021-04-28,2021-05-09,Standard Teacher Onboarding,Hybrid,11,Completed,Passed,1,
ONB000795,DUD100795,2022-10-01,,Rehire Onboarding,Hybrid,17,Incomplete,Incomplete,,
ONB000796,DUD100796,2026-07-20,2026-07-29,Experienced Teacher Onboarding,Hybrid,9,Completed,Passed,3,
ONB000797,DUD100797,2025-10-07,2025-10-24,Experienced Teacher Onboarding,Online,17,Completed,Satisfactory,3,
ONB000798,DUD100798,2022-07-09,,Experienced Teacher Onboarding,Hybrid,8,Incomplete,Incomplete,,
ONB000799,DUD100799,2025-11-23,2025-12-04,Experienced Teacher Onboarding,Online,11,Completed,Needs Improvement,3,
ONB000800,DUD100800,2023-09-22,2023-10-07,Standard Teacher Onboarding,Online,15,Completed,Needs Improvement,3,
ONB000801,DUD100801,2022-10-21,2022-10-30,Standard Teacher Onboarding,Hybrid,9,Completed,Satisfactory,2,
ONB000802,DUD100802,2023-06-20,,Standard Teacher Onboarding,In-person,15,Incomplete,Incomplete,,
ONB000803,DUD100803,2024-04-07,,Experienced Teacher Onboarding,Hybrid,13,Incomplete,Incomplete,,
ONB000804,DUD100804,2021-09-05,,Standard Teacher Onboarding,In-person,21,Incomplete,Incomplete,,
ONB000805,DUD100805,2024-01-21,2024-01-30,Standard Teacher Onboarding,In-person,9,Completed,Passed,1,
ONB000806,DUD100806,2021-10-18,2021-10-30,Standard Teacher Onboarding,Hybrid,12,Completed,Passed,1,
ONB000807,DUD100807,2022-07-09,2022-07-29,Rehire Onboarding,In-person,20,Delayed,Passed,2,
ONB000808,DUD100808,2021-03-05,2021-03-25,Standard Teacher Onboarding,Online,20,Completed,Passed,5,
ONB000809,DUD100809,2026-06-14,2026-07-05,Rehire Onboarding,In-person,21,Delayed,Needs Improvement,4,
ONB000810,DUD100810,2024-07-14,,Standard Teacher Onboarding,In-person,10,Incomplete,Incomplete,,
ONB000811,DUD100811,2025-08-10,2025-08-24,Experienced Teacher Onboarding,In-person,14,Completed,Passed,4,
ONB000812,DUD100812,2022-06-09,2022-06-20,Rehire Onboarding,In-person,11,Completed,Passed,4,
ONB000813,DUD100813,2022-10-31,2022-11-13,Experienced Teacher Onboarding,Online,13,Completed,Needs Improvement,2,
ONB000814,DUD100814,2024-01-26,2024-02-06,Standard Teacher Onboarding,In-person,11,Delayed,Needs Improvement,5,
ONB000815,DUD100815,2022-09-28,2022-10-15,Standard Teacher Onboarding,Online,17,Delayed,Passed,4,
ONB000816,DUD100816,2021-12-25,,Standard Teacher Onboarding,Hybrid,18,Incomplete,Incomplete,,
ONB000817,DUD100817,2025-05-13,,Rehire Onboarding,Hybrid,14,Incomplete,Incomplete,,
ONB000818,DUD100818,2024-05-22,2024-05-31,Experienced Teacher Onboarding,Hybrid,9,Delayed,Passed,4,
ONB000819,DUD100819,2024-11-24,2024-12-15,Standard Teacher Onboarding,Hybrid,21,Completed,Satisfactory,1,
ONB000820,DUD100820,2021-11-20,2021-12-01,Rehire Onboarding,Online,11,Completed,Passed,4,
ONB000821,DUD100821,2023-02-21,2023-02-28,Experienced Teacher Onboarding,Online,7,Completed,Passed,5,
ONB000822,DUD100822,2021-06-25,2021-07-09,Standard Teacher Onboarding,In-person,14,Completed,Needs Improvement,5,
ONB000823,DUD100823,2021-06-11,,Standard Teacher Onboarding,Hybrid,15,Incomplete,Incomplete,,
ONB000824,DUD100824,2022-12-01,2022-12-14,Rehire Onboarding,In-person,13,Completed,Passed,1,
ONB000825,DUD100825,2022-07-26,2022-08-03,Standard Teacher Onboarding,Hybrid,8,Completed,Satisfactory,1,
ONB000826,DUD100826,2021-01-26,2021-02-16,Rehire Onboarding,Online,21,Completed,Needs Improvement,5,
ONB000827,DUD100827,2021-12-13,2021-12-24,Rehire Onboarding,In-person,11,Completed,Satisfactory,2,
ONB000828,DUD100828,2021-11-25,,Standard Teacher Onboarding,Online,7,Incomplete,Incomplete,,
ONB000829,DUD100829,2023-02-02,2023-02-19,Experienced Teacher Onboarding,Online,17,Completed,Needs Improvement,1,
ONB000830,DUD100830,2026-02-11,2026-02-26,Rehire Onboarding,In-person,15,Completed,Passed,2,
ONB000831,DUD100831,2026-04-06,2026-04-23,Rehire Onboarding,Hybrid,17,Completed,Passed,4,
ONB000832,DUD100832,2023-09-12,,Standard Teacher Onboarding,In-person,7,Incomplete,Incomplete,,
ONB000833,DUD100833,2022-12-06,2022-12-25,Rehire Onboarding,Hybrid,19,Completed,Needs Improvement,5,
ONB000834,DUD100834,2026-02-05,,Rehire Onboarding,Online,7,Incomplete,Incomplete,,
ONB000835,DUD100835,2024-11-07,2024-11-15,Standard Teacher Onboarding,Hybrid,8,Completed,Needs Improvement,2,
ONB000836,DUD100836,2025-12-13,2026-01-02,Experienced Teacher Onboarding,In-person,20,Delayed,Passed,2,
ONB000837,DUD100837,2021-05-15,2021-06-05,Rehire Onboarding,Online,21,Delayed,Satisfactory,3,
ONB000838,DUD100838,2024-10-05,2024-10-14,Rehire Onboarding,Hybrid,9,Completed,Satisfactory,1,
ONB000839,DUD100839,2023-04-12,2023-04-28,Experienced Teacher Onboarding,In-person,16,Delayed,Passed,4,
ONB000840,DUD100840,2021-10-16,2021-11-03,Rehire Onboarding,Online,18,Completed,Passed,5,
ONB000841,DUD100841,2022-07-23,2022-08-03,Rehire Onboarding,In-person,11,Completed,Satisfactory,5,
ONB000842,DUD100842,2021-07-15,2021-08-03,Rehire Onboarding,Online,19,Delayed,Satisfactory,2,
ONB000843,DUD100843,2024-11-20,2024-12-01,Standard Teacher Onboarding,In-person,11,Completed,Needs Improvement,3,
ONB000844,DUD100844,2025-11-07,2025-11-23,Rehire Onboarding,Online,16,Delayed,Passed,2,
ONB000845,DUD100845,2025-05-13,2025-05-28,Experienced Teacher Onboarding,In-person,15,Completed,Passed,5,
ONB000846,DUD100846,2024-08-26,,Rehire Onboarding,In-person,19,Incomplete,Incomplete,,
ONB000847,DUD100847,2021-09-23,,Standard Teacher Onboarding,In-person,8,Incomplete,Incomplete,,
ONB000848,DUD100848,2024-02-11,2024-02-29,Standard Teacher Onboarding,Online,18,Delayed,Needs Improvement,3,
ONB000849,DUD100849,2024-11-03,2024-11-16,Rehire Onboarding,Hybrid,13,Delayed,Passed,1,
ONB000850,DUD100850,2026-05-19,2026-06-04,Experienced Teacher Onboarding,Online,16,Delayed,Needs Improvement,3,
ONB000851,DUD100851,2025-05-11,2025-05-29,Rehire Onboarding,Online,18,Delayed,Needs Improvement,4,
ONB000852,DUD100852,2026-07-02,2026-07-12,Standard Teacher Onboarding,Hybrid,10,Delayed,Needs Improvement,3,
ONB000853,DUD100853,2024-04-17,2024-05-02,Rehire Onboarding,Online,15,Delayed,Passed,4,
ONB000854,DUD100854,2023-10-12,2023-10-20,Standard Teacher Onboarding,In-person,8,Completed,Satisfactory,2,
ONB000855,DUD100855,2021-08-25,,Experienced Teacher Onboarding,Online,14,Incomplete,Incomplete,,
ONB000856,DUD100856,2021-08-16,2021-08-30,Rehire Onboarding,Hybrid,14,Completed,Passed,2,
ONB000857,DUD100857,2023-02-12,2023-03-01,Rehire Onboarding,In-person,17,Completed,Needs Improvement,2,
ONB000858,DUD100858,2022-12-23,2023-01-13,Standard Teacher Onboarding,Online,21,Completed,Satisfactory,4,
ONB000859,DUD100859,2024-12-30,2025-01-07,Rehire Onboarding,Online,8,Completed,Needs Improvement,1,
ONB000860,DUD100860,2024-12-20,2025-01-06,Standard Teacher Onboarding,Online,17,Completed,Passed,1,
ONB000861,DUD100861,2024-09-14,2024-09-30,Rehire Onboarding,In-person,16,Delayed,Satisfactory,2,
ONB000862,DUD100862,2025-09-27,2025-10-12,Standard Teacher Onboarding,Online,15,Completed,Passed,2,
ONB000863,DUD100863,2022-10-07,,Standard Teacher Onboarding,In-person,13,Incomplete,Incomplete,,
ONB000864,DUD100864,2021-10-14,2021-10-21,Rehire Onboarding,Hybrid,7,Completed,Satisfactory,1,
ONB000865,DUD100865,2023-05-29,2023-06-06,Experienced Teacher Onboarding,In-person,8,Delayed,Passed,5,
ONB000866,DUD100866,2022-12-29,2023-01-09,Experienced Teacher Onboarding,In-person,11,Delayed,Satisfactory,3,
ONB000867,DUD100867,2026-03-07,,Standard Teacher Onboarding,In-person,14,Incomplete,Incomplete,,
ONB000868,DUD100868,2026-07-21,,Experienced Teacher Onboarding,In-person,21,Incomplete,Incomplete,,
ONB000869,DUD100869,2022-01-25,2022-02-07,Standard Teacher Onboarding,Hybrid,13,Completed,Needs Improvement,5,
ONB000870,DUD100870,2021-09-10,2021-09-23,Standard Teacher Onboarding,In-person,13,Completed,Passed,5,
ONB000871,DUD100871,2024-12-18,2025-01-06,Rehire Onboarding,Hybrid,19,Completed,Needs Improvement,2,
ONB000872,DUD100872,2021-11-08,,Experienced Teacher Onboarding,Online,11,Incomplete,Incomplete,,
ONB000873,DUD100873,2024-11-04,,Standard Teacher Onboarding,In-person,12,Incomplete,Incomplete,,
ONB000874,DUD100874,2022-01-03,2022-01-13,Standard Teacher Onboarding,In-person,10,Completed,Passed,1,
ONB000875,DUD100875,2022-04-02,,Rehire Onboarding,Online,20,Incomplete,Incomplete,,
ONB000876,DUD100876,2025-07-27,2025-08-03,Experienced Teacher Onboarding,In-person,7,Delayed,Passed,1,
ONB000877,DUD100877,2024-04-11,2024-04-21,Rehire Onboarding,In-person,10,Delayed,Passed,5,
ONB000878,DUD100878,2024-06-13,2024-06-24,Standard Teacher Onboarding,Online,11,Completed,Satisfactory,5,
ONB000879,DUD100879,2025-09-27,2025-10-09,Rehire Onboarding,Online,12,Completed,Needs Improvement,5,
ONB000880,DUD100880,2024-12-11,,Experienced Teacher Onboarding,Hybrid,21,Incomplete,Incomplete,,
ONB000881,DUD100881,2022-05-29,2022-06-07,Experienced Teacher Onboarding,Hybrid,9,Completed,Passed,4,
ONB000882,DUD100882,2026-02-07,2026-02-25,Experienced Teacher Onboarding,Hybrid,18,Completed,Needs Improvement,4,
ONB000883,DUD100883,2026-03-02,2026-03-17,Experienced Teacher Onboarding,Hybrid,15,Delayed,Satisfactory,2,
ONB000884,DUD100884,2022-02-15,,Rehire Onboarding,In-person,16,Incomplete,Incomplete,,
ONB000885,DUD100885,2022-11-17,2022-12-08,Rehire Onboarding,Hybrid,21,Delayed,Passed,5,
ONB000886,DUD100886,2025-11-16,2025-11-26,Standard Teacher Onboarding,Hybrid,10,Completed,Passed,2,
ONB000887,DUD100887,2026-07-29,2026-08-07,Standard Teacher Onboarding,In-person,9,Completed,Passed,1,
ONB000888,DUD100888,2021-11-21,2021-12-11,Experienced Teacher Onboarding,In-person,20,Delayed,Satisfactory,1,
ONB000889,DUD100889,2021-02-22,2021-03-08,Standard Teacher Onboarding,Online,14,Delayed,Needs Improvement,4,
ONB000890,DUD100890,2021-05-06,2021-05-27,Rehire Onboarding,In-person,21,Delayed,Satisfactory,2,
ONB000891,DUD100891,2022-09-09,2022-09-26,Standard Teacher Onboarding,Online,17,Delayed,Needs Improvement,4,
ONB000892,DUD100892,2022-06-17,2022-07-02,Standard Teacher Onboarding,Hybrid,15,Completed,Passed,4,
ONB000893,DUD100893,2021-07-21,,Experienced Teacher Onboarding,In-person,20,Incomplete,Incomplete,,
ONB000894,DUD100894,2022-02-23,2022-03-10,Experienced Teacher Onboarding,Hybrid,15,Completed,Passed,3,
ONB000895,DUD100895,2023-02-18,,Experienced Teacher Onboarding,In-person,14,Incomplete,Incomplete,,
ONB000896,DUD100896,2023-10-31,,Experienced Teacher Onboarding,Online,21,Incomplete,Incomplete,,
ONB000897,DUD100897,2022-05-26,2022-06-11,Experienced Teacher Onboarding,Online,16,Delayed,Passed,5,
ONB000898,DUD100898,2023-12-18,2023-12-27,Rehire Onboarding,Hybrid,9,Completed,Needs Improvement,4,
ONB000899,DUD100899,2021-03-17,,Rehire Onboarding,In-person,14,Incomplete,Incomplete,,
ONB000900,DUD100900,2021-11-01,2021-11-12,Experienced Teacher Onboarding,In-person,11,Completed,Passed,2,
ONB000901,DUD100901,2023-12-31,2024-01-10,Standard Teacher Onboarding,In-person,10,Completed,Passed,4,
ONB000902,DUD100902,2021-03-19,2021-04-03,Experienced Teacher Onboarding,Online,15,Delayed,Needs Improvement,4,
ONB000903,DUD100903,2025-05-16,2025-05-24,Experienced Teacher Onboarding,In-person,8,Completed,Needs Improvement,2,
ONB000904,DUD100904,2023-09-28,2023-10-10,Rehire Onboarding,Online,12,Delayed,Passed,3,
ONB000905,DUD100905,2026-06-28,,Standard Teacher Onboarding,Online,21,Incomplete,Incomplete,,
ONB000906,DUD100906,2023-02-19,2023-03-11,Experienced Teacher Onboarding,In-person,20,Completed,Passed,3,
ONB000907,DUD100907,2024-06-04,,Standard Teacher Onboarding,Online,13,Incomplete,Incomplete,,
ONB000908,DUD100908,2024-04-28,2024-05-14,Experienced Teacher Onboarding,Online,16,Completed,Satisfactory,5,
ONB000909,DUD100909,2023-11-15,,Experienced Teacher Onboarding,Online,18,Incomplete,Incomplete,,
ONB000910,DUD100910,2023-07-03,2023-07-24,Experienced Teacher Onboarding,Online,21,Completed,Passed,5,
ONB000911,DUD100911,2025-02-17,,Standard Teacher Onboarding,Hybrid,9,Incomplete,Incomplete,,
ONB000912,DUD100912,2021-02-26,2021-03-07,Rehire Onboarding,In-person,9,Delayed,Satisfactory,3,
ONB000913,DUD100913,2021-05-03,2021-05-20,Experienced Teacher Onboarding,Online,17,Completed,Passed,4,
ONB000914,DUD100914,2024-04-10,2024-05-01,Rehire Onboarding,Hybrid,21,Completed,Passed,3,
ONB000915,DUD100915,2025-02-26,2025-03-10,Standard Teacher Onboarding,Online,12,Completed,Satisfactory,5,
ONB000916,DUD100916,2021-03-21,2021-03-30,Rehire Onboarding,In-person,9,Completed,Needs Improvement,1,
ONB000917,DUD100917,2024-10-17,2024-11-02,Standard Teacher Onboarding,In-person,16,Delayed,Passed,1,
ONB000918,DUD100918,2025-10-11,2025-10-28,Rehire Onboarding,In-person,17,Delayed,Needs Improvement,1,
ONB000919,DUD100919,2023-03-21,2023-04-02,Rehire Onboarding,In-person,12,Completed,Needs Improvement,1,
ONB000920,DUD100920,2022-09-04,2022-09-23,Experienced Teacher Onboarding,In-person,19,Completed,Needs Improvement,3,
ONB000921,DUD100921,2022-12-28,2023-01-13,Standard Teacher Onboarding,Hybrid,16,Completed,Passed,3,
ONB000922,DUD100922,2021-05-09,2021-05-28,Experienced Teacher Onboarding,In-person,19,Completed,Needs Improvement,4,
ONB000923,DUD100923,2022-07-25,2022-08-07,Rehire Onboarding,Online,13,Completed,Passed,3,
ONB000924,DUD100924,2023-01-13,,Experienced Teacher Onboarding,In-person,13,Incomplete,Incomplete,,
ONB000925,DUD100925,2022-12-09,2022-12-26,Experienced Teacher Onboarding,Online,17,Completed,Passed,3,
ONB000926,DUD100926,2025-01-12,2025-01-19,Experienced Teacher Onboarding,In-person,7,Completed,Satisfactory,4,
ONB000927,DUD100927,2025-09-30,2025-10-12,Rehire Onboarding,Hybrid,12,Completed,Passed,3,
ONB000928,DUD100928,2023-12-22,2023-12-31,Standard Teacher Onboarding,In-person,9,Delayed,Satisfactory,3,
ONB000929,DUD100929,2022-03-13,2022-03-24,Experienced Teacher Onboarding,Online,11,Completed,Passed,5,
ONB000930,DUD100930,2026-03-13,2026-04-03,Standard Teacher Onboarding,Hybrid,21,Completed,Passed,5,
ONB000931,DUD100931,2022-01-03,2022-01-13,Standard Teacher Onboarding,In-person,10,Completed,Passed,1,
ONB000932,DUD100932,2024-12-06,2024-12-17,Experienced Teacher Onboarding,Online,11,Completed,Needs Improvement,3,
ONB000933,DUD100933,2024-02-05,2024-02-16,Experienced Teacher Onboarding,In-person,11,Completed,Satisfactory,2,
ONB000934,DUD100934,2021-10-03,2021-10-23,Experienced Teacher Onboarding,In-person,20,Completed,Needs Improvement,2,
ONB000935,DUD100935,2024-04-05,2024-04-12,Standard Teacher Onboarding,Hybrid,7,Completed,Passed,3,
ONB000936,DUD100936,2022-06-02,2022-06-19,Standard Teacher Onboarding,Hybrid,17,Completed,Passed,1,
ONB000937,DUD100937,2026-01-05,,Standard Teacher Onboarding,In-person,8,Incomplete,Incomplete,,
ONB000938,DUD100938,2025-08-28,2025-09-16,Experienced Teacher Onboarding,Online,19,Completed,Passed,3,
ONB000939,DUD100939,2026-03-02,,Experienced Teacher Onboarding,Hybrid,17,Incomplete,Incomplete,,
ONB000940,DUD100940,2025-06-25,2025-07-10,Standard Teacher Onboarding,In-person,15,Completed,Needs Improvement,4,
ONB000941,DUD100941,2022-05-09,,Experienced Teacher Onboarding,Hybrid,14,Incomplete,Incomplete,,
ONB000942,DUD100942,2023-02-23,,Rehire Onboarding,Online,17,Incomplete,Incomplete,,
ONB000943,DUD100943,2023-08-26,2023-09-03,Rehire Onboarding,Hybrid,8,Completed,Passed,4,
ONB000944,DUD100944,2024-01-19,2024-01-31,Rehire Onboarding,Online,12,Completed,Passed,1,
ONB000945,DUD100945,2022-07-21,2022-08-11,Standard Teacher Onboarding,Hybrid,21,Completed,Needs Improvement,1,
ONB000946,DUD100946,2026-08-06,2026-08-25,Rehire Onboarding,Hybrid,19,Completed,Passed,4,
ONB000947,DUD100947,2024-01-23,2024-02-11,Rehire Onboarding,Online,19,Completed,Needs Improvement,1,
ONB000948,DUD100948,2021-03-04,2021-03-21,Experienced Teacher Onboarding,In-person,17,Delayed,Satisfactory,5,
ONB000949,DUD100949,2023-03-21,2023-04-03,Experienced Teacher Onboarding,Online,13,Completed,Passed,2,
ONB000950,DUD100950,2025-11-25,2025-12-04,Standard Teacher Onboarding,In-person,9,Completed,Satisfactory,2,
ONB000951,DUD100951,2025-11-15,2025-11-23,Experienced Teacher Onboarding,Hybrid,8,Completed,Satisfactory,2,
ONB000952,DUD100952,2024-06-28,2024-07-08,Standard Teacher Onboarding,In-person,10,Completed,Passed,4,
ONB000953,DUD100953,2021-09-19,2021-10-10,Experienced Teacher Onboarding,In-person,21,Delayed,Needs Improvement,2,
ONB000954,DUD100954,2023-12-22,2023-12-31,Experienced Teacher Onboarding,Online,9,Completed,Needs Improvement,3,
ONB000955,DUD100955,2024-08-03,2024-08-17,Rehire Onboarding,Online,14,Completed,Satisfactory,1,
ONB000956,DUD100956,2024-05-13,2024-06-03,Standard Teacher Onboarding,Hybrid,21,Completed,Passed,5,
ONB000957,DUD100957,2022-04-10,2022-05-01,Experienced Teacher Onboarding,Online,21,Completed,Passed,5,
ONB000958,DUD100958,2023-04-04,2023-04-23,Rehire Onboarding,In-person,19,Completed,Needs Improvement,2,
ONB000959,DUD100959,2023-09-04,2023-09-18,Rehire Onboarding,Online,14,Completed,Needs Improvement,2,
ONB000960,DUD100960,2025-01-22,2025-02-12,Standard Teacher Onboarding,Online,21,Completed,Passed,2,
ONB000961,DUD100961,2023-09-12,,Rehire Onboarding,In-person,18,Incomplete,Incomplete,,
ONB000962,DUD100962,2024-12-03,2024-12-19,Rehire Onboarding,Online,16,Completed,Passed,4,
ONB000963,DUD100963,2021-03-23,2021-04-07,Experienced Teacher Onboarding,Hybrid,15,Completed,Passed,2,
ONB000964,DUD100964,2023-07-16,2023-07-26,Rehire Onboarding,In-person,10,Completed,Passed,3,
ONB000965,DUD100965,2025-04-21,2025-05-05,Standard Teacher Onboarding,In-person,14,Delayed,Passed,4,
ONB000966,DUD100966,2022-08-13,2022-09-02,Standard Teacher Onboarding,In-person,20,Completed,Passed,5,
ONB000967,DUD100967,2023-04-22,2023-04-29,Standard Teacher Onboarding,In-person,7,Completed,Needs Improvement,2,
ONB000968,DUD100968,2025-09-17,2025-10-08,Rehire Onboarding,Online,21,Completed,Passed,2,
ONB000969,DUD100969,2021-02-06,2021-02-19,Standard Teacher Onboarding,In-person,13,Completed,Satisfactory,5,
ONB000970,DUD100970,2023-03-02,2023-03-23,Standard Teacher Onboarding,In-person,21,Completed,Passed,1,
ONB000971,DUD100971,2021-12-31,2022-01-16,Rehire Onboarding,In-person,16,Completed,Passed,3,
ONB000972,DUD100972,2025-04-22,,Standard Teacher Onboarding,In-person,10,Incomplete,Incomplete,,
ONB000973,DUD100973,2024-03-10,2024-03-20,Standard Teacher Onboarding,In-person,10,Completed,Satisfactory,4,
ONB000974,DUD100974,2024-12-25,2025-01-02,Rehire Onboarding,Hybrid,8,Completed,Needs Improvement,3,
ONB000975,DUD100975,2023-06-17,,Standard Teacher Onboarding,Online,16,Incomplete,Incomplete,,
ONB000976,DUD100976,2023-12-29,2024-01-18,Experienced Teacher Onboarding,Hybrid,20,Completed,Passed,4,
ONB000977,DUD100977,2024-04-30,,Standard Teacher Onboarding,Hybrid,9,Incomplete,Incomplete,,
ONB000978,DUD100978,2023-11-30,2023-12-19,Standard Teacher Onboarding,In-person,19,Completed,Needs Improvement,3,
ONB000979,DUD100979,2023-09-27,2023-10-14,Rehire Onboarding,Hybrid,17,Completed,Satisfactory,4,
ONB000980,DUD100980,2021-01-11,2021-01-30,Experienced Teacher Onboarding,Hybrid,19,Completed,Needs Improvement,3,
ONB000981,DUD100981,2025-09-15,2025-10-01,Experienced Teacher Onboarding,In-person,16,Completed,Passed,5,
ONB000982,DUD100982,2021-10-09,2021-10-18,Standard Teacher Onboarding,Hybrid,9,Completed,Passed,4,
ONB000983,DUD100983,2023-11-28,2023-12-13,Standard Teacher Onboarding,Online,15,Completed,Passed,2,
ONB000984,DUD100984,2022-03-21,2022-04-01,Rehire Onboarding,Hybrid,11,Completed,Satisfactory,1,
ONB000985,DUD100985,2023-03-28,2023-04-12,Standard Teacher Onboarding,In-person,15,Completed,Passed,5,
ONB000986,DUD100986,2024-12-30,,Standard Teacher Onboarding,Hybrid,19,Incomplete,Incomplete,,
ONB000987,DUD100987,2024-02-26,2024-03-06,Standard Teacher Onboarding,In-person,9,Completed,Satisfactory,5,
ONB000988,DUD100988,2025-09-14,2025-10-04,Rehire Onboarding,In-person,20,Completed,Needs Improvement,4,
ONB000989,DUD100989,2023-12-25,2024-01-08,Rehire Onboarding,In-person,14,Completed,Passed,5,
ONB000990,DUD100990,2022-10-11,,Experienced Teacher Onboarding,Online,7,Incomplete,Incomplete,,
ONB000991,DUD100991,2024-01-18,2024-01-28,Standard Teacher Onboarding,In-person,10,Completed,Needs Improvement,2,
ONB000992,DUD100992,2026-04-24,2026-05-05,Experienced Teacher Onboarding,Hybrid,11,Completed,Passed,2,
ONB000993,DUD100993,2024-12-24,2025-01-07,Rehire Onboarding,In-person,14,Delayed,Passed,4,
ONB000994,DUD100994,2021-12-24,2022-01-07,Rehire Onboarding,In-person,14,Delayed,Needs Improvement,3,
ONB000995,DUD100995,2026-01-31,2026-02-10,Rehire Onboarding,In-person,10,Completed,Satisfactory,3,
ONB000996,DUD100996,2023-02-12,2023-03-03,Experienced Teacher Onboarding,Online,19,Completed,Passed,2,
ONB000997,DUD100997,2024-05-02,2024-05-12,Experienced Teacher Onboarding,Hybrid,10,Delayed,Satisfactory,2,
ONB000998,DUD100998,2024-06-24,2024-07-04,Experienced Teacher Onboarding,Hybrid,10,Completed,Passed,3,
ONB000999,DUD100999,2024-03-03,2024-03-23,Standard Teacher Onboarding,Hybrid,20,Completed,Passed,1,
ONB001000,DUD101000,2026-07-10,2026-07-25,Experienced Teacher Onboarding,Hybrid,15,Completed,Satisfactory,5,
ONB001001,DUD101001,2025-01-31,2025-02-08,Experienced Teacher Onboarding,Online,8,Completed,Needs Improvement,2,
ONB001002,DUD101002,2025-04-06,2025-04-24,Standard Teacher Onboarding,Online,18,Delayed,Satisfactory,2,
ONB001003,DUD101003,2023-08-06,2023-08-24,Rehire Onboarding,In-person,18,Completed,Needs Improvement,2,
ONB001004,DUD101004,2023-12-26,2024-01-13,Experienced Teacher Onboarding,Hybrid,18,Completed,Passed,2,
ONB001005,DUD101005,2022-04-18,2022-04-26,Experienced Teacher Onboarding,Hybrid,8,Delayed,Satisfactory,2,
ONB001006,DUD101006,2023-08-23,2023-09-08,Experienced Teacher Onboarding,Online,16,Completed,Satisfactory,3,
ONB001007,DUD101007,2025-10-05,2025-10-25,Experienced Teacher Onboarding,In-person,20,Completed,Satisfactory,2,
ONB001008,DUD101008,2022-02-02,2022-02-20,Rehire Onboarding,Online,18,Completed,Passed,3,
ONB001009,DUD101009,2022-01-14,2022-01-29,Experienced Teacher Onboarding,Hybrid,15,Completed,Passed,2,
ONB001010,DUD101010,2024-08-19,2024-08-27,Standard Teacher Onboarding,Hybrid,8,Completed,Satisfactory,5,
ONB001011,DUD101011,2025-09-11,,Experienced Teacher Onboarding,Online,8,Incomplete,Incomplete,,
ONB001012,DUD101012,2021-10-18,2021-10-27,Rehire Onboarding,Online,9,Completed,Passed,1,
ONB001013,DUD101013,2021-09-01,2021-09-12,Rehire Onboarding,Online,11,Delayed,Passed,5,
ONB001014,DUD101014,2025-12-24,2026-01-09,Experienced Teacher Onboarding,Hybrid,16,Completed,Needs Improvement,1,
ONB001015,DUD101015,2023-05-16,2023-05-31,Standard Teacher Onboarding,Online,15,Completed,Passed,4,
ONB001016,DUD101016,2022-06-15,2022-07-01,Standard Teacher Onboarding,Hybrid,16,Completed,Satisfactory,5,
ONB001017,DUD101017,2022-01-01,,Standard Teacher Onboarding,In-person,20,Incomplete,Incomplete,,
ONB001018,DUD101018,2024-11-13,2024-11-24,Rehire Onboarding,Hybrid,11,Completed,Passed,1,
ONB001019,DUD101019,2025-02-16,2025-03-02,Rehire Onboarding,In-person,14,Completed,Satisfactory,5,
ONB001020,DUD101020,2025-03-17,2025-03-27,Standard Teacher Onboarding,In-person,10,Completed,Needs Improvement,4,
ONB001021,DUD101021,2025-07-27,2025-08-06,Experienced Teacher Onboarding,Online,10,Completed,Passed,2,
ONB001022,DUD101022,2022-04-09,2022-04-18,Standard Teacher Onboarding,Online,9,Delayed,Needs Improvement,1,
ONB001023,DUD101023,2023-04-07,,Experienced Teacher Onboarding,Hybrid,7,Incomplete,Incomplete,,
ONB001024,DUD101024,2023-09-10,2023-09-26,Experienced Teacher Onboarding,Online,16,Completed,Needs Improvement,4,
ONB001025,DUD101025,2026-08-09,2026-08-21,Rehire Onboarding,In-person,12,Completed,Satisfactory,3,
ONB001026,DUD101026,2023-07-16,2023-08-01,Experienced Teacher Onboarding,Hybrid,16,Completed,Passed,4,
ONB001027,DUD101027,2024-01-06,2024-01-22,Rehire Onboarding,Hybrid,16,Delayed,Satisfactory,1,
ONB001028,DUD101028,2023-01-21,2023-02-10,Standard Teacher Onboarding,Hybrid,20,Completed,Passed,2,
ONB001029,DUD101029,2024-08-25,2024-09-07,Standard Teacher Onboarding,Hybrid,13,Completed,Passed,2,
ONB001030,DUD101030,2022-11-06,2022-11-20,Experienced Teacher Onboarding,In-person,14,Completed,Needs Improvement,2,
ONB001031,DUD101031,2025-01-19,,Experienced Teacher Onboarding,Online,11,Incomplete,Incomplete,,
ONB001032,DUD101032,2023-02-06,2023-02-25,Rehire Onboarding,Online,19,Completed,Needs Improvement,3,
ONB001033,DUD101033,2022-12-22,2023-01-11,Experienced Teacher Onboarding,Online,20,Delayed,Needs Improvement,1,
ONB001034,DUD101034,2021-04-04,2021-04-14,Standard Teacher Onboarding,Hybrid,10,Delayed,Passed,4,
ONB001035,DUD101035,2024-10-05,,Standard Teacher Onboarding,Hybrid,11,Incomplete,Incomplete,,
ONB001036,DUD101036,2021-03-21,,Standard Teacher Onboarding,In-person,14,Incomplete,Incomplete,,
ONB001037,DUD101037,2023-07-05,2023-07-17,Rehire Onboarding,Hybrid,12,Completed,Passed,2,
ONB001038,DUD101038,2021-02-21,2021-03-06,Rehire Onboarding,Online,13,Completed,Passed,2,
ONB001039,DUD101039,2023-07-12,2023-07-22,Rehire Onboarding,Hybrid,10,Completed,Satisfactory,2,
ONB001040,DUD101040,2023-08-26,2023-09-05,Experienced Teacher Onboarding,Online,10,Completed,Passed,4,
ONB001041,DUD101041,2022-08-31,2022-09-17,Standard Teacher Onboarding,In-person,17,Completed,Needs Improvement,1,
ONB001042,DUD101042,2025-10-22,2025-11-09,Rehire Onboarding,In-person,18,Delayed,Passed,1,
ONB001043,DUD101043,2022-08-11,2022-08-29,Experienced Teacher Onboarding,Hybrid,18,Completed,Passed,3,
ONB001044,DUD101044,2021-06-20,,Experienced Teacher Onboarding,In-person,12,Incomplete,Incomplete,,
ONB001045,DUD101045,2025-03-09,2025-03-28,Rehire Onboarding,Hybrid,19,Completed,Passed,5,
ONB001046,DUD101046,2022-02-14,,Experienced Teacher Onboarding,Online,19,Incomplete,Incomplete,,
ONB001047,DUD101047,2023-12-05,,Experienced Teacher Onboarding,In-person,13,Incomplete,Incomplete,,
ONB001048,DUD101048,2023-02-19,2023-03-01,Rehire Onboarding,Hybrid,10,Completed,Passed,4,
ONB001049,DUD101049,2024-10-31,2024-11-07,Standard Teacher Onboarding,Online,7,Completed,Needs Improvement,1,
ONB001050,DUD101050,2021-01-12,,Standard Teacher Onboarding,In-person,12,Incomplete,Incomplete,,
ONB001051,DUD101051,2025-09-20,2025-10-09,Rehire Onboarding,Hybrid,19,Completed,Passed,5,
ONB001052,DUD101052,2021-03-12,2021-03-29,Standard Teacher Onboarding,Hybrid,17,Delayed,Satisfactory,1,
ONB001053,DUD101053,2024-12-07,,Experienced Teacher Onboarding,Online,17,Incomplete,Incomplete,,
ONB001054,DUD101054,2024-03-28,2024-04-06,Standard Teacher Onboarding,In-person,9,Completed,Passed,5,
ONB001055,DUD101055,2025-07-30,2025-08-14,Rehire Onboarding,Online,15,Delayed,Passed,3,
ONB001056,DUD101056,2024-10-15,2024-10-27,Experienced Teacher Onboarding,Online,12,Completed,Satisfactory,1,
ONB001057,DUD101057,2026-03-06,2026-03-25,Experienced Teacher Onboarding,Hybrid,19,Delayed,Needs Improvement,4,
ONB001058,DUD101058,2025-03-02,2025-03-10,Experienced Teacher Onboarding,Hybrid,8,Delayed,Satisfactory,3,
ONB001059,DUD101059,2023-08-23,2023-09-08,Rehire Onboarding,Hybrid,16,Delayed,Needs Improvement,4,
ONB001060,DUD101060,2025-07-10,2025-07-29,Rehire Onboarding,Online,19,Completed,Passed,2,
ONB001061,DUD101061,2024-06-21,2024-06-28,Standard Teacher Onboarding,Online,7,Completed,Needs Improvement,1,
ONB001062,DUD101062,2025-01-20,2025-02-08,Experienced Teacher Onboarding,Online,19,Completed,Passed,5,
ONB001063,DUD101063,2022-06-15,,Standard Teacher Onboarding,Hybrid,20,Incomplete,Incomplete,,
ONB001064,DUD101064,2021-01-23,2021-02-04,Experienced Teacher Onboarding,Online,12,Delayed,Needs Improvement,1,
ONB001065,DUD101065,2025-12-10,2025-12-24,Rehire Onboarding,In-person,14,Completed,Needs Improvement,2,
ONB001066,DUD101066,2026-05-02,2026-05-12,Rehire Onboarding,Online,10,Completed,Needs Improvement,2,
ONB001067,DUD101067,2025-01-27,2025-02-17,Experienced Teacher Onboarding,Hybrid,21,Completed,Passed,4,
ONB001068,DUD101068,2024-07-25,2024-08-02,Standard Teacher Onboarding,Online,8,Completed,Needs Improvement,1,
ONB001069,DUD101069,2025-11-26,2025-12-09,Experienced Teacher Onboarding,Hybrid,13,Completed,Passed,4,
ONB001070,DUD101070,2022-08-07,2022-08-28,Rehire Onboarding,Hybrid,21,Completed,Passed,5,
ONB001071,DUD101071,2023-12-08,2023-12-27,Rehire Onboarding,Hybrid,19,Delayed,Passed,5,
ONB001072,DUD101072,2025-05-08,2025-05-20,Rehire Onboarding,In-person,12,Completed,Passed,5,
ONB001073,DUD101073,2021-01-22,2021-02-09,Standard Teacher Onboarding,Online,18,Completed,Passed,4,
ONB001074,DUD101074,2025-09-03,2025-09-13,Standard Teacher Onboarding,Hybrid,10,Completed,Passed,3,
ONB001075,DUD101075,2024-02-29,2024-03-15,Standard Teacher Onboarding,Hybrid,15,Completed,Passed,3,
ONB001076,DUD101076,2026-01-24,2026-02-01,Rehire Onboarding,Hybrid,8,Completed,Needs Improvement,3,
ONB001077,DUD101077,2024-11-26,2024-12-13,Rehire Onboarding,Online,17,Completed,Passed,3,
ONB001078,DUD101078,2021-08-10,2021-08-17,Experienced Teacher Onboarding,In-person,7,Completed,Satisfactory,2,
ONB001079,DUD101079,2024-11-08,2024-11-29,Experienced Teacher Onboarding,In-person,21,Completed,Passed,4,
ONB001080,DUD101080,2024-10-08,,Experienced Teacher Onboarding,In-person,14,Incomplete,Incomplete,,
ONB001081,DUD101081,2023-02-24,2023-03-05,Standard Teacher Onboarding,In-person,9,Delayed,Passed,2,
ONB001082,DUD101082,2025-07-04,2025-07-21,Standard Teacher Onboarding,Online,17,Completed,Needs Improvement,1,
ONB001083,DUD101083,2021-11-01,,Rehire Onboarding,Hybrid,15,Incomplete,Incomplete,,
ONB001084,DUD101084,2022-11-01,,Rehire Onboarding,Hybrid,13,Incomplete,Incomplete,,
ONB001085,DUD101085,2024-11-04,2024-11-25,Experienced Teacher Onboarding,Online,21,Completed,Satisfactory,4,
ONB001086,DUD101086,2023-12-23,2024-01-11,Experienced Teacher Onboarding,In-person,19,Completed,Needs Improvement,2,
ONB001087,DUD101087,2024-06-22,2024-06-30,Standard Teacher Onboarding,Online,8,Completed,Passed,1,
ONB001088,DUD101088,2023-07-19,2023-08-09,Experienced Teacher Onboarding,In-person,21,Completed,Satisfactory,3,
ONB001089,DUD101089,2026-05-09,,Experienced Teacher Onboarding,In-person,10,Incomplete,Incomplete,,
ONB001090,DUD101090,2024-01-19,2024-02-04,Rehire Onboarding,Online,16,Completed,Passed,3,
ONB001091,DUD101091,2024-08-21,2024-09-06,Rehire Onboarding,In-person,16,Delayed,Passed,5,
ONB001092,DUD101092,2025-05-17,2025-06-06,Experienced Teacher Onboarding,Online,20,Delayed,Passed,4,
ONB001093,DUD101093,2021-09-28,2021-10-09,Standard Teacher Onboarding,In-person,11,Completed,Passed,5,
ONB001094,DUD101094,2024-12-13,,Rehire Onboarding,Online,9,Incomplete,Incomplete,,
ONB001095,DUD101095,2022-09-01,2022-09-18,Rehire Onboarding,Online,17,Delayed,Passed,5,
ONB001096,DUD101096,2024-07-05,2024-07-19,Rehire Onboarding,Hybrid,14,Completed,Satisfactory,5,
ONB001097,DUD101097,2023-12-30,2024-01-11,Experienced Teacher Onboarding,Hybrid,12,Completed,Needs Improvement,1,
ONB001098,DUD101098,2024-07-21,2024-08-02,Experienced Teacher Onboarding,Online,12,Delayed,Passed,5,
ONB001099,DUD101099,2026-01-04,2026-01-23,Experienced Teacher Onboarding,Online,19,Completed,Passed,3,
ONB001100,DUD101100,2022-09-02,2022-09-16,Experienced Teacher Onboarding,Hybrid,14,Completed,Satisfactory,3,
ONB001101,DUD101101,2021-06-21,2021-07-05,Experienced Teacher Onboarding,Online,14,Completed,Passed,2,
ONB001102,DUD101102,2023-05-02,,Standard Teacher Onboarding,Hybrid,21,Incomplete,Incomplete,,
ONB001103,DUD101103,2025-02-10,,Standard Teacher Onboarding,In-person,12,Incomplete,Incomplete,,
ONB001104,DUD101104,2022-03-09,2022-03-17,Standard Teacher Onboarding,Online,8,Completed,Satisfactory,3,
ONB001105,DUD101105,2023-03-17,2023-04-06,Experienced Teacher Onboarding,In-person,20,Completed,Needs Improvement,2,
ONB001106,DUD101106,2025-09-19,2025-10-09,Standard Teacher Onboarding,Hybrid,20,Delayed,Needs Improvement,3,
ONB001107,DUD101107,2022-12-08,2022-12-24,Standard Teacher Onboarding,In-person,16,Delayed,Passed,3,
ONB001108,DUD101108,2023-11-22,2023-12-13,Experienced Teacher Onboarding,Online,21,Completed,Passed,1,
ONB001109,DUD101109,2025-08-02,,Standard Teacher Onboarding,Hybrid,15,Incomplete,Incomplete,,
ONB001110,DUD101110,2023-03-28,2023-04-12,Standard Teacher Onboarding,Online,15,Completed,Needs Improvement,3,
ONB001111,DUD101111,2022-08-15,2022-08-28,Standard Teacher Onboarding,Hybrid,13,Completed,Passed,1,
ONB001112,DUD101112,2025-03-06,2025-03-20,Standard Teacher Onboarding,In-person,14,Completed,Needs Improvement,4,
ONB001113,DUD101113,2025-01-11,2025-01-25,Experienced Teacher Onboarding,Hybrid,14,Completed,Satisfactory,2,
ONB001114,DUD101114,2024-12-04,2024-12-14,Experienced Teacher Onboarding,Online,10,Completed,Satisfactory,5,
ONB001115,DUD101115,2023-01-12,,Rehire Onboarding,In-person,8,Incomplete,Incomplete,,
ONB001116,DUD101116,2024-02-04,2024-02-16,Standard Teacher Onboarding,Online,12,Completed,Passed,4,
ONB001117,DUD101117,2023-10-06,2023-10-13,Rehire Onboarding,Online,7,Completed,Satisfactory,5,
ONB001118,DUD101118,2025-08-07,2025-08-23,Experienced Teacher Onboarding,Hybrid,16,Completed,Satisfactory,2,
ONB001119,DUD101119,2024-05-15,2024-06-02,Standard Teacher Onboarding,Hybrid,18,Completed,Passed,1,
ONB001120,DUD101120,2024-07-13,2024-08-03,Rehire Onboarding,Hybrid,21,Completed,Satisfactory,4,
ONB001121,DUD101121,2023-01-23,2023-02-02,Experienced Teacher Onboarding,Hybrid,10,Completed,Passed,2,
ONB001122,DUD101122,2024-03-11,,Standard Teacher Onboarding,In-person,20,Incomplete,Incomplete,,
ONB001123,DUD101123,2023-11-29,2023-12-14,Standard Teacher Onboarding,In-person,15,Delayed,Passed,5,
ONB001124,DUD101124,2021-04-01,2021-04-12,Rehire Onboarding,In-person,11,Delayed,Passed,1,
ONB001125,DUD101125,2023-04-15,,Experienced Teacher Onboarding,Online,18,Incomplete,Incomplete,,
ONB001126,DUD101126,2024-08-24,,Standard Teacher Onboarding,Online,21,Incomplete,Incomplete,,
ONB001127,DUD101127,2023-12-25,,Rehire Onboarding,In-person,14,Incomplete,Incomplete,,
ONB001128,DUD101128,2022-10-15,2022-10-31,Experienced Teacher Onboarding,In-person,16,Delayed,Passed,3,
ONB001129,DUD101129,2024-04-16,2024-05-07,Experienced Teacher Onboarding,Online,21,Delayed,Passed,5,
ONB001130,DUD101130,2026-06-27,,Experienced Teacher Onboarding,Online,8,Incomplete,Incomplete,,
ONB001131,DUD101131,2024-06-18,,Experienced Teacher Onboarding,In-person,16,Incomplete,Incomplete,,
ONB001132,DUD101132,2024-04-18,,Rehire Onboarding,Online,18,Incomplete,Incomplete,,
ONB001133,DUD101133,2023-06-06,2023-06-27,Standard Teacher Onboarding,Hybrid,21,Completed,Needs Improvement,3,
ONB001134,DUD101134,2022-01-05,2022-01-21,Standard Teacher Onboarding,Hybrid,16,Completed,Needs Improvement,1,
ONB001135,DUD101135,2022-07-16,2022-08-03,Standard Teacher Onboarding,In-person,18,Completed,Satisfactory,2,
ONB001136,DUD101136,2022-07-27,2022-08-03,Experienced Teacher Onboarding,In-person,7,Completed,Passed,1,
ONB001137,DUD101137,2022-01-14,2022-01-28,Experienced Teacher Onboarding,Hybrid,14,Delayed,Satisfactory,5,
ONB001138,DUD101138,2024-06-10,2024-06-30,Rehire Onboarding,Online,20,Completed,Satisfactory,4,
ONB001139,DUD101139,2023-03-16,2023-03-29,Experienced Teacher Onboarding,In-person,13,Delayed,Needs Improvement,4,
ONB001140,DUD101140,2023-09-24,,Experienced Teacher Onboarding,Online,8,Incomplete,Incomplete,,
ONB001141,DUD101141,2021-04-24,2021-05-10,Rehire Onboarding,In-person,16,Completed,Needs Improvement,3,
ONB001142,DUD101142,2024-05-25,2024-06-02,Rehire Onboarding,Hybrid,8,Delayed,Satisfactory,4,
ONB001143,DUD101143,2024-08-07,2024-08-14,Standard Teacher Onboarding,Online,7,Completed,Satisfactory,4,
ONB001144,DUD101144,2021-05-27,2021-06-13,Experienced Teacher Onboarding,Online,17,Completed,Passed,3,
ONB001145,DUD101145,2024-12-17,2024-12-30,Standard Teacher Onboarding,Hybrid,13,Delayed,Needs Improvement,4,
ONB001146,DUD101146,2026-06-25,2026-07-08,Rehire Onboarding,Hybrid,13,Completed,Needs Improvement,1,
ONB001147,DUD101147,2021-07-12,2021-07-25,Rehire Onboarding,Online,13,Completed,Passed,2,
ONB001148,DUD101148,2023-06-29,2023-07-08,Rehire Onboarding,Hybrid,9,Delayed,Satisfactory,4,
ONB001149,DUD101149,2024-05-13,2024-06-02,Standard Teacher Onboarding,Online,20,Completed,Needs Improvement,4,
ONB001150,DUD101150,2021-08-31,2021-09-18,Standard Teacher Onboarding,In-person,18,Completed,Passed,4,
ONB001151,DUD101151,2026-03-10,2026-03-29,Experienced Teacher Onboarding,Online,19,Completed,Satisfactory,3,
ONB001152,DUD101152,2026-06-26,2026-07-12,Rehire Onboarding,Hybrid,16,Delayed,Passed,1,
ONB001153,DUD101153,2023-01-18,,Standard Teacher Onboarding,Hybrid,8,Incomplete,Incomplete,,
ONB001154,DUD101154,2023-05-08,2023-05-21,Rehire Onboarding,In-person,13,Completed,Needs Improvement,3,
ONB001155,DUD101155,2023-12-09,2023-12-17,Standard Teacher Onboarding,Hybrid,8,Completed,Passed,1,
ONB001156,DUD101156,2025-06-19,,Standard Teacher Onboarding,Hybrid,12,Incomplete,Incomplete,,
ONB001157,DUD101157,2023-05-12,2023-05-31,Standard Teacher Onboarding,Hybrid,19,Completed,Passed,1,
ONB001158,DUD101158,2023-10-21,2023-11-10,Rehire Onboarding,Hybrid,20,Delayed,Satisfactory,4,
ONB001159,DUD101159,2021-03-22,,Rehire Onboarding,Online,8,Incomplete,Incomplete,,
ONB001160,DUD101160,2021-10-26,2021-11-05,Rehire Onboarding,Online,10,Delayed,Passed,5,
ONB001161,DUD101161,2021-04-09,,Standard Teacher Onboarding,In-person,21,Incomplete,Incomplete,,
ONB001162,DUD101162,2021-04-08,2021-04-19,Standard Teacher Onboarding,In-person,11,Completed,Passed,4,
ONB001163,DUD101163,2022-12-08,2022-12-27,Standard Teacher Onboarding,In-person,19,Completed,Passed,2,
ONB001164,DUD101164,2022-09-25,2022-10-03,Standard Teacher Onboarding,Online,8,Completed,Satisfactory,5,
ONB001165,DUD101165,2021-05-29,2021-06-12,Standard Teacher Onboarding,In-person,14,Delayed,Needs Improvement,1,
ONB001166,DUD101166,2024-10-24,2024-11-03,Standard Teacher Onboarding,Hybrid,10,Completed,Passed,4,
ONB001167,DUD101167,2025-02-21,2025-03-06,Standard Teacher Onboarding,In-person,13,Completed,Needs Improvement,4,
ONB001168,DUD101168,2026-01-31,2026-02-09,Rehire Onboarding,Online,9,Delayed,Satisfactory,1,
ONB001169,DUD101169,2022-03-04,2022-03-11,Experienced Teacher Onboarding,Hybrid,7,Completed,Passed,1,
ONB001170,DUD101170,2026-07-21,2026-08-07,Experienced Teacher Onboarding,Online,17,Completed,Passed,5,
ONB001171,DUD101171,2025-12-13,2025-12-31,Rehire Onboarding,Online,18,Delayed,Satisfactory,5,
ONB001172,DUD101172,2021-05-03,2021-05-23,Experienced Teacher Onboarding,Online,20,Completed,Satisfactory,1,
ONB001173,DUD101173,2026-07-03,2026-07-17,Rehire Onboarding,Online,14,Completed,Satisfactory,4,
ONB001174,DUD101174,2026-07-02,2026-07-12,Experienced Teacher Onboarding,Online,10,Completed,Passed,2,
ONB001175,DUD101175,2021-08-25,2021-09-07,Rehire Onboarding,In-person,13,Completed,Passed,3,
ONB001176,DUD101176,2022-05-12,,Experienced Teacher Onboarding,Online,15,Incomplete,Incomplete,,
ONB001177,DUD101177,2021-05-01,2021-05-22,Experienced Teacher Onboarding,Hybrid,21,Completed,Satisfactory,5,
ONB001178,DUD101178,2023-04-14,,Standard Teacher Onboarding,In-person,16,Incomplete,Incomplete,,
ONB001179,DUD101179,2023-05-16,2023-05-28,Rehire Onboarding,In-person,12,Delayed,Passed,4,
ONB001180,DUD101180,2024-11-20,2024-12-09,Standard Teacher Onboarding,Online,19,Completed,Satisfactory,5,
ONB001181,DUD101181,2024-06-15,2024-07-05,Standard Teacher Onboarding,Online,20,Delayed,Needs Improvement,4,
ONB001182,DUD101182,2024-04-02,2024-04-22,Rehire Onboarding,Hybrid,20,Completed,Passed,5,
ONB001183,DUD101183,2025-10-10,2025-10-21,Experienced Teacher Onboarding,Online,11,Completed,Needs Improvement,1,
ONB001184,DUD101184,2025-01-09,2025-01-22,Standard Teacher Onboarding,Online,13,Delayed,Passed,1,
ONB001185,DUD101185,2024-01-15,2024-02-01,Rehire Onboarding,Hybrid,17,Completed,Passed,2,
ONB001186,DUD101186,2024-05-18,2024-05-30,Experienced Teacher Onboarding,In-person,12,Completed,Satisfactory,4,
ONB001187,DUD101187,2025-12-06,2025-12-24,Experienced Teacher Onboarding,Hybrid,18,Delayed,Needs Improvement,3,
ONB001188,DUD101188,2024-05-06,2024-05-20,Rehire Onboarding,Online,14,Completed,Satisfactory,1,
ONB001189,DUD101189,2021-07-14,2021-07-25,Experienced Teacher Onboarding,Hybrid,11,Completed,Satisfactory,2,
ONB001190,DUD101190,2022-08-03,2022-08-19,Standard Teacher Onboarding,Online,16,Completed,Passed,2,
ONB001191,DUD101191,2026-07-28,2026-08-06,Rehire Onboarding,Hybrid,9,Delayed,Passed,1,
ONB001192,DUD101192,2021-03-27,2021-04-05,Standard Teacher Onboarding,Hybrid,9,Completed,Passed,5,
ONB001193,DUD101193,2022-11-06,2022-11-21,Experienced Teacher Onboarding,Online,15,Completed,Passed,3,
ONB001194,DUD101194,2026-08-01,,Rehire Onboarding,Hybrid,10,Incomplete,Incomplete,,
ONB001195,DUD101195,2022-11-04,2022-11-16,Experienced Teacher Onboarding,Online,12,Completed,Passed,5,
ONB001196,DUD101196,2021-01-10,2021-01-30,Rehire Onboarding,In-person,20,Completed,Satisfactory,3,
ONB001197,DUD101197,2023-04-14,2023-04-25,Experienced Teacher Onboarding,Online,11,Completed,Passed,5,
ONB001198,DUD101198,2023-02-24,2023-03-04,Experienced Teacher Onboarding,Hybrid,8,Completed,Satisfactory,3,
ONB001199,DUD101199,2024-09-28,,Experienced Teacher Onboarding,In-person,13,Incomplete,Incomplete,,
ONB001200,DUD101200,2024-06-24,2024-07-08,Rehire Onboarding,Hybrid,14,Completed,Passed,3,
ONB001201,DUD101201,2021-01-05,2021-01-20,Rehire Onboarding,In-person,15,Completed,Passed,5,
ONB001202,DUD101202,2024-08-18,2024-08-29,Rehire Onboarding,Online,11,Completed,Passed,5,
ONB001203,DUD101203,2022-08-02,2022-08-18,Experienced Teacher Onboarding,In-person,16,Completed,Satisfactory,3,
ONB001204,DUD101204,2025-01-15,2025-01-23,Experienced Teacher Onboarding,Online,8,Completed,Needs Improvement,4,
ONB001205,DUD101205,2022-04-20,2022-05-06,Rehire Onboarding,In-person,16,Completed,Passed,1,
ONB001206,DUD101206,2023-03-18,2023-04-05,Standard Teacher Onboarding,In-person,18,Delayed,Needs Improvement,4,
ONB001207,DUD101207,2021-01-22,2021-01-31,Experienced Teacher Onboarding,In-person,9,Completed,Satisfactory,2,
ONB001208,DUD101208,2024-09-13,2024-09-22,Experienced Teacher Onboarding,Online,9,Completed,Satisfactory,5,
ONB001209,DUD101209,2022-02-27,2022-03-12,Experienced Teacher Onboarding,Hybrid,13,Completed,Passed,1,
ONB001210,DUD101210,2025-09-28,2025-10-13,Experienced Teacher Onboarding,Hybrid,15,Completed,Satisfactory,2,
ONB001211,DUD101211,2023-04-23,2023-05-09,Standard Teacher Onboarding,Online,16,Completed,Needs Improvement,4,
ONB001212,DUD101212,2023-01-18,,Experienced Teacher Onboarding,In-person,12,Incomplete,Incomplete,,
ONB001213,DUD101213,2022-05-24,2022-06-06,Rehire Onboarding,Hybrid,13,Completed,Passed,3,
ONB001214,DUD101214,2022-05-19,2022-05-26,Rehire Onboarding,Online,7,Completed,Needs Improvement,5,
ONB001215,DUD101215,2026-04-02,2026-04-11,Experienced Teacher Onboarding,Hybrid,9,Completed,Passed,5,
ONB001216,DUD101216,2021-04-21,2021-05-07,Standard Teacher Onboarding,Hybrid,16,Completed,Satisfactory,4,
ONB001217,DUD101217,2022-03-15,2022-04-02,Rehire Onboarding,Online,18,Completed,Passed,1,
ONB001218,DUD101218,2024-04-20,2024-04-27,Experienced Teacher Onboarding,In-person,7,Completed,Passed,3,
ONB001219,DUD101219,2022-07-20,2022-08-02,Rehire Onboarding,Hybrid,13,Completed,Satisfactory,5,
ONB001220,DUD101220,2022-01-20,,Standard Teacher Onboarding,Online,21,Incomplete,Incomplete,,
ONB001221,DUD101221,2022-07-21,2022-08-01,Standard Teacher Onboarding,Hybrid,11,Completed,Needs Improvement,1,
ONB001222,DUD101222,2024-04-24,2024-05-05,Rehire Onboarding,Online,11,Completed,Satisfactory,4,
ONB001223,DUD101223,2025-04-27,2025-05-07,Standard Teacher Onboarding,Online,10,Delayed,Satisfactory,1,
ONB001224,DUD101224,2022-04-07,2022-04-27,Standard Teacher Onboarding,Online,20,Completed,Passed,4,
ONB001225,DUD101225,2021-12-08,2021-12-22,Standard Teacher Onboarding,Hybrid,14,Completed,Passed,3,
ONB001226,DUD101226,2021-01-03,,Standard Teacher Onboarding,Online,14,Incomplete,Incomplete,,
ONB001227,DUD101227,2026-07-03,,Rehire Onboarding,In-person,19,Incomplete,Incomplete,,
ONB001228,DUD101228,2025-11-06,,Standard Teacher Onboarding,Online,21,Incomplete,Incomplete,,
ONB001229,DUD101229,2025-11-08,2025-11-26,Standard Teacher Onboarding,In-person,18,Delayed,Passed,2,
ONB001230,DUD101230,2022-11-09,2022-11-20,Rehire Onboarding,Hybrid,11,Delayed,Passed,2,
ONB001231,DUD101231,2022-06-14,2022-07-01,Rehire Onboarding,In-person,17,Completed,Needs Improvement,1,
ONB001232,DUD101232,2025-11-12,2025-11-23,Rehire Onboarding,Online,11,Completed,Needs Improvement,3,
ONB001233,DUD101233,2023-08-29,2023-09-13,Standard Teacher Onboarding,Hybrid,15,Delayed,Passed,4,
ONB001234,DUD101234,2023-03-23,,Standard Teacher Onboarding,Hybrid,12,Incomplete,Incomplete,,
ONB001235,DUD101235,2021-07-06,2021-07-27,Rehire Onboarding,Online,21,Completed,Passed,4,
ONB001236,DUD101236,2021-09-18,2021-10-08,Experienced Teacher Onboarding,In-person,20,Completed,Satisfactory,3,
ONB001237,DUD101237,2023-11-30,2023-12-19,Standard Teacher Onboarding,Hybrid,19,Completed,Needs Improvement,3,
ONB001238,DUD101238,2023-11-02,,Experienced Teacher Onboarding,Online,18,Incomplete,Incomplete,,
ONB001239,DUD101239,2023-04-05,2023-04-19,Experienced Teacher Onboarding,Hybrid,14,Completed,Needs Improvement,3,
ONB001240,DUD101240,2021-10-03,2021-10-19,Experienced Teacher Onboarding,In-person,16,Delayed,Needs Improvement,2,
ONB001241,DUD101241,2024-02-05,2024-02-25,Experienced Teacher Onboarding,Hybrid,20,Completed,Passed,4,
ONB001242,DUD101242,2024-09-01,2024-09-16,Experienced Teacher Onboarding,Online,15,Completed,Passed,2,
ONB001243,DUD101243,2026-01-20,2026-01-28,Experienced Teacher Onboarding,In-person,8,Completed,Passed,3,
ONB001244,DUD101244,2021-09-23,2021-10-07,Standard Teacher Onboarding,In-person,14,Completed,Passed,1,
ONB001245,DUD101245,2023-09-04,2023-09-19,Rehire Onboarding,In-person,15,Completed,Satisfactory,4,
ONB001246,DUD101246,2021-03-17,2021-04-06,Rehire Onboarding,Online,20,Delayed,Passed,4,
ONB001247,DUD101247,2021-04-29,2021-05-15,Standard Teacher Onboarding,In-person,16,Completed,Passed,2,
ONB001248,DUD101248,2025-03-04,2025-03-16,Standard Teacher Onboarding,In-person,12,Completed,Passed,3,
ONB001249,DUD101249,2021-05-10,2021-05-18,Rehire Onboarding,Hybrid,8,Completed,Passed,3,
ONB001250,DUD101250,2026-05-08,,Rehire Onboarding,Online,15,Incomplete,Incomplete,,
ONB001251,DUD101251,2021-11-07,2021-11-25,Rehire Onboarding,In-person,18,Delayed,Needs Improvement,3,
ONB001252,DUD101252,2024-07-07,,Rehire Onboarding,In-person,18,Incomplete,Incomplete,,
ONB001253,DUD101253,2021-06-26,2021-07-14,Experienced Teacher Onboarding,In-person,18,Delayed,Passed,1,
ONB001254,DUD101254,2021-05-13,2021-05-22,Rehire Onboarding,In-person,9,Delayed,Needs Improvement,2,
ONB001255,DUD101255,2022-07-02,2022-07-20,Rehire Onboarding,Online,18,Delayed,Passed,3,
ONB001256,DUD101256,2021-02-17,2021-03-02,Rehire Onboarding,Hybrid,13,Completed,Needs Improvement,1,
ONB001257,DUD101257,2021-04-15,,Standard Teacher Onboarding,In-person,13,Incomplete,Incomplete,,
ONB001258,DUD101258,2022-02-06,2022-02-18,Experienced Teacher Onboarding,Hybrid,12,Delayed,Passed,4,
ONB001259,DUD101259,2021-03-15,2021-03-22,Experienced Teacher Onboarding,Hybrid,7,Delayed,Needs Improvement,5,
ONB001260,DUD101260,2023-09-13,2023-10-04,Standard Teacher Onboarding,Online,21,Delayed,Passed,2,
ONB001261,DUD101261,2023-12-02,,Experienced Teacher Onboarding,In-person,17,Incomplete,Incomplete,,
ONB001262,DUD101262,2022-11-01,2022-11-20,Experienced Teacher Onboarding,Hybrid,19,Completed,Needs Improvement,5,
ONB001263,DUD101263,2021-03-17,2021-03-31,Experienced Teacher Onboarding,In-person,14,Completed,Satisfactory,2,
ONB001264,DUD101264,2022-06-15,2022-07-04,Experienced Teacher Onboarding,Online,19,Delayed,Needs Improvement,2,
ONB001265,DUD101265,2021-08-14,,Standard Teacher Onboarding,Hybrid,15,Incomplete,Incomplete,,
ONB001266,DUD101266,2021-12-25,2022-01-07,Standard Teacher Onboarding,Online,13,Delayed,Needs Improvement,5,
ONB001267,DUD101267,2022-06-10,2022-06-22,Experienced Teacher Onboarding,Online,12,Completed,Satisfactory,4,
ONB001268,DUD101268,2022-02-02,,Experienced Teacher Onboarding,In-person,8,Incomplete,Incomplete,,
ONB001269,DUD101269,2025-10-25,2025-11-06,Experienced Teacher Onboarding,Hybrid,12,Delayed,Passed,1,
ONB001270,DUD101270,2022-08-26,2022-09-16,Standard Teacher Onboarding,Hybrid,21,Delayed,Passed,5,
ONB001271,DUD101271,2025-12-28,,Rehire Onboarding,In-person,7,Incomplete,Incomplete,,
ONB001272,DUD101272,2022-12-21,2023-01-09,Rehire Onboarding,Online,19,Completed,Passed,4,
ONB001273,DUD101273,2022-10-11,2022-10-26,Rehire Onboarding,Hybrid,15,Completed,Passed,3,
ONB001274,DUD101274,2022-02-19,,Rehire Onboarding,Hybrid,13,Incomplete,Incomplete,,
ONB001275,DUD101275,2023-04-19,,Experienced Teacher Onboarding,In-person,11,Incomplete,Incomplete,,
ONB001276,DUD101276,2023-10-11,2023-10-18,Standard Teacher Onboarding,In-person,7,Completed,Passed,3,
ONB001277,DUD101277,2022-08-18,2022-09-04,Experienced Teacher Onboarding,In-person,17,Delayed,Passed,2,
ONB001278,DUD101278,2021-01-11,2021-01-28,Standard Teacher Onboarding,In-person,17,Completed,Needs Improvement,5,
ONB001279,DUD101279,2023-02-19,,Standard Teacher Onboarding,In-person,21,Incomplete,Incomplete,,
ONB001280,DUD101280,2022-05-25,2022-06-03,Rehire Onboarding,In-person,9,Completed,Passed,3,
ONB001281,DUD101281,2025-02-28,2025-03-20,Rehire Onboarding,In-person,20,Completed,Passed,1,
ONB001282,DUD101282,2022-08-08,2022-08-21,Experienced Teacher Onboarding,Online,13,Completed,Passed,4,
ONB001283,DUD101283,2023-08-03,2023-08-23,Rehire Onboarding,In-person,20,Completed,Passed,2,
ONB001284,DUD101284,2024-06-18,2024-07-02,Rehire Onboarding,Online,14,Delayed,Passed,5,
ONB001285,DUD101285,2021-01-29,2021-02-10,Standard Teacher Onboarding,Hybrid,12,Completed,Passed,5,
ONB001286,DUD101286,2021-06-21,2021-07-06,Rehire Onboarding,Hybrid,15,Completed,Needs Improvement,2,
ONB001287,DUD101287,2022-04-26,2022-05-16,Standard Teacher Onboarding,In-person,20,Delayed,Passed,5,
ONB001288,DUD101288,2023-01-13,2023-01-21,Standard Teacher Onboarding,Hybrid,8,Completed,Passed,5,
ONB001289,DUD101289,2021-03-24,2021-04-10,Rehire Onboarding,Online,17,Completed,Needs Improvement,4,
ONB001290,DUD101290,2026-05-26,2026-06-16,Standard Teacher Onboarding,In-person,21,Completed,Passed,2,
ONB001291,DUD101291,2022-06-05,2022-06-20,Standard Teacher Onboarding,Online,15,Delayed,Passed,5,
ONB001292,DUD101292,2024-10-03,,Experienced Teacher Onboarding,In-person,18,Incomplete,Incomplete,,
ONB001293,DUD101293,2025-10-06,2025-10-14,Experienced Teacher Onboarding,In-person,8,Delayed,Passed,3,
ONB001294,DUD101294,2025-01-15,2025-01-23,Standard Teacher Onboarding,Online,8,Delayed,Passed,5,
ONB001295,DUD101295,2024-05-27,2024-06-15,Standard Teacher Onboarding,Hybrid,19,Delayed,Passed,2,
ONB001296,DUD101296,2024-08-31,,Experienced Teacher Onboarding,Online,7,Incomplete,Incomplete,,
ONB001297,DUD101297,2022-03-16,2022-03-27,Experienced Teacher Onboarding,Hybrid,11,Completed,Needs Improvement,5,
ONB001298,DUD101298,2025-10-15,2025-10-27,Experienced Teacher Onboarding,Hybrid,12,Completed,Passed,2,
ONB001299,DUD101299,2025-07-09,2025-07-19,Experienced Teacher Onboarding,Hybrid,10,Completed,Passed,4,
ONB001300,DUD101300,2021-06-14,2021-07-03,Experienced Teacher Onboarding,Hybrid,19,Completed,Passed,3,
ONB001301,DUD101301,2024-11-29,2024-12-18,Rehire Onboarding,In-person,19,Completed,Passed,5,
ONB001302,DUD101302,2024-09-13,2024-10-04,Experienced Teacher Onboarding,In-person,21,Delayed,Needs Improvement,3,
ONB001303,DUD101303,2021-04-21,2021-05-07,Rehire Onboarding,Online,16,Completed,Needs Improvement,4,
ONB001304,DUD101304,2024-04-03,,Standard Teacher Onboarding,In-person,8,Incomplete,Incomplete,,
ONB001305,DUD101305,2025-01-01,,Rehire Onboarding,Online,19,Incomplete,Incomplete,,
ONB001306,DUD101306,2025-10-07,2025-10-15,Experienced Teacher Onboarding,Hybrid,8,Completed,Needs Improvement,1,
ONB001307,DUD101307,2023-10-13,2023-10-30,Experienced Teacher Onboarding,Online,17,Completed,Passed,2,
ONB001308,DUD101308,2022-02-21,2022-03-09,Experienced Teacher Onboarding,Hybrid,16,Completed,Satisfactory,2,
ONB001309,DUD101309,2021-04-02,,Rehire Onboarding,Hybrid,21,Incomplete,Incomplete,,
ONB001310,DUD101310,2025-01-15,,Rehire Onboarding,In-person,9,Incomplete,Incomplete,,
ONB001311,DUD101311,2021-10-08,2021-10-19,Experienced Teacher Onboarding,Online,11,Completed,Satisfactory,3,
ONB001312,DUD101312,2024-01-03,2024-01-11,Rehire Onboarding,Hybrid,8,Completed,Satisfactory,5,
ONB001313,DUD101313,2026-05-26,2026-06-08,Experienced Teacher Onboarding,In-person,13,Completed,Passed,1,
ONB001314,DUD101314,2023-08-22,2023-08-31,Rehire Onboarding,Online,9,Delayed,Needs Improvement,5,
ONB001315,DUD101315,2025-08-28,,Experienced Teacher Onboarding,Hybrid,8,Incomplete,Incomplete,,
ONB001316,DUD101316,2021-02-13,2021-03-03,Experienced Teacher Onboarding,Hybrid,18,Completed,Needs Improvement,1,
ONB001317,DUD101317,2021-09-09,,Experienced Teacher Onboarding,Online,11,Incomplete,Incomplete,,
ONB001318,DUD101318,2021-01-14,2021-01-30,Standard Teacher Onboarding,In-person,16,Completed,Passed,4,
ONB001319,DUD101319,2025-01-24,2025-02-06,Experienced Teacher Onboarding,Hybrid,13,Completed,Passed,1,
ONB001320,DUD101320,2023-12-13,,Standard Teacher Onboarding,Hybrid,20,Incomplete,Incomplete,,
ONB001321,DUD101321,2022-04-21,2022-05-10,Experienced Teacher Onboarding,Online,19,Completed,Passed,2,
ONB001322,DUD101322,2023-10-02,2023-10-12,Experienced Teacher Onboarding,In-person,10,Completed,Passed,1,
ONB001323,DUD101323,2022-05-26,2022-06-05,Standard Teacher Onboarding,In-person,10,Completed,Needs Improvement,1,
ONB001324,DUD101324,2021-12-23,2022-01-09,Experienced Teacher Onboarding,In-person,17,Completed,Needs Improvement,4,
ONB001325,DUD101325,2025-01-19,2025-02-09,Experienced Teacher Onboarding,Hybrid,21,Completed,Passed,2,
ONB001326,DUD101326,2023-07-14,,Experienced Teacher Onboarding,Online,8,Incomplete,Incomplete,,
ONB001327,DUD101327,2025-05-13,2025-05-20,Standard Teacher Onboarding,Online,7,Completed,Satisfactory,3,
ONB001328,DUD101328,2021-03-31,2021-04-19,Standard Teacher Onboarding,In-person,19,Completed,Satisfactory,5,
ONB001329,DUD101329,2025-07-15,,Experienced Teacher Onboarding,Hybrid,21,Incomplete,Incomplete,,
ONB001330,DUD101330,2025-08-15,2025-08-31,Standard Teacher Onboarding,Online,16,Completed,Passed,2,
ONB001331,DUD101331,2026-07-22,2026-08-09,Standard Teacher Onboarding,In-person,18,Completed,Passed,3,
ONB001332,DUD101332,2025-12-10,,Standard Teacher Onboarding,Online,15,Incomplete,Incomplete,,
ONB001333,DUD101333,2026-07-19,2026-08-08,Standard Teacher Onboarding,Hybrid,20,Delayed,Passed,2,
ONB001334,DUD101334,2022-01-25,2022-02-09,Experienced Teacher Onboarding,Online,15,Completed,Passed,3,
ONB001335,DUD101335,2026-03-20,2026-03-30,Experienced Teacher Onboarding,Hybrid,10,Completed,Satisfactory,1,
ONB001336,DUD101336,2023-11-23,2023-12-13,Standard Teacher Onboarding,Online,20,Delayed,Satisfactory,2,
ONB001337,DUD101337,2024-01-04,,Standard Teacher Onboarding,In-person,15,Incomplete,Incomplete,,
ONB001338,DUD101338,2023-04-25,2023-05-07,Rehire Onboarding,Online,12,Completed,Passed,1,
ONB001339,DUD101339,2023-10-13,2023-10-24,Standard Teacher Onboarding,Hybrid,11,Completed,Passed,4,
ONB001340,DUD101340,2021-01-13,2021-01-29,Rehire Onboarding,Online,16,Completed,Needs Improvement,3,
ONB001341,DUD101341,2023-04-23,2023-05-04,Rehire Onboarding,In-person,11,Delayed,Passed,2,
ONB001342,DUD101342,2024-03-08,2024-03-24,Rehire Onboarding,Online,16,Delayed,Passed,1,
ONB001343,DUD101343,2021-08-10,,Experienced Teacher Onboarding,Hybrid,15,Incomplete,Incomplete,,
ONB001344,DUD101344,2026-05-13,2026-05-31,Standard Teacher Onboarding,Online,18,Completed,Satisfactory,2,
ONB001345,DUD101345,2026-01-05,2026-01-13,Experienced Teacher Onboarding,Online,8,Completed,Needs Improvement,1,
ONB001346,DUD101346,2022-04-14,2022-04-28,Experienced Teacher Onboarding,Hybrid,14,Completed,Passed,4,
ONB001347,DUD101347,2023-05-05,2023-05-23,Experienced Teacher Onboarding,Online,18,Delayed,Satisfactory,5,
ONB001348,DUD101348,2024-01-31,2024-02-20,Rehire Onboarding,In-person,20,Completed,Needs Improvement,4,
ONB001349,DUD101349,2024-10-07,2024-10-22,Experienced Teacher Onboarding,In-person,15,Completed,Passed,4,
ONB001350,DUD101350,2022-09-26,2022-10-16,Rehire Onboarding,In-person,20,Completed,Passed,4,
ONB001351,DUD101351,2024-05-25,,Experienced Teacher Onboarding,Online,20,Incomplete,Incomplete,,
ONB001352,DUD101352,2025-05-08,2025-05-20,Experienced Teacher Onboarding,Hybrid,12,Delayed,Needs Improvement,4,
ONB001353,DUD101353,2026-01-25,2026-02-10,Rehire Onboarding,In-person,16,Delayed,Passed,4,
ONB001354,DUD101354,2026-05-07,2026-05-26,Rehire Onboarding,In-person,19,Delayed,Satisfactory,4,
ONB001355,DUD101355,2026-04-24,2026-05-02,Rehire Onboarding,Hybrid,8,Completed,Passed,2,
ONB001356,DUD101356,2022-06-30,2022-07-08,Rehire Onboarding,Hybrid,8,Completed,Satisfactory,3,
ONB001357,DUD101357,2026-07-05,2026-07-25,Rehire Onboarding,Online,20,Completed,Passed,4,
ONB001358,DUD101358,2022-10-23,2022-11-09,Rehire Onboarding,In-person,17,Completed,Passed,3,
ONB001359,DUD101359,2024-09-12,2024-09-22,Experienced Teacher Onboarding,Hybrid,10,Completed,Passed,4,
ONB001360,DUD101360,2025-11-18,2025-11-30,Standard Teacher Onboarding,Online,12,Completed,Needs Improvement,1,
ONB001361,DUD101361,2022-03-09,2022-03-26,Experienced Teacher Onboarding,Online,17,Completed,Needs Improvement,4,
ONB001362,DUD101362,2025-05-22,2025-06-01,Rehire Onboarding,In-person,10,Completed,Passed,2,
ONB001363,DUD101363,2024-07-19,2024-08-09,Experienced Teacher Onboarding,Online,21,Completed,Passed,4,
ONB001364,DUD101364,2023-05-31,2023-06-18,Experienced Teacher Onboarding,Hybrid,18,Completed,Satisfactory,5,
ONB001365,DUD101365,2023-08-25,2023-09-14,Standard Teacher Onboarding,Hybrid,20,Completed,Satisfactory,4,
ONB001366,DUD101366,2024-11-19,2024-12-04,Standard Teacher Onboarding,In-person,15,Completed,Needs Improvement,2,
ONB001367,DUD101367,2021-06-26,,Experienced Teacher Onboarding,Hybrid,8,Incomplete,Incomplete,,
ONB001368,DUD101368,2023-08-31,2023-09-08,Experienced Teacher Onboarding,In-person,8,Completed,Passed,5,
ONB001369,DUD101369,2022-12-16,2022-12-28,Standard Teacher Onboarding,In-person,12,Completed,Passed,3,
ONB001370,DUD101370,2021-02-15,2021-03-04,Standard Teacher Onboarding,Online,17,Completed,Passed,1,
ONB001371,DUD101371,2024-07-06,2024-07-17,Experienced Teacher Onboarding,Online,11,Delayed,Passed,2,
ONB001372,DUD101372,2021-06-03,2021-06-23,Standard Teacher Onboarding,Online,20,Delayed,Needs Improvement,4,
ONB001373,DUD101373,2024-06-30,2024-07-21,Standard Teacher Onboarding,In-person,21,Completed,Satisfactory,3,
ONB001374,DUD101374,2021-07-05,2021-07-17,Standard Teacher Onboarding,Online,12,Completed,Passed,2,
ONB001375,DUD101375,2022-02-12,2022-02-22,Rehire Onboarding,In-person,10,Completed,Needs Improvement,2,
ONB001376,DUD101376,2023-01-13,2023-01-27,Standard Teacher Onboarding,In-person,14,Completed,Passed,4,
ONB001377,DUD101377,2024-12-05,2024-12-18,Standard Teacher Onboarding,In-person,13,Delayed,Needs Improvement,2,
ONB001378,DUD101378,2025-11-08,,Standard Teacher Onboarding,In-person,7,Incomplete,Incomplete,,
ONB001379,DUD101379,2026-04-27,,Rehire Onboarding,Online,20,Incomplete,Incomplete,,
ONB001380,DUD101380,2026-05-03,2026-05-17,Rehire Onboarding,Hybrid,14,Completed,Needs Improvement,1,
ONB001381,DUD101381,2023-05-08,2023-05-24,Experienced Teacher Onboarding,In-person,16,Completed,Passed,5,
ONB001382,DUD101382,2022-07-17,2022-08-05,Standard Teacher Onboarding,Hybrid,19,Delayed,Needs Improvement,1,
ONB001383,DUD101383,2024-10-07,2024-10-19,Standard Teacher Onboarding,Hybrid,12,Delayed,Passed,5,
ONB001384,DUD101384,2022-02-25,2022-03-18,Rehire Onboarding,Online,21,Completed,Passed,2,
ONB001385,DUD101385,2023-09-22,2023-10-12,Experienced Teacher Onboarding,Online,20,Delayed,Passed,1,
ONB001386,DUD101386,2026-01-17,2026-01-26,Rehire Onboarding,Online,9,Delayed,Satisfactory,3,
ONB001387,DUD101387,2021-08-03,2021-08-24,Experienced Teacher Onboarding,In-person,21,Delayed,Needs Improvement,3,
ONB001388,DUD101388,2022-04-30,2022-05-10,Rehire Onboarding,In-person,10,Delayed,Satisfactory,4,
ONB001389,DUD101389,2025-04-21,,Experienced Teacher Onboarding,In-person,16,Incomplete,Incomplete,,
ONB001390,DUD101390,2025-06-09,2025-06-20,Standard Teacher Onboarding,In-person,11,Completed,Passed,2,
ONB001391,DUD101391,2023-02-01,,Rehire Onboarding,Hybrid,15,Incomplete,Incomplete,,
ONB001392,DUD101392,2025-08-26,2025-09-06,Standard Teacher Onboarding,Online,11,Completed,Needs Improvement,1,
ONB001393,DUD101393,2023-03-11,2023-03-26,Standard Teacher Onboarding,In-person,15,Completed,Needs Improvement,4,
ONB001394,DUD101394,2024-08-20,2024-08-29,Experienced Teacher Onboarding,In-person,9,Delayed,Passed,4,
ONB001395,DUD101395,2022-10-30,2022-11-16,Rehire Onboarding,In-person,17,Completed,Satisfactory,5,
ONB001396,DUD101396,2024-08-10,2024-08-20,Standard Teacher Onboarding,In-person,10,Completed,Passed,2,
ONB001397,DUD101397,2025-07-06,2025-07-14,Rehire Onboarding,In-person,8,Delayed,Passed,2,
ONB001398,DUD101398,2025-07-11,2025-07-26,Rehire Onboarding,Online,15,Completed,Satisfactory,3,
ONB001399,DUD101399,2021-05-03,2021-05-13,Experienced Teacher Onboarding,In-person,10,Completed,Passed,4,
ONB001400,DUD101400,2025-05-17,2025-06-04,Standard Teacher Onboarding,Hybrid,18,Completed,Passed,5,
ONB001401,DUD101401,2021-10-17,2021-10-24,Rehire Onboarding,In-person,7,Completed,Satisfactory,3,
ONB001402,DUD101402,2024-08-23,,Experienced Teacher Onboarding,In-person,18,Incomplete,Incomplete,,
ONB001403,DUD101403,2021-02-28,2021-03-15,Standard Teacher Onboarding,In-person,15,Completed,Passed,3,
ONB001404,DUD101404,2023-02-20,2023-03-01,Experienced Teacher Onboarding,Hybrid,9,Completed,Satisfactory,4,
ONB001405,DUD101405,2024-02-09,,Rehire Onboarding,Hybrid,12,Incomplete,Incomplete,,
ONB001406,DUD101406,2021-09-24,,Rehire Onboarding,Online,19,Incomplete,Incomplete,,
ONB001407,DUD101407,2023-08-02,2023-08-17,Experienced Teacher Onboarding,Hybrid,15,Completed,Passed,4,
ONB001408,DUD101408,2021-08-29,2021-09-11,Experienced Teacher Onboarding,In-person,13,Delayed,Satisfactory,4,
ONB001409,DUD101409,2023-02-21,,Rehire Onboarding,In-person,7,Incomplete,Incomplete,,
ONB001410,DUD101410,2025-07-02,2025-07-20,Standard Teacher Onboarding,In-person,18,Completed,Satisfactory,3,
ONB001411,DUD101411,2021-03-25,2021-04-04,Experienced Teacher Onboarding,In-person,10,Completed,Passed,4,
ONB001412,DUD101412,2021-12-26,2022-01-11,Rehire Onboarding,In-person,16,Completed,Needs Improvement,1,
ONB001413,DUD101413,2024-02-06,2024-02-17,Experienced Teacher Onboarding,Online,11,Completed,Passed,1,
ONB001414,DUD101414,2021-04-06,2021-04-22,Standard Teacher Onboarding,In-person,16,Completed,Passed,2,
ONB001415,DUD101415,2025-12-21,2026-01-09,Standard Teacher Onboarding,Online,19,Delayed,Passed,2,
ONB001416,DUD101416,2023-05-14,2023-05-31,Experienced Teacher Onboarding,Hybrid,17,Completed,Passed,3,
ONB001417,DUD101417,2023-07-08,2023-07-15,Rehire Onboarding,In-person,7,Delayed,Passed,4,
ONB001418,DUD101418,2022-08-07,2022-08-21,Experienced Teacher Onboarding,Hybrid,14,Delayed,Passed,3,
ONB001419,DUD101419,2026-07-14,2026-07-22,Experienced Teacher Onboarding,In-person,8,Completed,Passed,2,
ONB001420,DUD101420,2024-06-16,2024-07-07,Standard Teacher Onboarding,Hybrid,21,Delayed,Needs Improvement,4,
ONB001421,DUD101421,2023-05-31,2023-06-10,Standard Teacher Onboarding,Online,10,Completed,Passed,3,
ONB001422,DUD101422,2021-06-28,2021-07-10,Experienced Teacher Onboarding,In-person,12,Delayed,Passed,2,
ONB001423,DUD101423,2024-10-18,2024-11-01,Experienced Teacher Onboarding,Hybrid,14,Completed,Passed,2,
ONB001424,DUD101424,2022-10-26,2022-11-05,Rehire Onboarding,Online,10,Completed,Passed,3,
ONB001425,DUD101425,2022-11-12,,Experienced Teacher Onboarding,In-person,15,Incomplete,Incomplete,,
ONB001426,DUD101426,2026-03-01,2026-03-14,Experienced Teacher Onboarding,In-person,13,Delayed,Passed,1,
ONB001427,DUD101427,2025-10-31,2025-11-19,Rehire Onboarding,Hybrid,19,Completed,Satisfactory,3,
ONB001428,DUD101428,2023-11-20,2023-12-06,Experienced Teacher Onboarding,In-person,16,Completed,Passed,4,
ONB001429,DUD101429,2022-10-07,2022-10-28,Standard Teacher Onboarding,Online,21,Completed,Passed,1,
ONB001430,DUD101430,2024-03-12,2024-03-23,Rehire Onboarding,Hybrid,11,Delayed,Passed,2,
ONB001431,DUD101431,2026-03-05,,Standard Teacher Onboarding,Online,11,Incomplete,Incomplete,,
ONB001432,DUD101432,2023-09-16,2023-10-03,Experienced Teacher Onboarding,Online,17,Delayed,Passed,4,
ONB001433,DUD101433,2021-12-14,2021-12-22,Experienced Teacher Onboarding,Hybrid,8,Delayed,Satisfactory,1,
ONB001434,DUD101434,2023-07-08,2023-07-27,Rehire Onboarding,In-person,19,Completed,Needs Improvement,3,
ONB001435,DUD101435,2022-09-09,,Experienced Teacher Onboarding,In-person,9,Incomplete,Incomplete,,
ONB001436,DUD101436,2025-09-09,2025-09-28,Rehire Onboarding,In-person,19,Completed,Passed,2,
ONB001437,DUD101437,2021-07-12,2021-07-31,Standard Teacher Onboarding,Hybrid,19,Delayed,Passed,5,
ONB001438,DUD101438,2021-10-26,2021-11-12,Standard Teacher Onboarding,In-person,17,Completed,Needs Improvement,2,
ONB001439,DUD101439,2022-04-01,,Rehire Onboarding,Hybrid,8,Incomplete,Incomplete,,
ONB001440,DUD101440,2025-12-07,2025-12-18,Experienced Teacher Onboarding,Online,11,Delayed,Passed,3,
ONB001441,DUD101441,2025-05-23,,Rehire Onboarding,In-person,21,Incomplete,Incomplete,,
ONB001442,DUD101442,2024-05-16,2024-05-28,Rehire Onboarding,In-person,12,Completed,Passed,1,
ONB001443,DUD101443,2024-11-15,2024-11-22,Rehire Onboarding,Online,7,Completed,Passed,5,
ONB001444,DUD101444,2024-10-16,2024-10-24,Experienced Teacher Onboarding,Online,8,Completed,Passed,5,
ONB001445,DUD101445,2022-09-16,2022-09-23,Rehire Onboarding,Hybrid,7,Completed,Passed,4,
ONB001446,DUD101446,2022-10-31,2022-11-21,Rehire Onboarding,Hybrid,21,Completed,Passed,1,
ONB001447,DUD101447,2024-10-02,2024-10-17,Experienced Teacher Onboarding,In-person,15,Delayed,Passed,2,
ONB001448,DUD101448,2025-11-09,,Standard Teacher Onboarding,In-person,14,Incomplete,Incomplete,,
ONB001449,DUD101449,2025-10-26,,Standard Teacher Onboarding,Hybrid,11,Incomplete,Incomplete,,
ONB001450,DUD101450,2025-11-18,2025-11-25,Rehire Onboarding,In-person,7,Delayed,Passed,5,
ONB001451,DUD101451,2026-06-30,2026-07-11,Experienced Teacher Onboarding,In-person,11,Delayed,Satisfactory,1,
ONB001452,DUD101452,2023-12-10,2023-12-31,Standard Teacher Onboarding,Hybrid,21,Delayed,Passed,4,
ONB001453,DUD101453,2024-04-25,2024-05-12,Experienced Teacher Onboarding,Online,17,Completed,Passed,4,
ONB001454,DUD101454,2023-04-09,2023-04-29,Standard Teacher Onboarding,Hybrid,20,Completed,Passed,2,
ONB001455,DUD101455,2026-04-10,2026-04-27,Rehire Onboarding,In-person,17,Completed,Satisfactory,4,
ONB001456,DUD101456,2025-05-17,,Experienced Teacher Onboarding,In-person,11,Incomplete,Incomplete,,
ONB001457,DUD101457,2025-12-23,,Rehire Onboarding,In-person,11,Incomplete,Incomplete,,
ONB001458,DUD101458,2023-01-24,2023-02-06,Rehire Onboarding,In-person,13,Completed,Passed,1,
ONB001459,DUD101459,2023-02-14,2023-03-05,Standard Teacher Onboarding,In-person,19,Delayed,Needs Improvement,4,
ONB001460,DUD101460,2023-05-19,2023-06-04,Standard Teacher Onboarding,Online,16,Completed,Satisfactory,1,
ONB001461,DUD101461,2025-07-06,2025-07-27,Standard Teacher Onboarding,In-person,21,Completed,Passed,4,
ONB001462,DUD101462,2021-07-13,,Standard Teacher Onboarding,In-person,18,Incomplete,Incomplete,,
ONB001463,DUD101463,2021-11-21,2021-12-07,Rehire Onboarding,Online,16,Completed,Needs Improvement,3,
ONB001464,DUD101464,2023-05-19,2023-06-05,Experienced Teacher Onboarding,Hybrid,17,Delayed,Passed,2,
ONB001465,DUD101465,2023-10-16,2023-11-01,Rehire Onboarding,Hybrid,16,Delayed,Satisfactory,4,
ONB001466,DUD101466,2022-09-05,2022-09-14,Experienced Teacher Onboarding,In-person,9,Delayed,Needs Improvement,5,
ONB001467,DUD101467,2021-07-02,,Rehire Onboarding,Hybrid,12,Incomplete,Incomplete,,
ONB001468,DUD101468,2025-11-09,2025-11-18,Rehire Onboarding,In-person,9,Completed,Passed,2,
ONB001469,DUD101469,2021-12-24,,Experienced Teacher Onboarding,Online,20,Incomplete,Incomplete,,
ONB001470,DUD101470,2021-09-29,2021-10-20,Standard Teacher Onboarding,In-person,21,Delayed,Passed,2,
ONB001471,DUD101471,2026-03-07,2026-03-28,Standard Teacher Onboarding,In-person,21,Completed,Satisfactory,4,
ONB001472,DUD101472,2023-09-02,2023-09-20,Rehire Onboarding,Hybrid,18,Delayed,Satisfactory,4,
ONB001473,DUD101473,2021-08-22,,Experienced Teacher Onboarding,Online,11,Incomplete,Incomplete,,
ONB001474,DUD101474,2021-07-04,2021-07-20,Rehire Onboarding,In-person,16,Completed,Passed,3,
ONB001475,DUD101475,2023-08-12,2023-08-23,Rehire Onboarding,Online,11,Completed,Passed,3,
ONB001476,DUD101476,2026-06-28,2026-07-14,Standard Teacher Onboarding,Online,16,Completed,Satisfactory,4,
ONB001477,DUD101477,2021-09-03,2021-09-14,Rehire Onboarding,In-person,11,Delayed,Satisfactory,5,
ONB001478,DUD101478,2024-07-20,2024-08-03,Standard Teacher Onboarding,Hybrid,14,Delayed,Passed,2,
ONB001479,DUD101479,2021-10-04,2021-10-13,Standard Teacher Onboarding,Online,9,Delayed,Satisfactory,3,
ONB001480,DUD101480,2025-06-03,2025-06-13,Standard Teacher Onboarding,In-person,10,Completed,Passed,2,
ONB001481,DUD101481,2024-07-08,2024-07-22,Rehire Onboarding,Hybrid,14,Delayed,Needs Improvement,2,
ONB001482,DUD101482,2021-10-15,,Experienced Teacher Onboarding,Online,10,Incomplete,Incomplete,,
ONB001483,DUD101483,2024-09-28,2024-10-12,Standard Teacher Onboarding,Hybrid,14,Completed,Satisfactory,4,
ONB001484,DUD101484,2022-04-16,2022-04-23,Experienced Teacher Onboarding,Online,7,Delayed,Needs Improvement,4,
ONB001485,DUD101485,2022-12-20,2023-01-01,Rehire Onboarding,Online,12,Delayed,Passed,2,
ONB001486,DUD101486,2023-12-03,2023-12-13,Rehire Onboarding,Online,10,Completed,Passed,5,
ONB001487,DUD101487,2024-11-28,2024-12-13,Rehire Onboarding,Hybrid,15,Completed,Needs Improvement,1,
ONB001488,DUD101488,2021-01-07,,Standard Teacher Onboarding,In-person,18,Incomplete,Incomplete,,
ONB001489,DUD101489,2021-12-29,2022-01-12,Standard Teacher Onboarding,Hybrid,14,Completed,Passed,5,
ONB001490,DUD101490,2026-06-01,2026-06-13,Standard Teacher Onboarding,Online,12,Delayed,Passed,2,
ONB001491,DUD101491,2022-06-30,,Rehire Onboarding,In-person,19,Incomplete,Incomplete,,
ONB001492,DUD101492,2022-05-25,2022-06-05,Experienced Teacher Onboarding,Hybrid,11,Completed,Needs Improvement,4,
ONB001493,DUD101493,2026-04-24,2026-05-10,Standard Teacher Onboarding,Hybrid,16,Completed,Passed,4,
ONB001494,DUD101494,2024-03-10,2024-03-26,Rehire Onboarding,Hybrid,16,Completed,Passed,1,
ONB001495,DUD101495,2023-04-23,2023-05-03,Rehire Onboarding,Hybrid,10,Delayed,Needs Improvement,2,
ONB001496,DUD101496,2023-12-01,,Rehire Onboarding,Online,19,Incomplete,Incomplete,,
ONB001497,DUD101497,2021-03-19,,Rehire Onboarding,Online,11,Incomplete,Incomplete,,
ONB001498,DUD101498,2022-01-31,2022-02-14,Rehire Onboarding,Online,14,Completed,Needs Improvement,5,
ONB001499,DUD101499,2024-04-21,2024-05-10,Rehire Onboarding,In-person,19,Completed,Passed,3,
ONB001500,DUD101500,2024-04-22,2024-05-04,Standard Teacher Onboarding,In-person,12,Completed,Needs Improvement,2,
